dt,acc_x,acc_y,acc_z,gyro_x,gyro_y,gyro_z,fused_x,fused_y,fused_z,roll,pitch,yaw,pose_x,pose_y,pose_yaw
0.0121,-0.00415,-0.012207,1.30835,0.152893,0.017761,-0.14328,0.0,0.0,0.0,-0.08230195237717279,-0.1198061030573257,-0.0016458609936519403,0.013,-0.0,0.0227
0.0122,0.002686,-0.010498,1.313721,0.305481,0.231384,-0.051727,0.0,0.0,0.0,-0.11931153947048351,-0.2606795131443141,-0.0021622278015546582,0.013,-0.0,0.0227
0.0121,0.002441,-0.010986,1.310059,0.397034,0.078796,0.100861,0.0,0.0,0.0,-0.14837834454357246,-0.3611437878717054,-0.0007667536422749855,0.013,-0.0,0.0227
0.0123,-0.001709,-0.009277,1.312256,0.335999,0.261902,-0.02121,0.0,0.0,0.0,-0.15819879230737557,-0.40534781584029783,-0.0009488462101792121,0.013,-0.0,0.0227
0.0121,0.000977,-0.006348,1.30957,0.305481,0.292419,0.039825,0.0,0.0,0.0,-0.14761268599825425,-0.45601712575677994,-0.0005794940505208958,0.013,-0.0,0.0227
0.0114,0.002197,-0.010986,1.310303,-0.06073,0.383972,0.283966,0.0,0.0,0.0,-0.16871964437334971,-0.5022635685374904,0.002836313951611033,0.013,-0.0,0.0227
0.012,-0.001709,-0.014648,1.311523,0.305481,0.200867,0.161896,0.0,0.0,0.0,-0.20072705652166453,-0.5215595245466365,0.005184293088741127,0.013,-0.0,0.0227
0.0122,0.004883,-0.009277,1.311279,0.274963,0.109314,0.100861,0.0,0.0,0.0,-0.2023016670771193,-0.5692691076661388,0.006404322778646249,0.013,-0.0,0.0227
0.012,0.001953,-0.009521,1.306152,0.030823,0.200867,0.253448,0.0,0.0,0.0,-0.20728950083842154,-0.5962041935448866,0.009470303506027875,0.013,-0.0,0.0227
0.0122,-0.001953,-0.007812,1.312256,0.335999,-0.012756,-0.173798,0.0,0.0,0.0,-0.20108582179253648,-0.6055526787774012,0.007303557418834172,0.013,-0.0,0.0227
0.0125,-0.000732,-0.010254,1.311768,0.519104,0.292419,0.070343,0.0,0.0,0.0,-0.20240041080298185,-0.6147051280427066,0.008272807201404978,0.0,0.0,0.0
0.0111,-0.001465,-0.013428,1.306885,0.213928,-0.012756,0.375519,0.0,0.0,0.0,-0.2183307422671142,-0.6236354542248919,0.012722428100999356,0.0,0.0,0.0
0.0123,0.003662,-0.006836,1.307617,0.397034,0.048279,0.222931,0.0,0.0,0.0,-0.20793234768244026,-0.6478794799283728,0.015314715889550828,0.0,0.0,0.0
0.0122,-0.001465,-0.010498,1.311523,0.488586,0.139832,0.009308,0.0,0.0,0.0,-0.2088481763091389,-0.6521136927156964,0.015531210903819837,0.0,0.0,0.0
0.0116,0.000244,-0.007568,1.309814,0.427551,0.261902,0.192413,0.0,0.0,0.0,-0.2016199210764585,-0.6596946655321129,0.017687349389918585,0.0,0.0,0.0
0.0122,-0.000244,-0.008301,1.311768,0.183411,0.261902,-0.173798,0.0,0.0,0.0,-0.19946968723039674,-0.6647955359819157,0.015539695020585973,0.0,0.0,0.0
0.0122,-0.002441,-0.005615,1.313477,0.213928,0.353455,0.161896,0.0,0.0,0.0,-0.18984957078427592,-0.6622145905504166,0.01736535517781757,0.0,0.0,0.0
0.0122,0.000488,-0.008301,1.314209,0.183411,0.445007,0.039825,0.0,0.0,0.0,-0.18824369854897013,-0.6661463211348928,0.017827102706560974,0.0,0.0,0.0
0.0113,-0.000244,-0.00708,1.306885,0.122375,0.445007,0.039825,0.0,0.0,0.0,-0.18451716406892282,-0.6682882874530981,0.018202025718305342,0.0,0.0,0.0
0.0124,-0.000732,-0.01001,1.30542,0.366516,0.200867,0.009308,0.0,0.0,0.0,-0.1850102396077601,-0.671358774564032,0.018397025609733657,0.0,0.0,0.0
0.012,0.001221,-0.010498,1.309814,0.122375,0.41449,0.253448,0.0,0.0,0.0,-0.18934856191549196,-0.6760566129438437,0.021516260043009803,0.0,0.0,0.0
0.0115,-0.003906,-0.013672,1.312256,0.213928,0.017761,0.192413,0.0,0.0,0.0,-0.19929782920422442,-0.6734603464606858,0.023983328581582815,0.0,0.0,0.0
0.0123,-0.001221,-0.011475,1.312256,0.152893,-0.043274,0.131378,0.0,0.0,0.0,-0.20432421835697034,-0.677451672436019,0.025729160488512575,0.0,0.0,0.0
0.0117,-0.000977,-0.012451,1.312988,0.366516,0.353455,0.100861,0.0,0.0,0.0,-0.20859914121923395,-0.6771675668509897,0.02705470531619221,0.0,0.0,0.0
0.0122,-0.003662,-0.01001,1.313477,0.366516,0.200867,-0.14328,0.0,0.0,0.0,-0.2073938539870984,-0.6730758163509626,0.025370466600617425,0.0,0.0,0.0
0.012,-0.000244,-0.012207,1.312744,0.183411,0.292419,0.253448,0.0,0.0,0.0,-0.2125972467050046,-0.6747100609142495,0.028528419689544355,0.0,0.0,0.0
0.0122,-0.000488,-0.009766,1.3125,0.244446,0.231384,0.161896,0.0,0.0,0.0,-0.21209439944949532,-0.6763526502114824,0.030524798459587447,0.0,0.0,0.0
0.012,0.000977,-0.00415,1.308594,0.335999,-0.073792,0.100861,0.0,0.0,0.0,-0.20035358006435655,-0.6841376824558566,0.0315481465153501,0.0,0.0,0.0
0.0121,-0.001465,-0.01416,1.310547,0.458069,0.353455,0.100861,0.0,0.0,0.0,-0.2053554641442992,-0.6821446497930617,0.03296804906108887,0.0,0.0,0.0
0.0121,0.000488,-0.005615,1.311523,0.244446,0.200867,0.009308,0.0,0.0,0.0,-0.19777870574735565,-0.6852684966752416,0.03294879970816525,0.0,0.0,0.0
0.012,0.001465,-0.011963,1.307129,0.427551,0.383972,0.192413,0.0,0.0,0.0,-0.19908266384906012,-0.687751794204337,0.03535138280912842,0.0,0.0,0.0
0.0122,-0.002686,-0.007568,1.306641,0.366516,0.261902,-0.173798,0.0,0.0,0.0,-0.19361654627601776,-0.6846160949129323,0.03319829566326025,0.0,0.0,0.0
0.0121,0.001709,-0.006836,1.308838,0.366516,0.109314,0.131378,0.0,0.0,0.0,-0.18723790687986971,-0.6903162368114102,0.034708848167727756,0.0,0.0,0.0
0.011,-0.000977,-0.009521,1.312988,0.213928,0.292419,-0.14328,0.0,0.0,0.0,-0.18720468063640597,-0.6896298062105307,0.033164057030484646,0.0,0.0,0.0
0.0121,0.000732,-0.007324,1.312744,0.488586,0.292419,-0.112762,0.0,0.0,0.0,-0.18034580027788058,-0.6911707271885131,0.03174433573837572,0.0,0.0,0.0
0.0121,-0.002686,-0.008789,1.30957,0.213928,0.383972,0.070343,0.0,0.0,0.0,-0.17912523454343784,-0.6864773573435645,0.032612432487833604,0.0,0.0,0.0
0.0122,-0.00293,-0.008545,1.312256,0.183411,0.231384,-0.02121,0.0,0.0,0.0,-0.17787150251570133,-0.6832973310834441,0.0323690710811833,0.0,0.0,0.0
0.0121,0.001709,-0.009033,1.310059,0.335999,0.231384,0.192413,0.0,0.0,0.0,-0.1755761730909016,-0.68681114570978,0.03469996208850508,0.0,0.0,0.0
0.0121,-0.001221,-0.009521,1.308838,0.549622,0.231384,0.161896,0.0,0.0,0.0,-0.17145988735460377,-0.6860674990309437,0.036699496154241104,0.0,0.0,0.0
0.0125,0.001465,-0.008789,1.30957,0.274963,0.200867,0.131378,0.0,0.0,0.0,-0.1695269118188289,-0.6892246892325361,0.038341790958163674,0.0,0.0,0.0
0.0115,-0.001465,-0.01123,1.308105,0.274963,0.078796,0.131378,0.0,0.0,0.0,-0.17114092748224002,-0.6898782147059532,0.03995599995790498,0.0,0.0,0.0
0.0122,0.000732,-0.011719,1.311523,0.397034,0.445007,0.192413,0.0,0.0,0.0,-0.17161147914770267,-0.6888897549029197,0.042390443498958534,0.0,0.0,0.0
0.0122,0.000732,-0.008789,1.307861,0.427551,0.017761,-0.14328,0.0,0.0,0.0,-0.16782153332575878,-0.6930040030910666,0.0406520800496276,0.0,0.0,0.0
0.0117,0.001465,-0.009277,1.306396,0.274963,0.200867,0.131378,0.0,0.0,0.0,-0.16670592691306677,-0.6958010230189624,0.04220386397752898,0.0,0.0,0.0
0.0116,-0.001221,-0.009277,1.314209,0.244446,0.109314,-0.02121,0.0,0.0,0.0,-0.1658966758072727,-0.6960736936922333,0.04199588875081033,0.0,0.0,0.0
0.0121,0.006836,-0.005859,1.313477,0.335999,0.170349,0.100861,0.0,0.0,0.0,-0.15973765988933544,-0.7053222021853912,0.04308779069376504,0.0,0.0,0.0
0.0121,0.002441,-0.009521,1.305908,0.06134,0.139832,-0.204315,0.0,0.0,0.0,-0.1613598342867645,-0.7094331475326234,0.04063955047542621,0.0,0.0,0.0
0.0122,0.003906,-0.008301,1.307373,0.000305,0.261902,0.192413,0.0,0.0,0.0,-0.16224387897860648,-0.7135871360982942,0.04295632710643475,0.0,0.0,0.0
0.0118,-0.001709,-0.010986,1.308594,0.06134,0.078796,0.222931,0.0,0.0,0.0,-0.16550891327446637,-0.7132191192434983,0.045690059963959875,0.0,0.0,0.0
0.0123,-0.002197,-0.008301,1.311035,0.305481,0.322937,0.039825,0.0,0.0,0.0,-0.16257142537147962,-0.7092905295283444,0.046190675964959495,0.0,0.0,0.0
0.0119,0.003174,-0.004883,1.312012,0.519104,0.048279,0.039825,0.0,0.0,0.0,-0.15346495053959805,-0.7147925517583065,0.04654259655542006,0.0,0.0,0.0
0.0122,-0.000244,-0.009521,1.311523,0.274963,0.078796,0.100861,0.0,0.0,0.0,-0.15249670822874026,-0.7159393580996591,0.047823968144845144,0.0,0.0,0.0
0.0119,0.001709,-0.008789,1.308838,0.183411,0.261902,0.222931,0.0,0.0,0.0,-0.1518894654511549,-0.7170867689686443,0.050484760502317705,0.0,0.0,0.0
0.0123,0.000977,-0.009033,1.30542,0.427551,0.139832,0.131378,0.0,0.0,0.0,-0.14851926360609974,-0.7187817947556707,0.05212728011826752,0.0,0.0,0.0
0.0121,0.000488,-0.009277,1.307861,0.305481,0.383972,-0.02121,0.0,0.0,0.0,-0.14694956060150316,-0.7169804397637135,0.051900958682164655,0.0,0.0,0.0
0.011,-0.000244,-0.006592,1.317139,0.458069,0.383972,-0.02121,0.0,0.0,0.0,-0.14122546937198774,-0.7147093438205425,0.05162369903077947,0.0,0.0,0.0
0.013,-0.004883,-0.005127,1.30957,0.397034,0.139832,0.253448,0.0,0.0,0.0,-0.1340293357538987,-0.7100850719474538,0.05487307573627891,0.0,0.0,0.0
0.0111,0.002197,-0.009277,1.312988,0.213928,0.200867,-0.02121,0.0,0.0,0.0,-0.1339215796287836,-0.7123880694439588,0.05466785980566668,0.0,0.0,0.0
0.0121,-0.00293,-0.008545,1.305176,0.335999,0.322937,-0.02121,0.0,0.0,0.0,-0.13141263118343013,-0.7078487535959046,0.05445173315445426,0.0,0.0,0.0
0.0128,0.0,-0.006836,1.311768,0.213928,0.383972,0.070343,0.0,0.0,0.0,-0.12852259748629025,-0.7052699930921084,0.05532027168611026,0.0,0.0,0.0
0.0117,-0.002441,-0.006836,1.314941,0.06134,0.139832,0.253448,0.0,0.0,0.0,-0.12769043239369884,-0.7034878044224296,0.05827875677821023,0.0,0.0,0.0
0.0115,-0.002197,-0.008789,1.304932,0.213928,0.078796,0.192413,0.0,0.0,0.0,-0.12708349887851078,-0.7027895019245731,0.0605408132140301,0.0,0.0,0.0
0.0121,-0.000244,-0.009521,1.307861,0.397034,0.322937,-0.295868,0.0,0.0,0.0,-0.12479267611121111,-0.7010247006153122,0.057010552479668984,0.0,0.0,0.0
0.0123,0.00293,-0.007568,1.310303,0.427551,0.048279,0.192413,0.0,0.0,0.0,-0.1202642247609125,-0.705516740257886,0.05935974789183752,0.0,0.0,0.0
0.0121,-0.001221,-0.012207,1.307861,0.427551,0.261902,0.131378,0.0,0.0,0.0,-0.12027818086752404,-0.7034521410957383,0.061086820646113225,0.0,0.0,0.0
0.012,0.0,-0.010986,1.310791,0.366516,0.139832,0.161896,0.0,0.0,0.0,-0.1198473660278377,-0.703988633183908,0.06312484394018399,0.0,0.0,0.0
0.0118,-0.000977,-0.008057,1.307617,0.335999,0.200867,0.009308,0.0,0.0,0.0,-0.11708384755620092,-0.7029431371543763,0.06325433107853477,0.0,0.0,0.0
0.0123,0.002441,-0.010498,1.306152,0.213928,0.139832,0.253448,0.0,0.0,0.0,-0.1179509067611565,-0.7056939474813815,0.06643358582607439,0.0,0.0,0.0
0.0117,0.003174,-0.010742,1.310791,0.213928,0.048279,0.070343,0.0,0.0,0.0,-0.11907082781625793,-0.7101056073581019,0.06732092740701345,0.0,0.0,0.0
0.012,0.000244,-0.01123,1.316406,0.366516,0.048279,0.100861,0.0,0.0,0.0,-0.1186926338824193,-0.7116934376805418,0.06863337237200792,0.0,0.0,0.0
0.012,0.000977,-0.011719,1.311523,0.427551,0.231384,-0.204315,0.0,0.0,0.0,-0.11797490578524851,-0.7117835045265865,0.06628549939587469,0.0,0.0,0.0
0.0121,0.000488,-0.011475,1.312988,0.274963,0.231384,0.161896,0.0,0.0,0.0,-0.11883604264167365,-0.7113686467236047,0.06834431443614127,0.0,0.0,0.0
0.012,0.002441,-0.012207,1.308838,0.213928,0.231384,-0.02121,0.0,0.0,0.0,-0.1210281592116256,-0.7127200951776989,0.06818947358201866,0.0,0.0,0.0
0.0124,0.0,-0.011719,1.308594,0.427551,0.170349,-0.204315,0.0,0.0,0.0,-0.12000472749906466,-0.7125569619367507,0.06576652809305449,0.0,0.0,0.0
0.0119,-0.002441,-0.009033,1.313232,0.366516,0.017761,0.100861,0.0,0.0,0.0,-0.1176032978616067,-0.7121020425495463,0.06703125166931022,0.0,0.0,0.0
0.012,0.000977,-0.01001,1.318848,0.244446,0.292419,0.131378,0.0,0.0,0.0,-0.11744616565066608,-0.7112613130248502,0.0686564745083917,0.0,0.0,0.0
0.0112,-0.000244,-0.01123,1.307861,0.152893,0.139832,0.039825,0.0,0.0,0.0,-0.11952722761197256,-0.7114028007184227,0.0691995546470658,0.0,0.0,0.0
0.0128,0.0,-0.010254,1.312744,0.366516,0.048279,0.039825,0.0,0.0,0.0,-0.11777841599252901,-0.7126227354307662,0.06977901087729205,0.0,0.0,0.0
0.0122,0.001953,-0.009277,1.310059,0.549622,0.231384,0.253448,0.0,0.0,0.0,-0.11327562441166239,-0.7132874982130796,0.07289019807482143,0.0,0.0,0.0
0.0113,-0.001221,-0.00708,1.314697,0.06134,0.292419,0.100861,0.0,0.0,0.0,-0.11289664687382477,-0.7107777321414388,0.07402280260310562,0.0,0.0,0.0
0.0122,0.000488,-0.010742,1.312012,0.305481,0.231384,0.161896,0.0,0.0,0.0,-0.1125490905987935,-0.7101967363310431,0.07607204578935468,0.0,0.0,0.0
0.0123,0.00293,-0.009277,1.311279,0.06134,0.475525,0.070343,0.0,0.0,0.0,-0.11390791009989107,-0.7086250369832061,0.07693682986869045,0.0,0.0,0.0
0.0119,-0.000488,-0.010986,1.308105,0.366516,-0.043274,0.222931,0.0,0.0,0.0,-0.11309424954043198,-0.7105779446198954,0.0796874417509461,0.0,0.0,0.0
0.012,-0.001221,-0.009033,1.308105,0.366516,-0.012756,0.009308,0.0,0.0,0.0,-0.11062786745601715,-0.7115504319141289,0.07985190066502103,0.0,0.0,0.0
0.0122,-0.004395,-0.009277,1.312988,0.305481,0.292419,-0.051727,0.0,0.0,0.0,-0.10901843540332068,-0.7062670491983066,0.07930860757006422,0.0,0.0,0.0
0.012,-0.000977,-0.011475,1.312012,0.244446,0.322937,-0.051727,0.0,0.0,0.0,-0.10994481458253813,-0.7034815197392165,0.07879071871260149,0.0,0.0,0.0
0.0112,-0.001221,-0.011475,1.310791,0.366516,0.170349,0.070343,0.0,0.0,0.0,-0.10969633391512584,-0.7024822670811307,0.07968668862713518,0.0,0.0,0.0
0.0122,0.000977,-0.007568,1.313232,0.000305,0.292419,0.009308,0.0,0.0,0.0,-0.11040182273298643,-0.7015521192065781,0.07977592360839122,0.0,0.0,0.0
0.0122,-0.000488,-0.007568,1.306641,0.274963,0.109314,-0.02121,0.0,0.0,0.0,-0.1077958453273204,-0.7017419209981254,0.07951586565354309,0.0,0.0,0.0
0.0123,-0.001221,-0.008789,1.314453,0.335999,0.41449,0.222931,0.0,0.0,0.0,-0.10541887402548811,-0.6975709205556175,0.0822908066721211,0.0,0.0,0.0
0.0121,0.002686,-0.008545,1.310303,0.397034,0.109314,-0.204315,0.0,0.0,0.0,-0.10216196769328631,-0.7002232522563834,0.07980625309069625,0.0,0.0,0.0
0.0111,0.000977,-0.01001,1.308594,0.305481,0.048279,0.009308,0.0,0.0,0.0,-0.10148814393430707,-0.7022942457232991,0.07995827131418844,0.0,0.0,0.0
0.0121,-0.000244,-0.008057,1.310547,0.274963,0.322937,0.039825,0.0,0.0,0.0,-0.0993862040434445,-0.7000503863829759,0.08044771013970882,0.0,0.0,0.0
0.0121,0.001221,-0.007324,1.313232,0.274963,0.200867,0.039825,0.0,0.0,0.0,-0.0967481168003448,-0.7003665367601235,0.08090453694445958,0.0,0.0,0.0
0.0121,-0.001953,-0.010498,1.309814,0.244446,0.170349,0.070343,0.0,0.0,0.0,-0.09690266072837311,-0.6986736596506485,0.08185125329685297,0.0,0.0,0.0
0.0123,0.0,-0.009766,1.307861,0.427551,0.322937,0.039825,0.0,0.0,0.0,-0.09422296358633099,-0.696594453166899,0.08239025142476532,0.0,0.0,0.0
0.012,0.002686,-0.006836,1.30542,0.397034,0.170349,-0.204315,0.0,0.0,0.0,-0.08983670401752482,-0.6984657459759737,0.07988397079245325,0.0,0.0,0.0
0.0124,-0.000488,-0.009277,1.304199,0.244446,-0.073792,-0.173798,0.0,0.0,0.0,-0.08903856926814024,-0.70086533023701,0.07778310606967444,0.0,0.0,0.0
0.0111,0.000732,-0.00708,1.312988,0.458069,0.200867,0.192413,0.0,0.0,0.0,-0.08462538597006967,-0.700938666186441,0.07989923544033183,0.0,0.0,0.0
0.0124,-0.001465,-0.012695,1.312988,0.427551,0.078796,-0.02121,0.0,0.0,0.0,-0.08413148166011208,-0.7006357096461318,0.07978966706230695,0.0,0.0,0.0
0.012,-0.002441,-0.008545,1.304932,0.244446,0.41449,0.161896,0.0,0.0,0.0,-0.08298098212172442,-0.6957299089212322,0.08178462028697353,0.0,0.0,0.0
0.0123,0.000977,-0.006348,1.311279,0.397034,0.200867,0.253448,0.0,0.0,0.0,-0.07831866052262426,-0.6957925045364959,0.08486069813523289,0.0,0.0,0.0
0.012,-0.000732,-0.00708,1.306396,0.488586,0.292419,0.100861,0.0,0.0,0.0,-0.07326126119918991,-0.6936244376843259,0.08607037876061473,0.0,0.0,0.0
0.0113,0.000244,-0.007812,1.309326,0.183411,0.139832,-0.02121,0.0,0.0,0.0,-0.07251197543216226,-0.694062598545037,0.08583931647677191,0.0,0.0,0.0
0.012,0.001953,-0.010254,1.312256,0.488586,0.322937,0.039825,0.0,0.0,0.0,-0.06977373771696412,-0.6934177995206381,0.08636397959721155,0.0,0.0,0.0
0.0121,-0.000732,-0.010254,1.310791,0.305481,0.200867,0.070343,0.0,0.0,0.0,-0.06920554084275453,-0.692293849219309,0.08729782713106275,0.0,0.0,0.0
0.0121,-0.000977,-0.010254,1.31543,0.305481,0.109314,-0.082245,0.0,0.0,0.0,-0.06859599779794981,-0.6920660152953874,0.08638935615509782,0.0,0.0,0.0
0.0125,-0.001465,-0.011719,1.312256,0.397034,0.353455,0.100861,0.0,0.0,0.0,-0.0678045638515824,-0.688457846004952,0.08777483296568601,0.0,0.0,0.0
0.0122,-0.001709,-0.01123,1.30957,0.244446,0.200867,0.192413,0.0,0.0,0.0,-0.06864124874996372,-0.6866807535355595,0.09023837298165788,0.0,0.0,0.0
0.0112,-0.002686,-0.009766,1.311279,0.366516,0.078796,-0.112762,0.0,0.0,0.0,-0.067264720361078,-0.6857777409680521,0.08906986859499709,0.0,0.0,0.0
0.0121,-0.000244,-0.008789,1.313721,0.213928,0.231384,0.070343,0.0,0.0,0.0,-0.0667299998877869,-0.6846761980525227,0.0899544620783732,0.0,0.0,0.0
0.0125,0.004639,-0.01001,1.307861,0.488586,0.200867,0.100861,0.0,0.0,0.0,-0.06359037432534118,-0.6873219941782728,0.09121114706926654,0.0,0.0,0.0
0.0112,0.001953,-0.009033,1.301514,0.335999,0.109314,-0.02121,0.0,0.0,0.0,-0.062108925841177866,-0.6893737657701159,0.09098611060110805,0.0,0.0,0.0
0.0123,0.001221,-0.010742,1.312012,0.244446,0.109314,0.009308,0.0,0.0,0.0,-0.06254540250997098,-0.6906722583271081,0.09116754208271904,0.0,0.0,0.0
0.0126,-0.000244,-0.010742,1.311523,0.305481,0.231384,0.161896,0.0,0.0,0.0,-0.06215979729009236,-0.6893895624218283,0.09329360620763973,0.0,0.0,0.0
0.0132,0.001221,-0.010986,1.310059,0.122375,0.322937,-0.14328,0.0,0.0,0.0,-0.06410532225035627,-0.6878127941322368,0.09146886854988544,0.0,0.0,0.0
0.0102,0.001221,-0.010254,1.311035,0.335999,0.231384,-0.14328,0.0,0.0,0.0,-0.06371778783289755,-0.6881100944873174,0.0900573917097054,0.0,0.0,0.0
0.0122,-0.001709,-0.010498,1.314697,0.335999,-0.195862,-0.051727,0.0,0.0,0.0,-0.06282711999952915,-0.6910645534268053,0.08953380300148538,0.0,0.0,0.0
0.0122,-0.000488,-0.011963,1.311279,0.183411,0.322937,0.192413,0.0,0.0,0.0,-0.06481770273247418,-0.6885792077850214,0.09199696901123991,0.0,0.0,0.0
0.0114,0.003174,-0.010986,1.317383,0.366516,0.170349,0.039825,0.0,0.0,0.0,-0.06414641799341313,-0.6905146171999385,0.09248675282658243,0.0,0.0,0.0
0.0126,0.001709,-0.01001,1.314697,0.335999,0.109314,-0.082245,0.0,0.0,0.0,-0.06275446768648563,-0.6920154986486707,0.09148658092995085,0.0,0.0,0.0
0.0118,0.003418,-0.007812,1.308594,0.366516,0.200867,0.131378,0.0,0.0,0.0,-0.05984454274625217,-0.6937085133294901,0.09298957883408134,0.0,0.0,0.0
0.0125,0.001465,-0.01123,1.310547,0.183411,0.109314,0.039825,0.0,0.0,0.0,-0.061255019926764645,-0.6950359106145099,0.0935613337512961,0.0,0.0,0.0
0.0114,-0.001221,-0.009277,1.308105,0.305481,0.200867,0.009308,0.0,0.0,0.0,-0.060152855616734745,-0.6936440747298946,0.09373367040532879,0.0,0.0,0.0
0.0119,-0.00293,-0.013672,1.310303,0.335999,0.078796,0.100861,0.0,0.0,0.0,-0.06148805034283259,-0.6924469278644415,0.09514115242137232,0.0,0.0,0.0
0.0126,0.000732,-0.010986,1.310059,0.122375,0.200867,-0.112762,0.0,0.0,0.0,-0.06340468817514855,-0.6921328494445496,0.093792335737882,0.0,0.0,0.0
0.0116,-0.002686,-0.011963,1.311035,0.213928,0.170349,0.039825,0.0,0.0,0.0,-0.06502610664449031,-0.6900863293305927,0.09440875178432716,0.0,0.0,0.0
0.012,-0.002197,-0.010986,1.310791,0.366516,0.139832,-0.082245,0.0,0.0,0.0,-0.06406032124331708,-0.6886850831310082,0.09354183390086769,0.0,0.0,0.0
0.0124,0.001221,-0.008545,1.314209,0.213928,0.353455,-0.02121,0.0,0.0,0.0,-0.06321347629694139,-0.6868548387594473,0.09327364242161021,0.0,0.0,0.0
0.012,-0.000488,-0.007812,1.320068,0.335999,0.475525,-0.051727,0.0,0.0,0.0,-0.060513901369722525,-0.6825669315213931,0.09265915808204228,0.0,0.0,0.0
0.0119,0.0,-0.010254,1.306396,0.244446,0.078796,0.070343,0.0,0.0,0.0,-0.06060050177785877,-0.6834576130339558,0.0935584412913564,0.0,0.0,0.0
0.0119,0.001709,-0.009766,1.314941,0.274963,0.017761,-0.082245,0.0,0.0,0.0,-0.05995539179733383,-0.6861049988986143,0.09260165231171374,0.0,0.0,0.0
0.0153,0.006348,-0.009277,1.311279,0.335999,0.231384,-0.082245,0.0,0.0,0.0,-0.05716414830739595,-0.6885191252899159,0.09126805745065328,0.0,0.0,0.0
0.0091,0.001709,-0.008545,1.314697,0.183411,0.261902,0.253448,0.0,0.0,0.0,-0.057379482720249904,-0.6889502897953271,0.09356725917482989,0.0,0.0,0.0
0.0111,-0.002197,-0.008301,1.309082,0.122375,0.109314,0.253448,0.0,0.0,0.0,-0.057750306998843495,-0.6880229427592905,0.09643785462192124,0.0,0.0,0.0
0.0124,0.001221,-0.006592,1.30835,0.335999,0.109314,0.100861,0.0,0.0,0.0,-0.05420887174127004,-0.6891955754291569,0.09764145707911177,0.0,0.0,0.0
0.0124,-0.00293,-0.006104,1.312012,0.244446,0.41449,0.131378,0.0,0.0,0.0,-0.051514251431990773,-0.6838907061452751,0.09928277192567775,0.0,0.0,0.0
0.0111,0.000244,-0.008301,1.312012,0.183411,0.139832,0.253448,0.0,0.0,0.0,-0.0512659560882648,-0.6842430344000359,0.10211099161631045,0.0,0.0,0.0
0.0121,-0.003418,-0.009033,1.3125,0.274963,0.200867,-0.112762,0.0,0.0,0.0,-0.050162124157657646,-0.6813606486308663,0.10084363772639958,0.0,0.0,0.0
0.0119,0.001953,-0.007812,1.307861,0.244446,0.231384,-0.204315,0.0,0.0,0.0,-0.048689122076216215,-0.6816838278883465,0.09838180201331184,0.0,0.0,0.0
0.0137,0.000488,-0.009033,1.307129,0.274963,0.109314,0.161896,0.0,0.0,0.0,-0.047230198099551576,-0.6823037058304742,0.10062908691988157,0.0,0.0,0.0
0.0112,-0.000732,-0.005615,1.311523,0.06134,0.231384,0.009308,0.0,0.0,0.0,-0.04659814035017389,-0.6810127266325944,0.10069745653089028,0.0,0.0,0.0
0.0111,0.004639,-0.011719,1.314453,0.091858,0.292419,0.070343,0.0,0.0,0.0,-0.049544920842374905,-0.6824929063150647,0.10150040520282212,0.0,0.0,0.0
0.0123,-0.00293,-0.011719,1.307373,0.397034,0.353455,-0.051727,0.0,0.0,0.0,-0.048640267345737793,-0.6780814035254678,0.10101986379700889,0.0,0.0,0.0
0.0126,-0.000732,-0.005859,1.313477,0.366516,-0.012756,0.131378,0.0,0.0,0.0,-0.04427823974066409,-0.6795373235453345,0.10264804560419719,0.0,0.0,0.0
0.012,-0.000977,-0.013428,1.316162,0.335999,0.261902,0.161896,0.0,0.0,0.0,-0.045348312908837674,-0.6775373137879585,0.10475547552142254,0.0,0.0,0.0
0.0121,0.000488,-0.009521,1.30542,-0.06073,0.139832,0.039825,0.0,0.0,0.0,-0.048644040923577284,-0.6779998730848905,0.10527400192753257,0.0,0.0,0.0
0.0113,0.000488,-0.01001,1.317383,0.335999,0.475525,-0.02121,0.0,0.0,0.0,-0.047686945172203676,-0.6747230261212182,0.10508066155006617,0.0,0.0,0.0
0.0122,-0.001709,-0.006592,1.315918,0.213928,0.048279,0.039825,0.0,0.0,0.0,-0.04576651216049752,-0.6748338374589684,0.10557251552549897,0.0,0.0,0.0
0.0118,-0.000732,-0.008301,1.307129,0.397034,0.231384,-0.051727,0.0,0.0,0.0,-0.04289282255866793,-0.6735012519806717,0.10499067706038051,0.0,0.0,0.0
0.0122,0.0,-0.010498,1.313232,0.122375,0.139832,0.192413,0.0,0.0,0.0,-0.04461253428504271,-0.6736126142917227,0.10740889454211079,0.0,0.0,0.0
0.0123,0.001465,-0.010498,1.310303,0.397034,0.078796,-0.02121,0.0,0.0,0.0,-0.042934590535230334,-0.675395546942451,0.10719224530618737,0.0,0.0,0.0
0.0112,0.001465,-0.003906,1.30957,0.305481,0.109314,-0.082245,0.0,0.0,0.0,-0.03855987467792165,-0.6769020250764292,0.1061510714620723,0.0,0.0,0.0
0.0123,0.002197,-0.009033,1.311035,0.366516,0.200867,0.161896,0.0,0.0,0.0,-0.03641298755399673,-0.6776043214417219,0.10814090725564991,0.0,0.0,0.0
0.0123,-0.001953,-0.007568,1.305176,0.305481,0.261902,0.070343,0.0,0.0,0.0,-0.03410638889084597,-0.6749877921800653,0.10904431758705907,0.0,0.0,0.0
0.0123,0.0,-0.008545,1.310059,0.397034,0.41449,-0.082245,0.0,0.0,0.0,-0.03129437908802232,-0.6717393478181974,0.10805849792121967,0.0,0.0,0.0
0.0114,-0.000977,-0.008301,1.312256,0.397034,0.139832,0.070343,0.0,0.0,0.0,-0.028726713948595085,-0.6713612086451409,0.10890171816118668,0.0,0.0,0.0
0.012,-0.000977,-0.010742,1.319336,0.213928,0.322937,0.192413,0.0,0.0,0.0,-0.029640644496739775,-0.6686835164187228,0.11131155081879203,0.0,0.0,0.0
0.0123,-0.000732,-0.008789,1.314453,0.244446,0.109314,0.009308,0.0,0.0,0.0,-0.02888094651275058,-0.6687215917416519,0.11147344242322568,0.0,0.0,0.0
0.0124,0.001465,-0.006592,1.306885,0.213928,0.200867,-0.051727,0.0,0.0,0.0,-0.027111407496687754,-0.6690478460233408,0.11078096907453874,0.0,0.0,0.0
0.0114,0.000244,-0.008301,1.307373,0.458069,0.078796,0.039825,0.0,0.0,0.0,-0.02389568553472332,-0.6701743863174291,0.11125403289904524,0.0,0.0,0.0
0.0123,-0.001953,-0.009766,1.315918,0.244446,0.170349,0.039825,0.0,0.0,0.0,-0.023796614599765138,-0.6686834239386201,0.11184197788779773,0.0,0.0,0.0
0.0122,-0.001465,-0.010498,1.314209,0.274963,0.170349,0.161896,0.0,0.0,0.0,-0.023825766674023287,-0.6675373196290941,0.1139229959042971,0.0,0.0,0.0
0.0121,-0.002686,-0.010742,1.313965,0.213928,0.048279,0.100861,0.0,0.0,0.0,-0.024751076841044658,-0.6671275283896452,0.11527818446870207,0.0,0.0,0.0
0.0114,-0.00293,-0.007324,1.309082,0.244446,0.506042,0.131378,0.0,0.0,0.0,-0.023363532854589735,-0.6614698599198212,0.11682510567251558,0.0,0.0,0.0
0.0122,-0.002686,-0.009521,1.304688,0.244446,0.322937,-0.112762,0.0,0.0,0.0,-0.023132637302927143,-0.6578618164198092,0.11554661718736524,0.0,0.0,0.0
0.0124,0.000977,-0.009766,1.307861,0.152893,0.261902,-0.051727,0.0,0.0,0.0,-0.02412984159129678,-0.6572258522494773,0.1149351927095834,0.0,0.0,0.0
0.0111,-0.000488,-0.009766,1.311768,0.488586,0.200867,0.039825,0.0,0.0,0.0,-0.021622842785851755,-0.6566659327161661,0.11543818102043055,0.0,0.0,0.0
0.0121,-0.001465,-0.007568,1.306641,0.091858,0.200867,0.009308,0.0,0.0,0.0,-0.02205718340920639,-0.6553428680981903,0.11557537731576303,0.0,0.0,0.0
0.0123,-0.000244,-0.008057,1.311768,0.122375,0.475525,0.009308,0.0,0.0,0.0,-0.02238983145136248,-0.6513705737553815,0.1156997546578557,0.0,0.0,0.0
0.0122,0.0,-0.010254,1.310059,0.274963,0.078796,0.161896,0.0,0.0,0.0,-0.02226205704347857,-0.652436359753863,0.11773598865161732,0.0,0.0,0.0
0.0123,-0.001709,-0.009521,1.310547,0.335999,0.170349,-0.02121,0.0,0.0,0.0,-0.02088760347168861,-0.6513154318384681,0.11755204817399154,0.0,0.0,0.0
0.0112,0.003174,-0.007568,1.306396,0.305481,0.200867,-0.082245,0.0,0.0,0.0,-0.019027351298875717,-0.6530774007727125,0.1165609098271515,0.0,0.0,0.0
0.0124,-0.001221,-0.01123,1.319092,0.183411,0.231384,0.253448,0.0,0.0,0.0,-0.020577632616659524,-0.6514256287641267,0.11981488361347108,0.0,0.0,0.0
0.0123,-0.000977,-0.007812,1.309326,0.427551,0.078796,0.070343,0.0,0.0,0.0,-0.01706741175573369,-0.6518812747431659,0.12070219851585985,0.0,0.0,0.0
0.0112,0.000244,-0.010986,1.309082,0.213928,0.078796,-0.02121,0.0,0.0,0.0,-0.018351101156387932,-0.6531640785572635,0.12054003588308419,0.0,0.0,0.0
0.0121,-0.001465,-0.009521,1.31665,0.488586,0.231384,0.009308,0.0,0.0,0.0,-0.015232543429022935,-0.6514431224963887,0.12072788793069415,0.0,0.0,0.0
0.0126,-0.005371,-0.008545,1.313965,0.397034,0.139832,0.039825,0.0,0.0,0.0,-0.012463847289379342,-0.6484065374111143,0.12136171437231062,0.0,0.0,0.0
0.0121,0.000732,-0.007324,1.307373,0.244446,0.200867,-0.051727,0.0,0.0,0.0,-0.010999221632352734,-0.6485015737844524,0.12070887510963757,0.0,0.0,0.0
0.0113,-0.001465,-0.010986,1.307129,0.397034,0.322937,0.039825,0.0,0.0,0.0,-0.010281142832205773,-0.6460480409540451,0.12126729126983093,0.0,0.0,0.0
0.0123,0.001221,-0.008545,1.313232,0.458069,0.109314,0.039825,0.0,0.0,0.0,-0.0069353877748314485,-0.6474913240752901,0.12175183469608958,0.0,0.0,0.0
0.0123,-0.002197,-0.009521,1.316162,0.244446,0.048279,-0.02121,0.0,0.0,0.0,-0.006801224384626362,-0.6475701468086285,0.12158265161529759,0.0,0.0,0.0
0.0123,0.001709,-0.008057,1.312012,0.335999,0.200867,-0.02121,0.0,0.0,0.0,-0.004674222234436068,-0.6481860374608502,0.12129446173340022,0.0,0.0,0.0
0.0114,0.006104,-0.008789,1.310059,0.274963,0.445007,0.039825,0.0,0.0,0.0,-0.004009055037430675,-0.6488971990976654,0.12164603774687298,0.0,0.0,0.0
0.0126,0.0,-0.00415,1.315186,0.213928,0.078796,0.131378,0.0,0.0,0.0,-0.000985535457085734,-0.6498961269000895,0.1232176966550274,0.0,0.0,0.0
0.0114,-0.000488,-0.009033,1.316895,0.305481,0.200867,-0.051727,0.0,0.0,0.0,-0.0001345784667360767,-0.6492942221079516,0.12267847681255802,0.0,0.0,0.0
0.0122,-0.002686,-0.009277,1.316895,0.488586,0.41449,0.009308,0.0,0.0,0.0,0.0030050900297179674,-0.6446371502501583,0.12289455456716905,0.0,0.0,0.0
0.0122,0.000732,-0.009033,1.307373,0.458069,0.353455,0.192413,0.0,0.0,0.0,0.0058469767428173,-0.6428936045739565,0.12526416206215882,0.0,0.0,0.0
0.0122,0.002441,-0.012207,1.3125,0.305481,0.41449,0.009308,0.0,0.0,0.0,0.004936758300348728,-0.641427367061001,0.1254428147203931,0.0,0.0,0.0
0.0118,0.000732,-0.007812,1.307617,0.183411,0.322937,-0.02121,0.0,0.0,0.0,0.0051431863733353705,-0.6402079462716858,0.12518175453849814,0.0,0.0,0.0
0.0117,-0.003418,-0.005859,1.3125,0.274963,0.383972,-0.082245,0.0,0.0,0.0,0.0075826643272220665,-0.6357875040087679,0.12425026573365468,0.0,0.0,0.0
0.0118,-0.000488,-0.013916,1.3125,0.427551,0.170349,-0.204315,0.0,0.0,0.0,0.0069729373385862365,-0.6356372573977631,0.12200866118425932,0.0,0.0,0.0
0.0122,0.000244,-0.01001,1.312012,0.274963,0.292419,0.131378,0.0,0.0,0.0,0.007003641649618695,-0.6343898335455385,0.12366472492440796,0.0,0.0,0.0
0.0124,-0.001709,-0.007324,1.310791,0.244446,0.292419,-0.02121,0.0,0.0,0.0,0.00834928732423824,-0.6319283761547483,0.12342971169314693,0.0,0.0,0.0
0.0114,-0.001709,-0.012451,1.317383,0.244446,0.53656,0.100861,0.0,0.0,0.0,0.0063668115173427745,-0.6269903631880784,0.12473458644120386,0.0,0.0,0.0
0.0123,-0.001953,-0.009277,1.309814,0.091858,0.109314,0.100861,0.0,0.0,0.0,0.004649085870905622,-0.6267233235967902,0.12605248178327288,0.0,0.0,0.0
0.0121,0.0,-0.010742,1.306396,0.366516,0.353455,0.222931,0.0,0.0,0.0,0.005314618558624388,-0.6247568631527328,0.12881818557217828,0.0,0.0,0.0
0.0124,0.000244,-0.010254,1.315918,0.244446,0.109314,-0.051727,0.0,0.0,0.0,0.0049387065054690305,-0.6257819153578885,0.12822806747413945,0.0,0.0,0.0
0.0115,-0.002441,-0.006348,1.309326,0.091858,-0.104309,0.070343,0.0,0.0,0.0,0.0049321153629593014,-0.6277508110732407,0.12905144677321784,0.0,0.0,0.0
0.0121,0.002197,-0.006836,1.310547,0.06134,0.200867,0.283966,0.0,0.0,0.0,0.004294930545920525,-0.6288832716797786,0.13240786003287908,0.0,0.0,0.0
0.0122,0.001465,-0.009521,1.311279,0.366516,0.109314,0.161896,0.0,0.0,0.0,0.005761618904278075,-0.6306443827726191,0.13439096385632068,0.0,0.0,0.0
0.0115,0.001221,-0.010498,1.306152,0.183411,0.322937,0.161896,0.0,0.0,0.0,0.0042827400521015645,-0.6299198406095669,0.13628999110284307,0.0,0.0,0.0
0.0125,0.000977,-0.008789,1.30957,0.06134,0.109314,0.253448,0.0,0.0,0.0,0.0025098533586866956,-0.6313537148360558,0.13945715463824623,0.0,0.0,0.0
0.012,0.000488,-0.009766,1.311768,0.244446,0.048279,0.039825,0.0,0.0,0.0,0.0023498417771725616,-0.6332410300625306,0.13997221272906682,0.0,0.0,0.0
0.0116,-0.001465,-0.009033,1.313232,0.305481,0.139832,0.039825,0.0,0.0,0.0,0.0032399345464443545,-0.6328974554761597,0.1404987586794748,0.0,0.0,0.0
0.0125,0.000977,-0.006836,1.309082,0.244446,0.383972,0.222931,0.0,0.0,0.0,0.004918844805961384,-0.6309014428788221,0.14323419151749361,0.0,0.0,0.0
0.0117,0.003662,-0.009277,1.311768,0.152893,0.109314,0.070343,0.0,0.0,0.0,0.003895052583746016,-0.633991291893068,0.14400838235417296,0.0,0.0,0.0
0.0115,-0.001221,-0.012451,1.311279,0.213928,0.41449,0.100861,0.0,0.0,0.0,0.001652704213983242,-0.6306850341769157,0.14531744087841722,0.0,0.0,0.0
0.012,0.000977,-0.006348,1.312744,0.152893,0.322937,0.283966,0.0,0.0,0.0,0.0024319689023666363,-0.6295922976191808,0.14865920602478572,0.0,0.0,0.0
0.0121,-0.000977,-0.004883,1.311035,0.122375,0.170349,0.100861,0.0,0.0,0.0,0.0037486580461885957,-0.6291518360273509,0.14982220078666625,0.0,0.0,0.0
0.0123,-0.001221,-0.009766,1.311768,0.274963,0.261902,0.070343,0.0,0.0,0.0,0.004027885263498938,-0.6274204808137097,0.15076560697980346,0.0,0.0,0.0
0.0124,0.001221,-0.006836,1.3125,0.488586,0.445007,0.100861,0.0,0.0,0.0,0.008693523879647124,-0.6248842927276059,0.15195994728625045,0.0,0.0,0.0
0.0114,-0.005127,-0.01123,1.307129,0.610657,0.200867,0.161896,0.0,0.0,0.0,0.01157034976593208,-0.621815546736491,0.15401681465666595,0.0,0.0,0.0
0.0123,0.001221,-0.007568,1.311768,0.183411,0.322937,0.283966,0.0,0.0,0.0,0.011935612207973179,-0.6208706470667043,0.1574710396359248,0.0,0.0,0.0
0.0115,-0.000488,-0.004883,1.310059,0.244446,0.170349,0.070343,0.0,0.0,0.0,0.014472543371637288,-0.6209173533183954,0.15821221435140992,0.0,0.0,0.0
0.0123,-0.002441,-0.006836,1.310791,0.274963,0.322937,0.161896,0.0,0.0,0.0,0.016373541002650493,-0.6178068381965521,0.16023507117217112,0.0,0.0,0.0
0.0126,0.000732,-0.009521,1.310059,0.397034,0.292419,0.192413,0.0,0.0,0.0,0.018253169115497143,-0.6169096989550923,0.16268689348129967,0.0,0.0,0.0
0.0112,0.003418,-0.010742,1.302002,0.458069,0.139832,0.131378,0.0,0.0,0.0,0.019507051973527097,-0.619777396549482,0.16415361678487095,0.0,0.0,0.0
0.0122,-0.002197,-0.013184,1.306152,0.274963,0.53656,0.100861,0.0,0.0,0.0,0.017549448872251062,-0.6143061033068501,0.1655803911673767,0.0,0.0,0.0
0.0121,0.000977,-0.013184,1.316162,0.122375,0.078796,0.161896,0.0,0.0,0.0,0.013790813306480725,-0.61624574017697,0.167654446332711,0.0,0.0,0.0
0.0124,-0.00415,-0.010498,1.313721,0.458069,0.078796,-0.082245,0.0,0.0,0.0,0.015839236635494858,-0.6151183110164171,0.16680439660715196,0.0,0.0,0.0
0.0114,0.000244,-0.006836,1.312744,0.549622,-0.104309,0.314484,0.0,0.0,0.0,0.020567631897757812,-0.6187538775391904,0.1703537470290374,0.0,0.0,0.0
0.0124,0.0,-0.012695,1.310303,0.183411,-0.012756,0.009308,0.0,0.0,0.0,0.017853711224157014,-0.6212050969853701,0.1705965469306053,0.0,0.0,0.0
0.0121,-0.00293,-0.009521,1.310547,0.366516,0.170349,0.222931,0.0,0.0,0.0,0.019163412846746185,-0.6196929446709127,0.17341055503694092,0.0,0.0,0.0
0.0113,0.001221,-0.009033,1.310547,0.305481,-0.073792,-0.112762,0.0,0.0,0.0,0.0198230972898781,-0.623518315299701,0.17213391628764255,0.0,0.0,0.0
0.0123,0.000732,-0.009766,1.307617,0.244446,0.170349,-0.173798,0.0,0.0,0.0,0.0196031637468804,-0.62413653967063,0.17002704566723392,0.0,0.0,0.0
0.0122,0.001221,-0.009277,1.313232,0.305481,0.231384,0.100861,0.0,0.0,0.0,0.020363921157725975,-0.6242787875586038,0.17126472200466872,0.0,0.0,0.0
0.0122,0.001953,-0.009766,1.308594,0.427551,0.292419,-0.02121,0.0,0.0,0.0,0.02230649115172258,-0.6241506652566023,0.1710078975462802,0.0,0.0,0.0
0.0121,0.000732,-0.009521,1.311279,0.274963,0.231384,0.009308,0.0,0.0,0.0,0.02250721066787286,-0.6240394878763535,0.17114828186416023,0.0,0.0,0.0
0.0112,0.000244,-0.008789,1.303955,0.183411,0.139832,0.161896,0.0,0.0,0.0,0.021852303819708645,-0.6249077631225727,0.17297999493151536,0.0,0.0,0.0
0.0123,0.002686,-0.008789,1.311035,0.06134,0.322937,0.161896,0.0,0.0,0.0,0.019929012148091806,-0.6247822245811233,0.17492736333728842,0.0,0.0,0.0
0.012,0.002686,-0.006348,1.313477,0.122375,0.231384,0.070343,0.0,0.0,0.0,0.02019019856040949,-0.6258187295357955,0.17566101456103142,0.0,0.0,0.0
0.0125,-0.000977,-0.01123,1.305908,0.213928,0.078796,-0.082245,0.0,0.0,0.0,-0.0063216890882895355,-0.01808074080142962,-0.0010266974459064108,0.0,0.0,0.0
0.0118,-0.000732,-0.009277,1.313477,0.427551,0.017761,0.070343,0.0,0.0,0.0,-0.007348028741811031,-0.03633240343489583,-0.0001938030488775836,0.0,0.0,0.0
0.0122,0.000244,-0.007324,1.315186,0.397034,-0.012756,0.070343,0.0,0.0,0.0,-0.005874042021806655,-0.05541771796372772,0.000667051656526966,0.0,0.0,0.0
0.0115,-0.001465,-0.013184,1.312744,-0.610046,-6.879211,-0.02121,0.0,0.0,0.0,-0.023488498332375752,-0.14869335370603096,0.0004624497107631084,0.0,-0.0,-0.0016
0.0122,0.125,0.042725,1.042969,8.606262,-14.111877,-12.655487,0.0006648840683552107,-3.5671138082325445e-10,4.168518286567223e-06,0.15441445597776293,-0.5322262633570491,-0.15456752669413737,0.003,0.0,0.0032
0.0123,0.656006,0.021973,2.224854,-0.823669,-2.637268,-4.812469,0.0044158935201630166,-1.0127854267624296e-05,7.32032459784874e-05,0.1600563072793357,-1.0105621780119562,-0.21403315436793957,0.007,0.0,0.0065
0.0112,0.265625,-0.171387,0.844238,-0.549011,11.431335,-8.688202,0.0075170889710104,-2.113358358695867e-05,0.0001876102011904973,-0.13048976997838002,-1.3410688148416445,-0.30517310670770054,0.011,0.0,0.0049
0.0127,0.365723,0.195801,1.528564,2.411194,3.191589,-12.319794,0.01121069677619065,-4.1760115731728725e-05,0.0003405254697563407,0.09990943857919563,-1.6430729517606046,-0.46721387233733097,0.013,0.0,0.0032
0.0123,0.394043,-0.070312,1.705811,-1.495056,3.374695,-6.124725,0.014270605085961873,-6.633748092594879e-05,0.0005074790082018156,0.025062226233943455,-1.9235042140963579,-0.5405862140746295,0.017,0.0,-0.0
0.0119,0.35083,0.04248,0.796387,-0.823669,-2.087952,-5.453339,0.017513723971512123,-9.776270937337058e-05,0.0007872859352475165,0.09485777514399871,-2.5149872318322526,-0.6088163573380881,0.019,0.0,-0.0
0.0112,0.32373,-0.030273,1.508545,0.82428,0.933289,1.931915,0.021237015946571385,-0.0001369472695595333,0.0010508474308143195,0.07665483005070436,-2.778539261316875,-0.5858004568260171,0.025,0.0,-0.0016
0.0126,0.309082,-0.064697,1.181396,4.150696,3.191589,5.65506,0.025454982802713168,-0.00017873838700200928,0.0013993531830363884,0.052337656399479286,-3.0677606320431305,-0.5103579893216398,0.028,0.0,-0.0016
0.0122,0.16626,-0.0979,1.246582,-3.722839,2.642273,9.164581,0.029789356393501307,-0.00021476576586778448,0.0017071910460196345,-0.10585797731872104,-3.183552213220524,-0.3920387003206415,0.032,0.0,-0.0
0.0119,0.213867,-0.139893,1.138428,-1.006775,5.907654,5.410919,0.03455518454865782,-0.00024269247539580277,0.002101062451960556,-0.2827877754177713,-3.330788568623626,-0.3178010159933024,0.038,0.0,-0.0
0.0121,0.180908,0.076172,1.464844,1.129456,3.191589,9.80545,0.03938978716077561,-0.00027290966224902965,0.002465211458407796,-0.1936835251337959,-3.4150328752280767,-0.20461123380705237,0.042,0.0,0.0032
0.0112,-0.02417,-0.134521,1.317383,3.326721,-2.637268,9.80545,0.04437840155064556,-0.00028468321922498353,0.002706937223575442,-0.2967236521270379,-3.3695497229248836,-0.08559613712536229,0.049,0.0,0.0049
0.012,0.106201,0.014404,1.072266,-0.121765,4.717468,7.699738,0.04981963458344315,-0.00029460116349617186,0.003105260429732289,-0.2735696627596092,-3.40468167226661,0.004596082636133377,0.053,0.0,0.0065
0.0125,-0.013672,-0.077393,1.401855,-2.441101,1.146912,10.019073,0.0553124773022054,-0.0002903260886907329,0.003374882092724796,-0.376301783353853,-3.3282408784598982,0.13428217342027088,0.058,0.0,0.0065
0.0122,-0.095947,0.007568,1.418457,0.915833,-1.386047,11.789093,0.06070219410686242,-0.0002782540000923041,0.003547186740068651,-0.35507962557221556,-3.206798079780381,0.27747802944911326,0.065,0.0,0.0065
0.0112,-0.028564,0.014893,1.336914,1.343079,-3.735901,14.077911,0.06562054135372652,-0.0002558032450296447,0.0037426546198036175,-0.323157638287229,-3.175549655030513,0.43415442507358326,0.069,0.0,0.0081
0.0127,-0.032959,-0.037842,1.041748,1.587219,-3.461243,15.115509,0.07114723264271582,-0.00021113626930334864,0.003954211032336573,-0.34989674684111244,-3.138380404493202,0.6289640473952711,0.075,0.0,0.0065
0.0115,-0.069824,-0.06958,1.348389,2.83844,-2.301575,14.932404,0.07615994506464688,-0.00015154063941986775,0.004092285881875121,-0.3832266565179854,-3.0557074431723223,0.8046054090822623,0.08,0.0,0.0081
0.0124,-0.057373,-0.115967,1.459229,4.700012,-2.972961,14.566193,0.08151443394373908,-6.893857209378957e-05,0.004257014461241789,-0.4262045007284409,-3.0007614609855033,0.9911485158497291,0.084,0.0,0.0081
0.0124,-0.005371,-0.087158,1.291992,1.892395,5.266785,13.437042,0.08687823746803344,2.9937213855912337e-05,0.00448083102025806,-0.48503783245395404,-2.8930568909625283,1.161643590787253,0.091,0.0,0.0097
0.0116,0.062744,0.008789,1.319824,1.06842,3.100037,12.735138,0.0919091833595108,0.0001300119194836606,0.004772303285891791,-0.4590657624397034,-2.8806984104574793,1.3080561858098374,0.095,0.0,0.0113
0.0123,-0.085693,0.052979,1.126709,3.662415,3.618835,13.681183,0.09710172828999435,0.00024356599004767284,0.004830774997876244,-0.35203812570849535,-2.709917771882031,1.4728098566753427,0.099,0.0,0.0146
0.0112,-0.025391,0.087402,1.490723,-1.128845,2.123474,14.840851,0.1019432310898652,0.0003612609245215113,0.004967357515480596,-0.2906382695555384,-2.6318399643591657,1.6351000354405045,0.105,0.001,0.0178
0.0123,-0.080811,0.008545,1.341064,-3.356628,-5.872131,15.35965,0.10713512681305537,0.0005084098892132267,0.005022512751163899,-0.3231326050750848,-2.598959765390305,1.8239140438851638,0.109,0.001,0.0194
0.0119,-0.052002,0.050537,1.07373,-1.739197,2.184509,14.322052,0.11213301559850986,0.0006618116763558665,0.005093489481595243,-0.28402849338451847,-2.488664071691634,1.9913468194845443,0.116,0.001,0.0243
0.0123,-0.084229,0.010254,1.484619,-2.807312,-2.728821,14.535675,0.11717093710969029,0.0008356458243725077,0.005128172097103925,-0.3091127498596148,-2.4250332335576124,2.1698009575632975,0.12,0.001,0.0259
0.012,-0.074219,0.061279,1.213623,-2.19696,-0.47052,13.772736,0.12192461728569061,0.0010095570199991771,0.005135382060338822,-0.2730564024727155,-2.333563762606937,2.3323713932438133,0.124,0.001,0.0275
0.0124,-0.093994,0.037354,1.499023,-2.654724,3.466248,10.476837,0.12674986594444868,0.0012026040762996302,0.0051297776191655585,-0.2735179594234064,-2.192123973026515,2.460715965647248,0.13,0.001,0.0308
0.0119,-0.091309,0.035645,1.234131,-1.434021,2.459167,6.295929,0.13131067890514428,0.0013945699252319859,0.005079435024801156,-0.2510450790722688,-2.057137264041128,2.5340082948177596,0.133,0.001,0.034
0.0114,0.021484,-0.031006,1.175293,-0.213318,1.574158,3.396759,0.1354701565055284,0.0015806064568076215,0.005238353546340671,-0.27656319884056324,-2.0426545412202866,2.5734302160037483,0.139,0.001,0.034
0.0123,-0.093018,0.024902,1.312988,2.228088,-3.735901,-0.326385,0.1399688577754498,0.0017798464411139946,0.0051746243794229,-0.21957238785690744,-1.9889368214733318,2.5686025643501207,0.143,0.002,0.0356
0.0123,-0.104248,0.042969,1.310303,2.167053,-3.980042,-1.669159,0.14449339885858428,0.001978472157581009,0.005082090394823616,-0.1483498360011087,-1.9302560664267943,2.5467645195380704,0.147,0.002,0.034
0.0112,-0.08667,0.016602,1.250488,-0.121765,-1.019836,-2.096405,0.14851246552816078,0.002154865127634052,0.004996900171182223,-0.12764493618874448,-1.8482906305366666,2.522598204358555,0.152,0.002,0.0356
0.0126,-0.053467,0.033691,1.206299,-3.600769,-2.057434,-5.911102,0.15286008891966085,0.0023427594967476,0.004981836131244147,-0.13270645685019894,-1.810708580661561,2.4470018631471637,0.155,0.002,0.034
0.0114,-0.044434,0.098145,1.24585,-1.708679,2.123474,-4.873505,0.15678234198233967,0.0025021650445189976,0.004971453527856615,-0.05777546009515059,-1.7341100790264072,2.3887912349375773,0.16,0.002,0.0324
0.0124,-0.012695,0.009277,1.363281,-2.07489,1.452087,-2.889862,0.16083446651978334,0.0026698885759714433,0.005033932557290865,-0.06998359879359427,-1.6923823778967322,2.352557208724802,0.164,0.002,0.0324
0.0125,-0.074707,0.078613,1.2854,-3.692322,-5.536438,-7.711639,0.1648881644374669,0.0028294930709748347,0.004955401998756191,-0.04152641991251779,-1.6856503178917506,2.254232157163444,0.167,0.002,0.0308
0.0116,-0.038574,0.072021,1.169922,-6.683044,-4.956604,-8.627167,0.16887941109618007,0.0029800121528779483,0.004946509951247281,-0.04395389575824155,-1.6961471498756124,2.152259238408583,0.172,0.003,0.0308
0.0116,-0.035156,-0.050049,1.387695,-5.09613,-4.041077,-9.145966,0.17272502398620346,0.0031263897078913356,0.004953096723800688,-0.1333527729352888,-1.7022502123841687,2.0468874706817375,0.175,0.003,0.0275
0.0125,-0.037598,0.032471,1.262451,-3.417664,1.238464,-14.425507,0.17668217699152258,0.0032643714831250385,0.0049521667072878195,-0.1370171286454572,-1.643837058412068,1.8655389305521133,0.18,0.003,0.0259
0.0122,-0.087158,0.002686,1.119141,-1.678162,2.764343,-12.106171,0.18064807293668864,0.003391036733116002,0.004815618490630828,-0.1441658967522352,-1.5196297631326594,1.7172365081212684,0.183,0.003,0.021
0.0114,-0.118164,-0.154785,1.518066,-0.610046,3.862976,-13.87619,0.18411575607647443,0.0035005086961389545,0.004654785996250829,-0.24727779143207806,-1.384843178356552,1.5604458168899715,0.187,0.003,0.0194
0.0122,-0.015381,0.015625,1.315918,0.793762,-1.202942,-15.585175,0.18776967609858014,0.003598419651846274,0.004685702478616517,-0.21360067434190985,-1.3801166199561616,1.3699487492857234,0.191,0.003,0.0162
0.0124,0.027588,0.036133,1.27832,-1.983337,-1.141907,-17.202606,0.1916779194314168,0.0036896367464728562,0.0048222615941799375,-0.1967585576559179,-1.4098010089769555,1.156051005104894,0.194,0.003,0.0146
0.0122,-0.053467,-0.017822,1.42749,-3.265076,-1.752258,-13.540497,0.19537229282754479,0.0037637834653797848,0.004773660439079586,-0.23869446227441407,-1.3840496727215057,0.9908770346456356,0.199,0.003,0.0081
0.0112,-0.066895,0.003662,1.243652,0.366516,-2.179504,-13.052216,0.19871594388304883,0.003819881702838211,0.004670844678472564,-0.2209727579555907,-1.3469534925492148,0.8444416969257046,0.202,0.003,0.0081
0.0123,0.074951,0.098145,1.287842,-1.891785,1.818298,-14.181366,0.20248430576218235,0.003870978687386529,0.004917594308156805,-0.1565515549902841,-1.377273093960316,0.6687334411540868,0.205,0.003,0.0049
0.0122,0.000488,-0.068115,1.410645,-2.929382,-0.59259,-12.136688,0.20593664576061926,0.003913980012411002,0.004974823571658242,-0.23142590359675422,-1.3769303984201493,0.521313957183096,0.209,0.003,0.0016
0.0122,-0.007568,-0.039062,1.308594,-0.213318,-2.36261,-13.967743,0.20941416776655242,0.003946919157777237,0.005015704553382859,-0.2530924934977098,-1.3928528642394877,0.351321895301146,0.212,0.003,-0.0016
0.0113,0.006104,0.02832,1.366699,0.580139,0.231384,-12.74704,0.21282611795485995,0.003965940343373844,0.005088987763094751,-0.21566535487388008,-1.3873102707663667,0.20677367761412382,0.217,0.003,-0.0049
0.0122,-0.076904,-0.125244,1.422119,-0.518494,-1.843811,-10.793915,0.21647443222535867,0.003983300168102828,0.004978421152988025,-0.2992975826129572,-1.3485191148974012,0.0762667749186174,0.219,0.003,-0.0065
0.0123,-0.052246,-0.123047,1.333252,1.983948,-2.942444,-12.380829,0.2199724538391828,0.003992594234070947,0.00490943148337517,-0.35462409887639457,-1.3395598106109639,-0.07469142045012835,0.222,0.003,-0.0081
0.0121,0.003418,-0.033447,1.260742,-1.372986,-4.651428,-13.906708,0.22287623365122716,0.0039898306584487744,0.004961920198544991,-0.38469020984174124,-1.3924869116420984,-0.24238829693025676,0.226,0.003,-0.013
0.0113,-0.002441,-0.023926,1.190674,-0.884705,-3.125549,-14.608612,0.22640752364726005,0.003975473465489131,0.005018463596158338,-0.4011888217056577,-1.4201503109094409,-0.407110083299594,0.229,0.003,-0.0162
0.0123,0.109863,0.047852,1.429932,-0.1828,-2.057434,-9.145966,0.22998969776812578,0.0039479353774075415,0.005323948242575902,-0.35993599628169154,-1.5112939924556728,-0.5201171579137642,0.234,0.003,-0.0162
0.0123,-0.024658,-0.018555,1.214111,-0.213318,-4.132629,-5.514374,0.23365724837200721,0.003914803750272411,0.005326408987131569,-0.3670311856395851,-1.5342490299704925,-0.587553550350761,0.237,0.003,-0.021
0.0121,0.034424,-0.010742,1.25415,1.007385,9.386658,-11.923065,0.23730147819452677,0.0038775899207752593,0.005488136163392583,-0.3511350565832395,-1.4407343564220023,-0.7325644087724434,0.24,0.003,-0.0227
0.0112,0.020752,0.042725,1.584717,-0.396423,2.489685,-12.380829,0.24049171836469127,0.0038346220242071872,0.005582356073443355,-0.31894863658545863,-1.4168051396098365,-0.871987291232004,0.244,0.003,-0.0227
0.0123,-0.06543,-0.074463,1.145996,-0.94574,3.130554,-13.662567,0.24426168698452536,0.0037802120047262847,0.005466261053549346,-0.3799629286716614,-1.3196943822508966,-1.039539203575506,0.247,0.003,-0.0243
0.0125,0.08667,-0.007568,1.16626,-1.678162,8.532166,-11.282196,0.24790789107332403,0.0037142386667421375,0.005779453735839096,-0.39501441047878877,-1.2804482236890231,-1.1813302280042959,0.252,0.003,-0.0259
0.0113,-0.053711,-0.137695,1.353027,1.190491,-3.400208,-8.535614,0.25114974506220855,0.003653097033787174,0.005689333191559463,-0.4664816519620355,-1.2758933016275575,-1.2762736521052207,0.255,0.002,-0.0259
0.0123,-0.00708,-0.046875,1.138428,3.052063,-4.224182,-8.901825,0.25499920361527095,0.0035692620678139694,0.005734231367114622,-0.4557784249626283,-1.3181633932702268,-1.3849453202275428,0.258,0.002,-0.0275
0.0124,0.036133,-0.058838,1.333984,0.335999,3.466248,-10.061493,0.25886968868632876,0.0034776744155775746,0.005887849137190886,-0.48096361732975695,-1.2956256372415624,-1.5096437653699977,0.262,0.002,-0.0291
0.0123,-0.019287,-0.048584,1.456543,1.861877,2.489685,-9.96994,0.2624985281230655,0.003383667295318975,0.005899267178779959,-0.47760999970758955,-1.2471403807248809,-1.6322123978282823,0.265,0.002,-0.0291
0.011,-0.048584,0.049072,1.357422,3.296204,5.114197,-8.901825,0.26569116074881627,0.00329032685888571,0.005838319038083803,-0.3970527141309678,-1.1537197293178685,-1.7310487731060789,0.27,0.002,-0.0308
0.0124,-0.069824,-0.00293,1.314453,2.350159,8.928894,-5.239716,0.2692604273208208,0.0031824377301419133,0.0057235528864103555,-0.36080026016459615,-0.9918013176001202,-1.7967585139419926,0.273,0.002,-0.0324
0.0121,0.021729,-0.0625,1.248779,2.014465,-2.087952,-7.467499,0.27271113543995174,0.0030762759026134257,0.005829228610918011,-0.37315830920954157,-1.0318030250729675,-1.8866616457707672,0.276,0.002,-0.0356
0.0124,0.031738,-0.031738,1.030518,1.587219,1.574158,-10.061493,0.27642492409334574,0.0029547985005369767,0.005999127787558852,-0.37088794794478913,-1.0418485431102174,-2.0114388904609326,0.28,0.002,-0.0356
0.0112,0.065186,-0.062988,1.511475,0.915833,2.489685,-8.321991,0.2796995545663374,0.002841230968460345,0.006185965800227115,-0.38959202211096633,-1.0501628956660385,-2.1046161627880138,0.282,0.002,-0.034
0.0123,-0.023193,-0.11377,1.223389,1.221008,1.024841,-9.481659,0.2832234058926707,0.002716924460610675,0.006166467518912069,-0.44845897335419405,-1.0194122841528217,-2.2205347817866365,0.287,0.001,-0.034
0.0124,-0.052979,0.024414,1.342773,-1.586609,3.252625,-8.901825,0.2868022436056372,0.0025774281590625683,0.006092307215034271,-0.4407975932261487,-0.9421940339445128,-2.3313397725965723,0.29,0.001,-0.0356
0.0113,-0.020752,-0.038574,1.197266,0.671692,-5.231262,-7.772675,0.2899993343632491,0.002448801384777748,0.006077694535594119,-0.4519500930543939,-0.9852518429935984,-2.418502375640761,0.293,0.001,-0.034
0.0121,0.05127,-0.002686,1.24292,1.129456,0.567078,-4.110565,0.2935061036145097,0.0022994863109530844,0.006276297193132372,-0.43062801648100507,-1.0145925459954692,-2.468479381658964,0.298,0.001,-0.0356
0.0124,-0.101807,-0.128906,1.36792,-4.485779,-1.202942,-3.439178,0.29740478100026163,0.002137499523353224,0.006065764754537339,-0.5602916062188206,-0.960948418778392,-2.5100978854418385,0.301,0.001,-0.0372
0.0123,-0.004883,-0.019287,1.269775,0.427551,-1.447083,-6.277313,0.3010360798440141,0.0019786487469087267,0.0061071274163848575,-0.5572588690942509,-0.974620467711183,-2.5870938757883835,0.305,0.001,-0.0389
0.0116,-0.026611,0.021729,1.541504,1.526184,0.506042,-4.781952,0.3044273550704323,0.0018248252584501755,0.006096693782994114,-0.5167976004154642,-0.9507628877874201,-2.642711513562098,0.308,0.001,-0.0389
0.0117,-0.030273,-0.07373,1.203125,0.000305,3.649353,-4.720917,0.3079362844831128,0.001665772064018366,0.0060586296601000495,-0.5604785771787586,-0.8862864493024583,-2.6979631836125857,0.311,0.001,-0.0389
0.0123,0.063721,0.012207,1.46582,0.335999,0.53656,-9.7258,0.31131596949110824,0.0015044662032988752,0.006259885719255499,-0.537640374351294,-0.9176308971579814,-2.8179395695746936,0.315,0.0,-0.0405
0.0123,-0.037109,-0.036133,1.148682,0.122375,-4.407288,-5.17868,0.31475300448463894,0.001337127721484748,0.006197020583915432,-0.5528100166129837,-0.943689070206903,-2.880870360773554,0.318,0.0,-0.0405
0.0123,0.023193,0.025146,1.195801,0.94635,2.520203,-6.033173,0.3182512262348459,0.0011591104715635782,0.006328958678365825,-0.51153165947312,-0.9304846125725208,-2.955654253676279,0.322,0.0,-0.0421
0.0112,-0.051514,-0.090332,1.510742,-0.976257,1.574158,-1.15036,0.32134228628530714,0.0010027118975531278,0.006241234819117543,-0.5656130076319058,-0.8808939830419105,-2.9682723969273197,0.325,0.0,-0.0421
0.0123,-0.072998,-0.03418,1.376709,-1.250916,2.55072,-2.950897,0.32459691450282707,0.0008361797852833586,0.00609908475385826,-0.5922439138803635,-0.8029122974472024,-3.004597798797568,0.327,-0.0,-0.0421
0.0124,0.010742,0.077637,1.164307,-1.037292,2.794861,-1.730194,0.3279382240978361,0.0006575907250640968,0.006200966943055785,-0.5361638605038109,-0.7785486993469314,-3.026705271769762,0.332,-0.0,-0.0437
0.0115,-0.05249,-0.026611,1.316162,1.770325,-0.714661,-1.394501,0.33092238880665276,0.0005011294487264944,0.006100646286890818,-0.5239538565709329,-0.7527698739485849,-3.0425063542766972,0.334,-0.0,-0.0437
0.0123,-0.046143,-0.066162,1.260986,1.465149,-3.308655,1.321564,0.33421797618890703,0.0003282450522721929,0.006010463288967365,-0.5424017305322489,-0.7624989338797526,-3.025642263914022,0.338,-0.001,-0.0421
0.0121,-0.006348,-0.102783,1.349609,3.418274,1.574158,0.528107,0.33748093845230803,0.00015780318933405942,0.0060290998245293125,-0.5579077609145845,-0.7401156912799979,-3.0192797344095834,0.341,-0.001,-0.0421
0.0115,-0.022949,-0.061035,1.322021,4.059143,2.581238,1.779327,0.34047418360287024,1.5012120388755478e-06,0.006005641968313904,-0.5422050264891707,-0.6966538810366365,-2.9989692511768964,0.343,-0.001,-0.0421
0.0118,-0.093262,-0.03833,1.246094,1.648254,1.116394,4.89212,0.3435750060559661,-0.0001576268279634546,0.005783476798947843,-0.5404692844668965,-0.6210567534043124,-2.940990342952488,0.347,-0.001,-0.0421
0.0122,-0.047852,-0.124512,1.283936,3.84552,0.445007,2.908478,0.3467406170129195,-0.000317231204743575,0.005683234188211946,-0.5677338866454825,-0.5862843959411143,-2.905469017317295,0.35,-0.001,-0.0405
0.0124,-0.007324,0.088867,1.394287,3.998108,-1.508118,4.342804,0.349991154299007,-0.0004832269655785261,0.005718074475130543,-0.45536677988684243,-0.602092025664085,-2.851323831052235,0.353,-0.001,-0.0389
0.0113,-0.039795,-0.010498,1.205566,-2.166443,-4.559875,8.157501,0.35299050608085575,-0.0006314267722125926,0.005644059686601274,-0.4793729118733789,-0.6276401004692262,-2.7585656070619504,0.356,-0.001,-0.0372
0.0126,-0.025391,-0.001221,1.267822,-0.793152,-4.041077,8.706818,0.356327211292452,-0.0007916014350426272,0.005619108634033503,-0.4825781422706576,-0.6626996915664379,-2.6483307399136704,0.359,-0.001,-0.034
0.0122,0.010986,0.011963,1.318848,-1.281433,3.31366,7.577667,0.35955529761741845,-0.0009415423979818798,0.005699205928697457,-0.48270558939684516,-0.6309838410033414,-2.556255492638048,0.363,-0.002,-0.034
0.0113,-0.049805,0.058594,1.456299,-2.135925,3.283142,4.159698,0.36241987643078655,-0.001068787189391026,0.005622116945644417,-0.464676592872216,-0.5663465694817688,-2.5093323566998023,0.366,-0.002,-0.0324
0.0121,-0.014893,0.012695,1.296631,0.793762,1.574158,5.594025,0.3653639292839475,-0.0011977131991133115,0.005626861005173956,-0.4391119436005193,-0.5404584849114619,-2.44171547526268,0.368,-0.002,-0.0308
0.0121,-0.054199,-0.059814,1.277344,0.06134,-0.714661,6.234894,0.36842028024388485,-0.0013267128055381358,0.005513949259211447,-0.4704256522853381,-0.5162854849785536,-2.3661745555034033,0.372,-0.002,-0.0291
0.0123,0.049561,-0.026611,1.281982,-0.823669,-1.111389,7.333527,0.37150055064280924,-0.0014553734066481087,0.005695598400287905,-0.4902549477446843,-0.5654625643705471,-2.276060908273803,0.374,-0.002,-0.0275
0.0124,-0.023682,-0.029785,1.436768,1.526184,-1.019836,3.061066,0.3745684159114742,-0.0015767748790502284,0.00567427039981582,-0.48100425954760856,-0.5660129455144667,-2.237961715073616,0.378,-0.002,-0.0275
0.0113,0.053955,0.012695,1.29248,0.82428,-0.409485,6.051788,0.3773865574132707,-0.001688548478689873,0.005868019881822708,-0.4557052365841907,-0.6081995756462608,-2.1696899444644964,0.38,-0.002,-0.0259
0.0125,-0.008545,-0.051025,1.306152,1.06842,3.374695,6.601105,0.38044082606614077,-0.0018039086465734082,0.005887477565142369,-0.4678575648460639,-0.5629920070708575,-2.0875377337779057,0.383,-0.002,-0.0243
0.0122,-0.019531,0.015381,1.233398,2.106018,5.236267,8.004913,0.3834164612777088,-0.0019121956244047918,0.0058805632295869815,-0.42437614331957557,-0.4895102218530706,-1.9902860918569731,0.386,-0.002,-0.0243
0.0112,-0.047119,0.019043,1.372559,-1.708679,-0.287415,6.753693,0.38606081550777666,-0.0020032941460641665,0.005796115697724446,-0.42467770131296045,-0.4669811723020273,-1.914441590794151,0.389,-0.002,-0.0227
0.0123,-0.04248,-0.029541,1.217285,-1.891785,-3.705383,6.112823,0.3890692729048973,-0.002102946064652064,0.005712546113097674,-0.4605015859123415,-0.48729774566699113,-1.8388429779851638,0.393,-0.002,-0.021
0.0119,0.05957,0.0625,1.346924,-0.1828,-0.745178,8.950958,0.39200219432132083,-0.0021985669616998264,0.005916049187022512,-0.4170353295744952,-0.5355201959189241,-1.7322709141235915,0.395,-0.002,-0.0178
0.0122,-0.029297,-0.063232,1.291504,-2.319031,-0.989319,8.889923,0.3950159413817133,-0.002289070625444939,0.005874705761946756,-0.47890043651654635,-0.5313475220890873,-1.623736726353564,0.397,-0.002,-0.0178
0.0123,-0.000244,0.002197,1.436035,-1.037292,3.954529,7.425079,0.39791708200047526,-0.0023714426477221898,0.005915422029651643,-0.4829132192880059,-0.484957779504668,-1.5328014103718233,0.401,-0.002,-0.0146
0.011,-0.036865,0.004395,1.399414,0.488586,3.161072,6.021271,0.400547051644181,-0.0024412876860086174,0.005859432262668778,-0.4673157044371758,-0.4315899985480512,-1.4667516673156469,0.403,-0.002,-0.013
0.0128,0.017334,-0.025146,1.220215,-0.823669,2.184509,4.159698,0.40339212627887533,-0.0025146412869242432,0.005956026738332417,-0.4867097081239694,-0.42047727954405556,-1.413836309013886,0.407,-0.003,-0.013
0.0118,-0.019775,-0.038574,1.22168,-0.640564,-1.172424,7.730255,0.4061651541938685,-0.00258278202522117,0.005939820499983171,-0.5122556512419041,-0.42536778115584284,-1.3225385048066571,0.409,-0.003,-0.0113
0.0123,0.017822,-0.061279,1.329346,1.251526,-2.698303,3.671417,0.40901631035137126,-0.002649068769060025,0.006026032904564353,-0.5266571102711723,-0.47327000937090974,-1.277240862196955,0.412,-0.003,-0.0113
0.0122,0.010498,0.04248,1.261719,0.244446,-2.271057,6.78421,0.41200928757461336,-0.002716350331441536,0.006100197949293088,-0.48777287529340135,-0.5111681528514196,-1.1941905008901166,0.415,-0.003,-0.0081
0.0114,-0.009033,-0.034668,1.235107,0.183411,0.689148,5.53299,0.41467641761505825,-0.002771815649324233,0.006115968905193989,-0.500719021040498,-0.5010529178261081,-1.1312018252402465,0.417,-0.003,-0.0081
0.0118,-0.04248,0.074463,1.373779,-0.06073,0.994324,5.380402,0.41755722759329944,-0.00282822063163495,0.006046173766705448,-0.4493047388713001,-0.46692753998775405,-1.0676149217047082,0.421,-0.003,-0.0065
0.0127,0.027344,-0.031982,1.383789,-0.152283,3.649353,6.234894,0.42040561695323087,-0.0028817813903293174,0.006158773994542319,-0.4629516910835606,-0.4402642125101719,-0.9888888397588591,0.423,-0.003,-0.0065
0.0111,-0.001709,-0.002197,1.342285,0.427551,-1.294495,6.936798,0.42289679350781195,-0.002924887359769705,0.006191166231877257,-0.45217955597586557,-0.4569911212547022,-0.9117673660164766,0.426,-0.003,-0.0049
0.0125,-0.044922,-0.092529,1.154297,-0.457458,-1.263977,10.965118,0.4257804591056642,-0.0029698742860892035,0.006097495977484069,-0.5157346252835986,-0.44535037035110336,-0.7746328433809897,0.429,-0.003,-0.0032
0.0116,0.049316,0.004395,1.341064,0.397034,-1.447083,7.089386,0.4284561353860911,-0.0030072082874353047,0.0062681010214508965,-0.5005995651061994,-0.49523515622303843,-0.6923500230959082,0.431,-0.003,-0.0016
0.0118,-0.014404,0.00293,1.275879,0.000305,-0.317932,5.8992,0.43105238842057836,-0.0030384743745099736,0.006267383191540021,-0.4907812730775357,-0.4931740272618871,-0.6226753382541409,0.435,-0.003,0.0016
0.0127,-0.012451,0.061279,1.351318,0.488586,2.398132,5.044708,0.4337702746096442,-0.003068108768740637,0.006274050171576898,-0.440106106165755,-0.45853985466150954,-0.5587715162864705,0.437,-0.003,0.0016
0.0122,-0.038574,-0.018799,1.147705,0.152893,3.43573,4.464874,0.4364928785294832,-0.003094192101298258,0.0062012622430545625,-0.4437776002276019,-0.3948489317755708,-0.5045868264582186,0.439,-0.003,0.0016
0.0112,0.02832,0.040039,1.291016,1.404114,1.696228,4.403839,0.4389711387313138,-0.003116505013695947,0.00631947192927828,-0.3956292428609411,-0.3984261023685629,-0.4553489107200452,0.442,-0.003,0.0065
0.0128,0.036865,0.036621,1.239258,0.091858,-3.217102,3.732452,0.44189919749932915,-0.0031403443424944696,0.006467532995185415,-0.36349297566468186,-0.468219560791225,-0.4072829052271034,0.444,-0.003,0.0065
0.0121,0.050781,-0.037109,1.261963,-0.121765,-2.118469,4.129181,0.4447146147951807,-0.0031605527880945203,0.0066536435709131465,-0.3821098679228198,-0.5301327499093882,-0.3571901882260249,0.448,-0.003,0.0097
0.0113,0.034424,0.008301,1.337646,-0.274353,-0.684143,4.831085,0.44729408355204925,-0.00317713065608158,0.006783228341206135,-0.3736394838918362,-0.5613439861414772,-0.30259527472389547,0.45,-0.003,0.0097
0.0118,0.018311,-0.014404,1.29248,0.274963,4.44281,5.105743,0.45006538779006133,-0.0031918790368287474,0.006877867546665332,-0.3729355114066344,-0.5236598282392785,-0.24269892376883448,0.453,-0.003,0.0113
0.0122,-0.022949,-0.020508,1.463867,1.373596,5.755066,6.54007,0.4526525985100096,-0.0032026297768160657,0.006859835622358316,-0.3616391791897007,-0.443538513268749,-0.16334261649840107,0.456,-0.003,0.013
0.0123,0.019287,-0.021729,1.189941,2.380676,3.527283,5.65506,0.45525209822214835,-0.0032100765631682716,0.00696378169114305,-0.3407377611761571,-0.41847350990557824,-0.09406892401857986,0.458,-0.003,0.013
0.0123,-0.009033,0.020264,1.243896,0.641174,-0.195862,7.730255,0.45796425372895394,-0.0032150125024695466,0.0069789092197980705,-0.31374235402166034,-0.41951275530159665,0.0010167326427790305,0.461,-0.002,0.0146
0.0114,0.013672,-0.068359,1.341309,0.671692,0.170349,6.845245,0.46049375042711754,-0.0032142181000582738,0.007055309492701326,-0.3413505889536609,-0.4296688185930963,0.079058413552436,0.463,-0.002,0.0162
0.0118,0.013428,0.072266,1.369629,1.495667,-2.515198,6.845245,0.4631062632668383,-0.0032120916356003677,0.007123229453549978,-0.2758487178792536,-0.47042449068016284,0.15990054910016988,0.466,-0.002,0.0162
0.0124,-0.028809,-0.032715,1.12207,-1.098328,-3.552795,7.516632,0.46588525754533505,-0.0032037648552461686,0.007077911511303961,-0.30711079581852146,-0.4984738802310773,0.2533816281332901,0.469,-0.002,0.0178
0.0123,-0.000732,0.039062,1.317627,2.167053,-2.36261,5.227814,0.4686154691297189,-0.003192479343900463,0.007112175241591116,-0.2513745572063474,-0.5300643398935914,0.31774479295610075,0.471,-0.002,0.021
0.0115,0.000244,0.060791,1.362305,2.197571,0.506042,4.373322,0.4711450441631423,-0.0031795338385717732,0.007146532818594575,-0.1857156112277827,-0.5272117309786167,0.3678916550505913,0.474,-0.002,0.021
0.0125,-0.024658,-0.044922,1.487549,-1.037292,0.506042,6.173859,0.47385214715800456,-0.003161696879162173,0.007124374981095042,-0.21883237351764004,-0.509715543544752,0.4450953791156078,0.477,-0.002,0.0227
0.0123,-0.049561,-0.044678,1.2229,1.800842,-0.59259,4.342804,0.4764745157533715,-0.003140801102916986,0.00702376271042037,-0.22111471234220287,-0.48856628931827345,0.49859131587286254,0.479,-0.002,0.0243
0.0112,0.00293,0.016113,1.343506,4.150696,1.909851,3.76297,0.4788034379138115,-0.0031208121601386638,0.007066941466683305,-0.16072264220886903,-0.4725409396278022,0.5406429136001185,0.482,-0.002,0.0243
0.0123,-0.043213,-0.012207,1.346924,1.251526,-0.867249,3.122101,0.48133909332362346,-0.0030968365454499235,0.006989979092085461,-0.14850983677240415,-0.46110569419450764,0.5790757804992569,0.484,-0.002,0.0243
0.0123,-0.059326,-0.019775,1.317871,1.892395,-1.59967,2.572784,0.48394944573581095,-0.0030703311937221606,0.006868770545324471,-0.13324015457164226,-0.4486518390057924,0.6107744323967509,0.487,-0.002,0.0243
0.0113,-0.022217,0.014893,1.255127,4.608459,0.017761,3.061066,0.4862948839462402,-0.0030454141088138427,0.00684353004856097,-0.06813661941219326,-0.43889211461109323,0.6453658742436355,0.489,-0.002,0.0243
0.0126,-0.023682,0.013184,1.307129,0.915833,0.597595,4.007111,0.48875888872845336,-0.0030177356398437445,0.006816666658082451,-0.045478302588497235,-0.42128928983138736,0.6958513612893511,0.491,-0.002,0.0243
0.0114,-0.032471,-0.065674,1.344971,0.183411,-0.836731,6.295929,0.4910399772959319,-0.0029899636893018226,0.006770263256279317,-0.07938673938841896,-0.4157697706759973,0.7676034114599835,0.495,-0.002,0.0243
0.0128,-0.015381,-0.029541,1.357422,3.143616,1.482605,4.495392,0.49360007286863855,-0.0029556437852494696,0.006770003768745342,-0.05366640818496851,-0.3921611379632,0.8251075436300757,0.496,-0.002,0.0243
0.0113,-0.026611,0.040283,1.27417,1.770325,-1.721741,3.396759,0.4958778320745295,-0.002922730154748247,0.006730420301918176,-0.005595100540518563,-0.39986247831935945,0.8635502321766193,0.499,-0.002,0.0227
0.0125,0.067871,-0.004639,1.133545,-0.518494,-1.294495,3.274689,0.4982415084309613,-0.0028871365928208824,0.0069829723053076165,-0.012195197906376376,-0.4692208235225877,0.9044895102231666,0.501,-0.002,0.0243
0.0123,0.036377,0.008057,1.35083,1.129456,-1.721741,-0.02121,0.5005267617330353,-0.0028511366024501846,0.007110653518749803,0.009158652549585733,-0.5151658994752236,0.9042195256216794,0.503,-0.002,0.0243
0.0116,0.005127,-0.043213,1.251709,1.06842,-2.759338,2.115021,0.50286894222227,-0.0028138186946326323,0.007164365877585459,-0.0032428460965245338,-0.5539449059509548,0.9288243397611259,0.506,-0.001,0.0259
0.0122,-0.021973,-0.033936,1.395996,0.915833,-0.806213,0.8638,0.505205685878789,-0.0027756282627987416,0.00714416582921808,-0.008825198203959389,-0.5537027534877766,0.9394247132875381,0.508,-0.001,0.0243
0.0113,-0.025146,-0.057617,1.26123,2.441711,-2.698303,1.901398,0.5073646523349102,-0.002739676867074453,0.007112597633175288,-0.014741042746462573,-0.5715200167930512,0.9610397714374735,0.511,-0.001,0.0259
0.0124,-0.061768,-0.061523,1.358643,0.854797,-0.226379,3.854523,0.5098594229454335,-0.002696950564017174,0.006993843457561965,-0.03752704013359871,-0.5409830628843533,1.0089914174441288,0.513,-0.001,0.0259
0.0124,0.024658,0.019531,1.352295,0.335999,-0.562073,3.396759,0.5122444852745915,-0.002655386673741199,0.007090576298042414,-0.01925865143515308,-0.5651168093885763,1.0510438243104694,0.515,-0.001,0.0259
0.0114,-0.030518,-0.014648,1.305908,-0.030212,0.994324,3.824005,0.5143828332981901,-0.002615810480504083,0.007044556486361852,-0.025819135906401156,-0.5383947582574771,1.0946811223222974,0.518,-0.001,0.0275
0.0122,0.047852,0.074951,1.272217,1.770325,2.031921,0.100861,0.5167585430805827,-0.0025712652374347837,0.007207403766493373,0.04491007861584054,-0.5467879100810592,1.0957375787673005,0.52,-0.001,0.0275
0.0123,0.018555,0.009766,1.375732,-0.579529,1.085876,0.589142,0.5190631400451403,-0.002527398137929406,0.007287567887321279,0.04559138363422403,-0.5468664383415622,1.102958305878142,0.522,-0.001,0.0275
0.0115,-0.00293,-0.009033,1.213623,0.397034,-2.332092,-0.204315,0.5212819860573591,-0.0024846439810425223,0.007316222145038522,0.04683302720492632,-0.5752971550476748,1.1005987023896635,0.524,-0.001,0.0291
0.0122,0.03125,-0.031738,1.278076,0.702209,0.139832,3.976593,0.5236768273995144,-0.002438567299670878,0.0074398856567441055,0.03770470800635146,-0.5958645354979354,1.1491757072142161,0.526,-0.001,0.0291
0.0124,-0.053711,-0.086182,1.281738,1.770325,-3.36969,3.824005,0.526102873029496,-0.002388513393260829,0.007337204663785252,0.008698932149474514,-0.6071711191785809,1.196879722619276,0.529,-0.001,0.0308
0.0112,0.020752,-0.012939,1.459473,0.366516,1.391052,3.152618,0.5283243849918876,-0.002342357575750097,0.007417648747638644,0.007870165787692793,-0.6044457738812561,1.2321831222538766,0.531,-0.001,0.0308
0.0124,-0.044922,-0.05127,1.355713,-0.213318,-1.080872,3.732452,0.5305762741963869,-0.0022928880784615093,0.007339821427852511,-0.02226007242452497,-0.5938954803102396,1.278661623230188,0.534,-0.001,0.0291
0.0124,0.068359,0.09668,1.211182,0.030823,-0.440002,1.291046,0.5329092077807857,-0.0022429567015019598,0.00756195321797327,0.04330746115153175,-0.646455022134626,1.2942145226039061,0.536,-0.001,0.0291
0.0114,-0.015137,0.021729,1.38623,-1.281433,-0.989319,3.457794,0.5350124509794887,-0.0021956451690857163,0.007552622210453893,0.04289593181845721,-0.6506001880102011,1.333543290691248,0.537,-0.001,0.0275
0.0125,-0.003906,0.00293,1.279785,-2.349548,1.513123,2.084503,0.5374179035471569,-0.0021397384335050335,0.007579335680593618,0.017769850832001173,-0.6316883916665038,1.3595831409853996,0.541,-0.001,0.0291
0.0114,-0.013428,-0.018066,1.339111,-2.135925,2.123474,3.305206,0.5395893010033948,-0.002087991761960562,0.007579781950874269,-0.014729381609167414,-0.6018680599696695,1.3973155297184776,0.542,-0.0,0.0291
0.0128,0.002686,0.000488,1.24707,-0.487976,0.353455,3.854523,0.541962493916559,-0.0020302244951914544,0.007624603676814347,-0.018002060121524128,-0.6020034827638583,1.446630565787994,0.545,-0.0,0.0291
0.0114,-0.056885,-0.032227,1.311768,-0.793152,-0.836731,4.89212,0.5440276198833206,-0.001977403894345146,0.0075114672207060584,-0.04374421956254671,-0.579996554703572,1.5025283129133475,0.547,-0.0,0.0275
0.0124,-0.011963,-0.054443,1.288574,-0.823669,-0.897766,4.220734,0.546203256684652,-0.001919930307705761,0.007517924837679225,-0.08409382203056212,-0.5865760428688036,1.5550209107571573,0.549,-0.0,0.0275
0.0114,0.00293,-0.029785,1.433105,-0.030212,-1.508118,4.007111,0.5482882890126674,-0.0018632714377340943,0.00755530377187479,-0.0976859140898328,-0.6069987402752685,1.6007844185004925,0.551,-0.0,0.0291
0.0125,-0.014893,-0.039795,1.279785,1.343079,-2.210022,1.931915,0.550587750423376,-0.0017986055886422662,0.007553318528322387,-0.10172449590587357,-0.627840459335758,1.6251066261893212,0.553,-0.0,0.0275
0.0115,0.046875,0.02832,1.332764,0.397034,2.337097,2.725372,0.5529763485628317,-0.001731951491991526,0.007705265064967849,-0.07715772810505014,-0.6306386335199776,1.6562112201360428,0.556,-0.0,0.0324
0.0122,-0.121826,-0.085205,1.36499,2.502747,-1.080872,5.197296,0.555097217357253,-0.0016681268676207838,0.007443872292756316,-0.09251806049424088,-0.576299185848672,1.72006254566816,0.557,-0.0,0.0389
0.0122,-0.174316,-0.040283,1.493408,-1.128845,-4.987122,10.629425,0.5568905269421036,-0.0016109795875621365,0.007080819450795896,-0.12494878287535369,-0.5477038584724201,1.8502408646365065,0.558,0.0,0.0421
0.0123,0.084717,0.02002,1.27417,-0.549011,-3.674866,6.631622,0.5596584264938618,-0.0015234116180449359,0.00733895491073659,-0.1160480713203068,-0.6471534051513718,1.931665657490252,0.562,0.0,0.034
0.0113,-0.05249,-0.001709,1.18457,3.418274,-1.996399,-6.82663,0.5621792015677174,-0.0014372070289817235,0.007230003812057692,-0.07375670753828564,-0.6380318503135474,1.8546594320717313,0.564,0.0,0.034
0.0122,-0.053467,0.027344,1.581787,-0.365906,-5.963684,-1.547089,0.5643089373875411,-0.0013670108521973924,0.007137329546574173,-0.06139640556088185,-0.6842944518205029,1.8359049770721727,0.566,0.0,0.0405
0.0122,-0.060791,0.000488,1.263184,4.516907,6.487488,2.908478,0.5659149597609998,-0.0013143817061027662,0.007007526911624231,-0.0034201213954626547,-0.5704378040221353,1.8714410318336128,0.568,0.0,0.0405
0.0126,-0.086914,-0.118652,1.323975,3.631897,3.344177,5.65506,0.5679080388478639,-0.0012500647377704135,0.0068341636774876206,-0.025329358963208558,-0.4807243239973074,1.94278742983245,0.569,0.0,0.0389
0.0115,-0.040771,-0.046875,1.371826,3.082581,-6.329895,-3.622284,0.5702081271661883,-0.0011721631936040234,0.00676932269146095,-0.013532322149654668,-0.532996015073381,1.9012001308425488,0.572,0.001,0.034
0.0122,0.162842,0.192871,1.102539,3.570862,5.144714,-2.004852,0.5722969624740263,-0.001102267161905205,0.007260458849093048,0.16326564444042083,-0.58536399837957,1.8764276776293003,0.574,0.001,0.034
0.0123,-0.106201,0.00708,1.174561,1.221008,1.970886,4.678497,0.5742318728103506,-0.001037632635395234,0.006998513045021584,0.1836050374046734,-0.49514786088501694,1.9341405310450055,0.576,0.001,0.0372
0.0116,-0.113037,0.003906,1.385986,-0.426941,-5.963684,6.692657,0.5761260423525704,-0.0009726287122278276,0.0067567545687217175,0.18087051666508847,-0.5037700744155572,2.0116412666735073,0.578,0.001,0.0372
0.0124,0.161377,0.105713,1.291992,-1.006775,5.968689,3.366241,0.5781821321014566,-0.000898437631692846,0.007186045737859722,0.23142990050612405,-0.529378153287591,2.0536801572710917,0.579,0.001,0.0372
0.012,-0.002441,-0.04248,1.346924,-1.464539,2.092957,4.281769,0.5799207418779324,-0.0008366938817997662,0.0072135612146502345,0.1893291480257884,-0.5063170295095825,2.1051696805224744,0.581,0.001,0.0389
0.0112,-0.028564,-0.014893,1.285645,0.122375,-3.308655,-3.256073,0.5814998112430484,-0.0007788063659060949,0.007169894099148624,0.18285914536466447,-0.5292606129922324,2.0685869349992605,0.583,0.001,0.0356
0.0123,0.119873,0.04248,1.393555,-2.349548,0.872253,-4.141083,0.5833263133361415,-0.0007125194681243118,0.007472590102288337,0.17887594218579642,-0.5874018884247963,2.01763376019301,0.585,0.001,0.0372
0.0124,0.023682,-0.079834,1.27002,-0.762634,-1.386047,-0.112762,0.5853386119412777,-0.0006420033185030538,0.00757157612217874,0.12185155403642103,-0.6217332393396225,2.0163836453490025,0.587,0.001,0.0356
0.0121,0.027344,-0.001709,1.284668,0.519104,0.048279,-0.845184,0.5873626345790249,-0.0005709702552822619,0.007672557787532532,0.12869501749110768,-0.6400774347198818,2.0061364261722403,0.589,0.001,0.0372
0.0113,0.020752,-0.020996,1.35498,-0.426941,5.20575,1.413116,0.5891853129471952,-0.000507270693275604,0.007753785525722823,0.11307178580009682,-0.5955446011195321,2.02227220231583,0.591,0.001,0.0372
0.0123,-0.066406,-0.113281,1.348877,0.091858,1.238464,-1.516571,0.5910928847963011,-0.0004389847142234924,0.0076346775786142506,0.05115202929822905,-0.544771201877662,2.003997601845581,0.592,0.001,0.0356
0.0124,0.021484,0.065674,1.284668,-0.304871,-0.34845,-1.119843,0.5931055257170034,-0.00036893504579928123,0.007715048986687441,0.0893799050478791,-0.5651957122784732,1.9899001243661847,0.594,0.001,0.0356
0.0118,0.113037,0.048828,1.218262,-1.311951,0.41449,0.253448,0.5950637993192457,-0.0003024664747554243,0.008039073815682063,0.10681181979661053,-0.6350199482419857,1.9925961952472662,0.597,0.001,0.0356
0.0123,-0.002441,0.059814,1.338623,-1.128845,-1.813293,0.345001,0.5970551360845971,-0.00023402036455295866,0.008057538278397617,0.1292065861346038,-0.657599726917387,1.9965010631418099,0.598,0.001,0.0356
0.0112,-0.007568,-0.037354,1.288574,0.549622,-1.447083,0.161896,0.5990475338193763,-0.00016408041407642236,0.008072024984239999,0.11430340904856776,-0.6711171577212545,1.9984563675753597,0.601,0.002,0.0356
0.0123,0.044922,-0.022705,1.375244,-0.091248,-2.393127,0.894318,0.6011414268035171,-9.093040144038389e-05,0.008206079913218815,0.10173682097648244,-0.7268264911494547,2.0094922710355125,0.603,0.002,0.0356
0.0116,-0.026611,-0.108887,1.207275,-0.549011,-2.48468,-0.051727,0.6030550005145568,-2.1611151241955917e-05,0.008175819327959041,0.02801166600532129,-0.7402883855599652,2.009569683068195,0.604,0.002,0.0356
0.0125,0.100098,0.039062,1.321533,1.95343,2.642273,-1.9133,0.6052681824689962,5.365516253762872e-05,0.008445335835276329,0.07763633067350498,-0.7667166397740605,1.9852641990465516,0.607,0.002,0.0356
0.0118,-0.026611,0.01123,1.46875,1.678772,0.597595,0.131378,0.6072560949053799,0.00012255285982814765,0.008413004271373094,0.10478917388529696,-0.7454976373899094,1.9867642208614495,0.609,0.002,0.034
0.012,-0.047607,-0.067383,1.243164,1.251526,3.618835,-0.082245,0.6094343946160216,0.00020022960703913097,0.008333070437897334,0.07966189430295202,-0.6744100359704478,1.9863326258745126,0.611,0.002,0.0356
0.0121,0.023438,-0.009277,1.294678,2.136536,5.297302,-1.516571,0.6114586643855063,0.00027003601617601753,0.008424591180937455,0.1018733474281722,-0.6267434023315432,1.96806989269244,0.613,0.002,0.034
0.0125,-0.099609,-0.016846,1.284912,0.885315,-1.935364,-0.02121,0.6135486715322271,0.00034402394254067837,0.008213542205592679,0.10446965911906117,-0.5932779635433676,1.9680076091281828,0.614,0.002,0.034
0.0115,0.051758,-0.002441,1.327393,0.549622,0.994324,0.467072,0.6155691830780368,0.0004123156039210578,0.008367252852713418,0.11088376162206044,-0.6144736476036458,1.9732954757220187,0.617,0.002,0.034
0.0118,0.026855,0.018066,1.333008,-0.213318,0.689148,1.443634,0.6173899361298465,0.0004740957457457283,0.00845766945896055,0.12022769173788345,-0.6241700205175061,1.9901910076435425,0.619,0.002,0.0356
0.0125,-0.033691,-0.009521,1.133057,-0.884705,2.062439,-0.204315,0.6195147865257793,0.000548664922753807,0.008403878607816348,0.1047585402343977,-0.5792730978253166,1.9877784602871569,0.621,0.002,0.034
0.0122,-0.009033,0.014893,1.442871,-0.579529,4.473328,-1.760712,0.6214413048824472,0.0006153432621746863,0.00841267220805865,0.10735959565370881,-0.522279383670715,1.966336922565756,0.623,0.002,0.034
0.0111,-0.056396,0.012939,1.32373,0.000305,-2.698303,-1.9133,0.6230406822111524,0.0006708644029179223,0.008305323189689486,0.11670746472523717,-0.5222256303929872,1.9450559406024872,0.624,0.002,0.034
0.014,0.130371,0.028076,1.238037,0.458069,1.085876,-4.598846,0.6252388608113961,0.0007430344404915836,0.008662901174970618,0.14266865533161216,-0.591399206789661,1.880393895636706,0.627,0.002,0.0324
0.0112,0.007812,-0.061279,1.292236,-1.372986,-2.332092,-3.957977,0.6269789035281832,0.0008015607262018905,0.008712796549786423,0.09262764692693116,-0.6244935677880395,1.8363423698322452,0.628,0.003,0.0324
0.0108,-0.034912,-0.036865,1.242432,1.892395,-0.531555,-3.256073,0.62872329267013,0.000859034939783767,0.008657598929431017,0.09230376476945365,-0.6111454477839287,1.8014333834050034,0.63,0.003,0.0308
0.0122,0.011475,-0.043457,1.525635,-0.06073,-0.836731,-0.692596,0.6306920314131673,0.0009215218162186249,0.008707797781641302,0.07110688319491776,-0.6281464533124356,1.7931450593625593,0.632,0.003,0.0308
0.013,-0.059082,-0.099609,1.192139,0.915833,-3.308655,-0.631561,0.6325911370690585,0.0009850858307808529,0.008593123359350687,0.021105591025772533,-0.6356861671714776,1.785666325044244,0.633,0.003,0.0291
0.0114,0.020508,-0.008057,1.23877,0.763245,1.909851,-5.483856,0.6342764196226311,0.001036730000351613,0.008674067723843625,0.028077555779011727,-0.6294803895769132,1.7230874916483658,0.636,0.003,0.0259
0.0123,-0.013672,-0.015869,1.304688,-1.678162,0.170349,-0.02121,0.6361515671531732,0.0010937432738556375,0.008671991761378412,0.000752785217063242,-0.6215175854211431,1.7229242906743651,0.637,0.003,0.0259
0.0112,-0.118652,-0.106934,1.338867,0.152893,-0.775696,-1.15036,0.6378347402921895,0.0011505503031955908,0.008435120609223606,-0.05571033725662554,-0.5645110701523516,1.7109428615814872,0.639,0.003,0.0243
0.0124,-0.00293,0.080811,1.192383,2.0755,-0.287415,3.305206,0.6396814108408376,0.0012048816726197135,0.008455407137110947,0.02500391742948022,-0.5698060962336553,1.751572161459172,0.641,0.003,0.0243
0.0122,0.003174,-0.068604,1.222168,-1.220398,-1.935364,5.319366,0.6415161704071023,0.0012611790723016864,0.008497686223708112,-0.03087213735483389,-0.5986008280247579,1.8167090074307488,0.642,0.003,0.0259
0.0118,-0.026855,-0.042725,1.32373,-2.166443,-4.590393,-1.425018,0.6432506200553112,0.0013175640481405924,0.008463524004745478,-0.07778847810623067,-0.6389802506863878,1.8002017026057755,0.645,0.003,0.0243
0.0123,-0.006348,-0.023193,1.384766,-3.265076,-3.735901,1.535187,0.6450086762989786,0.0013731141264178728,0.008474441792721782,-0.12722271214291847,-0.6824704458263179,1.8192567489347469,0.646,0.003,0.0275
0.0123,0.019287,0.083496,1.258057,-0.121765,-1.050354,-2.645721,0.6468580235213837,0.0014301607102512822,0.0085447675101705,-0.07316554714624118,-0.7090484868427777,1.7861681899492694,0.648,0.003,0.0259
0.0111,0.023682,0.068115,1.277344,-0.487976,2.42865,-9.756317,0.6484490683064243,0.0014780667787386644,0.008623531534665212,-0.032715254652224406,-0.6982753790159059,1.677344392699291,0.649,0.003,0.0243
0.0122,-0.061279,-0.013428,1.344238,-2.044373,0.200867,-6.490936,0.6501704549707642,0.0015303013535057104,0.008513298085959018,-0.06109389739181821,-0.6620586183962544,1.5983433994909575,0.651,0.003,0.0243
0.0123,0.065186,0.026611,1.346191,-0.915222,0.445007,-6.674042,0.6519016419345457,0.0015764044692900504,0.008682491886220578,-0.05280198762327603,-0.6954822681772648,1.515909779352833,0.653,0.003,0.0227
0.0123,0.023682,-0.023682,1.277588,-1.18988,3.100037,-12.350311,0.6535604403813599,0.0016197864113967314,0.008766409634045371,-0.07639419715250305,-0.673862710217437,1.3639819665527442,0.654,0.003,0.0194
0.0116,-0.030762,0.055176,1.285645,-3.265076,-1.325012,-10.519257,0.654981982162645,0.0016534385242738055,0.008717116602976438,-0.07584676538425113,-0.6727398015757774,1.2416828462716116,0.656,0.003,0.0178
0.0123,-0.037109,-0.074219,1.318359,-2.319031,0.933289,-7.467499,0.6567476404545429,0.0016933069189977036,0.008663187240176489,-0.14273165650569736,-0.641544998693171,1.150221191601408,0.658,0.003,0.0178
0.0113,0.086182,-0.003662,1.287598,0.122375,4.015564,-6.002655,0.6583938100134706,0.0017236459833758337,0.00888797766060482,-0.13853344104582155,-0.6501943000693416,1.0820219469052739,0.659,0.003,0.0162
0.0127,-0.026123,-0.073486,1.278076,0.274963,5.32782,-7.314911,0.659911812560393,0.0017542858291195772,0.008857377000269805,-0.17397613600178533,-0.5699123519775878,0.9893602188251573,0.66,0.003,0.0113
0.0118,0.053467,0.157959,1.493652,-1.342468,0.933289,-16.622772,0.6611961163919036,0.0017721754276087396,0.008979104944259986,-0.10307645140661574,-0.5885482313775316,0.7923030627061302,0.661,0.003,0.0081
0.0115,-0.007324,0.099854,1.158936,-0.518494,1.66571,-13.143768,0.6625415098726526,0.0017880670747169073,0.008989018115816394,-0.03749762092754374,-0.5687371231976559,0.6404664053979257,0.663,0.003,0.0081
0.0123,-0.005127,-0.062744,1.455322,0.335999,1.116394,-10.061493,0.6642510438022259,0.0018083555210887026,0.009003455511125818,-0.06244717594310226,-0.5544333827477606,0.5169661782353303,0.665,0.003,0.0049
0.0125,0.05127,-0.024902,1.309082,-0.457458,-2.026917,-6.674042,0.6658740103347988,0.0018228013094990345,0.00914221395087545,-0.07848584801457992,-0.6126112637761076,0.4336262979765762,0.666,0.003,0.0049
0.0114,0.017334,-0.050781,1.147949,0.183411,7.311462,-10.366669,0.6672865637977176,0.001834609930259714,0.009216878296000403,-0.1052275735422965,-0.5454306105882586,0.3155911579095253,0.667,0.003,0.0
0.0121,-0.015137,-0.001709,1.379639,-0.762634,-0.714661,-8.352509,0.6687146156590534,0.0018425148587942457,0.009208371014319885,-0.11063094184738952,-0.5483362634656138,0.21452422931780973,0.669,0.003,0.0
0.0125,-0.001953,-0.039795,1.369385,-2.227478,-1.111389,-6.704559,0.6703581990988491,0.0018495829008440521,0.009228737709789596,-0.1559242964307125,-0.5637899309471899,0.13093103747415233,0.671,0.003,0.0
0.0113,0.06543,-0.002197,1.209717,-0.884705,1.116394,-3.072968,0.6719093334886551,0.0018512507759132458,0.0094115537946345,-0.16227405239496004,-0.5963559403003169,0.09599061094245051,0.672,0.003,-0.0032
0.0122,-0.029541,-0.065674,1.207764,-0.762634,0.65863,-3.530731,0.6734290095594372,0.0018568709366679963,0.009369060286131086,-0.20805343833902318,-0.5730057988026411,0.053391164262419195,0.673,0.003,-0.0032
0.0119,-0.001709,0.025146,1.424072,-1.281433,-1.508118,-4.781952,0.6749461315303541,0.0018570884168863362,0.009388312035906688,-0.20430335773292152,-0.5920978614768766,-0.0036733296473341237,0.675,0.003,-0.0065
0.0122,0.048584,0.012695,1.217285,-0.640564,1.146912,-6.704559,0.6765789664698549,0.001854739098579525,0.00953054026299893,-0.1981240122726374,-0.612338819400798,-0.08580311487858157,0.677,0.003,-0.0049
0.0116,-0.033936,-0.034424,1.407715,0.000305,-0.409485,-9.115448,0.6780588088002014,0.0018541926896274905,0.009483969167681043,-0.21112917790393784,-0.6006246569865552,-0.19128972366701702,0.678,0.003,-0.0081
0.0126,-0.023682,0.065186,1.303711,0.549622,-4.407288,-5.270233,0.6796595608150273,0.0018464149451157892,0.009458999364325532,-0.16025936223464332,-0.6443830807563831,-0.2580397775291608,0.68,0.003,-0.0081
0.0116,0.015137,-0.030762,1.358154,0.763245,0.506042,-4.568329,0.6814104737058676,0.001839094409514026,0.009515565325420049,-0.16395988107427084,-0.6489508914887778,-0.31090160295453095,0.681,0.003,-0.0081
0.0124,-0.031982,-0.090088,1.388184,1.251526,-0.440002,-2.187958,0.6831596320333129,0.0018331354222289214,0.009473785396718542,-0.19369098975479945,-0.638231820024168,-0.3373699972176495,0.683,0.003,-0.0097
0.0123,-0.010742,-0.075439,1.326172,-0.030212,1.452087,-2.523651,0.6845865517964517,0.0018272774927044733,0.009472759168318575,-0.2325964689783041,-0.6163991545614922,-0.36797812497157073,0.684,0.003,-0.0097
0.0112,-0.020996,-0.036865,1.30249,0.763245,0.41449,-4.537811,0.6859253888435158,0.0018202542592427524,0.009450117532573726,-0.24010957904810729,-0.601976421140244,-0.4185714665325112,0.686,0.003,-0.0113
0.0124,-0.003906,0.020508,1.393799,0.030823,0.078796,-3.134003,0.6874318706111878,0.0018083605912155767,0.009466099033275145,-0.22293481913993937,-0.6009332164464526,-0.4576262871177196,0.688,0.003,-0.013
0.012,0.022949,0.083984,1.348877,-0.579529,1.330017,-8.596649,0.6888949008477335,0.0017928851473182274,0.009540015112860954,-0.17617178428800628,-0.6007401108822913,-0.5615308756131143,0.689,0.003,-0.013
0.0124,-0.069336,0.107422,1.2229,-2.227478,-2.515198,-9.451141,0.6903104478937581,0.0017762773254064825,0.009415452235144095,-0.13059266100660857,-0.5918560806804983,-0.6793740340960132,0.691,0.003,-0.0162
0.0118,-0.021973,-0.077637,1.368164,-1.678162,-1.325012,-7.864227,0.6918802258203598,0.0017595782890233763,0.009391916299120413,-0.18870193197107754,-0.5974168046411161,-0.7717121079170075,0.692,0.003,-0.0146
0.012,0.026123,-0.000732,1.307617,-0.793152,-1.080872,-6.094208,0.6934330708818905,0.001737997928725582,0.009471333577278045,-0.1930588837204512,-0.628318981416874,-0.8448866324494826,0.694,0.003,-0.0162
0.0113,-0.042725,-0.065186,1.249512,-2.746277,-1.386047,-4.110565,0.6948014073066291,0.0017200822389966419,0.00939926552275059,-0.25827732608043,-0.620403709003966,-0.8908386146309476,0.695,0.003,-0.0194
0.0125,0.0271,-0.068848,1.342773,0.091858,1.696228,-1.119843,0.6960940392063749,0.001700632219284919,0.009472870700687457,-0.29086088697512635,-0.6169507489749424,-0.9046430133559701,0.696,0.003,-0.0194
0.0116,-0.083496,-0.102295,1.33667,1.098938,1.604675,-0.997772,0.6972620005031075,0.0016868345879381538,0.009321885712443379,-0.33072287452893345,-0.5530904981393603,-0.9155766249177575,0.697,0.003,-0.0194
0.0123,-0.013184,-0.015381,1.295166,-0.823669,0.53656,-0.295868,0.6986334533983873,0.0016653183913387676,0.009318477788480238,-0.3435838524864447,-0.5418194844141991,-0.9192037223066242,0.698,0.003,-0.0194
0.0116,-0.003418,-0.021973,1.258789,0.580139,-0.378967,-6.18576,0.7000077566268236,0.0016433669606548006,0.009335359045836485,-0.34317950933957686,-0.5479250664560206,-0.9908860558579532,0.7,0.003,-0.0178
0.0121,0.04834,0.057861,1.328369,0.94635,-0.043274,-6.460419,0.7014034473606858,0.001615971974786335,0.009458792928149115,-0.29157156465312145,-0.5795609116687945,-1.0695793384687242,0.701,0.003,-0.0162
0.0123,-0.022461,0.034668,1.246826,-0.091248,-0.165344,-7.650604,0.7027996915018483,0.0015894569871065288,0.00943836341179201,-0.2645036323580342,-0.5713566905219088,-1.1638874355877562,0.702,0.003,-0.0194
0.0118,-0.005127,0.013428,1.287842,-0.915222,-0.226379,-7.223358,0.7040973524241586,0.0015626313032544303,0.009452030704708929,-0.26079955109100456,-0.5742504506048254,-1.2492399832784855,0.704,0.003,-0.021
0.0121,0.056641,0.024902,1.307861,-0.610046,0.963806,-7.559052,0.7054443042908229,0.0015311260264924975,0.009591176512033606,-0.24719042463590063,-0.5989613259011102,-1.341069911367637,0.705,0.003,-0.0227
0.0124,-0.056641,-0.073486,1.354736,-1.495056,0.750183,-3.500214,0.706741188771214,0.0015034401502145589,0.00949931935127617,-0.3013478160178609,-0.5601420815580278,-1.3840578606445528,0.706,0.003,-0.0227
0.0122,-0.033936,-0.067139,1.341064,-0.671082,-2.148987,1.718292,0.7082848375923245,0.0014680915978684899,0.009453168420461889,-0.34216692878352656,-0.5692616639991478,-1.362578765722108,0.708,0.003,-0.021
0.0115,-0.003662,-0.11084,1.305176,-0.304871,1.055359,-0.784149,0.7096241766439533,0.0014379279837982847,0.009463205743790235,-0.4039875483364431,-0.5579506225690986,-1.3711693750773843,0.709,0.003,-0.0227
0.0116,0.032471,0.02002,1.242432,0.030823,0.353455,-1.455536,0.7108290165186385,0.0014066651614500574,0.009556206682033424,-0.3840494332041053,-0.5773600213409998,-1.388416735589486,0.71,0.003,-0.0227
0.0127,-0.015625,-0.020264,1.268066,-0.1828,-0.012756,-4.293671,0.7120354193522296,0.0013780906785662334,0.009545986226508648,-0.39120273534331623,-0.5714153444705653,-1.4428539068224777,0.712,0.003,-0.0243
0.0114,0.045654,0.071533,1.312256,0.091858,1.452087,-5.666962,0.7135267984595121,0.001336652619676547,0.00966502821407444,-0.34117965775981207,-0.584727513017979,-1.5082177518178086,0.713,0.003,-0.021
0.0125,-0.042969,0.156494,1.343262,0.397034,0.383972,-8.383026,0.715083340926158,0.0012923764611368932,0.009618228056690943,-0.2408073010192311,-0.5587438117266272,-1.6139369897639004,0.715,0.003,-0.0227
0.0115,-0.006836,0.03125,1.34375,-0.884705,-0.745178,-7.162323,0.7164052830046753,0.0012542578640111137,0.00962935127260091,-0.22708817905583953,-0.5663443232241786,-1.69649369696451,0.716,0.003,-0.0227
0.0126,-0.02124,-0.040283,1.287842,0.732727,1.177429,-6.399384,0.7175895847015765,0.0012199776747036835,0.00960711398163221,-0.23597084386318257,-0.5422913820180079,-1.7770076484145723,0.717,0.003,-0.0243
0.0113,-0.000732,-0.066895,1.270752,0.122375,-1.080872,-3.713837,0.7188883263151192,0.0011808393162609843,0.009624344311865367,-0.26914529248017016,-0.5574211768615305,-1.818607580216105,0.718,0.003,-0.0243
0.0125,0.075928,-0.020752,1.308594,-1.769714,-0.317932,-2.462616,0.7204602661302257,0.001129803184581571,0.009794867078465264,-0.29730408747267045,-0.608675636014157,-1.8494125167451332,0.72,0.003,-0.0227
0.0124,-0.053955,-0.047852,1.37207,-1.586609,0.078796,-1.608124,0.721837209878941,0.0010873103960971936,0.009714278698255812,-0.337540913584012,-0.5796751207900797,-1.8690504090852527,0.721,0.003,-0.0243
0.0116,-0.026123,-0.006836,1.348389,-0.610046,-0.958801,0.589142,0.7230029057618158,0.0010496531624206303,0.009685168436970452,-0.3423052577138599,-0.578217475931411,-1.8621357429791348,0.722,0.003,-0.0227
0.0119,0.008057,-0.103516,1.252197,-1.159363,0.811218,3.152618,0.7243643800379754,0.0010071753512642591,0.009718859382479616,-0.4128965304049705,-0.5763968874733514,-1.8241500515843712,0.724,0.002,-0.0227
0.0124,0.032471,-0.073242,1.293945,-1.06781,-0.623108,-1.791229,0.7257762462518786,0.0009623667101424458,0.009800346399544605,-0.4619419569148193,-0.6061631356661644,-1.8460380034552208,0.725,0.002,-0.0243
0.0115,0.021484,0.018555,1.199707,-1.037292,0.506042,-4.324188,0.7270339727366115,0.0009196518536932133,0.009871080287846862,-0.45359044967971585,-0.6176917763288189,-1.8961491375258683,0.726,0.002,-0.0243
0.0118,-0.044434,0.009766,1.289062,-0.457458,0.719666,-2.615204,0.7283322467211997,0.0008774644783459288,0.00980920470647319,-0.4452943912007718,-0.5855734059369498,-1.9271049147743524,0.727,0.002,-0.0227
0.0122,0.000977,0.025879,1.379395,-0.701599,-1.233459,-5.239716,0.7296976540898644,0.0008303943842157891,0.009833979259153018,-0.4315076282924869,-0.6036694127533033,-1.9911668846734538,0.728,0.002,-0.021
0.0124,-0.01123,0.028809,1.145508,0.122375,1.085876,-6.704559,0.7309059792747112,0.0007873314024877182,0.00983809153362966,-0.4022554928108042,-0.58712695572833,-2.074686764325348,0.73,0.002,-0.0243
0.0118,0.002686,-0.01709,1.206543,0.183411,-0.256897,-9.329071,0.732179260756514,0.0007411793112377903,0.009866700758363583,-0.4026617825754251,-0.5959243495303926,-2.1847265374359033,0.731,0.002,-0.0243
0.0125,0.020996,-0.014893,1.309082,-0.549011,-3.522278,-6.368866,0.7337336633862448,0.0006813968264514906,0.009928446577339803,-0.41036974361262035,-0.6548335967247831,-2.264053022300988,0.732,0.002,-0.0259
0.0116,0.031006,-0.031982,1.30127,1.373596,-0.409485,-3.317108,0.7351873642931737,0.0006237437590539877,0.010007677470300734,-0.4059248761715246,-0.6799555357508618,-2.3024091641671642,0.734,0.002,-0.0243
0.0124,0.028564,-0.043213,1.332764,0.213928,0.750183,-2.27951,0.7364564909303987,0.0005729906596814261,0.010077477421493938,-0.42084836822815924,-0.6888087097000499,-2.3305580426297765,0.735,0.002,-0.0243
0.012,-0.028809,-0.027588,1.373047,0.519104,0.048279,-0.814667,0.7376321021133001,0.0005264610856597288,0.010043221075717507,-0.4229458382064506,-0.6733608919263768,-2.3401525235101177,0.736,0.002,-0.021
0.0112,0.016602,-0.134766,1.341064,2.71637,3.100037,3.091583,0.7388458374105483,0.0004804215244739107,0.010084067999087426,-0.46246232748079336,-0.6496118007295244,-2.3048966692454647,0.737,0.002,-0.021
0.0126,0.081787,0.034424,1.459229,2.624817,0.231384,-0.204315,0.7401909170094657,0.0004211462194963071,0.010240309921234165,-0.4044522096178724,-0.6905359919141442,-2.3081565360969822,0.738,0.002,-0.021
0.0113,-0.040527,-0.022461,1.313477,0.488586,1.757263,-3.225555,0.741495871188433,0.0003705899503031403,0.010186503432530865,-0.4046856437320963,-0.6490307962387118,-2.344516352799157,0.74,0.002,-0.021
0.0125,0.016602,0.054199,1.414307,2.228088,1.482605,-0.845184,0.7429065849343465,0.000309506392364009,0.010239737331214669,-0.34097056906588386,-0.6410334212145519,-2.3557858048604485,0.741,0.002,-0.0194
0.0115,-0.020264,-0.061768,1.302002,1.739807,2.184509,-2.432098,0.7442455825006469,0.000257251697168327,0.010221084713002732,-0.35079184780045325,-0.6065169127410354,-2.3834247274420637,0.743,0.002,-0.021
0.0127,0.019287,0.063721,1.403809,0.82428,0.719666,-1.638641,0.7456406942386231,0.00019541894538628802,0.01027954285616516,-0.2993324250522337,-0.6098942795816442,-2.40492500723155,0.744,0.002,-0.021
0.0123,0.043945,-0.046143,1.247559,0.122375,3.344177,-7.162323,0.7470342009065329,0.0001370339179766693,0.010384823840944964,-0.31921100486901904,-0.5993334410361447,-2.4930593741676828,0.745,0.002,-0.0227
0.0122,0.018066,0.03125,1.313477,-0.365906,1.54364,-4.751434,0.7483011296867574,7.894633459189431e-05,0.010441917930123295,-0.29875825306376264,-0.5939854498847975,-2.551566757789989,0.747,0.002,-0.0227
0.0112,0.002686,-0.113525,1.167969,-0.549011,3.496765,2.053986,0.7495485129049989,2.933858340568004e-05,0.010463679957326283,-0.3727653508974327,-0.560394155272226,-2.527779536277884,0.748,0.002,-0.0243
0.013,-0.057861,-0.030762,1.467529,1.282043,-2.545715,1.74881,0.7509133318060969,-2.778318801864393e-05,0.010388032416000108,-0.3662131693765137,-0.5647339743885833,-2.504490376588794,0.749,0.002,-0.0227
0.0112,0.073242,-0.062256,1.137207,0.976868,1.207947,-0.753632,0.7522314574724457,-8.686114637211273e-05,0.010559633158950924,-0.3899870096594286,-0.6044668285459223,-2.512889248605281,0.75,0.002,-0.0243
0.0122,-0.037354,-0.014648,1.431641,2.472229,0.41449,6.143341,0.7535545693118267,-0.00014305090232994677,0.010517697701131984,-0.36217188528160427,-0.580668212169608,-2.437794849408104,0.752,0.002,-0.0227
0.0115,-0.122559,-0.208252,1.144043,0.793762,0.200867,5.685577,0.7547814879550601,-0.00017602617684101378,0.010285245810493572,-0.48193023284775355,-0.502394127993961,-2.3698932764600595,0.753,0.002,-0.0227
0.012,-0.034912,-0.029053,1.407959,1.129456,-0.440002,3.396759,0.7559870868592142,-0.00022303945016960818,0.010245876286538499,-0.4770798340453076,-0.4911819450868506,-2.3287831155988634,0.754,0.002,-0.0227
0.0128,0.035645,0.006836,1.157715,2.594299,-0.104309,0.528107,0.7574822221201509,-0.000288706297651978,0.010345532763690697,-0.43168888859287036,-0.5207253718727569,-2.3225183226526567,0.756,0.002,-0.0194
0.0112,0.023438,0.008789,1.380615,0.732727,5.20575,15.054474,0.7587572352464155,-0.0003435448821135455,0.010407928856641917,-0.41303273300003585,-0.47759037703239265,-2.1546825757731516,0.757,0.002,-0.0178
0.0119,-0.215088,-0.073242,1.28418,0.702209,-0.836731,9.744415,0.7598086171608232,-0.0003639693839851324,0.010047659603563273,-0.4414474530181644,-0.3651004010427493,-2.0367899383603465,0.758,0.002,-0.0194
0.0127,-0.051025,-0.023682,1.345459,-0.1828,0.231384,5.746613,0.7609455070619224,-0.00040063886071016355,0.009981630572863765,-0.45039467957223595,-0.3372841941767346,-1.9634773248050357,0.759,0.002,-0.0178
0.0115,-0.008545,0.025879,1.254883,0.152893,1.116394,11.758575,0.7622384258904213,-0.00044529500509234415,0.009992641960821134,-0.4261049426418419,-0.3238906798157135,-1.8284403322024054,0.76,0.002,-0.013
0.0123,-0.125977,-0.174561,1.152588,1.190491,1.330017,12.735138,0.7635077416776522,-0.00047420283923047164,0.00976885709021878,-0.5181427448840623,-0.23130686615784796,-1.67073884612816,0.761,0.002,-0.0113
0.0119,0.054688,0.161377,1.482666,1.373596,-1.416565,9.103546,0.7644936331677099,-0.0005070734615866809,0.009876309738155837,-0.41239710456636475,-0.28014897283826146,-1.562738942225868,0.762,0.002,-0.0113
0.0126,-0.019531,-0.003906,1.316895,1.83136,4.290222,5.471954,0.7654951398065644,-0.0005336422918279047,0.00986662144853189,-0.3850982186456136,-0.2205635457197788,-1.494107339389396,0.763,0.002,-0.0081
0.0117,-0.061279,0.006592,1.375244,1.678772,-2.332092,4.861603,0.766607335436591,-0.0005585908880340288,0.009788209439974561,-0.3555990391896939,-0.21910506092295604,-1.436696500319733,0.764,0.002,-0.0065
0.0113,0.087158,-0.037842,1.233154,0.976868,0.170349,6.021271,0.7676555967685988,-0.0005933942453127108,0.009968808526237724,-0.3616787448287513,-0.2774151656718752,-1.369404010256402,0.765,0.002,-0.0049
0.0128,-0.019043,0.083252,1.531982,-0.091248,1.54364,8.096466,0.7686090535712526,-0.0006157193356821753,0.009961939682376672,-0.3157167468307254,-0.2522642295763706,-1.2659158091375562,0.766,0.002,-0.0032
0.0119,-0.122314,0.008301,1.052734,-0.304871,-1.630188,2.694855,0.7694210450029347,-0.0006241662092719308,0.009733941931218034,-0.3068104234746786,-0.19124213163125772,-1.2329212384431543,0.767,0.002,-0.0032
0.0113,-0.01709,0.012207,1.435059,-0.304871,2.42865,4.556427,0.770522631952784,-0.0006471598864959055,0.009729868430493475,-0.2981771385571296,-0.16065223845440846,-1.1815135093416778,0.768,0.002,-0.0016
0.0124,0.05957,0.060791,1.468018,1.037903,-2.026917,1.352081,0.7716556088005471,-0.0006732022374562403,0.009840146158495672,-0.24839953649587673,-0.22243847936026206,-1.1648597223731745,0.768,0.002,0.0
0.0124,0.000488,0.020264,1.268555,-1.037292,0.689148,2.176056,0.7724363724064384,-0.0006894034575571364,0.009864030185284065,-0.24358433887733555,-0.22082754722410938,-1.1379530493225745,0.769,0.002,0.0
0.0117,-0.023438,0.005127,1.209473,0.763245,0.65863,5.227814,0.7733256601194022,-0.0007063301393970893,0.009846122400355262,-0.22622269039640236,-0.20524757898928786,-1.0767623700384459,0.771,0.002,0.0
0.0122,0.083008,-0.008301,1.584473,0.854797,-0.836731,1.596222,0.7742998736275272,-0.0007280633497629759,0.009976654680486327,-0.2153603809610098,-0.26028716213748165,-1.0575346178478202,0.771,0.002,0.0016
0.0114,0.056152,-0.045898,1.186768,-1.18988,-1.019836,0.039825,0.7751589133746417,-0.0007471004884050918,0.010100215575036792,-0.25299052563934976,-0.314685109226843,-1.0572467494366984,0.772,0.002,0.0016
0.0126,0.050537,0.042236,1.2771,1.526184,3.801941,-2.798309,0.776159127362582,-0.0007692758026382212,0.010208570088901307,-0.2031240625047616,-0.30324351521093534,-1.0930921732746253,0.773,0.002,0.0
0.0122,-0.009521,-0.04248,1.327148,0.702209,-2.332092,6.845245,0.777134961543161,-0.000787160764463022,0.010212124305001721,-0.214764421022583,-0.33105311601590065,-1.0093542522083945,0.774,0.002,0.0032
0.0118,-0.006592,-0.086182,1.305908,0.183411,3.069519,3.854523,0.7781082607921425,-0.0008028423237844382,0.010221394411637651,-0.2582255746307345,-0.2964559000675743,-0.9637613552451444,0.775,0.002,0.0032
0.0121,0.030762,0.071045,1.209229,-0.243835,0.322937,2.63382,0.7790449485817752,-0.0008229294996172111,0.010298790393355238,-0.21090489129380605,-0.3181421994038394,-0.932422369852579,0.776,0.002,0.0049
0.0116,-0.072754,-0.036621,1.301025,-0.610046,-1.630188,9.286652,0.7800900829999973,-0.0008363473759342798,0.010201054647035726,-0.23504562714078475,-0.29921548932226594,-0.8242737144017548,0.777,0.002,0.0065
0.0125,0.010742,0.022949,1.389893,0.305481,-1.569153,4.373322,0.7812020779423343,-0.0008537570010420789,0.01023682171552957,-0.21389604280551372,-0.32939973183561466,-0.7697012348596399,0.778,0.002,0.0049
0.0118,-0.026611,-0.049316,1.13916,-0.854187,-0.287415,7.821808,0.7824649366079898,-0.0008689438277091456,0.010212693059024341,-0.2520942624293542,-0.32112474003884406,-0.6771513316753899,0.779,0.002,0.0049
0.0117,0.061279,-0.026855,1.483887,1.495667,-0.714661,3.396759,0.7836394921287952,-0.0008855992540252471,0.010316816345389326,-0.24377242025100485,-0.36505885278721706,-0.6375746953671162,0.78,0.002,0.0065
0.0125,0.008057,0.031494,1.206787,1.190491,-1.111389,3.366241,0.7847202901597506,-0.000899684415448321,0.010352800683732193,-0.20385230012297528,-0.38937629494500864,-0.5957240901063013,0.781,0.002,0.0097
0.0113,0.04126,-0.054688,1.287354,0.397034,7.006287,6.173859,0.7856740854176586,-0.0009105509544272826,0.010440525339977948,-0.2273132250058366,-0.33999478904865094,-0.5262198293159766,0.782,0.002,0.0113
0.0124,-0.213623,-0.053467,1.243896,1.098938,-7.031799,8.584747,0.7866577031640694,-0.000907055339088263,0.01011191350572435,-0.24154914506021313,-0.30286999661611846,-0.41825823462734274,0.783,0.002,0.0113
0.0116,0.062988,-0.070068,1.221924,0.366516,3.832458,5.014191,0.7878103717021369,-0.0009197456323548906,0.010241259469123184,-0.2757803099062763,-0.30394383218780735,-0.36055898090957983,0.784,0.002,0.0097
0.0123,0.02002,0.032715,1.422119,0.427551,-1.325012,4.434357,0.7890398254272867,-0.0009298564304713556,0.010289116605360828,-0.24790713354389837,-0.3354088697448073,-0.3062186816204278,0.786,0.002,0.0097
0.0122,-0.006592,-0.028076,1.13501,0.519104,2.398132,1.016388,0.7902475128415174,-0.0009361236743693,0.010302684788030076,-0.254873482051532,-0.308508562960801,-0.29388806049120175,0.787,0.002,0.0097
0.0114,0.02002,0.083984,1.534912,-0.030212,2.42865,-1.180878,0.7911761166093947,-0.0009440311969678225,0.010345985235778708,-0.2084956834242012,-0.29529700385091195,-0.3078686625562337,0.787,0.002,0.0113
0.0123,-0.012451,0.009277,1.147217,0.915833,1.940369,8.859406,0.7921232259690251,-0.00094946989320919,0.01034761671080044,-0.1863979979773062,-0.26985410477327487,-0.19903990961625828,0.788,0.002,0.0178
0.0123,-0.130127,-0.148926,1.324707,0.030823,2.092957,3.335724,0.7930786019636357,-0.0009441667420262878,0.010173276412751396,-0.26625875930247,-0.17598313231445584,-0.15725613603349184,0.789,0.002,0.0146
0.0114,-0.043701,-0.056641,1.342529,0.030823,-3.949524,2.786407,0.7940823769086834,-0.0009445365095288373,0.010127507028228858,-0.29276427632969637,-0.2022003079298563,-0.125044120475339,0.79,0.002,0.0146
0.0126,0.047607,-0.065674,1.388672,0.397034,4.076599,-1.791229,0.7951901576654716,-0.0009511000818931063,0.010217634626255601,-0.31817998393087416,-0.1837014301553073,-0.14822496488763962,0.791,0.002,0.0146
0.0117,0.028809,0.083252,1.354248,1.251526,1.330017,-2.187958,0.7961137449065924,-0.0009574357711597867,0.010279768734930982,-0.25088616157659593,-0.19110159164231308,-0.17429191345480968,0.792,0.002,0.013
0.0117,-0.03125,0.016113,1.265381,-0.030212,-1.447083,4.159698,0.7969331002926238,-0.0009589254483750364,0.010251036839420228,-0.23623250194666057,-0.19578846601356364,-0.12548109658111942,0.793,0.002,0.0178
0.0129,-0.097412,-0.309326,1.400391,-0.335388,2.581238,8.737335,0.797908396076152,-0.0009533077889232532,0.010140605564962034,-0.3984026358030058,-0.11708453488563365,-0.012226097931413497,0.793,0.002,0.0194
0.0115,0.029053,0.060547,1.130859,0.763245,-2.698303,2.572784,0.7986953066878092,-0.0009583416021885388,0.010213683978277315,-0.34172335941547344,-0.17597619068139306,0.017122212586590354,0.794,0.002,0.0178
0.0122,0.072266,-0.057861,1.188232,-0.121765,1.207947,1.87088,0.7997489993871089,-0.0009659667527019191,0.010356323941137748,-0.37373501706273,-0.2152035269751246,0.039184454542944426,0.796,0.002,0.0178
0.0117,0.052979,0.079834,1.497314,0.702209,-0.47052,-0.387421,0.8007308433219832,-0.0009722724909691691,0.01044160974989614,-0.31875199390617814,-0.2529542729793091,0.03397762662996454,0.796,0.002,0.0162
0.0123,-0.039307,0.038818,1.163818,-0.549011,-0.989319,3.579865,0.8016846293182006,-0.0009706037201467096,0.010397398516279346,-0.293766479998898,-0.2461071554381885,0.07809809284824684,0.798,0.002,0.0178
0.0123,0.053955,-0.058594,1.349854,0.213928,3.801941,3.335724,0.8026183582795039,-0.000972901110416007,0.01049535007574629,-0.31871224755593774,-0.23596144447429618,0.11862608941703628,0.798,0.002,0.0194
0.0115,0.007324,0.003906,1.342285,0.06134,-0.745178,-0.570526,0.8034230598919918,-0.0009730996312726481,0.010524020282290488,-0.3097718880484865,-0.2546752563834874,0.11192989806698483,0.799,0.002,0.0194
0.012,-0.058105,-0.040527,1.300049,-0.487976,-4.2547,-0.478973,0.8041798629826374,-0.0009667326162517475,0.010456034784007886,-0.3333501213877074,-0.2772195775813331,0.10694356039716227,0.8,0.002,0.021
0.0121,0.021484,-0.144775,1.247314,0.458069,3.405212,4.739532,0.8053166935169569,-0.0009635093476884025,0.010512530291582816,-0.4095995087976134,-0.2553167514656824,0.1643366772111305,0.801,0.002,0.0194
0.0124,-0.04126,0.048096,1.360596,1.007385,0.231384,4.800568,0.8064951664775715,-0.0009589397116944708,0.010473437904589518,-0.36360071648681036,-0.23460879491811842,0.22387237943433164,0.802,0.002,0.0162
0.0115,-0.077637,0.068604,1.331299,0.274963,-3.186584,8.645782,0.8075887297568654,-0.0009506492248618369,0.010380210005903164,-0.31523424081313767,-0.2319565504349833,0.3237747905625065,0.803,0.002,0.0194
0.0121,0.062012,-0.043213,1.394043,-0.1828,3.740906,2.359161,0.8086281968960138,-0.0009497577856439691,0.010484586988094579,-0.3353089968800188,-0.22664397709160494,0.35166420420850736,0.803,0.002,0.0194
0.0121,-0.000488,0.00293,1.184082,0.335999,0.017761,0.955353,0.8094507858000605,-0.0009461020659702772,0.010504768602894732,-0.32291583177627947,-0.23330955611261994,0.3630835705372483,0.804,0.002,0.0259
0.0123,-0.062988,-0.077881,1.358643,1.343079,1.909851,3.915558,0.8101649509471127,-0.0009356535757692868,0.010437210352024417,-0.3444535073693298,-0.18039679233344708,0.4116885247119148,0.805,0.002,0.0259
0.0113,0.050293,0.089355,1.429688,0.976868,-2.210022,1.99295,0.8108985608293726,-0.000937335151850463,0.010517428322911136,-0.2800489119237352,-0.2377677513183584,0.43364626635755016,0.806,0.002,0.0227
0.012,0.024902,-0.020508,1.13916,0.82428,0.292419,4.953156,0.8121518667519027,-0.0009305846661663867,0.010582115922884926,-0.27818255524903784,-0.2582040516046206,0.4928505788367897,0.807,0.002,0.0227
0.0121,0.088135,-0.057861,1.555908,0.94635,2.672791,0.650177,0.8133847341114965,-0.0009248749202285038,0.010705637571435021,-0.2899913483453537,-0.2738582711026125,0.5002028259503571,0.808,0.002,0.0194
0.0123,-0.047363,-0.007324,1.369629,-0.1828,-2.454163,-0.112762,0.8143446463024036,-0.0009136247313842894,0.010658483754695277,-0.2906553098358509,-0.28277632018115745,0.4992128789108761,0.809,0.002,0.0243
0.0121,0.01123,-0.061523,1.232178,1.343079,3.924011,3.152618,0.8152033413758019,-0.0009057181447275795,0.01069707918770397,-0.3069056777175754,-0.24884562282452033,0.537246251807393,0.809,0.002,0.0291
0.0121,0.029053,0.012939,1.529785,-0.457458,-0.897766,6.112823,0.8159106569348373,-0.0009029644748576009,0.010746008295412645,-0.3007068346668534,-0.27856333293909896,0.6108934288840842,0.81,0.002,0.0275
0.0123,-0.071533,-0.029053,1.082764,-0.06073,-0.623108,1.809845,0.8165328620988628,-0.0008888798663501275,0.010647090029957994,-0.3155873793662582,-0.24322878996932895,0.6338872033577992,0.811,0.002,0.0259
0.0117,0.026367,0.055176,1.425049,-0.94574,-2.515198,5.502472,0.8179713765875586,-0.0008781846005104386,0.010697820973713431,-0.2914917043422773,-0.29156046206811503,0.6978606304586605,0.813,0.002,0.0259
0.012,0.064941,-0.029785,1.348145,-0.976257,-1.202942,-1.852264,0.8194341829479395,-0.0008651472189816786,0.010806056024383878,-0.31412841361308247,-0.3480709485867328,0.6753430898277712,0.814,0.002,0.0227
0.0121,-0.049316,-0.021729,1.36084,0.488586,-1.386047,1.657257,0.820469224166185,-0.0008491818657323046,0.01075746373994218,-0.31469416021819263,-0.3416113416853971,0.6958422313302715,0.814,0.002,0.0275
0.0111,-0.019043,-0.119873,1.26709,2.594299,2.916931,1.443634,0.8213184272255998,-0.0008327206076140088,0.010751676538454002,-0.351963066089121,-0.3034771135980974,0.7124827479148667,0.815,0.002,0.0308
0.0132,-0.029297,0.0,1.492432,-0.243835,-1.935364,6.326447,0.82207762806548,-0.0008219296861930507,0.010729927991599757,-0.3495279440142827,-0.31770444228539974,0.7962432218066928,0.815,0.002,0.0308
0.0116,-0.028076,-0.058105,1.094482,1.251526,-4.620911,6.601105,0.8227274689069819,-0.0008083411914609866,0.01070443852598058,-0.3692150523741762,-0.3578087150781263,0.8736953475080397,0.817,0.002,0.0324
0.0115,0.095703,-0.134033,1.405518,-0.152283,2.184509,4.281769,0.8240713880842855,-0.0007936270529708143,0.01084751546944755,-0.43690758820883735,-0.3883548174660584,0.9225638496755947,0.818,0.002,0.0308
0.0121,0.043213,0.086426,1.247559,-1.037292,-3.24762,2.572784,0.8253349007302617,-0.0007851878179946499,0.010925840548105917,-0.3895691177199287,-0.4583644309875485,0.952570495281612,0.819,0.002,0.0291
0.0127,-0.010986,0.017578,1.263184,0.122375,3.43573,0.039825,0.8264968048857526,-0.0007673531701775603,0.010929741272255702,-0.37048857660428525,-0.4127791775164832,0.9525478923899985,0.82,0.002,0.0324
0.011,-0.018799,0.054199,1.366455,0.854797,-1.843811,3.213654,0.8273823311826333,-0.0007552695618088816,0.010918770213036114,-0.32473013460964617,-0.42616586966407743,0.9875730772208156,0.821,0.002,0.0324
0.0127,-0.002197,-0.085938,1.204834,-0.762634,4.229187,3.824005,0.8282710603910278,-0.0007358543487824727,0.010937457647361402,-0.3826359675340256,-0.37634536854443795,1.03643323892089,0.822,0.003,0.0356
0.012,0.020752,0.004639,1.495117,0.152893,-1.508118,1.901398,0.8291345649606583,-0.0007235174142774841,0.010975360014198153,-0.372218278959849,-0.4084095977772371,1.0590343338448511,0.823,0.003,0.0324
0.0122,-0.032959,0.00415,1.181396,0.458069,0.445007,0.192413,0.8300680625100451,-0.0007046436344266719,0.010944923083671692,-0.3571003421916478,-0.38708170719264035,1.0614344959695248,0.823,0.003,0.0324
0.0111,-0.009766,0.014893,1.402588,0.549622,0.811218,4.800568,0.8310558019169293,-0.0006875526520306681,0.01094825132520075,-0.33703650098027105,-0.37661517240224174,1.1144854745546937,0.825,0.003,0.0324
0.0121,-0.004883,-0.009033,1.250244,1.282043,-0.440002,3.213654,0.8321384733184414,-0.0006668825397789398,0.010960266232099669,-0.321081498984239,-0.3838642558675798,1.153363936688019,0.826,0.003,0.0324
0.0122,0.001221,0.004639,1.33374,1.312561,-1.35553,5.929718,0.8331263353491859,-0.0006485698184162706,0.010978025520218655,-0.2970364818151153,-0.4050776278468029,1.2256130606940152,0.827,0.003,0.034
0.0123,0.068848,-0.033691,1.241211,0.122375,3.039001,-0.570526,0.8341643109390824,-0.0006317822142322527,0.011094636204290305,-0.31020030904496393,-0.41528303679399053,1.2180199032592167,0.828,0.003,0.0324
0.0123,-0.016113,-0.030762,1.310547,0.06134,-0.226379,-1.791229,0.8351297305468953,-0.0006090652082646172,0.011090757237105274,-0.32126858044351614,-0.41312478883269677,1.1962650877052208,0.828,0.003,0.0324
0.0112,-0.033936,0.01709,1.293457,-0.243835,0.780701,3.305206,0.8359698866024351,-0.0005910211529338012,0.011060950260571932,-0.30803150215864,-0.3887359258103173,1.2331837751710837,0.83,0.003,0.034
0.0119,-0.024902,-0.005859,1.431396,-0.152283,0.261902,3.701935,0.8369516013702387,-0.0005688108157560456,0.011046347204308738,-0.3075342268635421,-0.37603912895630126,1.277298326390216,0.83,0.003,0.034
0.0122,-0.030518,-0.036621,1.158447,0.335999,-3.613831,5.319366,0.837958155896633,-0.0005424504931116249,0.011020937262646253,-0.3217590121376248,-0.405127906129152,1.3428727377472998,0.831,0.003,0.0356
0.0121,0.092529,-0.040283,1.278564,0.274963,5.388855,-0.295868,0.8390031216880017,-0.0005253279476299405,0.011164812065044103,-0.3362420344971893,-0.4002100069331428,1.3383869915000024,0.832,0.003,0.034
0.0124,-0.003662,-0.013184,1.336914,-1.06781,-0.59259,2.481232,0.8399451919736964,-0.000503513670346445,0.011176355225240516,-0.35091050267402485,-0.40955836721187006,1.3691888921002136,0.833,0.003,0.034
0.0121,-0.05249,-0.028564,1.234619,0.213928,3.588318,4.556427,0.8408409132790391,-0.00047650116842583567,0.011123031100838315,-0.35982750368700045,-0.33874482617926754,1.424596443743961,0.834,0.003,0.0356
0.0121,-0.033691,0.022949,1.456055,1.95343,-1.508118,0.711212,0.8417786665257023,-0.00045294526574800537,0.01109733809688031,-0.3182299681312598,-0.3433610704581193,1.4332452074274775,0.835,0.003,0.034
0.0111,0.071045,0.02417,1.243652,0.213928,0.170349,1.443634,0.8426320110209234,-0.00044108538096609404,0.011209971269397712,-0.2950352084690453,-0.39038227125963026,1.4483370999350516,0.835,0.003,0.0324
0.0125,-0.026123,-0.026611,1.329834,1.465149,1.268982,0.74173,0.843500685892955,-0.00041648331319139886,0.011193601804026823,-0.28648935688944116,-0.3641306456098341,1.4578076648376288,0.837,0.003,0.034
0.0122,-0.044434,-0.041016,1.176025,2.441711,-1.996399,0.222931,0.844702470256357,-0.0003801310511329187,0.01115122779883557,-0.27762375394471933,-0.3652631297680727,1.4612507435623898,0.838,0.003,0.0356
0.0114,0.065186,-0.11499,1.480957,-0.640564,2.062439,4.403839,0.8458070486050595,-0.000352006851280712,0.011244015870161364,-0.33876690265221204,-0.3789883934317072,1.5116080976919197,0.839,0.003,0.0356
0.012,-0.031006,0.025879,1.199219,2.167053,-1.080872,1.657257,0.8467790095124921,-0.00032661563445861384,0.011217639588006742,-0.29018665721468556,-0.3775249657714149,1.531420925971917,0.839,0.003,0.0324
0.0122,0.060791,0.050293,1.328369,2.563782,6.365417,-0.509491,0.8475525687072174,-0.00031645180861714295,0.011308816097423248,-0.22469430371424323,-0.34013979840406183,1.523773758786226,0.84,0.003,0.0291
0.0125,-0.0625,0.018555,1.572266,0.641174,-3.674866,-0.112762,0.8482716356621341,-0.0002951871967261079,0.011253267766611428,-0.20311983580982765,-0.3589404954413714,1.5226464173888927,0.841,0.003,0.0259
0.0121,0.017578,0.087158,1.118652,2.350159,0.65863,-2.767792,0.8489970035385161,-0.0002860729282175053,0.011294199980210569,-0.1102700752666464,-0.36950666116784636,1.4879240297455856,0.841,0.003,0.0259
0.0114,0.040771,-0.032959,1.516113,0.366516,0.139832,3.671417,0.8500164238996508,-0.00026045077846675575,0.01135381743765841,-0.1194746044764166,-0.3920214349483615,1.5297882613685874,0.843,0.003,0.0324
0.0125,-0.080078,-0.113281,1.106445,1.556702,-4.468323,2.572784,0.8515730824274621,-0.00020335220323176357,0.011262128973860636,-0.17344942713481581,-0.3986503509564004,1.56384174008172,0.845,0.003,0.034
0.0112,0.099365,0.009277,1.281006,1.922913,5.114197,2.786407,0.8529040155345444,-0.00017747886454990138,0.011409890542360272,-0.14226858018218164,-0.40540876670676296,1.5939437709156392,0.845,0.003,0.0356
0.0122,-0.072266,-0.087891,1.303711,0.213928,-2.087952,5.319366,0.8539169650011215,-0.00013723669530811338,0.011337865663670071,-0.18717704701740798,-0.39282734816696013,1.6602297065913456,0.846,0.003,0.0356
0.0122,-0.029297,0.003906,1.258301,1.70929,-2.48468,-1.333466,0.8548318355028696,-0.00010945009983073677,0.01131541446406909,-0.15925492799697832,-0.4100486598871573,1.6441207275331247,0.847,0.003,0.034
0.0123,0.141113,0.070312,1.378662,-0.426941,1.726746,1.504669,0.85576457050032,-0.00010040208313328952,0.0114944693934715,-0.12188378242979386,-0.47015336261196,1.660776933104507,0.848,0.003,0.0324
0.0122,-0.080322,-0.050049,1.142822,0.702209,-1.782776,-2.15744,0.8567106272544309,-6.192520753467263e-05,0.011399581043610227,-0.14214380936293614,-0.44326380295774453,1.635651278465634,0.849,0.003,0.0291
0.012,0.070557,0.0979,1.445801,0.335999,2.031921,-2.401581,0.8575494592278436,-5.1132486975588365e-05,0.011489571692453421,-0.08258782101177166,-0.45949078579951963,1.60527884697059,0.85,0.003,0.0291
0.0112,-0.124756,-0.146484,1.268555,-1.006775,-1.4776,0.619659,0.8583904850273123,-6.882691387062527e-06,0.011351935942195121,-0.1769302337720014,-0.4061073530736742,1.6145624941128054,0.851,0.003,0.0275
0.0124,0.012939,0.021484,1.243652,0.030823,0.65863,-5.05661,0.8595429445883653,2.151871917181181e-05,0.011386710089966572,-0.1582031934545621,-0.41108248385732826,1.551378572648722,0.852,0.003,0.0259
0.0122,0.042236,0.002441,1.526367,-1.739197,0.902771,3.000031,0.860719292980464,4.910571505165503e-05,0.01144669951410352,-0.17424113175011688,-0.42437736442060564,1.5875505671102597,0.853,0.004,0.0291
0.012,-0.116699,-0.09082,1.147217,0.397034,-2.454163,1.077423,0.8618302514808436,9.741816579472248e-05,0.011305697936479923,-0.22457578892792132,-0.3820450395008257,1.6024045514581071,0.854,0.004,0.0308
0.0122,0.105957,0.075684,1.325439,-0.487976,3.862976,2.420197,0.8629813896309334,0.0001139290077471652,0.011449654779480475,-0.1824212923481555,-0.40037810055043443,1.6301497749916212,0.855,0.004,0.0308
0.0112,-0.094238,-0.143311,1.334473,-2.013855,-1.874329,3.579865,0.8639003342303414,0.0001567777788493153,0.011356192615362066,-0.2815371472447485,-0.37204309991929047,1.6721857011578465,0.856,0.004,0.0259
0.0121,0.035889,0.108887,1.355957,0.335999,1.848816,-2.737274,0.8648251153813927,0.00017266370205894463,0.01141099294585404,-0.21087385620563714,-0.3746252777769569,1.637665892009549,0.856,0.004,0.0243
0.012,-0.010986,0.010498,1.48999,-1.464539,-1.630188,2.420197,0.8656168217091884,0.00019448039188677457,0.011411247711704464,-0.21847852695840556,-0.391983958954068,1.6666557271052533,0.857,0.004,0.0243
0.0121,-0.058594,-0.026123,1.131592,1.343079,-2.423645,-0.753632,0.8665910933548582,0.00022893076872216653,0.011347741439967612,-0.2144994869781828,-0.38752583170017146,1.6582321228035555,0.859,0.004,0.0259
0.0127,0.135986,0.098633,1.447266,-0.518494,2.825378,1.596222,0.8678590993371349,0.00024961540548314886,0.01151042420437196,-0.1650507851791626,-0.42664085828668735,1.6767046415973743,0.86,0.004,0.0275
0.0121,-0.102539,-0.094238,1.266846,-0.457458,-3.980042,1.840363,0.86901521080357,0.0002967486653594551,0.011401825349801498,-0.2226182856062885,-0.4173507628512468,1.7005770249808996,0.861,0.004,0.0259
0.0111,0.095215,0.072998,1.226318,0.641174,4.595398,-5.758514,0.8698350126740491,0.00030711193235678997,0.011539010882828814,-0.1649438380359451,-0.4307008153007026,1.634995840338233,0.862,0.004,0.021
0.0121,-0.017822,-0.01709,1.502686,-1.495056,-0.745178,-10.97702,0.8707301375735798,0.00033392752189467226,0.011533335543720396,-0.18642823172791256,-0.43405796049636025,1.5023326838822761,0.862,0.004,0.0194
0.0121,-0.030029,0.185303,1.091309,0.427551,-0.531555,-12.075653,0.8717344095838867,0.00034529000405485416,0.011505224518598242,-0.04853949049269187,-0.42614314043744134,1.3540894019150764,0.864,0.004,0.0194
0.0121,0.008545,0.046143,1.589355,-2.105408,-0.684143,-7.83371,0.8730104487161805,0.0003721729008755451,0.011527842312530479,-0.0481283201785123,-0.4412612717712689,1.2588710782838417,0.865,0.004,0.021
0.0116,-0.04834,-0.034424,1.107422,-1.250916,-4.590393,-11.9841,0.8742460487557607,0.0004026121089157124,0.011479488473920822,-0.08132825705532092,-0.46649024536793166,1.1202925128365877,0.866,0.004,0.0194
0.013,0.124756,-0.000488,1.368896,-1.128845,0.53656,-11.251678,0.8755833551352628,0.0004254123918396805,0.011640865904175434,-0.09150843045149028,-0.5323474485836506,0.9737752522861266,0.867,0.004,0.0178
0.0112,-0.030273,-0.06665,1.298828,1.129456,-2.759338,-12.533417,0.8765410498810716,0.0004473420840840104,0.011619599448091064,-0.11306760559661015,-0.5485923420077385,0.8342180875568347,0.868,0.004,0.0113
0.0124,0.042725,0.008789,1.288086,0.122375,5.20575,-10.153046,0.8775571419048364,0.0004592578095301831,0.011689325077481105,-0.10127762044466125,-0.5133824441164068,0.7079008376559859,0.868,0.004,0.0065
0.0121,-0.133545,0.033936,1.350098,0.82428,-1.752258,-13.509979,0.8783207337999037,0.00046903956136061205,0.011547392440136217,-0.06715908454252284,-0.4626314356724094,0.5442413496778696,0.869,0.004,0.0032
0.0122,-0.000977,0.044434,1.364258,0.549622,1.970886,-9.329071,0.8787842408545014,0.00047025778124634195,0.01155765157684739,-0.03143393864530652,-0.4419415222677691,0.4299477870289744,0.87,0.004,0.0049
0.0111,-0.093018,-0.128906,1.36792,0.702209,-2.423645,-10.275116,0.8798839778435437,0.00048715244359048073,0.011467900633094916,-0.09117083383349421,-0.4208862909970023,0.3170270910733219,0.871,0.004,0.0049
0.012,0.081299,0.036377,1.196045,-0.549011,1.513123,-6.002655,0.8811428562654491,0.0004884840110380734,0.011593492909483845,-0.07018135552148388,-0.4597000071634093,0.24436953318951973,0.872,0.004,0.0065
0.0123,-0.073486,-0.193848,1.449463,-0.701599,0.841736,0.039825,0.8822935071841933,0.0005059682722016101,0.011530881809039883,-0.17618649106290726,-0.4143382786067187,0.2464970761299708,0.873,0.004,0.0065
0.012,-0.009766,0.040771,1.138672,0.82428,-1.59967,-3.225555,0.88321749669479,0.0005070253356785351,0.011535545589330586,-0.1338246063186553,-0.4325835354001911,0.20739999779425464,0.874,0.004,0.0032
0.0121,0.093018,0.035645,1.414551,-1.037292,2.55072,-2.15744,0.8840090210869457,0.0005035795089955586,0.011650826764742649,-0.12300332388777102,-0.45558744140631297,0.1805762499616717,0.874,0.004,0.0
0.0121,-0.051758,-0.085693,1.26416,-1.159363,-0.165344,-1.882782,0.8847475880832626,0.0005133336357152725,0.011601993272018274,-0.18418354166147813,-0.43071408480905254,0.15872293234616505,0.874,0.004,-0.0032
0.0121,0.000488,-0.005859,1.171143,1.983948,-0.440002,-6.307831,0.8853766669908528,0.0005144933456631592,0.011617783690998015,-0.1586959645694059,-0.44176612901246326,0.08235978698252468,0.875,0.004,-0.0049
0.012,0.084473,-0.017334,1.384521,0.244446,2.611755,-2.493134,0.886149723713754,0.0005117740664433659,0.011724521100621646,-0.16087132879974358,-0.46086114237444253,0.052089982040238056,0.877,0.004,-0.0016
0.0124,-0.076904,-0.115723,1.307861,1.343079,-1.172424,-2.889862,0.8873718258448097,0.0005249153936366999,0.011651831723881591,-0.2068479697258382,-0.4346125830365769,0.017732907586558298,0.878,0.004,0.0
0.011,0.094482,0.10376,1.232666,1.770325,2.215027,-8.413544,0.8884541564015477,0.0005100423682939818,0.011786498477363723,-0.11845480034161766,-0.4732305235723417,-0.07662613409302166,0.879,0.004,-0.0016
0.0122,0.018311,0.004395,1.421143,-1.250916,3.893494,-4.324188,0.889539675182413,0.0005065594336379984,0.011822379393036276,-0.12703124391695664,-0.43925511538940054,-0.1296940096106672,0.88,0.004,-0.0032
0.0119,-0.077637,-0.044434,1.244629,0.671692,0.872253,-6.094208,0.8904567201691362,0.0005113647581260976,0.011743563358774611,-0.14156168851714054,-0.3862138164684163,-0.20153496179050925,0.88,0.004,-0.0065
0.0121,0.079102,0.063965,1.36377,0.427551,3.924011,-4.568329,0.8912604690659033,0.0004990976611200855,0.011846805443595985,-0.09641437094410148,-0.38768322510336023,-0.257915132613709,0.881,0.004,-0.0097
0.0123,-0.074707,-0.0979,1.280518,-0.579529,-2.667786,-2.523651,0.8920114577197636,0.0005066323887048709,0.011771964320857737,-0.1575215026817722,-0.38074041462749486,-0.28766545239711633,0.882,0.004,-0.0113
0.0121,0.094971,0.024902,1.169922,0.763245,2.520203,-7.650604,0.8931839139408335,0.0004914868383038042,0.011913955902717032,-0.12698617007731153,-0.4180798230479348,-0.38119749638140193,0.883,0.004,-0.0097
0.0122,0.03125,-0.032471,1.491211,-0.762634,0.292419,-3.317108,0.8945438050118045,0.0004828787948285222,0.011961822755431213,-0.14880177496294839,-0.43392347252162994,-0.42154268769885817,0.885,0.004,-0.0065
0.0121,-0.077881,-0.058838,1.139648,1.404114,-1.538635,-6.704559,0.8958574151533729,0.0004835124451069222,0.011878128413666108,-0.16598171224078376,-0.4059855840535977,-0.5015330812336053,0.885,0.004,-0.0081
0.0112,0.059814,0.027344,1.448486,-0.457458,2.459167,-3.469696,0.8969431183931704,0.0004674037507440695,0.011956454807138044,-0.15222272507196044,-0.41390672424055985,-0.5411379237588205,0.887,0.004,-0.0081
0.0122,-0.063477,-0.072266,1.121582,0.244446,-3.674866,-3.92746,0.8980234134217147,0.000468190173238024,0.011888316114767141,-0.19313315897203537,-0.4211902057962962,-0.5877115857586713,0.888,0.004,-0.0097
0.0118,0.099609,0.039551,1.350586,-0.304871,3.283142,-2.371063,0.8991078612150573,0.00044588454643139017,0.012016534601307164,-0.16966049755545212,-0.44288290102123606,-0.6169292653385096,0.889,0.004,-0.0097
0.0121,-0.10498,-0.094971,1.298828,-0.732117,-1.843811,0.375519,0.900088888658505,0.0004502631039261855,0.011909327319417627,-0.22936426232130133,-0.4078419915137828,-0.6107145683111156,0.89,0.004,-0.0113
0.0123,-0.008545,0.026611,1.214355,0.152893,3.100037,-4.324188,0.9010851008376375,0.0004365004714808129,0.011917405345390316,-0.20507487062792365,-0.3700729887553687,-0.6644416637818479,0.89,0.004,-0.0113
0.0124,-0.001221,0.00415,1.469971,-1.006775,-0.806213,0.100861,0.9019653673484443,0.0004249508169367418,0.011929504573123775,-0.21070093744248852,-0.3832218551351068,-0.6633060675430645,0.891,0.004,-0.0162
0.0111,-0.079102,-0.045654,1.218994,2.441711,0.567078,-6.429901,0.9026653704895726,0.00042522113598040097,0.011847251135725344,-0.20678676501419416,-0.33319340200159375,-0.7338771164909074,0.891,0.004,-0.0194
0.0122,0.124268,0.220215,1.419922,-0.915222,1.330017,-9.817352,0.9034326709462018,0.00039271131029011507,0.011991876271850365,-0.09744034724099292,-0.3869875147559868,-0.856213376987887,0.892,0.004,-0.0227
0.012,-0.150635,-0.18042,1.175293,-1.739197,-0.073792,-4.720917,0.9041001427649321,0.0004048396235977247,0.011818085348123309,-0.227681652295623,-0.2983581563511522,-0.9104961178760442,0.893,0.004,-0.0178
0.0125,-0.044922,-0.021729,1.37207,1.617737,-3.430725,-9.237518,0.9055065438712083,0.0003856455708993964,0.011785695528801267,-0.214143408852742,-0.32141363040211207,-1.0255067586167388,0.895,0.004,-0.0162
0.0118,0.11792,0.051025,1.24707,-1.159363,-0.47052,-1.9133,0.9068619819236989,0.00034871415316537103,0.01194507789286573,-0.19158849508665868,-0.40416936161606487,-1.0493015966223818,0.896,0.004,-0.013
0.0121,-0.065674,-0.189697,1.305908,-0.640564,-1.35553,-2.981415,0.9078848351155634,0.000347232748135437,0.011882641982099387,-0.3034058516875811,-0.38719890751669134,-1.0832491765497292,0.896,0.004,-0.0178
0.0121,0.146484,0.082275,1.207031,1.251526,1.055359,-7.131805,0.908784457029029,0.0003085720375996946,0.012078474636130505,-0.23070417713578686,-0.4713302453003914,-1.171813829931878,0.897,0.004,-0.0227
0.0115,-0.016113,-0.049072,1.503906,-1.586609,0.872253,-0.570526,0.9094456434671183,0.00029903607082677926,0.012072557357098232,-0.26882016562450795,-0.4559177787451491,-1.1779352679364246,0.897,0.004,-0.0259
0.0122,-0.076416,-0.059082,1.24707,1.83136,-3.430725,-4.04953,0.9100806145715894,0.00029666517350298004,0.011994045443235462,-0.2767041712390523,-0.45529373397831036,-1.2260172628802408,0.898,0.004,-0.0275
0.0123,0.124512,0.047363,1.301025,-0.396423,2.916931,-3.652802,0.9109523975425883,0.0002619897621092104,0.012149611570319335,-0.24808619333965748,-0.49632660080969865,-1.272720647998014,0.899,0.004,-0.0243
0.0121,-0.061523,-0.089355,1.411133,0.213928,-1.813293,0.589142,0.912223061121776,0.00024543164761117806,0.012100016776812831,-0.28868720017557864,-0.4877103613863038,-1.2641598926904363,0.9,0.004,-0.0194
0.0134,-0.041504,-0.020264,1.275879,4.181213,-0.562073,-2.065887,0.9137237972819208,0.00021664551570560857,0.01207188202778917,-0.23933944770485338,-0.4742350253233082,-1.2913865815624423,0.902,0.004,-0.0194
0.0099,0.164551,0.129395,1.5896,-0.243835,3.252625,-3.378143,0.9146280187183315,0.0001740676906839307,0.012236897459628976,-0.17562437984871787,-0.5224756308526085,-1.3273486242180947,0.902,0.004,-0.0194
0.012,-0.063721,-0.095215,1.286621,-0.823669,-0.287415,-3.317108,0.9155523250895028,0.00016652250541565467,0.012177081619171385,-0.2366685324308434,-0.4917864093031649,-1.3655485798373133,0.903,0.004,-0.021
0.0121,0.052734,0.131836,1.338379,2.594299,0.902771,-8.07785,0.9164105620915262,0.0001277356510295515,0.012252100074339441,-0.12524856152631486,-0.5144724821652893,-1.4655159619117926,0.904,0.004,-0.0227
0.0122,0.042725,-0.056885,1.432129,-1.617126,0.567078,-3.378143,0.9173796950391641,0.00010538624589470149,0.012307918304429281,-0.17087988105560037,-0.5330460696504021,-1.5063079854954795,0.905,0.003,-0.021
0.0121,-0.077148,-0.07666,1.183105,-0.518494,-2.423645,-1.9133,0.9182331944814166,9.700623896872618e-05,0.012226317686087763,-0.22133115966627495,-0.5166349842370107,-1.527795832539142,0.906,0.003,-0.0227
0.0123,0.020264,-0.081299,1.280029,2.502747,1.54364,-6.155243,0.9192534500153456,7.521303920236123e-05,0.01226310244693401,-0.2334911029271454,-0.5136791078618917,-1.6027663294145944,0.907,0.003,-0.0259
0.012,0.016113,0.011719,1.470215,-1.128845,0.53656,-2.15744,0.9202308431562318,4.412523803309474e-05,0.012293041440252983,-0.23570514211775284,-0.5181866789989714,-1.6290935470268526,0.907,0.003,-0.0243
0.0115,-0.061279,-0.03833,1.225586,-0.243835,-4.37677,-2.03537,0.9210877968649919,2.8461304233357562e-05,0.012233942935991976,-0.2567357547990743,-0.5338638435038061,-1.6513864696900258,0.909,0.003,-0.0243
0.0122,0.153076,-0.021729,1.215332,2.0755,5.663513,-0.417938,0.9221470747245988,-1.670669860447505e-05,0.01243108616179545,-0.23953622837147193,-0.563987788686136,-1.6579730215710557,0.91,0.003,-0.0243
0.0122,-0.064941,-0.084717,1.230957,-1.220398,-1.59967,0.497589,0.9231598379417265,-2.966213540724097e-05,0.012368703985662378,-0.3012939864396261,-0.546513765737266,-1.6499810764933278,0.911,0.003,-0.0227
0.0119,-0.032959,-0.010498,1.269287,0.305481,-2.24054,-3.957977,0.9241176261576842,-5.398456728685968e-05,0.012346056885506787,-0.2975978232950969,-0.5565875100707873,-1.6966551914403845,0.912,0.003,-0.0243
0.0125,0.039307,0.069336,1.550537,-0.915222,0.078796,-3.988495,0.9251230199713466,-9.504396653783335e-05,0.0123973550094475,-0.26893771205728645,-0.5767534802638413,-1.7478441753792786,0.912,0.003,-0.0243
0.011,-0.053467,-0.032471,1.065674,-0.091248,-0.836731,-2.248993,0.9259591558485575,-0.00011170254553740423,0.01234149313327638,-0.2867553024917065,-0.5524069700349049,-1.771626174045671,0.914,0.003,-0.0227
0.0129,0.025146,-0.068359,1.397705,0.702209,-0.317932,-1.882782,0.9271450858340868,-0.00014554931065512865,0.012381346793815707,-0.30932437539294666,-0.5726988042398731,-1.7953729839221688,0.914,0.003,-0.0243
0.0121,0.033203,-0.047363,1.214844,-0.823669,-1.111389,-1.577606,0.9283056709033387,-0.00018216278073418906,0.01243696214104923,-0.34257815469333835,-0.6103678389080791,-1.8141928239836325,0.916,0.003,-0.0227
0.011,0.010254,-0.004395,1.238281,0.580139,1.116394,-4.598846,0.9292344953669466,-0.00021416423893307244,0.012464514118197016,-0.33198499248712526,-0.6076707879034832,-1.8651141420704482,0.917,0.003,-0.0243
0.0125,0.050537,0.029297,1.40332,0.763245,-0.165344,-6.18576,0.9302646397242448,-0.000257803282899028,0.012531521447790487,-0.29981106375738237,-0.6393938075235305,-1.943518071850988,0.917,0.003,-0.0259
0.0124,-0.016602,0.018799,1.275146,0.94635,0.719666,-7.223358,0.9311136123997255,-0.00028892046981850806,0.012527864966742533,-0.27000616982583187,-0.6233416259236019,-2.033508092007221,0.918,0.003,-0.0243
0.0119,-0.019531,0.011719,1.260254,-1.372986,-0.714661,-0.295868,0.931964023161127,-0.0003202340853444377,0.012520406967688033,-0.2733674501123969,-0.6224781953796424,-2.037214122601819,0.919,0.003,-0.0243
0.0122,0.005615,-0.048096,1.39502,0.702209,-1.386047,0.74173,0.9331038736427936,-0.0003572650518697522,0.012540084145383426,-0.2859116761263865,-0.643926403783284,-2.027567977368863,0.92,0.003,-0.0259
0.0121,0.007324,-0.004639,1.285156,-0.884705,-2.759338,-1.241913,0.9341799257929494,-0.00039705223413275594,0.012563867144782448,-0.2933216134600108,-0.6835584201390814,-2.042605456787667,0.922,0.003,-0.0259
0.0112,0.078369,-0.046631,1.296387,-1.495056,4.412292,-2.340546,0.9351808258370513,-0.00043643977039997336,0.012664197594297438,-0.33113414796218843,-0.6823805519890006,-2.0691707519055913,0.922,0.003,-0.0259
0.012,-0.015137,0.049316,1.304688,0.458069,-1.080872,-5.422821,0.9361042536141833,-0.0004766090668542814,0.012663649572056849,-0.28990303409473245,-0.6883620440783225,-2.1351530115752095,0.923,0.003,-0.0243
0.0122,-0.00293,0.062744,1.313965,-0.06073,-4.773499,0.772247,0.9369941503087266,-0.0005191894063909566,0.012675405511583273,-0.24861518405307773,-0.7457470509276671,-2.126756338203173,0.924,0.003,-0.021
0.0121,0.033691,-0.112793,1.362061,-0.732117,3.344177,-1.516571,0.9379248440171095,-0.0005434435777231058,0.012720710414462539,-0.3148499664013869,-0.7251537295045769,-2.143726250022291,0.925,0.003,-0.0227
0.0122,-0.001221,-0.001465,1.249512,0.397034,-2.637268,-1.333466,0.9388269273012995,-0.0005785048340789399,0.012733342848833444,-0.30459419004765337,-0.7579000067794756,-2.159995813226644,0.926,0.003,-0.021
0.012,0.011719,-0.086182,1.26709,0.885315,2.611755,-4.080048,0.9398220296155662,-0.0006067172591378869,0.01275931596019919,-0.3392638350121231,-0.7352690155482092,-2.207775451907149,0.927,0.003,-0.0227
0.0122,0.044434,0.055176,1.452148,-0.549011,-0.836731,-5.087128,0.9411320148213216,-0.0006697728247795465,0.012821613351259808,-0.3101329221935214,-0.7692572854949742,-2.2712925928574,0.928,0.003,-0.0243
0.0113,0.0,-0.025391,1.135986,-0.762634,-0.165344,-0.14328,0.9422384209091137,-0.0007113533598229695,0.012839516402449295,-0.3293202542824563,-0.7731284698748376,-2.272569387011966,0.929,0.003,-0.0227
0.0121,0.05249,0.031006,1.545166,0.397034,4.686951,-3.500214,0.9433018200765986,-0.0007630321214646331,0.012902927481653692,-0.3029806471119804,-0.7424626038553465,-2.316308114343328,0.93,0.003,-0.0227
0.0123,-0.204102,-0.075195,1.185791,-1.128845,-4.590393,3.76297,0.9442441673073538,-0.0007710216750870198,0.01267775707821739,-0.3586576899565157,-0.6714410027001662,-2.2666627573555624,0.931,0.003,-0.0227
0.012,0.047119,-0.083008,1.040771,-0.426941,5.419373,-2.096405,0.9455384355184708,-0.000819359599560871,0.012761674054284727,-0.4168063541808618,-0.6454889332081293,-2.2914723529983756,0.932,0.003,-0.0243
0.0116,0.115967,0.069092,1.570068,-0.335388,-3.033997,-4.629364,0.9467833344130839,-0.0008889188466360157,0.012882189508885053,-0.3801150415503743,-0.7372188580846565,-2.3470658693301534,0.933,0.003,-0.0243
0.0125,0.041504,-0.061035,1.094727,-0.732117,1.268982,3.030548,0.9479067759416209,-0.000932381691043065,0.012953297947601743,-0.42486828295528684,-0.7528276825510801,-2.308648882791495,0.934,0.003,-0.021
0.0121,-0.143799,-0.172119,1.688965,-0.701599,2.642273,5.288849,0.9488509499705242,-0.0009396317073874107,0.012841562860069291,-0.5045332285909983,-0.6553640793171476,-2.241459654750908,0.935,0.003,-0.0227
0.0112,-0.036133,0.000977,1.030762,-0.243835,-5.444885,4.739532,0.9497298223293155,-0.0009704639114775916,0.012809382008469672,-0.49842628947263024,-0.6927211393786135,-2.187625975634864,0.936,0.003,-0.0227
0.0126,0.089111,-0.109131,1.349854,0.610657,4.107117,1.138458,0.9509438776031544,-0.00101838113551581,0.012916657819027236,-0.544379893014688,-0.692543636992717,-2.1733277636969595,0.937,0.003,-0.0227
0.0123,0.095947,0.021729,1.276123,2.502747,-1.050354,4.953156,0.9520366370319995,-0.0010800471616740097,0.013039237323648973,-0.4932843262299255,-0.7635850950837114,-2.114290819367254,0.939,0.003,-0.0194
0.0111,-0.268555,-0.188965,1.412598,-0.304871,-3.033997,14.657745,0.9530097508708917,-0.0010576127906168243,0.012790024528815785,-0.5896831463298186,-0.6560411233516619,-1.9451646830350358,0.939,0.003,-0.0178
0.0125,0.079346,0.102051,1.315674,0.915833,-1.172424,9.43924,0.9542205580153597,-0.0011245745056325002,0.012893999636642747,-0.5122229733837953,-0.7168129524904463,-1.8299807245719786,0.941,0.003,-0.0178
0.0123,0.104248,-0.042969,1.168945,0.274963,5.388855,7.79129,0.9555346214414296,-0.0011809333074228334,0.013040010349789091,-0.5295065141045795,-0.7201614031204983,-1.7357919454692803,0.941,0.003,-0.013
0.0112,-0.055664,0.066406,1.446289,1.312561,-0.806213,14.810333,0.9564362260025422,-0.0012106713954911134,0.012999135955743235,-0.47411169834264716,-0.6986815231685286,-1.5705052347445667,0.942,0.003,-0.0113
0.0122,-0.194092,-0.13208,1.087646,-1.342468,-1.386047,17.129669,0.9573837134130595,-0.0011876518805774997,0.012770797266201405,-0.5746810045890371,-0.5848427397762203,-1.356324384118685,0.944,0.003,-0.0097
0.0121,0.075195,0.037109,1.441895,1.587219,-0.806213,14.535675,0.9584171462834629,-0.0012279206709085862,0.012858146657983816,-0.529450136389998,-0.6342582379672752,-1.1819683680075608,0.944,0.003,-0.0065
0.0121,0.000244,-0.062012,1.219971,1.587219,1.757263,9.652863,0.9595239543893913,-0.0012466936333978393,0.012875665120431113,-0.5420171698397441,-0.6150400955398708,-1.0647396790645864,0.945,0.003,-0.0032
0.0117,0.011719,0.095947,1.397949,1.892395,3.649353,14.657745,0.9603542733027762,-0.0012742341604689515,0.012900902396093808,-0.4615301588988146,-0.5793252287849475,-0.8951791569393522,0.946,0.003,0.0
0.0122,-0.161377,-0.049561,1.233398,-0.121765,-4.926086,16.702423,0.9612708754175561,-0.0012610079452630954,0.012733766715494728,-0.48784064646851727,-0.5416518457854774,-0.688345783360029,0.947,0.003,0.0016
0.0121,0.121582,0.029297,1.508545,1.434631,3.008484,11.728058,0.9621952584052579,-0.0012908379976199378,0.012858576110246833,-0.4498084134885687,-0.5674768862663518,-0.5485195135956022,0.948,0.003,0.0049
0.0125,0.033203,-0.006104,1.175537,-0.671082,-3.339172,10.44632,0.9631447153416846,-0.001306550711313165,0.01291347783734795,-0.4556732502830627,-0.6330951013784923,-0.4182118976813659,0.949,0.003,0.0081
0.0111,0.022949,0.042725,1.338379,-0.426941,1.360535,13.894806,0.9639602081858166,-0.0013210329612605922,0.01294980255671556,-0.4302937317568734,-0.6319110351964375,-0.26511853181854517,0.949,0.003,0.0113
0.0129,-0.151855,-0.034668,1.208008,-1.128845,-2.515198,18.289337,0.9648841658755887,-0.0013027946084017026,0.012791898219526126,-0.46167745230087365,-0.5699931647007124,-0.026881802100428422,0.95,0.003,0.013
0.0121,0.018555,-0.030518,1.315674,-0.06073,0.200867,10.354767,0.9658821235870884,-0.0013052802794054328,0.01282662823749009,-0.473822741399195,-0.5800815448022051,0.09830093201046662,0.951,0.003,0.0113
0.011,-0.01709,0.00415,1.272705,-0.396423,-4.285217,8.035431,0.9668227143852831,-0.0013029865275346873,0.01282168147562959,-0.4688296957876553,-0.6186575325409411,0.18705229077351837,0.953,0.003,0.0146
0.0124,0.043701,-0.079102,1.080322,0.854797,5.083679,6.082306,0.9679132094483771,-0.0013023859375640818,0.012899048346083332,-0.5065324648230772,-0.5904448992871557,0.2620875890590558,0.953,0.003,0.0146
0.0122,0.032959,0.135254,1.557861,1.129456,-4.895569,4.922638,0.9688461425455546,-0.0013113458433996568,0.012936696348583441,-0.42016405336783313,-0.6662442537850242,0.3208353776536571,0.954,0.003,0.0178
0.0116,-0.026611,-0.047363,1.103271,0.091858,0.231384,7.455597,0.9696873444358111,-0.0013002628676955699,0.012920132011754005,-0.4452290821121303,-0.6479445264129918,0.40808519276494143,0.955,0.003,0.021
0.0119,0.077148,0.022949,1.517822,0.213928,3.649353,2.267609,0.9705255013092478,-0.0013051631065368887,0.013001047770456723,-0.4245205076027549,-0.644194879642772,0.43364555327511767,0.955,0.003,0.0243
0.0126,-0.107178,-0.036621,1.199951,-0.304871,-5.38385,11.178741,0.9712322165244752,-0.001284189364738314,0.012891278208261654,-0.44580622521926155,-0.6451673346878121,0.5764867660531978,0.956,0.003,0.0275
0.0122,-0.025146,-0.094971,1.236572,0.976868,3.191589,7.272491,0.9719887525628731,-0.0012686607073168928,0.012879163900381855,-0.4859106146503656,-0.5929606989743883,0.6660161531540907,0.957,0.003,0.0259
0.0121,0.091797,0.042969,1.484619,0.030823,-4.041077,8.249054,0.9731977453414326,-0.0012689431518587617,0.01297659579586348,-0.45714661671711054,-0.6890410566325835,0.764742115394146,0.958,0.003,0.0227
0.012,0.024414,-0.068359,1.199951,0.94635,-1.4776,9.927521,0.9744392242326577,-0.001251847344508924,0.013024749325421003,-0.4830336962130593,-0.7234690829619261,0.8844421072958695,0.96,0.003,0.0243
0.0111,0.110352,0.03833,1.550537,0.763245,0.292419,5.77713,0.9754758931555655,-0.0012523166926940049,0.013133486930005277,-0.4493910044475499,-0.7735486923682676,0.9468472257202657,0.96,0.003,0.0259
0.0122,-0.015381,-0.055664,1.116455,0.397034,1.330017,6.631622,0.976531100424208,-0.0012280375227263463,0.013134445909242684,-0.47580230312891914,-0.7485026512516739,1.0285612165324525,0.961,0.003,0.0324
0.0123,0.047363,0.010742,1.484131,2.655334,3.893494,1.168976,0.9774037370225334,-0.0012203052711039068,0.013189561862537903,-0.43077302910629867,-0.7252252797946546,1.0417443392838412,0.962,0.003,0.0356
0.0115,-0.049072,0.015137,1.306152,0.763245,-1.874329,14.535675,0.9781113166350944,-0.0012038237688589192,0.013148203328389906,-0.4081521630407487,-0.7178339180982001,1.2092006255709777,0.962,0.003,0.0372
0.0129,-0.048096,-0.118652,1.183105,0.885315,2.337097,9.927521,0.9790080982211421,-0.0011681180170357327,0.013112699093499991,-0.4672339630693376,-0.6584076322496282,1.339177197777274,0.964,0.003,0.0372
0.0115,0.079834,0.076416,1.5354,-0.671082,-3.949524,9.500275,0.9800707778726742,-0.0011596312347102512,0.013192885777626551,-0.43117805110867563,-0.7425357911213281,1.446924045299696,0.965,0.003,0.0356
0.0121,0.06543,-0.06958,1.174805,0.854797,2.062439,6.753693,0.9813278526756264,-0.00113216582331694,0.013290840073743137,-0.4594427048520546,-0.7614670534293763,1.5285245421414957,0.966,0.003,0.0356
0.012,0.117188,0.171875,1.447021,1.251526,3.405212,1.535187,0.9824662467166324,-0.0011349488407792349,0.013409355577274396,-0.3485997562574715,-0.7815567508495792,1.5426819479930949,0.967,0.003,0.0372
0.0122,-0.062012,-0.07666,1.209961,-0.030212,-1.386047,8.584747,0.983472972887203,-0.0010914344111006096,0.013358049079903983,-0.3920555297484338,-0.7599217713641003,1.6494218440640853,0.967,0.003,0.0421
0.0113,0.112061,-0.084717,1.476807,6.225891,3.893494,24.209747,0.9839970983947639,-0.0010813545720438384,0.01347014354337415,-0.3628833557706559,-0.771922652569199,1.9227575003093849,0.967,0.003,0.0534
0.0123,0.108398,-0.014893,0.845947,-1.525574,4.046082,36.691437,0.984130464624263,-0.0010999952341300878,0.01365183830905427,-0.39259356506549653,-0.8212594833772329,2.3718650011770417,0.968,0.003,0.0599
0.0149,-0.230469,-0.365234,1.461182,-3.112488,-6.451965,42.001495,0.9844450483663372,-0.001009400264225158,0.01347377938576991,-0.6219068514071312,-0.7974917506534412,3.0075244974543676,0.969,0.003,0.0712
0.009,0.008301,-0.164062,1.240967,4.486389,4.747986,48.349152,0.9849571092430072,-0.0009657303160530617,0.013502294714603574,-0.6782200866749062,-0.7565443795151608,3.4447366767264525,0.969,0.003,0.0777
0.0121,-0.064941,-0.096436,1.436768,3.96759,1.238464,56.833038,0.9855615390731787,-0.0009067099633015771,0.01345705953621383,-0.6811411245274278,-0.6995177969921584,4.134692998795548,0.97,0.003,0.0874
0.0123,-0.171631,-0.202881,1.181641,2.777405,-3.461243,65.072784,0.9862257068273288,-0.0007922842231607849,0.01330301320085505,-0.7741430534208641,-0.6274721200585874,4.94260798844928,0.971,0.003,0.1036
0.012,-0.07373,-0.245117,1.368164,5.310364,6.029724,79.843292,0.986937475123247,-0.0006994274994599036,0.013269317435533534,-0.8438425062276624,-0.505040672427744,5.90335186258062,0.971,0.003,0.1182
0.0121,-0.116943,-0.162109,1.290527,4.364319,-6.879211,80.667267,0.9871490931117116,-0.000634133581809461,0.013178341237791307,-0.8837893811780643,-0.508864433607833,6.88500551088525,0.971,0.003,0.1376
0.0114,-0.090088,-0.178223,1.264404,0.152893,-10.41925,89.975128,0.987557197630399,-0.0005517812891777139,0.01311900125643935,-0.9860000097662504,-0.5607967026615815,7.91614071952996,0.971,0.003,0.1522
0.0121,0.020264,-0.097412,1.331055,4.150696,4.870056,90.036163,0.9877545523473042,-0.0005362015475594951,0.013157449408576088,-0.9889063989441476,-0.49861144817607633,9.003626204955706,0.971,0.003,0.1668
0.0122,-0.120117,0.141113,1.533447,3.784485,-0.806213,92.47757,0.9877196408298141,-0.0004984683528803323,0.013040068857674508,-0.8707199675208869,-0.43237117787657015,10.135324379249397,0.972,0.003,0.1943
0.0121,-0.070312,-0.040771,1.376709,0.519104,-1.050354,95.193634,0.9878274009896982,-0.00045760419012338954,0.012987789795217378,-0.8840058094309683,-0.39235288794704243,11.289207885643188,0.972,0.003,0.2105
0.012,0.093262,0.052002,1.352051,2.71637,5.175232,89.883575,0.9876912571382761,-0.0005165848011056553,0.013063723109738828,-0.8173027348064092,-0.37143758451456554,12.363747733077425,0.971,0.003,0.2283
0.0124,0.095215,-0.007812,1.282227,5.096741,-0.562073,89.364777,0.987617589615649,-0.0005693363249267951,0.013156966474632695,-0.7551701129248413,-0.4247613651935585,13.468544390940965,0.971,0.003,0.2493
0.012,0.116455,-0.009766,1.476318,4.608459,0.872253,84.085236,0.9875698952228411,-0.0006180627927388672,0.013252228587834192,-0.7024300509114688,-0.46496973210878273,14.47398626780789,0.971,0.003,0.2655
0.0111,0.095459,0.018066,1.254639,6.103821,4.503845,87.80838,0.987477622354486,-0.0006777077584426386,0.013337574548130504,-0.6216366743735325,-0.46620074877004114,15.444694143766492,0.971,0.003,0.2898
0.0121,0.009277,-0.010986,1.338623,6.195374,0.292419,85.428009,0.9873317046245806,-0.0007231420948882084,0.013348897057176162,-0.5527671344208448,-0.4611530281150183,16.477816483076168,0.971,0.003,0.3028
0.0122,-0.006348,-0.009277,1.316895,1.495667,-5.658508,87.747345,0.987384369143829,-0.0007072936334531623,0.013347277740616916,-0.5406847366236739,-0.5194912691021248,17.548956680534747,0.971,0.003,0.319
0.0122,0.022461,-0.124756,1.300049,2.258606,3.008484,84.542999,0.9874245051610412,-0.0007049637836227318,0.013403629257922612,-0.586814505545724,-0.490163529563572,18.579492343249065,0.971,0.003,0.3416
0.012,0.020264,0.034912,1.419434,4.211731,0.078796,84.512482,0.9873334374223316,-0.0007432625742044963,0.013408807452271703,-0.5178403686365519,-0.49315417488982777,19.592727369005043,0.971,0.003,0.3546
0.0124,-0.021973,-0.015625,1.162842,0.671692,-0.47052,87.777863,0.9874036625791035,-0.0007128511091711146,0.013396829240514363,-0.5206260764323339,-0.4793796183669264,20.68168507918562,0.971,0.003,0.3805
0.0113,0.094482,0.003906,1.333252,2.441711,4.747986,85.031281,0.987376440158808,-0.0007549354254202186,0.01347049284918347,-0.4904496724901228,-0.47527412626635585,21.639120563309397,0.971,0.003,0.3934
0.0121,0.030762,0.051025,1.246094,4.425354,0.078796,84.054718,0.9871907514711988,-0.0008409214449105666,0.013477913812614097,-0.4064954285848663,-0.4891363888755508,22.654789256085678,0.971,0.003,0.4112
0.0122,0.033936,-0.035889,1.283447,3.052063,-1.141907,82.254181,0.98746615816854,-0.00073813783521629,0.013520555575976607,-0.3925304295536171,-0.5201166800508671,23.657394322464306,0.971,0.003,0.4307
0.0121,0.068604,-0.093018,1.480469,1.892395,3.43573,80.178986,0.9874543035701374,-0.0007625278092910907,0.013594570566174882,-0.41954135586313657,-0.5100828425746352,24.62584938528801,0.971,0.003,0.4453
0.0121,-0.015137,-0.063721,1.244141,4.028625,-1.050354,81.277618,0.9873991878165086,-0.0007840719531208683,0.013606832979150784,-0.41191907465613636,-0.5104187738518251,25.609967041328222,0.971,0.003,0.4695
0.0122,0.038086,-0.001221,1.248291,2.807922,3.43573,82.650909,0.9874208578829543,-0.0007889654514262636,0.013637668502310345,-0.3800544010415136,-0.48914494401472464,26.61658559591842,0.971,0.003,0.4841
0.0115,0.058105,0.024414,1.428711,0.610657,1.604675,83.90213,0.9873331440627474,-0.000851786894090052,0.013666070586906276,-0.36153131146221607,-0.4984718446740607,27.57949213609208,0.971,0.003,0.4987
0.0124,-0.003662,-0.000488,1.41748,-0.365906,3.466248,78.470001,0.9872287557925007,-0.0009072354392441215,0.013662647316404885,-0.3679340757614895,-0.45063062376453505,28.552109618999946,0.971,0.003,0.5181
0.0114,0.026611,0.031006,1.379639,-1.159363,0.811218,77.676544,0.9871635922940938,-0.0009527725444036857,0.013667798129850313,-0.36417683939457923,-0.4540014817744372,29.436488316345773,0.971,0.003,0.5327
0.0122,0.053223,0.005859,1.161621,-0.426941,3.191589,79.843292,0.9870834754586567,-0.0010182695524668158,0.01370617036995288,-0.3658599687010098,-0.449280825707307,30.40842169554064,0.971,0.003,0.5553
0.012,0.044678,0.045898,1.458496,0.397034,0.506042,79.660187,0.986979866124644,-0.0010933102613800017,0.013714125805636976,-0.33815629178737133,-0.4637306255200164,31.362805522933634,0.971,0.003,0.5699
0.0121,0.058594,-0.047363,1.300781,-0.152283,-5.139709,77.279816,0.9869586030840016,-0.0011223358821963463,0.013770411176315106,-0.3694388181912744,-0.5580211989078033,32.297013635131115,0.971,0.003,0.5829
0.0125,0.052734,-0.062744,1.158447,0.732727,1.207947,78.592072,0.9870001679126293,-0.0011118156288421176,0.013837317320692983,-0.4040350689319141,-0.5755368641248536,33.27822288856555,0.971,0.003,0.6023
0.0112,-0.02002,-0.086182,1.368896,2.0755,-1.263977,75.814972,0.9869672097157312,-0.0011254433921598622,0.013857444178419063,-0.4307637718520084,-0.574893674977032,34.12857722763267,0.971,0.003,0.6153
0.0124,0.023438,0.063232,1.398926,1.892395,-3.980042,76.85257,0.9870391896769095,-0.0010870878199981113,0.013842941613272389,-0.3757716230530466,-0.6317046422785807,35.08054464905013,0.971,0.003,0.6379
0.0121,0.073242,-0.056152,1.306396,1.343079,2.30658,78.439484,0.9871325621281121,-0.0010411618554769721,0.013909331986593167,-0.3958765338786108,-0.6428378095351285,36.02800006337771,0.971,0.003,0.6509
0.0122,0.00415,-0.052979,1.298584,1.373596,-1.019836,76.272736,0.9869794142373702,-0.0011524197086437357,0.013929889234974508,-0.4140020945985593,-0.6533638999929096,36.95891264940489,0.971,0.003,0.6638
0.0112,-0.052002,-0.049072,1.172852,1.190491,-6.116272,74.258575,0.9868587625399126,-0.001225101513220828,0.013916383968514287,-0.4352461511563615,-0.6842780720117956,37.79305842325782,0.971,0.003,0.6833
0.0121,0.063965,-0.031738,1.248291,-1.098328,2.031921,75.540314,0.9869873132860083,-0.0011459880147128621,0.01396634851062553,-0.470936936721349,-0.6939547691226652,38.7051845289838,0.971,0.003,0.6978
0.0122,0.132568,0.104736,1.464355,0.427551,0.933289,73.526154,0.9869061420362132,-0.0012516227735195403,0.013981368509118346,-0.4150138912227858,-0.7443191717970044,39.59768764861501,0.97,0.003,0.7173
0.0122,-0.121582,-0.065918,1.158447,1.556702,-4.529358,73.282013,0.9869630538176478,-0.0011634181000341843,0.013939994975879007,-0.4439380780546892,-0.715081320309937,40.49635775732662,0.97,0.003,0.7302
0.012,0.047607,-0.003174,1.181885,0.397034,2.611755,71.603546,0.986981018479246,-0.0011648321155713296,0.013965163110441787,-0.4439347467745644,-0.710403362604715,41.35378908158257,0.97,0.003,0.7432
0.0118,0.103027,-0.011475,1.458496,1.95343,-6.177307,66.293488,0.9868520819761364,-0.0013043220001229521,0.014008101251934281,-0.4300969769695911,-0.8308203098381889,42.13426602982878,0.97,0.003,0.761
0.012,-0.034912,-0.027832,1.219238,1.007385,-1.111389,69.894562,0.9868833493175517,-0.0012648281967538415,0.013998826120937025,-0.44026733181729205,-0.8165719147759533,42.97431486434361,0.971,0.003,0.7739
0.0122,0.006836,0.010498,1.376709,0.885315,1.787781,69.497833,0.9869012656557263,-0.0012509952227815445,0.013991978580363365,-0.4282819825732249,-0.7921068818441923,43.82162374779797,0.97,0.003,0.7917
0.0122,0.027344,-0.004639,1.271973,1.617737,0.078796,66.38504,0.9868307324082279,-0.001327095655333149,0.014000809724958974,-0.4152756624743212,-0.8023844104509908,44.63072979972908,0.97,0.003,0.8031
0.0116,0.008057,0.002441,1.301025,2.197571,-1.59967,70.504913,0.9868967884437754,-0.0012648371942567912,0.01399930061296546,-0.3929435057193641,-0.8201193179557819,45.44837775156328,0.97,0.003,0.8176
0.0117,0.015381,-0.068848,1.278564,0.793762,-4.804016,68.460236,0.9868677160857643,-0.001296017200692613,0.014032962140730859,-0.42966763004272374,-0.8798346150055367,46.25017803304195,0.97,0.003,0.8322
0.0125,0.044434,0.024658,1.296875,1.129456,-2.423645,66.293488,0.9868503850345831,-0.0013277014718522287,0.014033929603174572,-0.40667985225766456,-0.9294732139097092,47.07754771183973,0.97,0.003,0.8452
0.012,0.014893,0.046631,1.375488,2.991028,4.076599,63.028107,0.9869241195214722,-0.001254397007140108,0.014014876647050846,-0.3501656734507643,-0.8827899968275734,47.832563859563216,0.971,0.003,0.8646
0.0125,0.071533,0.052002,1.316162,1.739807,4.534363,62.967072,0.9869198797634314,-0.0012797365012969456,0.014014621003083639,-0.30371043848686324,-0.8629085709834659,48.616954646378325,0.97,0.003,0.8743
0.0111,-0.010742,-0.027344,1.275391,1.922913,-1.508118,62.265167,0.9868207959703673,-0.0013884729462647846,0.014016326304858957,-0.3033936294357514,-0.8694180439011282,49.30874816012116,0.97,0.003,0.884
0.0122,-0.000488,-0.067383,1.04834,3.692932,-4.712463,57.260284,0.9866812722715196,-0.0015472603667577038,0.014048196187861158,-0.31211973102982493,-0.9243116385835259,50.008700872528394,0.97,0.003,0.897
0.0125,0.102783,0.018799,1.428955,3.631897,-0.989319,54.178009,0.9867934458564246,-0.0014376229052597946,0.014073028594882754,-0.2622650325731737,-0.9862308301159768,50.683602819831606,0.97,0.003,0.9099
0.0112,0.0271,0.025879,1.355713,2.624817,1.757263,59.33548,0.9869779788427533,-0.0012202267871572272,0.014070839612086033,-0.22438394389386376,-0.9772534087670157,51.34708696727625,0.97,0.003,0.9261
0.013,0.065186,0.101318,1.496826,3.357239,3.191589,56.253204,0.9870025520622159,-0.0012084167849150847,0.014045899920501027,-0.13695717106699187,-0.9641546190967167,52.075632559747824,0.97,0.003,0.9342
0.0111,0.005371,-0.006592,1.252686,1.129456,2.398132,50.119171,0.9868729305759579,-0.0013757583975540846,0.014043747336188229,-0.13340792906059817,-0.9388459916547475,52.63187074534628,0.97,0.003,0.9423
0.0124,0.079834,0.036621,1.316895,1.037903,-0.34845,50.668488,0.9868765838328122,-0.0013903785369950826,0.01405018628787773,-0.10555659395706418,-0.9867402540703798,53.25805184766247,0.97,0.003,0.9585
0.0122,0.044678,0.011719,1.214111,3.357239,-8.344055,51.095734,0.9870954106056038,-0.001107860786684939,0.014062828924562627,-0.06474189487891924,-1.1137257857056064,53.8804979404993,0.971,0.003,0.9682
0.0113,0.032471,-0.015869,1.373291,1.95343,-2.850891,51.858673,0.9872184791742148,-0.0009430765716300675,0.014079630067141108,-0.059869997721862245,-1.159768041704993,54.46641983930381,0.971,0.003,0.9812
0.012,0.015625,0.049072,1.252441,2.96051,-2.179504,47.342072,0.9872919106964916,-0.000847953121357603,0.014059422692675854,-0.00279756998129634,-1.1917207434136032,55.03323289093136,0.971,0.003,0.9909
0.0124,0.019287,0.050293,1.428955,1.282043,5.083679,48.440704,0.9873489381423053,-0.0007733793473205512,0.01404185058319616,0.030355833829385614,-1.1352020323876917,55.632765179560195,0.971,0.003,1.0006
0.012,-0.052979,-0.047363,1.278076,1.83136,5.938171,45.114288,0.9873387811014405,-0.0007740722058323043,0.014043848465672236,0.015964037965788668,-1.0304530849025562,56.17604595465937,0.97,0.003,1.0119
0.0121,0.033936,0.040039,1.350586,2.228088,4.412292,42.886505,0.9873085669911507,-0.0008280205319982304,0.014032403694728982,0.05880812205942153,-0.9947386728227776,56.693820917603844,0.97,0.003,1.02
0.0121,-0.062988,-0.00293,1.273682,1.83136,-4.041077,43.985138,0.9872157900700888,-0.0009578978037038772,0.014009187980722652,0.07180032374387962,-1.0045020140911596,57.22706026934707,0.97,0.003,1.0281
0.0115,0.0625,-0.112305,1.293701,1.587219,5.57196,45.266876,0.9872088822666915,-0.0009710900130432509,0.014076117988503173,0.017264978108998567,-0.9767781671028859,57.748712095518485,0.97,0.003,1.0378
0.0129,-0.052734,-0.008057,1.408203,1.70929,-2.698303,43.222198,0.9871539734789809,-0.0010477620472093638,0.014061174085698699,0.027490733367753387,-0.9806977598071521,58.307317428341165,0.97,0.003,1.0459
0.0114,0.001953,-0.101318,1.277588,1.95343,3.008484,40.323029,0.987150542086379,-0.001046723441821231,0.014105748611983666,-0.016042861442000157,-0.946915234002543,58.768690200277426,0.97,0.003,1.0573
0.0119,-0.008789,0.050537,1.456543,1.465149,0.383972,40.200958,0.9870952707798072,-0.0011387473144645222,0.014078798030923096,0.022569396389706238,-0.9356475213895711,59.24656609690957,0.97,0.002,1.0654
0.0122,0.035889,0.02124,1.13916,1.343079,-3.735901,40.261993,0.9870297798117252,-0.0012585621067266004,0.01407421319338162,0.04782917988757909,-1.005291349561648,59.73661004164176,0.97,0.003,1.0718
0.0119,0.091797,-0.036133,1.443604,0.305481,3.43573,44.931183,0.9870474116736956,-0.0012412771247459565,0.014107522398712352,0.025257471330225406,-1.0110986082028877,60.27053167846995,0.97,0.003,1.0832
0.0123,-0.059082,-0.024414,1.171387,0.366516,-3.583313,40.963898,0.9870353153225175,-0.001247475724415535,0.014100317684335341,0.007573377053462935,-1.0155596282219244,60.77606836755795,0.97,0.003,1.0897
0.0124,0.005859,-0.035645,1.275879,0.641174,1.177429,45.083771,0.9870503024405591,-0.0012193090411088715,0.014115597295000044,-0.01295214167427021,-1.0030449394209666,61.335657099067376,0.97,0.003,1.1026
0.011,-0.09375,-0.065186,1.412842,1.221008,-3.827454,45.083771,0.9870687829279698,-0.0011635576440081586,0.0141193279328221,-0.04094773418752698,-0.9917156367301428,61.83428570428191,0.97,0.002,1.1075
0.0122,-0.003906,-0.043945,1.109619,1.159973,-0.012756,42.642365,0.9870513280840735,-0.0011933068246701912,0.014137344750374868,-0.06247203429857222,-0.9887781201255881,62.35532819725125,0.97,0.002,1.1139
0.012,0.035156,0.073975,1.501709,0.397034,-1.386047,45.877228,0.9871155763892916,-0.0010788820418551192,0.014115465576633693,-0.02660694701350896,-1.0197632034688926,62.90445931033375,0.97,0.003,1.1285
0.012,-0.144775,-0.202148,1.17627,0.702209,3.161072,45.755157,0.9871451372031772,-0.0009805997573493388,0.014173791822440407,-0.15194456031095488,-0.889889404784145,63.459394842330305,0.97,0.003,1.135
0.0122,0.061768,0.029785,1.419922,1.251526,3.283142,42.032013,0.987166945893183,-0.0009507747959353436,0.014171526096105728,-0.12440197157839057,-0.880887599510437,63.97053055212618,0.97,0.002,1.1463
0.0123,0.001953,-0.049072,1.143799,1.678772,0.567078,39.285431,0.9871046660342169,-0.001078493866773179,0.014190663941286279,-0.1396638396826187,-0.8750974496771661,64.45418817469113,0.97,0.002,1.1512
0.0119,0.0354,0.030273,1.339111,2.014465,1.024841,39.9263,0.9870277688080878,-0.0012481371505176132,0.014179248921729127,-0.10164194131253369,-0.8815432994353225,64.92818519865867,0.97,0.002,1.156
0.0121,-0.000244,0.000244,1.301758,0.976868,-0.562073,40.139923,0.9870303625717757,-0.0012424618753172172,0.014176345351692349,-0.09339730174340521,-0.8868664006905626,65.41389685673018,0.97,0.002,1.169
0.012,-0.018311,0.004639,1.303711,1.556702,-0.47052,40.261993,0.987107829546362,-0.001068859913140408,0.014171171473021264,-0.07587665286783056,-0.8804728225978662,65.89741411132667,0.97,0.003,1.1771
0.0118,0.014404,-0.047119,1.328613,1.617737,1.2995,38.91922,0.9872112254175274,-0.0008403738856870221,0.014194195058720887,-0.08752755451160356,-0.8724386824014335,66.3567956578897,0.97,0.003,1.1868
0.0124,0.041992,0.035156,1.401123,1.312561,1.116394,36.599884,0.9872834005065748,-0.0006847547742088522,0.014187958268604169,-0.055537877846145306,-0.8800343789981011,66.80945001187823,0.97,0.002,1.19
0.0111,0.003418,-0.010986,1.337402,0.610657,0.65863,35.348663,0.9872396691495606,-0.000787267794614355,0.01418875954695659,-0.05778402594705007,-0.87373420359487,67.20186168637744,0.97,0.002,1.1933
0.0121,0.001953,0.014404,1.388184,2.289124,0.811218,34.555206,0.9871670781706214,-0.0009604004931209137,0.014178485027497113,-0.02552052255941415,-0.8638628950822405,67.61981508432636,0.97,0.002,1.1981
0.0135,0.01123,0.020996,1.279785,1.465149,-0.714661,30.252228,0.9870309623276793,-0.0012937770761117617,0.014164297065421414,0.003584582510864351,-0.8799041887268266,68.0277691411198,0.97,0.001,1.2046
0.0112,-0.010986,0.032959,1.280029,1.739807,-1.59967,29.886017,0.9869263851057306,-0.0015511571780427442,0.014143089496493089,0.04020857304365218,-0.8908641104906023,68.36235762978457,0.97,0.002,1.2176
0.0121,0.017334,-0.018799,1.307861,1.465149,-2.576233,28.360138,0.987064591800103,-0.0012056535265427878,0.01415721097904159,0.04370854630497949,-0.931562221533929,68.7053991430797,0.97,0.002,1.2257
0.0121,0.011719,-0.055908,1.330322,0.793762,-1.660706,31.533966,0.9872225502305213,-0.0008014286252545601,0.014185588181313668,0.017105324560820694,-0.9573491503344339,69.08738838350888,0.97,0.002,1.2338
0.0114,0.026611,-0.045166,1.382324,1.190491,2.42865,29.794464,0.9872915270424453,-0.000624978466134586,0.014207161326333352,0.002452557486775523,-0.9430553437094339,69.42707938029363,0.97,0.002,1.2354
0.0125,-0.002686,-0.003174,1.355225,0.580139,2.276062,25.766144,0.9873156956692274,-0.0005596542104057087,0.014207098652854138,0.00529747360343833,-0.9119875106561774,69.74927534956707,0.97,0.002,1.237
0.0112,0.030518,0.065186,1.324707,0.763245,3.618835,19.754181,0.9873081516458712,-0.0005875008807178962,0.014184895358030174,0.05052145867693459,-0.8885608220484355,69.96924319197188,0.97,0.002,1.2386
0.0129,0.032227,0.061768,1.427979,1.678772,0.322937,13.406525,0.9872972817269894,-0.0006240215559177086,0.014165869021893812,0.10434728354655255,-0.9005703770741251,70.14103983432604,0.97,0.002,1.2402
0.0111,0.018555,0.057861,1.194092,1.129456,0.048279,10.56839,0.9872202004700704,-0.0008430458208469594,0.014140406901660815,0.15380886673657668,-0.9122600776102442,70.25722437134809,0.97,0.001,1.2467
0.0125,0.025391,0.056641,1.390137,-1.037292,2.703308,12.613068,0.9870768185770102,-0.0012479859851589107,0.014116179855162548,0.17064386628770511,-0.8918502816835303,70.41398608427089,0.97,0.001,1.2564
0.0121,-0.090576,0.011475,1.180908,0.244446,-4.37677,9.652863,0.9870993392279493,-0.00117040231809264,0.014098978741119235,0.1803831103271192,-0.8864822749496492,70.53180781518591,0.97,0.002,1.2613
0.012,0.04834,-0.094482,1.168945,2.502747,3.130554,10.476837,0.987200856181155,-0.0008895937768330579,0.014148223891944802,0.1479775215680831,-0.8816659292817217,70.65799087657776,0.97,0.002,1.2678
0.0121,0.11499,-0.047363,1.507568,-0.396423,3.496765,8.950958,0.9872787073096002,-0.0006827414548710118,0.014178450585070354,0.11857554873582679,-0.896430772549356,70.76537148995268,0.97,0.002,1.2694
0.0115,-0.142822,-0.076904,1.255371,0.702209,0.170349,10.232697,0.9873222264809671,-0.000529064058394166,0.014188741509565936,0.07999450787906759,-0.8084723759736151,70.88647081086181,0.97,0.002,1.271
0.0126,0.029541,0.031494,1.344727,0.793762,-1.019836,10.751495,0.9873408646617364,-0.0004810816957884273,0.014181361388627176,0.10773508088556874,-0.8382217373475671,71.02110427167345,0.97,0.002,1.2726
0.0119,0.029785,-0.111084,1.290527,0.549622,1.391052,10.110626,0.987348186278943,-0.0004630313843921547,0.01422346765911309,0.0486701210940496,-0.839724822363471,71.14207246341003,0.97,0.002,1.2758
0.0116,0.047363,0.006592,1.328857,1.465149,-0.531555,8.859406,0.9873612755915223,-0.00043417610552594745,0.014226325536533755,0.06998129344872053,-0.8729558316492659,71.24384993529293,0.97,0.002,1.2791
0.0122,-0.029541,-0.039795,1.285889,0.854797,0.872253,7.028351,0.9873866886089999,-0.000352107547483661,0.014236479800790625,0.05741299623082945,-0.8447510683595937,71.3306382263781,0.97,0.002,1.2791
0.0115,-0.036865,0.018311,1.370117,1.343079,2.611755,8.920441,0.9874107306633958,-0.00027438619160000485,0.014226296553231309,0.08346054066371397,-0.7941069924292438,71.43373212550014,0.97,0.002,1.2791
0.0121,-0.073242,-0.010742,1.306641,0.82428,0.902771,10.843048,0.9874300618973328,-0.00020258992897296535,0.014221048047026442,0.08713873017910997,-0.7411747431544522,71.56638996461147,0.97,0.002,1.2839
0.012,-0.099609,-0.037842,1.31958,-0.701599,-0.867249,14.566193,0.9874300759376273,-0.00018355838881781175,0.014220945545711294,0.05651244928617533,-0.6951681870266022,71.74325247911891,0.97,0.002,1.2839
0.0123,-0.069824,-0.097412,1.270996,-0.915222,0.078796,20.700226,0.9873643530133726,-0.0003709069938320387,0.014242087110058005,-0.013748542778082668,-0.6543876040137503,71.99963772540495,0.97,0.002,1.292
0.0118,-0.094727,-0.122803,1.329346,-0.091248,-3.033997,21.066437,0.9858855748570339,-0.004906311491778078,0.01421923993030343,-0.08486947625899065,-0.6375377940800413,72.25048113406656,0.97,0.002,1.2937
0.0124,0.058838,-0.074707,1.316406,-3.570251,-2.820374,25.674591,0.9859040660019928,-0.0048664971073343,0.014245141687372032,-0.17189384447195985,-0.7075855592037082,72.56752422915226,0.97,0.002,1.2953
0.0123,-0.010742,-0.039062,1.31665,0.030823,5.144714,7.913361,0.9845627826309641,-0.00913740908651392,0.014199660115068981,-0.19082940373299,-0.6397222068954365,72.66491257295252,0.97,0.004,1.2872
0.0125,0.257812,0.175049,1.43457,1.190491,-0.897766,10.56839,0.9843334496871914,-0.009922124984356741,0.01414151660347672,-0.08348793235260887,-0.7837644992594627,72.79085104123311,0.97,0.003,1.2937
0.0113,0.043457,0.193604,1.265381,3.113098,9.966492,-10.519257,0.9848003012910729,-0.008426890847056607,0.014101144256840968,0.07105527701509444,-0.698942794419332,72.66931367258356,0.971,0.005,1.2856
0.0121,0.482666,-0.07666,1.521973,-0.610046,4.992126,1.840363,0.9846711650788331,-0.008903630788115072,0.014120205727037472,0.029515479093210603,-0.8627567201384108,72.68585952300789,0.971,0.004,1.2969
0.0121,-0.228516,0.020752,1.52832,-0.091248,-3.36969,15.939484,0.9848337018898091,-0.00834913271513228,0.014117837031195658,0.03770157639644693,-0.789120797265564,72.88180443342641,0.971,0.004,1.3001
0.0112,0.041748,0.061523,0.616943,-0.213318,5.663513,10.049591,0.9851156338257175,-0.007459791049799627,0.014092501092733105,0.11421982655880501,-0.7873441551090726,72.99073421343049,0.971,0.006,1.2969
0.0122,0.007324,0.046387,1.766113,-5.614929,1.604675,11.850128,0.9851228436873601,-0.007439497306765136,0.0140818127062506,0.06539857622660943,-0.7695850365544024,73.1347094579273,0.971,0.005,1.3034
0.0122,-0.509521,-0.26709,1.204346,-0.396423,-4.712463,21.15799,0.985117794723015,-0.007373569691690451,0.014141541069499029,-0.0867191818116282,-0.5502324560319473,73.40255193985121,0.971,0.006,1.3082
0.0123,0.043945,0.04248,0.886475,-2.319031,1.848816,22.928009,0.985217965751703,-0.007049818760748058,0.014126168827699672,-0.07618887173671758,-0.5720046598537276,73.68295786162842,0.971,0.006,1.3131
0.0113,0.095215,-0.032959,1.914551,-1.403503,-1.325012,19.204865,0.9852971316051513,-0.006790276753586348,0.014136065327072147,-0.10450968717372532,-0.6243842707210349,73.89902218597129,0.971,0.006,1.3163
0.0122,-0.057373,-0.057129,1.013916,2.014465,2.001404,18.014679,0.9852970839253101,-0.0067791711125888224,0.014153173496629631,-0.12081611591513015,-0.5614953144739304,74.12025641236143,0.971,0.006,1.3179
0.0122,-0.004883,-0.002197,1.373779,2.71637,3.374695,12.552032,0.9853154546750806,-0.006714605999750593,0.014152706683515119,-0.08679978200347561,-0.5202032177140012,74.27330263376061,0.971,0.007,1.3212
0.0122,0.009033,-0.058594,1.42041,2.228088,-1.202942,17.007599,0.985338418416299,-0.006635720483124755,0.014167510178431528,-0.08987002759962792,-0.541921787589179,74.48078497217112,0.971,0.007,1.3228
0.0121,0.022217,0.053955,1.349854,3.113098,-0.806213,14.199982,0.9853709075909405,-0.006523152285483244,0.014153277593562465,-0.020109070924812983,-0.5667105857855628,74.65188440861027,0.971,0.007,1.326
0.0122,-0.025635,0.052734,1.336426,0.671692,-0.256897,12.979279,0.9854001860776841,-0.00641285770245605,0.014138198840933596,0.019491640634322148,-0.5577297818973682,74.81031681017778,0.971,0.007,1.3293
0.0111,-0.033203,0.041992,1.243652,-0.274353,3.5578,17.556915,0.9854091215075695,-0.0063751699559221,0.014124397845807903,0.043112941861131765,-0.5016794085248186,75.00547743899371,0.971,0.007,1.339
0.0121,-0.271484,-0.109619,1.536377,-3.692322,-7.886292,25.033722,0.9854139466762433,-0.006325697997264702,0.014142349945067344,-0.05527470210045383,-0.4668448458175111,75.31185681768577,0.971,0.007,1.3422
0.0122,0.092285,-0.046387,1.289795,-1.250916,1.2995,24.942169,0.9854197747786236,-0.0063220744870614715,0.014155897347917156,-0.09676450773842236,-0.5090970118970803,75.61440560529398,0.971,0.007,1.3439
0.0122,0.001221,-0.000977,1.195801,0.000305,1.268982,22.16507,0.9854318988016533,-0.006276062053668882,0.014154985872469121,-0.09571309540729078,-0.4983241826615203,75.8846520265573,0.971,0.007,1.3487
0.012,-0.025635,-0.044434,1.324707,0.82428,-1.111389,17.37381,0.9854479115207551,-0.006210547825700656,0.014165010919626096,-0.10966481754557407,-0.4998200200259835,76.09350399169621,0.971,0.007,1.3503
0.0122,0.003418,-0.008545,1.44873,2.807922,2.703308,15.054474,0.9854332263598875,-0.006271348697178446,0.01416519810885144,-0.07818486575129123,-0.4713507880289195,76.27697601546136,0.971,0.006,1.3568
0.012,-0.13501,-0.044189,1.160889,4.669495,-1.721741,17.648468,0.9854006514547893,-0.006382334857158079,0.014172669147358954,-0.04945284302371009,-0.40839224874979635,76.49122463464754,0.971,0.006,1.36
0.0116,0.056152,0.022949,1.326416,2.899475,-1.019836,13.58963,0.9853613206984091,-0.0065551258112125045,0.014165450227453058,-0.0008932396862361057,-0.4565919974869299,76.64785829334087,0.971,0.007,1.3617
0.0121,0.061279,0.041992,1.369141,1.83136,-2.60675,13.894806,0.985359947378884,-0.006569242196522741,0.014155233015612473,0.04565466454432961,-0.5254695966675427,76.81496973171949,0.971,0.007,1.3665
0.0121,0.070312,-0.032715,1.427002,0.335999,1.604675,12.033234,0.9853762781878542,-0.0065114327620510015,0.014163526942118847,0.032946387534344215,-0.5464195363194544,76.95948599499629,0.971,0.007,1.3665
0.0122,-0.021729,0.046143,1.271729,-0.976257,2.581238,11.789093,0.9854040031334843,-0.006387742835992328,0.014151625204435109,0.050033931371008374,-0.5055338147790005,77.10352975468916,0.971,0.007,1.3681
0.0121,-0.005615,0.025391,1.279053,-0.915222,0.750183,9.317169,0.9852056160650783,-0.007253411687712375,0.014136426429468881,0.05556438582843373,-0.49692021444094026,77.21624394412795,0.971,0.007,1.3698
0.0121,0.019531,0.035156,1.435547,0.427551,0.078796,5.227814,0.9851775787749995,-0.007379115597195577,0.014126898334297368,0.08077904931680575,-0.5091895751412561,77.27915288018394,0.971,0.007,1.3714
0.0112,0.043945,0.008057,1.257812,-1.250916,-4.987122,6.204376,0.985210825212786,-0.007238255986923965,0.014125627499868778,0.07316655352784233,-0.5949289258911871,77.34787677991723,0.972,0.008,1.3746
0.012,0.084961,-0.149658,1.271729,-0.457458,2.733826,8.6763,0.9852522842221739,-0.007067173461811725,0.014163311918362412,-0.019793447126850862,-0.6155550762625606,77.45142398024257,0.972,0.008,1.3762
0.0123,0.032227,-0.018555,1.426025,2.0755,1.391052,7.089386,0.9852535199995484,-0.00706664643717996,0.014166585413420179,-0.0026562238945057634,-0.6174412544595885,77.53817749324563,0.972,0.008,1.3827
0.0121,-0.057373,-0.040527,1.274902,-0.365906,6.090759,9.073029,0.985247015392964,-0.0070873246428822725,0.014174454306460867,-0.029560005740909896,-0.5126634899016504,77.64905091151864,0.971,0.008,1.3859
0.0122,-0.31958,-0.175781,1.410156,-0.152283,-1.141907,13.803253,0.9852315886526583,-0.007112581764641546,0.014207307298431998,-0.12103332376126169,-0.3638505870565748,77.82279784595772,0.972,0.008,1.3876
0.0119,-0.043701,0.029053,1.039307,1.70929,-3.674866,12.735138,0.985214293392868,-0.007181906622075724,0.014196617980953079,-0.07586361939544788,-0.3818987986780846,77.975489199383,0.972,0.008,1.3892
0.0122,-0.022461,-0.049561,1.391846,0.030823,-0.928284,13.864288,0.9852078289538061,-0.007212413764375081,0.014205563759931863,-0.10046089564357391,-0.3847633420745131,78.14473116613098,0.972,0.008,1.3924
0.0121,0.02124,-0.025391,1.256348,-0.732117,-2.60675,16.732941,0.9852163788076331,-0.007178632590928616,0.014210234328560214,-0.1221677980072803,-0.4335839375349946,78.34656508398581,0.972,0.008,1.3973
0.0112,0.000977,-0.020508,1.308594,0.793762,0.841736,17.007599,0.985227620252451,-0.007126541008093951,0.014213696393020236,-0.12273460594238689,-0.42862113478545544,78.53681282407567,0.972,0.008,1.3989
0.012,-0.033936,-0.023193,1.347656,0.885315,2.42865,16.153107,0.9852431358838522,-0.00704618844958154,0.014217728681704074,-0.12280718517617138,-0.3841458244412894,78.73105233965059,0.972,0.008,1.4021
0.0129,-0.029541,-0.034668,1.269775,0.671692,-0.165344,13.803253,0.9852493974305793,-0.007012503322888104,0.014224147280219866,-0.13218204294069616,-0.3730785394807093,78.90943628638715,0.972,0.008,1.4054
0.0111,0.009766,-0.016602,1.300537,0.915833,0.139832,19.326935,0.985255718828563,-0.006984421917099994,0.014226450607831941,-0.12911442098343567,-0.38167078134672294,79.12353057464881,0.972,0.008,1.4102
0.0122,-0.10083,-0.075195,1.297119,1.556702,-2.942444,20.730743,0.9852568821594503,-0.006964915478021632,0.01424107359089514,-0.15200461597098178,-0.36241850127473463,79.37816676524584,0.972,0.008,1.4151
0.012,-0.020996,-0.088623,1.288086,0.305481,-1.996399,24.209747,0.9852765249595173,-0.006864480194202357,0.014258964150041431,-0.19828705985893194,-0.3780147567533574,79.66845213331187,0.972,0.008,1.4183
0.0122,0.067383,-0.037842,1.405273,2.136536,2.794861,22.042999,0.9852969985727672,-0.006769791488941188,0.01426540663303775,-0.1900788088671776,-0.38409329678168086,79.93535277349646,0.972,0.008,1.4216
0.0121,-0.017822,0.012207,1.254395,1.526184,2.153992,20.39505,0.9851046843365824,-0.007849812971459594,0.014253904307852495,-0.1611028625203729,-0.3517473388178145,80.18241038625291,0.972,0.008,1.4248
0.0121,-0.007812,0.029541,1.338379,0.427551,1.940369,18.686066,0.9851502019022805,-0.007584390172286793,0.014248186952971352,-0.13608372425743523,-0.3282749407192956,80.40865965527627,0.972,0.008,1.4264
0.0121,0.009277,0.016357,1.356201,1.190491,-0.409485,16.031036,0.9851734143199945,-0.007448897726177525,0.014244309402322809,-0.10965329962500807,-0.34295004393875705,80.60239849788604,0.972,0.009,1.4297
0.012,0.020996,0.049561,1.19458,0.763245,-0.165344,17.007599,0.9851999852923675,-0.007290637311775814,0.01423288492375859,-0.06601580453633082,-0.3638918736396387,80.80612526550335,0.972,0.009,1.4313
0.0112,0.039307,-0.028076,1.400146,0.030823,0.902771,13.162384,0.9852320107304263,-0.007101930655938421,0.014237894241790804,-0.07863312853004902,-0.37945687568514685,80.95255126233145,0.972,0.009,1.4329
0.0124,-0.006592,-0.01001,1.281006,0.610657,0.841736,10.44632,0.9852729404105366,-0.006845446764181317,0.014240413044160988,-0.07432586135737691,-0.36996674340732816,81.08202100676063,0.972,0.009,1.4361
0.012,-0.008789,0.05249,1.305176,0.793762,2.764343,8.950958,0.9852926539408741,-0.006716907915949485,0.014230015438183316,-0.0313549953255246,-0.33673303939987753,81.18961252656831,0.972,0.009,1.4378
0.0123,-0.013184,0.030762,1.340088,-0.1828,1.360535,9.042511,0.9852701673303064,-0.006859587190208623,0.014222483534660851,-0.01366618305730706,-0.3175815937153266,81.30104016385157,0.972,0.008,1.4442
0.012,-0.155762,-0.022705,1.231201,0.94635,-1.325012,7.66922,0.9852468652431975,-0.00698875282495327,0.0142263277989804,-0.013857076646032404,-0.24352633676892063,81.39566996278434,0.972,0.008,1.4442
0.0122,0.005127,0.006104,1.210693,0.793762,-0.012756,3.76297,0.9852158373977966,-0.007195604318377757,0.014223092817649344,0.002498420196265896,-0.2537812036293964,81.44137334819183,0.972,0.008,1.4442
0.0111,0.018066,0.019043,1.321777,0.488586,0.41449,1.260529,0.9851985094619603,-0.007313323073637079,0.0142179755180859,0.021482192915177677,-0.2656166171616129,81.45506618997912,0.972,0.008,1.4442
0.0121,-0.018066,0.016113,1.289062,0.580139,0.322937,0.74173,0.9851887133703118,-0.0073759846359783875,0.01421400554197639,0.04049212734837196,-0.2571154577340052,81.4643177381748,0.972,0.008,1.4442
0.0131,-0.012207,0.046875,1.321777,0.793762,0.719666,-0.26535,0.9851782044906265,-0.007442377894249748,0.01420468414248124,0.08019432056519174,-0.246660059548421,81.46124117322339,0.972,0.008,1.4442
0.0112,-0.004639,0.006104,1.321533,0.152893,0.078796,-2.950897,0.9851724054212819,-0.007481131879693267,0.014202799283011443,0.08744096517769402,-0.249104850329603,81.42817619360595,0.972,0.008,1.4442
0.0121,0.010498,-0.001709,1.31958,0.274963,-0.34845,-5.666962,0.9851669571056749,-0.007519796825325206,0.01420215144447165,0.09185217318576719,-0.26528212372986687,81.35932060966384,0.972,0.008,1.4442
0.0124,0.010498,-0.001953,1.308594,-0.030212,-0.012756,-7.223358,0.9851622614833684,-0.007553208656591817,0.014201563188253124,0.09253982327075816,-0.2773702914628983,81.26947269859798,0.972,0.008,1.4442
0.0125,-0.007812,0.014893,1.331543,0.030823,0.780701,-7.07077,0.9851585219079587,-0.007576861847653798,0.01419837808174091,0.10363194025499167,-0.2687524779698789,81.18116891015671,0.972,0.008,1.4442
0.0114,-0.015137,0.010498,1.354736,-0.06073,0.475525,-6.06369,0.9851559530737035,-0.0075921410417857,0.014196161843417966,0.1107615849609178,-0.2603320702358152,81.11218467152896,0.972,0.008,1.4442
0.0112,-0.046631,-0.025635,1.302979,0.213928,0.048279,-5.026093,0.9851542155156752,-0.007600310167436133,0.014200432568455499,0.09997706742514734,-0.23840762532354604,81.0562233150089,0.972,0.008,1.4442
0.0121,-0.036865,-0.0625,1.300781,0.305481,0.048279,-5.239716,0.9851521815909033,-0.007613781861048423,0.014210709872432828,0.06898990829460631,-0.22237948013769382,80.99277321223413,0.972,0.008,1.4442
0.0123,-0.013672,-0.058838,1.340576,-0.1828,-2.332092,-1.211395,0.9851500768684666,-0.007630200362600099,0.014219640168182413,0.03529622530306074,-0.24914169830541746,80.97751262735073,0.972,0.008,1.4442
0.0119,0.009033,-0.100586,1.330566,0.183411,0.200867,2.298126,0.9851478450183586,-0.007653162665838216,0.01423486930977322,-0.017827066473779418,-0.25789818521586183,81.00391237687717,0.972,0.008,1.4442
0.0125,0.007812,-0.053223,1.327393,0.671692,0.933289,3.030548,0.9851466650544825,-0.007666371722616388,0.014242356555797572,-0.037408269858079546,-0.2567296570256944,81.04116883681401,0.972,0.008,1.4442
0.0121,0.020996,-0.039795,1.31958,0.610657,1.268982,2.023468,0.985144585693144,-0.007686645163939267,0.014247431659453798,-0.05012502235175108,-0.2596270414037468,81.06485357456289,0.972,0.008,1.4442
0.0114,-0.006836,-0.046875,1.315186,0.854797,0.078796,3.671417,0.9851435659138194,-0.007695819130279218,0.014253914448383519,-0.06462083897210508,-0.26068936049382113,81.10644229971977,0.972,0.008,1.4459
0.0118,-0.007324,-0.045654,1.306396,0.702209,0.628113,5.380402,0.9851425254300521,-0.0077050134253011495,0.0142601389140726,-0.07994783708811551,-0.2550069231683124,81.16967195691245,0.972,0.008,1.4459
0.0122,-0.034424,-0.040527,1.304688,0.274963,-1.111389,8.645782,0.9851424982584434,-0.007702505679098908,0.014265807606697883,-0.09723055131425787,-0.2542133988090507,81.27553208905825,0.972,0.008,1.4491
0.012,-0.02417,-0.073242,1.29834,0.274963,1.513123,12.46048,0.9851414307137152,-0.007710605592275012,0.01427630371339649,-0.13381696115888453,-0.22792279346034527,81.42495898332939,0.972,0.009,1.4507
0.012,-0.030029,-0.077148,1.344238,0.091858,-0.073792,18.625031,0.9847709041093903,-0.010167932205730396,0.01427748837236044,-0.17327951074073503,-0.21734782358824267,81.64850072576155,0.972,0.009,1.4556
0.0119,-0.032715,-0.148926,1.257812,0.641174,2.42865,20.639191,0.9848482853243157,-0.009644887550609337,0.014302142162005788,-0.2514217290909445,-0.17509856873536397,81.8935671175303,0.972,0.009,1.4539
0.0121,0.058594,-0.082031,1.522461,1.648254,1.238464,14.932404,0.9849467578155467,-0.008970935398478815,0.014311969014557856,-0.26824472187482173,-0.1944318162393931,82.07201579017384,0.972,0.01,1.4539
0.012,-0.128906,-0.089844,1.487793,1.800842,-1.35553,17.465363,0.9849065122389234,-0.009239415081163048,0.01432429733290529,-0.28819554376408385,-0.14949463593718584,82.28432972055363,0.972,0.01,1.462
0.0121,-0.04834,-0.049805,1.39624,2.350159,5.20575,24.728546,0.9848675752097162,-0.00952157175024175,0.014330087661773638,-0.2823063746856995,-0.06591839218701771,82.58389851517444,0.972,0.01,1.4701
0.0125,-0.101807,-0.119873,1.385986,2.441711,0.872253,22.226105,0.9848539516414518,-0.009614112386513694,0.014347652087721286,-0.3124388654237002,-0.005645981566466128,82.8631417201729,0.972,0.01,1.4718
0.0118,-0.035645,-0.062744,1.408691,0.458069,-1.660706,20.51712,0.9848553433746201,-0.009602290267748424,0.01435521078565499,-0.33534442989541974,-0.012449772428001318,83.10537008531323,0.972,0.01,1.4734
0.0124,-0.001709,-0.045898,1.373047,0.091858,-0.134827,19.021759,0.9848618272526445,-0.009554918802887115,0.014359482255910765,-0.35370934047007746,-0.019957903170131245,83.34035208692534,0.972,0.01,1.4734
0.012,-0.015869,0.058838,1.276855,0.427551,0.41449,19.38797,0.9848683820230605,-0.009492134586432822,0.01434964497351181,-0.30704443761424655,-0.012830128375633902,83.57398408127297,0.972,0.01,1.4734
0.0118,-0.047119,0.070312,1.397217,-0.549011,0.383972,15.146027,0.9848728275884991,-0.009438728289867393,0.014340268891707001,-0.26936702278599906,0.01033468580423489,83.75471963012909,0.972,0.01,1.475
0.0121,-0.078857,0.045166,1.207031,-0.732117,-1.569153,13.284454,0.9848760868027052,-0.009388009137675634,0.014334574792436867,-0.2438550354781565,0.03257265122206551,83.91853573132114,0.972,0.01,1.4766
0.0118,0.01709,0.007568,1.291504,0.519104,-1.538635,8.218536,0.984879115940839,-0.009364770212892113,0.014331247445492344,-0.22796496769888133,-0.00425024167135275,84.01491842765338,0.972,0.011,1.4782
0.0122,0.068359,0.033936,1.291016,0.580139,-1.721741,4.983673,0.9848935154118182,-0.009240626084868553,0.014322946779190547,-0.19583507362945046,-0.07385976128416749,84.0740831278165,0.972,0.011,1.4863
0.0114,0.003418,-0.00293,1.285645,-0.732117,-0.165344,4.251251,0.9849328874861837,-0.00886431352013397,0.014322255727308372,-0.20107073880675935,-0.08566975385941249,84.12215817800744,0.972,0.012,1.4896
0.0121,0.032959,-0.001465,1.241943,1.434631,2.092957,6.143341,0.9849760747002606,-0.008454007375529291,0.014320901830499205,-0.17991349450223462,-0.08887217724558213,84.19519186478021,0.972,0.012,1.4912
0.0124,0.041992,0.061279,1.451416,1.312561,1.055359,3.427277,0.9850049278258447,-0.008175748126041466,0.014312354442956195,-0.127358725778773,-0.10474300019012135,84.23698754159429,0.972,0.012,1.4912
0.012,-0.014893,-0.045166,1.299072,-0.732117,1.238464,1.230011,0.9850283135973597,-0.007945916198499695,0.014317689559670872,-0.15854320248205458,-0.08891999540257145,84.25142430169842,0.972,0.012,1.4912
0.0122,-0.018066,0.00293,1.285645,0.305481,0.109314,-0.173798,0.9850405822011629,-0.007822550679609727,0.014316627057201227,-0.14866330047858053,-0.08479644917985342,84.24950765328738,0.972,0.012,1.4928
0.0111,-0.028564,0.004395,1.371094,0.122375,-3.186584,3.457794,0.9850501213712812,-0.007724370684361436,0.014315578302924084,-0.14077717224902986,-0.11121176185856223,84.28843918291315,0.972,0.012,1.4944
0.0122,-0.0271,-0.074707,1.266113,-0.243835,2.337097,4.89212,0.9850578554107312,-0.007648679890414551,0.014324519591988334,-0.18447702756408857,-0.07435972976447194,84.34775785287053,0.972,0.012,1.4944
0.012,-0.050049,-0.029541,1.278564,0.885315,0.719666,3.793488,0.985065014005362,-0.0075706546450739045,0.014327824501454494,-0.18692218788043247,-0.04392552870617355,84.3939720451032,0.972,0.012,1.4944
0.0124,-0.02832,-0.019287,1.325195,0.793762,-0.073792,2.023468,0.9850716929029512,-0.007500671958096577,0.014329409801651437,-0.18366529310627588,-0.03655792939283794,84.41930450360616,0.972,0.012,1.4944
0.0119,-0.023438,-0.049072,1.346191,0.335999,0.292419,0.98587,0.9850779692694103,-0.007437527240606086,0.014334325944501914,-0.2029661567609365,-0.027858928851716157,84.43081622058658,0.972,0.012,1.4944
0.0121,0.008545,0.012939,1.232178,0.854797,-0.47052,0.345001,0.9850838187457291,-0.007380779492397307,0.014331468327919667,-0.17968972600251593,-0.047721407403392584,84.43461462566339,0.972,0.012,1.4944
0.0118,-0.016602,0.012695,1.360352,0.549622,-0.195862,-0.051727,0.985089606708441,-0.0073195857326304415,0.014329222494022648,-0.1616353650422104,-0.04855684861758744,84.43427513494503,0.972,0.012,1.4944
0.0122,-0.027832,-0.007812,1.32251,-0.030212,0.292419,-0.509491,0.9850937932454038,-0.007274089865168883,0.014329411875467437,-0.16211001029048297,-0.03706682715290865,84.42838182959014,0.972,0.012,1.4944
0.0114,-0.01001,-0.006836,1.282227,0.397034,1.085876,-2.340546,0.9850971003246203,-0.007240989126648865,0.01432932032452979,-0.15720339330683755,-0.027416123432497348,84.40156097889931,0.972,0.012,1.4944
0.0122,-0.010742,-0.002686,1.299805,0.030823,-0.531555,-1.9133,0.9851006727384298,-0.007204883737709709,0.014328759708424376,-0.15400126609222722,-0.03605429496389656,84.37819936096594,0.972,0.012,1.4944
0.0119,-0.037598,-0.016357,1.321533,-0.243835,-0.409485,0.070343,0.985103637136405,-0.007171130030173883,0.01432995143609944,-0.16200309219079975,-0.02739057028962242,84.3795124306841,0.972,0.012,1.4944
0.0123,-0.020264,-0.032227,1.315186,-0.091248,-0.134827,0.955353,0.9851059965991913,-0.007147779577437165,0.014332729327294883,-0.1774160855203936,-0.025601221624934438,84.39114808852237,0.972,0.012,1.4944
0.0123,0.00415,-0.035889,1.306641,0.427551,0.139832,0.497589,0.985108863743732,-0.007123961466405111,0.01433569776157935,-0.1886010834701323,-0.03475214421626703,84.39651577928572,0.972,0.012,1.4944
0.0123,-0.001221,-0.062744,1.32251,0.488586,0.811218,0.802765,0.9851110780172504,-0.007107366125020856,0.014341504519740159,-0.21420186280917267,-0.032384938432540575,84.4054956410634,0.972,0.012,1.4944
0.011,-0.003906,-0.043457,1.323975,0.915833,0.719666,0.833282,0.9851130973230402,-0.007090943082253495,0.014345175472106576,-0.22434071893018884,-0.03051814277414522,84.41403324552735,0.972,0.012,1.4944
0.0121,-0.012207,-0.009521,1.303711,0.94635,0.078796,1.74881,0.9851142649417907,-0.0070795020782395066,0.014345278354381702,-0.2135107694091048,-0.030754639683883974,84.43512286521111,0.972,0.012,1.4944
0.0127,-0.029541,-0.011719,1.302002,0.610657,0.139832,1.565704,0.9851155400506079,-0.007063601171220892,0.01434574451599569,-0.20774307255370983,-0.020010014599092435,84.45536928492932,0.972,0.012,1.4944
0.0112,-0.016846,-0.006104,1.315674,0.183411,0.445007,0.711212,0.9851182586655888,-0.007035025965883615,0.014345531522337154,-0.20436741936970718,-0.01371197551194364,84.46339567082396,0.972,0.012,1.496
0.0122,-0.008057,0.000732,1.312012,0.06134,0.261902,0.100861,0.9851212018440054,-0.00700540167561961,0.014344564583381268,-0.1983410624476151,-0.014385452273184733,84.4645296851133,0.972,0.012,1.496
0.0124,-0.027344,-0.015137,1.313477,-0.243835,0.292419,0.650177,0.9851236185607009,-0.0069784717658802385,0.014345338703804843,-0.2053412677548988,-0.0033808909051000393,84.47283340104347,0.972,0.012,1.496
0.0121,-0.02124,-0.003906,1.307373,0.06134,0.017761,0.558624,0.9851259811830071,-0.006952574687219673,0.01434492577611646,-0.20200539340399054,0.0005975904405298311,84.479795040731,0.972,0.012,1.496
0.0113,-0.016602,-0.009277,1.320801,-0.091248,-0.195862,0.009308,0.9851276149531897,-0.006935405721557152,0.014345026246914921,-0.20357090645237635,-0.0006148164189956204,84.47994164420187,0.972,0.012,1.496
0.0122,-0.014648,-0.030273,1.311523,0.030823,-0.226379,0.039825,0.9851293216439679,-0.006919114065021235,0.014347193407980323,-0.215966988096793,-0.0034878955403784,84.48022390189273,0.972,0.012,1.496
0.012,-0.012939,-0.04541,1.311768,0.244446,0.139832,0.74173,0.9851309590645383,-0.006904750822361931,0.014350791137226772,-0.2344992882439327,-0.002901212065386446,84.48872307486987,0.972,0.012,1.496
0.0123,-0.00293,-0.043213,1.321045,0.885315,0.41449,1.809845,0.9851326119962682,-0.006891934221016362,0.014354049122043732,-0.24354165334240208,-0.004657843228991923,84.51034150462152,0.972,0.012,1.496
0.0121,-0.013672,-0.041748,1.316162,0.549622,0.963806,2.816925,0.9851342692852885,-0.006876803615250666,0.014357173347305678,-0.25592104621458944,0.006358080397652846,84.54404869590992,0.972,0.012,1.496
0.0121,-0.020996,-0.023193,1.311523,0.580139,-0.287415,2.87796,0.9851359836636723,-0.006858430994381308,0.014358528254621415,-0.25708167805995497,0.006553194714462056,84.57892465498837,0.972,0.012,1.4977
0.012,-0.007568,-0.013916,1.29834,0.244446,-0.104309,2.908478,0.9851370815100892,-0.006848634073212465,0.014358943199323293,-0.2569245529813433,0.0010843754470967262,84.61358740801228,0.972,0.012,1.4993
0.0115,-0.01123,-0.027832,1.318848,0.183411,0.170349,3.427277,0.985134869400571,-0.0068738337125710605,0.014360639638424814,-0.2655534768515113,0.0010604036856073594,84.65273384047148,0.972,0.012,1.5025
0.0125,-0.016846,-0.020508,1.298096,1.282043,0.292419,3.244171,0.9851191241100544,-0.007042284224702072,0.014361711582727681,-0.256234055980582,0.005991818034448901,84.69322207014218,0.972,0.011,1.5074
0.0123,0.001221,-0.025146,1.350098,-1.739197,0.017761,11.758575,0.9850957134534283,-0.007298207650895226,0.014362952884645784,-0.2862963236325643,-0.002316171136527393,84.83729813399215,0.972,0.011,1.509
0.0112,-0.081543,-0.018066,1.091553,-0.152283,-0.59259,9.225616,0.985073309436654,-0.007531095049753689,0.014364835061176248,-0.29433909617686044,0.038125153408243996,84.94273316413346,0.972,0.011,1.509
0.0123,-0.013916,-0.072998,1.350098,-0.518494,-0.256897,6.204376,0.9850465869773712,-0.007837098533512306,0.014370427313738592,-0.33610906853926575,0.034434678608389314,85.01838153451892,0.972,0.011,1.509
0.0118,0.035156,0.015869,1.259521,0.427551,-3.064514,6.082306,0.9850310722799465,-0.00802383573060545,0.014367288191939906,-0.31515808143976515,-0.03159965704797419,85.08915115205315,0.972,0.011,1.509
0.0121,0.013672,0.015625,1.244141,0.885315,1.757263,5.685577,0.985018066667556,-0.008179591718686405,0.014364338014486638,-0.2888393393905259,-0.027390642621207245,85.15723468765508,0.972,0.011,1.509
0.0117,0.002197,0.027588,1.307373,1.312561,0.41449,4.739532,0.9850091962541809,-0.008285770459648081,0.0143607667143071,-0.25182604377154183,-0.03201315458034306,85.21249550257998,0.972,0.011,1.509
0.0122,0.02832,0.015625,1.332031,0.152893,-0.043274,1.87088,0.9850009462115303,-0.008390621786619017,0.014357814582079409,-0.23573990905689654,-0.05685586356992085,85.23443412571633,0.972,0.011,1.509
0.0125,0.036377,0.013672,1.264404,-0.091248,-0.043274,-0.356903,0.9849940532150998,-0.00848132013791395,0.01435473191442384,-0.22332882892714304,-0.08776729717932741,85.228837874458,0.972,0.011,1.5106
0.0115,0.017334,0.024902,1.311035,-0.396423,-0.409485,-0.997772,0.9849882695019784,-0.008554866592329916,0.014351192529724785,-0.20827794231041782,-0.1103176285772295,85.21678436726725,0.972,0.011,1.5106
0.0123,-0.002197,0.0271,1.340088,-0.1828,0.292419,-1.058807,0.9849831675981229,-0.008616940472151646,0.014347974783210867,-0.19019385076297488,-0.11289563776847421,85.2035982489096,0.972,0.011,1.5122
0.0121,-0.003174,0.003418,1.278076,-0.487976,-1.538635,0.131378,0.9849786043778551,-0.00867259800050468,0.014346696059050305,-0.189208963510119,-0.1371489487607085,85.20506969417994,0.972,0.011,1.5139
0.0117,0.046631,-0.129395,1.25293,-0.030212,1.055359,1.901398,0.9849752639733558,-0.008722624437484167,0.014355488014529577,-0.26290883973176377,-0.16058067492657635,85.2258456112299,0.972,0.012,1.5155
0.0122,0.023438,-0.062744,1.337646,0.915833,-0.836731,4.77005,0.9849750699800776,-0.008730664571954087,0.014358949782365819,-0.2823651636690089,-0.19060674669134411,85.28330788652504,0.972,0.012,1.5171
0.0123,0.008057,-0.117188,1.268555,0.274963,1.848816,6.509552,0.9849789055389897,-0.00868722215637403,0.014367454978068312,-0.34366943172268566,-0.17948544294473806,85.36292273201087,0.972,0.012,1.5187
0.0112,-0.037598,-0.042236,1.389648,1.282043,3.801941,7.760773,0.9849839522515167,-0.008620353744118105,0.014370437754138798,-0.3467260815212835,-0.12251802176577467,85.45029819775134,0.972,0.012,1.5203
0.0128,-0.113525,-0.012207,1.268799,1.007385,0.841736,6.753693,0.9849919993480372,-0.008499747732656228,0.014372734390710505,-0.3350438369738057,-0.05094730419976692,85.53959123479407,0.972,0.012,1.5203
0.0121,-0.081299,-0.005859,1.27417,0.549622,0.322937,4.098663,0.9850002937437756,-0.008380566923850669,0.014373694967060046,-0.32571387909124633,-0.006510756892358718,85.5911011665719,0.972,0.012,1.522
0.0114,-0.025391,0.0271,1.293945,1.190491,-0.043274,1.504669,0.9850087319811468,-0.008268209237252508,0.014371018139536321,-0.2901414292674802,-0.0006459919385266183,85.60874682776493,0.972,0.012,1.522
0.0123,-0.042725,0.044189,1.281006,0.183411,-0.409485,0.100861,0.9850169493146156,-0.008154760200684855,0.014367319956568854,-0.2557790290742198,0.010957135778671759,85.61105972350494,0.972,0.012,1.522
0.0114,-0.049561,0.04248,1.307373,-0.304871,0.292419,-1.760712,0.9850241535963237,-0.008053662070673533,0.014363940250843189,-0.2290665398810375,0.034260099455365164,85.59214373776149,0.972,0.012,1.522
0.0122,-0.038818,0.041504,1.314697,-0.091248,-0.195862,-3.195038,0.9850308982898666,-0.007960776026784154,0.014360511851290383,-0.20101029915263113,0.045261344602211206,85.55407358059692,0.972,0.012,1.522
0.0126,-0.01709,0.02124,1.295654,-0.823669,-2.36261,-3.835907,0.9850363394921204,-0.007889307614978096,0.014358298216988452,-0.19391633419474155,0.016452115881871142,85.50612258355817,0.972,0.012,1.522
0.0113,0.014893,-0.061035,1.274414,-0.976257,-0.623108,-1.9133,0.9850365791742619,-0.007892704952515886,0.014361827769322414,-0.2365059479728106,-0.008575226113024654,85.48350260274765,0.972,0.012,1.5203
0.0124,0.00415,-0.057617,1.354004,0.641174,-0.684143,-1.363983,0.9850383858454492,-0.007874149517904402,0.014364976936579735,-0.25599240247717175,-0.02768505964020273,85.46593712578115,0.972,0.012,1.5203
0.0119,-0.011963,-0.088135,1.247559,0.397034,0.902771,0.924835,0.98504010662465,-0.007855525384382679,0.01437080312831251,-0.2995630947705412,-0.018513357021135338,85.47634585962501,0.972,0.012,1.5203
0.0125,0.010254,-0.073242,1.362793,0.793762,1.2995,2.542267,0.9851597319389309,-0.006349850957574386,0.014375624191425199,-0.32499760278679685,-0.016165801567618536,85.50709697317671,0.972,0.012,1.5203
0.0112,-0.000977,-0.049805,1.321777,1.95343,4.412292,4.953156,0.9852359749868193,-0.005383534600659332,0.014378810590188045,-0.32598748592270466,0.025170726333037262,85.56171123424367,0.972,0.012,1.522
0.0124,-0.295898,-0.162598,1.434326,-1.220398,2.825378,23.385773,0.9852225212697626,-0.005513162134821039,0.014385204432230746,-0.41828157011057676,0.20511373915601017,85.85721982116755,0.972,0.011,1.5268
0.0124,-0.330078,-0.219238,1.071777,-0.793152,-3.583313,16.458282,0.9852065680299574,-0.0056770968674009275,0.014398763907934252,-0.5625945637653975,0.3652330203274894,86.06874214155205,0.972,0.011,1.5284
0.0113,0.064697,-0.010498,1.380371,0.793762,-0.104309,13.772736,0.9851919377155447,-0.005909462052493756,0.014400293050726284,-0.5501161638496985,0.3178549194495973,86.221517526153,0.972,0.011,1.5317
0.0123,0.010498,0.016846,1.100342,1.526184,-0.745178,13.34549,0.9851789209529151,-0.0061108920370109765,0.014399187483781115,-0.5099871307074004,0.28939098631172605,86.38525247131406,0.972,0.011,1.5333
0.0122,0.007568,0.048828,1.123291,1.739807,0.170349,11.69754,0.9851635982424161,-0.006352802584600413,0.014395788756098184,-0.4466352990849004,0.2744246213695674,86.52835474921156,0.972,0.01,1.5349
0.0117,0.044922,0.076172,1.436279,1.83136,0.109314,10.080109,0.9851504784177658,-0.006573242766686891,0.014391490691756366,-0.3774141192727404,0.24205143855922173,86.64598674373073,0.972,0.01,1.5365
0.0125,0.039551,0.003662,1.310791,1.312561,4.412292,6.265411,0.9851349360999014,-0.0068480556631068095,0.01439141753936814,-0.35202885371915715,0.26289942442802633,86.72246855001836,0.972,0.01,1.5414
0.0112,-0.029053,-0.033936,1.30835,0.763245,-2.728821,6.265411,0.9851217895636948,-0.007077474746462402,0.014394004700770239,-0.35665976301335167,0.23859711601423533,86.79274466297744,0.972,0.01,1.543
0.0122,0.080811,0.013428,1.216064,0.702209,-1.050354,4.983673,0.9851074491258889,-0.007350060639143387,0.014392509726436305,-0.33293355918405326,0.16401826434470512,86.85094258907813,0.972,0.01,1.543
0.0118,0.056152,0.027832,1.402588,-0.1828,1.482605,4.89212,0.9850946226960954,-0.007592806029024616,0.01439014956320711,-0.31378817384239904,0.1413858906214685,86.90707240551221,0.972,0.01,1.543
0.0128,0.013672,0.036865,1.335693,-0.549011,-1.691223,3.335724,0.9850852828276788,-0.007768682915066248,0.014387335715721976,-0.2936234376571369,0.10239371569015755,86.94953369767425,0.972,0.01,1.543
0.0114,0.029053,0.004639,1.305176,0.610657,2.215027,-0.173798,0.9850778640058145,-0.007914113343054717,0.014386058179843553,-0.27823174615340324,0.10061353640003047,86.94639378079007,0.972,0.01,1.543
0.0122,0.045654,-0.013184,1.310303,0.549622,0.597595,-2.950897,0.9850717850136518,-0.008036780666810826,0.014385553311976782,-0.273712485765297,0.07136720628015894,86.90881944886442,0.972,0.01,1.543
0.0117,0.036133,-0.02124,1.310791,0.397034,-1.111389,-4.537811,0.9850665345946389,-0.00814134511603768,0.014385570051500951,-0.27595606384860455,0.027819769710375503,86.85448097550113,0.972,0.01,1.5446
0.0124,0.041992,-0.007324,1.303467,0.519104,1.024841,-0.906219,0.9850615679622091,-0.008239796366300397,0.014384553823819176,-0.2682636383569822,0.006753820002341591,86.84179010604794,0.972,0.01,1.5446
0.0123,-0.114746,-0.070312,1.313721,-0.091248,0.628113,6.356964,0.9850577773647249,-0.008294505759219185,0.014389736690675612,-0.3045027682760781,0.0724063729337426,86.9222125638555,0.972,0.01,1.5462
0.0112,-0.065918,-0.072998,1.288818,-1.06781,-0.806213,6.845245,0.9850557667276798,-0.00832528296790501,0.014394329644261242,-0.35340007411701757,0.09324450894923139,86.99991247394235,0.972,0.01,1.5462
0.0124,0.0,-0.080566,1.302002,-0.06073,-0.684143,10.44632,0.9850542857095542,-0.008357174204837729,0.014398084467056147,-0.3946638555610501,0.07595178113616581,87.12862311387339,0.972,0.011,1.5495
0.0121,0.016113,-0.115967,1.32666,0.671692,0.139832,12.887726,0.9850548993568302,-0.0083512756730954,0.014403315247190237,-0.44601594467424976,0.06013400846491439,87.28306523389448,0.972,0.011,1.5511
0.0122,-0.001465,-0.059326,1.337402,0.427551,0.841736,12.124786,0.9850570837804583,-0.008308014297757488,0.014405580729888718,-0.4672219256324046,0.06313352916009717,87.43023920610553,0.972,0.011,1.5527
0.0113,-0.012207,-0.02002,1.285645,2.258606,0.689148,11.758575,0.9850618680000954,-0.00820211524262694,0.014405828691124948,-0.44604881373707406,0.06962653856670743,87.56288174273128,0.972,0.011,1.5543
0.0123,-0.006104,0.002197,1.371582,1.739807,0.689148,10.598907,0.9850683814344636,-0.008050586213671466,0.014404728961315758,-0.41622549116191976,0.07337185593824455,87.69292614624788,0.972,0.012,1.5576
0.012,0.001709,-0.008789,1.261475,0.397034,-2.576233,10.782013,0.9850762807859507,-0.00785728105665471,0.01440409397962341,-0.4095274883760628,0.03288434471987577,87.821976227338,0.972,0.012,1.5608
0.0127,0.030273,-0.036377,1.317871,0.610657,2.062439,12.155304,0.9850854779467277,-0.007622187454079775,0.014404820804144318,-0.41582585920294796,0.03336317337290002,87.97465820369722,0.972,0.012,1.5624
0.0113,-0.033203,0.0271,1.381104,0.580139,0.872253,11.361847,0.9850933708009149,-0.007396977447704309,0.014402826419545427,-0.387354072929457,0.05380365550388053,88.10356772672799,0.972,0.012,1.5624
0.0123,-0.067871,0.015381,1.261719,-0.671082,0.933289,8.828888,0.9851017380314836,-0.007137251388453159,0.014401391068969985,-0.3792415222810913,0.09737406142297819,88.21376980443493,0.972,0.012,1.564
0.0114,-0.026123,0.044922,1.345459,0.397034,1.330017,7.577667,0.9851069913907968,-0.006967965616968544,0.014398288789903159,-0.3425467132601533,0.11829247186735145,88.30057412667954,0.972,0.012,1.564
0.0124,-0.037109,0.008545,1.294189,0.610657,-0.47052,4.77005,0.9851116784465602,-0.006807759404475196,0.01439700833336216,-0.32355637383668023,0.1247415033812721,88.3604051785062,0.972,0.012,1.564
0.0127,-0.026855,0.01416,1.303223,0.244446,-0.134827,1.352081,0.9851153751615532,-0.006677668754696944,0.01439548357493891,-0.3060119659623581,0.1288594915545881,88.37798299599162,0.972,0.012,1.564
0.0113,-0.033447,0.003906,1.307129,1.282043,0.445007,-0.784149,0.9851186393531682,-0.006560746069888994,0.014394522975091587,-0.28348341932479015,0.1432881126933069,88.36958602423954,0.972,0.012,1.564
0.0121,-0.050537,0.022705,1.335693,0.519104,0.353455,-1.791229,0.9851208396885689,-0.0064801543494421646,0.014392714113333729,-0.25871185207861164,0.16629429384117425,88.34889188110196,0.972,0.012,1.564
0.0125,-0.042969,0.018555,1.297607,0.244446,-0.501038,-2.523651,0.9851231093596018,-0.00639877331696852,0.01439106250864625,-0.23938752389294002,0.1747580486324016,88.318180872468,0.972,0.012,1.564
0.0119,-0.026367,0.032471,1.279053,0.519104,-0.104309,-4.1716,0.9851249419890037,-0.0063352723961406805,0.014388807270430381,-0.20873151309492882,0.17835951224602256,88.26909107800618,0.972,0.012,1.564
0.0125,-0.028564,0.013916,1.328613,-0.030212,0.017761,-5.422821,0.9851265106197404,-0.006282207339496499,0.014387555838695434,-0.19642040043899128,0.18434458351442223,88.2017089107785,0.972,0.012,1.564
0.0116,-0.025635,-0.005859,1.304199,-0.487976,-0.897766,-7.345428,0.9851278058593462,-0.006240188024445566,0.014387278983135606,-0.20091909665457844,0.17811950546270877,88.11671237664626,0.972,0.012,1.564
0.0118,-0.02002,0.017334,1.291992,-3.570251,-14.050842,7.882843,0.9851732168766271,-0.00485787972937056,0.014381642025675939,-0.22733308668644076,0.015578129904466389,88.21066361134679,0.972,0.016,1.5705
0.0124,0.42749,0.152588,1.782959,-5.279236,-5.139709,6.448517,0.9853132042333806,-0.0004191334029506612,0.014394423871051597,-0.22600145232811628,-0.22711944385827496,88.28587966525082,0.972,0.02,1.5819
0.0121,0.489502,-0.092041,0.76123,-7.171326,6.518005,13.070831,0.9854255754299798,0.0032379185490075003,0.01447995345649627,-0.37725763738529516,-0.5302688632852166,88.43438663109399,0.972,0.022,1.598
0.0118,0.12793,-0.150879,1.121338,-0.94574,4.809021,9.652863,0.985514872570751,0.006522506186620966,0.014538204249198387,-0.48252023210606615,-0.5627905550327436,88.54930391138556,0.972,0.026,1.6191
0.0122,0.50708,0.098633,1.540771,3.876038,1.2995,1.931915,0.9855872207446205,0.009224965762168934,0.01462470983001603,-0.3843214625653662,-0.7784821805134757,88.56095445394298,0.972,0.029,1.6223
0.0117,0.476318,-0.0896,1.201904,0.488586,-1.721741,-0.051727,0.9856555133124586,0.011887642350467681,0.014750276100658443,-0.4227192477823646,-1.0671022383582816,88.55485340595803,0.971,0.032,1.624
0.0123,0.437256,-0.027344,1.537109,-4.607849,0.048279,3.671417,0.9857500832799221,0.015560718263185176,0.014895955326948042,-0.4859973084730591,-1.2661815248291033,88.59312458956536,0.971,0.035,1.624
0.0123,0.360107,-0.040771,1.16333,-0.518494,0.963806,7.852325,0.9858583511877211,0.019926314392098816,0.01509223509423414,-0.5115385094173018,-1.4691515961030384,88.68362362295233,0.971,0.039,1.6272
0.0121,0.227051,-0.158936,1.056396,5.98175,2.703308,10.476837,0.9859539456566017,0.024398552040921548,0.015292967147342072,-0.5436076627744993,-1.5866420063718532,88.81896275677268,0.971,0.045,1.6304
0.0113,0.290039,-0.082275,1.394043,3.72345,1.54364,9.897003,0.986039747431956,0.028641348589327154,0.015499612802911962,-0.5403656761549667,-1.7129920385860307,88.92946900311482,0.97,0.048,1.6321
0.0122,0.177246,-0.083984,1.4104,-3.173523,-2.759338,13.650665,0.9861294803388996,0.03362627055781028,0.015708198391920378,-0.6203783127363657,-1.8294197417078466,89.09839671549273,0.97,0.054,1.6353
0.0123,0.049805,-0.114746,1.538086,3.387756,-3.095032,15.451202,0.9862056816471739,0.03889761174979424,0.015888567354810347,-0.6333277126860983,-1.878092511235006,89.29698255521276,0.97,0.058,1.6369
0.0116,0.0979,0.0354,1.262451,4.425354,-4.590393,19.632111,0.986271189032023,0.04379978566327064,0.016088396384780542,-0.5592460134621032,-1.9767595880110158,89.51713319385166,0.97,0.063,1.6385
0.0118,0.008301,-0.048828,0.921875,1.190491,4.534363,21.096954,0.9863109156535584,0.04912867245642491,0.016273108067366596,-0.5844756542368285,-1.9200420178909123,89.77136517271606,0.969,0.07,1.6434
0.0121,0.145996,0.037354,1.501221,3.479309,9.661316,19.326935,0.9863381347803303,0.054447124886201764,0.016513297480299192,-0.5229262797326761,-1.8633467126743122,89.99569662966448,0.969,0.074,1.645
0.0124,-0.02417,-0.053467,1.314209,5.768127,4.931091,20.089874,0.9863336090758617,0.0598064602527349,0.016662644029725754,-0.4830074127929191,-1.7759410753738138,90.25005868752211,0.968,0.08,1.6482
0.0117,0.087158,-0.00415,1.034424,6.103821,5.388855,17.190704,0.9863136833766782,0.06489804837128905,0.016887027301946477,-0.4129067140262739,-1.76841991926705,90.44662682001656,0.968,0.084,1.6499
0.0122,0.096924,-0.060059,1.205322,2.441711,0.628113,22.104034,0.9862683778399961,0.07004232832649519,0.01711281124948419,-0.4222170084945804,-1.8109610766495248,90.71895154516874,0.968,0.089,1.6499
0.0117,-0.022949,-0.010742,1.676025,4.822083,-1.447083,21.707306,0.986204641361374,0.0750970710447528,0.017242616026066627,-0.3727535730474743,-1.803462858076851,90.97432765000467,0.967,0.096,1.6482
0.0123,-0.04248,0.054932,1.344238,2.868958,-3.552795,22.195587,0.9861214358737577,0.0804379652709134,0.017359280012786325,-0.3086618816160833,-1.8106626106558394,91.24304889962666,0.967,0.1,1.6499
0.0118,-0.033203,0.049561,1.009521,0.183411,3.466248,18.747101,0.9860153473733161,0.0857590207557659,0.017476485831339168,-0.2691005299166367,-1.7364270667508082,91.4582274624697,0.966,0.106,1.6547
0.0124,-0.111328,0.013672,1.395752,-2.07489,1.330017,21.310577,0.9858694430343414,0.09156048199666837,0.017541519400983863,-0.289665742449469,-1.6482141251270566,91.72403095764447,0.966,0.111,1.6596
0.0121,-0.049316,0.083252,1.314697,0.000305,-0.775696,17.129669,0.9857221962064294,0.09684332174643288,0.017627846642831926,-0.24154027198487046,-1.619467237826558,91.92467077051006,0.965,0.115,1.6612
0.0114,-0.06665,0.062744,1.436768,-1.464539,-1.263977,14.322052,0.9855613479282022,0.10188086173482729,0.01769090068958002,-0.22434077780757428,-1.588812196453912,92.08416540677948,0.965,0.122,1.6661
0.0124,-0.022217,0.066162,1.199219,-3.020935,7.982849,12.246857,0.9853772148341309,0.10724053363817765,0.01779891041677328,-0.21798695788687514,-1.469089056648299,92.2294548904642,0.964,0.127,1.6693
0.0114,-0.115723,0.063232,1.69458,-0.213318,2.30658,6.479034,0.9852062639875511,0.11181493328733118,0.017802194388389935,-0.1894820696763489,-1.3823552705753923,92.30086939327101,0.964,0.132,1.6693
0.0129,-0.148682,-0.000977,1.399902,1.70929,-6.024719,4.434357,0.9849962262111364,0.11706191602926175,0.01776160225982788,-0.16513413619571246,-1.3722812265040065,92.36095340145837,0.963,0.136,1.6725
0.0121,-0.094238,0.053223,1.008301,4.028625,5.022644,-1.852264,0.9848116290880935,0.12175794452228186,0.01772520326546608,-0.07102512594422933,-1.2383028322944014,92.3353160947386,0.963,0.14,1.6709
0.0114,-0.080811,0.030518,1.60083,4.8526,-5.170227,-3.103485,0.9846351047008842,0.12617080370152442,0.017728032233477686,0.0020171122770677847,-1.2524003723724604,92.29934389847861,0.962,0.146,1.6725
0.0125,-0.07959,-0.047852,1.07959,5.066223,0.506042,-8.474579,0.9844460176974117,0.13073060530047134,0.017709466031598974,0.03645129574491149,-1.1874697517369146,92.19856816003664,0.962,0.15,1.6709
0.0113,-0.122559,0.032715,1.619629,-1.098328,-0.012756,-6.857147,0.9842913572030695,0.13482923433461816,0.017658795223191647,0.04295244119762508,-1.1247110261242774,92.1211944493068,0.962,0.155,1.6709
0.0124,-0.105713,-0.010986,1.355225,-0.793152,2.092957,-5.17868,0.9841306833344196,0.13912732798445496,0.017607584480686406,0.030451160578527522,-1.0362983615300547,92.0591771378696,0.961,0.158,1.6693
0.0122,-0.112793,0.106934,1.021973,1.129456,8.562683,-7.101288,0.9839946228286498,0.143235784242738,0.017492258730901867,0.1274090928672582,-0.8502323313050746,91.96778886934115,0.961,0.162,1.6661
0.0117,-0.085693,-0.04126,1.440674,-3.875427,-1.263977,-3.408661,0.9838528306477737,0.14725274479508588,0.017448383938709053,0.06243794413815351,-0.8185159397506433,91.93046581897492,0.96,0.167,1.6644
0.0115,0.004639,0.023438,1.243652,-1.128845,3.466248,-5.544891,0.9837282618138027,0.15102626266259034,0.0175097397367512,0.06709796109955346,-0.7824866351122391,91.86541724617163,0.96,0.17,1.6612
0.0122,-0.005371,-0.010254,1.288574,0.000305,-2.667786,-8.657684,0.9835974764310477,0.15502142466950952,0.01755802306478136,0.0645663529817862,-0.8120806445436917,91.76009900965678,0.96,0.175,1.6612
0.0122,-0.079346,0.004883,1.077393,-2.502136,-6.055237,-12.99118,0.983475995558063,0.1589866929440152,0.017482099487610793,0.042782658122176506,-0.8310650655105727,91.60220590766977,0.959,0.178,1.658
0.0118,-0.029053,-0.052979,1.291748,-1.220398,-4.285217,-11.587372,0.9833614744188387,0.16292162852997594,0.017498558195294604,0.0015794160024916685,-0.8640312800411357,91.46774974879513,0.959,0.181,1.6563
0.0125,-0.122803,-0.04126,1.317383,1.800842,0.719666,-11.556854,0.9832519136621022,0.16702312184504942,0.01738487752625376,0.004877815790025148,-0.7839316060903488,91.32625795268294,0.959,0.187,1.6531
0.0123,-0.07251,-0.099854,1.443848,1.495667,5.114197,-12.106171,0.9831566486772426,0.17079622107856796,0.017344072595635692,-0.02521850090616094,-0.6831501557126383,91.18110330453416,0.958,0.19,1.6499
0.0112,-0.123779,-0.045654,1.12915,0.610657,1.055359,-12.136688,0.9830775280927883,0.17425078926872004,0.017181834242773055,-0.0440815269231446,-0.5914452414111145,91.04880793096463,0.958,0.194,1.6466
0.012,0.040283,0.040771,1.181885,2.044983,-1.172424,-13.448944,0.9830155507302204,0.17790773022751952,0.01729422531067556,0.011639553746750395,-0.6348727110130136,90.8852475364353,0.958,0.197,1.645
0.0119,0.081787,0.072754,1.301514,3.815002,0.872253,-12.045135,0.9829673481912511,0.18152012958674857,0.017463836271202213,0.10314034615381323,-0.6742623862959084,90.73848231617005,0.958,0.2,1.6434
0.0121,-0.084717,-0.077637,1.446289,2.014465,1.085876,-13.479462,0.9829126094060684,0.18525952388279734,0.017392742091164773,0.08969245078853742,-0.6172315485438018,90.57839548080305,0.957,0.205,1.6385
0.0122,-0.015625,-0.017578,1.269775,5.188293,-1.325012,-13.479462,0.9828734493672387,0.18900811801636255,0.01741435610793577,0.14542204900971537,-0.6260251042885171,90.41451650073766,0.957,0.208,1.6369
0.0118,-0.004395,-0.030762,1.487549,2.929993,1.757263,-12.930145,0.982845762392684,0.19263933721228768,0.017451881215812006,0.1663634028488122,-0.6039590871243945,90.2626997837439,0.957,0.212,1.6337
0.0122,-0.002441,-0.081299,1.441406,-0.335388,4.107117,-13.387909,0.9828250305917291,0.19633702990480503,0.017493733961453505,0.12170063067949742,-0.5542316379151656,90.10131966043842,0.957,0.215,1.6321
0.0124,0.038086,0.023926,1.354736,0.244446,1.2995,-13.906708,0.9828224829786916,0.19997864914196986,0.017597135959475894,0.14119625857698473,-0.5620060278694728,89.92751509971667,0.956,0.218,1.6288
0.0123,0.017822,0.0271,1.351807,-0.426941,-1.874329,-14.089813,0.9828300340603289,0.20366172419332385,0.017668660117616208,0.15422984328441455,-0.59704897647253,89.75302626574589,0.956,0.223,1.624
0.0112,-0.030029,0.001221,1.189697,-1.464539,-3.064514,-13.99826,0.9828438146878926,0.20710933156396713,0.017657755472772273,0.1418574119955569,-0.6146952125274783,89.59648053853951,0.956,0.226,1.6223
0.0122,0.012939,0.003906,1.402588,-3.417664,-1.691223,-14.974823,0.9828715326049288,0.21088810416307488,0.017723305548540902,0.1057807037003309,-0.6434937351690514,89.41334001106827,0.956,0.231,1.6191
0.0125,-0.019287,0.000732,1.391602,-1.556091,-2.942444,-14.364471,0.9829103889383557,0.21472708724438289,0.017738510822540056,0.09046822675866469,-0.6704780317913555,89.23385857097774,0.956,0.234,1.6175
0.011,-0.033447,-0.071533,1.185547,-0.854187,3.588318,-14.181366,0.9829498844364222,0.21818815475191836,0.017722341619187256,0.03905226228248966,-0.6123251786145871,89.0803464277791,0.955,0.237,1.6142
0.0125,-0.033691,-0.096924,1.406982,-0.06073,4.503845,-11.221161,0.9830072720303399,0.22224493683836352,0.017715387325291064,-0.010605923336754506,-0.5400015250168375,88.94266890163937,0.955,0.242,1.6126
0.0123,0.057129,-0.054443,1.33374,3.296204,4.686951,-16.927948,0.9830826595164738,0.22622238012510912,0.0178616288323565,0.00304771219163663,-0.5184557222121831,88.73438730017989,0.955,0.245,1.6094
0.0116,-0.064941,-0.161133,1.635254,0.885315,1.177429,-13.937225,0.9831377619599624,0.22933644926272823,0.01779788219981843,-0.05789602787122866,-0.47637596052900105,88.57676652551976,0.955,0.249,1.6078
0.0122,0.005615,-0.026855,1.270752,1.190491,5.083679,-11.831512,0.983227777758097,0.2329576871910304,0.01785201322125008,-0.05512991654873813,-0.42250276040858875,88.43252014853459,0.955,0.252,1.6061
0.0123,-0.034424,-0.014893,1.36377,4.028625,3.985046,-11.495819,0.9833393300142743,0.23717576567868967,0.017836060724578176,-0.01026280986714592,-0.3587253725167967,88.29192916311783,0.955,0.256,1.6045
0.0112,-0.008789,-0.017578,1.467773,1.648254,-2.026917,-12.655487,0.983448280247354,0.2408602458006241,0.01785607119163009,0.0023181402975519984,-0.3806412676062176,88.15046454507707,0.955,0.26,1.5997
0.0124,-0.028564,-0.043213,1.171387,1.678772,3.283142,-11.404266,0.9835588355049886,0.24445710216988448,0.017837823728174513,-0.0013276747929507487,-0.32745940160913756,88.01047372609843,0.955,0.263,1.5997
0.0121,-0.062012,-0.024658,1.377197,4.455872,-1.691223,-11.800995,0.9836720662084832,0.24795391082451046,0.017760629958441857,0.0418095200819842,-0.31812483638174144,87.86937057213373,0.954,0.268,1.5997
0.0123,-0.078857,-0.00293,1.202148,3.113098,-4.224182,-12.808075,0.9838050321987077,0.2518135894215829,0.017637178985595955,0.08132735305901387,-0.3254805076587909,87.7137416313218,0.954,0.271,1.598
0.0114,-0.040283,-0.081787,1.227051,0.06134,-2.48468,-10.824432,0.9839376649807829,0.2553225150816648,0.01758784612527227,0.034080399144260635,-0.33422191150209796,87.59246282785108,0.954,0.274,1.5948
0.0126,-0.008789,-0.036621,1.361084,2.136536,0.994324,-11.068573,0.9840940328782967,0.25906254213444163,0.017607783514974214,0.04322973429116767,-0.3216629409312882,87.4534594847685,0.954,0.278,1.5948
0.0112,-0.08667,0.021729,1.367188,2.746887,3.039001,-10.85495,0.9842352134055338,0.262499708481385,0.017485003960256405,0.08859167137197482,-0.24452977721118774,87.33370076448958,0.954,0.281,1.5964
0.0122,-0.069824,0.008301,1.190918,-2.929382,5.877136,-12.594452,0.9843990822103734,0.2662518886546951,0.017377333685174762,0.06118342827562903,-0.13567585653986278,87.1817479849125,0.954,0.286,1.5932
0.0124,0.00415,0.054443,1.328613,-1.495056,4.412292,-13.113251,0.9845823886377504,0.26990005671217754,0.017424956553276538,0.07647074146833573,-0.0909140982118752,87.01829435808007,0.954,0.289,1.5932
0.0115,-0.084961,0.055908,1.426025,-0.915222,-3.613831,-10.671844,0.9847542265137325,0.27340183193893314,0.017302279972791046,0.09784848063173046,-0.09354924594933263,86.8967089816404,0.954,0.292,1.5932
0.0123,-0.05835,0.016846,1.358643,-1.403503,-1.4776,-9.054413,0.984957535891572,0.27728127839475936,0.017221948996586616,0.09205156822651055,-0.08597630465662139,86.78619281155737,0.954,0.296,1.5916
0.0126,-0.06665,-0.115234,1.365967,-2.654724,-0.531555,-9.023895,0.9851577622936316,0.2809848897941227,0.01711441970816454,-0.003319017921696488,-0.06278035252468879,86.67407948775565,0.954,0.3,1.59
0.0115,-0.103027,-0.090332,1.190918,3.662415,-4.224182,-9.786835,0.9853361410470295,0.2843259262216724,0.016908883065616758,-0.015902016977881912,-0.054110911680591074,86.56425117609496,0.954,0.304,1.5883
0.0119,-0.063721,-0.052002,1.331543,2.472229,1.696228,-10.580292,0.9855429926611031,0.28790709068454196,0.016807868461548837,-0.013608172587787295,-0.00562038829774284,86.43965823613249,0.953,0.307,1.5883
0.0116,0.030029,-0.065674,1.431641,1.404114,3.801941,-6.429901,0.9857575112168011,0.2911742343700126,0.016889013677877363,-0.029817272448288783,0.014159571052810092,86.3637119143119,0.953,0.31,1.5883
0.0124,-0.060303,-0.0354,1.320557,3.357239,-0.653625,-8.108368,0.9859613143076867,0.2945214688528757,0.01679170317350852,-0.006061613069017872,0.03221161079138609,86.2644957357768,0.953,0.313,1.5851
0.0124,-0.048828,-0.013672,1.175293,0.000305,2.55072,-8.321991,0.9861868745360652,0.29810216284930635,0.016711864137341822,-0.011909262891996314,0.08522461498453537,86.16240627253815,0.953,0.316,1.5851
0.0115,0.043213,0.040283,1.325928,-1.098328,1.055359,-6.643524,0.9864195765262882,0.3013908044419771,0.01683596643231476,0.001439776024712225,0.06292665918125774,86.08436218672568,0.953,0.321,1.5867
0.0125,-0.109863,-0.034668,1.353516,1.587219,-1.996399,-6.979218,0.9866357268975915,0.3048333151754702,0.016636555620910865,0.0041385678314076815,0.09100731147219183,85.99971439988312,0.953,0.324,1.5867
0.0113,-0.031738,0.049072,1.318359,-1.495056,-1.019836,-6.918182,0.9868480930138708,0.3079638935454295,0.016604883169181423,0.01836293970587309,0.08839621255290536,85.92227469672207,0.953,0.327,1.5851
0.0121,0.03833,-0.029053,1.180908,-1.037292,3.039001,-5.544891,0.9870994707674471,0.311269178548345,0.01672762638825883,-0.010096306417736256,0.0895165223651144,85.85332411202685,0.953,0.33,1.5867
0.0121,-0.049561,-0.053955,1.486084,2.044983,-1.325012,-5.392303,0.9873358606080342,0.31459406745150986,0.01665472738044241,-0.010877432618057742,0.09051536872553329,85.78875380186024,0.953,0.333,1.5851
0.0126,-0.004883,-0.001221,1.397461,0.854797,0.597595,-6.765594,0.9875861383458888,0.3179585769818096,0.016673852190423867,0.0016579095975804113,0.0915340455339144,85.70319183386864,0.953,0.337,1.5851
0.0119,0.006836,-0.027832,1.278076,-0.854187,0.597595,-4.965057,0.9878332737869053,0.3211539731243283,0.016718207116257225,-0.022347174294942602,0.08461567949999782,85.64331031617223,0.953,0.34,1.5835
0.0116,-0.037354,-0.020752,1.209961,1.312561,-1.080872,-5.422821,0.9880676740989168,0.3242944830298848,0.01666135981244619,-0.017261378725125644,0.08548466519692176,85.58103664425917,0.953,0.343,1.5835
0.0116,-0.016113,0.049805,1.399658,0.458069,3.100037,-1.943817,0.9883045933036165,0.3273908961526526,0.01666490682937006,0.01782800201589876,0.12084254869038148,85.55866549302097,0.953,0.347,1.5819
0.0125,-0.004883,-0.025146,1.260742,-2.227478,2.642273,-2.737274,0.9885621326316839,0.3306509637662099,0.016684487823868565,-0.022381773686214104,0.14620035762243308,85.52399068315664,0.953,0.349,1.5819
0.0124,-0.085693,-0.054443,1.324707,-1.434021,3.100037,0.314484,0.9888115707645266,0.33403141110659856,0.01652338121036308,-0.06833999057519505,0.2234503392013434,85.52953020156649,0.953,0.354,1.5835
0.0112,-0.025146,0.01416,1.36084,-0.976257,2.703308,0.711212,0.9890410453362982,0.3369988253141881,0.016502159278517305,-0.06783664367261513,0.2568493925909353,85.53775495069046,0.953,0.356,1.5819
0.0124,-0.02832,-0.037109,1.378418,-2.715759,-1.172424,4.037628,0.9892979016311723,0.3403005311967686,0.01646536854714921,-0.11819472662971421,0.24729863956901252,85.58787508827537,0.953,0.359,1.5819
0.0118,-0.037598,-0.091553,1.224121,0.152893,-0.989319,4.495392,0.9895418378059111,0.3434722248515777,0.016397280691294067,-0.16891644679848597,0.24738926592208088,85.64085660382024,0.953,0.363,1.5851
0.0125,-0.05835,0.025635,1.335449,0.641174,-2.179504,5.65506,0.9897931501156363,0.3469393263320804,0.016298774172045272,-0.14159641633238368,0.24290511157865255,85.71311210465878,0.953,0.365,1.5851
0.0122,-0.087646,-0.106445,1.286865,-0.1828,0.811218,7.028351,0.9900299744472173,0.35027583609790636,0.016118933195786726,-0.20196085467409397,0.2932991057884389,85.79996977233863,0.953,0.37,1.5867
0.0116,-0.048096,-0.040039,1.474121,0.06134,1.696228,7.516632,0.9902476203385565,0.3533128928056245,0.016046634842221595,-0.2169998466932396,0.32721846999978166,85.88754844376069,0.953,0.372,1.5883
0.0123,-0.048828,0.016357,1.283936,-0.579529,1.574158,8.188019,0.9904701992132194,0.35656386392903666,0.01596570998129101,-0.20867750797239654,0.36355080121875033,85.98948892047562,0.953,0.375,1.5883
0.0116,-0.037842,-0.052979,1.224121,-1.250916,2.825378,11.789093,0.9906792901152622,0.35956854091451596,0.015902884486102383,-0.2500544933017962,0.40701094580795416,86.1259887015476,0.952,0.379,1.5916
0.0121,-0.114746,-0.053955,1.258789,1.892395,2.672791,10.873566,0.9908688742316747,0.36277992997742575,0.015658016971717682,-0.25353841438486,0.49558138988787176,86.25990529650291,0.952,0.381,1.5948
0.0116,-0.052979,0.020996,1.442139,1.190491,1.909851,10.324249,0.991053221009941,0.3657848167872813,0.01557585273669859,-0.2225904518640056,0.5330166618988078,86.38099827531127,0.952,0.386,1.5964
0.0121,-0.107178,-0.070312,1.351807,0.213928,0.780701,11.056671,0.9912274552120506,0.3688621673395964,0.015360872622901535,-0.25332583694353783,0.589200605799424,86.5161909726182,0.952,0.388,1.598
0.0123,-0.052734,-0.123291,1.17041,2.350159,1.818298,12.094269,0.9914259034946056,0.3720113278130274,0.0152490105740399,-0.2972746340619677,0.6303304118392384,86.66292832571872,0.952,0.391,1.6013
0.0122,-0.012695,-0.027344,1.307129,2.441711,0.475525,10.751495,0.9916138561047255,0.3750964012271859,0.015245457402351855,-0.2765091143641726,0.6288555225126659,86.79310253276323,0.952,0.394,1.6029
0.0114,-0.018555,0.004639,1.360107,1.617737,2.062439,9.80545,0.9917741415316366,0.3779346397264719,0.015233764388242737,-0.24890592031361433,0.6481508635802725,86.90479534804534,0.952,0.397,1.6045
0.0127,-0.032715,-0.034912,1.313477,2.167053,-1.874329,13.070831,0.9919448361132739,0.38106557290976795,0.015181819864942579,-0.23482878077442246,0.6288820427028764,87.07052845159211,0.952,0.399,1.6078
0.0114,-0.042236,0.021729,1.230469,0.854797,-1.721741,10.873566,0.9920821941520066,0.38398652582003734,0.015108398896055522,-0.20502154169577666,0.6203734855447809,87.19603796063832,0.952,0.403,1.611
0.0121,-0.020264,0.017822,1.255615,-3.326111,-0.47052,13.772736,0.9922283315841415,0.38701577512445834,0.015088940520103743,-0.22724101663515225,0.612198613391512,87.36319648850176,0.952,0.406,1.6126
0.0116,-0.030518,0.021973,1.280029,0.335999,-2.148987,12.58255,0.9923530416452979,0.3898729484916278,0.015046206191157433,-0.20360864029246362,0.5910479990412679,87.51019817888594,0.951,0.41,1.6175
0.0127,-0.018066,0.10791,1.461426,-0.732117,0.65863,10.476837,0.9924730538300681,0.39294328312807053,0.015034639927985474,-0.15072655667395454,0.5953401414807881,87.64545907342638,0.951,0.412,1.6191
0.0123,-0.041016,0.01709,1.299316,0.030823,1.848816,9.286652,0.9925883834461161,0.39596932832558496,0.01496743881335767,-0.13476621642054637,0.6273069664373496,87.76068450174407,0.951,0.414,1.6207
0.0112,-0.052979,-0.044189,1.207031,3.815002,0.750183,8.615265,0.992691389313481,0.39867544844375485,0.0148668471969841,-0.11496612710758011,0.6533423186105034,87.85703750258887,0.951,0.418,1.624
0.0122,0.000732,-0.023438,1.45166,2.0755,-0.256897,5.65506,0.992804432600825,0.4013884329133588,0.014896499138605366,-0.09779903976144673,0.6353412674326336,87.9248725378682,0.951,0.42,1.624
0.0123,-0.071045,-0.098877,1.2229,1.770325,-1.141907,3.793488,0.9929095564830156,0.4042587688620403,0.014748993101609412,-0.13319762020035583,0.6497894675916245,87.97065566862561,0.951,0.424,1.6272
0.0124,-0.016846,-0.019043,1.237549,7.660217,0.231384,4.861603,0.9930173982040092,0.4071211145974862,0.014739201917632174,-0.046000279263456186,0.6471510246373833,88.03024543817652,0.951,0.426,1.6288
0.0114,-0.069336,0.020752,1.561523,4.303284,-2.271057,2.298126,0.9930906410320072,0.40974096445496166,0.014627688088527779,0.01575792624934575,0.6414180164418689,88.05814568658606,0.95,0.428,1.6288
0.0124,-0.005859,0.026611,1.216797,-1.342468,-0.104309,5.349884,0.993188211399234,0.41260884146333315,0.014645714228880672,0.01951314532557223,0.6277812997574601,88.12467966487311,0.95,0.431,1.6304
0.0122,-0.044189,0.027588,1.294922,0.274963,-0.440002,4.861603,0.9932665435497199,0.41540139291632516,0.014570911036944276,0.04232545902701735,0.6331986406146933,88.18537565103657,0.95,0.434,1.6288
0.0113,-0.01001,0.064941,1.291748,-0.579529,-0.867249,6.570587,0.9933407147720096,0.4180468820929663,0.014579321522378659,0.07729196897867396,0.6140006226364009,88.26092422840252,0.95,0.438,1.6321
0.0123,-0.039062,-0.062744,1.325684,-3.173523,1.848816,10.263214,0.9934332803142032,0.42083052078514877,0.014520432985221323,0.0058252123422557105,0.6438960099412574,88.38607859224535,0.95,0.44,1.6337
0.0121,-0.088867,-0.122803,1.443604,0.458069,2.092957,12.307892,0.9935148454621007,0.4235860287271588,0.014360739940634887,-0.04911271049373852,0.7011364637777993,88.53383247220286,0.95,0.442,1.6353
0.0115,-0.068604,-0.045166,1.316895,2.380676,2.764343,11.911163,0.9935737964438496,0.4261215586700664,0.01423456384002836,-0.04322321047989531,0.7564725395114098,88.67096065472953,0.949,0.445,1.6369
0.0123,-0.087891,-0.087891,1.181152,0.732727,0.078796,12.368927,0.9936331020651029,0.42885689244771885,0.014041195349999275,-0.0852901207966568,0.796581569584823,88.82260042470425,0.949,0.447,1.6401
0.0123,-0.042725,-0.068848,1.198242,3.235168,-0.745178,8.645782,0.9937022131283642,0.4316942748136491,0.013965005122719441,-0.08438295825089388,0.7970517722651775,88.92734108585307,0.949,0.451,1.6434
0.0122,0.011475,0.042969,1.540283,2.0755,2.977966,6.54007,0.9937575920423195,0.4343779704447118,0.01401535712425366,-0.03368850534561856,0.8117361224935165,89.00705824554532,0.949,0.453,1.645
0.0121,-0.109131,-0.016357,1.422119,0.702209,-1.111389,4.800568,0.9937774321391544,0.4370590201985484,0.013804554470490765,-0.030352151361576617,0.8405205489151575,89.06739146455949,0.949,0.455,1.645
0.0109,-0.02002,0.064209,1.108643,0.610657,0.475525,5.8992,0.9937976457477101,0.439412255534458,0.013788307976642855,0.024790024664018237,0.8404927487285464,89.13410163686889,0.948,0.459,1.6466
0.0127,-0.091064,-0.005615,1.293701,0.030823,-0.745178,7.577667,0.993816562754219,0.4422090405844554,0.013598411803522736,0.025784290150003313,0.8672257289497117,89.23229468031774,0.948,0.461,1.6482
0.0123,-0.044922,0.012939,1.309326,-1.06781,-2.820374,7.577667,0.9938433145930027,0.44499803676369526,0.013518947892319265,0.024187758864317392,0.8413620425781733,89.3265837159323,0.948,0.464,1.6499
0.0111,-0.022217,-0.027832,1.379883,-2.502136,0.445007,8.218536,0.9938807681762979,0.4474036108185883,0.013504284562300739,-0.015019533767006616,0.8415318865576703,89.41680157982297,0.948,0.466,1.6499
0.0123,-0.046387,-0.028564,1.285156,0.702209,-0.165344,8.340607,0.9939069162308448,0.4499372228151562,0.0134273325764384,-0.018999708909575693,0.8494861559802437,89.51910014768409,0.948,0.468,1.6515
0.0123,-0.0354,-0.015381,1.308105,2.502747,1.940369,7.486115,0.9939299809158957,0.45253737222528845,0.01337752896610676,0.006792182303708632,0.8762417188186329,89.61096056092207,0.947,0.471,1.6515
0.0121,-0.001709,-0.0625,1.300293,-0.06073,-1.904846,8.310089,0.9939756435920509,0.4552167981936092,0.013408486621627014,-0.026437761323716606,0.8365669461692995,89.7085913542994,0.947,0.474,1.6515
0.0113,0.01001,-0.058594,1.348877,0.763245,-2.332092,5.594025,0.9940176428594376,0.4577328014302816,0.013467776023613818,-0.04719886470633895,0.7877446845259527,89.76881539433873,0.947,0.477,1.6531
0.0123,0.05542,0.076904,1.285889,2.624817,-0.867249,4.709015,0.9940395717804287,0.4603898389041094,0.013630376012075066,0.03421366124156473,0.7275468506924022,89.82639485937557,0.947,0.479,1.6547
0.0123,0.005127,0.029297,1.32373,0.244446,-1.965881,5.014191,0.9940505562129645,0.4628951801397323,0.013674188820605386,0.0572058765746846,0.6844621789716139,89.8879504124698,0.947,0.481,1.6547
0.0123,-0.025879,0.03833,1.407471,-2.471619,3.862976,6.051788,0.9940474164385434,0.4655219441875089,0.013646874164837739,0.050796617236672253,0.7302682646159319,89.96339837981745,0.946,0.484,1.6547
0.0112,-0.037598,-0.023438,1.388916,-0.457458,0.65863,8.493195,0.9940504848302192,0.46793983502478986,0.013597556597937412,0.03610651791433173,0.7423688280495138,90.05827886807678,0.946,0.486,1.6563
0.0124,-0.024658,-0.014893,1.211914,-0.487976,-0.745178,9.134064,0.9940512053224932,0.4707512809134953,0.013568118162088907,0.0247589737331876,0.7315851751347026,90.17116486591159,0.946,0.49,1.6563
0.0121,-0.009766,-0.055176,1.353516,-2.83783,1.54364,9.042511,0.9940607964146183,0.4733434704461213,0.013583163049031455,-0.03655151127027988,0.7395498214269701,90.27877685101615,0.946,0.492,1.6563
0.0122,-0.000488,-0.020996,1.364502,-1.739197,-0.256897,4.464874,0.9940609951041075,0.47591824348650374,0.013616183622704206,-0.06560669322622154,0.7207218728468843,90.33207365562707,0.945,0.494,1.6563
0.0114,-0.022949,0.018555,1.338867,0.06134,-0.531555,5.166779,0.9940432212983855,0.4784455936481439,0.013594134245123728,-0.05024131575496981,0.7118891123031845,90.3914207274612,0.945,0.497,1.658
0.0123,-0.022949,-0.024414,1.348389,-0.213318,-1.019836,5.410919,0.9940293862561338,0.4812451873232551,0.013572168743284345,-0.06267377348183463,0.6966871876119314,90.45742135730939,0.945,0.5,1.6596
0.0118,-0.016113,-0.020264,1.284424,-2.166443,-1.080872,6.753693,0.9940153123530223,0.48382932734526746,0.013568514345300783,-0.09562553496539303,0.677643435345654,90.5364813276833,0.945,0.503,1.6596
0.0125,-0.038574,-0.043457,1.343994,-0.732117,2.276062,3.427277,0.993993766029813,0.48645804427597644,0.013515342646344847,-0.12519917870645894,0.712273266489948,90.5787520840847,0.945,0.505,1.6612
0.0114,-0.039307,0.068848,1.42627,0.335999,0.689148,5.929718,0.9939528549580318,0.48886549966758425,0.013455974805736409,-0.07998625916093059,0.7258422194480671,90.64826477253075,0.944,0.507,1.6612
0.0126,-0.058594,-0.026123,1.24292,-0.396423,-1.630188,8.645782,0.9939148198392942,0.49159966447289527,0.013342502419610422,-0.09590637459953683,0.7249579673306681,90.75766462552149,0.944,0.511,1.6628
0.0121,-0.010254,-0.013184,1.305176,-0.915222,-2.271057,8.004913,0.993888044101375,0.4941582885832368,0.013352163253777295,-0.10964810671636721,0.687664012718144,90.85393826014732,0.944,0.513,1.6644
0.0113,-0.03833,-0.036133,1.281738,0.335999,0.353455,6.448517,0.9938534587261811,0.49661427566731653,0.013297672996911163,-0.12259557196213638,0.6985508091210172,90.92641068762265,0.944,0.516,1.6644
0.0121,-0.028076,0.030029,1.430176,0.244446,0.719666,3.274689,0.9938049386382928,0.49921434009349835,0.013263871889011217,-0.09937617905260135,0.7070238248638585,90.96682028209537,0.943,0.518,1.6644
0.0117,-0.017822,0.000732,1.245361,0.580139,2.031921,3.396759,0.9937671750268157,0.5015637477503526,0.013258222055626724,-0.08780448509615978,0.7250579398417898,91.0064321379651,0.943,0.52,1.6644
0.0126,-0.055664,0.033447,1.362305,0.183411,2.672791,4.251251,0.9937066403904454,0.5040904402058846,0.013160370904100058,-0.06254608413834278,0.773763345683629,91.06155127760286,0.943,0.523,1.6644
0.0116,-0.057373,0.004883,1.378174,-0.335388,0.53656,5.136261,0.9936512377570496,0.5065003114943196,0.013062880026874812,-0.059637544812519615,0.7954600577255746,91.12204947148261,0.943,0.525,1.6644
0.0123,-0.038574,-0.000732,1.351074,-0.884705,-0.562073,5.502472,0.993598593534102,0.5089875570327189,0.013006343755416538,-0.0666152391163291,0.7938022396668329,91.19009217762702,0.942,0.528,1.6644
0.0116,-0.049561,0.012207,1.22583,-1.891785,0.841736,3.824005,0.9935391046605045,0.511304812646858,0.012917380846058153,-0.07650269212564237,0.8168453555160742,91.2354977761281,0.942,0.53,1.6644
0.012,-0.041504,0.024902,1.315918,-2.319031,-1.874329,5.685577,0.9934803236491956,0.5135504300694756,0.012852308364058419,-0.08513248134047513,0.8016298443478975,91.30488147236505,0.942,0.532,1.6661
0.0126,-0.066895,-0.01709,1.349121,-1.159363,-1.630188,6.509552,0.9934145006756353,0.516064709827278,0.012730228107645493,-0.1045881080584784,0.8025113892598018,91.3874614848364,0.942,0.535,1.6644
0.0124,0.019287,0.060059,1.361084,-1.037292,1.055359,6.601105,0.9933582636459517,0.5183931048403084,0.012804434068973806,-0.07878732249741893,0.7881259165481661,91.47005974062787,0.942,0.537,1.6677
0.0121,-0.074707,-0.06958,1.191895,-1.159363,-0.134827,5.77713,0.9932958577787668,0.520826004615792,0.01265492083270049,-0.13234981514839184,0.8166379820602848,91.53915664116357,0.941,0.54,1.6677
0.0111,-0.003174,-0.002441,1.363525,2.289124,0.322937,4.159698,0.9932473776912037,0.5228835983405652,0.012687385671011485,-0.10391320750717334,0.8052236032828907,91.58488173012525,0.941,0.541,1.6677
0.0123,-0.07666,-0.068848,1.460938,3.113098,0.048279,3.427277,0.9931859693667022,0.5251160276189358,0.012564317143287549,-0.0978021681119729,0.8297133159128784,91.62639869818764,0.941,0.544,1.6661
0.0124,-0.026855,-0.023193,1.314941,4.608459,3.069519,3.366241,0.9931270689069573,0.5273798528932044,0.012542138793046704,-0.05037532469226356,0.865740063808734,91.66751205342406,0.941,0.546,1.6644
0.0115,-0.086914,-0.063721,1.361084,5.920715,0.353455,2.176056,0.9930618790050266,0.5295157330852809,0.012388045256184503,-0.015094094369487554,0.9010517188765674,91.6921651683433,0.941,0.548,1.6644
0.0126,-0.032227,-0.019287,1.219482,5.005188,0.41449,2.511749,0.9929927747639681,0.5319811078550436,0.012345298527873727,0.038819643494402555,0.9076904745740575,91.72337924434771,0.94,0.551,1.6644
0.0111,-0.036377,-0.002686,1.355469,2.685852,0.506042,1.779327,0.9929243931064187,0.5341957456254349,0.01229944268487264,0.06936474812149555,0.9158885942759502,91.74327147158502,0.94,0.553,1.6644
0.0121,0.016357,0.049072,1.304443,4.700012,1.330017,-0.051727,0.992854609257022,0.5365395753572806,0.01237071912089349,0.15633633731645113,0.9040492520433626,91.7430382248519,0.94,0.555,1.6644
0.0125,-0.03418,0.094971,1.210205,3.998108,0.353455,2.359161,0.9927486262395756,0.5389823513428453,0.012309430894298371,0.2672392161020845,0.9110737623203308,91.77557729772944,0.94,0.557,1.6644
0.0121,-0.012939,0.04126,1.280029,0.488586,3.344177,3.061066,0.9926662530773458,0.541418146271612,0.012311251406857213,0.2983301835783586,0.94029947086412,91.81365394748194,0.939,0.559,1.6628
0.0113,-0.029053,0.01001,1.412598,0.244446,1.604675,6.78421,0.9925959229359377,0.5435986224488555,0.012283971464077607,0.30717061638156334,0.9557180082587925,91.89058076940903,0.939,0.563,1.6644
0.0124,-0.049805,-0.089355,1.227783,1.922913,1.207947,6.479034,0.9925343248384926,0.5461578806166687,0.012205028892647036,0.27647353704217353,0.9818228494726647,91.96868991889717,0.939,0.565,1.6661
0.0123,0.02002,-0.025635,1.342529,0.671692,4.290222,1.657257,0.9924861529511005,0.5482816863263664,0.012296672540746583,0.2702132614013536,1.0038735652254418,91.98755379726472,0.939,0.566,1.6644
0.0115,-0.100098,0.030762,1.308594,1.526184,-1.691223,-4.293671,0.9923845330720038,0.5503297980876586,0.012096893200409227,0.3045575881521837,1.023971722528374,91.94027319089477,0.938,0.569,1.6644
0.0118,-0.025635,-0.014404,1.242432,3.631897,-1.294495,-0.326385,0.9923071159340977,0.5528295072278527,0.012069897222087745,0.33776785439465085,1.004829454404685,91.93573320050176,0.938,0.572,1.6644
0.0122,0.003662,-0.043945,1.420898,3.296204,2.611755,-5.087128,0.9922531364212017,0.5551736769773539,0.012117989529703981,0.3518752582818854,1.016341301096905,91.87193507714117,0.938,0.573,1.6628
0.0127,-0.076172,0.044189,1.342529,0.732727,-4.041077,-12.136688,0.9921529113447967,0.5574352852149976,0.01197289513088352,0.3825627091763341,0.9907334024506649,91.7194494440715,0.938,0.576,1.6596
0.0112,-0.100586,0.066162,1.217041,0.335999,-1.447083,-7.681122,0.9920388490394265,0.5597331987440757,0.011750064592698955,0.4250485660957013,1.0184051319748764,91.63667838333723,0.938,0.578,1.6612
0.0138,-0.022217,-0.008545,1.525146,0.244446,3.43573,-5.300751,0.9919759416788506,0.562202605546442,0.011737398841038995,0.4207071600632395,1.0589133249658722,91.56331588524652,0.937,0.58,1.658
0.0104,-0.124756,0.061523,1.272705,-0.457458,5.053162,-14.181366,0.9918834794097847,0.563771621744739,0.01148465977981334,0.44834852521148966,1.1664358139129158,91.41965346199474,0.937,0.582,1.6531
0.0126,-0.039551,0.212646,1.145264,-1.098328,-0.653625,-12.930145,0.9917376045404952,0.5660945817525093,0.011402661060591096,0.567874585935195,1.1636648589787093,91.26476423979435,0.937,0.584,1.6531
0.012,-0.045166,-0.059082,1.482666,-1.220398,2.184509,-9.878387,0.9917074006103079,0.5684054988142324,0.011346721397999873,0.5170470502461795,1.1942449637052608,91.14450008421967,0.937,0.586,1.6531
0.0111,0.056396,-0.020752,1.376465,-0.549011,4.381775,-14.547577,0.9917038758854252,0.5702024631670431,0.01152248155704611,0.493364331874935,1.1919768219828055,90.9817928303776,0.937,0.587,1.6466
0.0126,-0.111328,0.115723,1.333252,0.488586,-2.789856,-27.212372,0.9916188416892066,0.5719229633576532,0.011309470872132622,0.5557290092338752,1.2024806694198966,90.64261995675396,0.937,0.59,1.6434
0.0123,-0.128662,-0.152588,1.262939,-0.213318,2.489685,-20.071259,0.9916305700805571,0.5742765407202768,0.01104431420529913,0.45422539336480117,1.2905281064456815,90.39107895288242,0.937,0.592,1.6418
0.011,0.00415,-0.004395,1.45459,1.770325,0.322937,-17.324677,0.9916312059476897,0.5763862695268994,0.011091439516485713,0.4646731778651946,1.2721584121217635,90.19972935136822,0.936,0.593,1.6401
0.0126,-0.01416,-0.055664,1.417725,-0.396423,1.238464,-15.249481,0.991653181054024,0.5780903693630682,0.011109984830121536,0.423189322513542,1.275513772702792,90.00542640131998,0.936,0.595,1.6304
0.0115,-0.138184,0.087891,1.285156,-1.006775,1.940369,-15.310516,0.9915896341157735,0.5794916688347844,0.010842016697616934,0.4578772038577655,1.3581086240983742,89.83386614377416,0.936,0.596,1.6272
0.0125,0.016846,-0.041992,1.18457,-0.610046,-0.806213,-14.974823,0.9916321248843689,0.5813992738302567,0.010934216840506624,0.4171478161823752,1.3150491477678004,89.64405097499922,0.936,0.599,1.6256
0.0123,0.113037,-0.031738,1.316162,-1.495056,0.994324,-9.96994,0.991703329301953,0.5833859983186795,0.011235962702902147,0.3762417921177856,1.2407378806537777,89.51845847773362,0.936,0.6,1.624
0.0117,-0.037354,-0.114502,1.299805,-2.410583,-0.256897,-10.641327,0.9917522997034185,0.5850564870766022,0.011198034251970967,0.27757619668801903,1.2388373190929243,89.3904867240884,0.936,0.601,1.6207
0.0124,-0.033447,0.023193,1.183594,0.06134,0.200867,-10.122528,0.9917659269287377,0.5869953245854235,0.011160108671564228,0.2907667849712955,1.2409795106132897,89.26568544127724,0.936,0.604,1.6191
0.0112,-0.009766,-0.10498,1.402832,-1.495056,2.459167,-6.460419,0.9918269070425128,0.588814931648006,0.01118238062229733,0.21523045325191853,1.2529651819604084,89.1901320611578,0.936,0.606,1.6175
0.0123,-0.026367,-0.121582,1.293701,1.95343,0.170349,-6.857147,0.9918907666689204,0.5906814012984808,0.011164301810900534,0.16635915841839669,1.2491538181094568,89.10215161076935,0.936,0.608,1.6159
0.0118,0.043945,0.00415,1.248291,1.678772,0.628113,-9.359589,0.9919548209746842,0.5926076344790546,0.011314922980474576,0.18724590370395633,1.207927874093908,88.98989546316686,0.936,0.61,1.6142
0.0122,0.022217,0.00708,1.358887,-1.83075,-0.531555,-8.749237,0.9920117557898454,0.5946156822941367,0.011403618461639686,0.16759108218526866,1.1684250028308778,88.88199358953776,0.936,0.611,1.6126
0.0124,-0.014648,0.06543,1.293213,-0.762634,-5.353333,-9.054413,0.9920461027353333,0.5966898720352429,0.01140855442301957,0.19565842270584813,1.0907588403512127,88.77046560381069,0.935,0.614,1.6126
0.0121,0.008057,-0.021729,1.254639,-0.1828,1.146912,-6.277313,0.9921107043293299,0.5987735527904173,0.011467982141285533,0.17961383154218274,1.0794138075310795,88.69325485434254,0.935,0.615,1.611
0.0117,-0.035645,-0.072998,1.368896,0.274963,2.977966,-4.293671,0.9921659139692325,0.6006532455120429,0.011430527875470145,0.14192562808368592,1.1144010666415767,88.6418646452636,0.935,0.618,1.611
0.0116,-0.06665,-0.034424,1.380127,0.549622,-0.012756,-4.93454,0.9922029507912377,0.6024723322143075,0.011327772045805828,0.12923271313088308,1.1314136502534582,88.58471071045301,0.935,0.619,1.6094
0.0127,-0.026123,-0.01709,1.341309,1.221008,2.367615,-5.727997,0.9922599213056178,0.6045047458611006,0.011309261590314307,0.13472788071601846,1.1559582885949138,88.51150526690371,0.935,0.621,1.6094
0.0111,-0.007568,0.019531,1.361816,1.06842,0.109314,-11.800995,0.9923130368319946,0.6062519181761064,0.011337513715493047,0.1560293104391994,1.1413509918324833,88.3802260330957,0.935,0.623,1.6061
0.0126,-0.056885,0.060547,1.214111,0.671692,-0.256897,-9.908905,0.9923503084320671,0.6083392278474106,0.011242619994784712,0.20127525590588533,1.1529801928357486,88.2571134064571,0.935,0.625,1.6078
0.0115,-0.022217,0.006592,1.338379,0.641174,-0.104309,-9.96994,0.9924077316853211,0.6101063543883706,0.01123760585891447,0.21063908565692083,1.14438221602988,88.1422988883789,0.935,0.627,1.6061
0.0122,-0.012207,-0.039307,1.337402,-0.671082,1.268982,-11.282196,0.9924794324056222,0.6118383226509839,0.011253440995029375,0.17784609961246656,1.1467612990098666,88.00354364523153,0.935,0.629,1.6045
0.0121,-0.098389,-0.006592,1.310303,-1.281433,1.513123,-6.887665,0.9925213237370992,0.6137174335856616,0.011075356551165675,0.15789669731144843,1.2017358939105327,87.92146345669453,0.935,0.63,1.6045
0.0115,-0.097168,-0.005859,1.247559,-1.403503,-1.263977,-6.246796,0.9925658489144371,0.6156254969784065,0.010889604474513403,0.13810094285985025,1.2252300922681618,87.85085429218144,0.935,0.632,1.6029
0.0158,-0.03125,0.001465,1.269775,-3.173523,1.116394,-7.803192,0.9926585374553273,0.6180633794524574,0.01084962872250715,0.0881446633607722,1.2399919496660357,87.72756831283286,0.935,0.634,1.5997
0.0082,-0.084229,-0.038086,1.282959,-0.793152,-1.111389,-5.453339,0.9926979146147787,0.6193713164399093,0.010710488633595456,0.0599916231738265,1.2593557963781277,87.68303618922026,0.935,0.637,1.5997
0.0122,-0.041992,0.002686,1.399414,0.397034,-0.287415,-6.82663,0.9927740105685497,0.6213106751887901,0.010661639279903452,0.06638831686291383,1.257660845213953,87.5999291192619,0.935,0.638,1.598
0.0125,-0.064209,-0.083252,1.345215,-1.83075,2.062439,-6.338348,0.9928541263177606,0.6231066002632578,0.010561337903557103,-0.0032346396288323396,1.2981331040097372,87.5193697758968,0.935,0.639,1.598
0.0123,-0.106689,-0.141113,1.145996,1.098938,-0.073792,-6.155243,0.9929328610032826,0.6250228738989192,0.010328751430926751,-0.0812213629633796,1.3442371273115636,87.4416616064543,0.935,0.642,1.598
0.0113,-0.003174,-0.032227,1.346191,1.098938,-0.47052,-4.629364,0.993031689969079,0.6267113582865288,0.010365161780826703,-0.08494439129087693,1.3182504377358915,87.38761019152666,0.934,0.643,1.598
0.0126,-0.004883,0.000244,1.241455,-0.549011,-0.897766,-2.645721,0.9931300663263547,0.628525131782234,0.010398566514590292,-0.08861115872986025,1.2870843641078267,87.35346624827554,0.934,0.646,1.5964
0.0113,-0.020752,0.041504,1.234619,-0.457458,0.41449,-6.368866,0.9932081738020493,0.6302403146832025,0.01040074510484706,-0.0658092733622935,1.281838535411562,87.28224288871795,0.934,0.647,1.5964
0.0119,-0.041992,0.048096,1.346191,-0.274353,1.726746,-6.033173,0.9932809152832499,0.6320057391985868,0.010358374889734834,-0.04000626534020271,1.304124033716479,87.21176126793677,0.934,0.648,1.5964
0.0124,-0.132568,-0.022949,1.381348,-1.342468,0.231384,-3.134003,0.9933214056890602,0.633591666873267,0.010129155608089798,-0.06698699258388431,1.3581862495618953,87.17465382622063,0.934,0.65,1.5964
0.0121,0.009277,0.029541,1.241699,-0.823669,-0.775696,-6.399384,0.993419227943724,0.6352718597469461,0.010200229223036329,-0.056874668632345804,1.319783795048185,87.09700486576139,0.934,0.652,1.5948
0.0124,0.024902,-0.007568,1.250732,-0.213318,-0.012756,-7.986298,0.9935363275405883,0.6370099498019195,0.010301766499320611,-0.06291577177217864,1.2814389553959569,86.99637475126038,0.934,0.654,1.5964
0.0114,-0.054199,-0.018311,1.293945,0.702209,-1.050354,-4.080048,0.9936107503641363,0.6385274677298158,0.010229585935387812,-0.06340446673956922,1.2794104080908675,86.94997440535026,0.934,0.655,1.598
0.0127,-0.074463,-0.002686,1.199219,1.312561,0.048279,-3.988495,0.9936977539364151,0.6405117203368424,0.01009420579196348,-0.046081473394192274,1.3046009205956617,86.90036681540408,0.934,0.657,1.5964
0.0111,0.005127,-0.084473,1.407471,0.06134,2.886414,-1.363983,0.9938175137088922,0.6421196773519744,0.010142840876813226,-0.08851021545782675,1.311904008596327,86.88239801494339,0.934,0.659,1.5932
0.0122,-0.016113,0.005127,1.422607,1.465149,-0.165344,-3.957977,0.9939056299764344,0.6435813073088156,0.01015806081103152,-0.06570898209232834,1.2968312847155445,86.83377074620243,0.934,0.66,1.5932
0.0124,-0.025635,-0.014893,1.097168,-0.365906,2.520203,-2.27951,0.9939953541311896,0.6450808088366112,0.010146452887376329,-0.07726803757809736,1.3216951113986273,86.80494652953855,0.934,0.662,1.5964
0.0114,-0.019287,-0.005127,1.450928,0.82428,1.085876,1.535187,0.9940761973511104,0.6463661876425875,0.010159164774259051,-0.06698939820902111,1.3225196271441106,86.82195855791055,0.934,0.663,1.5964
0.0124,-0.069092,-0.028809,1.213867,1.373596,-0.989319,-4.385223,0.994144955587133,0.6478228361925986,0.010048856465830196,-0.0658418616896084,1.3306497927222745,86.76792117401953,0.934,0.664,1.5948
0.0122,-0.004883,0.039307,1.336182,2.319641,1.207947,-3.591766,0.9942464737373146,0.649472774401671,0.010085891885996344,-0.012976640776191277,1.3256128198679762,86.72419420890401,0.934,0.666,1.5964
0.0122,-0.032715,0.096191,1.55249,2.655334,-0.134827,-2.889862,0.9943373859057287,0.6512448145758624,0.010070245808726274,0.0679962345042991,1.318965912710229,86.69048472196842,0.934,0.667,1.5997
0.0118,-0.142578,-0.044678,1.250488,0.976868,-0.409485,-3.744354,0.994394099906163,0.6528599936245405,0.009798545996979898,0.05345811508251402,1.3779973284994158,86.6476102561629,0.934,0.67,1.598
0.0122,-0.017822,0.010498,1.244629,0.122375,-1.630188,-1.363983,0.9944908576168389,0.6544144249263447,0.009806920761061265,0.0633318172928051,1.3457690699856948,86.63085871107673,0.934,0.671,1.598
0.0111,0.033691,-0.032959,1.296875,1.404114,-0.562073,-3.500214,0.9946120356675894,0.6558581218077059,0.009923147778561668,0.06055981210713793,1.2970855216774853,86.58977393732152,0.934,0.672,1.5964
0.012,0.014648,-0.019043,1.239502,2.502747,3.5578,-2.218475,0.9947299416885729,0.6573911810564992,0.010002120668941026,0.08020195124863919,1.307684168241456,86.56166111012251,0.934,0.674,1.5964
0.0122,-0.070312,0.016602,1.452148,0.305481,-2.087952,1.504669,0.9948048817096677,0.6588736895326662,0.009913313945571794,0.0946690383946869,1.2979751137439313,86.58090578203942,0.934,0.675,1.5964
0.0123,-0.051758,-0.103271,1.17334,2.289124,2.092957,1.565704,0.9949218669021318,0.6606141049479078,0.009828094942202322,0.05813887503215991,1.3338551537636314,86.59840548591129,0.934,0.677,1.5964
0.0123,0.041016,0.007324,1.389404,0.793762,1.085876,1.260529,0.9950528182397773,0.6622490478021655,0.009949804685558715,0.07416683770568885,1.3024394909163672,86.61221618102529,0.934,0.679,1.5964
0.012,0.027832,0.007812,1.395264,-0.243835,-1.752258,4.281769,0.995168917415544,0.6637649288958831,0.01004631615986494,0.07850105823319338,1.244603503144555,86.66222411565354,0.934,0.68,1.5997
0.0114,-0.215088,-0.168701,1.110107,0.549622,-1.782776,5.838165,0.995207938360527,0.6655277165119615,0.009569272361378903,-0.02287712462379241,1.3440129416442732,86.73092001923841,0.933,0.682,1.598
0.0123,0.0354,0.055176,1.423584,1.495667,-3.430725,5.014191,0.9953429133699258,0.6674707977107084,0.009670726565303324,0.029067052597690282,1.2613610580555656,86.79173309449513,0.933,0.684,1.598
0.0122,-0.033691,-0.008789,1.329102,0.82428,-5.38385,2.75589,0.9954442656033161,0.6692413691783534,0.009637130101148987,0.037074640765419276,1.1940164032531078,86.82515676328231,0.933,0.685,1.598
0.0113,0.010498,-0.043457,1.118408,2.136536,6.3349,2.053986,0.9955652412868674,0.670827927942978,0.00970808601729828,0.034627507120678705,1.2351158555272925,86.8461019644845,0.933,0.687,1.6013
0.012,-0.127686,0.04834,1.439209,0.030823,3.069519,3.427277,0.9956095853260972,0.6724743183671557,0.009512929123770855,0.06352285611495993,1.3182571715716354,86.89040823712524,0.933,0.688,1.6029
0.0123,-0.054199,0.039307,1.296875,1.06842,-1.874329,1.321564,0.9956874155392142,0.6742036601065384,0.009442139893884732,0.10213632160849281,1.3048378692127869,86.90796413948776,0.933,0.691,1.6029
0.0124,0.042236,-0.033691,1.325439,1.221008,4.107117,0.375519,0.9958164396432352,0.6757848318232172,0.009568202519558618,0.09946017180289098,1.3087729113104947,86.91002970145581,0.933,0.692,1.6029
0.0122,0.005859,0.041016,1.229736,0.702209,1.085876,1.230011,0.99591839737001,0.6774271008674044,0.009626576456487608,0.1356560730336569,1.295343385246661,86.92470786986611,0.933,0.693,1.6029
0.0116,-0.087402,-0.028564,1.345703,0.549622,-1.965881,2.603302,0.9959915953395607,0.6790989813579577,0.009490087538149252,0.1276997613006731,1.300325030518725,86.95560184388363,0.933,0.695,1.6045
0.0123,-0.026855,-0.056396,1.425781,1.404114,-0.073792,1.565704,0.99610025154792,0.6808697929091245,0.009471393373062258,0.1161820662897941,1.2922637718388386,86.97366672273289,0.933,0.697,1.6029
0.0123,0.063965,0.070312,1.219238,0.976868,5.999207,-1.363983,0.9962246252987789,0.682485184031979,0.009659015472087015,0.17327837304216342,1.3027810140679505,86.95555587746512,0.933,0.699,1.6029
0.0111,-0.123047,-0.028076,1.403076,0.671692,-3.186584,1.443634,0.9962706047742181,0.6839107893257346,0.009467814004554579,0.1665480039392242,1.3128198086021579,86.9729626466228,0.933,0.7,1.6045
0.0124,-0.01416,-0.060791,1.282227,0.793762,-0.958801,2.969513,0.9963775558253193,0.6855433246001648,0.009474869875521234,0.14198074125636617,1.286866854468275,87.00820773604401,0.933,0.702,1.6045
0.0121,-0.000488,0.02832,1.250732,0.183411,2.520203,1.382599,0.9964770676012733,0.6871967207404928,0.009516972385540222,0.1632573938087278,1.2948070300882752,87.02450931707531,0.933,0.703,1.6045
0.0114,-0.057373,0.008545,1.435303,0.335999,-4.529358,7.394562,0.9965420381450218,0.6886076753524555,0.009452365355763196,0.17424090067339976,1.2525887224763355,87.10920556885742,0.933,0.704,1.6061
0.0124,-0.203369,-0.14624,1.19873,-0.274353,1.940369,12.826691,0.9965707808872395,0.6902414245323834,0.009054434447237154,0.08504479628126423,1.379805428428967,87.27033869838962,0.933,0.707,1.6094
0.0117,-0.055176,-0.027832,1.200684,-0.030212,0.780701,7.303009,0.9966383328429855,0.6917451272627366,0.008978873432308085,0.07114899984921073,1.3999708089367788,87.35579116129321,0.933,0.708,1.6078
0.0119,0.017822,0.030762,1.577637,0.06134,-6.635071,4.190216,0.9967276551813525,0.6932669681420723,0.009043491307769295,0.08946172665229635,1.2913936955045997,87.4046654535756,0.933,0.709,1.611
0.0122,0.049561,-0.050537,1.168701,1.190491,5.32782,5.075226,0.9968485197103042,0.6946566415350548,0.009200068726145604,0.07445771373580234,1.3002610454292414,87.46289309085546,0.933,0.711,1.6126
0.012,-0.068115,0.106201,1.203857,0.397034,0.53656,6.54007,0.9968732442287263,0.6960098466121822,0.009106136486445463,0.14998751506749922,1.3265803525340247,87.54438829205635,0.932,0.712,1.6126
0.0119,-0.093506,-0.066895,1.350098,-0.426941,-4.742981,5.624542,0.9969260785380756,0.6975256153103163,0.008963824237326732,0.10986019898210213,1.3010863070936165,87.61146423258435,0.932,0.714,1.6142
0.012,0.042725,0.025391,1.301514,1.922913,7.128357,7.821808,0.9970261862098178,0.6990927196596556,0.00909103315130139,0.15136759805788116,1.3382919053859232,87.70381693081866,0.932,0.715,1.6159
0.0122,-0.112549,-0.040527,1.352539,-1.464539,-2.393127,6.814728,0.9970564295283021,0.7005034913567503,0.008918399650440743,0.11386776803340928,1.3502234570522231,87.78814876251388,0.932,0.716,1.6159
0.012,-0.017334,0.017334,1.193115,-0.671082,1.146912,7.119904,0.9971187716484261,0.7019564097628406,0.008926906814974152,0.12082916427197467,1.3511912392185144,87.87348356487492,0.932,0.718,1.6175
0.0127,-0.077881,-0.032227,1.21167,0.82428,5.724548,6.204376,0.9971653240618121,0.7036084395859349,0.008804384543042127,0.11448490326556279,1.4485746663365544,87.95294988411788,0.932,0.719,1.6191
0.0111,0.073486,0.118896,1.434326,1.129456,-2.332092,4.77005,0.9972425270353291,0.704938312271232,0.008976775601572552,0.19227031996474456,1.3612803636475557,88.00527798194516,0.932,0.721,1.6223
0.0122,-0.181152,-0.094238,1.359375,-0.487976,-1.569153,3.091583,0.9972509490519539,0.7063952413636311,0.008681049696526826,0.13572138463423364,1.4202463457508092,88.04452929841055,0.932,0.722,1.6223
0.0119,0.032471,0.042969,1.077393,1.95343,1.452087,3.701935,0.9973298963076417,0.7079065072573775,0.008804507395086307,0.1921113865505858,1.3890336767674658,88.08770411806584,0.932,0.723,1.624
0.0126,-0.052979,-0.032715,1.448242,-0.396423,-1.538635,-1.241913,0.9973839110520551,0.70949809801034,0.008746141067352579,0.17000866073394016,1.3755351829189404,88.07169506453401,0.932,0.725,1.624
0.0116,0.005615,0.010254,1.348633,-1.006775,5.510925,3.732452,0.9974488431924569,0.7108655905546658,0.00880091099970046,0.16621301919270726,1.4127486657456814,88.11430384634461,0.932,0.726,1.6223
0.0122,-0.217529,0.010498,1.417236,-1.678162,-1.538635,4.922638,0.9974230497848267,0.7122694222438993,0.00846105759035203,0.15377255653428135,1.4869908426997174,88.17830337710912,0.932,0.728,1.6256
0.012,0.000244,0.000244,1.089355,-1.250916,1.024841,6.997833,0.9974893882669402,0.713743833910363,0.008508471731285319,0.14295228942899163,1.472855246512561,88.26138742642031,0.932,0.729,1.6256
0.0122,0.022461,0.061279,1.419434,-0.915222,2.55072,0.711212,0.9975357333730788,0.7147391354956405,0.008599485892137796,0.16611497614054097,1.4682594345424198,88.27006625781488,0.932,0.73,1.6256
0.0114,0.014648,0.008057,1.333984,-0.396423,-2.637268,1.931915,0.9975967338169126,0.7160817532861475,0.008668482567193768,0.1677690310139928,1.4062792099498096,88.29109403671109,0.931,0.732,1.6272
0.0127,-0.090576,-0.0271,1.251221,0.397034,3.222107,3.579865,0.9976256505548089,0.7176410824893344,0.008529535559628008,0.15848885173129493,1.4781300583531864,88.33726928818034,0.931,0.733,1.6272
0.012,0.006592,-0.013672,1.456787,-0.030212,-0.043274,3.122101,0.99768421754922,0.7189407454882483,0.008581773186489295,0.15272439112659028,1.450854980677039,88.37359889406123,0.931,0.735,1.6272
0.0111,-0.069092,-0.02417,1.19751,0.397034,-0.531555,1.016388,0.9977117769284275,0.720272551390561,0.008485227437487001,0.14338620871830593,1.464406169895017,88.38512750878597,0.931,0.736,1.6288
0.0124,0.030273,0.021484,1.312988,1.06842,1.177429,2.115021,0.9977779717846724,0.7216745497439276,0.008582821156097988,0.17089739427700681,1.4373297405445506,88.41032793087668,0.931,0.737,1.6288
0.0121,-0.082764,-0.078613,1.370361,0.335999,0.048279,2.664337,0.997811178727953,0.7230923535184911,0.00847416537069769,0.1328961423440544,1.4605926464027101,88.44216687988788,0.931,0.739,1.6288
0.0121,-0.0354,0.057373,1.290283,-0.579529,-2.087952,4.312286,0.9978415376902259,0.7244449223816442,0.00844870281845806,0.16258558769786371,1.4324123286359773,88.49526493953725,0.931,0.74,1.6304
0.0121,-0.050781,-0.036133,1.246094,-0.549011,1.452087,2.511749,0.9978803725457825,0.7259137181672726,0.008389979598011407,0.13581161680093465,1.4568043935996313,88.5253234674487,0.931,0.742,1.6321
0.0113,-0.042725,0.003174,1.30835,-0.671082,1.909851,10.44632,0.9979125659065554,0.7272189149339849,0.008354022433530246,0.13448387820315139,1.4789744246612506,88.64358875172648,0.931,0.743,1.6337
0.0121,-0.167725,-0.0896,1.382324,0.152893,-3.980042,6.814728,0.99790848161466,0.7285585309025036,0.008103056895698704,0.09069113977387892,1.4992419919585414,88.72692540917147,0.931,0.744,1.6337
0.0121,0.00293,-0.02417,1.224854,1.129456,2.886414,7.150421,0.9979644976749902,0.7299273587455745,0.008152533837269443,0.0933989703180997,1.506968341944741,88.8119065599732,0.931,0.745,1.6353
0.0123,-0.022949,0.02417,1.306885,2.533264,-1.111389,0.772247,0.9979966183351843,0.7312958457508283,0.008150296383884531,0.14038687017165993,1.4824509904046,88.82149348990148,0.931,0.747,1.6369
0.0123,-0.001953,0.006104,1.362305,2.197571,-0.256897,5.380402,0.998041387415943,0.7327123918914852,0.008184430458172956,0.1734305306339245,1.4564570490544382,88.88693830670277,0.93,0.748,1.6385
0.012,-0.140625,-0.025146,1.362061,0.793762,-0.684143,4.983673,0.9980325792237897,0.734119238400384,0.007977085765656422,0.17116663637380808,1.5031288179824565,88.94843724846349,0.93,0.749,1.6385
0.0112,0.023926,0.043945,1.23999,1.159973,-0.59259,2.481232,0.9980746778684867,0.7353503200952811,0.008066771752625124,0.21286531327590252,1.457034776980601,88.97571805868854,0.93,0.75,1.6385
0.0121,-0.105225,-0.015381,1.336426,1.129456,-0.653625,1.199493,0.9980765471204611,0.7367060599037584,0.007919520469488447,0.21846686215875813,1.485451909685296,88.99124234940614,0.93,0.752,1.6385
0.0129,0.059814,0.027344,1.102051,1.129456,0.994324,5.53299,0.9981450993646328,0.7383064104028333,0.008085246006586513,0.2546066963772168,1.4308718908007827,89.06096467050823,0.93,0.753,1.6418
0.0112,-0.092041,-0.01123,1.478271,-0.549011,-0.378967,5.716095,0.9981499873276947,0.7395017333602777,0.007978508336085413,0.24409101884669288,1.4512946336730987,89.12566316176964,0.93,0.755,1.6401
0.012,-0.012451,0.04541,1.236816,0.152893,1.604675,8.493195,0.9981704941217866,0.740676369094478,0.007999436341864159,0.27685606945735564,1.4533297016244113,89.2280431096822,0.93,0.756,1.6418
0.0121,-0.166992,-0.080566,1.328613,0.152893,0.139832,4.525909,0.9981578139112455,0.7420426526763545,0.007747632993723142,0.23416333732135058,1.5260833473132833,89.28360582356032,0.93,0.757,1.6434
0.0123,0.078369,0.072266,1.302734,0.183411,-2.789856,0.74173,0.9982081747330299,0.7435365512322667,0.007919619306773127,0.2790593121703338,1.422004564313057,89.29173311210985,0.93,0.759,1.645
0.0121,0.017578,-0.077881,1.305908,2.228088,5.44989,1.291046,0.9982583112475899,0.7446981686221228,0.00799710977731039,0.2605284905994374,1.4535087098555672,89.30522528961306,0.93,0.759,1.645
0.0123,-0.098877,-0.057129,1.274414,2.83844,-0.134827,1.046906,0.9982560206455201,0.7457383582825255,0.007865589731289611,0.26138542089817146,1.4868760796955949,89.3184122442595,0.93,0.76,1.6434
0.011,-0.06958,0.01001,1.363525,1.495667,-0.47052,3.824005,0.9982568141196417,0.7468732015768754,0.00779004970780827,0.28425745920762135,1.4966792151410444,89.36122322917731,0.93,0.762,1.645
0.0121,-0.048828,-0.00415,1.225098,0.610657,-1.080872,4.220734,0.9982694404788809,0.7482901092603625,0.007735904851740837,0.2902702219833238,1.4890558381476386,89.41237254735502,0.929,0.763,1.6466
0.0128,0.068359,-0.011963,1.321533,0.305481,-1.691223,0.253448,0.9983291708877727,0.7495674703403165,0.007892806922581316,0.28701740169316,1.4041773463263618,89.41288293124133,0.929,0.764,1.6466
0.012,0.014893,0.003906,1.291992,-0.091248,1.940369,0.894318,0.9983615580230514,0.7505683218131272,0.007965260842757406,0.28830415267606324,1.3949406882591835,89.42254734453927,0.929,0.765,1.6434
0.0121,-0.05249,0.022461,1.144043,0.519104,3.222107,2.511749,0.9983610757466979,0.7515307212807046,0.007910954219422709,0.3104039265522678,1.4439393749585383,89.45385850854396,0.929,0.766,1.645
0.0111,-0.157471,-0.025391,1.524414,0.885315,-1.630188,3.244171,0.9983391979407418,0.752837229904982,0.007711806776376446,0.3075222910992501,1.4817942228614738,89.49145709861742,0.929,0.767,1.6499
0.0122,0.05835,0.024658,1.066162,1.556702,4.046082,3.76297,0.9983953777377963,0.7542444168395147,0.007876228601574175,0.34528049741789674,1.462837629378065,89.53569295448256,0.929,0.768,1.6499
0.0121,-0.007324,0.074951,1.570801,0.580139,2.886414,1.657257,0.998410364267985,0.7554103117945821,0.007901636657854984,0.3878262817035699,1.4784094269167474,89.55609673518576,0.929,0.769,1.6466
0.0121,-0.206055,-0.076172,1.369629,0.976868,0.506042,1.840363,0.9983685173775655,0.7561444784874982,0.007622082730134335,0.3569556648632009,1.5739097082594966,89.58018341626986,0.929,0.769,1.6434
0.012,-0.023926,0.158691,1.175293,1.221008,3.191589,-2.248993,0.9983487158924491,0.7568481799500981,0.007629935045269282,0.471663021305712,1.6015953060489168,89.55634865360231,0.929,0.77,1.6418
0.0123,-0.020996,0.059814,1.452881,0.671692,0.353455,-0.14328,0.9983553463730623,0.7579572757617236,0.00763690894700886,0.5087857028508359,1.5924581968124691,89.55521667023032,0.929,0.771,1.645
0.0121,-0.105469,0.005371,1.251221,1.434631,-1.813293,-0.845184,0.9983464280587957,0.7594526897178281,0.0074829717197875106,0.5265321917375496,1.6093932375266358,89.5455597365861,0.929,0.773,1.6499
0.0122,0.012207,-0.021973,1.154541,0.152893,1.330017,0.833282,0.9983826579114062,0.7608250322007819,0.007545677000248171,0.5117475786214744,1.5906959878968274,89.55463484740298,0.929,0.774,1.6515
0.011,-0.020752,-0.037109,1.529053,0.427551,0.902771,0.680695,0.998405746346453,0.7618861121200237,0.007556526136708257,0.49510999989642196,1.5868633592252264,89.56128324234975,0.929,0.775,1.6531
0.0124,-0.047852,-0.031982,1.259033,1.007385,2.581238,3.732452,0.9984174896896725,0.7627616321065753,0.007524125273060139,0.48706835681606214,1.6216226949102024,89.60730474037214,0.928,0.776,1.6515
0.0122,-0.02832,0.005615,1.469727,0.366516,0.994324,3.213654,0.9984293115223037,0.7635868278959095,0.007529274727953807,0.49289326187334187,1.6233999692112633,89.64638365750734,0.928,0.776,1.6515
0.0119,-0.031738,-0.015381,1.320312,0.427551,-0.256897,2.694855,0.9984425912922453,0.7644791587077286,0.007524615942407486,0.4875146242934833,1.6129607507262156,89.67794131351945,0.928,0.777,1.6515
0.012,-0.022217,-0.00415,1.257324,1.129456,0.506042,3.946075,0.9984580878228838,0.7656064308045563,0.00752807419256952,0.4975108942566609,1.6062362706447357,89.72490891487304,0.928,0.779,1.6499
0.0122,0.014648,0.036621,1.505615,0.580139,-0.684143,0.467072,0.9984788681392249,0.7667806375949635,0.007583321666980689,0.5204594775830398,1.566249148308604,89.73010435579691,0.928,0.78,1.6515
0.0115,-0.01416,-0.010498,1.208496,-0.213318,1.482605,2.938995,0.9984959253093004,0.7678354692205919,0.007602375428681678,0.5098775558274765,1.5660759248329743,89.76346341015879,0.928,0.781,1.6499
0.0122,-0.006836,0.015625,1.392822,0.671692,1.42157,1.199493,0.9985113555279537,0.7688224781644126,0.00763342830491272,0.5242338267854656,1.56240563374033,89.77784982403948,0.928,0.781,1.6515
0.012,-0.014404,0.029297,1.291504,0.519104,1.757263,0.8638,0.9985217761006789,0.7696346227950537,0.007657115378266473,0.5453363964230366,1.5666402644476547,89.7882649174155,0.928,0.782,1.6531
0.0123,-0.111572,-0.020508,1.287354,0.763245,-0.287415,4.037628,0.998504535126146,0.7704765268663049,0.0075218582198855015,0.5409725302379281,1.6035339689504537,89.83857690417209,0.928,0.783,1.6563
0.0121,0.030029,0.027344,1.327393,0.763245,-1.050354,1.260529,0.9985299777213689,0.7717938864716174,0.007601037580044906,0.5633381294902561,1.5483300927816956,89.85297126906109,0.928,0.785,1.6547
0.0122,0.03125,0.001221,1.30835,-0.365906,-0.958801,2.75589,0.9985576940779989,0.7734249685127271,0.007675256211956357,0.5574123897516349,1.493409379974785,89.88551248871116,0.928,0.786,1.6531
0.012,0.028809,-0.009033,1.364746,-0.396423,-1.538635,1.565704,0.9985818899942829,0.7748503461909376,0.007748022503249919,0.544958386189968,1.4349832818096744,89.90317901444635,0.928,0.787,1.6499
0.0111,-0.036865,-0.004395,1.237305,0.274963,0.322937,1.504669,0.9985843921077071,0.7757646193717557,0.0077292618694061385,0.542916748802982,1.437007222769441,89.91986422428909,0.927,0.788,1.6531
0.0124,-0.022949,0.016846,1.266602,0.305481,-1.233459,0.711212,0.9985904955801704,0.776735655732783,0.007731639180734366,0.5542266680966301,1.4116944932804658,89.92833928883068,0.927,0.789,1.6515
0.0121,0.003662,0.006836,1.318604,-0.426941,-2.48468,1.718292,0.9986036506576654,0.7777630350599516,0.007774590334555841,0.5505283684678,1.3563175721451144,89.94829427608568,0.927,0.79,1.6547
0.012,0.003662,-0.006592,1.280518,0.274963,-1.050354,1.931915,0.9986160408341629,0.7789494307792764,0.007814816130061651,0.5474758879160209,1.3184551346485112,89.97082431938664,0.927,0.791,1.6563
0.0122,-0.023438,0.007812,1.358643,0.702209,-0.897766,3.061066,0.998620677204785,0.7802402245260232,0.007808861475702634,0.5581389105921213,1.2983424664777827,90.00787035263917,0.927,0.793,1.6596
0.0112,-0.085938,-0.040039,1.358643,0.305481,0.65863,6.509552,0.9986076599194015,0.7813304341380681,0.007714726015868035,0.537576476388038,1.3312737693553902,90.08156084365454,0.927,0.793,1.6596
0.0123,-0.041016,-0.000488,1.307617,-0.152283,2.703308,4.159698,0.9986055484896245,0.7824002330581326,0.007687195718460382,0.5337906091717982,1.3651070166062549,90.13307663164403,0.927,0.794,1.6515
0.0124,-0.030029,0.027832,1.345215,0.06134,-0.684143,0.680695,0.9986062848883519,0.7833545047614066,0.007678457344699992,0.5476603670316134,1.3510178697281496,90.14129973572942,0.927,0.795,1.6515
0.0121,-0.055176,-0.012451,1.243164,0.549622,-1.111389,2.481232,0.998598749463372,0.7843058054245916,0.007627816532999888,0.5444767578944673,1.3481117912459921,90.17145859481222,0.927,0.796,1.6531
0.0113,-0.021973,0.029785,1.281738,0.427551,1.604675,2.450714,0.9986004906465084,0.7853552679770853,0.0076287406275256115,0.5647833331662042,1.3559909931293408,90.19910536690301,0.927,0.797,1.6563
0.0121,-0.077881,-0.008545,1.344238,0.488586,-1.325012,3.610382,0.9985865576188309,0.7865271778478847,0.00754376053016892,0.5636023523992502,1.3613203684215907,90.24312516680959,0.927,0.798,1.6563
0.0121,-0.000977,0.031006,1.313477,0.397034,1.940369,2.023468,0.9985920900877175,0.7876599283119994,0.007575257560081742,0.5838340291274849,1.362079136185796,90.26737911265796,0.926,0.799,1.6547
0.0121,-0.017822,0.085449,1.332275,-0.304871,0.65863,0.406036,0.9985933263050186,0.7886535893084947,0.007581760893447434,0.6257453885408771,1.3574474697426664,90.27213607850678,0.926,0.8,1.6563
0.0123,-0.041016,-0.005371,1.290283,-0.121765,-1.386047,1.077423,0.9985876176708196,0.7897229180931983,0.007552875284814602,0.617659638258173,1.3417745234615144,90.28523597898221,0.926,0.801,1.6563
0.0123,-0.039062,0.009033,1.294678,0.885315,1.787781,2.023468,0.998582271171977,0.7907929102025262,0.007527538211797036,0.6307008092554334,1.363559425439786,90.31037015528825,0.926,0.802,1.658
0.0111,-0.068848,-0.03418,1.342041,0.458069,-0.836731,3.518829,0.9985708395897563,0.7917591311635691,0.007462853797704446,0.6133576780332768,1.3704252771723326,90.3495968792884,0.926,0.803,1.658
0.0122,-0.030273,-0.03125,1.335205,0.244446,1.2995,0.283966,0.9985671215568456,0.7928222147608817,0.007453348196392671,0.5948392204077022,1.3806329759579379,90.35307509284273,0.926,0.804,1.6531
0.0125,-0.052246,0.073242,1.269775,1.892395,0.933289,1.413116,0.9985563015007005,0.7938791137892162,0.007404836294691587,0.6592474671453138,1.400035722626739,90.37112473558047,0.926,0.805,1.6531
0.0114,-0.027344,0.003662,1.369141,1.221008,-0.867249,1.779327,0.9985528928327134,0.7948685219066701,0.007400146648869963,0.6713168885682771,1.3824046189403407,90.39117279384415,0.926,0.806,1.6531
0.012,-0.020752,-0.002686,1.352051,1.190491,2.184509,1.504669,0.9985507647957853,0.7958785563570436,0.007405234018304431,0.6800541843586327,1.3970714438146512,90.40934635720791,0.926,0.807,1.6547
0.0122,-0.041504,0.030518,1.32959,1.556702,0.689148,0.833282,0.9985442447189331,0.7966856420824461,0.0073830711477665956,0.7122429556478642,1.4060066240502622,90.41965131823572,0.926,0.807,1.6563
0.0121,-0.107178,-0.011963,1.445068,0.122375,0.689148,3.183136,0.9985265571668273,0.7973874193429834,0.0072804449789216595,0.7034342791197365,1.4478030587892052,90.45874907918457,0.926,0.808,1.658
0.0121,-0.042725,0.029785,1.262695,0.366516,-0.226379,0.680695,0.998517303290135,0.7982974405608927,0.00725208568838134,0.7215613664563978,1.4467471072193037,90.46707775731335,0.926,0.809,1.6547
0.0122,-0.036865,-0.010986,1.278809,-0.549011,-1.59967,1.474152,0.9985085342656204,0.7995817077446196,0.00722469317106365,0.7041087926109195,1.425287383118699,90.48471739088811,0.926,0.81,1.6531
0.012,-0.021484,-0.001709,1.36792,2.594299,0.445007,-1.425018,0.9985020674223245,0.8009334789614426,0.007219647136937809,0.7288393699769558,1.4196365282883765,90.46746652673738,0.925,0.812,1.6547
0.0122,-0.078857,-0.072266,1.286865,1.037903,-1.752258,1.809845,0.9984883304746899,0.8020944149321783,0.007135145617149467,0.6943742489747131,1.4213342011372945,90.48937284825612,0.925,0.812,1.6596
0.012,-0.07373,-0.06958,1.278076,2.655334,0.231384,3.732452,0.9984783617153297,0.8029118622161953,0.007067002202206182,0.6811459969334525,1.443862210756992,90.53421775481753,0.925,0.813,1.6628
0.012,-0.067139,-0.047363,1.327148,2.441711,0.475525,3.488312,0.9984695800991892,0.8035809813246373,0.007014941979605646,0.6795887786839409,1.464041962508781,90.57616800949815,0.925,0.813,1.6628
0.0111,-0.064941,-0.032715,1.381592,-0.152283,-2.48468,2.725372,0.9984622329968911,0.8040070688996701,0.006974127661024614,0.6561536650169361,1.4488097016081873,90.60617179166071,0.925,0.813,1.6596
0.012,0.000488,0.052979,1.314453,-0.213318,-1.843811,0.894318,0.9984627863943155,0.8047733594569199,0.007011334462459305,0.6805109675314658,1.402830563614697,90.61628437279187,0.925,0.815,1.6563
0.0122,-0.030273,0.022461,1.221191,-0.06073,-4.468323,-5.605927,0.9984454917773875,0.8064390322331308,0.006980822293326366,0.6880376334121844,1.3447092562336938,90.54721202700996,0.925,0.816,1.6547
0.0124,0.228027,0.193604,1.309082,-0.549011,3.496765,-1.547089,0.9984901795506202,0.8079457629181364,0.00730653240460732,0.7846730569151273,1.2389554825483258,90.52551148433088,0.925,0.817,1.6612
0.0121,-0.164307,-0.083496,1.176514,-0.487976,5.144714,1.687775,0.998451262211905,0.8089327702541246,0.0070873840100004575,0.7209227326119824,1.3830425648997526,90.5484020738806,0.925,0.818,1.6644
0.0119,-0.117432,-0.045166,1.32959,0.854797,-1.325012,4.037628,0.998426940727155,0.8096931479465079,0.006962547832608928,0.7015394593940267,1.411107524192227,90.59709514641717,0.925,0.818,1.6628
0.0123,-0.047119,-0.057373,1.330566,-1.311951,1.330017,5.65506,0.9984241425501125,0.8101915722263803,0.006943752256297101,0.6497802967205437,1.4302942756133599,90.66658358038889,0.925,0.818,1.6596
0.0111,-0.035645,-0.044678,1.189209,0.183411,-1.447083,3.030548,0.9984220411446014,0.8107349073876587,0.006935544928638011,0.6202410732811857,1.412488870375429,90.69967347648179,0.925,0.819,1.6563
0.0122,-0.054688,-0.009766,1.224365,0.366516,-6.116272,-3.347626,0.9984028520122935,0.8119069132888443,0.00688110221228677,0.6140752667633447,1.3492021323300984,90.65827868212607,0.925,0.821,1.6531
0.0121,0.169922,0.144287,1.443604,-0.152283,3.527283,-0.234833,0.9984444356173156,0.8130901211797605,0.0071120513181762894,0.6830778372473111,1.282094866744224,90.65297891813036,0.925,0.821,1.658
0.0121,-0.112305,-0.05127,1.117676,-0.121765,2.916931,1.321564,0.9984075181219336,0.8141441076653649,0.006965464822470505,0.6433485373507987,1.3696518512258866,90.67076926858796,0.925,0.822,1.6596
0.0121,-0.094971,-0.020264,1.269531,1.373596,-0.775696,2.450714,0.998379224324259,0.8151364107979416,0.006862000405353778,0.6444859583589212,1.3938347546199055,90.70122400226838,0.924,0.823,1.6628
0.0122,-0.029053,-0.056641,1.373291,-0.549011,-0.287415,4.098663,0.9983757916218766,0.8159523416008585,0.006859932160324422,0.6034950044779995,1.3832120149795692,90.75067352569646,0.924,0.824,1.658
0.012,0.003174,-0.049316,1.112549,0.793762,-1.691223,-2.828827,0.9983803967026722,0.8169591972320601,0.006900558496435153,0.5752463356374747,1.3367521249241998,90.71530059637239,0.924,0.824,1.6515
0.0142,0.104248,0.0979,1.802979,0.213928,-2.087952,-1.516571,0.9984068875225173,0.8178400591341495,0.007027651556213587,0.6151795153216786,1.2433618286477073,90.69116178083483,0.924,0.825,1.6515
0.0091,-0.051025,0.006348,1.091309,1.190491,4.870056,2.664337,0.9983948038953794,0.8183117212942805,0.006989573228545391,0.6277714551509191,1.2992855306963618,90.71628605552642,0.924,0.826,1.6531
0.0124,-0.066895,0.026611,1.333496,1.037903,-1.233459,3.061066,0.9983715791418345,0.8195007510897389,0.006923647089510436,0.6527418302621596,1.2999672621424445,90.75460391381077,0.924,0.827,1.6547
0.0125,0.142822,0.039795,1.375977,0.427551,0.597595,-0.234833,0.9984065710859439,0.8207964677019095,0.007126393429676277,0.6757117219641796,1.2073571162109755,90.74861497431773,0.924,0.828,1.658
0.0122,0.042725,-0.078857,1.237061,0.397034,1.879333,0.467072,0.998407691197568,0.8218743308979833,0.007218944257691072,0.6279717184153476,1.1820325165297247,90.75385220226191,0.924,0.829,1.658
0.011,0.091553,0.044678,1.303711,1.770325,-0.34845,3.274689,0.9984402715136774,0.822764945540653,0.00737111092185919,0.6702431576465854,1.1036735071212247,90.78682967796297,0.924,0.83,1.658
0.0123,-0.110107,-0.047852,1.43042,1.587219,1.330017,5.075226,0.9983986755527352,0.8237443577414272,0.007263935537053276,0.6608563586243313,1.1583444278938575,90.85152892592973,0.924,0.831,1.6547
0.0122,0.057861,0.053955,1.263916,1.892395,4.534363,2.237091,0.9984230826786528,0.8247120278845924,0.007372346935371692,0.712760122321799,1.1569491626753738,90.87688633201054,0.924,0.832,1.6531
0.0122,-0.066895,0.060547,1.58252,-0.640564,-0.317932,-1.516571,0.9984123834448839,0.8254953189162721,0.00732502160361156,0.7287086258245549,1.1663600996097658,90.85806733524896,0.924,0.833,1.6531
0.0113,-0.07666,0.042236,1.21167,2.868958,-3.552795,-1.15036,0.9983948647147759,0.8262690805175823,0.007245986229023156,0.7824554295223912,1.1534824089307025,90.84474086259681,0.924,0.834,1.6515
0.0123,0.143555,0.065918,1.283936,0.671692,5.175232,-3.256073,0.9984320749905866,0.8274349368460063,0.007460813478857946,0.8232396278295816,1.1122846204702084,90.80213900196239,0.923,0.835,1.6515
0.0125,-0.116699,-0.031494,1.510986,-0.640564,-2.515198,3.549347,0.9983945176440892,0.828552834136096,0.007349197199856849,0.7940907493664108,1.1203319414935533,90.84768971766486,0.923,0.836,1.6531
0.0122,-0.08374,0.028076,1.259277,2.014465,-1.416565,2.023468,0.9983685050776838,0.829777414993882,0.007255892639538186,0.8304824601402967,1.1329258097897632,90.87251105969966,0.923,0.837,1.6547
0.0111,0.042236,0.018066,1.400146,-0.976257,2.916931,5.53299,0.9983722394118053,0.8306800393325509,0.007335721449028469,0.824766354658187,1.1212093434462602,90.9333467568321,0.923,0.838,1.6547
0.0127,-0.025146,-0.080078,1.208008,0.366516,-0.256897,-4.629364,0.9983362241374109,0.8319222714584534,0.007326381291971574,0.7720983798194991,1.11368857218175,90.87609911461152,0.923,0.839,1.6531
0.012,0.105713,0.269043,1.484863,-0.518494,-1.141907,-4.781952,0.9983944673944695,0.8329826683770492,0.007459168349610073,0.8935882958663413,1.0294418833209984,90.81250695656622,0.923,0.84,1.6547
0.0119,-0.098877,-0.120605,1.163086,-1.556091,0.017761,2.359161,0.9983308940755118,0.8343378355611436,0.007340406211346028,0.7912921777189382,1.0732143595398123,90.84445854506164,0.923,0.842,1.6563
0.0122,-0.024658,-0.041016,1.347168,-0.335388,-0.104309,4.129181,0.9983012422720392,0.8357524401476947,0.007328286592066979,0.7593308910049567,1.06565284758127,90.89565975112986,0.923,0.843,1.6547
0.0112,-0.013428,-0.053467,1.385498,-1.006775,1.635193,-2.523651,0.9982750089194327,0.8368658726316475,0.0073368306050024725,0.7129011421447732,1.0722840577645025,90.86848558868924,0.923,0.844,1.6515
0.0124,-0.033691,0.121094,1.32251,0.274963,3.588318,-12.655487,0.9982866680865075,0.8379096280959295,0.007315704824505793,0.7781151679611321,1.1179056202241935,90.70989053364147,0.923,0.844,1.6499
0.0122,-0.136963,0.086426,1.214844,0.488586,-3.827454,-10.549774,0.9982725436807196,0.8388375115164554,0.007150123146062434,0.8301898474508357,1.137727536227042,90.58026050270321,0.923,0.845,1.6531
0.0122,-0.041504,0.010742,1.234131,-0.243835,0.506042,-2.462616,0.9982598497653142,0.8399907071152122,0.007116971308596913,0.8275771619272824,1.1488954932197848,90.55034711178727,0.922,0.847,1.6547
0.0113,-0.032959,-0.045166,1.428223,-1.250916,-1.935364,3.701935,0.9982404032276072,0.8412100002636842,0.007098448983512622,0.7841744402124675,1.1243896103510977,90.59255879660644,0.922,0.848,1.6499
0.0122,-0.037109,-0.069824,1.100342,-0.94574,-0.440002,-5.026093,0.9982111700558274,0.842430045831908,0.00706831403787634,0.7183472168996722,1.1236427886687488,90.53249005123365,0.922,0.849,1.6466
0.0122,0.043457,0.053955,1.462158,-1.739197,-0.012756,-4.019012,0.9982270311210698,0.8432583424072547,0.00714478718066909,0.7195285014080098,1.0819923679385357,90.48189456213774,0.922,0.849,1.6466
0.0123,-0.062256,-0.093994,1.182617,0.397034,2.30658,-3.652802,0.9981909096544495,0.8439585494081595,0.007092125278851921,0.6586600903455411,1.1298985620111714,90.43949737682887,0.922,0.85,1.6482
0.0112,-0.058105,0.072754,1.283936,0.976868,-1.019836,-1.974335,0.9981931617443673,0.8445977427981961,0.0070472253571226785,0.7081248922746025,1.1327128848749026,90.41668895276065,0.922,0.85,1.6466
0.0122,-0.084229,-0.029785,1.364258,-0.1828,-5.811096,1.809845,0.9981687538130546,0.8457357993959718,0.006964543656979745,0.6849528863739536,1.0892660396872846,90.43905045816214,0.922,0.852,1.6466
0.0122,0.15918,0.076904,1.214355,0.122375,2.459167,-2.096405,0.9982181888310038,0.8470279541652371,0.007199566574618818,0.7293090077012901,1.0008010469920299,90.40989042895352,0.922,0.853,1.6466
0.0122,0.00708,-0.076172,1.54248,-1.617126,-1.508118,1.931915,0.9981966697207719,0.8481825893318046,0.007227283334455097,0.6672505510464193,0.9610578019972652,90.43430576318576,0.922,0.854,1.6482
0.0114,-0.067627,-0.087646,1.216064,-1.525574,5.175232,-0.417938,0.9981527350652598,0.8489905386302669,0.0071669336754528745,0.5912444153951878,1.042513920330281,90.432909231099,0.922,0.855,1.6466
0.0121,-0.074707,0.074219,1.291748,0.488586,3.954529,-6.124725,0.9981544732446163,0.8497225875177027,0.007100215503282036,0.6360599112401489,1.1149964982523004,90.35877473258452,0.922,0.855,1.645
0.0121,-0.111328,0.093018,1.275391,-0.487976,-8.954407,-5.81955,0.9981524136321958,0.8507697754669998,0.006976454713695751,0.6803282715830755,1.0542259986638027,90.28688582997361,0.922,0.857,1.6434
0.0123,0.03833,0.079102,1.099121,-1.281433,2.398132,-1.638641,0.9981787182132341,0.8520833031693782,0.007055025794444892,0.7152230244208464,1.0359695908406956,90.26492454302085,0.922,0.858,1.645
0.0123,0.009521,-0.013184,1.295898,-0.793152,0.689148,-0.936737,0.9981743413027574,0.8531892313120439,0.007090209299134841,0.6929136634565236,1.0193207524868402,90.25350918682541,0.922,0.858,1.645
0.0121,-0.094971,-0.150391,1.329346,0.122375,0.65863,-2.248993,0.9981218351192425,0.8541319353525101,0.007000438139350957,0.6040044006970765,1.0625709032877642,90.22972457088433,0.922,0.859,1.6418
0.0113,-0.103271,-0.07373,1.477295,-0.426941,1.848816,-2.859344,0.9980875274380904,0.8549098253812647,0.006913353149345352,0.5568484767279912,1.1180653089010237,90.19958288920375,0.921,0.86,1.6418
0.0121,-0.032471,0.01001,1.184326,-1.037292,2.764343,-5.453339,0.9980864171480625,0.8557379927469001,0.006898500297826423,0.5468350041899496,1.1514897714351893,90.133811756166,0.921,0.861,1.6401
0.0126,-0.138672,0.043701,1.431641,-0.1828,-2.637268,-3.225555,0.9980667448866352,0.8565964876543629,0.006765367766456603,0.5637670423039999,1.172705406037143,90.09406523876095,0.921,0.862,1.6401
0.0113,-0.08374,-0.024658,1.135498,1.06842,-4.346252,-4.354706,0.9980455397902488,0.8575462624364382,0.00667276185298394,0.5554978341573189,1.1585823275838678,90.04554843411978,0.921,0.863,1.6385
0.0121,0.175293,0.068359,1.243408,1.312561,3.222107,-1.486053,0.9981133136905533,0.8587110397528609,0.006917887449930053,0.6091526653420666,1.071216864383592,90.02392995773899,0.921,0.864,1.6418
0.0121,-0.086914,-0.183105,1.327637,0.580139,-1.294495,-0.967255,0.9980595858511299,0.8597828112639996,0.006836137597998578,0.5086911493773133,1.0856706599622366,90.01543507627837,0.921,0.865,1.6385
0.0124,0.01709,-0.004395,1.267334,2.0755,4.717468,-3.652802,0.9980754160488517,0.8607117420960548,0.0068846581654875795,0.5281918440549899,1.1133858426020826,89.96961929555951,0.921,0.866,1.6369
0.0117,-0.109375,-0.033447,1.490967,0.458069,3.161072,-4.202118,0.9980460965139493,0.8615243944835483,0.0067925942000439795,0.5123744173389707,1.187133997151242,89.92258985579289,0.921,0.866,1.6337
0.0122,-0.063721,0.104492,1.213135,2.136536,-3.735901,-4.1716,0.9980571178597291,0.8624761476432063,0.006732729812680488,0.6001096142615587,1.1607124983504657,89.87088638963859,0.921,0.867,1.6353
0.0121,-0.022949,-0.080078,1.558838,0.397034,1.42157,3.122101,0.9980519936856267,0.8636552076666375,0.006726825379041013,0.5624954712657098,1.1692413772351156,89.90922942944141,0.921,0.869,1.6369
0.0116,-0.082031,-0.14917,1.280029,0.763245,-2.515198,4.251251,0.9980111723189673,0.8647441430935986,0.006647459807396762,0.481296797098342,1.1674722160947313,89.96070212054985,0.921,0.87,1.6385
0.0122,0.088623,0.006592,1.221191,-0.762634,2.733826,2.450714,0.9980685844576996,0.8658238094899783,0.006786277026343616,0.47476783987532367,1.1237713559631095,89.98725977314693,0.921,0.87,1.6353
0.0121,-0.099609,-0.030762,1.601807,-1.18988,7.128357,-2.981415,0.9980409511550884,0.8666215407509776,0.006713048602621888,0.4424638852482383,1.2380644743195448,89.95349808351646,0.921,0.871,1.6337
0.012,-0.158691,0.216309,1.213379,1.95343,-6.238342,-12.441864,0.9980325749428934,0.8673107170402788,0.0065400384636350815,0.592234180051681,1.239884506100783,89.80504619966466,0.921,0.871,1.6321
0.0122,0.027588,0.089111,1.218262,0.671692,2.55072,-6.9487,0.9980673448324471,0.8681726603765324,0.006603225478645839,0.6509212132886935,1.232196947936594,89.71902493022492,0.921,0.873,1.6321
0.0118,-0.071777,-0.064453,1.342041,1.190491,-1.172424,-4.202118,0.998053995131619,0.8690966500177179,0.006542890622825617,0.6230888307098885,1.2385860921596101,89.67020452083587,0.921,0.874,1.6337
0.0112,0.047363,-0.02002,1.249023,-0.243835,-4.132629,-7.07077,0.9980807796256889,0.8700604187663439,0.006625912997589912,0.6029139375313103,1.1428452344361595,89.58917232077286,0.921,0.875,1.6321
0.0121,-0.026123,-0.0979,1.4021,-2.044373,2.031921,-1.089325,0.9980737863191306,0.8710660721078903,0.006618241695420325,0.5213703267646723,1.161587084382895,89.57692312300202,0.92,0.875,1.6304
0.0124,-0.107422,-0.101807,1.14917,3.296204,-2.057434,-3.195038,0.9980314001207031,0.872022695577563,0.006497947923983699,0.491816119483576,1.1856030744001727,89.53999121808089,0.92,0.876,1.6288
0.0121,0.058105,0.101562,1.36499,0.244446,3.801941,-3.408661,0.99809046314874,0.8729173032583889,0.006588495271851196,0.547870576347749,1.178660815134086,89.49624613962767,0.92,0.877,1.6272
0.0116,-0.1604,-0.139404,1.282715,-1.739197,0.231384,-4.659882,0.998025054282988,0.8736781530819476,0.006423953132491143,0.4425459600711895,1.2547638662944152,89.44623853586022,0.92,0.878,1.624
0.012,-0.075684,0.120361,1.135498,2.502747,-5.231262,-6.857147,0.998029354220943,0.8745663694642002,0.006347974157681316,0.5490458961190338,1.220729287251249,89.36435646828582,0.92,0.879,1.6272
0.0122,-0.003174,-0.023438,1.541992,-0.579529,-0.989319,-3.469696,0.998052522252879,0.8758483788319144,0.006357867587972634,0.5261711895030151,1.190692610818375,89.32123221670165,0.92,0.88,1.6288
0.0121,-0.047363,-0.104248,1.109375,0.030823,-3.217102,-5.026093,0.9980481335989674,0.8770664464910962,0.006310781335971405,0.4518173493621152,1.1626425010733377,89.26081017176205,0.92,0.881,1.6288
0.0124,0.11377,0.054688,1.294922,0.854797,0.65863,-2.187958,0.9981310416627743,0.8782631196726328,0.0064640692987337324,0.4918364516232477,1.0837439046174646,89.22942344978816,0.92,0.883,1.6256
0.0121,-0.079346,-0.066406,1.44873,0.030823,3.832458,0.222931,0.99811861287174,0.8792749579656741,0.00639957086188106,0.45469340999221197,1.152274503460517,89.2340215127911,0.92,0.883,1.6207
0.0112,-0.116943,0.112549,1.288574,-0.243835,2.245544,-6.277313,0.9981116498430017,0.8800412220658645,0.0062887672513493925,0.5145566173303808,1.2255825283273838,89.16555439099153,0.92,0.884,1.6207
0.0121,-0.126221,0.053223,1.353516,0.305481,-2.148987,-2.187958,0.9980976957703669,0.8808943464876099,0.00617029665161689,0.5447862578102537,1.2497623627916004,89.1407329653143,0.92,0.885,1.6223
0.0125,-0.015869,0.010254,1.204102,2.319641,-3.735901,-4.263153,0.9981246948111462,0.8822352393674289,0.006165109680173964,0.5761629332409295,1.1916751008932218,89.08655899212533,0.92,0.886,1.6223
0.012,0.09375,-0.017822,1.449707,-0.426941,0.322937,-0.509491,0.9981805809125297,0.8834255793701784,0.0062799600090221305,0.5581214805031871,1.1262414992248213,89.07803811792077,0.92,0.887,1.6223
0.0121,-0.059814,-0.094238,1.260742,0.610657,0.719666,-1.730194,0.9981760064268378,0.8844023076355174,0.0062288455092363235,0.505241228826109,1.1505101561295443,89.05822812819467,0.92,0.888,1.6191
0.0123,-0.018799,0.191895,1.385254,1.495667,3.679871,-12.106171,0.9982160817161267,0.8853035272796048,0.006233396904945874,0.6220393491883598,1.1869125037718307,88.90873896170862,0.92,0.889,1.6159
0.0113,-0.140625,0.080811,1.385986,-0.671082,-3.430725,-8.901825,0.9982094313502775,0.8859976470842206,0.006106644066988501,0.6527486311764586,1.205962996842613,88.80917080292907,0.92,0.889,1.6159
0.012,-0.041016,0.034912,1.155273,0.549622,-2.24054,-8.230438,0.9982271474582227,0.8868934688042056,0.006078456800636904,0.6766045480868316,1.185176576016186,88.71022319964938,0.92,0.89,1.6159
0.0121,0.05249,0.062744,1.479004,0.06134,0.078796,-2.859344,0.9982726643191521,0.888098995065504,0.006148092120505778,0.7043327794836155,1.1395487366580315,88.67462070140634,0.92,0.892,1.6175
0.0122,-0.125244,-0.158447,1.216064,-1.83075,-0.928284,1.230011,0.9982683637337613,0.889172117625418,0.006011110118055141,0.5805850760563673,1.1845608676274073,88.69099402538093,0.92,0.893,1.6175
0.0123,-0.050293,-0.067871,1.249023,-0.518494,4.351257,0.283966,0.9982841860511132,0.8901859810942327,0.005971442752331632,0.5297680483071573,1.2468066008979413,88.69510417910814,0.92,0.893,1.6159
0.0114,-0.105469,-0.037842,1.445801,-1.861267,2.703308,4.709015,0.9982804000589154,0.8910146127129068,0.005884651301292479,0.4870081546287559,1.311562055675831,88.75017501082354,0.92,0.894,1.6142
0.0122,-0.115967,-0.022705,1.213379,1.556702,0.017761,-4.293671,0.9982614247557304,0.8916373464603923,0.005772161530446663,0.4883032092139925,1.3619067230601858,88.69950830835496,0.919,0.894,1.611
0.0116,0.068848,0.153564,1.175049,0.976868,0.170349,-8.383026,0.9983141867139992,0.8922105086548325,0.005893499003074642,0.593178464026165,1.297381321491719,88.60125302096577,0.919,0.895,1.611
0.0124,-0.073486,-0.061279,1.314941,0.854797,0.750183,-4.293671,0.9983293067017663,0.893259147412763,0.005828546091634856,0.5635481642162794,1.3276179294749726,88.548306546117,0.919,0.896,1.6142
0.0121,-0.03833,-0.036133,1.311279,2.106018,-2.515198,-3.622284,0.9983597270953721,0.8944298279549068,0.005800229337609855,0.563602004657975,1.2977839506458921,88.50388488550291,0.919,0.898,1.6159
0.0121,0.039795,-0.0271,1.262207,-0.091248,3.43573,1.74881,0.9984192730154379,0.8955761464223967,0.005865319485733389,0.5436123378801743,1.2922043923347184,88.52357500693584,0.919,0.898,1.6175
0.0121,-0.089111,-0.095459,1.384033,-0.701599,1.268982,6.326447,0.998424904462821,0.8966091114350958,0.005787208028530088,0.4814733842543483,1.3340657316535507,88.60094361371877,0.919,0.899,1.6142
0.0114,-0.00293,0.053467,1.166504,1.343079,0.750183,-1.974335,0.9984589344700329,0.8973044802017338,0.005814312614646747,0.5291078204735264,1.3210514902810602,88.57788547004124,0.919,0.9,1.6078
0.012,0.080811,0.286621,1.515137,-1.281433,4.107117,-9.390106,0.9985271215612329,0.8979735439295349,0.005920644634970926,0.6480694085661388,1.3108408166952201,88.46430537549547,0.919,0.9,1.6078
0.012,-0.082764,0.053223,1.283447,-0.823669,-3.735901,-7.131805,0.9985420757395881,0.8988190107104299,0.005849998010678017,0.6639796633775623,1.2940339217066,88.37876800659436,0.919,0.902,1.6094
0.0122,0.003662,-0.003174,1.261963,2.563782,-0.378967,-7.498016,0.9985847661480195,0.9000152194900387,0.005870347458387418,0.6869092163889855,1.2658534473854017,88.28676175203745,0.919,0.903,1.6094
0.012,0.084229,-0.053223,1.518311,0.580139,0.200867,-1.882782,0.9986410157055587,0.9012078155656111,0.0059640618510049224,0.6618925517947712,1.2057905037804846,88.2630592988054,0.919,0.903,1.611
0.0122,-0.058594,-0.109375,1.117188,0.519104,0.902771,-0.967255,0.9986512141945131,0.9022940950276735,0.005905069142032267,0.5900976365391843,1.234047297914024,88.25244171477709,0.919,0.905,1.6094
0.012,-0.000977,0.027832,1.39502,1.526184,4.076599,-3.469696,0.9986962073381732,0.9033022196818016,0.0059242135070744755,0.619001005514729,1.2624329043058649,88.21058159643886,0.919,0.905,1.6045
0.0119,-0.036133,0.002686,1.412598,-1.006775,3.008484,-6.307831,0.9987239496221694,0.9041697504263412,0.005908895630874158,0.6030480518941651,1.2970018372755505,88.13584271236974,0.919,0.906,1.6029
0.0115,-0.08374,0.090332,1.157471,-0.06073,-1.843811,-7.040253,0.9987446221213949,0.9049530823344532,0.005832630438459019,0.6564742758380506,1.3084579850054947,88.05517408056146,0.919,0.907,1.6029
0.0124,-0.000732,-0.022705,1.168945,1.282043,0.109314,-3.317108,0.9987946376091011,0.9061923566274451,0.005847288032464182,0.6526924269140174,1.2874310481430504,88.01359251310157,0.919,0.908,1.6061
0.0122,-0.030029,-0.070801,1.379883,-0.1828,-1.4776,-0.692596,0.9988352629528138,0.9075311381042952,0.00582443309513519,0.6069907965301993,1.264701007919904,88.00508670687495,0.919,0.91,1.6061
0.012,0.020752,-0.031982,1.214355,-2.013855,0.170349,0.924835,0.9988948041788112,0.9088358726949336,0.005862951464437489,0.5598696165405286,1.2310861947071454,88.01530684401865,0.919,0.911,1.6061
0.0121,-0.053467,-0.071533,1.386475,0.427551,1.635193,2.847443,0.9989123200129824,0.9098307940613345,0.005823975369382752,0.5231783152134143,1.2587670727680453,88.05069088079163,0.919,0.911,1.6061
0.0118,-0.025635,0.01123,1.331787,1.95343,0.170349,2.237091,0.9989498092306873,0.9107719923278379,0.005816747920475755,0.5502585454129253,1.253575395714014,88.07681952548589,0.919,0.912,1.6061
0.0124,0.001221,-0.006592,1.237305,0.94635,-0.073792,0.039825,0.9989960444543071,0.9117695694313943,0.005838575097953053,0.5549892733466193,1.229671797737855,88.07653486886724,0.919,0.913,1.6045
0.0121,0.020508,0.026855,1.32959,2.502747,-0.409485,-9.603729,0.9990513638321409,0.9126916727923194,0.005882426350048341,0.594849569142626,1.1927908247896413,87.95887251154666,0.919,0.914,1.5997
0.0111,-0.022461,0.028076,1.251465,1.404114,-1.202942,-9.96994,0.9990907219877468,0.9135434846251914,0.005879931555397551,0.6218024116423747,1.1729380939402085,87.84753441375071,0.919,0.915,1.6013
0.0123,-0.030762,-0.022705,1.35498,-0.640564,0.139832,-6.490936,0.9991254439211712,0.9145694597375635,0.005864342927607175,0.5957756329314812,1.1722405538484277,87.76790089255603,0.919,0.916,1.6029
0.0122,-0.057373,0.004883,1.366699,0.458069,0.231384,-2.03537,0.9991539889240327,0.9154801024432022,0.005823816607536921,0.5999603092706538,1.186820117944942,87.74351007266426,0.919,0.917,1.6029
0.0121,-0.046631,-0.029541,1.172607,0.274963,1.604675,2.572784,0.9991811503857053,0.9164738965323864,0.0057867362944343664,0.5814909764781412,1.2140344012246518,87.77549018531427,0.919,0.918,1.6045
0.0122,-0.011963,-0.047852,1.374268,-1.281433,-0.256897,4.464874,0.9992210850073784,0.9175196711386117,0.0057900950194100615,0.5371334324415296,1.1961521246962494,87.82985474683466,0.919,0.919,1.6045
0.012,0.014648,-0.013428,1.260498,-0.732117,0.506042,1.382599,0.9992793777225443,0.9186211673309354,0.00582413021244945,0.5179114486268235,1.1716714813157998,87.84545645797502,0.919,0.92,1.6045
0.0115,-0.000977,0.072021,1.355469,-0.426941,1.452087,-4.751434,0.9993474958045706,0.919646281757022,0.005842974322536682,0.5496815944414414,1.168697251487309,87.78936531705313,0.919,0.921,1.6061
0.0125,-0.115967,0.006836,1.250488,-0.396423,-1.447083,-3.286591,0.9993652529498415,0.9208499505114275,0.005724794000005119,0.5452663164016487,1.200503069081218,87.74985439981704,0.918,0.923,1.6078
0.0116,0.002686,0.03833,1.324951,1.312561,0.750183,-1.211395,0.9994364036106017,0.9221471545674574,0.005741486667786118,0.5791605405926052,1.1866460044939764,87.73479137879411,0.918,0.924,1.6094
0.0121,-0.097412,-0.068848,1.311035,1.404114,-0.806213,-1.943817,0.99945423814284,0.9234864932520309,0.00564399194766566,0.5523105236237689,1.2127824913285667,87.71310121688248,0.918,0.925,1.6078
0.0122,-0.019531,-0.05249,1.321289,0.427551,-1.019836,-3.256073,0.9994987638134677,0.924697861564736,0.005635329125665542,0.5232933356123133,1.1909363905153654,87.67330805788845,0.918,0.926,1.6029
0.0113,-0.006592,0.00415,1.376709,0.641174,3.832458,-12.74704,0.9995481273137001,0.9256128279011262,0.005649338829547757,0.5269230664149857,1.2181202403745521,87.52892004267581,0.918,0.926,1.6013
0.0127,-0.104248,0.057129,1.122314,1.83136,3.496765,-1.089325,0.9995636380274582,0.9264885363597191,0.005543253673389252,0.5859836410132688,1.3099467335752268,87.51693715461305,0.918,0.928,1.6029
0.0122,-0.283203,-0.101074,1.361328,-0.121765,-5.658508,2.63382,0.9995132835931718,0.927557640536467,0.005264835042270474,0.5270343443214097,1.3735937847077622,87.55360508608612,0.918,0.929,1.6029
0.0114,0.078613,0.073242,1.306885,-0.701599,-1.538635,2.481232,0.9996205399165601,0.9288362858003982,0.005365134206489672,0.5595704283003952,1.2875535173337171,87.57919325839758,0.918,0.93,1.6029
0.012,0.052002,-0.06665,1.318115,-1.098328,1.238464,1.077423,0.9997026415552206,0.9300913736100035,0.005433440127855709,0.505281338831334,1.2502315267106316,87.59027192089242,0.918,0.931,1.6013
0.0122,-0.010986,-0.023193,1.415283,1.037903,4.229187,-5.087128,0.9997472533288414,0.9309579640829375,0.005443280122274938,0.5012205548297848,1.286731611641092,87.52807221410879,0.918,0.931,1.6029
0.0122,-0.256348,0.09082,1.281006,0.885315,0.200867,-3.011932,0.9996943149543754,0.9316734557709485,0.0051924081400860096,0.5611814623941725,1.415831815337505,87.49659886174962,0.918,0.932,1.6013
0.0121,-0.004883,-0.013428,1.104004,0.854797,0.597595,-0.356903,0.9997472983415044,0.9325293150325991,0.005211288621030535,0.5594341289874802,1.4013765497457185,87.49140617169189,0.918,0.933,1.6045
0.012,-0.077881,-0.018555,1.371826,2.319641,-1.996399,-2.187958,0.9997788944793232,0.9335953358404078,0.005145709318243465,0.5728257989460492,1.3983856900454694,87.46558225818922,0.918,0.934,1.6061
0.0121,0.06543,0.025146,1.263916,0.091858,-3.613831,-4.080048,0.9998756686425382,0.9347863334667952,0.005234194658973676,0.5847899662911864,1.292726959506911,87.41340946504593,0.918,0.935,1.6061
0.0121,0.047363,-0.098389,1.239502,-0.121765,2.703308,-5.239716,0.9999541046807381,0.9358920964952778,0.005302812495069263,0.518471992686074,1.2742772818234234,87.34826825942265,0.918,0.936,1.6061
0.0112,-0.049316,0.013916,1.382324,0.641174,1.787781,-2.676239,0.9999848219173343,0.9366265050746928,0.005276373213849261,0.5298040601326712,1.30010920271615,87.31869890306304,0.918,0.937,1.6029
0.012,-0.116699,0.017822,1.358154,-0.640564,1.879333,-0.387421,0.9999847804605541,0.9373178869834055,0.00518062818574027,0.5292068752384369,1.3659357608177034,87.31615063148173,0.918,0.937,1.6045
0.0121,-0.025879,0.016357,1.304199,-0.1828,2.642273,6.601105,1.0000322164318693,0.9381730984423077,0.005175580097392951,0.5357556988609228,1.3890682441601938,87.39601689617318,0.918,0.938,1.6078
0.0122,-0.160156,-0.132568,1.396729,-0.487976,-2.759338,6.723175,1.000012269162706,0.9390267635279491,0.005032343332351582,0.4574558305580363,1.4189753510051926,87.48021046837924,0.918,0.939,1.6078
0.012,0.037598,-0.018799,1.165283,-0.854187,-0.836731,1.230011,1.0000886529710935,0.9397804460549485,0.005103158128948621,0.4337038011822387,1.359867275689829,87.49225351766357,0.918,0.94,1.6078
0.0123,0.03833,0.010986,1.408691,0.183411,0.811218,-5.117645,1.000166436411242,0.9406547067004796,0.005161700812906565,0.4384523008050162,1.3272557936549838,87.4271469266373,0.918,0.941,1.6061
0.0121,0.007812,0.104248,1.391602,0.671692,-0.165344,-3.774872,1.0002367108105494,0.9414476284900989,0.005193853100181475,0.5004389204948616,1.2994615918956285,87.3800342866421,0.918,0.941,1.6094
0.0121,-0.186279,-0.093262,1.181885,0.915833,0.231384,1.291046,1.0001886979403434,0.9422815475355948,0.004997952734295815,0.4505818187137337,1.3973297942328795,87.40004507692687,0.918,0.942,1.611
0.0111,0.0271,-0.01123,1.119385,1.251526,0.353455,-2.126923,1.0002703151092682,0.9432402109514052,0.00505286804985741,0.4546415762650381,1.3583097594098383,87.37418692599684,0.918,0.943,1.611
0.0122,0.066162,-0.045166,1.26709,0.335999,-1.416565,-4.965057,1.0003662906759694,0.944228864177501,0.005142023990432271,0.4283046959921575,1.279013106705237,87.31017773516382,0.918,0.944,1.6126
0.0121,0.067139,-0.029297,1.417236,-0.94574,1.268982,-0.204315,1.0004515143077244,0.9450306276780679,0.005227871578606771,0.39928484519803503,1.236918725814841,87.30478972260933,0.918,0.945,1.6126
0.0121,-0.10083,0.04248,1.153076,-0.335388,0.445007,-1.791229,1.0004578000053352,0.9457926170636787,0.005133360871539406,0.42173603927517883,1.2861602312041422,87.28524763766379,0.918,0.945,1.611
0.0122,-0.045166,0.021973,1.36499,-1.403503,-0.989319,0.74173,1.0005044559292802,0.9467738566800576,0.0051051460874775205,0.41552302749750736,1.2776999524532389,87.29432739970851,0.918,0.947,1.6126
0.012,0.070801,0.03125,1.418213,0.244446,-0.440002,2.481232,1.00060904440639,0.9478441696867866,0.005189168093892894,0.4340832514057519,1.2130236911935428,87.32099273337597,0.918,0.947,1.6159
0.0121,0.020752,-0.006104,1.370605,-0.854187,0.475525,4.190216,1.0006716826919206,0.9486809574368322,0.005230037267598685,0.4196299137139407,1.1858728517457104,87.37026909212531,0.918,0.948,1.6159
0.0113,0.017578,-0.031738,1.244141,-0.915222,1.909851,-0.936737,1.0007210536547388,0.9494075162704015,0.005272631699216294,0.3882572256819669,1.1751046489545776,87.35867438141065,0.918,0.949,1.6159
0.0121,0.057617,0.029785,1.43042,-0.121765,1.085876,-4.873505,1.0008094553001243,0.9502535989914841,0.005347525376461993,0.39993990644119765,1.1377300267639827,87.29689380579228,0.917,0.95,1.6159
0.0123,-0.114746,-0.037109,1.395264,2.167053,-5.658508,0.406036,1.0008064383591724,0.9511271224297922,0.005251333063702332,0.40459647494053713,1.111435815535429,87.30413497472739,0.917,0.951,1.6159
0.012,0.084229,-0.030029,1.134521,1.95343,2.215027,2.115021,1.0009088178559586,0.9522229530544253,0.005369366244514461,0.4071912522445757,1.0598157106185901,87.32631870056505,0.917,0.952,1.6159
0.012,0.019531,0.060303,1.367676,1.251526,-0.043274,-0.112762,1.0010040900325399,0.9533181455348876,0.0054046333613561575,0.45402604458397494,1.029126622622018,87.32226712602845,0.917,0.953,1.6159
0.0124,0.009277,-0.033936,1.246826,0.122375,3.862976,7.058868,1.00105744186814,0.9543682493846251,0.005431593420850759,0.4345016516584099,1.0503452450847315,87.40980680951446,0.917,0.954,1.6191
0.0121,-0.142578,-0.043945,1.406494,-1.250916,2.886414,3.244171,1.0010358599878435,0.9553206542194957,0.005309848960129337,0.3945731473084004,1.1426360765291423,87.45323755731101,0.917,0.955,1.6175
0.0112,-0.036133,-0.031982,1.222412,-0.94574,-5.109192,5.746613,1.0010606788433798,0.9562145441360257,0.005287765211609621,0.36419569852120875,1.0869616837550973,87.51800150633726,0.917,0.956,1.6191
0.012,0.029297,-0.097656,1.060791,1.098938,4.107117,7.882843,1.0011076983963652,0.9574180966975476,0.0053403804193826255,0.30893926568433,1.0923972827976633,87.61269540601727,0.917,0.957,1.6207
0.0122,0.035645,0.092529,1.426514,2.746887,-2.820374,5.197296,1.0012260431253421,0.9585714896468046,0.005387612769021413,0.3918929688353657,1.0197436216691547,87.67170315450545,0.917,0.958,1.6223
0.0123,-0.151123,-0.085205,1.439209,-0.701599,2.367615,11.789093,1.0011857431146034,0.9597427970963052,0.005256563442614315,0.3395705648322045,1.1086959560231955,87.82228261628772,0.917,0.959,1.6256
0.0121,-0.187744,-0.100098,1.23291,0.183411,-0.684143,13.34549,1.0010971407455473,0.960838503803644,0.005066262547041132,0.2834428815387722,1.1931868139456763,87.99150591956779,0.917,0.96,1.6272
0.0122,0.055908,-0.092773,1.293945,2.044983,2.703308,13.925323,1.0011720928563645,0.9619314659106407,0.005139882071661562,0.25706502866639364,1.1710711835514,88.15871727125031,0.917,0.961,1.6304
0.0111,-0.148682,-0.069092,1.355225,1.343079,0.811218,20.303497,1.0011019201007516,0.9627818562626732,0.005010630302838791,0.23781911249198529,1.241503468297597,88.38986785202198,0.917,0.962,1.6337
0.012,-0.028564,-0.012207,1.004883,0.885315,-7.947327,17.648468,1.001130193334305,0.9638496546062596,0.0049902231043705255,0.24451847479381578,1.1437056987070118,88.60128748899504,0.917,0.963,1.6337
0.0124,0.073486,0.087646,1.605469,1.70929,0.902771,16.275177,1.0012485679579335,0.965258673943917,0.0050582023322458414,0.310691003511866,1.1002132077765825,88.79818309442767,0.917,0.964,1.6385
0.0121,0.08252,0.095947,1.436035,0.763245,-1.263977,9.866486,1.0013695217399499,0.9664981860362986,0.005146405724561027,0.3720186519378679,1.0216332306790767,88.91163671192406,0.917,0.965,1.6401
0.0121,0.000488,0.046143,1.094482,-0.823669,10.11908,11.667023,1.0014296455138043,0.967391048884935,0.0051705201686499435,0.3963778201522397,1.1205624675884116,89.05115489139314,0.917,0.966,1.645
0.012,-0.208252,-0.002197,1.363281,-0.121765,-4.224182,10.354767,1.0013511328043763,0.968377359969858,0.004979789541780669,0.3945758255078665,1.1646566563465368,89.18124425258873,0.917,0.967,1.6482
0.0122,0.170166,0.033203,1.255371,0.976868,-0.59259,11.361847,1.001498450794797,0.9695750764881648,0.005174657278551092,0.4278111856370017,1.0340362639322471,89.311733711461,0.916,0.968,1.6482
0.0121,0.104492,0.112061,1.577637,1.098938,6.853699,8.523712,1.001610422385503,0.9706549991736698,0.0052773528583126865,0.49456695876471096,1.0473443964364635,89.40958633819676,0.916,0.969,1.6531
0.0122,-0.138672,-0.005371,1.412842,-1.983337,-7.428528,6.54007,1.0015727700840065,0.9716635577967826,0.00515732805665345,0.46649659645389274,1.0127065770930497,89.49185824102368,0.916,0.97,1.6547
0.0122,0.026611,0.076172,1.17041,0.702209,4.992126,2.87796,1.0016441847984423,0.972724219514097,0.005205550262834707,0.5233806595107114,1.0351917976690632,89.52376633328517,0.916,0.971,1.6563
0.012,0.0,0.044434,1.421631,1.007385,2.245544,9.591827,1.0016816799953576,0.9738436578464639,0.005218832637100626,0.5583962667098221,1.0420196671075517,89.63742070375687,0.916,0.972,1.658
0.012,-0.148193,-0.045654,1.247803,0.274963,-5.322815,5.288849,1.0016210633465545,0.9749185093608692,0.005073218058480668,0.5321417037778602,1.0483127102471648,89.7046303501442,0.916,0.973,1.658
0.0122,0.0354,0.030029,1.199707,-0.091248,5.144714,5.77713,1.001669805980124,0.9760322685406733,0.005130367480086381,0.5489409857912959,1.0668783745443797,89.77314857185699,0.916,0.974,1.6612
0.0111,-0.15625,-0.056641,1.456543,-0.243835,0.811218,15.512238,1.0016077025539216,0.9770300530513083,0.005001113131812148,0.5167724927605619,1.136629921474265,89.94938764171125,0.916,0.975,1.6628
0.0123,-0.304932,-0.069336,1.190674,-0.487976,-5.902649,15.268097,1.0014594085273782,0.9780060641166651,0.0046850902911168115,0.4697307145811836,1.2290857677951292,90.145806654096,0.916,0.976,1.6661
0.0119,0.047119,-0.021729,1.121094,0.305481,2.062439,12.796173,1.001503384985409,0.9790750603219786,0.0047615794190521595,0.46015825922701026,1.1972446731450044,90.29537798559643,0.916,0.977,1.6661
0.0121,0.084229,0.068848,1.54834,2.655334,-0.012756,6.967316,1.001562787961828,0.9801053868159384,0.004847648965809869,0.5250568606955359,1.1353371631572424,90.37599150099399,0.916,0.978,1.6693
0.0123,0.033691,0.115723,1.308594,-0.518494,0.780701,13.498077,1.0016149812540376,0.981085052755348,0.004896060720792781,0.5863931976230756,1.10343388223328,90.53890690199073,0.915,0.979,1.6725
0.0121,-0.244385,-0.061279,1.151611,-0.213318,-0.47052,9.652863,1.001495769434176,0.9818709400836159,0.004640456219890003,0.5438057366365875,1.2328379049107188,90.66234325187628,0.915,0.98,1.6741
0.0122,0.066162,0.084961,1.317139,0.732727,-3.49176,9.469757,1.0015381917206005,0.9829157543359625,0.004720300547263495,0.601151864363683,1.1300787417537828,90.77451136906664,0.915,0.981,1.6758
0.012,0.047119,0.066406,1.30835,0.030823,1.787781,20.120392,1.0015748907693907,0.9833294965782354,0.0047947493697393685,0.6414359428697752,1.1009676416528562,91.01383491914227,0.915,0.981,1.6822
0.0111,-0.392822,-0.353027,1.327393,0.94635,4.412292,30.771027,1.0013900293767126,0.9837256433354178,0.004477555564337955,0.47299024630613473,1.3301913149655276,91.36557627358205,0.915,0.982,1.6903
0.0123,-0.315918,-0.145752,1.21167,-0.732117,-7.489563,46.151886,1.0012067597746033,0.9844826022486882,0.004176397967671484,0.3880712015115826,1.4003299380146186,91.9417041324785,0.915,0.983,1.7001
0.0121,-0.035645,-0.206055,1.514404,-2.105408,2.062439,48.166046,1.0012425809423995,0.9842582726853512,0.004200506201728383,0.27292895734731565,1.4171408854740357,92.52083401764828,0.915,0.983,1.7081
0.0121,-0.251953,-0.19458,1.051758,-0.243835,-0.134827,51.828156,1.0010400771557848,0.9848860164445297,0.003949270901592518,0.1532527286392339,1.5602174570678544,93.15566153528076,0.915,0.984,1.7211
0.0124,-0.056152,-0.106201,1.273438,1.83136,-5.566956,64.767609,1.0010269264511316,0.9853780636116282,0.003929510510435662,0.13467582666222508,1.4979287337964535,93.95612670537542,0.915,0.984,1.7308
0.0121,-0.147217,-0.172852,1.395264,5.401917,4.32074,66.629181,1.0009525999813549,0.9857803640984901,0.00384177250198149,0.12872891804928924,1.6030520133247068,94.76296232870371,0.915,0.984,1.7421
0.0112,-0.128418,-0.150146,1.226562,2.106018,-1.691223,75.96756,1.0008872212033104,0.9860639669429253,0.0037627040900925944,0.08519476547754101,1.6350955030524115,95.61386868547694,0.915,0.984,1.76
0.0122,-0.117188,-0.09375,1.257568,1.70929,-4.193665,79.416046,1.0008044938667062,0.9864142858967068,0.003690163373100688,0.07826101918879998,1.6273442428305218,96.58438840039743,0.915,0.985,1.7729
0.0123,-0.168701,-0.117432,1.304199,2.868958,0.292419,84.817657,1.0006992164446018,0.9865527050852393,0.003585643074131641,0.07676294570253762,1.7008847182023,97.63167554939218,0.915,0.984,1.794
0.0123,-0.011719,0.056641,1.456299,1.098938,-2.148987,85.061798,1.0013251670174985,0.9819524139237613,0.003744136553904192,0.15201982821505441,1.6535788924784263,98.67876836566187,0.915,0.984,1.8102
0.0121,-0.067627,-0.028564,1.013672,-2.715759,-2.850891,86.557159,1.0013111313667944,0.9818748578636152,0.0037178658484916124,0.12953215177173916,1.6392266674037617,99.72750211859923,0.915,0.985,1.8199
0.0111,0.171387,0.101562,1.403076,2.777405,-1.172424,67.605743,1.0013872640400163,0.9824134892699822,0.0038582195369742385,0.23666244557889465,1.5079984713825192,100.46841937175094,0.914,0.986,1.828
0.0122,0.265381,0.204834,1.464355,0.671692,-2.60675,71.603546,1.0016453078182332,0.9820085241306175,0.004062224887446611,0.36950119927164315,1.3177665369670502,101.33177266965032,0.914,0.986,1.849
0.0122,0.195557,0.185303,1.331543,2.167053,2.520203,82.559357,1.0018929578924487,0.9814282888304842,0.0042275751245801465,0.5203829107500667,1.211463303323417,102.33187695600711,0.915,0.985,1.8701
0.0122,-0.098877,-0.152588,1.298096,1.892395,-1.508118,75.96756,1.0018674581351223,0.9815235286535032,0.004207542338003323,0.47111315583378965,1.2209631408867283,103.25786018012626,0.914,0.986,1.883
0.0122,0.168945,0.008545,1.628418,-0.579529,-3.552795,72.671661,1.001824024354596,0.9822666488296925,0.004329107539313468,0.4837162437376336,1.0726250645392827,104.13427113302559,0.914,0.987,1.8943
0.0114,0.163574,0.119385,1.28418,3.509827,1.513123,68.002472,1.001884233468252,0.9825325946666148,0.004458219413937366,0.6050254060220205,0.9680498557458024,104.90053812679362,0.914,0.987,1.9154
0.0121,0.118408,0.148193,1.108887,4.944153,2.489685,83.352814,1.0020554891121967,0.9822448527464412,0.004559657278200044,0.7777828115286235,0.8872782002919549,105.90242111291262,0.914,0.987,1.9348
0.0121,-0.166748,-0.115967,1.466064,-0.213318,2.611755,78.195343,1.0018969824855422,0.9825858432270994,0.0044892731205216614,0.7246337166488724,0.9748334310931364,106.85379042730807,0.914,0.987,1.9429
0.0121,0.135498,-0.000977,1.691895,1.343079,-4.041077,75.08255,1.001873311390707,0.9829362054794396,0.004589968542887088,0.7497038658537484,0.8371525535320172,107.75498016574731,0.914,0.988,1.9607
0.0121,0.064453,-0.01123,1.156982,6.74469,-6.451965,62.35672,1.0013386308070147,0.9847975165529606,0.004649715013412702,0.8287073150484501,0.6885484606553934,108.5031750952625,0.913,0.989,1.964
0.0121,0.321777,0.136475,1.371826,3.174133,0.567078,65.37796,1.0016149163162842,0.9845107029841438,0.004868706829487642,0.9424742890293767,0.49903927035443246,109.2781486860189,0.913,0.989,1.9899
0.0121,0.172119,0.158203,1.544678,2.350159,8.318542,83.78006,1.0019542315278729,0.9838271008162841,0.004966357572838482,1.049535031465939,0.48588481387944543,110.28409706100284,0.913,0.989,2.0077
0.0113,-0.243896,-0.166992,1.194336,-0.915222,-0.684143,76.608429,1.0017016762897824,0.9841341856036102,0.004845445657222907,0.9364935016755864,0.5981924180656162,111.16301554232369,0.913,0.989,2.0174
0.0121,0.100586,-0.029053,1.82373,-0.671082,1.54364,71.1763,1.0015372067189123,0.9846838543629937,0.0049198624523932935,0.9175107417404058,0.5482638708017804,112.02031412400666,0.913,0.99,2.032
0.0126,0.127441,-0.003906,1.044922,3.998108,-0.134827,67.483673,1.0014518237861316,0.9851445822684812,0.005057526866894289,0.9664777685011333,0.42428946692731634,112.86153260061751,0.912,0.991,2.0449
0.0122,0.070557,0.101562,1.061768,5.188293,5.266785,75.448761,1.001636046816648,0.9849104977138667,0.005104271591693385,1.1019201602321724,0.40670272603587687,113.77482959872269,0.913,0.99,2.0676
0.011,-0.429199,-0.187012,1.866699,1.495667,-2.148987,76.08963,1.0013771482115552,0.9851219291638398,0.004955886921519555,1.041577141004745,0.5253162172333289,114.62725322763937,0.912,0.991,2.0789
0.0121,0.140625,0.109863,1.101074,4.73053,-2.36261,74.502716,1.001269660023352,0.985610706572766,0.005045591486600711,1.173072334439741,0.36950588957081865,115.51680993441403,0.912,0.991,2.087
0.0123,0.06543,-0.033203,1.102539,5.218811,3.283142,70.443878,1.0011045916734667,0.9860443882210954,0.005133566557395263,1.2104785978255672,0.33208442336709465,116.3804569498063,0.912,0.992,2.1097
0.0121,0.028564,-0.043701,1.125732,3.174133,3.130554,82.467804,1.0012105738657295,0.9858636200203218,0.005197931743216983,1.215342209469613,0.3154024707455394,117.37788182324961,0.912,0.992,2.1259
0.0122,-0.398926,-0.184082,1.040039,4.8526,-2.972961,80.75882,1.0008800461401202,0.9859634560889101,0.00499225518639074,1.1507144968849248,0.5060980358419135,118.3900164157142,0.912,0.992,2.1388
0.012,0.131592,0.091797,1.358887,6.470032,-3.766418,82.01004,1.0007862163245382,0.9863160746481018,0.005060064967461045,1.2773609217804949,0.3543894068431892,119.36353797731985,0.912,0.992,2.1534
0.0115,-0.158936,-0.101318,1.296875,6.073303,6.273865,87.381134,1.0005490497415515,0.9865790856504929,0.005014970112497852,1.2838511958162317,0.48313186496771365,120.37901717383576,0.911,0.992,2.1696
0.0122,-0.025635,-0.004395,1.230957,3.631897,-3.644348,87.960968,1.000300575576159,0.987000296788054,0.005017403036458032,1.3228257413764262,0.4165110895463018,121.45118162524875,0.911,0.993,2.1939
0.0121,0.058105,-0.000977,1.531982,5.646057,1.574158,88.784943,1.0002476182258295,0.987166813316951,0.005068574183699915,1.3862061285869047,0.36934968373367805,122.52124446356689,0.911,0.993,2.2084
0.0121,-0.074463,-0.059082,1.280273,5.707092,4.015564,85.702667,1.0001476892019354,0.9872717956841242,0.005067363285306705,1.4146015615481984,0.4236243644007426,123.56291435387917,0.911,0.993,2.2295
0.0122,0.029541,0.065918,1.266846,1.587219,0.963806,84.817657,1.0000693073912894,0.987441586536514,0.005078738819961076,1.4690138465421385,0.37852774082403495,124.59406516626991,0.911,0.993,2.2457
0.0121,-0.013184,0.045898,1.366211,3.387756,3.5578,88.662872,0.9999435417397551,0.9876305505573562,0.005073444998806327,1.5297484790111586,0.3885337618695374,125.66704008619827,0.911,0.993,2.2619
0.0112,0.021729,0.04126,1.343262,4.120178,5.419373,86.587677,0.9999220064902027,0.9876989271949663,0.0050910529201948435,1.5924244621714885,0.3976252872894202,126.6353796342055,0.911,0.993,2.2845
0.012,-0.022705,0.067139,1.543457,-0.365906,0.017761,85.275421,0.9997552526990737,0.9879210793873147,0.0050752194751910356,1.6138089538818539,0.36938655935681625,127.6582239788081,0.911,0.993,2.2991
0.0126,-0.084229,-0.129639,1.159668,0.183411,-2.48468,87.320099,0.9997057338843032,0.9879395885824294,0.00510788188441776,1.5245154944090062,0.349159541019685,128.76163329176012,0.91,0.994,2.3202
0.0122,0.016357,0.031494,1.452881,4.516907,-2.087952,81.155548,0.9996979654011429,0.9879768698482895,0.00512393212144382,1.5877321408441654,0.27725483012751817,129.74844337631356,0.911,0.993,2.3315
0.0111,0.072998,-0.062256,1.325684,1.465149,0.902771,81.308136,0.999856644307976,0.9878654263061187,0.0052109078071420015,1.558589053799329,0.20891340827990185,130.64472920117885,0.911,0.993,2.3477
0.0122,-0.063477,0.048828,1.375,1.06842,1.085876,79.019318,0.9998646551303444,0.9878213099991169,0.005178719502890729,1.5883570748280404,0.2207451961152207,131.6116708693319,0.911,0.993,2.3687
0.012,-0.027588,0.034668,1.276611,4.516907,2.581238,73.434601,0.9999048274424702,0.9877687580782516,0.005169486130965569,1.6524306635709762,0.23207530753264863,132.49402197732348,0.911,0.993,2.3817
0.0123,0.063721,0.017334,1.218018,2.685852,3.43573,70.535431,1.0000197736431877,0.9877059420244805,0.0052164349254990115,1.6853610934404777,0.1971644359092376,133.35656632629647,0.911,0.993,2.4027
0.0121,0.057617,-0.011475,1.29126,0.885315,1.024841,72.091827,1.0001669758628509,0.9876020822082202,0.005270655714193867,1.6773163771820534,0.1389760084249199,134.22382601149766,0.911,0.993,2.4157
0.0121,-0.050293,0.022217,1.217285,3.326721,-0.775696,66.537628,1.0002304097717174,0.987513258731483,0.0052548370691873885,1.7182907481027707,0.12688923234050536,135.0307191550772,0.911,0.993,2.427
0.0113,-0.015381,0.085449,1.174072,0.671692,-2.36261,68.3992,1.0001586669701614,0.9875855861422572,0.005223010455624465,1.767737297160966,0.07646708934622067,135.8023011642126,0.911,0.993,2.4448
0.0123,0.052734,0.089844,1.385986,0.976868,1.909851,66.537628,1.0001382524210634,0.9876425144930784,0.005225408627848913,1.8142259145824726,0.03666965435554678,136.61692167813212,0.911,0.993,2.4545
0.0124,-0.043457,0.072266,1.370361,2.106018,0.048279,60.251007,1.0002221158165847,0.9875505994037248,0.005194932186279144,1.864374900310849,0.02921626660045796,137.36511841597,0.911,0.993,2.4756
0.0113,-0.033691,0.064697,1.211426,1.098938,1.635193,60.312042,1.0002302252640118,0.9875347148754099,0.005167320377188506,1.9012721572050542,0.03700064826964363,138.04794029789403,0.911,0.993,2.4869
0.0122,0.106934,0.103027,1.366699,1.159973,2.886414,58.358917,1.0002238826331447,0.9875938750038517,0.005183798857521491,1.9557638120727079,-0.019483928197696742,138.75437085631646,0.911,0.993,2.4966
0.0119,0.022217,0.006592,1.3125,2.502747,-0.378967,57.32132,1.0002849946969306,0.9875532877670717,0.005209638028659031,1.9710686839230673,-0.06857413929697341,139.43423367917615,0.911,0.993,2.5096
0.0129,0.01001,0.036865,1.263428,3.235168,1.726746,52.133331,1.000488139210517,0.9873897824118681,0.005215642176139832,2.016180615325533,-0.08405212903171606,140.10580539481737,0.911,0.993,2.5177
0.0113,-0.002197,0.017578,1.175049,2.929993,4.809021,50.668488,1.0005522372646114,0.987340037930664,0.005226051471843822,2.041780082159057,-0.05779907153996253,140.67933760193085,0.911,0.993,2.5355
0.012,0.060303,0.048828,1.437988,3.509827,0.689148,50.271759,1.000532449649462,0.987382137973901,0.005245910546195787,2.089945680593518,-0.11040658425829747,141.2790233436521,0.911,0.993,2.5452
0.0122,-0.043213,0.01416,1.422607,1.404114,-0.684143,49.722443,1.0005228529412225,0.9873770671084403,0.005244766135339628,2.09396215437093,-0.12424746352986063,141.88655379810444,0.911,0.993,2.5533
0.0121,0.034912,0.008789,1.234619,1.129456,2.123474,44.656525,1.0006846002560297,0.9872647335364555,0.0052731724070989,2.0929139838546065,-0.14799249068878342,142.42513878408155,0.912,0.993,2.5614
0.0119,-0.086426,0.205811,1.190918,2.746887,3.008484,43.83255,1.0007870838868849,0.9871859048104556,0.005158955600757479,2.2341808353224186,-0.08537167127577237,142.94975667157664,0.912,0.992,2.5679
0.0123,-0.01416,0.098633,1.411621,-0.243835,-2.881409,48.074493,1.0011071755785808,0.986950815521489,0.005132187401609703,2.2625879634061152,-0.14272491025271822,143.53895438344347,0.912,0.992,2.5808
0.012,-0.037109,0.024414,1.322998,0.183411,-0.501038,46.273956,1.001183556682675,0.9868864726179245,0.005129078427490373,2.2565296091593625,-0.1560288130541294,144.09460268323076,0.912,0.992,2.5905
0.0121,-0.007324,0.020996,1.288818,1.221008,-1.569153,47.586212,1.001191526181656,0.9868799020809391,0.005136920984805916,2.261134649527783,-0.20017438016328473,144.66910520819496,0.912,0.992,2.6003
0.0121,-0.020508,-0.027344,1.429443,0.397034,-1.172424,44.412384,1.0012486942432,0.9868289337461104,0.00516150607093898,2.228215141105291,-0.2301012180840119,145.2061915617373,0.912,0.992,2.61
0.0111,0.018799,0.040771,1.320801,1.495667,3.100037,44.290314,1.001437616213315,0.986705749696133,0.00516720178228604,2.2458466714793937,-0.23214409658007007,145.6975387511804,0.913,0.992,2.6164
0.0124,0.002197,0.166504,1.376465,1.617737,-1.630188,40.628204,1.001391166573097,0.9867575912214228,0.00511636613122882,2.334237614703615,-0.2787422945656288,146.19899226945776,0.913,0.992,2.6278
0.0116,-0.00293,-0.041992,1.231445,0.397034,0.963806,41.391144,1.0015157485734025,0.9866632728796636,0.005154203760618046,2.2890974992467097,-0.2915778003139026,146.6794215910671,0.913,0.992,2.6375
0.0121,-0.060791,0.035889,1.242432,2.319641,2.794861,38.675079,1.001448118290134,0.9866962162336315,0.005139017024927382,2.3157083769537956,-0.24550713187967207,147.15039581702985,0.912,0.992,2.6472
0.0121,0.002197,-0.000732,1.378174,2.502747,-1.447083,37.545929,1.0013181017530972,0.9867767194331448,0.005159619306827409,2.321723792305793,-0.2880285695687681,147.60331648297068,0.913,0.992,2.6569
0.012,0.037842,0.083252,1.467773,0.94635,1.696228,36.294708,1.0013540332596398,0.9867686539917104,0.005154496813547512,2.352304394496118,-0.30978307582016645,148.03755737518338,0.913,0.992,2.6634
0.0126,-0.070312,-0.003174,1.193359,0.549622,1.787781,38.278351,1.001586571835083,0.9866034303220728,0.005153445528694668,2.3331223322782964,-0.2683969181061738,148.52304223100037,0.913,0.992,2.6731
0.0114,-0.026855,0.059814,1.267578,1.404114,-1.35553,37.210236,1.0017909289082034,0.9864787348362721,0.005137114356092908,2.3614365326321387,-0.29082218350393135,148.94689380911169,0.913,0.992,2.6796
0.0121,0.055176,0.010254,1.2854,0.641174,-0.562073,36.325226,1.0017883387667175,0.9864885150868419,0.00516493916549085,2.3511588742112974,-0.3540726133360771,149.38338736500938,0.913,0.992,2.6861
0.012,0.052734,0.045654,1.291992,0.671692,0.261902,35.01297,1.0017877141697162,0.9865024576584076,0.005175994934072902,2.3617824945623953,-0.4042719898920846,149.8009490718373,0.913,0.992,2.6958
0.0125,-0.123291,-0.070801,1.244873,1.556702,0.780701,36.111603,1.0020168976911326,0.9863250498605842,0.005193584281394819,2.313267198254492,-0.3428169223087841,150.25760822218118,0.914,0.992,2.7039
0.0123,-0.00293,0.075439,1.27124,1.404114,1.787781,35.165558,1.0021384451479152,0.9862637451485712,0.005176778158297079,2.3518254696090857,-0.34202109871799696,150.69040000633268,0.914,0.991,2.712
0.0111,-0.019775,0.012939,1.348389,1.404114,-1.569153,32.602081,1.0022719955332628,0.9861822097017353,0.005183945974772461,2.3505462370107546,-0.3676535238436337,151.05174036455114,0.914,0.991,2.7168
0.012,0.01709,0.047363,1.197266,3.113098,-3.705383,39.956818,1.0023544844065035,0.9861443962091015,0.005183103388765251,2.3929387370803834,-0.4477845314333824,151.52787800116462,0.914,0.991,2.7249
0.0121,-0.021484,-0.144775,1.440674,0.641174,0.933289,40.445099,1.0023806633489907,0.9860953241990825,0.005250499228212543,2.2984489171762466,-0.4487919334834502,152.01820170901024,0.914,0.991,2.733
0.0122,0.007568,0.036621,1.212646,2.136536,2.276062,37.332306,1.0024089066282136,0.9860840715544908,0.005252254089465878,2.32284342707398,-0.4489854919460706,152.4736481915584,0.914,0.991,2.7395
0.0118,0.045166,0.05835,1.336426,1.129456,-0.501038,35.074005,1.0024027630481636,0.9861006105440742,0.0052540052357965454,2.3445468258873157,-0.5010602579557967,152.88460320038848,0.914,0.991,2.7508
0.012,0.065186,-0.016113,1.248291,1.282043,4.412292,39.468536,1.002475226159034,0.9860656393217769,0.005289936475324248,2.3245252242935845,-0.5116436901930947,153.35686255307917,0.914,0.991,2.7589
0.0132,-0.037109,0.048828,1.128662,2.167053,0.139832,37.759552,1.0023723641289577,0.9861152811941544,0.005276117231019169,2.3603820953675507,-0.5095357346424984,153.85645818121063,0.914,0.991,2.7654
0.0109,0.038818,0.038086,1.341064,3.204651,0.506042,43.924103,1.0025306893009875,0.9860445848066238,0.0052827356717462136,2.3904732530307338,-0.5490020653129319,154.3331244913197,0.914,0.991,2.7751
0.0121,-0.10791,-0.058105,1.420898,2.0755,-1.325012,40.445099,1.0023306904049698,0.9861031552049873,0.005304596505162989,2.357245412600645,-0.5296061299740723,154.8264011832697,0.914,0.991,2.7816
0.0124,0.045898,-0.020264,1.240723,1.678772,-3.522278,39.773712,1.002213620875084,0.9861544663394454,0.005338648160846815,2.3390142439719748,-0.6248836050117558,155.31496065627127,0.914,0.991,2.7929
0.0115,0.036865,0.036865,1.375,4.394836,1.482605,44.046173,1.0022512088693791,0.986143122418094,0.005345907312199454,2.382282221276115,-0.650926110346412,155.81986919169344,0.914,0.991,2.801
0.012,-0.138428,-0.030273,1.266357,2.167053,0.261902,42.733917,1.0022432874738139,0.9861059629068679,0.005350071385369118,2.3623446365100027,-0.5882589424312759,156.33986099576614,0.914,0.991,2.8042
0.0123,0.080566,0.091797,1.59082,1.129456,-0.012756,37.210236,1.0023519694921097,0.9860778246310672,0.0053451907955620595,2.392968167271665,-0.6466693989279094,156.79360032088172,0.914,0.991,2.8091
0.012,0.039307,0.099854,1.328369,2.380676,1.726746,33.609161,1.0023931743715564,0.9860814385210632,0.005327986535173872,2.4517128902387153,-0.667236450427589,157.19515694388417,0.914,0.991,2.8188
0.0124,0.004639,0.047119,1.212158,1.83136,2.062439,29.3367,1.0024718294486283,0.9860528247513384,0.005323813065863579,2.477138199601598,-0.6627744796012441,157.55921782595135,0.914,0.991,2.8318
0.0119,0.009766,0.086426,1.431152,0.702209,-1.294495,33.944855,1.002484415721626,0.9860594511612275,0.005310192398657194,2.503451811199948,-0.7015333855415326,157.96147253513666,0.914,0.991,2.8399
0.0111,-0.022705,0.042236,1.291504,1.190491,0.353455,29.916534,1.002432656569421,0.9860783245688411,0.0053068870619368885,2.5141789405915755,-0.7001156124869395,158.29431786464696,0.914,0.991,2.8415
0.0121,-0.015137,0.049561,1.335693,0.915833,-0.623108,25.522003,1.00242264896123,0.9860828025288161,0.0053021041251160176,2.526213079344448,-0.7135679314501113,158.60306117011166,0.914,0.991,2.8415
0.0121,0.009277,0.079346,1.261963,0.885315,-1.325012,22.012482,1.0024278466350094,0.9860939872155561,0.005287973026775101,2.557926546012636,-0.7482156462693546,158.86779952540178,0.914,0.991,2.8415
0.0125,-0.030762,0.031738,1.350098,1.404114,0.811218,16.092072,1.0050221072056411,0.9850845869980559,0.005252561403291276,2.5666987543470254,-0.7303207842331972,159.07041866923606,0.914,0.991,2.8431
0.0113,0.018311,0.110107,1.323975,4.181213,-6.299377,2.542267,1.004411093923216,0.9853404820433063,0.005238485352653883,2.6523044110324614,-0.8134286101175763,159.09491855372178,0.914,0.991,2.8399
0.0121,0.276611,0.187988,1.489502,-0.518494,3.405212,1.443634,1.0042558296090764,0.9854639364363317,0.005223814709846655,2.7138491983311956,-0.9085531302908956,159.10518422056097,0.914,0.991,2.8463
0.0123,-0.055176,0.063232,1.260254,3.601379,2.337097,0.924835,1.004261703954145,0.985460652218628,0.005209859353448054,2.770371144918913,-0.846860636807199,159.11933362835356,0.914,0.991,2.8593
0.0123,-0.035645,-0.015381,1.346436,-3.112488,1.330017,9.866486,1.0041132230267376,0.985494786568067,0.005229475125651059,2.695856146302009,-0.8158690999559077,159.24315429632415,0.914,0.991,2.8658
0.0122,-0.045166,0.123779,1.494873,-2.319031,1.879333,9.988556,1.004061508194996,0.9855283494402692,0.00520320035567005,2.703489611783535,-0.7749550157236732,159.36655589724867,0.913,0.992,2.8674
0.0111,0.009766,-0.029053,1.304688,-1.495056,-4.681946,6.051788,1.0041029556091448,0.9854930740881832,0.005228874012570586,2.6438705483490925,-0.8358608306562454,159.4316102493754,0.913,0.992,2.869
0.012,0.019043,0.030518,1.335938,0.885315,0.017761,9.622345,1.0040911607975893,0.9854961627573995,0.0052353707753774745,2.6453444789749723,-0.8516313728540503,159.5465262537327,0.913,0.992,2.869
0.0125,-0.002197,-0.05249,1.338623,-1.128845,0.963806,8.55423,1.004078239633616,0.9854746881920095,0.005267343478366264,2.575114863092085,-0.8430216774413116,159.6549866869064,0.913,0.992,2.8722
0.0121,-0.063721,0.010498,1.285889,2.655334,-0.378967,9.866486,1.0039626586587125,0.9855009227359104,0.0052730080016508175,2.587446012028263,-0.815128819807914,159.77671693959428,0.913,0.992,2.8739
0.0124,-0.000732,-0.01123,1.341553,2.96051,2.581238,9.011993,1.003895083352816,0.9855108709056316,0.005291879926344434,2.591566178362822,-0.7881204802966789,159.89017756527818,0.913,0.992,2.8771
0.011,-0.044678,-0.030762,1.300049,0.915833,-1.202942,10.720978,1.0038401284266232,0.9855058721438796,0.005312331424583747,2.5577558415520576,-0.7808328256689301,160.00962545094214,0.913,0.992,2.8787
0.0136,-0.073486,-0.050293,1.221191,1.312561,-2.393127,17.678986,1.003797462496036,0.9854864033568956,0.0053363874077805035,2.517102127167352,-0.778919234600611,160.25208243094872,0.913,0.992,2.8803
0.011,-0.103271,-0.040039,1.36499,1.221008,-2.972961,26.925812,1.005848413085743,0.9847173200143371,0.005324986811398998,2.4805839526619398,-0.7667619310234896,160.55121010310458,0.913,0.992,2.8868
0.0121,-0.091553,-0.077881,1.215332,-2.135925,-5.048157,34.616241,1.0059338870789538,0.9846439664586625,0.005356322416973972,2.377904947208786,-0.7891375287498361,160.97137215064532,0.913,0.992,2.89
0.0125,0.06665,-0.02417,1.38916,1.098938,-3.308655,30.679474,1.005587470020393,0.9847557497733449,0.005385657308211286,2.3507133416927726,-0.8824577547745973,161.34891693123353,0.912,0.992,2.89
0.0114,0.091797,0.073242,1.262451,2.685852,0.994324,27.383575,1.0055986327549276,0.9847729233036433,0.005380276989212783,2.3986939504289166,-0.938933737366918,161.65615166764886,0.912,0.992,2.8998
0.0116,0.0271,0.051758,1.256836,1.282043,-2.087952,30.526886,1.00587930814532,0.9846874326763216,0.005372215810479584,2.416870446995092,-0.9932865865724497,162.00755373074543,0.912,0.992,2.9095
0.0126,0.036133,-0.004883,1.460938,1.282043,-1.874329,29.794464,1.006161686554256,0.9845878954866597,0.005382487494853033,2.4010761233810363,-1.0487164934244582,162.3802780937961,0.913,0.992,2.916
0.012,-0.055176,0.070068,1.178467,2.807922,-0.409485,28.634796,1.0062341958563863,0.984566896839309,0.005364861482347665,2.4515443513357984,-1.0309398318706393,162.72684259995702,0.913,0.992,2.9208
0.0115,-0.017334,0.023926,1.334961,1.70929,-2.301575,25.918732,1.0063043174706139,0.9845376701984566,0.005367247649452092,2.456499324234117,-1.057639257032148,163.0246601933658,0.912,0.992,2.9224
0.0125,-0.01123,0.063965,1.384766,-0.091248,-4.712463,31.869659,1.0060871478669196,0.9846074103321917,0.005363961952743399,2.4601740662919234,-1.1237433033778765,163.42112664400364,0.912,0.992,2.9289
0.0121,0.043701,0.003662,1.202881,0.244446,0.872253,24.270782,1.005877697758793,0.9846660715553496,0.005381362159124297,2.4371151216416758,-1.1513084792237775,163.71274233924316,0.912,0.992,2.9289
0.0112,0.104248,0.07666,1.301514,0.06134,1.848816,20.486603,1.005768088624044,0.9847219845282205,0.005377838940360194,2.4553222292780745,-1.1978355720552216,163.93778290257308,0.912,0.992,2.9338
0.013,0.02124,0.132568,1.298828,0.519104,2.794861,17.984161,1.0056101425867918,0.9847955748423949,0.005354173062517022,2.511834535042068,-1.1804684542424655,164.17174760610453,0.912,0.992,2.9354
0.0112,-0.044678,0.089355,1.416748,0.793762,0.567078,15.60379,1.0056093644627564,0.9848013338195435,0.005339204618885524,2.541525173431483,-1.15349093118153,164.3485826419081,0.912,0.992,2.9419
0.0123,-0.009521,0.063965,1.248047,-1.159363,-5.444885,16.183624,1.0055428760405374,0.9848252751239269,0.005331850571593807,2.5389108196639314,-1.2196760091339993,164.54511459452516,0.912,0.992,2.9516
0.0122,0.094971,-0.114014,1.118164,0.641174,4.778503,14.291534,1.0056033693490707,0.9847721702467338,0.005385698867764098,2.4434511322346135,-1.2313017885148703,164.71809755318665,0.912,0.992,2.9532
0.0121,0.016846,0.123047,1.424805,0.213928,-0.104309,8.767853,1.005498273041501,0.9848215938931753,0.005367409685531839,2.4864998192784733,-1.2411430606794391,164.82312501509793,0.912,0.992,2.9548
0.0113,-0.043945,0.109375,1.253906,1.282043,-1.080872,2.328644,1.0054523629503207,0.9848475013801162,0.005344741573300381,2.5435428789165195,-1.223886390359329,164.85056171303162,0.912,0.992,2.9548
0.0121,0.033691,0.137207,1.324219,1.404114,1.909851,0.955353,1.005409229454112,0.9848896411214789,0.005320631104212135,2.6148131701378423,-1.2165999820656093,164.86155495814577,0.911,0.992,2.9564
0.0123,0.125488,0.108154,1.29541,-0.152283,-0.562073,-2.340546,1.0053717628442607,0.9849349803901865,0.005308729993368329,2.6522032476706268,-1.2911536690772258,164.82783694804633,0.911,0.992,2.9564
0.0119,0.006592,0.056641,1.331299,-0.304871,-1.294495,-3.866425,1.0053201969136432,0.9849524060224625,0.00530625453348587,2.657222977955782,-1.3031497350992889,164.78103699552804,0.911,0.992,2.9564
0.0125,0.019531,0.037598,1.241455,-0.030212,1.879333,-4.659882,1.0052876541524374,0.984962377447278,0.005308437089195464,2.656483132989661,-1.2848674495539376,164.72355393944636,0.911,0.992,2.9564
0.012,0.009521,0.005127,1.376709,-1.128845,-0.59259,-2.889862,1.007020717166093,0.9844785029091062,0.005278303639944342,2.6216689875227495,-1.2905097887357702,164.68911441706788,0.911,0.992,2.9597
0.0119,-0.012451,-0.014893,1.208252,-0.213318,-0.378967,1.352081,1.0063496494017787,0.9846435798905986,0.005308568807402238,2.585096616806302,-1.283839630171838,164.7064671672121,0.911,0.992,2.9564
0.012,-0.042236,-0.060303,1.339355,1.129456,1.787781,5.929718,1.0056816218572944,0.9847926711636319,0.005348356111901896,2.5384581405053197,-1.2369551016876417,164.78152576156435,0.911,0.992,2.958
0.0122,0.013428,-0.048584,1.344971,-2.319031,7.280945,10.995636,1.0062121849621048,0.9846269273804916,0.005359528399655855,2.4563341158897085,-1.1582545218482558,164.9200363740817,0.911,0.992,2.9645
0.011,-0.431152,-0.268066,1.24707,0.671692,-0.012756,14.016876,1.0062543966868818,0.9845074761689772,0.0054164250269142745,2.294302684322353,-0.9269110766502093,165.09398082798484,0.911,0.992,2.9678
0.0122,0.094971,0.099609,1.289307,2.746887,0.261902,10.873566,1.006397946938792,0.9844882261075406,0.005401220264714446,2.3627571832767003,-0.9838476090617809,165.22220976673302,0.911,0.992,2.9694
0.0123,0.09668,0.053223,1.320312,2.0755,4.839539,12.399445,1.0064327119671035,0.9844851859146522,0.005400325518188955,2.3942786233503934,-0.98519082164755,165.3723097272486,0.911,0.992,2.9726
0.0125,-0.07251,-0.012207,1.371826,1.312561,0.902771,20.089874,1.0062238992108072,0.984524537636638,0.0054138678168897565,2.377207288221457,-0.9421271134303655,165.62725888687527,0.911,0.992,2.9759
0.0112,-0.097412,0.000244,1.234863,0.122375,2.733826,22.16507,1.0077705266814676,0.9841177107863933,0.005394761359441783,2.35300881431748,-0.8614061801331753,165.88178828484254,0.911,0.992,2.9807
0.0124,-0.030762,-0.044434,1.270508,1.190491,5.999207,17.923126,1.0073081345201231,0.9842127741414454,0.005421676611568478,2.316102982828854,-0.7784505896319638,166.10743189456625,0.91,0.992,2.9791
0.0122,0.0,0.009277,1.339355,0.94635,-0.531555,14.535675,1.0067691759294295,0.9843387447530973,0.0054359979718702585,2.309002406589533,-0.7923812090781246,166.28392742208013,0.91,0.992,2.9807
0.0123,-0.040039,0.029541,1.19751,0.854797,-1.4776,16.244659,1.0068671832942635,0.9843151484378315,0.005434446562559881,2.31446272808351,-0.7940226740734908,166.48524652657707,0.91,0.992,2.9856
0.0116,-0.013184,0.058105,1.351562,1.282043,0.811218,19.479523,1.0071221153770402,0.984259599329509,0.005425924735833568,2.337460901810839,-0.7864632739660525,166.71247826089075,0.91,0.992,2.9937
0.0122,-0.007568,0.00293,1.327881,0.610657,0.017761,23.813019,1.0073534922154235,0.9841958120170089,0.005430634896422912,2.3209299597233404,-0.7940304912040144,167.0025730625489,0.91,0.992,2.9985
0.0112,0.015869,-0.032715,1.407715,0.702209,4.046082,19.723663,1.0074851206723332,0.9841458131365332,0.005444833402883391,2.286461580389092,-0.7665588746439282,167.22304831269923,0.91,0.992,3.0001
0.0121,-0.019531,0.001465,1.280029,1.06842,0.963806,17.282257,1.007428537557241,0.9841504796780911,0.005453329166359805,2.276404206451549,-0.7525758912881086,167.43296097704427,0.909,0.992,3.0034
0.012,0.032715,0.024414,1.280762,0.976868,0.41449,18.411407,1.0073691252884258,0.9841579493048245,0.005457230918226162,2.2788072892499875,-0.7769086568614344,167.65160994465865,0.909,0.992,3.005
0.0122,0.018311,0.062988,1.393799,0.610657,-0.195862,20.089874,1.007218978771735,0.9841957402954168,0.005454440778610272,2.296195663397345,-0.7990048785078234,167.89578379460036,0.909,0.992,3.0082
0.012,0.081787,0.083496,1.252686,1.373596,3.344177,14.47464,1.0070888536823572,0.9842301346223059,0.005446546003053177,2.339705898071816,-0.8164249482252162,168.06668407598366,0.909,0.992,3.0099
0.0121,-0.002197,0.080322,1.383545,1.282043,3.771423,9.56131,1.0068881417651572,0.9842834391550913,0.005440925855544554,2.3759340501981447,-0.774480803623834,168.18469052220118,0.909,0.992,3.0147
0.0122,-0.042725,0.052002,1.292969,0.915833,-0.043274,7.608185,1.0066776226053689,0.9843353068567393,0.005439750279394891,2.3944978008927364,-0.7543253242009768,168.2798043812715,0.909,0.992,3.0163
0.0114,-0.00415,0.039551,1.300049,0.671692,0.994324,7.150421,1.0065409533921772,0.9843643928307982,0.005441162260877805,2.4020878844753306,-0.7449548772392407,168.36188078484574,0.909,0.992,3.0196
0.0121,-0.01001,0.069336,1.312256,0.702209,-1.019836,8.706818,1.0063981222617375,0.9844035830540334,0.005436257915511015,2.427149133502063,-0.7566122754990556,168.46748479291506,0.909,0.992,3.0228
0.012,-0.031982,0.055908,1.276855,0.458069,-2.820374,11.026154,1.006278758629624,0.9844358245559078,0.005433216546541309,2.4417936132370985,-0.7775465649248385,168.6000525927957,0.909,0.992,3.0244
0.0121,0.009277,-0.029541,1.307861,-0.213318,1.54364,14.718781,1.006245021537939,0.9844212932079116,0.005448334742654721,2.397017955015507,-0.7726522079333297,168.77727365300257,0.908,0.992,3.026
0.0121,0.025391,-0.059326,1.421875,-0.304871,2.092957,14.566193,1.0062337749929549,0.9843943326064372,0.005468382408017806,2.3369097275191306,-0.7685453042843058,168.95191461187636,0.908,0.992,3.0277
0.0122,-0.018555,-0.034912,1.23999,1.343079,1.513123,11.544952,1.0061685525810886,0.9843880274604877,0.0054841281832742625,2.3083969455417748,-0.7457851681829402,169.0933653681427,0.908,0.993,3.0293
0.0122,0.015381,0.048584,1.330566,1.556702,-0.531555,11.880646,1.006066563619337,0.9844088882398562,0.005483624224863793,2.3318585475861426,-0.7676036432869187,169.23716572770667,0.908,0.993,3.0325
0.0113,0.010498,0.013428,1.318848,1.190491,-0.653625,15.237579,1.0059775920197753,0.9844177710353965,0.005489919347264953,2.329133068823359,-0.7885880433457984,169.40798428421527,0.907,0.993,3.0341
0.0123,-0.001221,0.020996,1.333008,1.159973,-1.508118,17.831573,1.0058169660507372,0.9844432098302145,0.0054954508658500685,2.3307257748158072,-0.8154106814708663,169.62626111060257,0.907,0.993,3.039
0.0124,0.004639,-0.038818,1.299072,0.885315,2.977966,16.061554,1.0056817856080256,0.9844453696064782,0.005512677626591554,2.2945607404139756,-0.789981853482978,169.8255239619453,0.907,0.993,3.0406
0.012,-0.051514,0.015137,1.357666,0.641174,1.055359,15.268097,1.0054485486847369,0.9844875640720125,0.005518872961752892,2.286984456914299,-0.7559003592960208,170.01179723801587,0.907,0.993,3.0438
0.0122,-0.048584,0.035645,1.260986,0.335999,-1.172424,15.908966,1.0052291161459932,0.984533067062658,0.00552021903497012,2.289123774030837,-0.7494292535489908,170.20812941772772,0.907,0.993,3.0519
0.0111,-0.029785,0.065674,1.341553,-1.037292,1.146912,21.249542,1.005359572525597,0.9845225880569812,0.005512366653482703,2.2908592983846594,-0.7298738723199766,170.44647840560657,0.908,0.993,3.0584
0.0121,-0.195312,-0.064209,1.229492,-1.678162,-1.965881,24.148712,1.0054856669372696,0.9844992348088331,0.005525839406017436,2.207490344925339,-0.6475320696098666,170.74711753141744,0.907,0.993,3.0633
0.0121,-0.003174,0.025635,1.293213,-0.457458,0.628113,18.411407,1.005539932515306,0.9844877874013378,0.005526839013335321,2.1944700058951416,-0.6486838600062514,170.9697636633112,0.907,0.993,3.0649
0.0121,-0.029053,0.003906,1.205322,1.678772,2.855896,13.162384,1.0055397724495616,0.9844834981907779,0.005531986445079242,2.1954561775442354,-0.6048631897092474,171.13096185683986,0.907,0.993,3.0665
0.0123,-0.021729,0.064453,1.253906,1.648254,-0.501038,10.69046,1.0054451863411968,0.984511889935111,0.005526610459665324,2.2333555033241734,-0.6054973041506131,171.26426420288996,0.907,0.993,3.0665
0.0121,-0.027832,0.101562,1.366211,0.94635,-0.287415,8.920441,1.0053252995684332,0.984554350605713,0.0055161676324533655,2.2795243266798493,-0.5995817360452491,171.37533103001405,0.907,0.993,3.0665
0.0121,-0.009277,0.11084,1.201904,1.678772,-0.714661,5.319366,1.0052015604132933,0.9846021723893649,0.00550207527671308,2.348266024210338,-0.607965544332886,171.44231435104612,0.907,0.993,3.0665
0.012,0.034668,0.117676,1.331543,0.488586,-0.684143,0.98587,1.005113005162224,0.9846361093953111,0.00548970011617456,2.399310160641001,-0.6384642019516695,171.45439684685383,0.907,0.993,3.0681
0.0113,0.003906,0.073975,1.314209,-0.1828,1.055359,-1.363983,1.0050738221874909,0.984653028492414,0.005483940156255345,2.418079634326632,-0.6302792320340779,171.44020863741238,0.907,0.993,3.0681
0.0122,0.015869,0.048584,1.285645,-1.18988,0.200867,-2.523651,1.0050596864667112,0.9846560510025048,0.0054824498763488575,2.4105119202302183,-0.6382664738701169,171.40898704565927,0.908,0.993,3.073
0.0121,0.041504,0.08252,1.357422,-1.342468,0.109314,-1.760712,1.0050138291130806,0.9846703489810326,0.0054765444499986675,2.4185099504469774,-0.6610314992839718,171.38703514411307,0.908,0.993,3.073
0.0122,0.005371,0.045654,1.295166,-0.274353,-1.630188,-0.784149,1.0051638446140303,0.9846490977506919,0.00547358134924023,2.419830013622567,-0.6853594763986431,171.37649002861684,0.908,0.993,3.073
0.0123,0.021973,0.003418,1.317139,0.274963,-0.134827,-1.089325,1.0052014368021691,0.9846293319882571,0.0054795401716141185,2.402880906783903,-0.7007169378786402,171.3612167248407,0.908,0.993,3.073
0.0121,0.043945,-0.041016,1.335938,0.793762,0.933289,-2.310028,1.0051418335777746,0.9846083740655149,0.005494387481731343,2.367057919289202,-0.714768800862556,171.33014428197467,0.908,0.993,3.0714
0.0112,0.038818,-0.033447,1.290039,1.221008,1.055359,-2.554169,1.0052122254786384,0.9845707802732669,0.0055062575536664595,2.3394243057759025,-0.7262768365032525,171.29877312191593,0.908,0.993,3.073
0.012,-0.001953,0.007324,1.358398,0.976868,0.780701,-1.638641,1.0052950827919354,0.9845494620269633,0.005510212777414651,2.3337112175008814,-0.7159553672932517,171.27900556891666,0.908,0.993,3.0746
0.0124,-0.012207,0.051514,1.293457,0.732727,-0.012756,-0.814667,1.005347079278386,0.9845471500590239,0.005506909383961035,2.351712250175478,-0.7098353878798834,171.26965101938026,0.908,0.993,3.0746
0.012,-0.034668,0.057861,1.278076,0.458069,0.53656,1.657257,1.005378152050123,0.9845531975570809,0.005502410941615647,2.3697792181857587,-0.6850872698500653,171.2917336326112,0.908,0.993,3.0762
0.0124,-0.046631,0.005127,1.327148,-0.701599,-0.104309,4.64798,1.0054313380864044,0.9845418247632773,0.005506294163864468,2.3415005908679407,-0.6633232356270174,171.35067150007185,0.908,0.993,3.0762
0.011,-0.028564,-0.028809,1.310791,-0.732117,0.53656,5.044708,1.0054823661089642,0.9845192363932473,0.005515743992432958,2.294571094907903,-0.644908782107513,171.4061761439182,0.908,0.993,3.0778
0.0121,0.005615,0.000244,1.321045,-0.549011,-0.34845,6.509552,1.0055523278166398,0.9844974382235346,0.005520705259031872,2.266136667795567,-0.6573618280204963,171.4834839436657,0.907,0.993,3.0795
0.0119,0.01123,-0.031982,1.288574,0.06134,0.078796,9.774933,1.0056448403802491,0.9844629243275024,0.0055304169470930835,2.22588322105454,-0.6696651355586949,171.59754343862537,0.907,0.993,3.0811
0.0123,0.010742,-0.033936,1.341553,0.610657,1.482605,11.544952,1.0057066821902763,0.9844336396644116,0.005540375883477639,2.191953825771134,-0.6647645287809513,171.73803344388267,0.907,0.993,3.0827
0.0121,-0.002441,-0.020264,1.321533,1.617737,2.092957,9.43924,1.0057385759411497,0.9844146653966406,0.0055483559172459455,2.178262116641682,-0.644376451213638,171.85200567463562,0.907,0.993,3.0843
0.0122,-0.026611,-0.00293,1.334717,2.167053,1.482605,8.371124,1.0056809407421214,0.9844176743345986,0.005554341611534779,2.181661468456191,-0.6169541098514086,171.9553547371918,0.907,0.993,3.0859
0.0121,-0.01416,0.013184,1.261963,1.556702,0.078796,9.225616,1.0056124733757812,0.9844240002075454,0.005558015035871224,2.1872414482977596,-0.6142655017137689,172.06713530993764,0.906,0.993,3.0876
0.0121,-0.01709,0.024658,1.324951,0.763245,-0.440002,12.674103,1.0054874145053838,0.9844414895599021,0.005560662669797014,2.188911343117674,-0.6176745866670402,172.22077805794228,0.906,0.993,3.0876
0.012,-0.016846,0.037109,1.284912,0.458069,-0.684143,16.153107,1.0053435315943728,0.984464824011008,0.005561510194504946,2.1943334733857456,-0.6255333311345053,172.415049993206,0.906,0.993,3.0908
0.0122,-0.023193,-0.023438,1.295898,-1.06781,1.238464,20.700226,1.0051743328569713,0.9844760627674398,0.005571399672149269,2.1448585285618327,-0.6087465311176047,172.66785269203882,0.906,0.993,3.094
0.012,0.006836,-0.021973,1.371094,-0.701599,1.635193,18.38089,1.0050249562913858,0.9844787239387489,0.005580988844165163,2.102297712092202,-0.6033026612582771,172.887100902084,0.906,0.993,3.0957
0.0111,-0.049561,-0.003418,1.249512,0.488586,-0.34845,16.36673,1.0047839069629918,0.9845106153288149,0.00558771612437221,2.0847191205800266,-0.5862960695779619,173.07069608338423,0.906,0.993,3.0989
0.0119,-0.030273,0.035156,1.318115,1.495667,-1.416565,18.075714,1.0045525289291506,0.9845455199076387,0.005589241921470566,2.1015169510377967,-0.5957405812453597,173.28679853364739,0.905,0.993,3.1037
0.0122,-0.010986,-0.008057,1.380127,1.404114,-2.271057,20.974884,1.00443845760905,0.9845493808080304,0.005595964802873939,2.0920770534418107,-0.6284480207719759,173.5409191587824,0.906,0.993,3.1118
0.0123,-0.00415,-0.029053,1.330078,-0.365906,0.933289,25.735626,1.0045312419672403,0.9845223454361245,0.00560337625657659,2.0484751429551364,-0.6281795612760798,173.85609778868692,0.906,0.993,3.1167
0.0122,-0.056152,0.052979,1.202637,1.312561,1.2995,20.181427,1.0045544286705337,0.9845413168680277,0.005598453410103556,2.076933220957131,-0.588538799043991,174.10719970368578,0.906,0.993,3.1183
0.012,-0.023682,0.030518,1.340576,0.366516,0.109314,15.756378,1.004628422052357,0.984537899044115,0.005597715754724154,2.07781266548843,-0.5828927165983523,174.297379516046,0.905,0.993,3.1199
0.0121,-0.004639,0.105957,1.316406,0.397034,-0.043274,14.230499,1.0045915932685496,0.9845628089271568,0.005588361494913225,2.123140472406082,-0.5894348966238886,174.47168944092974,0.905,0.993,3.1199
0.0122,-0.006592,0.127197,1.186768,0.183411,-2.24054,10.537872,1.0044878291851527,0.9846052269289005,0.005575247166262581,2.186174418043256,-0.6203351803941727,174.60248110934867,0.905,0.993,3.1216
0.0113,0.151367,0.183838,1.352051,0.580139,-0.043274,6.753693,1.0044625106537197,0.9846187035124493,0.00555946209258342,2.2731887610954478,-0.708712900963953,174.67496230159807,0.905,0.993,3.1232
0.012,0.081299,0.052246,1.330078,-0.854187,1.268982,7.150421,1.0044638961842465,0.9846078915714053,0.005558734456682981,2.2709700376455713,-0.7445932838011418,174.75785077792082,0.905,0.993,3.1264
0.012,0.065186,0.01001,1.302979,-0.304871,0.750183,6.326447,1.0044654876864998,0.9845885593180332,0.005563132381631759,2.251431934480699,-0.7777486638818808,174.83063411404447,0.905,0.993,3.128
0.0127,0.042969,0.003174,1.346924,-0.487976,2.520203,5.716095,1.004445140273385,0.9845738932113328,0.00556828326049418,2.2253967448004883,-0.773646771091064,174.90206265338955,0.905,0.993,3.1296
0.0112,-0.004395,0.019775,1.285156,0.06134,0.383972,5.410919,1.0043940723966105,0.9845752871253404,0.005570775302980891,2.216670941303373,-0.7699217344055446,174.96278533300938,0.905,0.993,3.1313
0.012,-0.028809,0.058105,1.294922,1.373596,0.445007,2.87796,1.004305648513776,0.9845943367044016,0.005568517272320261,2.246446817934501,-0.7497708537231406,174.99905671076178,0.905,0.993,3.1329
0.0122,-0.029053,0.056396,1.313721,1.587219,-0.195862,0.467072,1.0042239369966028,0.9846120415293633,0.005566565902734456,2.2776398547813974,-0.7363375617114798,175.00614723326072,0.905,0.993,3.1345
0.012,-0.035645,0.032471,1.304688,1.221008,0.231384,-1.486053,1.0041511866863229,0.9846236308922218,0.005567315603304403,2.2904270018638675,-0.7130949169828698,174.98988165391177,0.905,0.993,3.1361
0.0121,-0.030273,0.029297,1.316406,0.671692,0.445007,-0.997772,1.0041016033499375,0.9846311953294962,0.005568287376605833,2.294512762053555,-0.6909590806550423,174.9791460807559,0.905,0.993,3.1377
0.0123,-0.051025,0.033447,1.271729,0.000305,-0.256897,2.115021,1.0040414117264393,0.984645365591391,0.005568300978459646,2.293241743787685,-0.6662428126273016,175.0071496873721,0.905,0.993,3.1377
0.012,-0.04834,0.015625,1.317139,-0.976257,0.719666,4.464874,1.0040010127143721,0.9846518708399569,0.005570382431819682,2.2689710637242335,-0.633502098517723,175.06258991306524,0.905,0.993,3.1377
0.0114,-0.025391,0.022217,1.289795,-0.274353,0.872253,3.000031,1.0039833315913493,0.984654145831167,0.005571724720334751,2.2578439612302965,-0.6122164251982913,175.09783422912452,0.905,0.993,3.1377
0.0121,-0.005859,0.032471,1.317383,0.030823,-0.012756,0.98587,1.0039779917013432,0.9846540560809272,0.0055721350169264045,2.2561451751703334,-0.6117054074261518,175.10976010637586,0.905,0.993,3.1377
0.0121,0.008057,0.006836,1.300049,0.183411,-0.195862,0.650177,1.003996112013158,0.9846418384677758,0.005575442530524734,2.24158693551319,-0.6214894787137685,175.11636659744948,0.905,0.993,3.1377
0.0121,0.016113,-0.004883,1.320312,0.976868,-0.409485,1.199493,1.0040313327513422,0.984623451840082,0.005579987189316272,2.229737377500689,-0.6384437958839442,175.1289564377584,0.905,0.993,3.1377
0.0121,0.00415,0.008057,1.322754,1.190491,0.41449,1.260529,1.0040512312734817,0.9846126123133395,0.005582980250731684,2.228006822042574,-0.6384433942494224,175.14350753407976,0.905,0.993,3.1377
0.0123,-0.003418,0.019287,1.309326,0.915833,0.811218,1.199493,1.0040722043798194,0.9846064221011956,0.0055845253545127715,2.2298042217819156,-0.6292064225183089,175.15832443557275,0.905,0.993,3.1377
0.0118,-0.005371,0.022461,1.317139,0.702209,0.292419,0.589142,1.0040955562236584,0.9846013070503172,0.005585660504194785,2.230483104760487,-0.6250450757927115,175.16524414994274,0.905,0.993,3.1377
0.012,-0.003906,0.04248,1.314697,-0.091248,-0.043274,0.833282,1.0041035790382158,0.9846026015977581,0.005584784170551718,2.233480289378551,-0.6258202716317537,175.17536103705802,0.905,0.993,3.1377
0.012,-0.010742,0.048828,1.299561,-0.121765,0.048279,1.138458,1.0040975859696335,0.9846083332527029,0.005583215543205498,2.240082773362865,-0.6216991740121649,175.18962132486482,0.905,0.993,3.1377
0.0122,-0.021484,0.047852,1.318604,-0.396423,-0.012756,0.558624,1.004085818656188,0.9846162702114764,0.005581747031454991,2.2423370148873527,-0.6118293021737561,175.19745798091773,0.905,0.993,3.1377
0.0121,-0.009033,0.037109,1.316406,-0.1828,0.170349,0.345001,1.0040877707033908,0.9846175904488869,0.005581475307610156,2.241024126108256,-0.6069863880357419,175.20196605942994,0.905,0.993,3.1377
0.0111,0.003662,0.005615,1.309082,0.152893,0.170349,0.192413,1.0041137781864815,0.9846059791723222,0.005584419779941421,2.22541688962832,-0.609722734630515,175.20325907610973,0.905,0.993,3.1377
0.013,0.011719,-0.009277,1.317627,0.305481,0.353455,0.131378,1.0041595294763872,0.9845874150200238,0.0055887505785990645,2.2035313393014535,-0.6143592482941171,175.2036144216237,0.905,0.993,3.1377
0.0115,0.01001,0.006104,1.324707,0.732727,0.53656,0.039825,1.0041886914429516,0.9845747665821653,0.0055915910418498855,2.1951859482019724,-0.6162573853231149,175.20316037092226,0.905,0.993,3.1377
0.0122,-0.000732,0.019287,1.311279,1.037903,0.841736,-0.26535,1.0042044852433294,0.9845688900955786,0.00559303170519988,2.198884787112749,-0.6078255033245321,175.19990389594136,0.905,0.993,3.1377
0.0122,-0.006104,0.027832,1.3125,1.007385,0.353455,-0.540009,1.004206461603221,0.984567447764411,0.0055936784095472186,2.2071667833671356,-0.6021047984714799,175.1934686059132,0.905,0.993,3.1377
0.0121,-0.005127,0.037109,1.303467,0.641174,-0.073792,-0.936737,1.0042046420407027,0.984568419411465,0.005593438322393018,2.216489846241691,-0.6020124897455583,175.18219223989237,0.905,0.993,3.1377
0.0112,-0.009033,0.034424,1.306641,-0.152283,0.231384,-0.997772,1.0042071187905504,0.9845691989522594,0.00559337002621499,2.214720422305934,-0.5961877359357708,175.1713480803181,0.905,0.993,3.1377
0.0121,-0.014893,0.035889,1.309082,-0.335388,0.231384,-0.417938,1.004199487890509,0.9845724507776522,0.005593180795272638,2.211387248502363,-0.58702815251647,175.16691728750916,0.905,0.993,3.1394
0.0122,-0.020996,0.030518,1.307617,-0.396423,0.597595,0.283966,1.004719226373831,0.9845311828969345,0.005588076933863093,2.204125276274056,-0.5702838731110038,175.17135513130114,0.905,0.993,3.1394
0.012,-0.015869,0.016846,1.304199,1.739807,3.466248,6.509552,1.0049420157064886,0.9845104131911155,0.00558749137038594,2.213722993504578,-0.5256427256050742,175.2511849454441,0.906,0.993,-3.1406
0.0133,-0.148438,-0.143311,1.396729,-0.701599,-1.325012,5.227814,1.0050580076319273,0.9844913738508251,0.005601363197084787,2.106411512225545,-0.46829113488789903,175.32312349876622,0.906,0.993,-3.1406
0.0112,0.077393,-0.000244,1.462158,1.129456,-1.660706,3.335724,1.0052403060308344,0.9844482910235083,0.005603260585106655,2.0991039397031632,-0.5313230631221613,175.35490531305555,0.906,0.993,-3.1406
0.0115,0.042236,-0.007812,1.391357,1.556702,0.048279,3.488312,1.0054042641900018,0.9844136851894717,0.005605621522185176,2.0929579370064513,-0.5580676797804127,175.39171606687412,0.906,0.993,-3.1406
0.0121,-0.002441,-0.01123,1.290527,1.343079,0.322937,4.007111,1.0055415882043552,0.984391774405863,0.005608306539117624,2.0829544932318957,-0.5575492877312407,175.43937137129103,0.906,0.993,-3.1406
0.0124,-0.01123,0.035889,1.397705,1.190491,0.078796,4.831085,1.0055668391535788,0.9843916628326697,0.005607987821921852,2.097489795221299,-0.5549439395584898,175.49967147350924,0.906,0.993,-3.1373
0.0121,0.007812,0.017334,1.283203,0.732727,0.383972,6.387482,1.0056148272318333,0.984380821285142,0.005608891333853838,2.096816420990202,-0.5609119228078263,175.57604019722626,0.906,0.993,-3.1373
0.0111,0.035889,-0.002441,1.268311,-1.678162,1.2995,9.103546,1.005703819973687,0.984354667151949,0.0056111444048910246,2.0570092870207084,-0.5750212382375526,175.6744822552411,0.906,0.993,-3.1325
0.0121,-0.124756,-0.059326,1.264648,-0.610046,-1.843811,16.458282,1.0056826836187498,0.9843701634667282,0.005619217215203138,1.9937847164910951,-0.5323865986480556,175.8787450928831,0.906,0.993,-3.1309
0.0121,-0.02832,-0.021729,1.198486,-0.426941,-0.59259,18.869171,1.005741077256861,0.9843615381907259,0.005623329838934795,1.954992297962835,-0.5332527291696816,176.10709224628354,0.906,0.993,-3.1276
0.0121,0.012451,-0.06665,1.330078,-0.487976,0.902771,20.608673,1.0058267532246343,0.9843301563777399,0.005630706758677523,1.8911057254654018,-0.5410378802071976,176.3533918886529,0.906,0.993,-3.1244
0.0124,0.009521,-0.003418,1.31665,1.495667,-1.35553,18.899689,1.0058615356185956,0.9843167166558104,0.005633153606761832,1.8882996120733473,-0.5739099485492765,176.58538240922408,0.906,0.993,-3.1228
0.0119,-0.005371,-0.006104,1.281738,2.289124,2.001404,15.908966,1.005818263358205,0.9843118879214773,0.005636574598773677,1.8929263676160089,-0.5562908994823577,176.7746731985667,0.905,0.993,-3.1212
0.0123,-0.01416,0.043213,1.348877,2.624817,0.872253,14.932404,1.0057606703237565,0.9843209006264316,0.0056361100794175304,1.9305428881256217,-0.5463511224945713,176.9595125064186,0.905,0.993,-3.1212
0.012,-0.007812,0.057617,1.318359,1.678772,0.170349,12.216339,1.005697147036621,0.984331420425292,0.0056344894767938886,1.9650769759614743,-0.5476472745044595,177.10686431105,0.905,0.993,-3.1212
0.0113,0.006592,0.099365,1.324219,0.488586,0.963806,10.934601,1.0056247365536293,0.9843469996534394,0.00562972031344424,2.0086946312428053,-0.5477052164077708,177.23136874164214,0.905,0.993,-3.1212
0.0121,-0.017822,0.103271,1.280762,-1.06781,-0.562073,7.66922,1.0055298311537697,0.984373065960346,0.005624627740518357,2.0382131579861937,-0.5502007026565269,177.32620348975013,0.905,0.993,-3.1212
0.0121,0.02124,0.138672,1.265869,-0.579529,0.292419,2.63382,1.0054626994117715,0.9843945181576601,0.005616483607763439,2.0954852644862227,-0.5636808814909059,177.35885064035114,0.905,0.993,-3.1212
0.0121,0.042236,0.116455,1.313477,-0.94574,0.322937,-0.845184,1.005446631880628,0.9844022408956965,0.005610164157542189,2.1324531268802702,-0.586553605855804,177.34786512500463,0.905,0.993,-3.1212
0.0124,0.01709,0.089844,1.280762,-0.304871,0.353455,-3.500214,1.005417477460519,0.9844117410162313,0.005605939866609468,2.16316176508985,-0.5935198328961914,177.3045125480991,0.905,0.993,-3.1212
0.011,0.009766,0.048828,1.333984,-0.030212,-0.226379,-5.331268,1.0054036797840542,0.9844124439139874,0.005605026079205404,2.1715437446813253,-0.6017136427865787,177.24540832826352,0.905,0.993,-3.1212
0.0121,0.034668,0.013184,1.312744,0.274963,-0.867249,-5.789032,1.0054241205828085,0.9843977969531245,0.005606461955510733,2.163419655298612,-0.6320105834958936,177.1730674562479,0.905,0.993,-3.1212
0.0127,0.029297,-0.020264,1.313965,0.793762,0.322937,-5.575409,1.0054593931295632,0.9843764234823166,0.005610229484394893,2.1426541177937586,-0.6444372050503876,177.10043848698783,0.905,0.993,-3.1212
0.0116,0.000732,0.0,1.312256,0.885315,0.445007,-4.232635,1.0054627820641906,0.9843680754026874,0.005612715179822748,2.1338236786313107,-0.6399165560303419,177.05107651798488,0.905,0.993,-3.1212
0.0124,-0.017334,0.004883,1.315674,0.915833,0.53656,-2.371063,1.0054577355881933,0.9843655273280654,0.005614849575573632,2.1287496845663703,-0.6241818178855448,177.0223553957679,0.905,0.993,-3.1212
0.012,-0.020996,0.008545,1.318115,0.183411,0.689148,-1.02829,1.0054490735978256,0.9843649571938722,0.0056167059413371355,2.1165881775935205,-0.6055225222673116,177.01093429226125,0.905,0.993,-3.1212
0.0121,-0.030273,0.020996,1.293457,-0.030212,0.353455,-0.875702,1.0054351277530567,0.9843698233753655,0.005617624454763518,2.1094877225771116,-0.5855200149746345,177.00168568050594,0.905,0.993,-3.1212
0.0111,-0.041016,0.022949,1.319336,0.000305,-0.073792,-0.387421,1.0054081045671073,0.9843782742888739,0.005618528476941568,2.1036037680714967,-0.5649871857429036,176.999044425647,0.905,0.993,-3.1212
0.0122,-0.044434,0.01709,1.305176,-0.121765,0.078796,0.528107,1.00538039083184,0.9843865646558707,0.005619804662090165,2.0929502995739697,-0.5411292433585294,177.00727697398764,0.905,0.993,-3.1212
0.0121,-0.027832,0.005371,1.310059,-0.121765,-0.043274,1.535187,1.0053695837975276,0.9843871780020801,0.005621760122038829,2.075433664806155,-0.5291574988207933,177.02652761418452,0.905,0.993,-3.1212
0.0122,-0.017334,-0.001953,1.315186,0.335999,0.017761,2.359161,1.005369387874734,0.9843829561250899,0.0056241156934595015,2.059245098703126,-0.5230653349708777,177.05533295065126,0.905,0.993,-3.1212
0.0122,-0.007324,-0.009277,1.309326,0.335999,0.383972,2.694855,1.0053855802933132,0.98437376791939,0.005626803581129878,2.0389225223246137,-0.5185941780926951,177.0877395322423,0.905,0.993,-3.1212
0.0122,0.001221,0.000488,1.304932,0.854797,0.231384,1.99295,1.0053978408633943,0.9843645935553558,0.0056288390171029025,2.030852810868844,-0.5207157318273885,177.1112340908101,0.905,0.993,-3.1212
0.0121,-0.001465,0.016357,1.305908,0.641174,0.170349,2.176056,1.0054012510133405,0.9843600809438114,0.005629843860410816,2.029480379757822,-0.5220489599164697,177.13714241036323,0.905,0.993,-3.1212
0.012,-0.00415,0.030518,1.31543,0.244446,0.41449,2.023468,1.0054028545211027,0.9843593431364398,0.005629912880325825,2.0314946338312416,-0.5187906640612568,177.16148674151324,0.905,0.993,-3.1212
0.0111,-0.006348,0.049072,1.300537,0.366516,0.322937,1.291046,1.0053953245296299,0.98436349212317,0.005628809261682726,2.045798602877264,-0.5153650704412505,177.17624816192966,0.905,0.993,-3.1195
0.0122,0.000244,0.048828,1.302002,0.122375,0.048279,0.345001,1.0053929695530361,0.9843654526814511,0.00562772214952776,2.05732186635592,-0.5184392231251395,177.18042432230428,0.905,0.993,-3.1163
0.0119,0.000977,0.042969,1.314209,-1.556091,-3.705383,2.267609,1.00528582003079,0.984371441630093,0.005627998221428576,2.045037896250651,-0.5668229268141967,177.2056817724917,0.905,0.993,-3.1114
0.0121,0.045654,-0.120361,1.109131,0.030823,3.954529,6.723175,1.0054187600220625,0.9843151649808981,0.005637857911187928,1.944969170933402,-0.5578389709320838,177.28314396496384,0.905,0.993,-3.1114
0.012,0.012207,0.03125,1.408203,-0.701599,0.719666,4.64798,1.0052457533108652,0.9843186958873748,0.005639711996552159,1.9353632731423074,-0.560057599085411,177.3382662837493,0.905,0.993,-3.1082
0.0122,-0.035156,-0.000244,1.269287,1.282043,0.445007,1.565704,1.0051389273475875,0.9843277904263256,0.0056424097340322795,1.9332187589297385,-0.5373166750679133,177.35904028371684,0.905,0.993,-3.1082
0.0123,-0.015625,0.058594,1.362061,2.502747,2.30658,-0.326385,1.005030175630827,0.9843402669872888,0.005641766783964361,1.9790512861444212,-0.5031185118402502,177.35687413131492,0.905,0.993,-3.105
0.0121,-0.020264,0.024902,1.338867,-0.121765,-0.47052,7.852325,1.0049784953041951,0.984345842221965,0.0056424949587662015,1.9730583924034706,-0.503694051314113,177.4523848208695,0.905,0.993,-3.1034
0.0114,-0.117188,-0.015625,1.290771,0.671692,-1.019836,6.967316,1.0049168716988488,0.9843733811516014,0.005644988456545512,1.9531198052604075,-0.45248498931346987,177.53717334858956,0.905,0.993,-3.1017
0.0121,0.032715,0.015625,1.358643,0.06134,-0.409485,4.739532,1.004966265559091,0.9843564732932637,0.005645759456743335,1.9445295127637374,-0.4813645023997107,177.5918155314334,0.905,0.993,-3.1017
0.0123,0.012939,0.036621,1.344971,0.427551,-0.501038,4.617462,1.005034491738912,0.9843489947606222,0.005644980977420026,1.9524860043233065,-0.5001628901982534,177.6473779971267,0.906,0.993,-3.1001
0.0121,0.016846,0.017578,1.263184,0.122375,1.238464,5.685577,1.0051128271105185,0.9843361897616475,0.005645130055761209,1.946524243178069,-0.5016585492420003,177.71505979166625,0.906,0.993,-3.1001
0.012,0.032471,0.067139,1.394043,0.305481,1.940369,6.051788,1.0052204649851022,0.9843264748893165,0.005642478749989073,1.968567266174639,-0.501748242426242,177.78681392995605,0.906,0.993,-3.1001
0.0113,0.041016,0.041016,1.296143,0.152893,0.139832,2.908478,1.0053329502797816,0.9843097594412171,0.005641052276701708,1.9764232449271206,-0.5289480866476381,177.8172030973975,0.906,0.993,-3.1001
0.0123,0.030029,0.047852,1.302246,0.580139,-0.012756,-0.997772,1.005483917900852,0.9842965379832748,0.0056387792494081304,1.993819761403251,-0.5494794992477704,177.8031392034912,0.906,0.993,-3.1001
0.012,0.030029,0.041992,1.29541,0.671692,-0.928284,-2.432098,1.0056265713080885,0.984283174386539,0.0056368375501715156,2.008842392218274,-0.5802171966703376,177.77177827296325,0.906,0.993,-3.1001
0.0122,0.020996,0.048828,1.307617,0.488586,-0.256897,-1.791229,1.0057499479881136,0.9842743872420664,0.005634642813475197,2.0252951598609124,-0.5974563803264091,177.7485761935941,0.906,0.993,-3.1001
0.0121,0.008301,0.049072,1.326172,0.397034,0.53656,-1.9133,1.0058511772410945,0.9842698191372768,0.005632670628358133,2.040155201351047,-0.5973555057054394,177.72508848294024,0.906,0.993,-3.1001
0.0122,0.005859,0.041992,1.309082,0.183411,0.841736,-2.096405,1.0059410979292542,0.9842651946959623,0.005631172600036837,2.0486300723265756,-0.5921867389377039,177.69940754185203,0.906,0.993,-3.1001
0.0119,0.009033,0.019287,1.297607,-0.121765,0.261902,-3.622284,1.0060302522427527,0.9842563474434504,0.005630884870507871,2.0404455473262577,-0.5955082191574848,177.65576941059837,0.906,0.993,-3.1001
0.0122,0.008789,0.017334,1.304199,-0.335388,-0.317932,-3.652802,1.006115082690716,0.9842476181644562,0.0056307218288299855,2.0285366191980407,-0.6054583055492898,177.61045884488627,0.906,0.993,-3.1001
0.0121,-0.003174,0.029297,1.304932,0.305481,1.391052,-2.187958,1.0061828568361233,0.9842441730386173,0.005630113266431415,2.031252152500672,-0.5884464315241892,177.58453522003006,0.906,0.993,-3.1001
0.0113,-0.066895,0.005615,1.339844,-0.030212,1.024841,1.107941,1.0062035867181471,0.9842551752638485,0.005631442663596528,2.0155635373304106,-0.5417233734201964,177.60039470452918,0.906,0.993,-3.1001
0.0119,-0.078613,-0.024414,1.301514,0.183411,-0.165344,1.596222,1.006225493206031,0.9842654504375645,0.005634391495483621,1.9851196044752737,-0.5014210175700304,177.62272306204096,0.906,0.993,-3.1001
0.0122,0.000488,-0.02124,1.311768,0.82428,-0.836731,0.528107,1.006299071130098,0.9842525831476799,0.00563635850140628,1.964776143321841,-0.515495372828724,177.62810621308302,0.906,0.993,-3.1001
0.0122,0.015381,-0.006348,1.315674,0.732727,-0.34845,1.138458,1.0063791113991791,0.9842378954282014,0.005637383011188648,1.9521280169150397,-0.5323985703110675,177.64047560484607,0.906,0.993,-3.1001
0.0122,-0.008301,0.015137,1.314941,0.702209,0.750183,1.779327,1.0064234376217631,0.9842346755589064,0.005637740335053268,1.9516208669169683,-0.5223756288139361,177.6625525521873,0.905,0.993,-3.0985
0.012,-0.006836,0.048828,1.324707,0.732727,0.353455,3.305206,1.006471943775269,0.9842356587938929,0.005636424765676445,1.9704985967597721,-0.5187279208690747,177.70251140225247,0.905,0.993,-3.0985
0.0122,0.012939,0.016846,1.30249,0.274963,1.024841,3.946075,1.0065382301862982,0.9842255796652588,0.005636365121365515,1.9655268960817687,-0.5189380079855437,177.74996416226193,0.905,0.993,-3.0985
0.0111,0.020996,0.00415,1.311768,0.152893,-1.35553,4.159698,1.0065638490806337,0.9842135292957794,0.005637231820519419,1.9515305829565255,-0.5508788060779304,177.7940671868745,0.905,0.993,-3.0969
0.0122,0.02124,-0.009033,1.268799,0.06134,-0.134827,5.990753,1.0065987854488452,0.9841993542828626,0.005638605307711205,1.9287088570596298,-0.5709914885180704,177.86545645780063,0.905,0.993,-3.0969
0.0121,0.01416,-0.017822,1.361328,0.030823,0.689148,8.889923,1.006621435492836,0.9841876908950805,0.005640489536690867,1.9006350790781752,-0.5766986548481681,177.97219299798445,0.905,0.993,-3.0936
0.012,-0.00708,-0.016602,1.277588,0.335999,0.322937,12.857208,1.0065918738161919,0.984184100961509,0.005642932199167082,1.8762288331052919,-0.5766186293246536,178.12665567885557,0.905,0.993,-3.092
0.0122,0.005859,-0.036621,1.352295,0.793762,2.733826,13.162384,1.0065325360548547,0.9841754613355144,0.005646445535088153,1.846747441255335,-0.554585630149335,178.2875897992929,0.904,0.993,-3.0904
0.0124,-0.025879,-0.014404,1.338867,1.404114,1.268982,11.026154,1.0063922983246238,0.9841816059018215,0.0056497774196845926,1.837929889471002,-0.531362524147465,178.42602731432584,0.904,0.993,-3.0888
0.0111,-0.044922,0.010254,1.283936,1.587219,1.207947,9.317169,1.006221885686585,0.9841978884269548,0.005652193033834578,1.844212718736046,-0.498029181171477,178.53237123087993,0.904,0.993,-3.0872
0.0121,-0.039551,0.050293,1.367188,0.82428,-0.531555,10.751495,1.0060074967046722,0.9842171818551092,0.005653175571164712,1.8644488663725625,-0.4896135679635169,178.66438802793203,0.904,0.993,-3.0855
0.0123,-0.050537,0.045166,1.26416,0.519104,0.353455,10.415802,1.0057854282880667,0.9842406468944407,0.005654184223753107,1.880377101106611,-0.46284957452471454,178.79556281413025,0.904,0.993,-3.0839
0.012,-0.06665,0.074463,1.303467,0.122375,0.689148,9.500275,1.0055360803056772,0.9842736492113646,0.005654009338948434,1.9075957182404657,-0.42335292867310365,178.91386460702356,0.904,0.993,-3.0855
0.0125,-0.029785,0.062256,1.268799,-0.426941,0.078796,6.54007,1.0053314632031982,0.9842912262321184,0.005653908415697321,1.9221179327187876,-0.4117053320796135,178.99737282640902,0.904,0.993,-3.0855
0.0113,-0.024658,0.063965,1.305176,-1.128845,-0.623108,3.366241,1.0051711371805037,0.9843056511561731,0.005653482609162909,1.9293299727294768,-0.40994472526578773,179.03658724465913,0.904,0.993,-3.0855
0.0122,0.057617,0.102539,1.197998,0.519104,-1.35553,-0.417938,1.0050694272667429,0.9842991830892344,0.00565116267343353,1.9834356413639804,-0.46768975528394463,179.02830669106922,0.904,0.993,-3.0855
0.0122,0.067383,0.081299,1.338379,-0.06073,0.292419,-2.27951,1.0049949342469071,0.9842876980567484,0.005650273650372859,2.0111685779868718,-0.5050368106680748,178.99763904955796,0.904,0.993,-3.0855
0.0121,0.049561,0.0625,1.320312,0.519104,0.750183,-2.462616,1.004919912993251,0.984278897772613,0.005650147240830206,2.035508596171248,-0.5269386394306813,178.96586219276438,0.904,0.993,-3.0855
0.0116,0.020264,0.008057,1.300049,0.427551,1.42157,-2.248993,1.0048718903516591,0.9842692250655078,0.005651799163314965,2.0269900722073126,-0.5248826097359217,178.93919856440402,0.904,0.993,-3.0855
0.0123,0.02124,-0.01001,1.308594,0.152893,0.048279,-2.15744,1.0048232269218886,0.9842571189158362,0.005654189555246144,2.004938828541317,-0.539006091304351,178.91151094574874,0.904,0.993,-3.0855
0.0122,-0.002686,-0.008057,1.289307,0.06134,-0.073792,-1.302948,1.0047648413364916,0.9842523267567332,0.005656327828336196,1.9829895602743388,-0.5409833977797152,178.89551643738272,0.904,0.993,-3.0855
0.0122,-0.035156,0.032959,1.32251,-0.030212,0.292419,-0.631561,1.0046839137558679,0.9842621500575728,0.00565666474770296,1.9838054953170283,-0.5198566111620799,178.88933576512562,0.904,0.993,-3.0855
0.012,-0.05542,0.044189,1.302246,0.274963,0.322937,-0.26535,1.004588517828678,0.9842793747540295,0.00565639210479706,1.995106347100056,-0.48675917473989233,178.88861940199737,0.904,0.993,-3.0855
0.0111,-0.043945,0.029053,1.32373,0.335999,0.170349,-0.540009,1.0045092430766922,0.9842907955422069,0.005656700496343909,1.9975605931228932,-0.46288698932388667,178.88438248133914,0.904,0.993,-3.0855
0.0122,-0.020996,-0.005615,1.30127,0.213928,-0.653625,0.039825,1.0044477030349106,0.9842904372678682,0.005658424371138506,1.978846349211146,-0.46240517136783066,178.88504568441965,0.904,0.993,-3.0855
0.012,-0.003662,-0.025391,1.320312,0.152893,0.048279,1.87088,1.004409323341814,0.9842820683469203,0.005660898302773848,1.9479746773421291,-0.4643030908943338,178.90702390436383,0.904,0.993,-3.0855
0.0121,-0.006592,-0.011963,1.310303,0.122375,0.628113,3.610382,1.0043648622952475,0.984276954644605,0.005662844365786791,1.9246164722888393,-0.45827808681714954,178.95068557931032,0.904,0.993,-3.0855
0.0126,-0.010742,0.01416,1.324463,0.122375,1.024841,4.342804,1.0043152854428112,0.9842769012157739,0.005663772091153139,1.9165628907005687,-0.444955756301778,179.00591120031402,0.904,0.993,-3.0855
0.0118,-0.009277,0.022705,1.306152,0.366516,0.078796,2.664337,1.0042679852786793,0.9842775032370036,0.005664356785619917,1.9166867729619528,-0.4437360803730187,179.0374406418851,0.904,0.993,-3.0855
0.0113,0.023438,0.04126,1.297607,0.732727,-0.256897,-1.15036,1.004242074228288,0.9842703455271815,0.005664566776289027,1.9320696848026984,-0.4640835408033679,179.02285930024658,0.904,0.993,-3.0855
0.0124,0.037354,0.063232,1.326904,0.82428,-0.317932,-2.248993,1.004221900551327,0.9842625069126548,0.0056642170773103665,1.9613308039804072,-0.49221157372603486,178.9928355187342,0.904,0.993,-3.0855
0.012,-0.008789,0.03833,1.310059,0.335999,0.383972,-0.692596,1.0041766780980739,0.9842650395942711,0.005664283064446931,1.9700589140479337,-0.4858116094789386,178.9848215933287,0.904,0.993,-3.0855
0.0116,-0.01001,0.036865,1.318848,-0.091248,0.811218,0.375519,1.0041325164794634,0.9842676167866719,0.005664384427277402,1.9725349482416228,-0.47442985535962906,178.98967893549076,0.904,0.993,-3.0855
0.012,-0.005371,0.018799,1.309326,-0.426941,0.261902,0.558624,1.004093440239352,0.9842665311567728,0.005665129118582234,1.960605642189162,-0.4721728807169837,178.99641409164602,0.904,0.993,-3.0855
0.0122,-0.001709,0.00708,1.302246,-0.1828,-0.043274,-0.448456,1.0040642411475316,0.9842628833264132,0.0056662420138966505,1.9449721062174385,-0.475337324834765,178.9906665025465,0.904,0.993,-3.0855
0.0123,-0.010498,0.013672,1.307373,0.244446,0.139832,-0.692596,1.0040275890760197,0.9842626896196754,0.005667036755556338,1.9385204371396807,-0.4709777467191617,178.9823768356637,0.904,0.993,-3.0855
0.0117,-0.014648,0.018555,1.325195,0.549622,0.383972,-0.051727,1.0039892251623426,0.9842642115813387,0.005667613173830396,1.938129540573908,-0.46176208571975735,178.9822859548864,0.904,0.993,-3.0855
0.0121,-0.012939,0.011719,1.316895,0.732727,0.231384,0.283966,1.0039521597720116,0.9842643644348261,0.005668421657614494,1.9362441448103638,-0.4554443481386088,178.98607228069886,0.904,0.993,-3.0855
0.0122,-0.003174,0.004395,1.308838,0.763245,0.231384,-0.02121,1.0039289388599812,0.9842605771435625,0.005669513626234581,1.9306347919493911,-0.4547533261664773,178.98567387967142,0.904,0.993,-3.0855
0.0121,-0.001221,0.005371,1.314941,0.82428,0.353455,0.039825,1.0039070525984926,0.9842563548231072,0.00567058603227301,1.9262731991089956,-0.4537594759878394,178.9859761613799,0.904,0.993,-3.0855
0.0124,-0.010254,0.013672,1.315186,0.274963,0.170349,0.802765,1.003876542789614,0.9842559693279502,0.005671289038800063,1.9201958769861187,-0.449978827146519,178.996138443448,0.904,0.993,-3.0855
0.011,-0.013916,0.036621,1.303955,-0.06073,0.445007,1.565704,1.003842916501821,0.9842594204765388,0.005671200019672577,1.9236121031492461,-0.4416048417373116,179.01387772375884,0.904,0.993,-3.0855
0.0121,-0.016357,0.042969,1.316895,-0.121765,0.292419,1.382599,1.0038039519955497,0.98426428945186,0.00567092434128978,1.9296367307827027,-0.4332238712066084,179.03120215221338,0.904,0.993,-3.0855
0.0122,-0.011475,0.034424,1.320801,0.305481,-0.256897,-0.509491,1.003769710663344,0.9842666241953132,0.005670972453775224,1.9359125983988423,-0.43358869698218816,179.02510559360329,0.904,0.993,-3.0855
0.0123,0.012207,0.029785,1.30542,0.458069,-0.256897,-1.547089,1.00375181788523,0.9842615308426519,0.005671449240018391,1.9416671135120276,-0.4474202619488368,179.00506746659693,0.904,0.993,-3.0855
0.0121,0.007568,0.008789,1.313477,0.06134,-0.043274,-0.723114,1.0037346978454258,0.9842554074796844,0.005672489450156086,1.9301214702619587,-0.45606152506518044,178.99559939699972,0.904,0.993,-3.0855
0.0122,-0.003418,0.000732,1.32251,0.458069,0.353455,0.528107,1.0037172696312588,0.9842515052236656,0.00567357115853196,1.9186584109351748,-0.45390487275316316,179.00200594756015,0.904,0.993,-3.0855
0.012,-0.003418,0.008545,1.323486,0.458069,0.506042,0.802765,1.0036989179425961,0.9842485469296685,0.005674413627889149,1.9117055749939251,-0.45012727093092936,179.0116628507805,0.904,0.993,-3.0855
0.0116,-0.009766,0.015137,1.307129,0.305481,0.567078,-0.234833,1.0036760412644359,0.9842481911505374,0.0056749660836474475,1.9069396808501309,-0.4418492950392712,179.00928987529392,0.904,0.993,-3.0855
0.0121,-0.010254,0.027588,1.303467,0.335999,-0.012756,-0.540009,1.0036499033073234,0.9842493766744219,0.005675157238085122,1.9100908628542523,-0.43991076303843296,179.00291161498566,0.904,0.993,-3.0855
0.0115,-0.015381,0.036133,1.308105,0.305481,-0.134827,0.070343,1.0036259482936336,0.9842528560285628,0.005674992966916395,1.9175177224662225,-0.4366159652005211,179.00408101674654,0.904,0.993,-3.0855
0.0122,-0.018066,0.033203,1.309814,0.274963,0.170349,0.711212,1.0035997743647653,0.9842567403807791,0.00567488929224175,1.9229157016340064,-0.42846157601583923,179.013350755698,0.904,0.993,-3.0855
0.0123,-0.005859,0.024414,1.312744,0.274963,0.292419,0.680695,1.00358932225547,0.9842559221778919,0.005675144756754024,1.9231343606060445,-0.4259847298949724,179.0217625582722,0.904,0.993,-3.0855
0.0116,-0.002197,0.011475,1.318359,0.213928,0.445007,-0.082245,1.0035899414715372,0.9842524462003508,0.005675746525138699,1.9149740140782314,-0.42377622626163286,179.02071172323537,0.904,0.993,-3.0855
0.0125,0.007812,0.008789,1.308105,0.030823,0.170349,-0.112762,1.0036033512941318,0.9842457553491876,0.00567649287631977,1.903328060261611,-0.4304816774389053,179.01862415919473,0.904,0.993,-3.0855
0.0122,-0.003662,0.013184,1.312988,0.488586,0.383972,-0.082245,1.003608180451542,0.9842429829342292,0.005676966824911744,1.899836463503738,-0.42787759570720507,179.01759728144617,0.904,0.993,-3.0855
0.0113,-0.01001,0.024902,1.317627,0.519104,0.353455,0.222931,1.003607018044574,0.9842432959368186,0.0056770523079963725,1.9030172793752889,-0.4223934478114517,179.0203785522445,0.904,0.993,-3.0855
0.0117,-0.009766,0.022461,1.312988,0.580139,0.200867,-0.14328,1.0036064511033975,0.9842432466148789,0.005677203045834837,1.9057534171385768,-0.41860725533380466,179.01889404805937,0.904,0.993,-3.0855
0.0124,-0.007324,0.024414,1.311768,0.519104,0.048279,-0.356903,1.0036072746166673,0.9842426728885126,0.0056773332876270495,1.9092818733519794,-0.41792479473139005,179.01448368967928,0.904,0.993,-3.0855
0.0122,-0.001953,0.02124,1.305908,0.152893,0.139832,-0.204315,1.0036121720063418,0.9842402022716641,0.005677605064971283,1.9064570153770324,-0.41937943694043245,179.01177982291986,0.904,0.993,-3.0855
0.012,-0.008545,0.015869,1.309082,0.335999,0.170349,0.802765,1.0036133774693066,0.9842391011645953,0.0056779296132396994,1.9025495517676823,-0.41702093101869925,179.0215289219109,0.904,0.993,-3.0855
0.0117,-0.007568,0.023193,1.311523,0.152893,0.65863,0.8638,1.0036142517143687,0.9842384661901805,0.005678081248060965,1.900699681660116,-0.4096625428418618,179.03188501171067,0.904,0.993,-3.0855
0.0122,-0.004883,0.025391,1.308838,0.274963,0.231384,-0.234833,1.0036166408592635,0.9842372646439134,0.005678208232114015,1.9018252986329391,-0.4083586197776996,179.02898228138406,0.904,0.993,-3.0855
0.0123,0.000244,0.024414,1.310547,0.06134,0.048279,-0.601044,1.0036225191402135,0.9842345044405058,0.005678417034812563,1.899806575616901,-0.4121058394487739,179.0212385722635,0.904,0.993,-3.0855
0.0121,-0.001221,0.023438,1.308838,0.458069,0.200867,-0.753632,1.0036274996313654,0.9842320905827068,0.0056786303304044595,1.9020117145216053,-0.4130981575652216,179.01190584203863,0.904,0.993,-3.0855
0.0111,-0.007812,0.01416,1.302002,0.519104,0.292419,0.100861,1.0036293160251217,0.9842306518217622,0.005678985564445472,1.8989966551632427,-0.40978634997463464,179.01315740444946,0.904,0.993,-3.0855
0.0127,-0.010742,0.014893,1.317627,0.458069,0.200867,0.345001,1.0036291016938317,0.9842301218887947,0.005679290843203457,1.8963270935428274,-0.4055547817822691,179.01778613171456,0.904,0.993,-3.0855
0.012,-0.011719,0.014893,1.306885,0.183411,0.506042,0.345001,1.003628298625981,0.9842298784526394,0.005679577837491169,1.8902009644492517,-0.39732468515128444,179.02232603364837,0.904,0.993,-3.0855
0.0123,-0.012451,0.019043,1.306885,0.305481,0.322937,0.467072,1.00362652943063,0.9842302425303916,0.005679757613918561,1.8880895266201743,-0.3908798402016765,179.0284254654974,0.904,0.993,-3.0855
0.0119,-0.009277,0.023926,1.303467,-0.030212,0.170349,0.161896,1.003626300058089,0.9842301492667995,0.005679855541377951,1.884850262317014,-0.3881651580224839,179.030481696662,0.904,0.993,-3.0855
0.0118,-0.01123,0.025635,1.317139,0.244446,0.078796,0.528107,1.0036245785887337,0.9842307637185745,0.005679899794213544,1.8856431885717626,-0.38553760778675467,179.0368986382884,0.904,0.993,-3.0855
0.0119,-0.009521,0.020996,1.299316,0.06134,0.017761,0.436554,1.0036246212497717,0.9842304462632043,0.005680057133487516,1.881821033415231,-0.38464881420092667,179.04216818876904,0.904,0.993,-3.0855
0.0121,-0.000244,0.017578,1.311523,0.580139,0.261902,-0.173798,1.0036313074421377,0.9842270717220797,0.005680391298466939,1.8821827771637165,-0.38598030510912695,179.03979725747845,0.904,0.993,-3.0855
0.0118,0.005859,0.02124,1.310059,0.732727,0.170349,-0.326385,1.00364150163092,0.9842223041024932,0.005680705044631211,1.8863126920385782,-0.391949922449012,179.0353529840432,0.904,0.993,-3.0855
0.0122,-0.003174,0.018555,1.313721,0.335999,0.139832,-0.02121,1.0036458577191143,0.9842199712724051,0.005680980829149754,1.884271052482202,-0.39299442887288566,179.03493950962022,0.904,0.993,-3.0855
0.0122,-0.011963,0.021484,1.311035,0.458069,0.200867,0.222931,1.0036440624686664,0.9842204342526543,0.005681101317940753,1.8854335308109351,-0.38828079431442863,179.03794465894694,0.904,0.993,-3.0855
0.0122,-0.01416,0.023926,1.313721,0.305481,0.170349,0.192413,1.003640612343454,0.9842217204438792,0.0056811488524243555,1.8861308052978087,-0.38268972160460246,179.04066106713995,0.904,0.993,-3.0855
0.0113,-0.011475,0.023682,1.301758,0.122375,-0.043274,0.161896,1.0036389993609953,0.9842222134797012,0.005681222278167733,1.8845190848862625,-0.3812618132710431,179.04264052355106,0.904,0.993,-3.0855
0.0123,-0.003906,0.020752,1.314209,0.091858,0.231384,-0.051727,1.0036427376496426,0.9842202524595778,0.005681434483626865,1.880830408092044,-0.38084910267759886,179.04190642340868,0.904,0.993,-3.0855
0.012,-0.005127,0.019043,1.310791,0.244446,0.200867,0.161896,1.00364584965436,0.9842185013895802,0.0056816658139947915,1.8779915757013315,-0.38026093873551137,179.0437962258971,0.904,0.993,-3.0855
0.0123,-0.006592,0.015625,1.306152,0.152893,0.322937,0.436554,1.0036483866887738,0.9842168759635718,0.005681947685617206,1.8721657895208936,-0.37740997362183537,179.0492343353134,0.904,0.993,-3.0855
0.012,-0.003906,0.019531,1.3125,0.427551,0.41449,0.192413,1.0036522571702617,0.9842148198213959,0.005682175067699758,1.8718520758878798,-0.37503790627033756,179.0515119502512,0.904,0.993,-3.0855
0.0121,-0.003418,0.023193,1.313721,0.397034,-0.134827,-0.02121,1.003655959151209,0.9842129844496572,0.005682331667322083,1.8733508134438908,-0.3794179159775997,179.05098656742993,0.904,0.993,-3.0855
0.0113,-0.003906,0.022705,1.314697,0.580139,0.109314,-0.204315,1.0036593543091534,0.984211255174536,0.005682492839489839,1.8762888761163974,-0.3805591067946408,179.04853235671786,0.904,0.993,-3.0855
0.0126,-0.008789,0.021973,1.315186,0.183411,0.322937,-0.051727,1.0036596550262729,0.9842108406161251,0.005682622028898505,1.8745490804275384,-0.3761028051604331,179.04805992600592,0.904,0.993,-3.0855
0.012,-0.010254,0.019287,1.311035,0.458069,0.139832,0.345001,1.0036593200390693,0.9842105918347457,0.005682787464161009,1.8744344560855581,-0.3733708642544401,179.052370542838,0.904,0.993,-3.0855
0.0112,-0.006104,0.020508,1.312256,0.000305,0.078796,0.283966,1.0036615441302437,0.9842092944691109,0.005682963850955972,1.8695957838806596,-0.3738350001204143,179.05549483647323,0.904,0.993,-3.0855
0.0127,-0.00293,0.018799,1.307861,0.397034,0.200867,0.039825,1.003666007476453,0.9842069560506806,0.005683197465927689,1.8688573563703759,-0.37443065048681534,179.05585246716555,0.904,0.993,-3.0855
0.0122,-0.00293,0.025879,1.312988,0.183411,0.170349,0.100861,1.0036697030988508,0.9842052378185355,0.005683297219321926,1.869407695058198,-0.37548305924173314,179.05690697790902,0.904,0.993,-3.0855
0.0119,-0.007812,0.023926,1.310791,0.335999,0.170349,0.314484,1.003670417898884,0.9842047315645531,0.005683389559903377,1.8705707223622798,-0.3738222313771947,179.06070797087142,0.904,0.993,-3.0855
0.0117,-0.006348,0.020996,1.313965,0.06134,0.139832,-0.082245,1.0036723307596225,0.9842035897613878,0.0056835472395574405,1.8667658172259929,-0.37325475957610416,179.0597340478879,0.904,0.993,-3.0855
0.0118,-0.005859,0.017822,1.310791,0.183411,0.200867,-0.204315,1.003674838474829,0.9842020703130615,0.005683763070958486,1.8626320354306618,-0.37221733974740806,179.057321240252,0.904,0.993,-3.0855
0.0126,-0.003174,0.015137,1.299561,0.213928,0.109314,-0.14328,1.0036793058520004,0.9841996107171374,0.005684043539160038,1.857592971844107,-0.37381889722156375,179.05535991626346,0.904,0.993,-3.0855
0.0114,-0.005859,0.017578,1.311035,0.244446,0.292419,0.100861,1.0036817516457754,0.984198124494169,0.005684256648231003,1.8540028836401163,-0.37193649030589954,179.05654095804138,0.904,0.993,-3.0855
0.0127,-0.008789,0.019043,1.309082,0.213928,0.261902,0.314484,1.0036821979258885,0.9841975681076032,0.005684416700692472,1.8512286274851502,-0.36847048202489835,179.0606959890024,0.904,0.993,-3.0855
0.0113,-0.006592,0.024902,1.311523,0.152893,0.567078,-0.082245,1.0036836528199893,0.9841968036146157,0.0056844919858542575,1.8509234546241413,-0.36310630063209803,179.05989956251108,0.904,0.993,-3.0855
0.0122,-0.003662,0.0271,1.305664,-0.304871,-0.623108,0.253448,1.0036866884110305,0.9841954566455103,0.005684547215775423,1.8465694613723844,-0.37351837331918347,179.06252998742585,0.904,0.993,-3.0855
0.012,0.00293,0.015869,1.169189,-6.927185,-18.445374,5.166779,1.00179635506575,0.9842245193369217,0.005697309163485585,1.7580763533271384,-0.602142984467136,179.11714786635147,0.901,0.992,-3.0775
0.0122,0.273193,0.106689,1.36499,1.007385,-6.207825,7.882843,0.9978860854500465,0.9842523205271625,0.005755802669065871,1.8114769102063812,-0.8288584673772408,179.19849469004976,0.897,0.992,-3.058
0.0114,0.286621,-0.283203,0.428955,-4.546814,7.982849,26.803741,0.9951434299014744,0.9842287963236115,0.005863709536668394,1.4309082385056555,-1.081659611104439,179.49591524921036,0.895,0.992,-3.0418
0.0124,-0.056885,-0.249512,0.513184,0.702209,-0.195862,25.796661,0.9913004628276653,0.9843902000472995,0.005925260990908616,1.1112457164033027,-1.0291062431098306,179.85529662134547,0.892,0.992,-3.0321
0.0122,0.605957,0.100342,1.616699,0.244446,-5.902649,24.331818,0.9882292459061746,0.9842694837595012,0.006059651391012931,1.1429821056523535,-1.3593725490830322,-179.8974278998235,0.888,0.991,-3.0175
0.0116,0.568848,-0.133301,1.062012,-0.610046,-0.623108,16.641388,0.9859858895388306,0.9841997407956494,0.006233807730135918,1.0469956006803984,-1.6994653843153436,-179.7497144777555,0.886,0.991,-3.0127
0.0125,0.290527,0.086182,1.266602,4.059143,1.513123,8.523712,0.9822531965708043,0.9841098292315962,0.00641625545782754,1.1361705984819495,-1.8414354650895495,-179.68009760899017,0.881,0.99,-3.0095
0.0113,0.274414,-0.012207,1.614502,2.563782,1.2995,10.782013,0.978362883618994,0.9840773652968825,0.00659956680919557,1.146096830546815,-1.9440023262059072,-179.5748833160616,0.877,0.99,-3.0046
0.012,0.308594,-0.026367,1.109863,0.915833,10.149597,12.643585,0.9746576008948166,0.9840241791330692,0.006834815025520394,1.1270561469183684,-2.0159231915738305,-179.44863519484605,0.874,0.989,-3.0046
0.0121,0.254395,0.078857,1.395508,0.763245,4.351257,12.368927,0.9702086978051548,0.9839260254809126,0.007074285057926788,1.1642298394001895,-2.089170679721649,-179.32893911865006,0.868,0.988,-3.0014
0.0121,0.297852,0.036133,1.248779,-5.248718,-3.186584,16.671906,0.9655972105494968,0.9838410165454076,0.007361550361596365,1.106572971595798,-2.2925833127774826,-179.15972802187446,0.864,0.988,-2.9997
0.0121,0.195312,0.014893,1.288574,-4.180603,2.672791,15.847931,0.9604699790407606,0.9837587849073838,0.0076480930358955364,1.0492000272680468,-2.3627237102939884,-178.98445226794402,0.858,0.987,-2.9981
0.0117,0.187988,0.105957,1.03833,-2.868347,-0.928284,18.350372,0.9556617246597358,0.9835968654983261,0.00796129277787976,1.0755012749759683,-2.4972074844515837,-178.81278918477483,0.854,0.986,-2.9949
0.0124,-0.035889,0.041504,1.365723,1.159973,-1.813293,19.479523,0.9499903577908688,0.9834598819947988,0.008172796643052416,1.093935267621226,-2.486309926905828,-178.5704973983236,0.849,0.986,-2.9933
0.012,0.083984,0.003662,1.662354,-1.556091,3.679871,18.441925,0.9448954978661832,0.9833414871074447,0.008414579395137702,1.058463948102941,-2.466214400906246,-178.34887683137407,0.842,0.985,-2.9916
0.0117,-0.009766,-0.05957,1.012695,0.82428,-2.850891,17.465363,0.9395004789529855,0.9832377573988837,0.008616675375048696,1.0067189239387,-2.4811004184299486,-178.12389515343085,0.838,0.984,-2.99
0.0121,0.121582,0.029297,0.984863,2.533264,4.595398,10.202179,0.9342196125015515,0.9830513127370024,0.008944691017982564,1.0476191952146894,-2.5069417179262135,-178.017477546638,0.832,0.983,-2.9916
0.0122,-0.009766,0.123535,1.468994,1.159973,-0.897766,15.451202,0.9291152179260188,0.9828186162083351,0.009142907389782545,1.109128238516563,-2.498050976179358,-177.84406730177358,0.827,0.982,-2.9916
0.0123,-0.084717,0.056885,1.132568,1.251526,-6.024719,18.686066,0.923690396293193,0.9825758236293993,0.009280674663008774,1.1442506478982368,-2.5031750465227196,-177.61424896095582,0.823,0.982,-2.9916
0.0112,-0.066895,0.119141,1.449219,1.129456,2.245544,16.458282,0.9188159979032673,0.9823219833169476,0.009420977306196605,1.2019312587315336,-2.429021688069033,-177.43827869169436,0.816,0.981,-2.9884
0.0121,-0.169922,0.030762,1.296631,0.488586,-0.47052,18.838654,0.9132758020259713,0.9820507934157877,0.009480527386629986,1.2064138913670122,-2.324366439104263,-177.1970703694601,0.811,0.98,-2.9868
0.0121,-0.103027,-0.048584,0.95459,3.540344,-1.294495,15.908966,0.9076915409296168,0.9817961882722408,0.009554839662300781,1.1936123720088174,-2.2500822917479066,-176.9788956413472,0.805,0.979,-2.9819
0.0121,-0.053467,0.050781,1.359619,2.594299,4.290222,13.437042,0.9025794689861106,0.9815141203644676,0.009681605931556685,1.2371024702438336,-2.1571671284937577,-176.8135903793746,0.801,0.978,-2.9803
0.0124,-0.213135,-0.052002,1.447266,0.366516,-4.773499,9.652863,0.8969800512916805,0.9812115891643555,0.009672391153397006,1.1997159775724087,-2.0932118052451267,-176.66866951347515,0.797,0.978,-2.9787
0.0123,-0.047119,0.172363,1.34375,0.793762,-4.285217,3.732452,0.8920587226242863,0.9808822282757395,0.009779238012254476,1.2948582071006622,-2.106853069650284,-176.6375053706114,0.79,0.977,-2.9755
0.012,-0.101562,0.097412,1.071533,-2.715759,-5.963684,2.115021,0.8871939410078963,0.9805593514167557,0.009801259051873196,1.3204223620146016,-2.095599759355467,-176.6158245730337,0.786,0.976,-2.9755
0.0112,-0.044434,0.126709,1.013916,0.152893,-5.597473,-2.401581,0.8827834269317306,0.9802611056357723,0.009876593801756222,1.4072854702223225,-2.1136650792745795,-176.65580433933158,0.78,0.975,-2.9755
0.0122,-0.094727,0.17041,1.637451,-3.661804,5.877136,-0.723114,0.8781554590587932,0.9799606535674792,0.009931462179808748,1.429690008164282,-1.9840062588607836,-176.66965984540647,0.777,0.974,-2.9755
0.0121,-0.188721,-0.0896,1.295654,-3.936462,3.43573,-5.087128,0.8735655347524491,0.9796940119636429,0.009845602766530471,1.3207720448011115,-1.8205324804837815,-176.70874056388925,0.773,0.974,-2.9755
0.0122,-0.049072,0.184326,1.423096,1.373596,-0.775696,-8.413544,0.8693976316454213,0.9794307778194004,0.009898650778598509,1.427125354372885,-1.7908099064857737,-176.82110176587358,0.768,0.973,-2.9787
0.0122,-0.073242,-0.00293,1.2146,0.549622,-3.796936,-11.038055,0.8650379067763062,0.9791829937047106,0.009916011422163369,1.4242921874141452,-1.778092461100359,-176.9504844016748,0.764,0.972,-2.9803
0.0115,0.075928,0.058594,1.307129,-1.891785,1.238464,-12.960663,0.8610687574330796,0.9789718558373064,0.010114762238543056,1.4293514705388846,-1.794686258422164,-177.1049738615966,0.759,0.971,-2.9819
0.012,-0.016357,-0.004883,1.488281,2.96051,-0.34845,-12.502899,0.8569187281041409,0.9787610596677886,0.010201624193433196,1.4541940918023877,-1.7756620334610376,-177.25152554259924,0.756,0.971,-2.9852
0.0122,-0.143311,0.03418,1.437012,3.631897,8.47113,-9.878387,0.8528110840537324,0.9785582148477968,0.010134139350197713,1.50705191627417,-1.584262917015393,-177.36340069374745,0.753,0.97,-2.9868
0.0121,-0.116211,-0.173584,1.300781,-2.502136,8.684753,-5.331268,0.848758649507987,0.9783810370192776,0.010076659539277518,1.3659237699876545,-1.4040510697055195,-177.40694008798047,0.748,0.97,-2.99
0.0122,0.015381,0.04834,1.087402,-0.304871,-2.118469,-9.268036,0.8449476207259841,0.9782061738796681,0.010184971481683106,1.3880271361929442,-1.4335957093370453,-177.52350426456866,0.744,0.969,-2.99
0.0121,0.067139,0.143799,1.286377,-0.426941,-12.555481,-16.103973,0.8410379716659373,0.9780339922503133,0.010359243975224518,1.460858508117541,-1.6125516945120966,-177.7323374361321,0.74,0.968,-2.9933
0.0111,0.075684,0.118164,1.134766,-2.990417,-0.623108,-15.859833,0.8372371327965045,0.9778836474830924,0.010573658187785261,1.4994060649200343,-1.65845997113963,-177.91908264119306,0.736,0.968,-2.9965
0.0121,-0.026855,-0.067871,1.580566,-2.380066,0.078796,-10.763397,0.8331972578811648,0.977736167319803,0.010632745178695828,1.4285818133306736,-1.6312063311628715,-178.0425859844426,0.733,0.967,-2.9981
0.0125,-0.142334,0.056396,1.354248,0.702209,-4.041077,-12.655487,0.8290490090966312,0.9775793649014508,0.01052559471902471,1.4612771255381451,-1.5892328383263812,-178.19793915605385,0.728,0.967,-3.0014
0.0124,-0.043701,0.014893,1.415527,-0.365906,4.32074,-13.784637,0.8249266362649074,0.9774467741911709,0.010558341703358612,1.4567264088101575,-1.4998431312883487,-178.36500154822886,0.724,0.966,-3.0046
0.0115,0.01001,-0.099609,1.269043,0.458069,-0.836731,-10.610809,0.8215241915135333,0.977349901520807,0.010644191760883099,1.3931745384964966,-1.505689420798088,-178.4810184964146,0.72,0.966,-3.0078
0.0122,-0.029053,0.007812,1.31958,0.152893,-2.667786,-17.324677,0.8177414693675732,0.977247007180367,0.010679103909970311,1.3933360702438489,-1.5089365368742593,-178.69068522638418,0.717,0.965,-3.0111
0.0119,0.01001,0.027344,1.450928,0.244446,3.008484,-14.364471,0.8140309873482535,0.9771619880054764,0.010771083931419742,1.4029600702465472,-1.4668056275705323,-178.8607722321562,0.714,0.965,-3.0127
0.0123,-0.008057,-0.097656,1.309814,2.106018,1.574158,-12.228241,0.8103626689959068,0.977087093749086,0.01083203123844467,1.3637951501201018,-1.432751594362736,-179.00440517883396,0.71,0.964,-3.0175
0.0111,0.00293,0.069336,1.19165,-0.091248,0.017761,-13.357391,0.8069706790517633,0.9770277554474776,0.010909000631061158,1.3995879379062384,-1.4255873184549772,-179.15491720748398,0.707,0.964,-3.0192
0.0121,0.034424,0.053955,1.300537,-1.708679,-0.836731,-11.526337,0.8031729253687977,0.9769729822034406,0.011043950884000458,1.402394502845019,-1.4463251380587612,-179.29728302970065,0.702,0.963,-3.0224
0.0125,0.062256,0.018066,1.314453,-1.159363,-4.590393,-14.089813,0.7993739852212526,0.9769304601713825,0.011222528650652144,1.3912072165386127,-1.528524096578381,-179.47692768486638,0.699,0.963,-3.0256
0.0114,-0.07959,0.12793,1.074707,1.373596,-0.256897,-13.87619,0.7956270029022511,0.9768881274233066,0.011153082092448226,1.489421688458231,-1.4667055529400836,-179.63717492346677,0.696,0.963,-3.0289
0.0122,0.047119,-0.027344,1.486572,-0.030212,3.985046,-6.490936,0.791864631133129,0.9768645940246736,0.01129717169124714,1.4639198752370906,-1.4331387037029084,-179.7141964985641,0.691,0.962,-3.0305
0.0119,-0.070557,-0.196289,1.478271,-2.135925,-3.400208,-8.84079,0.788205765857602,0.9768358492040533,0.011252374134743854,1.3289487603553538,-1.4275793805044592,-179.8092181916608,0.688,0.962,-3.0337
2.4597,-0.015381,0.062256,1.126221,3.876038,-8.801819,-15.157928,-0.018560863492158377,0.9730771703046364,0.030640982423089123,6.902952623320075,-3.382451945537621,143.20728032091742,0.685,0.961,-3.0337
0.001,0.093994,0.03125,1.313477,-0.243835,0.506042,-15.676727,-0.01783034646781668,0.9745531655249083,0.030579164152826452,4.625876982071695,-4.717831290698586,141.68689010915782,0.68,0.961,-3.037
0.0007,0.063477,-0.016602,1.466797,-0.518494,-0.836731,-14.211884,-0.01788045506698706,0.9751744536629918,0.0305384225335348,2.9910484512275954,-4.508575299648017,141.30376809049676,0.677,0.961,-3.0402
0.0006,-0.024414,0.01123,1.40918,5.096741,1.787781,-15.035858,-0.018574882133061372,0.9748433436113156,0.030533996909792617,2.510944249719515,-3.2899433424333053,142.03235500413678,0.672,0.96,-3.0467
0.0004,-0.039551,0.14502,1.246094,1.06842,2.733826,-14.700165,-0.019388919931662144,0.9737697299188602,0.030593079545567958,3.7657554867587564,-2.346414011786772,143.43339362146335,0.669,0.96,-3.0483
0.0005,-0.009521,-0.036133,1.202148,-3.356628,6.151794,-12.563934,-0.01936964361821541,0.9743338567914351,0.03054419503125319,2.8296402469309045,-2.0378952872059872,142.90709974790434,0.666,0.96,-3.0515
0.0005,0.039551,0.025391,1.286377,-0.823669,0.963806,-9.939423,-0.019348786110372284,0.9746058342276411,0.030541321588993538,2.6683286334938314,-2.1920911919133097,142.66250492418334,0.661,0.959,-3.0548
0.0004,-0.05957,0.088379,1.333252,-0.579529,-3.278137,-12.960663,-0.019894066127331356,0.9741845885206277,0.030560071447493432,2.9859907562340284,-1.613036028975552,143.34394726284444,0.658,0.959,-3.0564
0.0005,0.027588,-0.015137,1.13501,-2.105408,-3.461243,-13.571014,-0.019794418793187565,0.9746500471081583,0.030540621135401402,2.575414617206239,-1.748470142621496,142.87042040312807,0.653,0.958,-3.0596
0.0005,-0.022705,-0.000244,1.150146,-2.288513,0.872253,-11.953583,-0.020013848631254497,0.9748066594827822,0.030531419934577468,2.3481756466954233,-1.527775233922656,142.84698612389985,0.65,0.958,-3.0629
0.0005,0.047852,-0.085449,1.346924,0.763245,-1.996399,-13.113251,-0.019816136374174047,0.9755002713921005,0.0304994049263378,1.7324330056584076,-1.7157132292900206,142.09983409158875,0.647,0.958,-3.0645
0.0005,-0.025391,0.080322,1.448486,1.83136,0.872253,-15.279999,-0.020145646001780943,0.9752887482031303,0.030516522404178747,1.9526882639805327,-1.5225803575467296,142.4947237252469,0.642,0.958,-3.0677
0.0031,-0.012939,-0.065186,1.090088,-2.19696,-1.782776,-13.448944,-0.02092518129386924,0.9762349951470695,0.03051560523612332,1.4837861181224703,-1.4286578951774498,142.12263011205584,0.639,0.957,-3.071
0.005,0.107178,0.057373,1.115234,0.580139,4.747986,-38.1987,-0.021782053804672567,0.9774700116030884,0.030581531246024658,1.6681139560883897,-1.8718653139628216,141.51513019274162,-0.037,1.239,2.113
0.0123,-0.07666,-0.037598,1.121338,0.366516,3.191589,-36.18454,-0.0252115214301728,0.979771398717055,0.030656760966417344,1.437510352140855,-1.4273363529579641,141.35435259847839,-0.039,1.242,2.1081
0.0116,-0.039551,0.050537,1.265381,1.83136,-1.630188,-33.926239,-0.028191505059551994,0.9816744689027297,0.03072132671440367,1.5816302598130403,-1.2522969111195537,141.30091971767735,-0.041,1.246,2.1016
0.0121,-0.069092,0.08374,1.394531,4.8526,6.243347,-36.581268,-0.031279383779400385,0.9834291243616023,0.03075604049220809,1.832968481753364,-0.9223276845830759,141.34246496889793,-0.043,1.249,2.0952
0.0122,-0.033447,0.208984,1.648682,-3.234558,10.271667,-45.88913,-0.0335178976630679,0.9843404122619257,0.03080147637378132,2.2345246287553624,-0.6846466166635287,141.39623487466812,-0.043,1.25,2.0822
0.0123,-0.268066,0.2854,1.153809,-1.006775,12.041687,-70.608368,-0.03683134120008203,0.9842121358674083,0.030638211315024325,3.0531856159559134,0.30850790461373606,142.24007643384468,-0.044,1.252,2.0644
0.0113,-0.406738,0.274902,1.42749,1.800842,24.584412,-80.068817,-0.03979971457643759,0.9841901122013095,0.030375589588724945,3.617414385047683,1.5316987837802827,142.63120684302038,-0.045,1.253,2.0531
0.0121,-0.650391,0.049316,1.614014,-4.241638,19.091248,-65.603485,-0.042456765976919025,0.9857897890970606,0.029891340620287303,3.478879343472439,2.966917742668416,141.7072108574404,-0.046,1.254,2.0369
0.0126,-0.272949,0.093994,1.204834,-3.417664,4.961609,-78.603973,-0.044873902140401586,0.9865938776201045,0.029625660120750123,3.511126860031016,3.642101691739081,141.17625930979753,-0.046,1.255,2.0207
0.0122,0.000732,0.128174,1.042236,-3.204041,11.492371,-75.521698,-0.04574188583397654,0.9859422244957261,0.029716768762123577,3.7099240787654115,3.6209088237305194,141.23607496058372,-0.046,1.255,2.011
0.0122,-0.644775,-0.095215,1.343262,-2.07489,-7.489563,-74.819794,-0.04724166116788779,0.988239507113119,0.029163792090426067,3.2467472922625547,4.692914357718583,139.08096651712071,-0.046,1.256,1.9932
0.0109,0.110352,0.1875,0.946045,-2.257996,-31.171204,-85.165253,-0.048079000485110365,0.9864084778332507,0.02943564194773639,3.6848323946132826,3.8548961700059063,140.0234194819795,-0.047,1.256,1.977
0.0122,0.066162,0.096924,0.948486,-0.1828,-17.407776,-81.564178,-0.04794806301612784,0.9854687543684871,0.029638054882319898,3.8083246174851584,3.3204864203717177,139.71298080567956,-0.047,1.256,1.9559
0.0122,-0.452637,-0.169189,1.687256,-2.380066,-33.521057,-78.115692,-0.047596437705670784,0.9873969602204136,0.029284491079992384,3.2728584222911254,3.5417526655374862,137.15287466742524,-0.047,1.256,1.9414
0.0122,-0.007324,0.038818,1.22998,-1.18988,-13.043762,-84.219208,-0.04742193282212885,0.9875584300316769,0.029329463040539985,3.1703395699410657,3.299524671649916,135.9905049475267,-0.047,1.257,1.9252
0.012,-0.640869,-0.234131,2.347412,-1.006775,4.56488,-73.751678,-0.047163057035887405,0.9888672164735308,0.029031830655548603,2.7148049472468307,3.927709740374945,133.93009923142998,-0.046,1.256,1.9074
0.0124,-0.408691,-0.234131,1.327637,0.549622,4.595398,-67.892303,-0.04627666916252188,0.990227656592107,0.028755820851265403,2.106536380181145,4.5554678396555826,131.40888864895575,-0.046,1.255,1.896
0.0111,-0.083496,0.036377,1.240967,-5.828552,5.175232,-64.260712,-0.04585398129508384,0.9897001368290055,0.028816215861129597,2.0014169098088472,4.61948636814755,130.74018821503586,-0.046,1.255,1.8734
0.0121,0.033691,-0.042969,1.456055,-2.441101,-5.048157,-61.941376,-0.044606442053750216,0.9900738352142364,0.02888859565439864,1.7578584846658374,4.348621699164151,129.1132783419152,-0.046,1.254,1.8588
0.0121,0.057617,0.041748,1.162598,1.251526,-8.221985,-65.756073,-0.04384506823790677,0.9899679085943248,0.029001267160773465,1.7452861749865536,3.996936052974386,128.06547336767554,-0.046,1.254,1.8474
0.0122,0.141113,0.075195,1.503662,-3.509216,4.778503,-63.406219,-0.04279138952709736,0.9895903160075644,0.029160712393005793,1.7117422283598442,3.7261111673844525,127.03647108718008,-0.046,1.253,1.8329
0.0121,-0.00708,-0.037598,1.4646,-1.250916,1.848816,-64.230194,-0.0419428818693713,0.9895345645881405,0.029212629485475643,1.5348952178173385,3.6416197655486076,125.73832696057676,-0.045,1.252,1.8151
0.0122,0.151855,0.042969,1.429199,2.807922,4.900574,-67.526093,-0.04356824721699275,0.9932198062997465,0.029076387938908335,1.5350536847085736,3.369278368445724,124.44796504290125,-0.045,1.252,1.8005
0.012,0.010986,-0.037354,1.299561,-3.356628,0.322937,-65.572968,-0.04258935107624753,0.9928700366982846,0.02915612390709555,1.3463290887342032,3.2508569591116387,123.1831408217163,-0.045,1.251,1.7924
0.0122,-0.082031,-0.070801,0.929932,-2.685242,-2.637268,-48.574677,-0.041813291477266326,0.9922234305185449,0.029169541077901772,1.0942253816243614,3.281590890087172,122.22153954232618,-0.045,1.249,1.7908
0.0113,-0.1875,0.150146,0.852051,-3.326111,-23.511292,-60.903778,-0.04315613563971065,0.9914207233320653,0.02910823315757819,1.3621694324692877,3.3455778292645104,122.92414936571089,-0.045,1.251,1.7568
0.0122,0.250488,0.140137,0.780518,0.763245,12.835144,-72.317352,-0.04174551977678751,0.9907495036182242,0.02942484985470103,1.6107357812668652,2.856750411873677,121.84769804736705,-0.045,1.25,1.7454
0.0121,-0.200195,-0.394531,1.744873,-3.387146,2.794861,-66.854706,-0.04075057471150152,0.9903262005655904,0.02936262777198337,1.0746240065062307,3.018300219875259,120.24597782635745,-0.045,1.249,1.7341
0.012,-0.14502,0.062012,1.15625,-6.011658,4.809021,-62.368622,-0.04112904802187957,0.9900444825240402,0.029340477383336158,1.050633900597589,3.2224843056104877,119.90992960200042,-0.045,1.249,1.7163
0.0122,-0.237305,-0.119629,0.670898,-0.213318,2.764343,-85.684052,-0.04213239297500317,0.9906168674771465,0.0291097553422468,0.6855684039938995,3.739027491032699,118.96439559651424,-0.045,1.249,1.7001
0.0115,0.394287,0.042236,1.195312,-1.311951,-2.911926,-84.219208,-0.0400145819830634,0.9906083632457079,0.02933305012562147,0.6443592149392728,3.0653920191694777,116.75562761526487,-0.045,1.248,1.6839
0.012,0.045898,0.069824,0.884521,3.662415,-3.644348,-85.806122,-0.039389125021494026,0.9901182047288484,0.029438762741807265,0.7634620393492028,2.843679264299057,115.58254582960684,-0.045,1.248,1.6661
0.0121,-0.076904,-0.004883,1.280029,-1.434021,1.2995,-94.717255,-0.0397554575190268,0.9908310309424807,0.029392134574297398,0.6725821028817153,2.8895524406944526,114.43922504797993,-0.045,1.249,1.6402
0.0123,0.438232,0.198975,1.81958,-5.706482,-0.134827,-88.400116,-0.038947340392650305,0.9914235984793522,0.029532413401363193,0.7108296442850266,2.438949851324379,112.7175541567832,-0.045,1.248,1.6272
0.0124,-0.163574,0.081543,1.254883,-0.915222,-1.141907,-89.681854,-0.038946584265122416,0.990698073386925,0.029536557811068585,0.7518961750709772,2.579956571228638,111.9318508234543,-0.045,1.248,1.6143
0.012,-0.095947,-0.069092,1.216064,-3.722839,9.935974,-81.930389,-0.03907665341059573,0.9908493942714317,0.02949862591295192,0.5613232312061953,2.7577189566278903,110.9174837658974,-0.045,1.249,1.59
0.0121,0.026611,-0.141357,1.873779,-2.746277,-8.557678,-83.639374,-0.03912303339973697,0.9915757906295523,0.02947199096420978,0.35191338527586924,2.5663676084251814,109.59932980027504,-0.045,1.249,1.5706
0.0109,0.28833,0.050781,1.130371,-0.915222,-1.752258,-90.627899,-0.03842226698049688,0.9924281964304406,0.02958423146558363,0.3637153618151046,2.098085017345203,107.80190221373908,-0.045,1.248,1.5528
0.0122,-0.048584,-0.105713,1.289307,-2.380066,1.2995,-87.393036,-0.0384741054569933,0.9922824891642731,0.029569314499470954,0.1686585499284885,2.114511936157275,106.70405699588443,-0.045,1.248,1.5414
0.0122,-0.022461,-0.056396,1.561523,-0.976257,3.039001,-85.836639,-0.03843567716258068,0.9922252918617867,0.02957332526326359,0.06484706343779587,2.1157447654191337,105.57459305493407,-0.045,1.248,1.5252
0.0121,-0.023682,-0.064697,1.707764,-0.94574,-2.515198,-83.852997,-0.03854325594703165,0.9926406342367644,0.029558482552022036,-0.036809190552518474,2.0500204902754775,104.48495961821996,-0.045,1.249,1.4961
0.0122,-0.036865,-0.148682,0.930664,-3.295593,-0.59259,-87.026825,-0.03890710515288146,0.9930224078143405,0.029507456956779584,-0.3368193819201973,2.033520641483992,103.41822157778013,-0.045,1.249,1.4799
0.0119,0.062744,0.010742,1.276367,-3.814392,-5.048157,-82.418671,-0.03865501305089759,0.993227878150693,0.02954037710372595,-0.39018773823283787,1.8363103007445052,102.12207153472679,-0.045,1.248,1.4637
0.0122,0.009766,0.009766,1.202393,-4.729919,-5.26178,-80.221405,-0.03847648482926407,0.993138167937556,0.029565301033141377,-0.4516764963088573,1.6991130878785496,100.98140942392371,-0.045,1.248,1.4508
0.0121,-0.024902,0.000732,1.41333,-7.049255,3.466248,-73.782196,-0.03844322853758276,0.9933255799135633,0.029568564052872493,-0.5472561601733814,1.7091651637383225,100.02606241202253,-0.045,1.248,1.4362
0.0121,-0.0625,-0.05249,1.358887,-2.257996,-1.263977,-74.514618,-0.03857652458273829,0.9935145300422019,0.02955199518331469,-0.6390668197296773,1.702063189681075,99.18247919876593,-0.045,1.248,1.4103
0.0111,0.19751,0.116943,1.297607,-0.823669,3.008484,-80.129852,-0.037988031147913,0.9939579680182542,0.029626070978803962,-0.5337754356871024,1.469174768522683,97.63970547179999,-0.045,1.248,1.399
0.0121,-0.13623,-0.174805,1.262939,-4.913025,-4.651428,-77.902069,-0.0384043264427895,0.9933821374797264,0.02958706725906593,-0.7864201517817203,1.5089559501363163,97.07369497636513,-0.045,1.248,1.3811
0.0121,-0.019287,-0.108887,1.220215,-2.532654,-1.325012,-77.902069,-0.03862984795542049,0.9935632603503111,0.029571200763672117,-0.9405538590794861,1.4571543903093773,96.16235976854917,-0.045,1.248,1.365
0.012,0.041992,0.007812,1.62915,0.091858,-4.132629,-81.259003,-0.038531715118751586,0.994075519937746,0.029579828015269594,-0.9350850627380769,1.3178274762529625,94.98735963282027,-0.045,1.248,1.3504
0.0125,0.048584,-0.13916,1.467773,-4.058533,-0.073792,-74.972382,-0.03871340666957694,0.9940994910586729,0.029580957539673686,-1.1081632629404943,1.2200960715620592,93.96949875824635,-0.045,1.248,1.331
0.0121,-0.05957,-0.052002,1.253662,-3.783875,5.266785,-72.439423,-0.03879546907564725,0.993795291783587,0.029578095713004546,-1.2017003822067247,1.2911113755652586,93.185515633553,-0.045,1.248,1.318
0.0113,-0.036621,0.0271,1.272461,-1.342468,1.055359,-78.970184,-0.03865285233276433,0.9939078622975801,0.0295840890762922,-1.1829495587979268,1.2830916223743682,92.22721398878078,-0.045,1.248,1.2986
0.012,0.116455,-0.01123,1.509033,-3.753357,-1.325012,-75.918427,-0.03851084503674074,0.9942661640990264,0.029605699760476605,-1.2297817494857726,1.1132976737444702,90.98415234699848,-0.045,1.248,1.2856
0.0122,-0.033691,-0.043213,1.362061,-4.424744,-0.836731,-78.665009,-0.03854635151755269,0.9940838979469313,0.029607481705614554,-1.3154735330978602,1.0808129406153122,90.0417338558951,-0.045,1.248,1.2743
0.0122,0.040527,0.066162,0.98584,-2.624207,-1.660706,-84.585419,-0.038168361898691695,0.9945186343780597,0.02963285835302722,-1.2520305502131515,0.9468466204908347,88.64210321188406,-0.045,1.248,1.25
0.0121,0.039062,-0.055664,1.439453,-3.783875,7.555603,-81.136932,-0.03821118570682279,0.994791022389236,0.029637084249651863,-1.335363932335297,0.9523975964275118,87.56875055276628,-0.045,1.248,1.2387
0.012,-0.06958,-0.12915,1.583008,-0.091248,7.525085,-80.892792,-0.038457992008578946,0.9944752172872648,0.029627268916930356,-1.4275060752876312,1.046245138807645,86.7794825125089,-0.045,1.248,1.2176
0.012,0.148682,0.071289,1.248291,-2.654724,0.261902,-81.259003,-0.03809858430537039,0.9946538922461269,0.029666523259371854,-1.3757468378150042,0.8489965830403268,85.27330908963052,-0.045,1.247,1.2014
0.0121,0.087158,0.002686,1.112061,-4.333191,2.886414,-84.615936,-0.03802358032049455,0.9944462850489849,0.029692634181991473,-1.4090868985038127,0.7340690729669024,83.95876540608326,-0.045,1.247,1.1869
0.0123,-0.041016,-0.034424,1.214111,-0.762634,-3.003479,-89.651337,-0.03798616381664659,0.9949353672668996,0.029683207242423747,-1.4382615617024423,0.6846943171491385,82.89624966151807,-0.045,1.248,1.1642
0.0119,0.219971,0.064941,1.589111,-3.661804,-3.430725,-90.749969,-0.037735920190533616,0.9956793359482861,0.02971265777805079,-1.414517078095267,0.43407239999373637,81.3436812403476,-0.045,1.248,1.1512
0.0116,-0.059814,-0.064209,1.081055,-4.241638,-10.663391,-90.688934,-0.037883875545866655,0.9953327339189475,0.02970380828700859,-1.5128269430206733,0.3284597138290024,80.46991293212633,-0.045,1.247,1.1286
0.0118,0.011475,0.032227,1.017334,-0.274353,-7.550598,-97.524872,-0.03766329573884264,0.9955581585260864,0.029714823284211996,-1.453285216778101,0.1748972506239835,79.09804099160232,-0.045,1.248,1.1124
0.0121,0.046631,-0.009033,1.683594,0.091858,7.525085,-95.144501,-0.037572815245381606,0.9959878808900088,0.029722554223605913,-1.4352933449084195,0.1909015627652661,77.83275434967393,-0.045,1.248,1.0978
0.012,-0.066162,-0.200928,1.416504,-1.617126,6.914734,-91.451874,-0.037995338582625646,0.9957959959102791,0.029703717187855423,-1.5958194282143998,0.2846149702005032,77.14740824611695,-0.045,1.248,1.0703
0.0119,-0.002686,0.010254,1.300781,-0.06073,11.889099,-90.566864,-0.03788419266194629,0.9958206437225452,0.02970983251196863,-1.5640828950984187,0.3788670331946455,75.941297553112,-0.045,1.248,1.0557
0.0126,-0.011963,-0.085449,1.202393,-0.030212,-0.378967,-87.759247,-0.03810754086329781,0.9955998051617304,0.02970657613798926,-1.6237495948637777,0.33646221905553686,74.9671666304732,-0.045,1.248,1.0347
0.0113,0.071533,-0.011719,1.168701,-2.349548,-0.287415,-87.454071,-0.038093769675526766,0.9958107498406494,0.029717887880873886,-1.6355841999424696,0.218400827897888,73.81959491257402,-0.045,1.248,1.0201
0.012,0.064941,-0.038086,1.400391,-3.234558,-5.627991,-87.118378,-0.03815129183737369,0.99594597810934,0.029725177615249766,-1.6775929610078053,0.05628847089897579,72.70367491101163,-0.045,1.248,1.0071
0.0122,-0.022461,-0.022461,1.161133,-1.983337,0.994324,-84.432831,-0.03806980289915296,0.9960868528424671,0.029725003110412252,-1.693805710420171,0.044496607522987196,71.65467669418166,-0.045,1.248,0.9828
0.0118,0.057861,-0.012451,1.561279,-0.793152,3.31366,-82.17453,-0.03804850312946999,0.9962128120562712,0.029732459438003147,-1.6828343352433366,0.0034731556997612363,70.5715125020173,-0.045,1.248,0.9683
0.0121,-0.0354,-0.045166,1.227539,0.244446,-1.843811,-82.876434,-0.03815292829477202,0.9959146991125123,0.029729527065209756,-1.6909543761310772,-0.02951918402426586,69.62122369028774,-0.045,1.247,0.9456
0.012,0.034912,-0.014648,1.109375,0.458069,2.581238,-82.693329,-0.03819698354496025,0.9959061303004542,0.029735573866968165,-1.6689175866535424,-0.07530619018091764,68.5402278249563,-0.045,1.247,0.9327
0.0123,0.118896,-0.010986,1.484619,2.655334,-2.24054,-84.402313,-0.038269203378170136,0.9960487344658716,0.029746601903283567,-1.613532910932397,-0.22580726709594465,67.36835354411129,-0.045,1.247,0.9181
0.0122,0.038818,-0.030273,1.223389,0.885315,-5.872131,-84.280243,-0.038315753095331195,0.9961529434707763,0.029751293448817474,-1.5964177808547888,-0.3676738661038265,66.30975742899192,-0.045,1.247,0.897
0.0116,0.002686,0.000977,1.47168,-0.793152,8.501648,-80.923309,-0.03812187235662353,0.9964790427978095,0.029755844813237668,-1.5720432681896899,-0.30364822124565377,65.27102489601906,-0.045,1.248,0.8825
0.0122,-0.093506,-0.105225,1.491943,3.906555,5.602478,-82.235565,-0.038149645765522745,0.9963977163204728,0.029746660869527614,-1.5701440648776428,-0.20416367245059575,64.46096816562411,-0.045,1.247,0.8614
0.012,0.009277,0.025635,1.531494,1.83136,8.898376,-79.916229,-0.03816540441819891,0.9962283095771819,0.029750295879899122,-1.5013918192673985,-0.13810334326934837,63.35236624677832,-0.045,1.247,0.8501
0.0118,-0.026123,-0.055176,1.238281,-1.647644,1.970886,-80.068817,-0.0383664081023779,0.9958690970299515,0.029746844678803185,-1.5400058394228409,-0.1285051553076841,62.47934845025503,-0.045,1.247,0.8339
0.0123,0.080811,0.031494,1.116211,2.807922,2.001404,-86.569061,-0.038332475692145214,0.9960460492993137,0.029757759383938598,-1.4467776361147502,-0.2169400277551003,61.211619943658945,-0.045,1.247,0.8128
0.012,0.1521,0.062012,1.431396,3.326721,-0.531555,-85.104218,-0.038269740131428275,0.9963820010667291,0.029772627589364657,-1.3335455375880727,-0.36154209240706636,59.94828720217606,-0.045,1.247,0.7983
0.0123,0.031494,0.002441,1.323242,-1.220398,-7.336975,-85.592499,-0.0382750751567214,0.9964294734632584,0.029776642613101704,-1.315844864035138,-0.5049129442053322,58.811815049726704,-0.045,1.247,0.7756
0.0112,0.03833,-0.020264,1.212402,-2.471619,1.970886,-86.813202,-0.03827266657141068,0.9965685651178358,0.02978151212792944,-1.3294258621935193,-0.5422264379188393,57.82581926982807,-0.045,1.247,0.7626
0.0124,0.044189,-0.083008,1.434326,0.610657,-0.745178,-85.134735,-0.0385073467875535,0.9964002925957602,0.029781347722291365,-1.3500815753997981,-0.6090477184655327,56.915168267886486,-0.045,1.247,0.7465
0.0123,-0.030029,0.016846,1.056152,0.183411,2.276062,-83.669891,-0.03838255441688293,0.9964375538690075,0.02978092177112587,-1.296583871810733,-0.5825540980715259,55.735875132512696,-0.045,1.247,0.7238
0.0121,-0.014893,-0.032959,1.50708,-1.281433,-3.674866,-84.554901,-0.038264450342540016,0.9965795426921937,0.02978190167719051,-1.302115110272364,-0.6414945077326648,54.714522594517774,-0.045,1.247,0.7092
0.0122,0.0896,-0.000244,1.159424,-1.617126,-3.400208,-82.601776,-0.038365822061806984,0.9967029550334504,0.0297907003336341,-1.2882800020344625,-0.7840991250450328,53.66395495290418,-0.045,1.247,0.6898
0.0114,0.012207,-0.050537,1.519043,-3.112488,3.130554,-75.796356,-0.03836863645906385,0.9967391206691131,0.0297918956928995,-1.3247187825508409,-0.7753457634537303,52.8479667047485,-0.045,1.247,0.6768
0.0122,-0.031006,-0.125244,1.372314,-3.234558,-2.515198,-75.613251,-0.03844265677384758,0.9966351156054692,0.02978805756088101,-1.4214635111835716,-0.8060214295510792,52.163672319796824,-0.045,1.247,0.6623
0.012,0.050049,-0.0354,1.40332,-3.692322,3.832458,-73.263397,-0.03862262402865516,0.9965214855225155,0.029788458623692095,-1.4558770989896146,-0.8164195330672608,51.3058183029703,-0.045,1.247,0.638
0.0122,-0.029541,-0.087646,1.363037,-2.410583,1.604675,-69.784393,-0.03881039826869194,0.9962590945829255,0.029782513453739615,-1.513991171138981,-0.798009157306781,50.58680604961066,-0.045,1.247,0.625
0.0131,0.053223,-0.003906,1.219482,-1.342468,0.231384,-72.195282,-0.0389161277906013,0.9962448164090797,0.029784629940770496,-1.4971053878282687,-0.8624664022698865,49.587691160409356,-0.045,1.247,0.6024
0.0112,0.064453,-0.016113,1.390137,-1.647644,-2.576233,-74.575653,-0.0389917847912945,0.9962811314934708,0.0297877254794749,-1.4907067942308228,-0.9554346476326552,48.733654049295666,-0.045,1.247,0.591
0.012,0.002441,-0.053467,1.16748,-1.495056,-3.888489,-75.887909,-0.0389835246044078,0.9963062104077556,0.029788896414891006,-1.514236734068461,-1.0268593672811972,47.89939022138166,-0.045,1.247,0.5781
0.0116,0.067383,0.022217,1.376953,-1.311951,-3.308655,-76.742401,-0.03893020743572136,0.9964823997782956,0.02979447494332639,-1.4737208618579405,-1.1304892435796468,46.89758457694598,-0.045,1.247,0.557
0.0123,0.09668,0.033203,1.24707,-3.234558,-2.667786,-77.688446,-0.0388950963070812,0.996723921335904,0.02980346418211805,-1.445075385081995,-1.2557348721884571,45.81755789736049,-0.045,1.247,0.5441
0.0121,-0.05127,0.059082,1.389893,-3.051453,1.391052,-79.27536,-0.03853234210993106,0.9969555153636126,0.029803033983233796,-1.3958626330492065,-1.2214172840888193,44.59095640688088,-0.045,1.247,0.523
0.0121,0.000977,-0.06958,1.27417,-2.685242,0.750183,-79.916229,-0.038444734168664535,0.997032109496087,0.029806676860160298,-1.438482534723888,-1.2324520578339069,43.725708605495264,-0.045,1.247,0.5084
0.0121,0.022949,-0.020508,1.356201,-2.746277,-0.104309,-78.26828,-0.03843659457279087,0.9970674593643569,0.029808222210669758,-1.4434070412874522,-1.26748432475316,42.76283045690925,-0.045,1.247,0.4939
0.0117,0.04248,0.026855,1.242188,-3.417664,-1.4776,-80.0383,-0.03837933503800447,0.997192237770551,0.029812017082027773,-1.4190461293792014,-1.3339319515538972,41.71015390858459,-0.045,1.247,0.4728
0.0124,0.034424,-0.040283,1.282959,-3.448181,4.625916,-80.923309,-0.038406633199685784,0.9972137611785012,0.029815208290857216,-1.4468393573952878,-1.3209245804141572,40.755932323513896,-0.045,1.247,0.4599
0.0123,-0.028809,-0.018066,1.356689,-2.685242,5.846619,-79.885712,-0.038244983717846896,0.9972989093330138,0.029815015664374514,-1.4475715815484855,-1.2482284682805047,39.705938352626205,-0.045,1.247,0.4404
0.0119,-0.013184,-0.06665,1.317139,-2.013855,4.351257,-81.808319,-0.03842916993830773,0.9971125632617114,0.029808894975993466,-1.4761888774199923,-1.207506520675535,38.79431041883057,-0.045,1.247,0.4226
0.0117,0.088135,0.01001,1.278076,-1.678162,2.153992,-84.06662,-0.03862917985019109,0.9970624930157,0.029810673771476958,-1.4463485552348152,-1.2655715064837503,37.79980231182712,-0.045,1.247,0.4081
0.0122,0.02832,0.01001,1.156738,-0.640564,-3.827454,-86.416473,-0.03864427591258492,0.9970962270203808,0.02981136298866526,-1.4001793778562568,-1.355514963213177,36.67578982671296,-0.045,1.247,0.3886
0.0121,0.070068,0.013916,1.368408,-1.06781,-7.977844,-90.353241,-0.038510005452313076,0.9972856461205638,0.029820449134722336,-1.3563949921137184,-1.5160757075116265,35.5483180245095,-0.045,1.247,0.3741
0.0122,0.046387,-0.011475,1.269043,-3.84491,-16.522766,-89.98703,-0.03837681519288629,0.9974381043258548,0.029828778312158254,-1.3601518762873925,-1.7657501218967937,34.45134954838567,-0.045,1.247,0.3498
0.0112,0.039551,0.007568,0.967529,-2.807312,3.191589,-91.787567,-0.03834878947051409,0.9975373826773407,0.02983422432794627,-1.3315376380716013,-1.782999051251315,33.37963203472608,-0.045,1.247,0.3352
0.0126,-0.005127,-0.035645,1.764648,-4.058533,0.109314,-87.08786,-0.03823376679896032,0.9975817652165094,0.029834233341783967,-1.3471459837608186,-1.789937943188383,32.24840530686598,-0.045,1.247,0.3223
0.0114,-0.0896,-0.124268,1.334473,-2.83783,0.078796,-85.287323,-0.03826400286114639,0.9973856588577225,0.029821471197338748,-1.412595320058363,-1.741259803362012,31.342923666185158,-0.045,1.247,0.3012
0.0119,-0.02124,0.028076,1.32666,-1.464539,14.055847,-77.718964,-0.038113258162150394,0.9974775209675262,0.02981933247435816,-1.3623971439579006,-1.5719239708405799,30.25692361109304,-0.045,1.247,0.285
0.0123,-0.077637,-0.183838,1.321777,-0.579529,1.696228,-73.934784,-0.03791739268635268,0.9974451864051698,0.029818872710900262,-1.4483591633131323,-1.513857355913454,29.516422603482443,-0.044,1.247,0.2623
0.0121,0.209229,0.039307,1.026611,0.488586,1.54364,-82.449188,-0.03809295582306495,0.997549548104947,0.029840260193889186,-1.364925457113026,-1.6890260348485082,28.673672345890143,-0.044,1.248,0.2526
0.0121,-0.009766,-0.050293,1.388428,-0.793152,-4.773499,-75.735321,-0.03768337190833055,0.9977402236193211,0.02985113699613392,-1.3597253818055366,-1.7505605476473165,27.763289857134744,-0.044,1.248,0.2429
0.0121,0.094971,-0.105957,1.015625,1.617737,-7.123352,-83.975067,-0.03742373984759805,0.997892098306256,0.029881636327258737,-1.3826146677511566,-1.9343293687124035,27.084255743263725,-0.043,1.248,0.2251
0.0123,0.271973,0.022217,1.582275,-1.95282,-2.911926,-77.718964,-0.03729409298482625,0.9981737264138045,0.029916676349301834,-1.3448703732229899,-2.1254946628049796,26.256279312725766,-0.042,1.248,0.217
0.0112,-0.069092,-0.150391,1.030518,-1.647644,-2.576233,-70.089569,-0.03664863846616592,0.9982563051039076,0.029936265547150773,-1.44218780971056,-2.103961207815166,25.699572385496722,-0.041,1.248,0.196
0.0122,0.080566,-0.007568,1.487549,-1.434021,6.21283,-73.019257,-0.0363854786563529,0.9984410527325039,0.02995352074610159,-1.4121060171833626,-2.081899031185138,24.80853108219083,-0.041,1.248,0.1814
0.012,-0.05127,-0.107178,1.238037,-3.051453,2.642273,-68.472137,-0.03617699246651503,0.9984173329192851,0.029955214136925798,-1.4746941368079187,-2.0214959919916327,24.074955902621546,-0.041,1.248,0.1717
0.0138,0.030029,-0.123779,1.340332,-2.105408,-0.684143,-66.42746,-0.03552469093912638,0.9986589266193239,0.02998808108945165,-1.5324012011646861,-2.0604162277275613,23.338015396484458,-0.04,1.248,0.1571
0.01,0.162598,-0.061279,1.319092,-2.013855,-2.271057,-60.87326,-0.035346291128554724,0.9988324678315831,0.03002114492360437,-1.5511289677647035,-2.1904303705981802,22.909099161024283,-0.039,1.249,0.1458
0.0122,0.05835,-0.111572,1.299805,-2.288513,0.719666,-57.943573,-0.034838725635257334,0.9990273834685173,0.030056131575319566,-1.6063407401565433,-2.2244370961086557,22.39330475610614,-0.039,1.249,0.1361
0.0124,0.08252,-0.017334,1.137695,0.091858,-0.653625,-64.932098,-0.03408235452973689,0.9994118487928251,0.030100584030733846,-1.5651953032515182,-2.301919943661136,21.61975174967327,-0.037,1.249,0.1166
0.0118,0.080811,0.01709,1.479004,0.152893,-1.996399,-63.345184,-0.03338573308549672,0.9997575736248686,0.030134933378383102,-1.5018874116769412,-2.373206611808142,20.812012536025296,-0.037,1.249,0.1085
0.0122,0.025635,-0.13208,1.389893,-2.166443,-1.141907,-53.732147,-0.03264354327290267,0.9999727891494403,0.03017659430194444,-1.5637068987383715,-2.4024060425387535,20.34579978843635,-0.035,1.249,0.094
0.0122,0.061523,-0.145508,1.410156,-3.417664,2.855896,-45.797577,-0.03201433278009762,1.0001704295816083,0.030222393407084713,-1.65089179182728,-2.4025163411703176,20.01731125721903,-0.034,1.249,0.0859
0.012,-0.013916,-0.121094,1.145508,-1.464539,3.496765,-42.318573,-0.03132253863910458,1.0003312528283965,0.03025585721369222,-1.716256551453793,-2.3495122996416504,19.689385203373014,-0.033,1.249,0.0778
0.0121,-0.067139,-0.137695,1.316162,-0.152283,-0.012756,-45.187225,-0.030386784347217775,1.0005353762066886,0.03028679819744215,-1.762887690551837,-2.306100742147618,19.28345997453047,-0.032,1.249,0.0632
0.0113,0.022705,-0.059326,1.221436,0.122375,1.635193,-44.11911,-0.02949557261551409,1.0008361652715856,0.03032737585413149,-1.7597191001116996,-2.302581817993761,18.8347898051102,-0.031,1.249,0.0567
0.0122,-0.081299,-0.067627,1.400635,1.556702,-1.935364,-44.485321,-0.028340067402853206,1.0011274043484273,0.03035548466322551,-1.7370048563518623,-2.2758955638747476,18.289227934681193,-0.029,1.249,0.0454
0.0121,-0.020752,0.052979,1.158691,1.739807,-7.886292,-48.422089,-0.026994227468286794,1.0015566873414599,0.03039233251318207,-1.6291646504338024,-2.356300354667607,17.51941103320434,-0.028,1.249,0.0373
0.0127,-0.016357,0.001465,1.246582,-1.311951,-5.170227,-49.79538,-0.025726678732088143,1.0019265664892474,0.030432500342769696,-1.5959573440318149,-2.4104633663313866,16.804518198243557,-0.027,1.249,0.0292
0.0116,0.010986,0.015381,1.282227,-1.739197,3.985046,-48.849335,-0.024574230045473985,1.0022751926892142,0.03047549537784392,-1.5602528974436891,-2.369284530530492,16.150932285569144,-0.026,1.25,0.0146
0.0112,-0.084229,-0.116699,1.550293,-1.220398,5.999207,-46.13327,-0.023560470494474565,1.00248150200482,0.030495387171928953,-1.5956550195164303,-2.2528133343287,15.659507206072348,-0.025,1.25,0.0065
0.0124,0.00708,0.045898,1.396973,-1.95282,3.161072,-41.464081,-0.02253877915595003,1.0027692343677388,0.030528322520153337,-1.5503304920503187,-2.2151340468490814,15.02901879313215,-0.024,1.25,-0.0032
0.0121,0.016357,-0.04248,1.08667,-4.302673,1.635193,-39.449921,-0.021606353613195555,1.00301612157278,0.030565915582621492,-1.595113492599669,-2.2074069169007156,14.57196237571065,-0.023,1.25,-0.0097
0.0122,0.061279,0.039551,1.297852,0.366516,-2.36261,-44.546356,-0.02058529596096313,1.0033127152206487,0.03061430002445179,-1.5228504168213268,-2.2741007897763046,13.96377272144566,-0.022,1.25,-0.0194
0.0115,-0.040527,-0.020752,1.307129,0.763245,-4.773499,-50.009003,-0.019382920589811496,1.0035729123645678,0.030642012139156693,-1.4838594731047,-2.300890566629651,13.322530923346427,-0.021,1.249,-0.0307
0.0122,0.02124,-0.018555,1.413086,-0.518494,3.191589,-52.786102,-0.01819844380533479,1.0038514904454083,0.030688246846592947,-1.4558330425446524,-2.273860841791034,12.655564321485995,-0.02,1.249,-0.0388
0.0123,-0.022461,-0.09668,1.228027,-0.152283,3.862976,-49.673309,-0.017100721364320833,1.0040655077137268,0.030719072752657887,-1.4796801725246074,-2.211720004839187,12.086320230506633,-0.018,1.249,-0.0518
0.012,0.008301,0.020508,1.361084,-0.091248,6.701111,-49.368134,-0.01594729153685939,1.0043109447451324,0.03075875180325948,-1.4259524451312104,-2.1360376627520146,11.424541742686026,-0.017,1.249,-0.0615
0.0121,0.00415,0.058594,1.340576,-3.234558,-5.017639,-49.03244,-0.014876168330296514,1.0045250047400098,0.030791751199735953,-1.3867665560360656,-2.197774777754066,10.72452383982382,-0.017,1.249,-0.0712
0.0112,0.022217,0.031738,1.125244,-0.304871,-0.928284,-51.962128,-0.014131744536472162,1.004673253405871,0.030821783948115272,-1.3253328751608433,-2.2239605197119667,10.079541354190958,-0.016,1.249,-0.0906
0.0121,0.015381,0.096924,1.583008,-3.08197,2.031921,-53.091278,-0.01362167301098883,1.0047688595786775,0.03083675256335822,-1.2693777411798004,-2.204399816253182,9.317981372776588,-0.016,1.249,-0.1052
0.012,-0.03418,-0.047363,1.174316,-3.661804,-1.996399,-57.394257,-0.013146860473743945,1.0048288986530007,0.030833218640428,-1.3018668524926322,-2.2048416787754577,8.584916028667612,-0.016,1.249,-0.123
0.0123,-0.047607,0.164307,1.378174,-0.915222,-0.317932,-59.072723,-0.01225690447545699,1.0049564440312084,0.030845603437459006,-1.1703024929498402,-2.1795633652736157,7.634319266574662,-0.015,1.249,-0.1311
0.012,0.015137,-0.044922,1.322021,-2.19696,4.503845,-57.760468,-0.011593013761285152,1.0050436143731498,0.03086746399230643,-1.182382251001828,-2.134438394336595,6.942796642132088,-0.014,1.249,-0.1408
0.0122,-0.014648,-0.039307,1.4104,-2.105408,3.832458,-60.720673,-0.01094306481241347,1.005120732291859,0.030878026443192024,-1.1874239855285555,-2.0793601755497098,6.1619808235263935,-0.014,1.249,-0.157
0.012,-0.031006,0.007568,1.305176,-0.793152,0.078796,-67.281952,-0.010408160808023344,1.0051781132320987,0.0308798090196832,-1.1465330096203465,-2.060905967401454,5.268468344690081,-0.013,1.249,-0.17
0.0122,-0.018555,0.049072,1.240723,-3.265076,1.482605,-70.913544,-0.00979465695398839,1.0052351031613427,0.030891364048128228,-1.1067322321891166,-2.034156386260539,4.311690017407321,-0.013,1.249,-0.1878
0.0121,-0.022705,0.087646,1.304199,-2.9599,-4.712463,-75.002899,-0.00922004850051019,1.0052776601676332,0.030901958900270254,-1.0396043461639977,-2.079563463827082,3.295886426136422,-0.012,1.249,-0.2007
0.012,-0.010986,0.038086,1.075684,-3.539734,-3.644348,-76.193085,-0.008725805116148372,1.00530651177058,0.030912222509624512,-1.0042439647246708,-2.118527535764176,2.3094715043550726,-0.012,1.249,-0.2137
0.0114,0.006836,0.14209,1.72583,-4.455261,7.677673,-75.24704,-0.00831684531546846,1.0053181420768893,0.030929455009128862,-0.9435883328786421,-2.0332172324513342,1.383081545389754,-0.012,1.249,-0.2315
0.0125,-0.038086,-0.139404,1.292725,-1.342468,-2.545715,-77.963104,-0.008023345604576387,1.005349691300304,0.030907059211880226,-0.9991330195581679,-2.0429881555292284,0.3409813848079367,-0.012,1.249,-0.2444
0.0112,-0.093506,0.082275,1.290771,-0.487976,3.588318,-78.26828,-0.0075933073838919075,1.0053755673715343,0.030890510937121682,-0.9084095759075898,-1.9449799028885628,-0.7199031891046963,-0.011,1.248,-0.2655
0.012,0.000244,-0.030762,1.577637,-2.746277,2.947449,-75.399628,-0.007395762482078069,1.0053829937480168,0.030888872666628764,-0.9141119972473238,-1.910197807045085,-1.6597983840135926,-0.011,1.248,-0.28
0.0121,-0.034668,-0.084473,1.135498,-1.800232,-3.796936,-80.618134,-0.007420732034215808,1.0054217090169473,0.030859214384016283,-0.9495954671069299,-1.9350538350471285,-2.728823644737482,-0.011,1.248,-0.2946
0.0122,-0.10791,0.014404,1.123291,-0.213318,-4.224182,-83.212128,-0.007107575326979457,1.0054539983729762,0.030825807984198487,-0.8938362540898427,-1.9128792713631564,-3.9405282034262603,-0.011,1.248,-0.3157
0.0123,0.005615,-0.105469,1.486816,-2.166443,0.445007,-78.848114,-0.006970312597728016,1.005474422970687,0.030814903766109174,-0.9329014462777676,-1.9120441522763547,-4.959629542266239,-0.011,1.248,-0.3286
0.0121,-0.042236,-0.109863,1.377686,-2.410583,-5.353333,-82.998505,-0.007112925612160514,1.005541488816922,0.03077867123626663,-0.9792487324289414,-1.9544092365578754,-6.077581834958315,-0.012,1.249,-0.3545
0.012,-0.040039,0.115234,1.115967,-3.08197,2.520203,-78.329315,-0.007047648881388978,1.0054961464090328,0.030784665369324792,-0.8877380454986918,-1.9013352168119733,-7.0170529265516475,-0.011,1.248,-0.3659
0.0124,0.039062,-0.049561,1.677002,-5.553894,1.42157,-76.986542,-0.007051467800943928,1.0055006662833759,0.03078420258041953,-0.9363223329221249,-1.9038718169604674,-7.971983081354134,-0.012,1.249,-0.3804
0.0111,0.069336,0.062744,1.093262,-4.577332,-1.965881,-80.526581,-0.007442035580448242,1.0054717229358965,0.030805786291123034,-0.8972295471129468,-1.9822032158444207,-8.720423622619817,-0.012,1.249,-0.3999
0.0123,0.012451,0.011719,1.239502,-4.241638,7.830261,-82.662811,-0.007634601736294018,1.0054890035081603,0.030802615459267945,-0.8942031655120961,-1.8990219468366838,-9.727576311635952,-0.012,1.249,-0.4144
0.0123,0.1521,0.053711,1.41626,-1.06781,-0.378967,-88.21701,-0.008008036001193132,1.005437689600608,0.030835181531436138,-0.8286729973675401,-1.9951529139566775,-10.604279206324623,-0.012,1.249,-0.4387
0.0122,0.11084,0.058105,1.400391,2.258606,-3.461243,-89.468231,-0.008300588663708048,1.0054062068909853,0.030859528294801358,-0.7183615300959008,-2.1032335138099363,-11.545476968619882,-0.012,1.249,-0.4517
0.0111,0.046875,-0.008057,1.30835,0.580139,-2.667786,-89.956512,-0.008380860805656367,1.005401422451467,0.030864990410852337,-0.6695471768849574,-2.159735442180962,-12.505426066922814,-0.012,1.249,-0.4679
0.0128,0.072021,-0.071533,1.263916,-2.044373,-4.742981,-90.139618,-0.008420271116754545,1.0053896567205882,0.030870239213900714,-0.6864707343328688,-2.2646947039675576,-13.607407833386187,-0.012,1.249,-0.4905
0.012,0.030029,-0.031006,1.306641,-2.715759,1.726746,-87.20993,-0.008496958764478743,1.005409009551218,0.03086647338543929,-0.6864589792188656,-2.2593456923623374,-14.653399293988548,-0.013,1.249,-0.5051
0.0112,-0.051514,-0.114014,1.554443,-3.84491,1.391052,-79.855194,-0.008533307103869051,1.0055019434989436,0.030832948124917374,-0.7429423735674402,-2.21028867342166,-15.676276729939143,-0.012,1.249,-0.5294
0.0122,-0.018311,-0.064453,1.153564,-1.983337,-1.35553,-77.2612,-0.008382247762815856,1.0055153121799512,0.030818651323665385,-0.7640734019842913,-2.2116130198373605,-16.70124852986956,-0.013,1.249,-0.544
0.012,0.146729,0.074463,1.26001,-2.776794,-1.965881,-78.024139,-0.008698646591106068,1.0054729167531171,0.030853768461865144,-0.7031485636641887,-2.3259740351966114,-17.43685492584042,-0.013,1.249,-0.5585
0.0122,0.013672,-0.021729,1.090576,-2.166443,-5.109192,-76.620331,-0.008688954183250842,1.005479734147718,0.030850618457069424,-0.6960143102064674,-2.394377000307806,-18.38569057403315,-0.013,1.249,-0.5763
0.0121,0.02832,-0.149658,1.563721,1.159973,5.236267,-78.176727,-0.008535606480617769,1.005474364564347,0.030839411576958384,-0.7093447255609384,-2.3381923999135763,-19.390296736042625,-0.013,1.249,-0.5925
0.0122,0.025879,-0.076172,1.655273,4.486389,-0.134827,-79.305878,-0.008724013090075528,1.0055656960713648,0.030821728506146107,-0.6427412753579805,-2.3448815952999467,-20.390834017347256,-0.013,1.249,-0.6136
0.0121,-0.01416,-0.024902,0.978271,1.221008,4.229187,-82.17453,-0.008792605289596245,1.005628938362458,0.030806503672493622,-0.5977777497134006,-2.2796754804875334,-21.436096164613637,-0.013,1.249,-0.6282
0.012,0.075928,0.037354,1.235352,-0.94574,0.048279,-87.362518,-0.009033673834806834,1.005655965127117,0.03081766177971016,-0.5340506084341076,-2.32384307452054,-22.39997827608379,-0.013,1.249,-0.6443
0.0121,0.050049,0.045898,1.265869,0.000305,-10.571838,-83.334198,-0.009192700341565557,1.0056773985688812,0.03082607648149736,-0.4548589487518706,-2.4752828673939784,-23.353791155611926,-0.013,1.249,-0.6638
0.0112,0.080322,-0.009033,1.5979,-3.326111,-2.60675,-81.716766,-0.00910180616521487,1.005606790420252,0.030839279708160985,-0.449453447890966,-2.5320264052694137,-24.232990414677023,-0.013,1.249,-0.6783
0.012,0.039307,-0.0896,1.165771,-5.737,-6.787659,-78.970184,-0.00900077639820006,1.005582060954779,0.030834252387344663,-0.528042590010198,-2.6293598657834716,-25.208879134686292,-0.013,1.249,-0.6994
0.0122,0.002197,0.003174,1.021973,-7.598572,-0.195862,-76.711884,-0.008777936995127404,1.0054905011177253,0.030842381703571654,-0.5653696277878345,-2.625481586245804,-26.15784070715624,-0.013,1.249,-0.7123
0.0119,0.05957,-0.07251,1.722168,-4.638367,-0.653625,-76.894989,-0.008659614485525598,1.005441511205276,0.030844575217367425,-0.6033858745641972,-2.6479648372115117,-27.088086816111733,-0.013,1.249,-0.7285
0.0122,0.01001,-0.053955,1.299561,-2.410583,-6.970764,-78.603973,-0.008654141995501708,1.005475963066314,0.030833272476568543,-0.6114438966350391,-2.728317400517422,-28.08854512078142,-0.012,1.249,-0.7464
0.0118,0.030029,0.041504,1.170654,-2.319031,5.846619,-77.657928,-0.008480135301769706,1.0053527288427162,0.030852573759557356,-0.5579359678249859,-2.670867305412677,-28.96705151301988,-0.012,1.249,-0.7577
0.0123,0.112549,-0.002197,1.625732,-2.227478,5.144714,-80.16037,-0.008630590911303726,1.0053788110181416,0.030859009353285168,-0.5326396298238113,-2.650930682025675,-29.901309241012072,-0.012,1.249,-0.782
0.0119,-0.009277,-0.0354,1.303467,0.335999,-3.430725,-82.2966,-0.008680273897459368,1.0054578423915312,0.03084336996773737,-0.4964404194542514,-2.6745273105565923,-30.928272722429398,-0.012,1.249,-0.7949
0.0122,0.013428,-0.087402,1.106201,-0.732117,-3.552795,-81.930389,-0.008580370026622968,1.0054537789336218,0.030831673654864982,-0.5123025845211073,-2.71670620898207,-31.994396704947757,-0.012,1.249,-0.8095
0.012,0.071777,0.049072,1.302979,-1.037292,-8.923889,-87.270966,-0.008684927714365024,1.00545581718685,0.030843418982397782,-0.43635871104944185,-2.8550802578200325,-32.97935365369858,-0.012,1.249,-0.8322
0.0124,0.020264,0.055664,1.549561,-0.762634,2.642273,-79.061737,-0.008562217395682475,1.0053705526640573,0.030854908179523573,-0.3620962365198699,-2.817143209991043,-33.94013139586666,-0.012,1.249,-0.8435
0.011,-0.028809,-0.132568,1.727783,-0.579529,1.055359,-78.054657,-0.008458804772467137,1.0054106725143392,0.030833002491790287,-0.3811823322640656,-2.7738211526335945,-34.900296476051196,-0.012,1.249,-0.8694
0.0123,-0.032471,0.031494,1.192627,-2.380066,-0.867249,-80.679169,-0.008382111420549183,1.0054011321663934,0.030830581156320425,-0.33450770674660296,-2.749501024675802,-35.903038605300885,-0.012,1.249,-0.8807
0.0121,0.080811,-0.040283,1.06958,-3.84491,0.994324,-75.826874,-0.008483484422905089,1.0054253895997172,0.03083225211422967,-0.3593786389771229,-2.783496637491467,-36.80744205302761,-0.013,1.249,-0.8937
0.0123,0.077148,-0.022461,1.387939,-4.699402,-1.080872,-76.009979,-0.00869470861873734,1.0055500650669187,0.03082519384320717,-0.37759184107959015,-2.82480935841131,-37.7295301819805,-0.013,1.249,-0.9131
0.0121,0.050781,-0.017578,1.580322,-3.204041,-8.40509,-75.796356,-0.008722837606726933,1.0055716609022778,0.030823250180204403,-0.3727252903635206,-2.933727373946304,-38.6488846131415,-0.012,1.249,-0.9245
0.0115,0.005371,-0.093018,1.196777,-0.793152,7.311462,-74.209442,-0.008615852031975802,1.0055650754073007,0.030810772404874887,-0.39309350589762654,-2.8373773445448096,-39.58234772035584,-0.012,1.249,-0.9471
0.0119,-0.009033,-0.008301,1.242432,-2.013855,3.954529,-76.864471,-0.008593777427952953,1.0055891647536879,0.030804805174455645,-0.3704016806082318,-2.7702155377902726,-40.514736914330236,-0.012,1.249,-0.9617
0.0127,0.078369,-0.008301,1.469482,-1.159363,1.42157,-73.629608,-0.008648988326576896,1.0056002207158035,0.030807497853007952,-0.33820433184776116,-2.778243057326722,-41.43480307418438,-0.012,1.249,-0.9714
0.0121,0.022705,-0.011719,1.352295,-0.091248,-6.848694,-75.430145,-0.008671099159941756,1.0056364659431023,0.030803248954379085,-0.2952939100083243,-2.8573104209370634,-42.354871585027695,-0.013,1.249,-0.9925
0.0111,0.015869,0.11377,1.002197,-1.18988,-18.10968,-79.39743,-0.008627261468689413,1.0055187674266266,0.03082802321961881,-0.16812282342448623,-3.054820878044975,-43.11984093117931,-0.012,1.249,-1.0054
0.0121,0.029785,-0.053711,0.978271,-2.746277,15.093445,-72.195282,-0.008472797433907404,1.0054024146616602,0.030830977706526642,-0.19373480984880234,-2.8794646014262413,-44.03924403871354,-0.012,1.248,-1.0216
0.0122,-0.036621,-0.178711,2.312744,0.213928,0.322937,-60.812225,-0.00825489020506353,1.0053311069052822,0.030819353155440963,-0.21132918072602683,-2.8394978009471585,-44.882353365887425,-0.012,1.249,-1.0346
0.0121,-0.111084,-0.148193,1.167969,-0.426941,7.921814,-62.673798,-0.008278442555299593,1.0056349419479538,0.030768234776577228,-0.2731172770313039,-2.653630071558518,-45.822833141844804,-0.012,1.249,-1.0491
0.0123,0.040039,0.096924,1.403076,-3.020935,6.701111,-61.331024,-0.00845811628705282,1.0057282057568715,0.030773979528542675,-0.21593443215776015,-2.5784452590505564,-46.47754011650149,-0.013,1.249,-1.0653
0.0112,0.103271,-0.05835,0.963867,1.06842,-8.771301,-64.565887,-0.008680828372411218,1.0059086469864693,0.030761710062739034,-0.2120760538013767,-2.7450603042585904,-47.24104943108745,-0.013,1.249,-1.075
0.0125,0.145508,0.07373,1.760498,-3.875427,-7.825256,-59.86618,-0.008764270641030695,1.0058842586853023,0.030774771798758635,-0.18679228122033345,-2.886446209788253,-47.9266987482517,-0.013,1.249,-1.088
0.0122,-0.049561,-0.141113,1.038818,-5.920105,4.351257,-60.415497,-0.008535784519444124,1.0058361615286109,0.03075428042081851,-0.3217799561441444,-2.780151870404947,-48.81738154922102,-0.012,1.249,-1.1042
0.0122,0.02002,-0.028809,1.332764,-0.213318,3.862976,-58.004608,-0.008468199458290868,1.0057843779565563,0.030754815097213208,-0.3014048267240293,-2.7281029648507116,-49.54325196069527,-0.013,1.249,-1.1123
0.0113,-0.093262,0.045166,1.386475,0.366516,2.367615,-54.83078,-0.008420054408189926,1.0057905434127372,0.030753536884170526,-0.236774293421709,-2.6322084945346287,-50.115627098576034,-0.013,1.249,-1.1285
0.0124,0.006592,-0.071777,1.168213,-3.143005,-1.447083,-54.861298,-0.008464983889453758,1.0059284475555503,0.030736390886557555,-0.28688280960285495,-2.638993902170026,-50.87039143590593,-0.013,1.249,-1.1398
0.0123,0.132568,0.023682,1.181396,0.732727,-0.256897,-56.143036,-0.008557381062975808,1.0059186131806432,0.030745966138213822,-0.22474763667579614,-2.713674457380258,-51.52973489371609,-0.013,1.249,-1.1479
0.012,0.016846,-0.034668,1.710449,-0.884705,1.024841,-56.356659,-0.008562382101416924,1.0059605176363349,0.030740317833571718,-0.21496277090812135,-2.6896259518501933,-52.2240355148461,-0.013,1.249,-1.1625
0.0113,-0.086182,-0.094482,1.215576,-1.342468,-2.576233,-55.135956,-0.008470759240261035,1.0060239195217593,0.030721497592270344,-0.25618823165331495,-2.646971004105752,-52.92698645069909,-0.013,1.249,-1.1738
0.0125,-0.045898,0.018311,1.306152,1.251526,-1.019836,-57.333221,-0.008339449270784232,1.005880575974991,0.030729734349125553,-0.1911348479487314,-2.616107457237798,-53.603218091452575,-0.013,1.249,-1.1884
0.0122,0.096436,0.075439,1.393311,-0.1828,-1.965881,-53.274384,-0.008309306026538581,1.005711423281243,0.030750034636189128,-0.11685453380438196,-2.6761835734401265,-54.17553932657819,-0.013,1.249,-1.1965
0.012,-0.002197,-0.075195,1.1521,-3.570251,2.916931,-52.541962,-0.008396303868571401,1.0059384075557267,0.03072751868260497,-0.17703511342265135,-2.622994674691104,-54.88587276683914,-0.013,1.249,-1.2078
0.0118,-0.017578,0.020508,1.358154,-0.915222,-3.583313,-52.511444,-0.008473795239898246,1.0060609872135549,0.030722023695086143,-0.1428401215395331,-2.63745250393405,-55.46824630203334,-0.013,1.249,-1.2207
0.0116,0.054932,0.00708,1.224609,-1.525574,-3.095032,-50.955048,-0.008478786388173046,1.0060282194322867,0.03072626174144987,-0.12417639551551907,-2.690719319071478,-56.04741453153476,-0.013,1.249,-1.2272
0.0123,0.024658,-0.052002,1.362061,-3.84491,-0.501038,-45.339813,-0.008367404782926876,1.005915731232477,0.03072791539691898,-0.17093457608610382,-2.6921032156421245,-56.65050456981636,-0.012,1.249,-1.2369
0.012,0.016113,-0.080078,1.192383,-0.854187,-1.325012,-42.074432,-0.008232603978318162,1.0058036415206695,0.030725677000098203,-0.20519575190978728,-2.700860601802682,-57.239295883088516,-0.012,1.248,-1.245
0.0121,0.008301,-0.061523,1.4729,-0.121765,-0.59259,-38.168182,-0.00820091049064545,1.0058223249810943,0.03071911033507538,-0.21311570656523762,-2.6931417494534786,-57.74467364479959,-0.013,1.249,-1.2564
0.0122,0.019287,-0.133057,1.262939,0.000305,0.719666,-45.553436,-0.008365869091238329,1.006227217560667,0.03068352119823665,-0.26420213939417764,-2.678848862844701,-58.43877256156701,-0.013,1.249,-1.2693
0.0121,0.081787,-0.016357,1.193604,0.122375,0.902771,-40.33493,-0.008479902498684381,1.0063996205980899,0.03067408002016057,-0.2451624148122674,-2.704431945572998,-58.96562183644069,-0.012,1.249,-1.2726
0.0111,0.031982,-0.006592,1.482666,0.030823,-0.836731,-35.360565,-0.008409871559966437,1.006283874115114,0.030680572845485622,-0.22481034965788274,-2.7111760365618527,-59.352423027037396,-0.012,1.248,-1.279
0.0121,-0.003662,-0.067871,1.354248,-2.807312,-1.416565,-29.470673,-0.008318863930948255,1.0061968598695479,0.03067942469387923,-0.27564866304701124,-2.7074274889972445,-59.74867858723651,-0.012,1.248,-1.2855
0.0122,-0.010498,-0.068848,1.315186,-1.525574,0.41449,-27.48703,-0.00810485115317334,1.0058964481321344,0.030689666108270005,-0.31347791300571964,-2.678112277251795,-60.122213444287226,-0.012,1.248,-1.2952
0.012,0.13623,0.000732,1.240967,1.007385,7.036804,-38.839569,-0.008282815659284373,1.0061868509911738,0.03067587146333921,-0.27392109666082254,-2.662098008918541,-60.64609417179721,-0.012,1.248,-1.3098
0.0122,0.032715,0.072754,1.591309,-1.372986,0.841736,-34.17038,-0.008408236324670668,1.0063599975247082,0.030672683526813238,-0.23041757194821835,-2.6490491161174288,-60.99153693597597,-0.012,1.248,-1.313
0.012,0.007812,-0.047119,1.299561,-2.685242,0.902771,-31.454315,-0.008453106085237857,1.0064757558699213,0.03066306787554651,-0.2680351498369401,-2.6254808140792867,-61.393697567884004,-0.012,1.248,-1.3179
0.0124,0.035645,0.050049,1.406494,-3.051453,-0.256897,-26.266327,-0.008417117001549013,1.0063693916055272,0.030673477217101716,-0.2574320297717397,-2.6303755631906762,-61.66400653966991,-0.012,1.248,-1.326
0.0111,-0.003174,-0.06665,1.176758,-1.281433,3.924011,-29.104462,-0.00828764515794754,1.0061833968937135,0.030677505467278852,-0.29514460204080434,-2.568745591846523,-62.033756829735104,-0.012,1.248,-1.3341
0.0123,0.075439,-0.026123,1.700684,-1.464539,0.689148,-34.109344,-0.008222099062747665,1.0060654835266385,0.03068258035359737,-0.3011226757112781,-2.576440558645553,-62.47861537004534,-0.012,1.248,-1.3422
0.0119,-0.054688,0.035156,1.192627,-1.220398,-4.010559,-36.489716,-0.008199786503179613,1.006006022737764,0.030689453784951613,-0.2664133273418617,-2.5732035179152124,-62.81124985137093,-0.012,1.248,-1.347
0.0121,0.089111,0.034912,1.233887,-0.884705,2.001404,-34.384003,-0.008191240641604713,1.0059384941390026,0.03069694882452578,-0.23102505936349252,-2.588898367385738,-63.21363233085792,-0.012,1.248,-1.3551
0.0116,0.010254,-0.026855,1.282959,-1.403503,0.231384,-32.736053,-0.00812327649607416,1.0058231310123806,0.03070116359487088,-0.24110751779079864,-2.5756639674969746,-63.601612626240914,-0.012,1.248,-1.3616
0.0125,-0.062744,0.046631,1.392578,-0.487976,-2.393127,-38.381805,-0.008033881303823435,1.0056392148091273,0.030714272396744954,-0.1940917640645453,-2.5538080393652245,-63.983581354160684,-0.012,1.248,-1.3697
0.0121,-0.026123,-0.057129,1.327637,-1.281433,0.841736,-32.52243,-0.007983059204646996,1.0056007819411887,0.03071184365013383,-0.22072080803412836,-2.5116841781079993,-64.40260626086028,-0.012,1.248,-1.3762
0.0122,-0.02124,-0.075195,1.323486,0.274963,4.198669,-28.951874,-0.00795142872546231,1.0056093919015319,0.030705778229789038,-0.24130922682066897,-2.4322196081773395,-64.80400859131211,-0.012,1.248,-1.3827
0.0122,-0.041016,0.006348,1.370361,-0.1828,-2.850891,-36.459198,-0.007931206340775945,1.0055588355394762,0.030709603955153018,-0.21555325180146362,-2.4281612892250166,-65.19384738475752,-0.012,1.248,-1.394
0.0112,0.102539,0.116211,1.236572,-0.762634,-1.080872,-32.644501,-0.007981196229496855,1.0055060561516613,0.030723120354368406,-0.13130103736477225,-2.488594580096906,-65.44965692513018,-0.012,1.248,-1.3972
0.0121,0.038574,0.018066,1.318848,-1.06781,0.200867,-33.315887,-0.007982240590613515,1.005478796422131,0.030726531324484076,-0.11192138995141318,-2.4922207747726564,-65.82994622142762,-0.012,1.248,-1.4021
0.0124,-0.031006,0.015625,1.220947,-0.793152,-4.834534,-35.4216,-0.008004955477168684,1.0055461230302796,0.03072520772954912,-0.08815357256721361,-2.516079218301732,-66.21891818088751,-0.012,1.248,-1.4134
0.0123,0.09375,-0.014404,1.322754,-1.800232,1.238464,-33.315887,-0.008027714923784197,1.0055658341915272,0.030723626037411935,-0.09720455540304226,-2.5383023072976085,-66.66135803277965,-0.012,1.248,-1.4183
0.0112,-0.07373,-0.082031,1.363525,-1.403503,1.238464,-27.761688,-0.00794475054240023,1.0055077512022244,0.030720539015649438,-0.14196047848645255,-2.4654644538303208,-67.00801930881437,-0.012,1.248,-1.4264
0.0124,-0.067139,-0.063721,1.253662,-1.647644,0.53656,-31.27121,-0.007919872508078383,1.0055549006046736,0.030713923580286417,-0.18057388538021996,-2.402029421818884,-67.41774738210654,-0.012,1.248,-1.4361
0.0119,0.033936,0.101074,1.355957,0.305481,-0.745178,-29.562225,-0.008037024356908949,1.0056988290810351,0.030716098270151045,-0.09977132975978915,-2.414491868170039,-67.6453456599444,-0.012,1.248,-1.4377
0.0122,0.029541,-0.049072,1.455322,-0.030212,2.215027,-26.785126,-0.00807224786941453,1.005838025339923,0.03070656284004128,-0.10932363742314714,-2.386423506276804,-68.01679977813353,-0.012,1.248,-1.4426
0.0122,-0.007324,-0.084229,1.330566,-1.159363,-2.423645,-20.132294,-0.00803417661535971,1.0058588898430598,0.030699689164178055,-0.1584925890327654,-2.39551910389501,-68.33624422488279,-0.012,1.248,-1.449
0.0121,0.006104,-0.104736,1.322998,1.221008,2.794861,-24.252167,-0.008042919424323199,1.0060174291706026,0.03068494263755202,-0.18894063876807932,-2.3499462406219322,-68.73434266731486,-0.012,1.248,-1.4571
0.0121,0.119629,-0.026367,1.260254,2.991028,2.581238,-21.993866,-0.008067469495611476,1.0061300410247407,0.030676393019398437,-0.15406770867704778,-2.376844385181187,-69.08384920441165,-0.012,1.248,-1.4604
0.0111,0.008545,-0.00293,1.513916,0.94635,1.787781,-15.554657,-0.008077642925919372,1.0061463063331517,0.030676432584394137,-0.13398081127974068,-2.344641511754092,-69.2385646102892,-0.012,1.248,-1.4636
0.0121,-0.030762,-0.104736,1.241943,-0.671082,2.611755,-18.057098,-0.00804461550105371,1.0061676491613192,0.03066860061894367,-0.19405578110428093,-2.27971334091115,-69.53457011989067,-0.012,1.248,-1.4685
0.0121,-0.045654,0.18042,1.399658,-0.365906,-3.217102,-25.320282,-0.00807661935680096,1.005990462838835,0.030691716730407242,-0.0821284323131497,-2.279093189926171,-69.59072967027191,-0.012,1.248,-1.4749
0.0123,0.068848,0.044678,1.15918,0.213928,-4.193665,-26.785126,-0.008117183935283363,1.0060090307282112,0.030694561303440275,-0.03264733415747073,-2.3620872993140716,-69.88196161587899,-0.012,1.248,-1.4798
0.013,0.092529,0.118896,1.40625,-0.854187,-1.386047,-25.442352,-0.008163910477740713,1.005956719439037,0.03070494763599471,0.03798869747985636,-2.413892735138654,-70.11339334035902,-0.012,1.248,-1.4847
0.0107,-0.015381,0.026123,1.152344,-2.349548,0.41449,-25.71701,-0.00812171294919932,1.0058208327557925,0.03071422394795607,0.04510711031311065,-2.3838316102749766,-70.33607349961781,-0.012,1.248,-1.4879
0.0121,-0.014893,0.099121,1.372803,-1.556091,-1.325012,-31.606903,-0.008081617619244537,1.005601849864593,0.03073189676739875,0.10058071221826327,-2.374764885686815,-70.59878184122896,-0.012,1.248,-1.496
0.0126,0.104248,0.053955,1.346191,-1.678162,1.848816,-36.092987,-0.0080729732263894,1.0054251319564806,0.030743342897411135,0.13076249927631475,-2.393872484511266,-71.01104979763967,-0.012,1.247,-1.5009
0.0114,-0.061768,-0.037354,1.262939,-1.434021,-1.386047,-33.224335,-0.007981427900166782,1.0053168375374444,0.03074585060421264,0.10893904750159582,-2.3551328315964506,-71.40892017050267,-0.012,1.248,-1.5089
0.0123,-0.024902,-0.00708,1.263184,-2.624207,3.954529,-33.743134,-0.007962736441322183,1.0053147940031784,0.030746084874978506,0.09116365735895453,-2.2755302995857316,-71.81734733114803,-0.012,1.248,-1.5154
0.012,-0.080811,0.010498,1.426514,-1.800232,-2.271057,-40.884247,-0.007928707267408288,1.0052873656099517,0.030749191049142848,0.09670444363726005,-2.242557048030243,-72.27038864878959,-0.012,1.248,-1.5251
0.0122,0.131836,0.110352,1.206543,0.671692,2.42865,-38.534393,-0.007982350566704875,1.0051238996576952,0.030764160102426323,0.19476083471379307,-2.281297842018216,-72.61879850328705,-0.012,1.248,-1.5316
0.012,-0.010498,-0.018066,1.295898,-2.013855,0.353455,-35.848846,-0.007950839934207535,1.0050985238803576,0.030764196210947854,0.17770237894935229,-2.2543678682664803,-73.06402773156529,-0.012,1.248,-1.5365
0.0122,-0.018311,-0.056152,1.150391,-2.593689,2.367615,-34.597626,-0.00796504116767441,1.0052990925705263,0.03075180941964082,0.12602972878843174,-2.1985771561487586,-73.55012318124832,-0.012,1.248,-1.5462
0.011,-0.015625,0.042236,1.470947,-1.434021,-2.057434,-33.52951,-0.008024160705625009,1.0054711091562891,0.03074851406070951,0.14807566303444558,-2.1969272158232167,-73.86576463116968,-0.012,1.248,-1.551
0.012,0.032227,-0.006348,1.318604,-1.556091,0.048279,-33.254852,-0.00805925834149041,1.0055918302603595,0.03074325196958484,0.14218958364788084,-2.199785139007207,-74.27126394901349,-0.012,1.248,-1.5559
0.0121,0.033203,-0.022461,1.365967,-1.891785,-0.47052,-34.475555,-0.008079574824464123,1.0056912685711952,0.03073773751441888,0.1237773347552274,-2.208396387968103,-74.71255461034673,-0.012,1.248,-1.564
0.0121,0.010254,-0.028564,1.272461,-0.457458,0.963806,-33.102264,-0.008088501299318688,1.0057854354870701,0.030732290011825588,0.11764065663640433,-2.1880033204136238,-75.14182256240561,-0.012,1.248,-1.5689
0.0122,0.003662,-0.043701,1.477783,0.366516,1.696228,-31.057587,-0.008062460898101033,1.0057740141022335,0.03073054978762213,0.11454845310242538,-2.1534083971468347,-75.55863770338661,-0.012,1.247,-1.5721
0.0124,0.00708,-0.077148,1.280029,-1.281433,0.445007,-28.768768,-0.007982195202191561,1.0056103695463374,0.030731800795008677,0.06688230399122701,-2.1378493608372673,-75.99982110798624,-0.012,1.247,-1.5753
0.0115,-0.014648,-0.02832,1.262695,-1.128845,2.276062,-22.848358,-0.00792040808474011,1.0054194973922885,0.030738142663231462,0.04848487383910334,-2.0894414512230832,-76.28027993565439,-0.012,1.247,-1.5769
0.0125,-0.103516,-0.033203,1.263672,-0.426941,-1.660706,-19.430389,-0.007862703974802791,1.0052749294905365,0.030744123173979097,0.03431683145280681,-2.0343863256886054,-76.51270611122295,-0.012,1.247,-1.5818
0.0113,0.029541,-0.053467,1.356934,-0.915222,0.933289,-16.927948,-0.007819478649944374,1.005199654310417,0.030743199988178246,0.002398074814168237,-2.027674430994967,-76.7689265236138,-0.012,1.247,-1.585
0.0121,-0.076416,-0.116943,1.323975,0.06134,1.207947,-9.84787,-0.007755212500423962,1.0051380466897875,0.030739538636606105,-0.05815186326316275,-1.956811410131041,-76.98951982811346,-0.012,1.247,-1.5899
0.0121,-0.120605,-0.106445,1.202637,0.488586,-1.35553,-7.711639,-0.00775844712876673,1.0053034126446156,0.03072963454857434,-0.11333260261451387,-1.886342607252619,-77.15250224504457,-0.012,1.248,-1.5964
0.0122,0.030518,-0.075928,1.354736,-0.762634,1.116394,-9.420624,-0.00779086308794809,1.0056494642698122,0.03071234170693835,-0.15876761890289823,-1.8792073348013765,-77.37441344646867,-0.012,1.248,-1.6012
0.0122,-0.008545,0.009033,1.348877,2.044983,-2.881409,-10.061493,-0.007853767201531707,1.0058413139294626,0.03070818101104157,-0.12022305739887852,-1.8982163206732976,-77.45427686540116,-0.012,1.248,-1.6045
0.0121,0.002441,0.000488,1.219482,1.861877,0.231384,-10.915985,-0.007885865466119316,1.0059397463465027,0.030705992392047222,-0.08890160422481945,-1.8867323867866423,-77.56539076672557,-0.012,1.248,-1.6093
0.0121,-0.033203,0.035889,1.419189,-0.426941,-1.080872,-10.427704,-0.00792098346294999,1.0059029119531069,0.03071221366766646,-0.06622413843977423,-1.87018063539776,-77.5999260843318,-0.012,1.247,-1.6126
0.0114,-0.010254,0.005371,1.237793,0.458069,-0.409485,-8.566132,-0.007923081635680783,1.005835460973921,0.030716439577765806,-0.05066214422783038,-1.8582182276285575,-77.66239541004141,-0.012,1.247,-1.6142
0.0118,0.029053,0.04126,1.392334,-1.06781,-0.073792,-6.765594,-0.007930558561347906,1.0057309474267278,0.030723097621189015,-0.034231148915860904,-1.8639104390533288,-77.67999610976179,-0.012,1.247,-1.6142
0.0122,0.022949,-0.010254,1.234619,-2.532654,-0.531555,-4.93454,-0.00791419968287333,1.005678575206847,0.030724249195429133,-0.06604655752086268,-1.8744165037786777,-77.75106192460677,-0.012,1.247,-1.6142
0.0119,0.027344,-0.03833,1.34082,-0.549011,0.719666,-3.835907,-0.007891779390487226,1.0056834199267886,0.03072143271418768,-0.08997917103448404,-1.870597742160443,-77.84762687612435,-0.012,1.248,-1.6158
0.0123,0.047607,-0.025391,1.333984,0.732727,0.261902,-3.713837,-0.00787789736604702,1.0057120807425173,0.030718120945345883,-0.0908704129016411,-1.8838644047245874,-77.93682353666175,-0.012,1.248,-1.6158
0.0121,0.04834,-0.072266,1.28418,0.335999,2.459167,-4.080048,-0.007843381176932058,1.005793056313187,0.03070941981661636,-0.12538123374733212,-1.8726135700646558,-78.09914393889541,-0.012,1.248,-1.619
0.0121,0.005859,-0.01123,1.429199,2.594299,0.048279,-8.901825,-0.007849293083332291,1.0058090718829071,0.030709093136115386,-0.09300453343345357,-1.8638080579587666,-78.20340167403884,-0.012,1.248,-1.6207
0.0122,-0.002686,0.030518,1.242188,2.106018,0.445007,-9.054413,-0.007874261573394884,1.0057785451467416,0.030713597988309405,-0.04080624148001471,-1.8466055977320277,-78.2489642212225,-0.012,1.247,-1.6239
0.0116,0.012695,0.032959,1.359131,0.427551,-0.684143,-9.786835,-0.007896533636137374,1.005760354845227,0.030717087395188476,-0.010195556281728432,-1.8507809555430208,-78.30881834651996,-0.012,1.247,-1.6271
0.0115,0.071045,0.131836,1.234863,0.091858,-0.104309,-14.211884,-0.007941570041050346,1.0056047933884262,0.030730548090965832,0.08093685871753413,-1.8855358130717135,-78.31358462029637,-0.012,1.247,-1.6304
0.0124,-0.018555,0.060791,1.404297,-1.128845,1.757263,-12.441864,-0.007967071964636108,1.0055209614139355,0.030738574537279417,0.10761621033125292,-1.8421710950054269,-78.3772434124082,-0.012,1.247,-1.632
0.0121,-0.060547,0.031494,1.313232,-2.410583,-1.691223,-12.228241,-0.007972193856940143,1.0054065486410324,0.030746830326319793,0.10403397270060924,-1.8164297765725252,-78.45290775036473,-0.012,1.247,-1.6336
0.0119,-0.005371,-0.023193,1.27832,-2.410583,-0.134827,-10.580292,-0.007948040506013068,1.0053491024192118,0.030747797377387594,0.0672635467605501,-1.8045643221965124,-78.59926159937557,-0.012,1.248,-1.6352
0.0117,0.041504,0.0,1.328125,-0.640564,-0.989319,-10.397186,-0.007936301862891477,1.0052885608297972,0.030749418018585443,0.06563708677108078,-1.8295531252891686,-78.72396837381163,-0.012,1.248,-1.6352
0.0121,0.0271,-0.042236,1.280273,-0.06073,-1.508118,-10.85495,-0.007910123684289498,1.0052892907331756,0.030746402978225663,0.045547897937384764,-1.8534645410001442,-78.9109726051494,-0.012,1.248,-1.6352
0.0123,0.033447,-0.059082,1.358643,1.098938,1.635193,-10.824432,-0.007879589862023941,1.0053136078144673,0.03074161219019038,0.031526483746892014,-1.8413293364289405,-79.11850050273334,-0.012,1.248,-1.6369
0.0125,0.011963,-0.04126,1.322998,1.83136,2.520203,-12.563934,-0.007862183108919153,1.0053364625554049,0.030738508784235487,0.03729328331403201,-1.8063772075010613,-79.32028659772664,-0.012,1.248,-1.6385
0.0111,-0.034424,0.030518,1.330811,1.404114,0.109314,-15.737762,-0.007889237613046248,1.0053108781265032,0.030743034121436495,0.07852413800089797,-1.7749887385264462,-79.42933861616575,-0.012,1.248,-1.6433
0.0124,-0.032471,0.041748,1.253418,0.885315,-0.043274,-16.317596,-0.00793230118624283,1.0053207739925831,0.030747333802739252,0.123762364200056,-1.7460120241213597,-79.55081592054759,-0.012,1.248,-1.6482
0.0121,-0.015625,0.112305,1.378662,-0.1828,-0.012756,-17.111053,-0.008014854401491777,1.0053201245925614,0.03075579140709788,0.1924103807334366,-1.727317003688473,-79.60422396752902,-0.012,1.248,-1.653
0.0124,-0.018799,0.053223,1.219727,-3.875427,-4.895569,-16.805878,-0.007990545254037664,1.0049526473562196,0.030771960316332416,0.18624435450989954,-1.7664188086098167,-79.72428574536488,-0.012,1.248,-1.6611
0.0117,0.20166,0.087402,1.266602,-3.234558,1.879333,-11.404266,-0.007999840783026894,1.0046421609469511,0.030784819670493235,0.2057609193115365,-1.8538750247997382,-79.77252074182462,-0.012,1.248,-1.6611
0.0117,-0.025391,-0.078125,1.176514,-1.708679,2.276062,-12.258759,-0.00794167079031193,1.004607557374109,0.030781185107803543,0.1400707957728354,-1.8008504003037646,-80.0094996871588,-0.012,1.248,-1.6644
0.0122,-0.020752,0.002441,1.307861,-0.701599,1.787781,-13.540497,-0.007939191836892593,1.0045799886962723,0.030782941789232465,0.1395217160986685,-1.7566757458595639,-80.16179653183534,-0.012,1.248,-1.666
0.012,0.009521,-0.062012,1.317139,-0.213318,-1.325012,-14.547577,-0.007920165638761642,1.0046668082791834,0.030776542831968668,0.10706709054655231,-1.7678057380195518,-80.40750697796143,-0.012,1.248,-1.6676
0.0117,-0.007568,-0.0271,1.303955,1.312561,0.078796,-13.601532,-0.0079204816330953,1.0047451221657262,0.030772959800747686,0.1126804837125394,-1.752431980219291,-80.59063834732021,-0.012,1.248,-1.6692
0.0121,0.000488,-0.080566,1.254639,1.312561,-0.378967,-9.329071,-0.007898577100082812,1.004894887661261,0.030763439646607535,0.08379639285025113,-1.7478496226631857,-80.79847914928213,-0.012,1.248,-1.6709
0.012,0.005859,-0.073486,1.36084,0.335999,-0.104309,-3.713837,-0.007882099232284624,1.0050225547354315,0.030755479243016224,0.049074123522410654,-1.7424936308636498,-80.92186059842118,-0.012,1.248,-1.6725
0.0123,-0.003418,-0.084961,1.281982,-0.304871,1.66571,1.413116,-0.007863966920329181,1.0051687275589043,0.030746308561181507,-0.00414714315052553,-1.7109938670052338,-80.99779081089869,-0.012,1.248,-1.6741
0.0119,-0.003906,-0.050537,1.325439,-1.372986,2.245544,3.671417,-0.00786280789027677,1.0052710095320851,0.03074098450292452,-0.048347997197334194,-1.6730872346825008,-81.00039035456228,-0.012,1.248,-1.6773
0.0115,-0.004639,0.009033,1.263184,0.641174,-0.34845,-3.347626,-0.007877792346553543,1.0052703724811276,0.03074252469667099,-0.030910219953795896,-1.6658482360129714,-81.01008957721415,-0.012,1.248,-1.679
0.0121,-0.014404,0.030762,1.414062,0.305481,0.841736,-5.117645,-0.007902169673654494,1.0052415662735024,0.030746326845088476,-0.005564627802044968,-1.638696084582227,-81.01582400585073,-0.012,1.248,-1.679
0.0119,-0.016602,0.03418,1.229004,1.373596,-1.050354,-4.110565,-0.007928452431175705,1.0051889701572925,0.030751356690134287,0.036730703357226425,-1.6329347843865496,-80.9984628246548,-0.012,1.248,-1.679
0.0125,-0.010742,-0.037109,1.342041,0.244446,0.322937,-1.089325,-0.00791590971121931,1.0051909864724986,0.030749914553671542,0.02104249019983185,-1.6142930950070633,-81.04270472971695,-0.012,1.248,-1.679
0.0122,-0.0271,-0.06665,1.319824,0.122375,-0.867249,2.694855,-0.007892473951941582,1.0052073672115536,0.030746626485279413,-0.01496608966154955,-1.600944000021542,-81.0706563267904,-0.012,1.248,-1.679
0.0122,-0.02832,-0.031738,1.318359,-0.06073,1.54364,3.671417,-0.007887206902234867,1.0051772987067116,0.03074697160988224,-0.03259435487961071,-1.5578166985009767,-81.04014605901264,-0.012,1.248,-1.679
0.012,-0.030762,-0.00708,1.309082,0.030823,0.506042,3.610382,-0.007896877622933052,1.0051270541991262,0.03074951396113003,-0.03429562730892036,-1.5262387724840458,-80.97707210845121,-0.012,1.248,-1.679
0.0115,0.011719,0.02832,1.292969,0.244446,-1.080872,0.192413,-0.007911580953802169,1.0050697528052235,0.03075332872107041,-0.011327467864932763,-1.5383589150974237,-80.92832934641748,-0.012,1.248,-1.679
0.012,0.07959,0.047852,1.344238,1.312561,-0.409485,-2.371063,-0.007914526822167237,1.0050180988731028,0.030756333975136475,0.035185482664443615,-1.5807649031955546,-80.91837419824765,-0.012,1.248,-1.679
0.0121,0.049805,0.009521,1.287109,0.580139,0.322937,-1.425018,-0.007908054314513817,1.0049971193124054,0.03075684442818698,0.05069090576688013,-1.5988286729114785,-80.93388868434292,-0.012,1.248,-1.679
0.0123,-0.005859,-0.03418,1.323486,0.335999,1.146912,0.497589,-0.00789597876616834,1.0050038036678186,0.03075527702029696,0.03682683853470681,-1.5734445870504783,-80.95662978310285,-0.012,1.248,-1.679
0.0122,0.009277,-0.005371,1.321777,-0.06073,0.41449,1.077423,-0.007896570786714487,1.005003991587319,0.030755292140680436,0.03496433328734107,-1.5660435477271382,-80.94338183981097,-0.012,1.248,-1.679
0.0119,0.000488,0.015137,1.309326,-0.213318,-0.256897,-0.26535,-0.008039009321472935,1.0057917029442052,0.030735068073083294,0.043972091562523415,-1.5617313368167542,-80.91801806776216,-0.012,1.248,-1.6806
0.0121,0.04541,0.067383,1.266846,0.763245,-2.911926,-10.061493,-0.008067135182369213,1.0057264446573557,0.030740238638870196,0.09987413258979097,-1.616582173201721,-80.96521737350442,-0.012,1.247,-1.6822
0.012,0.255859,0.180176,1.387939,0.458069,1.635193,-12.258759,-0.008106536829319602,1.0056281950800376,0.030746403971139175,0.20674620395347418,-1.723828307062252,-80.99225200147403,-0.012,1.247,-1.6822
0.0112,-0.026367,-0.027344,1.255615,0.091858,4.015564,-13.509979,-0.00737876740445809,1.001094924721188,0.030882165767143126,0.1961545093700978,-1.6538343100952637,-81.16192414047437,-0.012,1.247,-1.6822
0.0121,-0.078125,0.012451,1.380859,-0.671082,14.971375,7.272491,-0.007717165545781596,1.0030884141361907,0.03082469128703867,0.19332065103704965,-1.4227318287662718,-81.04816723408108,-0.012,1.249,-1.6692
0.0117,-0.897949,-0.601807,0.374756,-5.706482,-9.229065,4.037628,-0.007696934284604049,1.003875686052147,0.03077728383254595,-0.2018039522497062,-1.0511871812465154,-81.45309877093311,-0.012,1.249,-1.6773
0.0129,0.076904,0.07666,0.945068,1.95343,-1.172424,-15.676727,-0.00746070227542483,1.0021603851253953,0.030817955576458646,-0.10474709993423767,-1.1291781452625904,-81.51552501366436,-0.012,1.248,-1.6903
0.0116,0.423584,0.13501,1.953857,3.72345,1.116394,-19.155731,-0.007428637900866287,1.0026240980065788,0.03081356551882585,-0.004136029669069739,-1.2697909499736781,-81.72537741743362,-0.012,1.249,-1.687
0.0123,-0.029297,0.301025,0.8479,2.258606,-5.536438,-18.118134,-0.007925925315610977,1.0035209873301232,0.03082366941269346,0.28414318838028635,-1.3142021117187463,-81.32323621357568,-0.012,1.249,-1.6903
0.0121,-0.005615,0.028076,1.461426,3.72345,-4.681946,-19.766083,-0.007904365484427129,1.003216941906008,0.030832382170774608,0.34875854184355537,-1.360194125114192,-81.529130172147,-0.012,1.248,-1.6984
0.012,0.539062,0.275391,1.51001,1.190491,2.184509,-25.106659,-0.007939576075880393,1.0023588546463384,0.030869855718013806,0.49409280224418234,-1.568894411430626,-81.5512996740312,-0.012,1.248,-1.7032
0.0111,-0.050781,-0.038574,1.313477,-0.732117,3.283142,-26.846161,-0.00793135031122132,1.0025714543509323,0.03086093525469116,0.46884986834713877,-1.4930202869926192,-81.90135666572318,-0.012,1.249,-1.7032
0.013,0.006348,0.133789,1.152344,-2.288513,-0.714661,-22.45163,-0.008084740506273544,1.0028949956234323,0.030860869024554212,0.5340639792018127,-1.4989156247780298,-82.03839362507043,-0.012,1.249,-1.7065
0.0112,0.023682,0.018799,1.624023,-3.387146,-2.271057,-17.324677,-0.00813954949284083,1.003227308172957,0.03085267776410171,0.5071657910021493,-1.5249341068341598,-82.22131092127836,-0.012,1.249,-1.7162
0.0135,-0.003174,0.030273,1.121582,0.183411,-1.35553,-18.606415,-0.008154179182420914,1.0031915712292796,0.030855327276435376,0.5350572318205665,-1.533008433099153,-82.44366705072456,-0.012,1.249,-1.7194
0.0103,-0.052734,0.002441,1.23291,-1.098328,0.231384,-25.3508,-0.008132653562701764,1.0031794161389345,0.03085512882118123,0.5294879231845067,-1.4888070903040838,-82.72508862786779,-0.012,1.249,-1.7243
0.0128,-0.027344,-0.108154,1.398682,1.098938,-1.569153,-26.998749,-0.008045828855343043,1.003235797990663,0.030847337880627063,0.489620206265411,-1.4829388657332343,-83.19580402588397,-0.012,1.25,-1.7275
0.0122,0.013184,-0.043457,1.465332,3.113098,0.261902,-24.832001,-0.008019986740572577,1.0033212148845192,0.030842559657079723,0.5092730693606977,-1.4762056593261688,-83.54775680142542,-0.012,1.25,-1.7291
0.0117,0.011719,0.006836,1.248535,1.007385,0.445007,-20.040741,-0.00803529384560215,1.0034358655270068,0.030839738778302567,0.5286838263595012,-1.4698876933763505,-83.77913413484725,-0.012,1.25,-1.7324
0.0115,0.011475,-0.022461,1.167725,-1.708679,1.268982,-12.014618,-0.008027981968587864,1.003572002815417,0.030834578542909826,0.4953890639748336,-1.4561063236935516,-83.94835066245317,-0.012,1.25,-1.734
0.0174,-0.063721,-0.058838,1.328125,0.580139,0.017761,-8.260956,-0.00800216992640316,1.0038248555774096,0.030825044359304485,0.47183906168362477,-1.410807969223908,-84.16364819254052,-0.012,1.251,-1.7372
0.0068,-0.013428,-0.035889,1.382324,-2.044373,-3.36969,-6.796112,-0.007985257124970235,1.0039521576601738,0.030819931928814014,0.4366724353539607,-1.4191292315448774,-84.25283167160137,-0.012,1.251,-1.7405
0.0126,0.006592,-0.126221,1.202148,-3.570251,-0.195862,-4.110565,-0.007911397172555219,1.0042459077724857,0.03080478327998483,0.3107627669349861,-1.4199972179693154,-84.46400674084103,-0.012,1.25,-1.7421
0.0117,0.007812,-0.039795,1.265869,0.305481,1.177429,-1.974335,-0.007901646289073609,1.0044474156509409,0.030797448180908724,0.29001079474567343,-1.4051462318842374,-84.53491184995087,-0.012,1.25,-1.7437
0.012,0.014648,-0.018311,1.333252,0.854797,0.200867,0.619659,-0.007897576673823117,1.004549301137242,0.030793822201803628,0.28896299403667636,-1.4051104363282658,-84.5496115650108,-0.012,1.25,-1.7437
0.0114,0.009521,-0.085449,1.341309,1.037903,1.116394,0.558624,-0.007851147011270121,1.0046699946233584,0.030786266923785024,0.2508498149163227,-1.3918442055337246,-84.63704644318067,-0.012,1.25,-1.7437
0.0123,0.008057,-0.045898,1.259766,2.807922,1.268982,-2.401581,-0.007824982282001243,1.0047423073028625,0.030781914319728033,0.2576967846086761,-1.3757161172120635,-84.71931872686727,-0.012,1.25,-1.7437
0.0119,-0.001465,-0.013672,1.295166,1.037903,-0.012756,-1.486053,-0.007822635246156536,1.0047789135310097,0.030780549264813026,0.262257483564909,-1.3693753657804688,-84.74841848198794,-0.012,1.25,-1.7437
0.012,-0.020264,0.003174,1.355957,0.335999,-0.317932,1.260529,-0.007835502531247329,1.004784869008574,0.030781290156985216,0.26769433063568054,-1.3558788634733292,-84.71955681852364,-0.012,1.25,-1.7437
0.012,-0.019287,0.074219,1.261719,0.244446,0.628113,2.115021,-0.007895023052792485,1.0047339010497702,0.030787348925946003,0.3156814341400797,-1.3317691019130815,-84.59897182120979,-0.012,1.25,-1.7437
0.0124,-0.027344,0.049561,1.272217,-1.739197,0.567078,2.511749,-0.007939270464867343,1.0046994596573267,0.030791705450975256,0.32346910235873,-1.303607074508278,-84.50137835194091,-0.012,1.25,-1.7437
0.0123,-0.013672,-0.018311,1.323975,-0.793152,-0.073792,0.222931,-0.007931168054613006,1.0047039668576743,0.030790993920866726,0.3023585820757119,-1.2916006464058238,-84.51592186504591,-0.012,1.25,-1.7437
0.0113,0.011719,0.001709,1.326416,0.091858,-1.263977,-1.119843,-0.007930478096017195,1.004697978547795,0.03079111903840842,0.3042214726666627,-1.3075651929632557,-84.52827428956907,-0.012,1.25,-1.7437
0.0131,0.014893,-0.022705,1.269043,-0.640564,-0.440002,0.283966,-0.007911824344040247,1.0047069006739413,0.030789470087280262,0.2815664967674683,-1.3176332305520986,-84.5534149704851,-0.012,1.25,-1.7437
0.0112,0.005371,-0.030273,1.321777,1.098938,0.383972,1.138458,-0.00789171969012214,1.004719795504821,0.03078760413224568,0.2754579144236225,-1.3114399449225267,-84.57406878166395,-0.012,1.25,-1.7437
0.0123,0.017822,0.009277,1.329834,2.014465,0.475525,0.528107,-0.007893594345460235,1.0047033117787345,0.030788243062346773,0.30505939669921456,-1.3108548479325797,-84.56063336493588,-0.012,1.25,-1.7437
0.0118,0.007324,-0.030029,1.313477,0.366516,0.597595,0.497589,-0.007872692866856216,1.0047153770681838,0.030786378576122438,0.291020656630692,-1.303195207196669,-84.58785409189859,-0.012,1.25,-1.7437
0.0116,0.004395,-0.034668,1.286865,1.007385,0.078796,0.467072,-0.007849348068721517,1.004730036740886,0.030784258778977443,0.2813459000674604,-1.3002181576067944,-84.6199688120756,-0.012,1.25,-1.7437
0.0127,0.005127,0.030029,1.313477,0.671692,0.506042,0.802765,-0.007869247241113875,1.0047064343117327,0.030786376911164953,0.3071016864948273,-1.2920172862660049,-84.57734699092401,-0.012,1.25,-1.7437
0.0113,-0.010498,0.033203,1.3125,-0.94574,0.872253,2.237091,-0.007896610963531904,1.0046862400695822,0.030788873254322915,0.3151314896793181,-1.2714919580945472,-84.5123827012977,-0.012,1.25,-1.7437
0.0123,-0.004639,0.036133,1.294678,-0.1828,0.41449,0.802765,-0.00792366844187716,1.004658986420903,0.030791543542539674,0.33382624417877554,-1.2593173564863667,-84.46153724477257,-0.012,1.25,-1.7437
0.0121,0.014404,0.035156,1.300293,0.091858,-0.165344,-1.02829,-0.007944389410054174,1.0046341003136348,0.030793708161154433,0.3554123372460293,-1.2653625477818808,-84.43920081825529,-0.012,1.25,-1.7437
0.0115,0.02002,-0.026367,1.308594,-0.579529,-0.897766,-1.394501,-0.00792269704299623,1.00464995645646,0.030791748584774726,0.33259784234383966,-1.282703229159264,-84.48648384260882,-0.012,1.25,-1.7437
0.0123,0.023438,-0.021484,1.316162,1.037903,-0.562073,-1.577606,-0.007903839962829947,1.0046631114511646,0.030790063790442954,0.33226932585802543,-1.29834959650527,-84.53224281961175,-0.012,1.25,-1.7437
0.0121,0.020264,0.006836,1.302979,0.519104,0.445007,-0.295868,-0.007904141578419694,1.0046609893228378,0.030790159095391165,0.341897252739185,-1.3001244988742995,-84.53297639584203,-0.012,1.25,-1.7437
0.0118,0.001953,-0.009521,1.327148,0.335999,0.719666,0.406036,-0.007898943494731496,1.0046662111781168,0.03078963681067637,0.3393075348054507,-1.2879110729670438,-84.53738049292501,-0.012,1.25,-1.7437
0.0126,-0.002441,0.005859,1.318604,1.312561,0.292419,-0.723114,-0.007904475303139955,1.0046634823361582,0.030790078948566814,0.3585089374904403,-1.278007236480956,-84.54018147409855,-0.012,1.25,-1.7437
0.0121,0.002197,0.003906,1.305908,0.244446,-0.104309,-0.814667,-0.007907409343042966,1.0046620629781207,0.030790311298075846,0.3629824746392426,-1.2758873702826319,-84.54674944456526,-0.012,1.25,-1.7437
0.011,-0.006348,-0.016113,1.306396,-0.487976,0.475525,0.558624,-0.007899331982492453,1.0046647519490444,0.030789663773635543,0.3469781785182644,-1.2624572403506085,-84.55472994457286,-0.012,1.25,-1.7437
0.0133,-0.003662,0.014648,1.313232,0.519104,0.780701,1.321564,-0.007910976467429075,1.0046576778812957,0.03079061591487459,0.3611924222755786,-1.2456669400151765,-84.52218938274513,-0.012,1.25,-1.7453
0.0113,0.005859,0.023193,1.312012,-0.335388,0.719666,1.382599,-0.007925218209220932,1.004646911051451,0.030791868231372282,0.36974460315309515,-1.2368472148332499,-84.48562486553571,-0.012,1.25,-1.7453
0.0123,0.003174,-0.013428,1.304932,0.091858,-0.043274,0.375519,-0.007916346720663554,1.004654329812082,0.030791064139525665,0.36169567883077325,-1.2351035140936493,-84.49491375158068,-0.012,1.25,-1.7453
0.012,0.019531,0.005127,1.309326,0.94635,-0.317932,-1.486053,-0.007914956081136373,1.0046532696127608,0.03079103143947952,0.37529547703487504,-1.2460223646452482,-84.5121465868862,-0.012,1.25,-1.7453
0.0124,0.014404,-0.006104,1.311279,0.366516,-0.378967,-0.936737,-0.007907889830341606,1.004657400284984,0.030790465788426962,0.3752545664251634,-1.2547153921516057,-84.53261708729607,-0.012,1.25,-1.747
0.0116,0.001953,-0.010498,1.325195,0.305481,0.078796,0.314484,-0.007901602877959008,1.0046629109104928,0.030789888490397103,0.3713551823421368,-1.250482319215635,-84.53911758307187,-0.012,1.25,-1.747
0.012,0.001221,0.027832,1.313232,0.915833,0.65863,0.253448,-0.007919480299459014,1.004650965790778,0.03079136246537966,0.39739960546153125,-1.2390465144788467,-84.51183819168145,-0.012,1.25,-1.747
0.0112,0.001465,0.006592,1.309326,-0.091248,0.292419,0.497589,-0.007923673817267024,1.0046488907544646,0.030791676621093642,0.3987529135049255,-1.232496229982009,-84.50148762730332,-0.012,1.25,-1.747
0.013,0.007324,-0.014404,1.317871,0.091858,-0.012756,0.528107,-0.007912377413059056,1.0046499100782016,0.030790932548261537,0.38990064682732384,-1.2327618622850693,-84.50950300204728,-0.012,1.25,-1.7486
0.012,0.010498,0.009033,1.312256,0.244446,0.048279,0.375519,-0.007915078842879732,1.0046410885260768,0.030791357220046434,0.3966866025364449,-1.234184437957155,-84.49972828278379,-0.012,1.25,-1.7486
0.011,0.011963,0.001465,1.30957,0.580139,-1.416565,-0.387421,-0.007913305640491877,1.0046417119417146,0.030791233689790493,0.40255510018657537,-1.2524053623371267,-84.50579148478016,-0.012,1.25,-1.7518
0.0121,0.15332,0.081787,1.327393,1.282043,-0.226379,-8.016815,-0.007926844423356815,1.0046155810109496,0.03079289368765215,0.4651281681364964,-1.3370049292140007,-84.56324387326215,-0.012,1.25,-1.7518
0.0121,0.116455,0.067627,1.399658,1.282043,0.53656,-10.030975,-0.007942561601934964,1.0045805392783194,0.03079463927464646,0.517785130346663,-1.3869526481645387,-84.65478264521515,-0.012,1.249,-1.755
0.0127,0.077881,0.04248,1.277832,0.82428,-0.165344,-12.930145,-0.007947001563971335,1.004469986991774,0.03079793369441168,0.5549198674348903,-1.4284885570625494,-84.80055087509122,-0.012,1.249,-1.7567
0.0111,0.046631,0.057373,1.387451,-0.487976,3.649353,-11.373749,-0.007957361610662503,1.0043585147981586,0.03080197860137055,0.5810668005569276,-1.4062041718907272,-84.90184854956541,-0.012,1.249,-1.7583
0.0123,-0.079834,0.013184,1.310059,-0.640564,1.42157,-10.793915,-0.007948341340582202,1.0041881636641952,0.030806833402242707,0.5808563833992647,-1.3350991694519492,-85.0328056921152,-0.012,1.249,-1.7615
0.0119,-0.08374,0.030273,1.294189,-0.610046,2.153992,-12.319794,-0.007951082909925612,1.00399757079908,0.030812338507859794,0.5916413745643739,-1.2538256005158306,-85.16860785375403,-0.012,1.249,-1.7631
0.0121,-0.054688,0.047363,1.329102,-0.823669,0.292419,-14.089813,-0.00796209670876007,1.0037977902387185,0.03081812893358279,0.6093321118971888,-1.2127186472409828,-85.3168167214129,-0.012,1.249,-1.768
0.0126,-0.040039,0.014648,1.310059,-0.06073,0.292419,-15.829315,-0.00795487099524594,1.003605711867368,0.030822364017138126,0.6176990633571873,-1.1796263105363125,-85.51535055049527,-0.012,1.249,-1.7696
0.0112,-0.044922,-0.003906,1.309326,0.458069,0.017761,-17.416229,-0.007950454460885147,1.0035816571814542,0.03082229167940697,0.6207063703240363,-1.1474899155481317,-85.72372752195795,-0.012,1.25,-1.7729
0.012,0.012451,-0.017578,1.293457,0.641174,-0.043274,-15.005341,-0.007930705249039521,1.0035472069987799,0.030822090235943934,0.617720021459494,-1.150247846579293,-85.92170451506715,-0.012,1.25,-1.7761
0.0122,0.028564,-0.051758,1.311279,0.335999,1.177429,-13.63205,-0.007897855262215984,1.0036675389006942,0.030817552090061106,0.5910184127866477,-1.1475508260372655,-86.12972323578504,-0.012,1.25,-1.7777
0.0121,0.002441,0.033447,1.323975,0.82428,0.53656,-16.65329,-0.007924941571738783,1.0038098603591161,0.030815674471403594,0.620838244489766,-1.1371325104468915,-86.31176758191674,-0.012,1.25,-1.7842
0.0123,-0.008301,0.011963,1.241211,0.030823,-0.440002,-13.540497,-0.007942527731642583,1.0039869732614013,0.030812414494483492,0.6283146082729812,-1.13291432413528,-86.47432751031191,-0.012,1.25,-1.7858
0.0122,0.013916,-0.004395,1.341064,-0.640564,-0.806213,-10.397186,-0.007946367183008894,1.004178512234528,0.030808199285872327,0.61666207897575,-1.1459038516708848,-86.60877338365849,-0.012,1.25,-1.7858
0.0113,0.01123,-0.026123,1.275635,-1.647644,-1.630188,-8.260956,-0.007935596328996975,1.004341167452242,0.030803750241422918,0.580734012788334,-1.1668545329552609,-86.72543956018696,-0.012,1.25,-1.7874
0.0121,0.011719,-0.035156,1.311035,-1.159363,1.787781,-6.918182,-0.007918846003622785,1.0044691925914977,0.030799683278091634,0.5445810125100493,-1.1479647246807527,-86.83747309218941,-0.012,1.25,-1.7874
0.0122,0.026367,-0.040039,1.323486,-0.365906,0.261902,-6.460419,-0.007895940012576532,1.0045685863298046,0.030795959822236096,0.5155073006499903,-1.1559214967426308,-86.94798513366374,-0.012,1.25,-1.7874
0.012,0.048584,-0.04541,1.324463,0.305481,0.445007,-5.758514,-0.007864146966581775,1.0046376826011292,0.030792432750298967,0.4915405438940318,-1.1745674229727954,-87.05355512320106,-0.012,1.25,-1.7874
0.0121,0.040039,-0.056641,1.311279,1.06842,-0.226379,-3.774872,-0.007829467826308905,1.0046929116432586,0.030788926605845493,0.4697513004076199,-1.196644896554292,-87.14150575387337,-0.012,1.25,-1.7874
0.0121,0.03418,-0.032959,1.307129,1.343079,0.53656,-2.737274,-0.007806539795258475,1.0047287928149164,0.030786639615316025,0.46500178596267866,-1.206185303283442,-87.20143545805638,-0.012,1.25,-1.7874
0.0121,0.011719,-0.026123,1.338379,0.763245,0.719666,-1.363983,-0.007794309731513244,1.004755436732827,0.030785140562938736,0.4573248866323283,-1.2000847992076178,-87.23514952486136,-0.012,1.25,-1.7874
0.012,-0.011475,-0.008057,1.298096,0.244446,0.445007,-0.692596,-0.007797154241568284,1.004775723938423,0.030784672092478815,0.4536432755567893,-1.1842445358535605,-87.24529955009065,-0.012,1.25,-1.7874
0.012,-0.026123,0.023682,1.305664,0.366516,-0.043274,-0.936737,-0.007817194830917055,1.0047741524369358,0.030785832158767696,0.47020499504273866,-1.1657532506287136,-87.23708420638317,-0.012,1.25,-1.7874
0.0115,-0.028809,0.035156,1.311035,-0.396423,-0.043274,-0.875702,-0.007842712198288252,1.0047691869218407,0.030787418532442122,0.4843372384408609,-1.1459295021467306,-87.22100144130341,-0.012,1.25,-1.7874
0.0121,-0.020752,0.025879,1.327148,-0.365906,-0.195862,-0.875702,-0.007860934525694162,1.0047620157274866,0.03078860601488384,0.49281295450701645,-1.1328877834500979,-87.21345194504624,-0.012,1.25,-1.7874
0.0117,-0.004395,0.008545,1.309814,0.000305,-0.012756,-0.875702,-0.007866092918922185,1.0047605479397363,0.030788907589211975,0.4956341747787916,-1.1272858504902905,-87.21927370849079,-0.012,1.25,-1.7874
0.0133,0.009277,-0.032959,1.31543,-0.152283,-0.134827,0.131378,-0.007847851571569676,1.004771987710502,0.03078749818924236,0.47188186416819417,-1.131391507756721,-87.24111222354297,-0.012,1.25,-1.7874
0.0117,0.019531,-0.049805,1.324951,0.580139,0.139832,0.772247,-0.007819064185612323,1.0047827036501071,0.03078548653760918,0.44733981920438687,-1.1379413345553455,-87.2672303137785,-0.012,1.25,-1.7874
0.0119,0.019043,-0.023438,1.318848,1.129456,0.719666,0.894318,-0.007802075265161573,1.0047853435381031,0.0307844348148566,0.44482687642558927,-1.1373881065764468,-87.27571522969944,-0.012,1.25,-1.7874
0.0119,0.001709,-0.007324,1.302734,1.007385,0.506042,0.955353,-0.0077986707191649235,1.0047823152510615,0.03078424044773335,0.4502682455798638,-1.1294215019270437,-87.26952766119047,-0.012,1.25,-1.7874
0.0114,-0.000244,0.005371,1.319824,1.007385,0.048279,0.619659,-0.007801684375108217,1.0047815026477382,0.030784395914852335,0.4626500142434474,-1.1256610388314254,-87.259919619874,-0.012,1.25,-1.7874
0.012,0.000488,0.023682,1.309814,0.671692,0.017761,0.375519,-0.007812197054504537,1.0047757158223491,0.030785148081351774,0.48233046567045873,-1.1227442692091383,-87.2428658239495,-0.012,1.25,-1.7874
0.0124,-0.003174,0.016357,1.302734,-0.06073,0.231384,0.8638,-0.007820839092181413,1.0047719230666357,0.030785697774753415,0.488750488880855,-1.1151810064636727,-87.22303162287733,-0.012,1.25,-1.7874
0.0123,0.0,0.012451,1.303955,-0.243835,0.445007,1.352081,-0.00782642568006815,1.0047694183506337,0.030786055619373576,0.49045622599421906,-1.1070247003107396,-87.20040708403315,-0.012,1.25,-1.7874
0.0115,0.012695,0.020508,1.318604,-0.243835,0.41449,1.413116,-0.007830394283185814,1.004759418990168,0.03078659629572641,0.4969043372385205,-1.1069137355006775,-87.17662689335927,-0.012,1.25,-1.7874
0.0119,0.020752,0.000977,1.307129,-0.365906,0.139832,0.436554,-0.007823070424464118,1.0047546085512506,0.030786393762765207,0.490626518788694,-1.1146309834270829,-87.17634173857117,-0.012,1.25,-1.7874
0.0121,0.021484,-0.002441,1.313477,0.519104,-0.226379,-0.967255,-0.007814625200272627,1.0047566855938017,0.030785962853538042,0.4932533359520281,-1.1268073828280463,-87.19489259941562,-0.012,1.25,-1.7891
0.0131,0.016602,0.002197,1.31665,0.885315,0.017761,-1.302948,-0.0078098625218849934,1.0047575298551839,0.030785742706470245,0.5039181466506061,-1.132997935231381,-87.21539965727347,-0.012,1.25,-1.7891
0.011,0.011475,-0.011963,1.318359,0.488586,0.292419,-0.601044,-0.007801272924036947,1.004761469692591,0.030785177363430137,0.49987542371963994,-1.1332554470594796,-87.2311928212909,-0.012,1.25,-1.7891
0.0122,0.010498,0.001465,1.308105,0.549622,0.261902,-0.082245,-0.007798286502780956,1.0047623026062984,0.030785020353276755,0.5049198028337325,-1.1331289538096687,-87.23470205523498,-0.012,1.25,-1.7907
0.0113,0.001221,0.01001,1.313965,0.183411,0.567078,0.345001,-0.007801888168233233,1.0047609292312698,0.030785236468526066,0.5102043922375767,-1.12440381283311,-87.22723493107176,-0.012,1.25,-1.7907
0.0126,-0.002441,0.008301,1.309326,0.06134,0.65863,0.192413,-0.007806051796432823,1.0047598803062627,0.03078544563359912,0.5132117651812392,-1.1117780358375582,-87.22135100993682,-0.012,1.251,-1.7923
0.0115,0.008057,0.016357,1.304688,0.122375,3.31366,-4.141083,-0.007810308650050142,1.0047802733541045,0.030785286711802133,0.5225021819618891,-1.0755186992236787,-87.2638505907309,-0.012,1.251,-1.7955
0.0119,-0.034668,0.153564,1.34375,1.129456,-1.447083,-8.779755,-0.007882036185736843,1.004774265888271,0.030789239575532108,0.6216051117516024,-1.0694706662052607,-87.2963770011273,-0.012,1.251,-1.7955
0.012,-0.001221,0.007568,1.272461,0.274963,0.231384,-10.000458,-0.007887389704276949,1.0048461736887202,0.030787975767948245,0.6279833670359988,-1.0625137898394137,-87.41542354880335,-0.012,1.251,-1.7971
0.0127,-0.002197,0.077881,1.355957,0.671692,-3.064514,-9.512177,-0.00792701673220666,1.0049601678254225,0.030787543779252715,0.678725447981331,-1.0958401535943836,-87.50404262509855,-0.012,1.251,-1.7988
0.0121,0.022949,-0.025146,1.166504,0.06134,0.292419,-5.697479,-0.00791036307060234,1.0050737690447629,0.03078432590340321,0.6602493870139712,-1.1049078732642104,-87.58929668916953,-0.011,1.252,-1.8004
0.0112,0.018311,-0.052002,1.425293,-0.549011,1.146912,-2.401581,-0.007888513877679464,1.0052173160934716,0.030780187064862574,0.622409311160191,-1.0981778231220738,-87.64095688836011,-0.011,1.252,-1.8004
0.0127,0.007324,-0.014648,1.282227,-0.732117,0.780701,-2.03537,-0.007884798028798679,1.0053670313304444,0.03077679939842869,0.6012489767004033,-1.089903583015344,-87.67617329002984,-0.011,1.252,-1.8036
0.0115,0.005615,-0.04834,1.345947,-0.335388,0.750183,-0.967255,-0.007868874248202293,1.0055206032470263,0.030772702147442682,0.5665609299352818,-1.0815534119981116,-87.71015606484275,-0.011,1.252,-1.8036
0.0123,0.01001,-0.007324,1.298828,1.037903,-0.165344,-1.119843,-0.007867065126503243,1.0056520224057839,0.030769828667554115,0.5719902902113878,-1.0868286986565812,-87.73030603242626,-0.011,1.252,-1.8052
0.0122,0.013916,-0.018799,1.302246,0.82428,-0.684143,0.039825,-0.007859494444571315,1.0057844573430228,0.030766602081418,0.5676671800379649,-1.1006930793927154,-87.74154535637638,-0.011,1.252,-1.8052
0.0118,0.013428,-0.045166,1.342529,1.190491,0.170349,0.772247,-0.007841770217879662,1.0059050757267722,0.030763082183433356,0.5524083315726864,-1.1034674316878663,-87.75374000063232,-0.011,1.252,-1.8052
0.0124,0.010254,-0.022461,1.298096,0.976868,0.689148,1.413116,-0.007833384160851093,1.0060214332729314,0.030760135807745042,0.5478097541722539,-1.0985110209720514,-87.74827997774639,-0.011,1.252,-1.8052
0.0124,0.017822,-0.004883,1.309082,0.183411,0.628113,2.694855,-0.00782849696227434,1.0061227418445555,0.030757659621941335,0.543592542176764,-1.0988003664441397,-87.72177951068065,-0.011,1.252,-1.8052
0.0113,0.011719,0.020996,1.307861,0.244446,-0.440002,1.931915,-0.007835079249485292,1.0062108585965033,0.030756095748362373,0.555279544411249,-1.1080388705604745,-87.6959140214677,-0.011,1.252,-1.8069
0.0122,0.047119,0.085693,1.310303,0.580139,0.078796,-2.645721,-0.007851763867510898,1.0062921859350447,0.0307549153901824,0.609663776631257,-1.1312857448723557,-87.70993037203988,-0.011,1.252,-1.8069
0.0117,0.039307,0.064209,1.322266,0.091858,-0.317932,-5.453339,-0.007865062655340588,1.0063678433131804,0.0307535673973955,0.6453780208617432,-1.1537780459248395,-87.76177631234734,-0.011,1.252,-1.8069
0.0122,0.043213,0.025635,1.297852,0.213928,-0.775696,-6.521454,-0.007866061047945705,1.0064453847401873,0.030751379984059656,0.6606868180687202,-1.1844223990071252,-87.84058962048942,-0.012,1.251,-1.8085
0.0121,0.088379,0.022705,1.337158,0.06134,0.567078,-7.986298,-0.007855644532834778,1.0064742165516989,0.030749074891887714,0.6721336691926006,-1.2230028256656884,-87.94120316299968,-0.012,1.251,-1.8101
0.0113,0.061279,0.025146,1.306885,-0.518494,0.353455,-9.603729,-0.007849388664207087,1.00643962496109,0.03074876433494306,0.6790408648382629,-1.2494819901830372,-88.05150451131655,-0.012,1.251,-1.8117
0.012,0.049072,0.046143,1.309326,-0.426941,1.574158,-10.580292,-0.00784859419351632,1.0063906418813027,0.03074933405875584,0.699212979083754,-1.253534563672271,-88.17716011988195,-0.012,1.251,-1.8133
0.0123,0.007812,0.027832,1.322998,-0.335388,1.909851,-8.688202,-0.007848861324495799,1.0062985324417053,0.03075153894265155,0.7089233594800672,-1.2290678949112908,-88.2826090541777,-0.012,1.251,-1.815
0.012,-0.060303,-0.035645,1.295654,-0.793152,1.42157,-5.81955,-0.00784796768543642,1.0061995946107456,0.030754460738423132,0.6753723193140713,-1.1718336407005165,-88.3544145403006,-0.012,1.25,-1.8166
0.0123,-0.072754,-0.052246,1.306396,-0.671082,0.628113,-3.92746,-0.007847940217490522,1.0060697038544064,0.030757795543159515,0.6333979754140546,-1.117700233281434,-88.4068509562777,-0.012,1.25,-1.8182
0.0122,-0.067627,-0.064453,1.302734,-0.579529,0.200867,-1.241913,-0.007846752225096315,1.005931102371429,0.030760752976168305,0.5851205716968966,-1.0726529560778872,-88.42968846987382,-0.012,1.25,-1.8182
0.0111,-0.05127,-0.057861,1.304199,0.244446,0.353455,0.833282,-0.007851371736469092,1.0060390660887688,0.03075879626111497,0.5504695405895512,-1.036485873118337,-88.4292566530014,-0.012,1.25,-1.8166
0.0122,-0.052002,-0.055176,1.322266,0.335999,-2.515198,2.908478,-0.00785472787804046,1.00605265754174,0.030758681567654014,0.5190386757824313,-1.0350414134262678,-88.40153160025595,-0.012,1.25,-1.8166
0.012,-0.039551,-0.063721,1.27417,-2.776794,-4.559875,-13.815155,-0.007788450357110003,1.003760234415723,0.030798781520536098,0.44836704009748224,-1.0622697768043514,-88.58175206300855,-0.012,1.248,-1.8214
0.0122,0.356201,0.130859,1.742432,0.519104,-3.033997,-20.620575,-0.007604758893691347,0.9990850578831986,0.030898803835264447,0.5118792275006205,-1.242581208731144,-88.88030713498121,-0.014,1.243,-1.8328
0.0122,0.43457,-0.071777,1.380127,9.308167,-5.475403,-26.540985,-0.007464422712174429,0.9955225364626686,0.031006072758638183,0.5923837657830611,-1.5229450863194698,-89.31965317524069,-0.014,1.24,-1.8506
0.0121,0.093262,0.038818,1.225586,6.62262,12.652039,-26.663055,-0.0074100781133739696,0.9924378909894941,0.031098453482733785,0.7005499809732922,-1.4191093793189795,-89.678231986485,-0.015,1.238,-1.8668
0.012,0.217529,0.091553,1.28125,-2.83783,-3.888489,-15.981903,-0.007369613710314787,0.989125663319088,0.031210524586892264,0.7204055729195202,-1.5830705271044192,-89.95975182907904,-0.016,1.234,-1.8813
0.0123,0.415771,-0.101318,1.493652,-1.250916,-1.569153,-4.965057,-0.007382065426430291,0.9860403076571537,0.031353452568906766,0.6536886292174793,-1.7921598901901792,-90.06139977182421,-0.017,1.232,-1.8846
0.0114,0.330566,0.042725,1.243652,-0.732117,-2.667786,-2.218475,-0.007418766731829177,0.9834727526114541,0.03149573817908449,0.6679196729120955,-2.003947421937666,-90.2284044342789,-0.018,1.228,-1.8878
0.0122,0.250732,-0.046387,1.120605,-7.445984,7.494568,6.204376,-0.007495706935861509,0.9796968042159365,0.0316909759308662,0.5417271361211429,-2.067338968464373,-90.1822144316195,-0.019,1.225,-1.8911
0.0114,0.221191,-0.090088,1.342285,-9.460144,-0.104309,-0.26535,-0.007595929281659316,0.9754004517504772,0.03189919091102112,0.3820949469537258,-2.1780596562917296,-90.15173288149583,-0.021,1.221,-1.8959
0.0121,0.585449,0.212158,1.137451,-2.502136,6.21283,-1.791229,-0.007653715266330581,0.9715761048763456,0.032208956992448405,0.47286857327254767,-2.4112615662872106,-90.6933180834342,-0.022,1.217,-1.8927
0.0123,0.134766,-0.125244,1.526123,-2.288513,-5.322815,-9.115448,-0.007790106245884958,0.9667921831928765,0.0324423433051891,0.3835298942662215,-2.5244045218557867,-90.63077033474165,-0.023,1.213,-1.8959
0.0121,0.432373,0.077881,0.992676,0.274963,6.762146,-16.103973,-0.008067908685666312,0.961993212037472,0.03284488339357391,0.45098836505577133,-2.7153018949473737,-91.18942758726664,-0.025,1.207,-1.8975
0.012,0.084473,-0.119873,1.614258,-1.983337,9.081482,-13.784637,-0.008184265189559366,0.956934266518555,0.03310196613954773,0.373454053318662,-2.625005449022163,-91.1330817561661,-0.027,1.203,-1.8991
0.0116,0.082764,0.029297,1.328369,2.167053,13.903259,-16.836395,-0.008310559244728614,0.9521165933961798,0.033348414736395375,0.4234578838503219,-2.4926331746422608,-91.40810256132244,-0.028,1.199,-1.9024
0.0121,0.112793,0.03125,1.714355,0.82428,7.738708,-7.711639,-0.008466298022272,0.9470642407268867,0.03359773515854472,0.44960609361434845,-2.429943362902807,-91.56505110396557,-0.03,1.194,-1.9024
0.0123,0.06665,-0.0979,0.967773,-1.464539,0.506042,-7.375946,-0.008536468955055951,0.9417417437241075,0.033865449168254125,0.35456253297699847,-2.46183382271871,-91.3637399513216,-0.031,1.19,-1.9072
0.0121,0.037842,0.010254,1.073975,5.585022,-4.742981,-4.293671,-0.00869081639415476,0.9362215283633039,0.03411497821309163,0.4310654481883497,-2.5300995427308917,-91.45024265387684,-0.034,1.183,-1.9056
0.0117,0.098389,-0.042236,1.433105,4.089661,1.940369,-10.366669,-0.008800737499460141,0.9309548390080201,0.03438870133428087,0.4583058939487006,-2.540539461760357,-91.49290827830161,-0.035,1.179,-1.904
0.0121,0.06543,0.082275,1.639893,-4.577332,-5.933167,-13.326874,-0.009040088238891464,0.9259307986897073,0.034623339133003625,0.4483448487611977,-2.6211150197266004,-91.81283568125828,-0.037,1.175,-1.9024
0.0124,-0.191406,-0.157471,0.751953,-1.983337,-6.238342,-8.627167,-0.008473950732124985,0.9201414862233858,0.03463535803775574,0.2718465759426827,-2.504874206232576,-91.16632950427771,-0.039,1.169,-1.9024
0.0121,0.032715,0.091553,1.139648,8.789368,18.480896,-9.603729,-0.008775078166403464,0.9147308429175648,0.03488200441925359,0.44562967516489765,-2.288669866233589,-91.50372445133068,-0.04,1.164,-1.9056
0.0112,-0.04126,0.09375,1.932861,-1.95282,-1.35553,-10.09201,-0.008979026103563159,0.9099079515856061,0.03502317612519972,0.46368516215202704,-2.2686738828218163,-91.71272826947852,-0.042,1.158,-1.9072
0.0124,-0.056152,-0.068604,1.050049,-7.568054,-4.773499,-3.988495,-0.00890430980955462,0.9045676857026068,0.03515181716964853,0.31957438645464564,-2.273560498798433,-91.55384773518125,-0.044,1.154,-1.9089
0.0122,-0.156494,-0.002197,1.237793,2.136536,-3.400208,-0.478973,-0.008888951553844239,0.8990799642380656,0.035189871739471225,0.342992252981881,-2.2047717460262883,-91.4630661378111,-0.045,1.15,-1.9105
0.0121,0.052246,0.013672,1.119873,2.899475,-0.34845,2.298126,-0.00907680729090683,0.894099193525492,0.03542019804311686,0.38598554906692917,-2.231886557256143,-91.47822658588669,-0.047,1.144,-1.9105
0.012,-0.072998,-0.057129,1.563965,0.976868,-1.965881,0.314484,-0.009012324143658547,0.8892369046665208,0.03551896054927391,0.36676655899038385,-2.203759412472517,-91.34700147537261,-0.049,1.14,-1.9105
0.0123,-0.047363,-0.044434,1.357666,1.312561,0.567078,-1.577606,-0.008963284712972228,0.8843065707450155,0.035634027867238384,0.3564340255902859,-2.1555307448665686,-91.25939872344372,-0.051,1.134,-1.9105
0.0111,-0.031738,-0.007812,1.446289,8.026428,5.694031,-4.446259,-0.00898930138637324,0.8798981337869042,0.03574223634781101,0.44071481998879847,-2.0613385746722326,-91.2655554141557,-0.052,1.131,-1.9105
0.0121,-0.106689,-0.051758,1.340576,2.258606,0.200867,-2.004852,-0.008846863283281419,0.8753782080164693,0.03576292338261812,0.4363712048711338,-1.985317729889198,-91.14693805021285,-0.053,1.127,-1.9089
0.012,-0.123047,-0.154541,1.278564,-2.257996,4.44281,0.222931,-0.00845725238193628,0.8708664881387054,0.03575449113260438,0.3151522020948518,-1.8483515429869966,-90.85657923723137,-0.055,1.122,-1.9105
0.0125,-0.008545,0.046387,1.368652,5.676575,-0.134827,-0.387421,-0.008582947180809946,0.8665666854607984,0.03586059038832795,0.4109577232578056,-1.83435728640724,-90.89504734218575,-0.056,1.119,-1.9105
0.0121,-0.083252,0.029297,1.072021,1.648254,0.53656,5.594025,-0.008604873230916549,0.8624695089159724,0.035849728769170267,0.44828485868137,-1.7608479819863936,-90.79875029616106,-0.058,1.114,-1.9072
0.0112,-0.051758,-0.003418,1.142334,-6.255798,-4.407288,8.828888,-0.008574444487771627,0.8585361650751419,0.03587748564585368,0.3718739373700814,-1.767453533779656,-90.65319787834177,-0.059,1.111,-1.9072
0.013,0.029297,0.029541,1.294434,-0.030212,-1.325012,7.486115,-0.008691269992817233,0.8541287031923676,0.036029563886244856,0.38500812511329796,-1.7928374338316935,-90.59019612041965,-0.06,1.107,-1.9056
0.012,-0.052979,0.125244,1.564209,-1.525574,-2.576233,7.241974,-0.008862882036499002,0.8500664502895304,0.036071135634208246,0.42364792474218543,-1.786970744596698,-90.56761709567198,-0.062,1.102,-1.904
0.0112,-0.053955,-0.059326,0.889893,-0.518494,3.527283,9.164581,-0.008660195183561361,0.8462988693203222,0.03607216078804518,0.3632219566395952,-1.6966689850831276,-90.34786564425231,-0.063,1.099,-1.9024
0.0124,-0.044922,0.00293,1.536621,5.85968,-0.836731,4.983673,-0.008627249444964168,0.84223099223694,0.03611634573476472,0.4332173886052218,-1.674762244816974,-90.25727672467775,-0.064,1.095,-1.9008
0.012,-0.010498,-0.033936,1.48877,4.211731,3.924011,3.152618,-0.008558297915029017,0.838297342585673,0.036197115836124984,0.4624916387315699,-1.6132618470669657,-90.18054939284454,-0.065,1.092,-1.8991
0.0118,-0.047119,-0.134033,1.542236,0.152893,2.794861,3.335724,-0.008304442226776558,0.834578498113792,0.03622644096341951,0.3943429289692928,-1.5482233739922355,-90.02697178155186,-0.066,1.089,-1.8975
0.012,-0.007568,-0.028809,1.105713,8.75885,2.062439,3.213654,-0.008216232840372664,0.8308788782981089,0.03630086004156046,0.476459553715708,-1.5129308646495685,-89.95154241240175,-0.068,1.084,-1.8975
0.0125,-0.018555,0.070068,1.465576,0.82428,3.100037,5.594025,-0.008283366593333888,0.8268081047703398,0.036363885533474256,0.5188769859528474,-1.457557001792696,-89.90190526710292,-0.069,1.081,-1.8959
0.0113,0.042236,-0.047852,1.278809,-5.614929,-0.501038,7.638702,-0.008223669011257163,0.8233448987266048,0.03650112908004153,0.4227770152536334,-1.4827768597229716,-89.80091946307616,-0.07,1.077,-1.8943
0.0128,-0.072266,0.072021,1.189209,-1.281433,3.496765,10.263214,-0.008239430502837982,0.8191719613281254,0.03647395458665078,0.44791014925795863,-1.3873441382327005,-89.66648474868704,-0.071,1.074,-1.8927
0.011,-0.039062,0.068359,1.329102,0.091858,5.236267,9.408722,-0.00827863063111454,0.8156058996036479,0.03648592426062726,0.4837021335678686,-1.3029119965194007,-89.57434327277605,-0.072,1.071,-1.8911
0.0122,0.047852,0.075195,1.225586,-3.08197,0.109314,5.868683,-0.008394945422507292,0.8119164785087273,0.036634989467845006,0.48952952610302913,-1.327601685298496,-89.55994357457003,-0.074,1.066,-1.8878
0.0121,0.010254,-0.011963,1.357666,0.183411,-0.409485,8.249054,-0.008340850144690128,0.8081823159235239,0.0367228284105192,0.48023644367874674,-1.3336845047393804,-89.45184258423703,-0.075,1.063,-1.8862
0.0126,-0.026855,-0.04541,1.422852,6.042786,-2.179504,4.129181,-0.00819459552550531,0.8042241039687881,0.036760495419242104,0.527429877099401,-1.3409984113257707,-89.36085167244501,-0.076,1.059,-1.8846
0.012,0.037598,0.014404,1.10791,-0.213318,-7.855774,2.237091,-0.008209217677836679,0.8003839414028449,0.036908626383740484,0.5320046878970635,-1.4567582722871406,-89.35720383545517,-0.077,1.056,-1.8846
0.0115,-0.00293,-0.158691,1.199951,0.976868,-4.010559,7.455597,-0.007835446089399982,0.7967156892102488,0.03698680111150299,0.43851115758095627,-1.4956393331893132,-89.17184774889371,-0.078,1.053,-1.883
0.0123,-0.133789,0.033203,1.415771,11.596985,2.001404,6.021271,-0.007621503271619072,0.7927836415049546,0.03686474457276883,0.5934670540842076,-1.392578837617061,-89.03333615710383,-0.08,1.048,-1.883
0.0123,-0.063477,0.145508,1.445068,3.052063,-0.623108,8.249054,-0.007662830428719548,0.7888820828949464,0.03683937959537311,0.7007833743254401,-1.3613791186798003,-88.9461442631654,-0.081,1.045,-1.8813
0.0122,-0.000244,-0.052734,1.223389,-4.85199,-4.315735,9.103546,-0.007495083803424129,0.7851654826551819,0.03691445199056121,0.6022447646243453,-1.409742912385556,-88.8102025124632,-0.082,1.041,-1.8797
0.011,0.007324,0.102295,1.116943,4.425354,-0.562073,5.075226,-0.007588875709345335,0.7818064647525691,0.036992961130121196,0.7154680526798826,-1.4169689278179112,-88.79246608623177,-0.083,1.038,-1.8781
0.012,0.012451,0.088135,1.505859,2.319641,3.954529,9.469757,-0.0076133123992812,0.7780210515001021,0.03708191361721287,0.7797875201348745,-1.370547595499659,-88.70092240633969,-0.084,1.035,-1.8781
0.0122,-0.023926,-0.106934,1.407715,-4.516296,-1.080872,6.448517,-0.0073402055160960026,0.7742062178768073,0.03712106243074962,0.66003916917869,-1.365551617537515,-88.57676863033306,-0.086,1.031,-1.8781
0.0125,0.07251,0.104736,1.266113,0.030823,1.909851,4.89212,-0.007449361986227839,0.7704050265435546,0.03732307555579562,0.7176731473368831,-1.3807754621133046,-88.57020860463567,-0.086,1.028,-1.8765
0.0121,-0.045654,-0.049316,1.228516,0.06134,3.100037,8.6763,-0.007220318341186064,0.7667554705174101,0.03731279963776481,0.6807042078171547,-1.3114917264061812,-88.42675719308382,-0.088,1.024,-1.8765
0.0121,-0.012207,-0.043213,1.203613,-3.661804,-0.958801,6.448517,-0.007030099353013184,0.7630730533758576,0.03736277700005743,0.6035337818177356,-1.3119172557208825,-88.32652790631431,-0.089,1.02,-1.8765
0.012,0.009033,0.048096,1.383301,-2.83783,-1.569153,4.800568,-0.006965373928098498,0.7593170764682686,0.037444507772464636,0.5913987386877567,-1.330693224565576,-88.2788160272566,-0.09,1.018,-1.8765
0.0115,-0.00293,0.100098,1.437744,1.129456,1.360535,3.488312,-0.006951404099066466,0.7558711690795263,0.03749645319361548,0.6526622071740459,-1.308145946298665,-88.25570782040185,-0.091,1.013,-1.8749
0.0122,-0.006104,0.070312,1.175781,-2.013855,0.353455,0.924835,-0.006913493298831833,0.7521589405076525,0.037551945929726244,0.6699230565081399,-1.2961043069118345,-88.25820731666143,-0.092,1.01,-1.8732
0.0114,0.021484,-0.01001,1.166992,-6.286316,4.168152,3.976593,-0.006797513580391168,0.7487001479558951,0.0376661666830473,0.5875655114457096,-1.2599011542004948,-88.21227774161297,-0.093,1.006,-1.8732
0.0123,0.012939,-0.028076,1.595215,1.037903,-2.36261,4.373322,-0.006653801437157158,0.7451643712444571,0.03774548557700941,0.5817175142955331,-1.2894378415873424,-88.15176109680071,-0.094,1.003,-1.8732
0.0126,-0.013428,0.011475,1.239014,1.312561,-3.552795,2.75589,-0.006526999386783235,0.7414755493122419,0.03778553574717342,0.601228137821409,-1.321567113735349,-88.11357370121495,-0.095,1.001,-1.8732
0.0115,0.013916,-0.021973,1.093262,-3.478699,6.792664,2.572784,-0.006386101537357845,0.7379231338054447,0.03789321001520735,0.54265214822941,-1.2509508649512329,-88.07967731284455,-0.096,0.996,-1.8732
0.0122,-0.026123,0.012939,1.491455,1.861877,1.574158,4.434357,-0.006251010688185367,0.734284968513362,0.03791029430269666,0.567351700024331,-1.2136907930017684,-88.01883005482543,-0.097,0.993,-1.8716
0.0122,-0.070557,-0.038818,1.567383,2.197571,-3.24762,6.265411,-0.006044350990958304,0.7306989862197312,0.03785367910926369,0.5697418257359628,-1.2139378832178247,-87.91891040787816,-0.098,0.989,-1.8732
0.0113,0.041992,-0.057861,1.106445,-3.020935,-1.904846,7.66922,-0.005912785872311989,0.7273488168377806,0.03801845442840773,0.4916914456206504,-1.262611328816012,-87.8363635767269,-0.099,0.986,-1.8716
0.0125,0.010742,-0.012939,1.010254,-0.671082,-3.095032,7.364044,-0.005772470871381012,0.7237018713267345,0.03812007934013407,0.47001471746618106,-1.307922729995036,-87.74517552620046,-0.1,0.984,-1.8716
0.0122,0.022705,0.110107,1.523438,-0.091248,-7.031799,3.488312,-0.005712564071618545,0.7201340904412001,0.03821035524743112,0.5203954942482079,-1.3983732569150844,-87.72015794363057,-0.102,0.979,-1.8732
0.0121,0.019043,0.110107,1.437744,-3.936462,0.53656,3.091583,-0.005670304464504735,0.7170726760221411,0.03829084252188172,0.5276875225798013,-1.3957146937786609,-87.69952907255022,-0.102,0.976,-1.8732
0.012,-0.030273,0.010986,1.289795,-3.84491,5.632996,0.8638,-0.0055147051078229415,0.7136263093225068,0.038294520180846524,0.48557170994605203,-1.305277169017076,-87.6823017969425,-0.104,0.972,-1.8732
0.0114,0.111572,0.074463,1.159424,-2.654724,2.947449,-1.699677,-0.0054809434289883685,0.7103924190424384,0.03860569441629007,0.5025462704385779,-1.3406336624227717,-87.73108717055644,-0.105,0.97,-1.8716
0.0125,-0.037598,-0.047363,1.191162,-4.241638,-3.095032,-0.326385,-0.0052763016864374275,0.7069326584572547,0.038588399433965394,0.4175996869725133,-1.3504158097276031,-87.71802476041711,-0.105,0.967,-1.8732
0.0121,-0.009033,0.021729,1.303955,-1.586609,-2.48468,-2.401581,-0.005128557107408142,0.703143006345349,0.03863777263601657,0.4104368639402437,-1.3693437575428988,-87.74744297417227,-0.107,0.962,-1.8749
0.011,0.113525,0.059814,1.460205,-2.83783,2.611755,1.443634,-0.005061432990840243,0.6997970020038013,0.03890379706763005,0.4084146204644889,-1.3934687886979307,-87.75092980861866,-0.108,0.96,-1.8732
0.0122,-0.107178,-0.186768,1.177002,-4.913025,-2.911926,6.265411,-0.004709316656398351,0.6963676585484595,0.038737606910405196,0.22775073072228297,-1.3565560277551094,-87.61844322539223,-0.109,0.957,-1.8732
0.012,-0.081299,-0.053955,1.238037,-2.288513,-2.057434,1.321564,-0.004446286974609946,0.6929157288849053,0.03862357323613833,0.16757534251150852,-1.3261855294113183,-87.57166445499985,-0.11,0.953,-1.8749
0.0121,-0.044678,0.011719,1.343262,-1.83075,-1.965881,5.014191,-0.004218611091129243,0.689438993977965,0.03859101566837542,0.1518504111281884,-1.31918497797698,-87.49367893082503,-0.111,0.95,-1.8732
0.0121,-0.04248,-0.077148,1.341309,-0.640564,-0.226379,0.74173,-0.004040725567521224,0.6858951527192139,0.038569253984109625,0.10125874928255374,-1.292559429327958,-87.47357447504184,-0.112,0.946,-1.8732
0.0122,0.087646,0.130127,1.338379,-0.793152,-3.522278,1.474152,-0.003900779855544355,0.6824040171003684,0.038803242209547284,0.16622231107646837,-1.379635801508015,-87.46987254542304,-0.113,0.943,-1.8716
0.012,-0.08374,-0.007568,1.123047,-1.678162,-2.454163,3.76297,-0.003620534660188788,0.6789672781828727,0.03865986648542306,0.14156290889594247,-1.3479211301415956,-87.39730404168817,-0.114,0.94,-1.8716
0.0123,-0.009033,-0.036377,1.265869,1.526184,3.374695,0.8638,-0.003476086368731216,0.6754556693430873,0.03870702461979731,0.13929802523732535,-1.2963847154671655,-87.38675840360473,-0.115,0.937,-1.8732
0.0121,0.099609,0.023682,1.553711,0.427551,2.367615,-0.02121,-0.003388448145178462,0.6720655228115398,0.03894322642812844,0.1568712745063152,-1.3106719617775822,-87.40415849770717,-0.116,0.934,-1.8732
0.0121,-0.001953,0.05957,1.361328,3.326721,3.161072,-4.446259,-0.0031931201731490474,0.6687761732481152,0.03899316025230954,0.2323128802845786,-1.2662973262524464,-87.45140858235199,-0.117,0.93,-1.8749
0.0113,0.00708,0.068848,1.232666,1.861877,1.513123,-3.500214,-0.0030419974910882914,0.6662965617669584,0.03904669869674141,0.29701468971488315,-1.2496609433906074,-87.48608804624088,-0.118,0.927,-1.8749
0.0122,0.018066,-0.070068,1.175781,2.502747,0.933289,-4.263153,-0.0029243535984312683,0.6626973305799531,0.03916147197595587,0.2829218311407741,-1.2464987428024004,-87.54432673403937,-0.119,0.924,-1.8781
0.0121,0.154785,0.040039,1.520752,4.394836,8.837341,1.565704,-0.0028433294479196783,0.6594549440462756,0.03950725962602361,0.3544827720638172,-1.2122681262906512,-87.54517101083042,-0.12,0.921,-1.8749
0.0124,-0.140869,-0.143311,1.304199,7.171936,3.31366,3.854523,-0.002568153405112187,0.6561508458173724,0.03926190843992349,0.3579820631552696,-1.0868872168338004,-87.46329884793151,-0.121,0.918,-1.8765
0.0111,-0.051758,0.027588,1.253174,3.662415,0.383972,2.511749,-0.002366285976887696,0.6530320240115572,0.03919034116246581,0.41362993382581126,-1.0491291213200227,-87.41916423327137,-0.122,0.914,-1.8781
0.0123,0.089111,0.027832,1.498291,-0.94574,-0.531555,4.922638,-0.0022728619766481566,0.6498476081632522,0.03940897738667397,0.4132418200550321,-1.0979563078109769,-87.37334822004493,-0.123,0.911,-1.8765
0.0117,-0.059814,-0.050293,1.165283,2.899475,0.170349,3.732452,-0.0020761807290172623,0.6466998801072202,0.039315187391660275,0.41191485149196017,-1.0555682636534807,-87.31591380114546,-0.124,0.909,-1.8765
0.0152,-0.020752,0.129883,1.520508,0.458069,5.236267,-0.26535,-0.0018194371788099052,0.6426492928469721,0.03933314552715784,0.4821521987085085,-0.9628527105479271,-87.30451573327962,-0.125,0.905,-1.8797
0.009,-0.032715,0.014893,1.3479,-4.607849,-1.782776,0.833282,-0.0016948771695054008,0.6403813573171233,0.03929146379573921,0.4470864631956716,-0.9586594564518384,-87.29075134432638,-0.126,0.902,-1.8797
0.0126,-0.046631,0.013916,1.1875,-1.18988,-0.287415,-0.662079,-0.0014692547333099086,0.6361115658645018,0.03924249316909455,0.4397306467394552,-0.9317535790935682,-87.29021913396957,-0.127,0.899,-1.8797
0.0116,0.049072,0.063477,1.267578,1.312561,3.710388,2.816925,-0.0012637182220475254,0.6330574987540278,0.039404574369829165,0.49068388274283137,-0.9181820835141,-87.25156464089122,-0.128,0.896,-1.8797
0.0116,-0.121582,-0.093994,1.3479,-0.091248,-4.529358,2.084503,-0.0012084260105573808,0.6301924323208,0.03917808556566065,0.43397699451506816,-0.9009421078995741,-87.23215660254836,-0.128,0.894,-1.8781
0.0125,0.015381,0.026123,1.344238,2.655334,-4.559875,-2.493134,-0.001022233640076173,0.6268344998260756,0.03925872433284731,0.4803444396331049,-0.9649392888077506,-87.26058973552577,-0.13,0.89,-1.8797
0.0127,0.081299,-0.019775,1.35498,3.662415,4.809021,-0.814667,-0.000906323111044513,0.6235068477700653,0.0394943774137143,0.5130466340323816,-0.9485431693959202,-87.28503362917856,-0.13,0.887,-1.8813
0.0116,-0.074707,-0.124268,1.384766,2.0755,4.168152,0.619659,-0.0008324704833775922,0.6205864061891802,0.039380720842721664,0.4658578910408205,-0.8581647720123842,-87.2843114987685,-0.131,0.884,-1.8813
0.0113,-0.059814,0.094482,1.367676,1.770325,-4.407288,-3.622284,-0.0005398298822852361,0.6177663588462144,0.03928177799489946,0.5366607395402879,-0.8732302590314085,-87.29314228261477,-0.132,0.882,-1.8813
0.0126,-0.022705,0.026123,1.217285,-0.671082,-3.522278,0.100861,-0.00033994866610798135,0.6145785531308434,0.039271396703930574,0.5420729156256139,-0.903154619006415,-87.28189077850341,-0.133,0.879,-1.8813
0.0121,-0.042236,0.006592,1.307617,0.641174,-0.34845,0.436554,-0.00016898311116739584,0.6114565520923084,0.0392181749898261,0.5506400727561884,-0.8819745106437815,-87.26954690567024,-0.134,0.875,-1.8797
0.012,0.00708,0.02832,1.513428,-0.671082,0.963806,1.382599,6.892748327893563e-06,0.6084553543884078,0.0392719217082063,0.5533798651371955,-0.8726038921551926,-87.2475491734856,-0.135,0.873,-1.8813
0.0112,-0.042725,-0.005371,1.300293,-0.823669,2.55072,0.436554,0.00012478009654137852,0.6058224430374909,0.0392107144585224,0.5380258080189794,-0.818955269938933,-87.24022558951029,-0.136,0.87,-1.8813
0.0128,-0.012695,0.057861,1.244873,1.434631,2.916931,-2.432098,0.0003800653713332369,0.6028867852021844,0.039223286492394524,0.5894488325080445,-0.7745446924394409,-87.2509064661242,-0.137,0.868,-1.8813
0.0118,0.078125,-0.01709,1.247803,-0.152283,-1.691223,-2.737274,0.00047662526218705993,0.6000823805122568,0.039459385805128415,0.5744195843900155,-0.8427038968403119,-87.29746497619556,-0.137,0.866,-1.8813
0.0122,-0.025635,-0.030762,1.619385,1.861877,-4.071594,-6.002655,0.0005649505582726221,0.5973150800280798,0.03944289472973144,0.5796959904119716,-0.8772703410904105,-87.37674077459006,-0.139,0.862,-1.883
0.0117,0.017578,0.000488,1.174561,1.282043,-3.36969,-7.07077,0.0006763057701185585,0.5945034481586857,0.039533309166055956,0.5931625076623096,-0.9274444763416729,-87.46400388942014,-0.139,0.86,-1.8846
0.0123,-0.038818,0.104736,1.154785,-0.823669,-5.139709,-8.993378,0.0010095185583449296,0.5915637092493732,0.039472470904727906,0.6508681053930753,-0.9635651115609271,-87.53953845046485,-0.14,0.856,-1.8862
0.0119,-0.031494,-0.01709,1.302979,-2.319031,-0.623108,-4.04953,0.0010858747212688408,0.5887924828691192,0.03943852430105523,0.6103012480357741,-0.9505998593971944,-87.59291992671157,-0.141,0.854,-1.8878
0.0118,-0.043701,0.032715,1.535156,-0.884705,4.259705,-3.622284,0.0012452557315522142,0.5860071904983963,0.03938739092441,0.6129355754998429,-0.8761900906788148,-87.62576084327488,-0.142,0.852,-1.8894
0.0122,-0.023926,0.067139,1.306885,-0.976257,5.57196,-4.781952,0.0014672771372907084,0.5838253978737918,0.03936413998418606,0.6376109234832914,-0.7939448062060362,-87.66088347569524,-0.143,0.849,-1.8894
0.0115,-0.024414,0.039795,1.076904,-3.722839,-1.111389,-8.718719,0.0016770586825239756,0.5808883992741213,0.039342480047557776,0.6215713785033508,-0.7905408168219235,-87.74548183021933,-0.144,0.847,-1.8911
0.0121,0.146729,0.071289,1.401855,-2.502136,7.158875,-8.779755,0.002097411694526303,0.5784073528612869,0.03970578405640389,0.6275578232353924,-0.782606457852123,-87.8161555335097,-0.144,0.844,-1.8927
0.0117,-0.122559,-0.162109,1.389404,0.366516,-4.37677,-7.345428,0.001758810883387348,0.5759987114846349,0.03946369511195235,0.5411946952616744,-0.7660222609169505,-87.95861962400153,-0.145,0.842,-1.8943
0.0121,0.156982,0.055664,1.14624,1.343079,1.391052,-13.479462,0.0020863359270224062,0.5731878303971418,0.0399328199511211,0.5933672591683191,-0.852288053466233,-88.10337520798298,-0.146,0.84,-1.8975
0.0123,-0.069336,-0.092529,1.467773,-2.715759,2.947449,-8.871307,0.002001815946470247,0.5704365129627024,0.039821932269791485,0.5101258331760454,-0.7782481275246775,-88.23286621463828,-0.147,0.836,-1.8975
0.0123,-0.0354,-0.020752,1.18042,1.678772,-2.301575,-8.993378,0.0020303577032224724,0.567669786862403,0.039769924494409435,0.5163560415590943,-0.7838859060720492,-88.34915090406722,-0.148,0.834,-1.9008
0.0112,0.023682,0.053711,1.556396,1.312561,3.832458,-8.169403,0.002182201898559738,0.5653212595236129,0.03984913265417983,0.5553776549074464,-0.7513448810435265,-88.4297572816041,-0.149,0.831,-1.9024
0.0121,-0.055908,0.036133,1.104492,-0.915222,-4.926086,-7.223358,0.0023185415433315173,0.5626042904273422,0.0397342917742321,0.5680398441151717,-0.7734049609731465,-88.50435816968239,-0.15,0.829,-1.904
0.0121,0.031738,0.043213,1.396973,-2.19696,-0.195862,-8.383026,0.0024881372049024037,0.5598733946006486,0.03984425884624689,0.5633707275312435,-0.7922102557411173,-88.59427821944908,-0.15,0.827,-1.904
0.0121,0.009033,-0.041504,1.380127,-3.509216,1.696228,-4.04953,0.0024623406590093973,0.5571364157481082,0.03990226913070896,0.4957672147142293,-0.7764378341646234,-88.65646158250689,-0.151,0.824,-1.9089
0.0121,-0.098389,-0.05542,1.503174,1.312561,0.048279,-4.354706,0.0023689171232938494,0.5545695921950733,0.03972696189838713,0.4813084282663639,-0.7250438784147708,-88.72382407307708,-0.152,0.821,-1.9089
0.0122,-0.021729,-0.012207,1.236084,2.411194,-2.667786,-6.979218,0.0023816124356484925,0.5518731935946584,0.03971033836119768,0.5018448381988112,-0.7447484921814057,-88.8142475368579,-0.153,0.818,-1.9105
0.0121,0.036377,-0.038086,1.332031,-1.891785,-5.048157,-5.331268,0.00230979026255944,0.5492069673421309,0.03982972307263659,0.4556742397669613,-0.8262874834025423,-88.8983171253285,-0.154,0.816,-1.9105
0.0122,0.037842,-0.030762,1.309326,1.678772,-0.867249,-7.498016,0.0022505145161316586,0.5465193102143532,0.039957732216264336,0.4572869818407121,-0.8581871557765085,-89.00666445170772,-0.155,0.814,-1.9121
0.0121,0.016113,0.104004,1.480469,1.037903,-0.806213,-7.253876,0.002491050780469027,0.5438951515744274,0.04003016807368096,0.5222311204497593,-0.8741876292733393,-89.06945225424909,-0.156,0.811,-1.9137
0.0114,-0.02832,0.020264,1.250244,-3.295593,2.886414,-7.345428,0.0025762427329942546,0.5414011718188582,0.03999908928938256,0.49612053318136706,-0.823607882430539,-89.14549517096043,-0.157,0.809,-1.917
0.0123,0.024658,0.127197,1.381836,-2.532654,5.175232,-10.824432,0.0029105036831397813,0.5389266221694341,0.04009926588245471,0.5344391405454406,-0.7727409306757057,-89.241608634594,-0.158,0.806,-1.9186
0.012,-0.036377,0.040771,1.326416,-0.884705,1.268982,-8.505096,0.0029913597586685653,0.5365177397175266,0.0400499175865294,0.5459113841555602,-0.7363460131773204,-89.3349533706992,-0.158,0.804,-1.9202
0.0121,0.038086,0.035889,1.329834,0.06134,2.886414,-10.549774,0.003147044285855151,0.5340591098977907,0.040179805500770084,0.5658731905908476,-0.723346379811324,-89.44877052701675,-0.159,0.803,-1.9234
0.0121,-0.069336,-0.094971,1.177979,-1.098328,-0.745178,-9.512177,0.002820904301869734,0.5315196688726885,0.040026554272325814,0.4899961656002438,-0.6885388353734403,-89.60381405690978,-0.16,0.8,-1.9234
0.0122,0.002441,-0.059082,1.290527,1.465149,0.719666,-9.023895,0.002665436586085491,0.5288843095705482,0.04006631527720445,0.47165763297169017,-0.6819945161921676,-89.73616546190546,-0.161,0.798,-1.9251
0.0114,-0.038086,-0.141602,1.438721,0.976868,-2.911926,-6.399384,0.0023082882150221905,0.5266034165774801,0.04000120228352105,0.40642578636769283,-0.6949960323887265,-89.85320142892407,-0.162,0.795,-1.9267
0.0123,-0.066406,-0.091797,1.206299,3.082581,-0.623108,-9.756317,0.0020651829114778164,0.52421620578907,0.039857181843261535,0.38623498605821704,-0.6620722391566283,-89.99980727277699,-0.162,0.793,-1.9299
0.0121,-0.051514,0.058105,1.335693,1.404114,-1.782776,-7.894745,0.00232356457517319,0.5216860333719242,0.039776917647039674,0.43611363177022605,-0.6549609901351455,-90.06040240442813,-0.163,0.791,-1.9299
0.012,-0.072754,-0.012451,1.423096,0.519104,0.872253,-5.94162,0.002331922858330734,0.5191683995691084,0.039648809772677054,0.4343989604237481,-0.606207589768508,-90.12590484154715,-0.164,0.788,-1.9315
0.0122,-0.037109,0.031006,1.328125,-0.274353,-0.684143,-6.094208,0.0024777119636953974,0.5167351864107096,0.03959882346924398,0.44796339177617267,-0.5948118211612593,-90.1794680495937,-0.165,0.786,-1.9332
0.0113,-0.016846,0.01123,1.15332,-2.19696,2.031921,-3.378143,0.002527576565030073,0.5145117577789221,0.03959333624216577,0.42969462218635124,-0.5643236082434857,-90.20962904680533,-0.166,0.784,-1.9332
0.0122,-0.082275,-0.031006,1.283203,-1.891785,-5.475403,-5.331268,0.0024375176796207192,0.5121744195533239,0.0394208817063786,0.3874232122463502,-0.5840879253663398,-90.28000807377623,-0.167,0.782,-1.9348
0.0119,0.046387,0.051758,1.356689,-2.532654,-0.59259,-3.683319,0.0026218172544699107,0.5099550652977146,0.03956572705758213,0.38579437176587417,-0.6191258721830788,-90.30380985888954,-0.167,0.78,-1.9348
0.0123,-0.079102,-0.068359,1.405518,-1.128845,-1.508118,-6.429901,0.002352784473035626,0.5074811917410276,0.039414140621697284,0.3343020556411501,-0.595763025335864,-90.40911330010427,-0.168,0.777,-1.9364
0.0122,0.067139,0.012207,1.144531,0.091858,3.283142,-7.83371,0.0023071319658493467,0.5049951960190959,0.03964187675030942,0.34411305100562084,-0.6039684504716419,-90.51349877811941,-0.169,0.775,-1.938
0.0121,-0.038086,-0.092773,1.414062,0.458069,-1.294495,-7.894745,0.0019140924623501062,0.5025021044021423,0.039578978603109036,0.2994215892867927,-0.6001722481884252,-90.6503855172899,-0.17,0.773,-1.9364
0.0121,0.01709,-0.02002,1.244385,1.770325,0.567078,-8.260956,0.0017375600780841184,0.5000642077343351,0.039656487610917425,0.30906030435718906,-0.6062675567251692,-90.76912751974541,-0.171,0.771,-1.938
0.0112,-0.02002,-0.02124,1.419678,0.091858,0.170349,-6.429901,0.0016468055749544516,0.4982928009188743,0.03963550304884017,0.29869601531547063,-0.5949422362080239,-90.8478508778761,-0.172,0.769,-1.9396
0.0123,-0.011719,0.036377,1.235107,-0.152283,0.811218,-10.946503,0.0018082792949540164,0.4957976672032305,0.03965032428830697,0.32057775274883343,-0.5801317556608555,-90.95920783143332,-0.173,0.766,-1.9412
0.0122,0.11084,0.167969,1.373535,-1.250916,7.525085,-9.481659,0.002353475280817383,0.4933877451386991,0.03995798207154444,0.3976786898180434,-0.5513444071902973,-91.01610963406033,-0.174,0.764,-1.9396
0.0121,-0.082275,-0.055664,1.276123,0.091858,2.642273,-4.904022,0.0021126676369756323,0.4910781594679526,0.03978504617830795,0.3647158808578489,-0.4733618243901241,-91.09244939825275,-0.175,0.762,-1.9396
0.0119,-0.027588,-0.000732,1.322021,-1.037292,-1.294495,-6.887665,0.0020727075587094715,0.488640180788232,0.03975404980321007,0.35168574324580054,-0.4758328116121537,-91.17218342480618,-0.175,0.759,-1.9429
0.012,0.051025,-0.042969,1.30957,-2.044373,1.513123,-3.774872,0.001773719697189985,0.48630118550019213,0.03990418781058324,0.3017563818901884,-0.4910553574318992,-91.25005101990915,-0.176,0.758,-1.9445
0.0115,-0.040039,-0.139404,1.149414,1.251526,-0.104309,-4.93454,0.001101681174458787,0.48409490884558487,0.03981137410965474,0.22470551947167938,-0.470474033142526,-91.37352439644485,-0.177,0.755,-1.9429
0.0119,0.038818,0.001465,1.239014,2.350159,1.757263,-4.293671,0.0009397700743137063,0.4815848315733972,0.039947551764383395,0.2542071335598686,-0.47776239200304216,-91.43993420733419,-0.178,0.753,-1.9445
0.0127,0.027588,-0.005127,1.438477,1.312561,-1.630188,-3.072968,0.0007852417710072216,0.47907290337288055,0.04003813595054439,0.2681305920735937,-0.5156859696542507,-91.4914762247172,-0.179,0.75,-1.9461
0.0119,0.0354,0.019531,1.286621,3.204651,1.360535,-4.354706,0.0006959753516497903,0.476738779309578,0.04016184132067395,0.3178947351040297,-0.5238928528029426,-91.54962282789788,-0.18,0.748,-1.9461
0.0119,-0.00293,0.02124,1.380859,0.641174,4.473328,-2.004852,0.0006897699807465682,0.47442131796340536,0.040192768418433486,0.3367039297504886,-0.4722467814830146,-91.5671879156905,-0.18,0.746,-1.9445
0.0119,-0.049316,-0.011719,1.356689,-0.94574,1.482605,-3.378143,0.0006626687938884194,0.47209889764723584,0.040112320993703196,0.3184521800417901,-0.43026310072376484,-91.59992425734312,-0.181,0.744,-1.9477
0.0125,-0.001709,0.090088,1.216309,1.70929,0.322937,-6.124725,0.0009233038752006688,0.46971898470460377,0.04016006285621461,0.3962377852335421,-0.4295982114259032,-91.6409661474583,-0.182,0.742,-1.9461
0.0112,0.050781,0.061523,1.320557,1.221008,2.031921,-5.544891,0.0009898731455292428,0.46745525949819683,0.04032245887605405,0.44427670521818874,-0.4400206664848026,-91.6928320768626,-0.183,0.74,-1.9461
0.013,0.025146,0.006104,1.322754,0.305481,-0.745178,-9.145966,0.0009045154770516595,0.4650951491421584,0.04041609995817457,0.4507328464272557,-0.4672541439333098,-91.81585897658485,-0.184,0.738,-1.9461
0.0112,0.0354,0.017822,1.321289,1.465149,-0.073792,-9.451141,0.0008423874745674556,0.46300081550247835,0.04053353011505558,0.47614508839868175,-0.4914218093672833,-91.92415032528612,-0.185,0.736,-1.9461
0.0125,-0.007324,-0.079102,1.244629,0.458069,3.222107,-6.002655,0.000580265321180532,0.46071885960860237,0.04054066916861871,0.4318767305857584,-0.4505027950182932,-92.0196513698318,-0.186,0.733,-1.9461
0.0114,-0.143311,-0.131104,1.293213,0.244446,-3.24762,-7.284393,0.00039574261622106846,0.4585304316561269,0.04021625142676918,0.3573900764989646,-0.4072511305779792,-92.10556412476342,-0.186,0.732,-1.9477
0.0125,0.019043,0.030273,1.301514,0.915833,0.750183,-6.399384,0.0003310744471106674,0.455851563658958,0.040303500826627134,0.3860792764734812,-0.41314766590167495,-92.18388628546927,-0.187,0.73,-1.951
0.0116,-0.05249,0.010498,1.477051,-1.098328,0.261902,-2.554169,0.0003501774840798697,0.4536085787284781,0.040225246957715136,0.3775545149550498,-0.38620081719736227,-92.19916765201766,-0.188,0.727,-1.951
0.0118,-0.129639,-0.056885,1.25415,-2.502136,-2.087952,-1.02829,0.00030710105516652293,0.4513328635374613,0.03993442408181966,0.3130485230364535,-0.3372046352029625,-92.1974370938417,-0.189,0.725,-1.951
0.012,-0.056885,0.035645,1.396973,-0.06073,-0.134827,-0.326385,0.00047449847977154883,0.4490427242223972,0.039847202696311444,0.33121685898035425,-0.31231837035159166,-92.17070190695894,-0.19,0.722,-1.9526
0.0129,-0.013428,-0.002197,1.352295,-2.19696,-1.35553,-0.326385,0.0003830003608176699,0.4467674831406771,0.03984862947488276,0.30116001731829384,-0.3271786277177768,-92.17522038950548,-0.191,0.721,-1.951
0.0116,-0.067627,-0.048584,1.224854,-1.983337,-3.339172,-0.906219,0.00018738081821579689,0.44474191855544,0.039704184973528234,0.24798772629408622,-0.32925432325250065,-92.19376523277492,-0.191,0.719,-1.951
0.0123,0.020752,-0.041016,1.337891,-0.426941,3.344177,-3.500214,-0.00019561157448405906,0.4424550798028311,0.03977937020927744,0.21960158793862264,-0.30535695004885294,-92.2697129974892,-0.192,0.716,-1.951
0.012,-0.03833,0.075684,1.29834,0.458069,1.909851,-1.943817,0.0002078531821542045,0.44039538708546694,0.039737905661137995,0.2702372877938023,-0.2655905062296375,-92.24052245583114,-0.193,0.715,-1.951
0.0121,-0.093018,-0.00708,1.273682,-0.121765,-0.775696,-5.148163,0.00026425665784358244,0.43823394882013456,0.03954829965715976,0.264915904096134,-0.2250350173071767,-92.28160464564063,-0.194,0.713,-1.9493
0.0117,0.017822,0.00415,1.297607,-1.250916,-0.409485,-5.544891,0.00014452297720616647,0.4360745622396112,0.03962507506263541,0.25312198714663164,-0.24642007715356326,-92.3522954610702,-0.195,0.711,-1.9477
0.0116,-0.020508,-0.047363,1.304932,-2.044373,-3.003479,-1.577606,-0.00018467567880385327,0.43424497413481855,0.039599211458307436,0.20206683299754613,-0.27502144783585375,-92.39586246314703,-0.195,0.709,-1.9477
0.0128,0.00293,0.05542,1.311279,0.427551,-3.278137,-3.622284,3.1910732312025484e-05,0.4321595851650117,0.03964827375891369,0.24072840543443944,-0.3238635375375103,-92.41242092000554,-0.196,0.707,-1.9493
0.011,0.053955,-0.028076,1.393555,0.366516,3.039001,-1.638641,-0.0003211953914370419,0.4303551003051696,0.03979087626140745,0.22943490947546452,-0.3250387617379922,-92.46267640315382,-0.197,0.705,-1.9493
0.0121,-0.051025,-0.072266,1.286865,-0.243835,1.726746,-0.723114,-0.0006861917134377896,0.428495242212409,0.039690966381181136,0.18411493574139212,-0.2796234680116215,-92.49695843701605,-0.198,0.703,-1.9493
0.0122,0.010742,-0.007568,1.368652,0.519104,1.909851,-1.608124,-0.0008579399371187522,0.42663214813611855,0.039744698486403905,0.18692373096868706,-0.2679229702893975,-92.52715336660938,-0.198,0.702,-1.9493
0.0119,0.039307,-0.019043,1.350586,-1.525574,-1.843811,-1.516571,-0.0011701439090972617,0.42478454746123095,0.03985837442957744,0.15892693824168544,-0.3174619526218347,-92.57180230050584,-0.199,0.701,-1.9493
0.0125,0.08667,-0.058594,1.160889,-1.769714,3.618835,-2.859344,-0.0019054880856287158,0.42271329705882593,0.04010667661095946,0.1002018818899327,-0.33583476315336247,-92.67938551719776,-0.2,0.698,-1.9493
0.0122,0.018066,0.038574,1.379639,-1.18988,3.130554,-1.241913,-0.0019169183653452995,0.4208200857660016,0.04018374926632905,0.10884287906429005,-0.3127663129376637,-92.68953436738637,-0.2,0.697,-1.9493
0.0111,-0.027832,0.028564,1.430908,-1.495056,-1.447083,1.382599,-0.001833765961036662,0.41894795737821006,0.04015881004003279,0.10898431850452209,-0.3185111910202854,-92.65646602884497,-0.201,0.695,-1.951
0.0124,0.067627,-0.0271,1.356201,-2.471619,1.146912,0.772247,-0.002241439422359625,0.4167718757774612,0.04033506242828089,0.06483001219179456,-0.34755968992795916,-92.6822363344755,-0.202,0.693,-1.9493
0.0124,0.053223,-0.027588,1.230225,-1.037292,-1.874329,5.319366,-0.0026368773506446927,0.41468976012160497,0.04049230745912501,0.03678532867299555,-0.4093013188409186,-92.64952155104739,-0.202,0.691,-1.9477
0.0121,-0.018799,-0.103271,1.124512,-1.434021,-1.935364,4.464874,-0.0030501403216832293,0.4124193724425618,0.04046323718810999,-0.047807426757188,-0.4256837401131293,-92.62144623122839,-0.203,0.689,-1.9477
0.0111,0.030518,-0.040039,1.462158,-0.1828,2.215027,2.511749,-0.0033879548484240323,0.4104186667394899,0.04054836333065585,-0.0679814419042311,-0.42065757250786867,-92.6189448835693,-0.204,0.687,-1.9477
0.012,-0.172363,-0.035156,1.352539,4.364319,-2.698303,4.953156,-0.0028099211977150483,0.4084127807918801,0.040204389466234544,-0.032729345917058617,-0.36024372396842735,-92.4831007899723,-0.205,0.685,-1.9461
0.0126,0.059814,0.022949,1.330811,1.739807,6.151794,-0.692596,-0.0031075905162832366,0.4061297212499212,0.04037593329007597,0.0051408341516501616,-0.3226559814367122,-92.51716881369649,-0.206,0.683,-1.9461
0.0121,0.009277,0.060059,1.406982,0.580139,1.391052,2.786407,-0.003060042225162551,0.4041575712112508,0.04043416008966735,0.04698108516232324,-0.3157445746459621,-92.4730735585115,-0.206,0.681,-1.9445
0.0113,-0.118896,-0.126953,1.110352,4.150696,-0.653625,4.403839,-0.003105933945167831,0.4023066064420886,0.04014150814662911,0.01003187243536994,-0.24951747568370566,-92.40882376624343,-0.207,0.679,-1.9429
0.013,-0.01416,0.015625,1.451172,1.526184,-2.057434,5.197296,-0.00309685756579247,0.4002195536440411,0.04014387374270851,0.039986005102992606,-0.2737741744806812,-92.33184270458975,-0.208,0.678,-1.9445
0.0115,-0.036377,-0.081543,1.117676,-0.579529,-2.24054,11.483917,-0.003411888967169124,0.3983322996079211,0.04007230128407908,-0.020041354902579033,-0.2819529136517603,-92.21929416273639,-0.209,0.676,-1.9412
0.0121,-0.020752,0.036377,1.378906,2.502747,-0.684143,9.042511,-0.0032526237781989784,0.3963836057553064,0.04006391341742958,0.0324001169516807,-0.28389403511651584,-92.087053981415,-0.209,0.674,-1.9396
0.0122,-0.039307,0.015381,1.309082,1.892395,-1.111389,10.812531,-0.003083987327900037,0.39440120042860655,0.0400109221347948,0.06603364284604794,-0.28013688595288894,-91.9301980055437,-0.21,0.672,-1.938
0.0121,-0.042236,-0.049805,1.407959,0.915833,-1.691223,11.941681,-0.0031959342785592842,0.3924650758802217,0.03994694825140419,0.05111715002754299,-0.2828280393809647,-91.787924543648,-0.211,0.67,-1.9348
0.0124,0.015869,-0.025146,1.215576,3.753967,-4.651428,9.68338,-0.0035217375636082955,0.3904825764750139,0.040012914832982416,0.08307581908225353,-0.35655087162993215,-91.69464333394677,-0.211,0.669,-1.9332
0.0112,0.010498,-0.058105,1.279297,2.868958,0.719666,13.192902,-0.003942563424680492,0.38860789889979047,0.04006097311316183,0.08118560331624998,-0.36038767703466257,-91.58279162924256,-0.212,0.667,-1.9299
0.0121,-0.019043,-0.070801,1.341309,0.732727,-1.386047,13.34549,-0.0042061075440309615,0.3868991502778883,0.04004112982281656,0.050457666906328046,-0.3711962131984456,-91.44116360418322,-0.212,0.665,-1.9283
0.012,-0.09668,-0.004639,1.138428,4.394836,-2.271057,11.728058,-0.0035674811518303126,0.38521478516333124,0.03983491895819993,0.10144077131771008,-0.33958558270885525,-91.23058059952298,-0.213,0.664,-1.9267
0.0125,0.057129,0.047607,1.482666,1.526184,4.046082,11.087189,-0.003765230402566956,0.3832701487967274,0.03997677977743459,0.1453647642124211,-0.3233806526965106,-91.10991229164861,-0.214,0.662,-1.9234
0.0122,0.005615,0.120361,1.386475,-0.365906,-0.195862,9.68338,-0.003358929105141292,0.38169215520361927,0.040025579212409367,0.20741960413160204,-0.33381771784571534,-90.9505962805599,-0.214,0.661,-1.9186
0.0112,-0.171631,-0.094727,1.212158,0.091858,-0.897766,13.925323,-0.002934444612216963,0.3801959631784505,0.039654075508514894,0.14985143477738216,-0.24372833569008023,-90.74439194298333,-0.215,0.659,-1.9153
0.0123,0.147217,0.102783,1.322021,-0.091248,2.42865,9.43924,-0.003225626608676054,0.37841700280505947,0.04000260412879476,0.20772315403344355,-0.3041725239858578,-90.66203102592945,-0.215,0.658,-1.917
0.0122,0.020508,0.017822,1.259033,-1.372986,-2.271057,10.751495,-0.003309477023622423,0.3765902292613527,0.04008019810162948,0.20191157946011776,-0.3503793319155305,-90.53826109535306,-0.216,0.656,-1.9153
0.012,0.09375,0.008545,1.257812,0.82428,-0.47052,8.523712,-0.003787054289009853,0.374816612329885,0.04031939782273631,0.2168957510508646,-0.4184605552607212,-90.48411734700728,-0.216,0.654,-1.9121
0.0114,0.044434,-0.00415,1.351807,-0.1828,-2.881409,7.364044,-0.004046310144125338,0.3733574857918836,0.040435202945664224,0.21221985628053508,-0.4804642340740601,-90.4253043450214,-0.217,0.653,-1.9121
0.0121,-0.013184,-0.057373,1.196777,1.282043,2.001404,7.516632,-0.004186307310198082,0.3717057074188359,0.04043316000957623,0.19104597731085932,-0.4529817616191039,-90.34629828523654,-0.218,0.651,-1.9072
0.0124,0.049072,0.063477,1.469727,2.044983,-0.59259,3.824005,-0.00430931413397547,0.36987815512665156,0.040552787618282224,0.2491067220140231,-0.4889071981709557,-90.31084332296163,-0.218,0.649,-1.9056
0.0119,0.016846,0.025391,1.330811,-0.518494,-2.087952,4.037628,-0.0043735724785239054,0.368138537747632,0.040615084562408,0.25725187065030025,-0.5268402732862423,-90.26854921100987,-0.219,0.648,-1.9056
0.0122,0.043457,-0.041504,1.246582,-1.06781,0.65863,5.380402,-0.0047014137496571495,0.366244756832498,0.040741132207729194,0.21855028446979882,-0.5494745213650537,-90.234284975597,-0.219,0.646,-1.904
0.0123,-0.008789,-0.004883,1.224854,0.122375,1.970886,5.53299,-0.004700597957542,0.3644555554029985,0.04075223758333667,0.21701751568354002,-0.5238334319535173,-90.16530129586074,-0.22,0.645,-1.904
0.012,-0.07959,-0.032715,1.253662,-0.426941,-2.759338,6.875763,-0.004365576598018457,0.3626351438461183,0.04060606951805879,0.19192580379355492,-0.5120211044154352,-90.04941172913682,-0.221,0.642,-1.9008
0.0118,0.062988,-0.01001,1.378906,0.335999,1.574158,6.631622,-0.004721004506911492,0.3606184387671119,0.04076007431065307,0.19020275791120697,-0.5317406794794147,-90.00578796251679,-0.221,0.641,-1.9008
0.0113,-0.001465,0.033936,1.312744,1.190491,1.482605,5.77713,-0.0046891215192705555,0.3590438937396077,0.04078391829262083,0.2234064524656124,-0.517658452332792,-89.93754727599939,-0.222,0.639,-1.9008
0.0122,-0.150635,-0.070557,1.228271,0.976868,-0.531555,7.058868,-0.00405300528149328,0.3573347942870556,0.040481209102270335,0.19178857841350258,-0.43555170426680484,-89.78916794341794,-0.222,0.637,-1.8975
0.0121,0.072998,0.043457,1.269531,2.899475,3.496765,4.434357,-0.004351953194386774,0.3552632625303764,0.040671316729346756,0.2529271511241468,-0.44206391455475313,-89.76632552847167,-0.223,0.636,-1.8975
0.0126,0.033691,0.04126,1.4104,3.601379,4.046082,3.000031,-0.004454298501556693,0.353431316673046,0.04076514752537771,0.31979005602637345,-0.41351943026409727,-89.7393416862575,-0.224,0.634,-1.8959
0.0121,-0.017822,-0.017578,1.263916,1.648254,1.574158,6.814728,-0.004430613905108209,0.35186499737227667,0.04075550104844764,0.3278295329444928,-0.3890626795682177,-89.65519620816386,-0.224,0.632,-1.8927
0.011,-0.093506,-0.043457,1.195801,1.800842,1.238464,5.77713,-0.004087533581491345,0.3503576297373195,0.040574054666468504,0.31903753979106586,-0.3218681342503016,-89.55817184865307,-0.224,0.631,-1.8943
0.0122,-0.005371,0.051758,1.260986,-0.823669,0.902771,7.730255,-0.003968855960777378,0.34853350028310576,0.04059358674939057,0.3394188701691356,-0.3138740344855575,-89.4535580798366,-0.225,0.629,-1.8943
0.0122,0.041016,0.063232,1.320801,-0.121765,-2.210022,6.814728,-0.0040197996001577856,0.3467252294774313,0.04070543236303574,0.37310332652810274,-0.37002799628711747,-89.37769701161353,-0.226,0.628,-1.8927
0.0124,-0.008057,0.014648,1.268799,0.458069,-1.141907,3.061066,-0.003979488064033303,0.3450092391513674,0.040716836528161916,0.3862524842528617,-0.3845518362933367,-89.33760861100227,-0.226,0.626,-1.8894
0.012,0.007568,0.040283,1.194092,-0.610046,1.513123,5.563507,-0.003950299924414264,0.34333042553919213,0.04076510263702463,0.40331734531998564,-0.3773866195607567,-89.26970501756344,-0.227,0.624,-1.8878
0.012,0.03833,0.007568,1.398682,0.519104,0.65863,3.579865,-0.004053479635723187,0.34170429254832835,0.0408652109047874,0.4116945607161732,-0.39502139184934265,-89.23943518935835,-0.227,0.623,-1.8878
0.0121,-0.010498,0.004639,1.339844,1.983948,-2.148987,1.382599,-0.004020661724421128,0.34007156184529014,0.04086981628252383,0.43637743227827086,-0.4192719349479108,-89.22175650977492,-0.228,0.621,-1.8894
0.0111,-0.023682,-0.012939,1.279785,0.641174,2.611755,2.603302,-0.003967704580058694,0.3384802473720942,0.040848993118568495,0.43376958270793575,-0.38120234365766525,-89.18964392703641,-0.228,0.62,-1.8894
0.0124,-0.043457,-0.058838,1.323975,1.190491,0.170349,4.800568,-0.0039008076685823055,0.3366525794794652,0.0407908109519157,0.4123047025271993,-0.3591557230133656,-89.1267153246811,-0.229,0.618,-1.8862
0.0116,-0.042725,-0.033447,1.345459,1.70929,0.780701,5.53299,-0.0038091302031837376,0.33513619196529826,0.04073307969107863,0.4109601804670816,-0.33114264428565543,-89.05597468412604,-0.229,0.616,-1.8862
0.012,-0.067627,-0.033203,1.327393,-0.487976,0.719666,8.065948,-0.0036250686951227046,0.3334941903327186,0.0406259657038924,0.38401444858680334,-0.28953386113565827,-88.943645940735,-0.23,0.615,-1.8862
0.0125,-0.025146,0.005859,1.2229,-0.152283,1.238464,7.119904,-0.0035180406741850394,0.33170474251420956,0.04060278806365218,0.38431064231119433,-0.2653726247598819,-88.84716417850397,-0.23,0.613,-1.8862
0.012,0.005859,0.060059,1.345947,0.427551,0.506042,5.807648,-0.003407560896214716,0.3300898431449987,0.04064094647786642,0.4217777132281679,-0.2688163152594154,-88.76988776424825,-0.231,0.612,-1.8846
0.0121,0.010254,0.018555,1.315918,-0.915222,0.109314,3.579865,-0.0034029221110142634,0.3284310428210044,0.04068947925688144,0.4197225756137188,-0.2796274071923884,-88.72980554807302,-0.231,0.611,-1.883
0.012,-0.000732,0.016846,1.293213,-0.121765,-0.226379,0.955353,-0.0033685891070154004,0.32688960991466326,0.040715529809605945,0.4265813914771129,-0.28785802486223355,-88.7183972920101,-0.232,0.609,-1.8846
0.0116,0.001465,0.014648,1.277588,-0.213318,-1.050354,0.253448,-0.003348065298700603,0.3254859381192011,0.04074533711076937,0.43124209233732497,-0.30672363383676604,-88.71667143884221,-0.232,0.608,-1.8846
0.0122,-0.025879,-0.018311,1.345703,-0.701599,-0.958801,2.145538,-0.0033056384444751477,0.3240409114339841,0.040720674764633404,0.41042224572704833,-0.30906961635914776,-88.6895531126816,-0.233,0.606,-1.8846
0.0122,-0.07373,-0.028564,1.304932,0.274963,-0.653625,5.716095,-0.003126357652189506,0.3223283556311525,0.04060132344275324,0.3951815729414632,-0.2798403789398441,-88.60592125505129,-0.233,0.605,-1.8846
0.0119,-0.017822,-0.051758,1.313232,-0.304871,1.207947,6.570587,-0.0032035144416243753,0.32065000632110996,0.040595056133446744,0.35974889565672474,-0.261565301724301,-88.53876643771657,-0.233,0.604,-1.8846
0.0123,-0.006104,-0.026367,1.287354,-1.006775,-0.012756,5.166779,-0.003263820937588171,0.31927360152155565,0.04061018049687587,0.33058663788348375,-0.2646282622265922,-88.48420338720294,-0.234,0.602,-1.8846
0.012,-0.030762,0.013184,1.37915,-0.518494,0.048279,5.563507,-0.0031150931449915077,0.31785226260457206,0.040577631825999085,0.3306129827303228,-0.2528669395585988,-88.40680704767169,-0.234,0.601,-1.8813
0.0122,0.01416,0.003662,1.21582,0.458069,-0.562073,2.115021,-0.003167858915437928,0.31633487708882446,0.04063668866031627,0.33782817370726886,-0.27545409095860385,-88.39028290002521,-0.235,0.599,-1.883
0.012,0.079102,0.049316,1.354736,-1.128845,1.574158,4.342804,-0.003329936080597951,0.31493861581744964,0.04081086258252787,0.3509811017558287,-0.3070140921028766,-88.35825960944821,-0.235,0.598,-1.8846
0.0112,0.018066,-0.018311,1.210205,1.678772,-1.202942,0.772247,-0.00343650075709063,0.3138000338831646,0.04087616995794189,0.35729938106756853,-0.3380199201841684,-88.36314831500253,-0.236,0.597,-1.8846
0.0121,0.02002,-0.032471,1.439697,0.641174,-0.012756,5.8992,-0.0035336546704131263,0.31237096924917296,0.04093580868511902,0.34611659870192146,-0.35364077324914917,-88.30508072720517,-0.236,0.595,-1.883
0.0123,-0.016846,-0.074219,1.177246,1.770325,-2.087952,5.380402,-0.003538257692761815,0.3106518777436588,0.04093296605696862,0.31866545618971204,-0.3745552078740971,-88.24505633356185,-0.237,0.594,-1.8813
0.0121,-0.004395,-0.010742,1.386963,1.526184,-1.904846,5.807648,-0.0035178750882162027,0.30907799134872405,0.040949183888976726,0.3298253856149476,-0.39965809264172203,-88.17757790502613,-0.237,0.592,-1.8813
0.012,0.10376,0.046143,1.272705,1.373596,0.902771,3.6409,-0.003979650323694159,0.307467179815174,0.041176201086609535,0.3726851592510938,-0.45580644328796605,-88.18019077191929,-0.237,0.591,-1.8813
0.0122,-0.054199,-0.015869,1.416016,1.098938,1.391052,2.908478,-0.003731006658248359,0.30596601835660714,0.041105038275106316,0.3757887848339029,-0.41326815099348435,-88.12661857855542,-0.238,0.59,-1.8797
0.0122,0.036133,0.048584,1.206543,1.06842,3.252625,4.068146,-0.0038868637211302657,0.30457762792465715,0.041204394661413596,0.4181013882123784,-0.4023057560480343,-88.0943574944182,-0.238,0.588,-1.8813
0.012,-0.037598,-0.01709,1.349854,0.091858,1.055359,1.230011,-0.003723942499643491,0.30323476357390206,0.04116002179353306,0.40772973384475425,-0.3728215122916687,-88.06898225034686,-0.239,0.587,-1.883
0.0111,0.03833,0.003906,1.282227,0.152893,0.933289,5.380402,-0.0038726846024346737,0.30195373941886805,0.04125894953385629,0.40990744941947876,-0.3908006239801776,-88.02702803769773,-0.239,0.585,-1.8813
0.0122,-0.027344,-0.012207,1.29126,1.282043,-0.928284,1.535187,-0.0037381175047191324,0.3005806961836088,0.04123209731733235,0.4165601809188368,-0.39070666164064977,-88.0007451880359,-0.24,0.584,-1.8813
0.0123,-0.026123,-0.044434,1.26123,0.488586,-0.134827,5.716095,-0.0035955481678099552,0.29907932932122494,0.04121088616029249,0.3936577609892747,-0.381991745116828,-87.9233885687921,-0.24,0.583,-1.8813
0.0121,0.058594,-0.016113,1.307861,0.94635,2.215027,4.617462,-0.0038356126411174217,0.2973992375841243,0.04134902649073195,0.39389302062514864,-0.39478205700470964,-87.89538798246973,-0.241,0.581,-1.8813
0.0121,-0.065918,-0.04541,1.299316,2.0755,2.001404,1.657257,-0.0034730253800498135,0.29589871233251896,0.04125543062708704,0.39063877515099776,-0.3368489084001382,-87.84850794343045,-0.241,0.58,-1.8797
0.0112,0.079102,0.07251,1.282715,1.922913,1.330017,4.068146,-0.003880132637820384,0.2944460109559657,0.04142467052259376,0.4532640132616719,-0.37454814615762544,-87.84316322312934,-0.242,0.578,-1.8797
0.0153,0.043701,-0.021729,1.363281,0.213928,1.330017,2.206573,-0.00398337974590818,0.29234808404739515,0.04153378108175321,0.4419829263138543,-0.38377212265213695,-87.82693754082071,-0.242,0.577,-1.8797
0.009,-0.013672,-0.02124,1.36499,-0.121765,1.085876,3.793488,-0.003873789191962005,0.2911598673204137,0.0415339324966048,0.4268093645191953,-0.3710451273291876,-87.78773271890705,-0.242,0.576,-1.8781
0.0122,-0.033203,0.079102,1.237549,0.732727,2.123474,4.068146,-0.003829833538136294,0.28967917591489006,0.04148846457358634,0.48250172479678094,-0.33064715540533135,-87.73600710910793,-0.243,0.574,-1.8813
0.0123,-0.05249,-0.00415,1.422607,-0.274353,3.100037,1.74881,-0.003622981756986976,0.28833015509638565,0.04142304902549622,0.47431700108474484,-0.2694153269521822,-87.6999582589559,-0.243,0.573,-1.883
0.0112,0.05249,0.029053,1.307617,-0.304871,-1.111389,5.227814,-0.003815739706883212,0.2868999040994623,0.041542837546930375,0.4854109319862935,-0.31872740440777425,-87.66418144003867,-0.244,0.571,-1.8797
0.0121,-0.050049,-0.089355,1.297119,0.793762,0.841736,2.908478,-0.0034620969706282527,0.2853925701912334,0.04148533631235433,0.4400252288677634,-0.28497699982539704,-87.6057162204676,-0.244,0.57,-1.8813
0.012,0.051025,0.068848,1.22168,0.610657,0.597595,6.570587,-0.0037542744048790935,0.2838494781893133,0.041606000174509786,0.48810628690410335,-0.3166026640384884,-87.55723261089467,-0.245,0.569,-1.8797
0.0123,0.049072,-0.054199,1.349365,-0.121765,0.170349,4.220734,-0.003776062113218173,0.2821593157380607,0.04172517670027637,0.4533193652867144,-0.34785407894132786,-87.51677659071538,-0.245,0.567,-1.8781
0.0121,-0.026123,-0.01001,1.416992,1.06842,2.764343,3.122101,-0.003612854969481172,0.28061763327183425,0.041706894000594075,0.4583055202569157,-0.30536007183610875,-87.47048804524269,-0.246,0.566,-1.8781
0.0122,0.025146,0.111328,1.23877,0.091858,-0.165344,3.976593,-0.003946409740836325,0.2790714489695792,0.04176852407657763,0.5255094086287525,-0.32914952692538396,-87.45361437302958,-0.246,0.564,-1.8765
0.0121,-0.07959,-0.055664,1.325439,-1.281433,-0.012756,1.321564,-0.0035180022578260133,0.2775816975987272,0.0416566248880841,0.47528782304542366,-0.2887569308493949,-87.40685663857907,-0.247,0.563,-1.8765
0.0115,0.066895,0.105957,1.276855,0.335999,-0.409485,1.87088,-0.003912804749376991,0.27607278610705616,0.04179485650075102,0.5397400113959452,-0.3391571048220216,-87.42374798259446,-0.247,0.561,-1.8749
0.0124,-0.098145,0.014893,1.372314,-0.213318,-2.393127,2.084503,-0.0036550995295772434,0.27469761993866465,0.04164482401303706,0.5422405912063767,-0.3189663252970786,-87.37910534432397,-0.248,0.56,-1.8765
0.0116,-0.056885,-0.039795,1.227295,-0.549011,-0.378967,6.814728,-0.0033878435731568733,0.2733306665999529,0.041565312776915456,0.5080480884442756,-0.29461379128518383,-87.28294835615604,-0.248,0.559,-1.8765
0.0122,0.004639,-0.011719,1.368652,0.580139,0.780701,-0.723114,-0.0033402346935886497,0.2719461769716907,0.041598790541417345,0.50588843398285,-0.2929622456101101,-87.29409651690835,-0.248,0.557,-1.8749
0.0124,-0.036133,0.005859,1.329102,0.732727,1.909851,-0.936737,-0.0032067819793783034,0.27063157333212545,0.04155882890917624,0.515741844393761,-0.2541438650865917,-87.29866598977911,-0.249,0.556,-1.8765
0.0123,-0.087646,0.071289,1.287598,1.312561,-5.322815,-5.300751,-0.0029918583192734874,0.2694630120880658,0.04141493997745319,0.5716257028620361,-0.2726714116016018,-87.34699948461338,-0.249,0.555,-1.8781
0.011,0.030762,-0.043457,1.273926,-1.220398,0.933289,2.969513,-0.003006683927117241,0.268183011121242,0.04150142671705333,0.5290494555775178,-0.2873560497885074,-87.32320369148884,-0.249,0.554,-1.8765
0.0121,0.004883,-0.070312,1.240234,1.312561,1.360535,2.603302,-0.002924858675577276,0.26683544300077167,0.04154408786317007,0.4987995758040457,-0.2805452142817402,-87.29290154689069,-0.25,0.553,-1.8781
0.0123,0.00415,0.066895,1.443604,0.519104,4.381775,-0.936737,-0.002959798056060416,0.2656262733549497,0.04156840194691501,0.5378165697565794,-0.2342683578412462,-87.31040097312427,-0.25,0.552,-1.8781
0.0121,-0.132568,0.0354,1.284668,-0.121765,-5.689026,-9.817352,-0.0025874094556752074,0.2646744955296036,0.04134908017690965,0.5550611526870718,-0.2293136908072858,-87.39850803764385,-0.25,0.551,-1.8797
0.012,0.071289,0.060303,1.28418,-1.342468,1.54364,-5.514374,-0.0027203604560068575,0.2636025078122676,0.04149819030602844,0.5720970520894522,-0.2590220231016275,-87.48070341895382,-0.251,0.55,-1.8781
0.0123,-0.015137,0.0,1.263916,1.434631,-4.437805,-6.82663,-0.002644797694109221,0.26224562172535404,0.04149445442908025,0.5868616924536438,-0.30934992630309643,-87.56395012713429,-0.251,0.548,-1.8797
0.0119,0.120605,0.019287,1.223877,-2.257996,1.848816,-6.338348,-0.0028686163556461805,0.2608722758391696,0.04174565669194932,0.5694527253344397,-0.36748186823217377,-87.66566311841059,-0.251,0.548,-1.8813
0.0112,-0.074707,-0.071289,1.294434,0.183411,-1.782776,-9.786835,-0.0025384091271985865,0.25993875602678773,0.04164096088466439,0.527167556591209,-0.347180921655883,-87.75240023830473,-0.252,0.546,-1.8846
0.012,0.052734,0.031738,1.280273,0.732727,3.283142,-8.718719,-0.0026957198146697614,0.2588710606528396,0.04175588279229409,0.5526689048381271,-0.34387892985764945,-87.87387981140925,-0.252,0.546,-1.8862
0.012,-0.031982,-0.02002,1.366211,-0.671082,-5.902649,-9.634247,-0.0025480056263790765,0.2578104635054407,0.04172322240290481,0.5311506434714394,-0.3997440019498438,-87.98156790810286,-0.252,0.545,-1.8878
0.0121,0.132324,0.023926,1.137207,-0.365906,1.574158,-4.385223,-0.0029763293913362,0.25652875683014054,0.04200682386558257,0.5406761273882826,-0.47385759471428146,-88.07552235492602,-0.253,0.543,-1.8878
0.0122,-0.015869,-0.036377,1.324219,1.373596,-1.630188,-3.988495,-0.002767257127472522,0.2552465566548773,0.042005109315501346,0.5337649640530037,-0.4875798721843568,-88.11186708531598,-0.253,0.542,-1.8894
0.0125,0.046875,-0.034668,1.327881,-0.335388,2.153992,-1.02829,-0.0027572230544709504,0.25395737083197323,0.04210976040420241,0.5069580947845902,-0.49126241476093413,-88.12882443422426,-0.254,0.541,-1.8911
0.0121,0.000732,-0.039795,1.376465,0.854797,-0.501038,-8.627167,-0.002579302304928309,0.2527384643645251,0.04213500599839098,0.4933084087123331,-0.4998945141261412,-88.22318279789428,-0.254,0.54,-1.8911
0.012,0.014404,0.058105,1.283691,0.244446,1.452087,-1.27243,-0.0028261677477024842,0.2514910736359084,0.04217561398322227,0.5285686230655612,-0.49476356098825,-88.26041214721761,-0.254,0.539,-1.8911
0.0112,-0.006348,0.015869,1.340088,0.915833,-1.630188,1.840363,-0.002825224965124111,0.25016206482470343,0.04218456544938456,0.5447681118790563,-0.5127504198694041,-88.24287765857925,-0.255,0.537,-1.8927
0.0121,-0.037842,-0.079834,1.383789,-0.121765,1.024841,1.74881,-0.0023721388436894965,0.24888218473284732,0.042153809116416016,0.49607460717317503,-0.4826883403291077,-88.18993109713217,-0.255,0.536,-1.8927
0.0122,-0.030518,0.038086,1.188477,0.82428,-1.111389,-4.1716,-0.002367629919283271,0.24768533792557346,0.04211676750359846,0.5287770961247065,-0.48061528676677145,-88.24245368433448,-0.256,0.535,-1.8927
0.012,-0.025635,-0.053711,1.386963,-0.274353,0.170349,1.138458,-0.0020834677524824833,0.2464476492950291,0.042101670254638006,0.4929236656428712,-0.46778976499700137,-88.21009663528085,-0.256,0.534,-1.8911
0.0125,-0.020264,-0.050781,1.299316,0.854797,-2.820374,-0.14328,-0.001811544604511176,0.24498785006693663,0.04209518780307771,0.47128168182792546,-0.4946152019001827,-88.19517658260138,-0.256,0.533,-1.8927
0.0111,0.02002,0.023193,1.382324,-0.671082,3.527283,-2.004852,-0.0019357863095075334,0.24377910800072078,0.04214476697525141,0.4745986272580025,-0.4698453656789347,-88.230059221809,-0.257,0.532,-1.8943
0.0122,-0.047119,0.048828,1.205811,0.152893,-0.562073,-8.383026,-0.0018629139859888625,0.24262349939231675,0.04207905400675863,0.5061834153971944,-0.4505360382048536,-88.32792742357566,-0.257,0.531,-1.8959
0.0118,-0.011475,0.06958,1.462402,1.159973,-0.012756,-6.246796,-0.0019617818589406414,0.24147106795762058,0.04207537833788131,0.5537544103216291,-0.4471444923651976,-88.41083870957856,-0.257,0.529,-1.8943
0.0124,-0.016846,-0.026367,1.240723,0.580139,-5.017639,-6.18576,-0.0018013262849058775,0.240140363985042,0.042070172052108425,0.5424072112942956,-0.5021165020317313,-88.47904304941973,-0.258,0.528,-1.8943
0.0121,0.012695,-0.040283,1.37915,-3.509216,2.245544,-0.082245,-0.001728118554484895,0.23880002750132298,0.04211387974127348,0.4750538040316607,-0.4852777686597575,-88.47776888710214,-0.258,0.527,-1.8959
0.0121,-0.026123,-0.04126,1.22998,1.373596,0.567078,-8.596649,-0.0014992475470706598,0.23769423779752344,0.04209367234384256,0.4647185567239003,-0.46558160035043533,-88.56660760671089,-0.258,0.526,-1.9008
0.0123,-0.034424,0.034912,1.369629,-0.487976,1.757263,-4.080048,-0.001425718510861153,0.23667094512687203,0.042057525357569105,0.4764307089678296,-0.4280462947874864,-88.6119963535261,-0.259,0.526,-1.8975
0.0112,-0.085205,-0.057861,1.250488,0.580139,-1.202942,-11.404266,-0.0009606874480007869,0.23578227755315923,0.04193796553252088,0.4465565348112793,-0.39306626336662875,-88.70492918390615,-0.259,0.524,-1.9024
0.012,0.099609,0.138672,1.333252,-0.823669,-2.728821,-8.260956,-0.0015378517428717982,0.2347107578786727,0.042103955963804285,0.5137893289905768,-0.48532634780088474,-88.85112443891789,-0.259,0.523,-1.9008
0.0122,-0.051514,-0.107178,1.263184,-1.250916,-4.468323,-7.803192,-0.0011049535752820716,0.2335851260854418,0.04204444271601209,0.4326189996223309,-0.5113740850493784,-88.91614971514363,-0.26,0.522,-1.904
0.0121,0.197021,0.069092,1.430908,-1.525574,2.733826,-4.690399,-0.001976720866149701,0.23220601309621056,0.042339943789020236,0.44912308399469475,-0.5840249350419096,-89.044034194721,-0.26,0.521,-1.904
0.0122,-0.102783,-0.115234,1.265869,-0.94574,-1.843811,-0.051727,-0.001137094004568941,0.23124889605817658,0.04220094038967399,0.3669872375358091,-0.5476295618403715,-88.98143590963619,-0.26,0.52,-1.9056
0.012,0.022461,-0.000488,1.294922,0.091858,5.999207,-4.720917,-0.001259576452291522,0.2302495214977146,0.04225590003062496,0.3672502057754254,-0.492390178222617,-89.04893336355049,-0.261,0.52,-1.9072
0.0121,-0.128174,0.003174,1.398682,-0.762634,-4.407288,-5.575409,-0.0006544458745769331,0.22939457749559952,0.04208666887448308,0.35919694215210723,-0.47798701147463424,-89.07005582924374,-0.261,0.519,-1.9089
0.0123,0.063232,0.033936,1.160889,1.495667,1.787781,-6.124725,-0.0010729754248002018,0.2283749288674676,0.042216158918396716,0.3996376863990732,-0.5020787291681429,-89.17976741168849,-0.261,0.518,-1.9089
0.0112,-0.010254,-0.034424,1.628418,0.274963,-0.043274,-1.089325,-0.0009663681540894842,0.22724997422263638,0.04221943920441613,0.38469743086726554,-0.4994213152242836,-89.18513086013182,-0.262,0.516,-1.9072
0.0126,-0.030762,-0.090088,1.001709,-0.243835,-1.263977,-1.821747,-0.0005661538348472101,0.2261232161716219,0.04218909698911419,0.313102656503529,-0.4977687926574618,-89.17889311845506,-0.262,0.516,-1.9072
0.0123,0.065186,0.027344,1.553711,-0.671082,5.236267,-0.601044,-0.0009315974204750067,0.22502080557364737,0.04228722101741903,0.317492707314622,-0.4682140847038826,-89.21633844398932,-0.262,0.515,-1.9089
0.011,-0.049072,-0.021973,1.137451,-0.335388,2.215027,-5.94162,-0.0006032262562672163,0.2241628025379632,0.042224751119373814,0.2994617951098716,-0.4159044915432782,-89.25637230313231,-0.263,0.514,-1.9121
0.012,0.034668,0.284668,1.497314,-1.128845,1.970886,-14.486542,-0.0011728146926721621,0.22324121226586002,0.04227758676155764,0.4273781923444021,-0.4119751776240427,-89.47563792478834,-0.263,0.513,-1.9153
0.0123,-0.056641,-0.134521,1.180664,-2.257996,-3.980042,-8.108368,-0.0006773543550459148,0.22240754095124723,0.04220653677678648,0.3131434119452042,-0.42869210439186495,-89.53799687174705,-0.263,0.512,-1.9137
0.0121,0.075439,0.053223,1.209717,0.854797,2.367615,-9.878387,-0.0011600281275264677,0.221157292422487,0.04234945615512542,0.35737548090053683,-0.45200265430932646,-89.696910435676,-0.264,0.511,-1.9137
0.0122,-0.000732,-0.038818,1.321533,-3.478699,-1.202942,-4.415741,-0.0010866651387737422,0.21991752079320412,0.042369054703859196,0.292364507602484,-0.4696919667968316,-89.74569984200116,-0.264,0.51,-1.9153
0.0121,-0.026611,-0.060059,1.24707,-1.128845,-0.562073,-6.613007,-0.0008475212919488555,0.21889932387862368,0.04234842240960909,0.24257463518035585,-0.46394362313157617,-89.80712198577638,-0.264,0.509,-1.9186
0.0121,0.031738,0.001709,1.478516,-0.793152,5.999207,-5.300751,-0.0010133302654463728,0.21785893190549796,0.04240729684318823,0.23434865217805345,-0.41114226194626674,-89.88468357481123,-0.265,0.509,-1.9218
0.0113,-0.101318,0.092773,1.246094,-0.152283,-4.468323,-15.463104,-0.0007424625451864146,0.21707584195823607,0.042267577292452334,0.29074201563308205,-0.403649327741918,-90.03835873439611,-0.265,0.508,-1.9251
0.0119,0.024414,0.037109,1.201416,-0.213318,-0.195862,-11.617889,-0.0009292549891570964,0.21623575445470028,0.04232594741366881,0.31270468029198073,-0.42602858956355144,-90.19168220431155,-0.265,0.507,-1.9251
0.0121,-0.013916,-0.012939,1.465332,1.770325,-1.752258,-9.542694,-0.0008852697932577059,0.21505334799757053,0.042324382879576614,0.32722738324273337,-0.44244233917531994,-90.30348348591058,-0.266,0.506,-1.9251
0.0121,0.083008,-0.003174,1.179199,-1.311951,1.726746,-3.530731,-0.0012341277295179307,0.21365583968503624,0.042483586619254395,0.3094610283319247,-0.4800428030619933,-90.37370230808047,-0.266,0.505,-1.9234
0.0121,-0.131348,-0.222656,1.493408,-1.434021,0.841736,1.779327,-0.00035337342325314773,0.21255695580581294,0.0423388569502291,0.17987778097657492,-0.4067707418260789,-90.28173725928538,-0.266,0.504,-1.9251
0.0121,0.064941,0.020752,1.15625,0.335999,1.757263,3.000031,-0.0008395566700389157,0.21143377351178302,0.042465571782796065,0.1985669870739676,-0.43423483460291934,-90.28388040111076,-0.267,0.503,-1.9283
0.0121,-0.05249,-0.056152,1.514648,0.152893,6.3349,4.617462,-0.0005499064951921448,0.21061375731199017,0.042417093778097666,0.17201758394361064,-0.33506934237206043,-90.20397731868786,-0.267,0.503,-1.9315
0.012,-0.077148,0.148438,1.384766,0.94635,-9.106995,-8.810272,-0.00041572062454776757,0.2099218502591384,0.04232776821790667,0.26572036787402065,-0.4054912784500932,-90.30015295569217,-0.267,0.502,-1.9299
0.0123,0.156494,0.012207,1.177734,0.549622,3.5578,-5.81955,-0.0011443700679375835,0.20856024618876084,0.042597596684312955,0.2810241027431916,-0.4671250808306943,-90.43001823564246,-0.268,0.5,-1.9267
0.012,-0.023682,-0.11084,1.341064,1.70929,-0.195862,-3.469696,-0.000739992874610015,0.20720382914500401,0.042588407900924934,0.23852733765149217,-0.459363407265102,-90.43957166699775,-0.268,0.499,-1.9251
0.0122,0.035889,0.000488,1.163574,1.06842,2.581238,-2.92038,-0.0009976549796068723,0.20590509083104014,0.04266851471296757,0.25264964923943517,-0.45663440884604095,-90.49472673535321,-0.268,0.498,-1.9267
0.012,-0.064209,-0.035645,1.617432,-1.556091,-1.141907,1.504669,-0.0006681673667190034,0.2048554935608579,0.042610302491083885,0.2167565002973066,-0.4421814308715453,-90.45017086260398,-0.269,0.498,-1.9299
0.011,-0.071533,-0.009766,1.114502,1.892395,1.482605,-4.690399,-0.00026486757044467154,0.20420850714837196,0.04251263280150276,0.2320087323974525,-0.3824790632594844,-90.4694369553028,-0.269,0.498,-1.9332
0.0122,0.14917,0.357178,1.548828,-0.396423,-0.134827,-11.73996,-0.0014868664001471432,0.20334662829272188,0.04268979241747036,0.39548036337835146,-0.4566556450627037,-90.70874330261343,-0.269,0.497,-1.9348
0.0123,-0.108398,-0.159912,1.128418,-1.983337,-2.118469,-6.490936,-0.000596819379299327,0.20247671900520342,0.04253898966707397,0.26497991713612545,-0.41516334265153687,-90.71918745826996,-0.269,0.496,-1.9315
0.0122,0.022705,-0.01001,1.39502,2.319641,-0.134827,-4.385223,-0.0006990110568372808,0.2014333359027502,0.04258549841784773,0.2877128995675273,-0.43281430814283234,-90.77982864994767,-0.27,0.494,-1.9332
0.0121,0.056396,-0.022217,1.24707,-0.671082,-0.378967,0.222931,-0.0009342495820481057,0.20022567112214798,0.042687803295616174,0.2659866199578929,-0.4764748934207903,-90.7944972764542,-0.27,0.493,-1.9332
0.0122,-0.073486,-0.097412,1.420898,-0.091248,-1.386047,-2.004852,-0.00038920019644578957,0.19914400181990705,0.04261345622335987,0.2126526096521703,-0.4567012143581738,-90.7757216917572,-0.271,0.493,-1.9348
0.0111,0.125732,0.076904,1.263428,0.122375,-1.019836,-2.218475,-0.001315339549836897,0.198261719717625,0.04280247789327813,0.2607721550592837,-0.5470830768759617,-90.87134824318373,-0.271,0.492,-1.9396
0.0121,-0.077881,-0.07251,1.383301,0.213928,3.039001,-7.83371,-0.0007539376337959861,0.19751102903727927,0.04271950151725343,0.22415237393201845,-0.46987464809358664,-90.92178189248172,-0.271,0.492,-1.9412
0.0121,-0.080566,0.033936,1.159912,1.007385,-2.698303,-9.878387,-0.00045490640386958153,0.19682609760256323,0.0426135815833109,0.26022576776482925,-0.45371847554412803,-91.01761380602379,-0.272,0.49,-1.9396
0.0123,0.082031,0.097656,1.569824,0.641174,0.65863,-4.293671,-0.0009872267215947092,0.19557754605684194,0.04272060119752802,0.31528323022845006,-0.4876861581019179,-91.10988045392908,-0.272,0.489,-1.938
0.0115,-0.072998,-0.103516,1.226074,-1.250916,-5.078674,3.274689,-0.0003942329650742741,0.19443824354677208,0.04263638308877012,0.23633740918899532,-0.5046560442287166,-91.02574047547846,-0.272,0.488,-1.9348
0.0124,0.023682,-0.083008,1.299805,-0.762634,3.771423,-0.295868,-0.00039668623507791096,0.19319355030791996,0.04268839611425082,0.17870454547739795,-0.4757181896503559,-91.02748941841386,-0.273,0.488,-1.938
0.0121,0.03418,-0.028809,1.387939,-1.128845,-2.637268,1.99295,-0.000576712879520729,0.19220765622928562,0.042745331707056466,0.14988500397901572,-0.5294355274977504,-91.01557784467681,-0.273,0.487,-1.938
0.0116,-0.013184,0.005371,1.226074,0.915833,0.322937,-1.089325,-0.0005642344854177723,0.19146731564166522,0.042742307576717035,0.16522398587886963,-0.5212543460478779,-91.02633244225126,-0.273,0.487,-1.9412
0.0126,0.037598,0.049561,1.354492,-0.1828,-1.691223,-4.507294,-0.000952383886170979,0.1906713252299568,0.04280157963805858,0.19232592969778348,-0.5663717944357655,-91.11185170269609,-0.273,0.486,-1.9429
0.0122,0.080566,0.049072,1.275879,-0.304871,0.261902,-5.239716,-0.0016048937877659597,0.1897766662187566,0.04292208247615478,0.2193842794592011,-0.614075015485366,-91.22399707110615,-0.274,0.485,-1.9429
0.0116,0.009033,0.022949,1.415283,0.213928,-0.562073,-8.474579,-0.0017711033068740318,0.1886470858045066,0.042947626887871286,0.23554194747418292,-0.6266936661349535,-91.33312765141848,-0.274,0.483,-1.9412
0.0122,0.033447,0.026855,1.301514,0.335999,3.130554,-6.094208,-0.00208727216170832,0.18743054311084634,0.0430093655107116,0.25646813727243994,-0.610450589763078,-91.42910107294294,-0.274,0.483,-1.9412
0.0114,-0.041016,-0.028564,1.295166,0.366516,-0.378967,-4.019012,-0.001818204261250787,0.18653482031943,0.04297177001224653,0.24432933190127398,-0.5927629945593774,-91.45299975340943,-0.275,0.482,-1.9445
0.0123,-0.02417,-0.0354,1.286133,0.213928,0.200867,-2.218475,-0.0016033344202910568,0.18570395882370694,0.0429561155410443,0.2264212217446243,-0.5785085232221023,-91.46241661341129,-0.275,0.482,-1.9461
0.0117,-0.009277,-0.020996,1.315186,-0.243835,-0.34845,-2.248993,-0.0015240814434471037,0.18489852585570593,0.04295886418564743,0.21203893312576422,-0.5796775736332294,-91.48114337407912,-0.275,0.481,-1.9461
0.0124,0.011475,0.012939,1.270508,0.732727,-1.233459,-2.371063,-0.001689714624980994,0.18377895836598393,0.042990742130213776,0.22974096695102766,-0.604542097432104,-91.52089284586785,-0.276,0.479,-1.9429
0.0123,0.043213,-0.008789,1.316895,-0.549011,2.794861,-1.394501,-0.0019170994595350847,0.18255329255921218,0.04306462410597563,0.21849976515265174,-0.5978702569512253,-91.5524962665696,-0.276,0.478,-1.9396
0.0112,-0.019043,0.007568,1.313721,0.488586,1.330017,-1.882782,-0.0019109797459854545,0.18153706466720662,0.04305637577545792,0.22898159984739894,-0.5744233492427933,-91.57103618166641,-0.276,0.478,-1.9412
0.0124,0.012695,-0.020996,1.244873,0.091858,-0.165344,-1.9133,-0.001932605227555504,0.180688105146445,0.043089612956260764,0.21797028580998762,-0.587307817737476,-91.59456948878893,-0.277,0.477,-1.9429
0.0123,0.000732,-0.034912,1.363281,-0.030212,-0.440002,-4.904022,-0.0018327411308214025,0.17994712701796423,0.043104379557745445,0.19900648388334433,-0.5950690258137674,-91.64573702643588,-0.277,0.476,-1.9429
0.0113,-0.016357,0.0354,1.230713,0.030823,-0.34845,-4.507294,-0.0019677350372972586,0.17888329537423142,0.04309839612828642,0.22267201045443613,-0.5917194585615891,-91.7047319571135,-0.277,0.475,-1.9396
0.012,-0.01416,0.075684,1.375732,1.556702,-0.714661,-5.636444,-0.0022615744744475786,0.17767059690181713,0.04309516399999476,0.2840528803478999,-0.5942322171714493,-91.79185848725783,-0.278,0.474,-1.9412
0.0123,0.088135,0.024658,1.41748,0.152893,1.513123,-6.094208,-0.0027100595573895684,0.176520802704576,0.04321346658299084,0.29953478751902474,-0.624573589346883,-91.89758086804295,-0.278,0.473,-1.9412
0.0127,-0.016357,-0.019043,1.282471,0.366516,1.635193,-6.490936,-0.0025970686159128204,0.1755227793055519,0.04321007258278959,0.2933241368655082,-0.596210005930614,-91.96904481635165,-0.278,0.473,-1.9429
0.0115,-0.007568,-0.018555,1.294678,0.000305,1.574158,-4.965057,-0.0025116856059550136,0.1749503309919431,0.04321352247097983,0.2826652315507986,-0.5761210849194095,-92.01823407516588,-0.278,0.473,-1.9429
0.0117,0.005371,-0.010742,1.344482,-0.091248,-1.935364,-1.821747,-0.002512966178731536,0.1744254719438448,0.04323071404592308,0.2754544586144899,-0.603943714980693,-92.03837983232516,-0.279,0.472,-1.9461
0.0123,-0.038574,-0.021729,1.278809,-0.823669,-1.141907,1.199493,-0.0023084891531629983,0.17318444564108157,0.04320135576695817,0.252209132759994,-0.5974723835140497,-92.00521834463524,-0.279,0.471,-1.9412
0.0125,-0.050781,-0.102295,1.293457,1.06842,-1.080872,5.105743,-0.0017063310135771708,0.17175359215505073,0.04316342890897695,0.2046903747494136,-0.5837569669978615,-91.89301736926745,-0.28,0.469,-1.9412
0.0112,0.13623,-0.01709,1.343018,0.397034,4.259705,2.023468,-0.0023767332539571043,0.17090996997785274,0.043337840431758166,0.19989723503795165,-0.6157356897423623,-91.91827406614038,-0.28,0.469,-1.9412
0.0125,-0.037109,-0.006348,1.17627,0.94635,1.879333,-2.950897,-0.0021851314258777297,0.17014574704710092,0.04330411775587932,0.20880550434628986,-0.5714971361403766,-91.9389045773797,-0.28,0.469,-1.9429
0.0122,0.017822,0.120361,1.253174,1.06842,2.489685,-6.582489,-0.0029418964489031554,0.16948030583827464,0.04333222025921461,0.29606142234050437,-0.5550901767224087,-92.07375844655115,-0.28,0.468,-1.9493
0.0112,-0.030518,0.047607,1.322754,2.197571,-1.508118,-11.831512,-0.00311542995188793,0.1687304574048104,0.04330495810916211,0.3487994849369433,-0.556342436422921,-92.21685321815815,-0.28,0.468,-1.951
0.0125,-0.022461,-0.002686,1.302979,2.014465,1.54364,-10.061493,-0.003070360455221374,0.1678870680231522,0.04329231335943627,0.3724451494276004,-0.5262339748884308,-92.33667005182919,-0.281,0.466,-1.9461
0.0116,-0.021729,-0.00708,1.246582,-0.701599,-5.292297,2.145538,-0.0030232208081474566,0.16652154736396396,0.04328376721162285,0.35881286750383456,-0.5774822955135015,-92.30461769736633,-0.281,0.465,-1.9429
0.0124,0.001465,-0.237061,1.359619,0.366516,7.128357,4.77005,-0.002058638833886487,0.1653663005054308,0.04331664479591766,0.23145441309437784,-0.4933302387918783,-92.172268906277,-0.282,0.464,-1.9445
0.0122,-0.030029,0.020264,1.280762,-0.426941,0.41449,4.068146,-0.0020541341491874063,0.16439421685738365,0.043295597296865475,0.23835617986894042,-0.4743576260179702,-92.11931182603455,-0.282,0.464,-1.9461
0.0113,-0.012695,0.031738,1.190186,-1.06781,2.184509,-2.737274,-0.0021931226157131845,0.1637699472072209,0.043292643617476666,0.2475508391875155,-0.4463048048759781,-92.15858332194048,-0.282,0.463,-1.9477
0.0124,0.004639,0.065186,1.433838,0.397034,-3.674866,-5.05661,-0.002501129800644628,0.16301126873220453,0.04330670860575842,0.287548842494575,-0.4969114605995649,-92.24202997398406,-0.283,0.462,-1.9429
0.0122,-0.009766,0.012695,1.059082,1.617737,1.513123,-0.14328,-0.002611277843485166,0.16167807724819738,0.043314900100531004,0.3166559707350397,-0.47717298532443364,-92.2478295749055,-0.283,0.461,-1.9429
0.0122,0.072998,0.04834,1.688232,1.007385,1.574158,-5.81955,-0.0030316424779462036,0.16050953878989518,0.04339459750417212,0.3500972552893312,-0.49252852457360163,-92.34670231172895,-0.283,0.461,-1.9445
0.0115,-0.002686,0.016113,1.044922,0.519104,-4.071594,-6.704559,-0.003182948682816068,0.15966177117030714,0.043407438628182846,0.36827465964960976,-0.5422034805687227,-92.43251339440171,-0.284,0.46,-1.9445
0.0123,0.017334,-0.058594,1.334473,2.380676,7.860779,-4.598846,-0.0029908307925080656,0.15877646707379142,0.043448447806466874,0.36307328046862275,-0.45892352743292153,-92.4727339561922,-0.284,0.459,-1.9429
0.012,0.008057,-0.002686,1.339355,0.854797,-3.461243,-2.27951,-0.0030513607415360595,0.15800114500841547,0.043470971641907025,0.3708289814984143,-0.5081738689255964,-92.50252913449579,-0.284,0.458,-1.9429
0.0123,-0.009521,-0.021484,1.175049,-0.396423,-0.317932,1.565704,-0.0029430672701142844,0.1571522890976305,0.04347671985912108,0.35103754910653306,-0.510362089005009,-92.47289623197307,-0.285,0.457,-1.9396
0.0112,0.018799,0.004639,1.436523,1.190491,-0.012756,3.183136,-0.00308304749411556,0.15620474449012806,0.04351018150449272,0.36524594001171123,-0.523330491041936,-92.44466162872374,-0.285,0.456,-1.9396
0.0124,0.025879,-0.03418,1.058838,2.136536,-0.59259,1.596222,-0.003059401591691092,0.15508309966746883,0.04357165083351485,0.36625257283071716,-0.5546609693478005,-92.42059204683876,-0.285,0.455,-1.9412
0.0121,0.11499,0.000244,1.505371,1.556702,0.933289,-0.234833,-0.003566773531206258,0.15374864545451755,0.04370306315090103,0.38371759789556353,-0.6033088760071258,-92.45701255679033,-0.286,0.454,-1.9396
0.0129,0.040771,-0.0271,1.234619,2.899475,-0.34845,4.007111,-0.0036205109889026156,0.15250509824813935,0.04377534618692475,0.40234557373897084,-0.6362844557397693,-92.406098881476,-0.286,0.453,-1.9396
0.0114,-0.006348,-0.073486,1.3396,3.143616,3.283142,7.455597,-0.0030743422149543875,0.15144662558184807,0.043795409346715955,0.39343675654643323,-0.5980468289959678,-92.27940507491616,-0.287,0.452,-1.938
0.0112,-0.063477,-0.067871,1.197754,2.777405,-0.165344,8.249054,-0.0021687682877922993,0.15040165428715915,0.04374649343874475,0.37890279375511826,-0.5633324940138872,-92.11956323801948,-0.287,0.451,-1.938
0.0127,0.025146,-0.00293,1.508545,3.448792,0.383972,3.610382,-0.002339285536948162,0.14898384540321283,0.04378855025169297,0.4187801881752351,-0.5732642772968218,-92.082537744944,-0.288,0.449,-1.9364
0.0121,0.022217,0.022949,1.309082,1.159973,3.618835,15.023956,-0.0027051565774209936,0.14766521988285963,0.04382944066422053,0.4427692090970477,-0.5470076508685296,-91.92322671344533,-0.288,0.448,-1.9332
0.0116,-0.278809,-0.149902,1.194092,0.152893,-0.989319,17.007599,0.00019863636284436293,0.1468453447427065,0.04354650049114866,0.34960448898433755,-0.39317055394725064,-91.51590037135638,-0.288,0.447,-1.9315
0.0122,0.062988,0.042969,1.190186,0.152893,0.567078,13.192902,-0.0006037843315830243,0.1456875887347932,0.043635365711086206,0.37729488772296976,-0.43315256883562053,-91.41094869249616,-0.289,0.446,-1.9283
0.0114,0.005127,0.04126,1.48291,2.136536,1.024841,14.932404,-0.0008609194414093856,0.1447346867201699,0.04365017065054588,0.41988392037824424,-0.42857505369359644,-91.25684393035388,-0.289,0.446,-1.9251
0.0121,-0.081543,-0.004639,1.126953,-0.335388,-5.566956,9.80545,-0.0002564745777242771,0.14380366971514974,0.04356483893366153,0.41055735102634633,-0.446503157360829,-91.0931934488655,-0.289,0.444,-1.9234
0.0128,0.09375,-0.015381,1.352051,-0.121765,1.146912,5.105743,-0.0008642843875046099,0.14254255134780947,0.04368132370991839,0.3983316811074543,-0.48905005407951846,-91.07122811787376,-0.29,0.443,-1.9218
0.0111,0.058838,0.088623,1.32373,2.777405,-0.897766,-0.509491,-0.0017547988876786907,0.1414362452053209,0.04374965937816147,0.4783602197592989,-0.5361936104833269,-91.13781972386097,-0.29,0.443,-1.9202
0.0124,0.002441,0.14209,1.292969,0.915833,3.069519,-1.455536,-0.0026371005359593883,0.14047479589065706,0.0437497057886456,0.5707521511012504,-0.5030603405748759,-91.21361494947591,-0.29,0.442,-1.9202
0.0123,-0.063477,0.036133,1.331543,-1.495056,-7.123352,-1.058807,-0.0025679369301646526,0.13970043264442109,0.04368721319236747,0.5701371035397526,-0.5565648136268401,-91.22036040905395,-0.291,0.441,-1.9202
0.0112,0.06665,-0.079346,1.236816,-0.671082,5.266785,3.549347,-0.0024215802714786664,0.13884097654409883,0.043793451085851705,0.5106644676734464,-0.5428288578333151,-91.1715844746846,-0.291,0.44,-1.9202
0.0122,-0.070068,0.071045,1.43042,-1.739197,-2.972961,-0.112762,-0.002488866013019904,0.13792802377267907,0.04372731063449176,0.5246815541833351,-0.5437355115887564,-91.17508895810144,-0.291,0.44,-1.9234
0.0125,0.002441,0.05127,1.17334,-2.227478,0.322937,-4.141083,-0.002823759301863356,0.1370528535695242,0.04374032482437026,0.5285741466195761,-0.544925659571645,-91.24830324007732,-0.291,0.439,-1.9218
0.0116,0.016113,-0.017578,1.526123,-0.213318,-0.043274,5.838165,-0.00280048332409334,0.13602452688754463,0.04377158206890799,0.5135471400608459,-0.555885350452983,-91.17790389075141,-0.292,0.438,-1.9186
0.0124,-0.182617,-0.15625,1.36377,1.617737,0.65863,6.601105,-0.001348792966609072,0.13523681865253204,0.043611274385147454,0.4442415667722284,-0.45076700167121264,-90.9941912765467,-0.292,0.437,-1.9202
0.0123,0.028076,-0.072021,1.238281,-1.769714,-6.055237,8.950958,-0.0013126321154123208,0.13447866200987496,0.04366139668972272,0.3757402219649745,-0.5470641903808618,-90.88258063506845,-0.292,0.436,-1.9186
0.0111,0.120117,-0.125244,1.254883,0.915833,5.724548,2.75589,-0.0016819547005958433,0.13357449632771942,0.043817381663266534,0.30962669368503304,-0.5596470832906298,-90.87989079154463,-0.293,0.436,-1.917
0.0122,0.016357,0.130615,1.294434,1.83136,0.41449,8.432159,-0.0025045667721704692,0.13261310094760861,0.043833128555606025,0.4067418931143509,-0.5678289824303654,-90.83259756513043,-0.293,0.435,-1.9137
0.0124,-0.195068,-0.122314,1.103516,-2.013855,-1.935364,8.157501,-0.00038548142315352786,0.13202098019312247,0.04363129593351233,0.2977843177320173,-0.46505950297907706,-90.58258937709026,-0.293,0.434,-1.9121
0.0119,0.116211,0.144531,1.402832,-0.274353,-0.195862,4.739532,-0.0015820675952494872,0.1310634033122984,0.04374379570799499,0.3711207624799145,-0.5333365197032144,-90.60969588025178,-0.293,0.433,-1.9137
0.0124,-0.000732,0.017822,1.128662,0.732727,-2.057434,6.570587,-0.0017094067409496284,0.1299877554579872,0.0437585848984988,0.39074099063163764,-0.5631681086229416,-90.5363142946332,-0.294,0.432,-1.9121
0.0111,0.039062,-0.051758,1.347656,-0.518494,5.20575,3.824005,-0.0017683754006308245,0.12906838586743793,0.043817981216446214,0.3540107525474452,-0.5309398380424177,-90.49812506519928,-0.294,0.432,-1.9089
0.0121,0.041016,0.063721,1.352783,-1.556091,-1.569153,2.084503,-0.002318686408113134,0.12822009570094303,0.04386442968936495,0.37001786787858454,-0.5758993155582901,-90.5108703898546,-0.294,0.431,-1.9089
0.0125,0.006104,-0.012939,1.209473,1.251526,4.747986,1.687775,-0.0023259162519550856,0.12740777966913172,0.04388861160751001,0.3762437944415505,-0.5245832122095225,-90.48972665820281,-0.295,0.43,-1.9072
0.0123,0.066406,0.044922,1.485352,0.641174,3.679871,0.650177,-0.0028676969390429453,0.12651626399594854,0.043957388228849224,0.405602689540951,-0.5161786940300058,-90.51932264645937,-0.295,0.43,-1.9089
0.0111,-0.059814,-0.036377,1.135498,-0.121765,-3.36969,-0.112762,-0.002299669465543819,0.12576909214460075,0.04390655926933791,0.3787495687389309,-0.5176112761055717,-90.48059011376158,-0.295,0.428,-1.9089
0.0122,0.065674,-0.036865,1.33667,1.06842,4.747986,3.457794,-0.002511299200779495,0.1244969304315639,0.04399599214917282,0.3690853856877084,-0.5011174462089631,-90.45375398267488,-0.296,0.427,-1.9089
0.0122,0.046387,0.030518,1.416748,0.213928,0.719666,2.115021,-0.0029500646381319085,0.12327294101395561,0.04405185117801545,0.38663195063610983,-0.5204305498952262,-90.45827072089027,-0.296,0.426,-1.9089
0.0125,-0.012695,-0.007568,1.182129,-0.854187,0.109314,4.251251,-0.0028599157260533496,0.12220602357681719,0.04405609508483956,0.3696934729053683,-0.5154217004524574,-90.39825566781109,-0.296,0.425,-1.9072
0.0112,0.069824,0.030029,1.47583,1.221008,7.982849,7.119904,-0.003372530002801622,0.12116874355299626,0.04413146993854398,0.39674201690620464,-0.4658829273757922,-90.35433821534731,-0.296,0.425,-1.904
0.0122,-0.207275,-0.105225,1.154541,-1.739197,-8.557678,12.918243,-0.0013714087973165693,0.1204713630425793,0.043930261806853936,0.30548615147926056,-0.44149420064850337,-90.05683982272605,-0.297,0.423,-1.9008
0.0122,0.078613,-0.072754,1.131348,-1.739197,5.053162,7.455597,-0.0016971934823198954,0.11938459910760203,0.04404878625221761,0.23516878735152988,-0.43908955101031943,-89.99095226805768,-0.297,0.423,-1.9024
0.0122,0.097168,0.066895,1.595215,0.427551,-4.987122,5.960236,-0.002585971968281695,0.11806207386194822,0.044132000983158934,0.2715549606471383,-0.5486049062622039,-89.98112741447129,-0.298,0.421,-1.9024
0.0123,0.099854,-0.034424,0.998779,1.678772,1.177429,-0.26535,-0.0032933824797617495,0.11681818324702352,0.04428863564672594,0.26687881370374267,-0.6156058559234843,-90.03539904447491,-0.298,0.421,-1.9008
0.0112,0.018555,0.102783,1.586914,1.404114,-0.256897,1.596222,-0.004040141167062344,0.11583869214008743,0.044298095228191024,0.33114419351220475,-0.6283053135034801,-90.06887771166097,-0.298,0.42,-1.8991
0.0123,0.009766,-0.087646,1.147217,1.221008,6.914734,8.706818,-0.003380360145914593,0.11489709154646655,0.04434832248306433,0.2863755313760032,-0.5544905299468341,-89.91684015159409,-0.298,0.419,-1.8975
0.0117,-0.164795,0.061035,1.395752,-0.915222,-4.041077,6.723175,-0.002685797317481803,0.11412839661911887,0.04419978887025783,0.3074999794994869,-0.5147429859107175,-89.78855625980836,-0.299,0.418,-1.8975
0.0122,0.023193,-0.025635,1.109131,-0.854187,-1.660706,4.678497,-0.0027428046274827885,0.11308060823210053,0.04424900196389594,0.2790888078028726,-0.5559582944237774,-89.73643692236399,-0.299,0.417,-1.8975
0.0126,0.040283,-0.047363,1.378662,2.136536,-0.34845,5.349884,-0.0027459122159195428,0.11170686252207566,0.044311876440854735,0.27857249016824215,-0.5854147213559836,-89.67053852420132,-0.3,0.415,-1.8959
0.0111,0.031006,0.068848,1.205811,0.244446,-0.836731,3.183136,-0.0035353121376011844,0.1105590651136883,0.04434663959831284,0.32453168131844023,-0.6177823937358045,-89.68992234609058,-0.3,0.415,-1.8959
0.0122,0.016113,0.00708,1.343994,-0.610046,2.031921,0.039825,-0.0037012896783632544,0.10953245292273181,0.04437576521831787,0.3205100879833495,-0.6044724829928377,-89.70124816797932,-0.3,0.414,-1.8927
0.012,-0.006104,0.015381,1.333008,1.800842,3.43573,9.56131,-0.003787975655503569,0.10859488120057903,0.044381344546989554,0.3489212758810386,-0.5630935353883535,-89.59240684315287,-0.3,0.413,-1.8878
0.0122,-0.224121,-0.171143,1.137939,-0.732117,-1.538635,6.509552,-0.0009114208030105027,0.10795381389808496,0.044190860841024505,0.2285228806413218,-0.4414209707863332,-89.31510699264702,-0.301,0.412,-1.8894
0.012,0.045654,0.028076,1.345459,-1.342468,-3.430725,4.525909,-0.0014267995339822858,0.10683040710045644,0.044242759551387345,0.2284101971556119,-0.5122050742494301,-89.29781703626176,-0.301,0.411,-1.8911
0.0122,0.0271,-0.062988,1.22168,3.143616,0.933289,4.709015,-0.0013731231194015322,0.10560810871309448,0.044297631856298085,0.22713166914022798,-0.5220640120868559,-89.23868797283008,-0.301,0.41,-1.8894
0.0121,0.033203,0.124512,1.436279,1.556702,1.54364,-0.967255,-0.0022351893187506633,0.10445830792515573,0.04432211009868949,0.3118939628092782,-0.5236977937760917,-89.30996434700492,-0.302,0.409,-1.8878
0.0121,-0.015381,-0.025391,1.200928,-1.525574,1.54364,4.098663,-0.0020017415326962834,0.1035755515597234,0.04432581000050416,0.2767427332327711,-0.4996761072135536,-89.24514770430324,-0.302,0.409,-1.8846
0.012,-0.096924,-0.05957,1.546875,2.929993,5.510925,5.8992,-0.0011582722900747209,0.10279260010770039,0.04426801255557741,0.2809789950060438,-0.3888336375914121,-89.11613032882248,-0.302,0.408,-1.8862
0.0113,-0.06543,-0.00293,1.028564,0.366516,-4.071594,2.145538,-0.0005783834738836582,0.10213338024390428,0.04420565540799542,0.2832539842751834,-0.3928909520842793,-89.05191745036625,-0.302,0.407,-1.8846
0.0122,0.0271,0.003418,1.383789,-1.586609,1.787781,6.082306,-0.0008224104193278862,0.10115442979756255,0.04424306815432231,0.26516621448613786,-0.3907926821135195,-88.99606683078191,-0.303,0.406,-1.8846
0.0122,0.053955,0.062012,1.425049,2.289124,-2.423645,1.62674,-0.0014456450865389856,0.10002127091073955,0.04429530999158203,0.32561887261920913,-0.45299159205504763,-89.02053969354915,-0.303,0.405,-1.8846
0.012,0.017822,0.060791,1.150879,0.82428,-1.263977,2.664337,-0.0019500144050504202,0.09908954166790578,0.044319436484405984,0.3751640829920391,-0.4852104122550679,-89.02358123909393,-0.303,0.404,-1.8813
0.0124,-0.004639,-0.126953,1.35083,-0.457458,3.924011,2.75589,-0.0013240719902654825,0.09824302225946491,0.04434900688824226,0.2966098802865076,-0.43792280102135056,-88.94941182887597,-0.303,0.404,-1.8813
0.0118,-0.022461,0.037598,1.358154,1.739807,-2.393127,0.528107,-0.0013644218884011064,0.0973471683733542,0.04433575882619144,0.33757819040127024,-0.4571013575155377,-88.94648175518353,-0.304,0.403,-1.883
0.0115,-0.018799,-0.012451,1.243896,-0.06073,-2.515198,2.328644,-0.0011898136389038444,0.09640613650133022,0.044333545577740344,0.32838690854985303,-0.47870680766587376,-88.90921646539354,-0.304,0.401,-1.8813
0.012,0.046143,-0.154541,1.219238,0.152893,2.245544,5.838165,-0.000825360386886363,0.0952789444177756,0.04442094611328487,0.23373470389074813,-0.4851570831327479,-88.81886466227706,-0.304,0.401,-1.883
0.0125,-0.022461,0.09082,1.380127,1.037903,-0.867249,3.518829,-0.0010874210403035748,0.09413578150196933,0.044402422117740314,0.2964890037932064,-0.48691786226734596,-88.79322392593099,-0.305,0.4,-1.883
0.0115,-0.008545,0.044678,1.268555,0.488586,1.604675,1.962433,-0.00127339611292828,0.09309461888757742,0.04440223482210325,0.3284862863381363,-0.4675697862807644,-88.78402174599591,-0.305,0.399,-1.8797
0.0128,0.00415,0.017822,1.421875,-0.274353,0.231384,1.168976,-0.0013909972411334853,0.09207823841364049,0.04441668039074891,0.3335932019136745,-0.4701203438071023,-88.77839107760451,-0.305,0.398,-1.8765
0.0117,0.007812,-0.043945,1.159668,-0.579529,5.632996,7.852325,-0.00125222751546271,0.09121175210193523,0.044449290161164286,0.29688013012733994,-0.41546893662664347,-88.6790826219109,-0.305,0.397,-1.8749
0.0114,-0.113037,0.012695,1.458008,-0.1828,0.200867,4.190216,-0.0005940340020376861,0.09050739045839296,0.044365236990125935,0.30041542564625334,-0.3578252444013401,-88.5858949922683,-0.306,0.397,-1.8781
0.0119,-0.073975,-0.013672,1.199707,-0.274353,-0.378967,-0.112762,-1.6267115545173403e-05,0.08952477399055546,0.0443078429182313,0.28834567827798124,-0.32094879907452273,-88.54854103437036,-0.306,0.395,-1.883
0.0121,0.017334,0.09668,1.376465,2.044983,-0.195862,-3.988495,-0.0004298547618955425,0.08821623767739832,0.044327872271035317,0.3660957422095779,-0.3375777523623438,-88.62618260937349,-0.306,0.394,-1.883
0.0126,0.019531,-0.075195,1.082031,-0.365906,2.245544,1.016388,-0.000301083227934441,0.08685908153654777,0.04438178236583736,0.30809372863885853,-0.33036945200019574,-88.60913816917841,-0.307,0.393,-1.8813
0.0116,-0.009521,-0.059082,1.529053,-0.793152,-1.386047,4.495392,-8.101388018845137e-05,0.08595445105423984,0.04439228485813694,0.26833965748720917,-0.3457694260853289,-88.54437893598677,-0.307,0.393,-1.8781
0.0121,-0.009521,-0.083496,1.139648,0.397034,-0.165344,4.983673,0.0002728020220919141,0.08515505006776904,0.04440927560919712,0.2173308969925793,-0.34797053006987505,-88.4627786711915,-0.307,0.392,-1.8765
0.0122,-0.020508,-0.000488,1.312012,0.091858,2.398132,5.77713,0.0003878493757450913,0.08438248802778398,0.04440399410797931,0.2182174666029719,-0.3123734276785726,-88.38557435393736,-0.308,0.391,-1.8781
0.0122,0.016357,-0.004395,1.231689,0.122375,-1.874329,4.007111,0.00020077205618346396,0.08327261479856837,0.044434437456980336,0.21735992812827196,-0.3513758517694574,-88.35205920949925,-0.308,0.39,-1.8781
0.0118,0.042725,0.004639,1.350342,1.739807,-0.409485,-0.295868,-0.000194345630244564,0.08189108868892475,0.04448580844728007,0.24075931178805343,-0.3851484514588392,-88.38567325702495,-0.308,0.388,-1.8781
0.0122,0.058105,0.018066,1.484619,-0.335388,-0.34845,3.061066,-0.0007049742391349079,0.08066165036924086,0.044542251872230765,0.24571788065107805,-0.42312920189602926,-88.38574788355677,-0.308,0.388,-1.8765
0.0112,-0.013428,-0.103516,1.242188,1.159973,1.2995,3.122101,-0.00011709845912607174,0.0798827827847693,0.04456100501845797,0.1953253923103771,-0.4052716623277472,-88.31399154980917,-0.309,0.387,-1.8732
0.0122,-0.065674,-0.052734,1.415527,0.580139,1.574158,7.180939,0.0006202595137631771,0.07917009420919012,0.044528133253692835,0.17378142079778597,-0.35484046352370224,-88.17782151087076,-0.309,0.387,-1.8716
0.0127,-0.054932,-0.019531,1.161621,-0.396423,-1.416565,6.112823,0.0012241941652128613,0.07836293626269206,0.04449281369122234,0.15671199773640426,-0.3427102316801,-88.06078105626715,-0.309,0.386,-1.8716
0.0112,0.02417,0.029297,1.379639,-0.762634,-0.47052,3.915558,0.0008732860423786008,0.07706967566127962,0.04452259817245596,0.16519215171072332,-0.36617666371386326,-88.04369042930553,-0.31,0.384,-1.8781
0.012,0.036377,0.062988,1.262939,1.343079,-0.59259,-3.500214,0.00024686835504733183,0.07571012401783737,0.044561446400987845,0.22052510681424292,-0.40032686373751214,-88.13082672241244,-0.31,0.383,-1.8781
0.0123,0.013916,0.014648,1.514648,-0.091248,2.672791,-2.15744,7.527331235870772e-05,0.07457340604717991,0.04458342065710605,0.22707010234118866,-0.3781012589653964,-88.17135926776581,-0.31,0.383,-1.8749
0.0117,-0.059082,-0.061035,1.32251,1.770325,0.65863,0.833282,0.0007797205825364423,0.07373783252752508,0.04455455178559027,0.21265557406306923,-0.3409925870638082,-88.11625283801025,-0.31,0.382,-1.87
0.0121,-0.074707,-0.044678,1.395508,1.648254,2.001404,3.76297,0.0014994989903505036,0.07295746950431672,0.04451218648692178,0.20805908528720746,-0.2808373166998051,-88.0236235944067,-0.31,0.381,-1.87
0.0122,-0.020264,-0.072998,1.331787,0.244446,-0.104309,6.051788,0.0018312725791154259,0.0720207927843616,0.044516469528340874,0.16939562164418348,-0.2763035261531162,-87.93052075296306,-0.311,0.38,-1.8749
0.0121,-0.034424,0.005859,1.295166,1.678772,-2.148987,3.244171,0.0021034327135435594,0.07083737542777743,0.04450065242934826,0.19375349595189945,-0.28770681741376286,-87.87550897721556,-0.311,0.379,-1.8813
0.0121,0.117188,0.096191,1.288818,-0.335388,5.236267,-1.730194,0.000691606734469294,0.06967135973658278,0.04460366608050141,0.2469784369658338,-0.29956987475281527,-87.9950483043106,-0.311,0.379,-1.8813
0.0121,-0.052002,-0.086182,1.421387,-1.159363,2.215027,-1.699677,0.0013538882266444312,0.06895344110724862,0.04458542345775908,0.18692818867665217,-0.24981433179936957,-87.97330642920086,-0.311,0.379,-1.8781
0.0122,-0.037354,0.006592,1.164795,1.892395,-0.684143,1.230011,0.0016208627166468016,0.06821207080778101,0.044562442211535366,0.21515352556846462,-0.24073256148450264,-87.94149391814398,-0.311,0.378,-1.8732
0.0111,-0.025635,-0.017822,1.345459,-0.213318,1.696228,5.166779,0.001829770893241093,0.0673513098095413,0.0445559395007148,0.20289223582362673,-0.21367660329080593,-87.87210960585601,-0.312,0.377,-1.8684
0.012,-0.055176,-0.095703,1.237305,-3.234558,-2.515198,8.432159,0.0025752941154677913,0.06582296936155016,0.04453346046144336,0.10611791183865586,-0.21675225630500644,-87.72522319414712,-0.312,0.375,-1.8732
0.0122,-0.074463,-0.016357,1.166504,2.594299,1.604675,-4.598846,0.0033763819382674268,0.06417411299898623,0.044483460037600495,0.12891037375870332,-0.1558955144170905,-87.73097296518482,-0.313,0.375,-1.8765
0.0123,0.006348,-0.007812,1.50293,-2.715759,0.994324,1.260529,0.0032593860319827753,0.06323901722772432,0.04449942188716992,0.09289645984602532,-0.15304499645115893,-87.72610899885535,-0.313,0.375,-1.8749
0.0122,-0.012451,0.064453,1.0625,1.129456,0.383972,2.87796,0.0031729717647230355,0.06251543821587507,0.04449547714862921,0.15503554750293197,-0.14866263824624246,-87.69797764634329,-0.313,0.374,-1.8765
0.0122,-0.068848,-0.016113,1.416992,2.044983,-0.745178,3.030548,0.003683084149685237,0.06193609803887802,0.04445377122561271,0.1718630936607481,-0.12702602666682355,-87.62762033396301,-0.313,0.373,-1.8765
0.0112,0.098145,0.033691,1.22168,0.000305,-2.911926,-2.493134,0.0026297113384134837,0.06110253368184516,0.044551226210841455,0.1940154082195643,-0.22826341443427475,-87.72997984469717,-0.313,0.372,-1.8765
0.0121,0.122803,0.036865,1.500488,-0.518494,2.215027,-4.019012,0.001612298142371075,0.06013964482337159,0.044649451393041786,0.20706641342836232,-0.2690067923668471,-87.85058841632687,-0.314,0.372,-1.8781
0.012,0.006348,-0.02417,1.238281,-0.152283,-1.721741,2.237091,0.0015892419843103781,0.05934388593994008,0.044671203900577966,0.19098568068235194,-0.2998623815936547,-87.82792036835791,-0.314,0.371,-1.8797
0.0122,-0.039307,-0.051025,1.312256,-0.396423,1.330017,1.230011,0.0020519189605471993,0.05857799908354654,0.04465770039767503,0.157183563845379,-0.2664500046859869,-87.78424423373116,-0.314,0.37,-1.8813
0.0121,0.112305,0.048828,1.391846,2.380676,2.398132,3.274689,0.000915464755845242,0.05793129382860169,0.04474860488089465,0.2131751012059954,-0.30461542417886306,-87.82307554671291,-0.314,0.37,-1.8846
0.0122,-0.022949,-0.132324,1.330322,1.251526,-3.888489,0.711212,0.0016949280633215358,0.05711576253684331,0.044763967957830005,0.15321258330308415,-0.34368123410561524,-87.76693317425367,-0.314,0.369,-1.8878
0.0113,0.125977,0.099365,1.272217,1.739807,0.597595,-4.720917,-7.772649631065942e-05,0.05607255529545539,0.0448603432669681,0.23316984434175314,-0.4169520905840693,-87.94037956441576,-0.315,0.368,-1.8911
0.0129,0.008301,-0.026611,1.516602,-0.243835,1.360535,3.457794,0.0001789240823059805,0.049907583644520664,0.044921421650979655,0.21627363699603408,-0.40710793351620317,-87.89392873893804,-0.315,0.367,-1.8862
0.012,-0.089355,-0.082764,1.194336,5.85968,1.818298,4.403839,0.0015652956951526641,0.04945000129380785,0.04486984627044036,0.23346861531107563,-0.33386097275843774,-87.75215026422448,-0.315,0.366,-1.8813
0.0118,-0.142334,-0.163086,1.515869,-3.753357,-3.735901,21.249542,0.00346505361344889,0.048285496133677774,0.04480744785787558,0.10686113826934775,-0.31113041929329166,-87.38118583874653,-0.315,0.366,-1.8732
0.0116,-0.140381,0.038818,1.149414,-0.976257,-8.374573,6.356964,0.005109094562929851,0.046484982104448166,0.044693981327807226,0.12263483734080191,-0.32130388872219684,-87.20483024831962,-0.316,0.364,-1.8813
0.0124,0.288574,0.272949,0.96167,-0.365906,6.548523,-4.080048,0.0008322440320220363,0.045109845034929555,0.04496489502313453,0.3113469669920437,-0.4499527799932926,-87.54081182302538,-0.316,0.364,-1.883
0.0124,-0.131348,-0.257568,1.05542,-0.365906,-2.942444,-4.598846,0.003797460346166918,0.04492367715443801,0.0449033170281785,0.13042385844396726,-0.4006846377937815,-87.41036590987653,-0.316,0.363,-1.8749
0.0111,-0.013672,0.109375,1.295166,3.72345,2.092957,-4.293671,0.003407081630934714,0.04385698392436702,0.044887742408890104,0.23715006658534177,-0.3742353171461234,-87.48493425821955,-0.317,0.362,-1.8765
0.0119,-0.023193,-0.000732,1.381836,4.669495,-6.848694,-3.16452,0.003633645760986141,0.04216487505434329,0.044885501481945284,0.2921246607108387,-0.4462105865299003,-87.51308298642937,-0.317,0.36,-1.8862
0.0122,0.322266,0.211914,0.999268,-0.396423,9.813904,-6.551971,-0.0007115084171928029,0.04052542381571054,0.0451934404007421,0.43331399953655525,-0.5527557092025913,-87.87912227768452,-0.317,0.36,-1.8862
0.012,-0.188477,-0.094482,1.476074,-1.464539,2.855896,-6.277313,0.0010411402736527338,0.03988093531674267,0.04507467571960279,0.3661115128576306,-0.4238359859749823,-87.84316940611895,-0.317,0.36,-1.8862
0.0123,-0.067627,0.057373,1.284912,-1.006775,-3.857971,-6.033173,0.0010717599366664868,0.039413678029822714,0.04500831001050381,0.3874094123376167,-0.4346850850270027,-87.9151387892537,-0.317,0.36,-1.8862
0.0121,-0.033936,0.088379,1.612549,-1.250916,0.750183,-4.04953,0.0007889676243917484,0.0389858709733691,0.04497543356303855,0.4127803519746655,-0.41190229442600296,-87.98168026725467,-0.318,0.359,-1.8894
0.0121,-0.02002,0.013184,1.109619,-2.990417,-6.39093,-15.432587,0.0008250248797327806,0.037733310259342324,0.04496766508856373,0.38644588493209553,-0.47933964056801803,-88.16913982023169,-0.318,0.358,-1.8959
0.0121,0.226074,0.253174,1.375977,-0.518494,2.611755,-10.549774,-0.0014545178143895157,0.03684123691920822,0.04513127354645237,0.5139105007677793,-0.5696546344860396,-88.4432794156096,-0.318,0.357,-1.8943
0.0113,-0.135254,-0.164307,1.217773,-0.579529,-1.35553,-11.86203,0.0003669134761858726,0.03635097416958907,0.045045281616730395,0.405396395573857,-0.5038827899722492,-88.46461158370144,-0.318,0.357,-1.8943
0.0123,0.10498,0.094482,1.276855,0.030823,4.656433,-9.390106,-0.0006749849868520671,0.03546497362898101,0.04514297066700444,0.461345267180073,-0.5121038203789012,-88.64788016846808,-0.319,0.356,-1.8975
0.0122,-0.034668,-0.124512,1.428955,-1.95282,-4.437805,-7.101288,0.000345478220413496,0.03473046632091554,0.045151033433515425,0.36996979175492795,-0.5491299288660295,-88.67230507767984,-0.319,0.355,-1.8991
0.0119,0.082031,0.009766,1.130859,1.465149,3.710388,-6.918182,-0.00015580126467681384,0.033897408594135266,0.04525391479907716,0.3939626408002737,-0.5643309144703169,-88.7884189473663,-0.319,0.355,-1.9008
0.0125,-0.012451,-0.038574,1.410889,-0.274353,0.383972,-0.936737,0.00021806388556684666,0.033200288645273676,0.045263805383906494,0.3681707550610007,-0.5549254519380994,-88.77755424408673,-0.319,0.354,-1.9008
0.011,-0.056152,-0.092285,1.17041,0.641174,-0.34845,-1.089325,0.0013561909953249374,0.03267971804132783,0.04524445608942162,0.31447765065902256,-0.5260228137117215,-88.71841997760104,-0.319,0.353,-1.9024
0.0123,0.095703,0.041748,1.501953,0.030823,5.083679,-1.852264,0.0006221934936869063,0.031890710972967314,0.04532229525248867,0.3354349716823409,-0.5145997971655983,-88.78971254864656,-0.32,0.353,-1.9072
0.012,-0.052734,-0.006348,1.318848,-1.037292,0.048279,-2.462616,0.0009403662822217802,0.0313732953278312,0.04528673800578129,0.3188825876855089,-0.48658455958402097,-88.79919541669226,-0.32,0.352,-1.9072
0.0121,-0.049805,0.05835,1.130615,3.082581,-3.186584,-6.674042,0.000700744750804489,0.03053755531706209,0.04523292879132813,0.3956799190254613,-0.4957446481399055,-88.8953593785515,-0.32,0.351,-1.9089
0.012,0.186768,0.08374,1.531738,1.678772,3.954529,-2.340546,-0.00046292858826643473,0.029473382274652873,0.04537662508426262,0.45541708402465075,-0.542468784290169,-88.99984650709533,-0.321,0.35,-1.904
0.012,-0.064453,-0.121582,1.221191,-0.671082,-4.041077,-1.852264,0.0010241768558810881,0.028269457669580386,0.04536709422396892,0.37025127563041427,-0.5538344742574582,-88.9307685605229,-0.321,0.349,-1.904
0.0123,0.115967,0.088379,1.19458,0.763245,5.20575,-5.117645,-0.0003953070217002797,0.026780605388991324,0.045477785909722346,0.4353118001328097,-0.5669651817450955,-89.08582061291787,-0.322,0.348,-1.904
0.0121,-0.02124,-0.073975,1.592773,-1.586609,-1.080872,1.74881,0.0003187318303349562,0.0257765898797381,0.045493020065873205,0.3782459645601814,-0.5710754555587221,-89.02109611313809,-0.322,0.347,-1.9056
0.0121,0.018311,-0.018555,1.029785,1.190491,-2.301575,-4.537811,0.00041845491569904704,0.024792883742790022,0.045538906000633365,0.37883563670595605,-0.6169480399636632,-89.0714052866222,-0.322,0.346,-1.9089
0.0111,0.126465,0.084717,1.566895,-0.1828,2.611755,-0.631561,-0.0007617734373032102,0.02371388532206171,0.04562625039686874,0.41645651839031556,-0.6501549728950982,-89.15429200323598,-0.322,0.345,-1.9105
0.0122,-0.061523,-0.101562,1.100098,-0.732117,0.231384,-9.7258,0.0008807335155217996,0.02288775018570309,0.045615972409016395,0.33757281851594756,-0.6075348592194205,-89.17061857665671,-0.323,0.344,-1.9137
0.0122,-0.003662,0.19165,1.383057,1.373596,-0.653625,-8.413544,-0.0008813804371567533,0.021661772280863672,0.04557356572384925,0.4588496111018005,-0.6147828992422666,-89.3843420834342,-0.323,0.343,-1.9137
0.0117,-0.018555,-0.11084,1.188965,-0.091248,-1.843811,-8.138885,0.0004506382504087267,0.020543176239929444,0.04561021728149486,0.38610096760721735,-0.6265892260734036,-89.39785919226742,-0.324,0.342,-1.9153
0.0123,-0.020508,0.016113,1.439941,0.152893,1.909851,-5.17868,0.00042254685376033136,0.019346107463878527,0.04560528369574223,0.39566527069880003,-0.593430143123206,-89.46373826690913,-0.324,0.341,-1.9153
0.0123,-0.051758,0.047607,1.195068,-0.335388,-3.339172,-3.347626,0.00020235443823920206,0.01825958061950581,0.0455549671505085,0.421319663691772,-0.6041382039688248,-89.51906017217138,-0.324,0.34,-1.9186
0.0122,0.016846,-0.004639,1.309082,-1.525574,0.811218,-1.241913,0.0001901029658492144,0.01703162024366548,0.04558960941950693,0.39871533546933763,-0.6064785810712384,-89.53574787232186,-0.325,0.339,-1.9186
0.0112,-0.091064,-0.072266,1.240479,-2.929382,1.177429,5.044708,0.0012387667534780806,0.016638940239390207,0.0455306912349843,0.32001351196975186,-0.5408309189578645,-89.41324950347193,-0.325,0.339,-1.9024
0.0126,-0.496094,-0.224854,1.293457,-0.274353,4.259705,20.974884,0.0047356374258168184,0.02119525691328632,0.04515810493093847,0.19599093297880577,-0.23177052732078796,-88.91980084700677,-0.325,0.338,-1.8959
0.0116,-0.312744,-0.096191,0.905029,-5.187683,-11.975647,17.099152,0.007776453337705038,0.020198538484054736,0.04485278386891466,0.06316882962805127,-0.13717460300552448,-88.52555554902523,-0.325,0.336,-1.8943
0.0122,0.18042,0.138428,1.141846,1.495667,6.823181,2.572784,0.006685844956300894,0.018413304619394708,0.04504033107972681,0.1729018208535984,-0.1797119320104594,-88.5723934772956,-0.326,0.335,-1.8991
0.0117,-0.093262,-0.039062,1.82251,3.998108,16.131042,9.897003,0.006956876202910868,0.019035269168001464,0.04499113857397811,0.20287434900237547,0.04135432225657332,-88.43581408472137,-0.326,0.336,-1.8846
0.0123,-0.555908,-0.26001,0.990967,-2.807312,-13.135315,22.470245,0.010071709989437492,0.019456723709597088,0.04452963535075406,0.011887546603177007,0.21056315254673613,-87.94821681324267,-0.326,0.336,-1.8765
0.012,0.047607,0.057373,1.114258,0.458069,4.717468,17.953644,0.010044660449931605,0.018832243102682392,0.04460158750030369,0.060403864537800805,0.22169630226741788,-87.73940902136863,-0.326,0.335,-1.8716
0.0121,0.075195,-0.018555,1.523438,0.641174,0.750183,39.9263,0.009360690586186712,0.01820528572279671,0.044658498476174216,0.062283408200164585,0.18261011165057417,-87.30475598103608,-0.326,0.334,-1.8603
0.0123,-0.198486,-0.287842,0.931396,2.258606,-2.423645,38.217316,0.008889754377199166,0.017650994784645043,0.044428357118168435,-0.1202398162353442,0.28723821599462146,-86.85921728124805,-0.326,0.335,-1.8554
0.0115,-0.080078,-0.073486,1.239014,-2.685242,-0.440002,44.9617,0.008952067166204798,0.01787856546776328,0.04437305688105246,-0.18916511439270203,0.3204854048082365,-86.33424895018187,-0.326,0.335,-1.849
0.0123,-0.264404,-0.209229,1.137939,2.106018,-7.977844,53.598175,0.010023662270118555,0.018026289365063907,0.04416348206353787,-0.28718440161905234,0.38016863945111484,-85.59575601692109,-0.326,0.334,-1.8311
0.0121,0.194824,-0.054688,1.241455,6.286926,0.292419,60.189972,0.006152077947426239,0.01731260981424051,0.044256175829818674,-0.23529644284626236,0.25511532606946885,-85.1246759939106,-0.326,0.334,-1.8182
0.012,-0.128662,-0.186279,1.412842,0.274963,-1.4776,65.774689,0.0059099706364588184,0.017012767960554696,0.04416540123798525,-0.32270954005099184,0.29842822212997916,-84.34808695300521,-0.326,0.334,-1.8117
0.0115,-0.103271,-0.163574,0.963135,2.350159,-2.393127,71.847687,0.005250732246757725,0.016965489988531642,0.04405877999278156,-0.41120601544494206,0.3403338368833832,-83.55863481538371,-0.326,0.334,-1.7939
0.012,-0.059814,-0.148193,1.564697,5.127258,-0.043274,73.19046,0.004297022862991591,0.01661686356603667,0.044009330228890906,-0.41070182137888195,0.3632460223974293,-82.74125463244135,-0.326,0.334,-1.781
0.0122,0.10083,-0.077881,1.252686,1.95343,-0.989319,79.263458,0.0007898453131078569,0.01660248740973323,0.04402590027570755,-0.4221833314186471,0.2822207602553005,-81.99908924453676,-0.326,0.335,-1.7615
0.012,-0.103516,-0.0979,1.368164,3.296204,-3.003479,80.850372,0.0013149531346824794,0.016873746051854526,0.04398350502269039,-0.42564208511816565,0.2998249011752079,-80.99071814927083,-0.326,0.334,-1.747
0.0122,0.126953,-0.017578,1.209229,5.371399,1.604675,85.580597,-0.002031050293164834,0.016501856408933802,0.04401851902933842,-0.3598539561242882,0.2324811262025352,-80.16562774043103,-0.326,0.334,-1.7308
0.0122,-0.032715,-0.144775,1.445068,2.71637,3.496765,85.824738,-0.0033134251843732363,0.01663838658648896,0.04398989422518945,-0.3926090993447952,0.28705124452310493,-79.19801384332652,-0.326,0.335,-1.713
0.0121,0.033203,-0.022705,1.37915,3.387756,0.841736,85.946808,-0.004521921319307365,0.01646675422137854,0.04399686974366929,-0.3530011053969332,0.2733803631250268,-78.23759940075222,-0.326,0.335,-1.6951
0.012,0.116943,-0.05249,1.508301,4.455872,8.165955,88.357697,-0.007426198230788955,0.016179735341194986,0.04401383302639313,-0.3153425045040166,0.30525894648088325,-77.3683847876523,-0.326,0.335,-1.6725
0.0114,0.062256,0.025635,1.447021,0.976868,-0.562073,83.200226,-0.008685028412033445,0.016279804198087805,0.04403283901663808,-0.2804014337723377,0.2594272850955597,-76.4993721482974,-0.326,0.335,-1.6595
0.0122,0.063477,0.008301,1.006836,0.94635,-9.473206,91.287384,-0.010594347914925395,0.0160570181514,0.04405225036025313,-0.25276042103863766,0.08731150024484692,-75.50961938333054,-0.326,0.335,-1.6417
0.0123,0.006348,-0.106445,1.165771,4.8526,7.799744,89.395294,-0.012052831785596537,0.015811295900512026,0.04405121029189518,-0.25511752044449937,0.1708045522976146,-74.50812513382982,-0.326,0.335,-1.6207
0.0112,0.094482,0.145264,1.681152,0.366516,-0.165344,88.296661,-0.012800205135940738,0.01570481215388021,0.044068551120351115,-0.1781871223283013,0.12189659957381903,-73.56778598532513,-0.326,0.335,-1.6045
0.0124,-0.024414,-0.106445,1.125244,1.800842,2.001404,89.090118,-0.013506641449918113,0.015569194824888076,0.04406700234440971,-0.22046098233237735,0.1543414322651433,-72.51188001496459,-0.326,0.335,-1.5786
0.0122,0.061279,0.081543,1.435059,5.188293,-1.111389,88.876495,-0.014263920615947622,0.01542195886832256,0.04407603943095076,-0.10717869950755714,0.10204481335359578,-71.47703773465034,-0.326,0.335,-1.564
0.0122,0.100098,-0.074707,1.029541,0.213928,0.261902,94.6138,-0.01762349987891709,0.015152445153089769,0.044102596761459355,-0.15323845885466095,0.020095341709261538,-70.54166454757241,-0.326,0.335,-1.5494
0.012,0.002686,-0.012695,1.612549,3.296204,-6.421448,90.341339,-0.01787427073837108,0.015016403626887255,0.04410436194313669,-0.11665973131511286,-0.06236688344629942,-69.47612911777846,-0.326,0.335,-1.5251
0.0122,0.105957,0.029785,1.1875,3.387756,0.872253,92.111359,-0.020184565592579376,0.014720646307802107,0.04411300539827317,-0.053903945491111334,-0.12770311011360663,-68.50170686211567,-0.326,0.335,-1.5089
0.0119,-0.027344,-0.050049,1.45752,0.915833,5.694031,86.862335,-0.020119041878994944,0.014705219116866508,0.044118285796128656,-0.06800812388658599,-0.05189451975569169,-67.46564687092395,-0.326,0.334,-1.4847
0.0121,0.089355,0.085449,1.334961,5.432434,4.686951,82.040558,-0.02158223142550189,0.014487381401006685,0.044113963150408705,0.04842660435002304,-0.0545844279731781,-66.56674581559574,-0.326,0.334,-1.4685
0.011,0.10083,0.055908,1.479004,4.913635,3.588318,80.850372,-0.023198974186756698,0.014393148329114433,0.04411588755780144,0.13185494863472344,-0.07624199844121457,-65.77835591494973,-0.326,0.335,-1.4539
0.0123,0.011719,0.048096,1.047607,1.159973,-6.451965,83.291779,-0.023578135227385107,0.014346607988009973,0.04410291333124606,0.18093665906387385,-0.17594144412376456,-64.77581340309034,-0.326,0.334,-1.4361
0.0126,0.042236,-0.02124,1.211914,4.303284,2.764343,86.770782,-0.024432286680627285,0.014005336220726907,0.044118995363234485,0.21918624430528222,-0.17998543964025263,-63.74600119987357,-0.326,0.334,-1.415
0.0113,0.076416,0.049561,1.700439,3.448792,2.489685,82.742462,-0.025465674280601393,0.013915561995586282,0.04411631136098602,0.27703229009725827,-0.19543947383275836,-62.875054849106135,-0.326,0.334,-1.3972
0.0121,-0.049316,-0.172363,1.053223,3.479309,-1.416565,83.535919,-0.02486888336680826,0.014078095417252098,0.044183602842863455,0.1931210248901299,-0.19093542209746733,-61.83536364045911,-0.326,0.334,-1.3827
0.0122,0.018799,0.009277,1.251709,5.523987,5.266785,82.467804,-0.025355329239769464,0.013886835358159483,0.044182767646882726,0.26350557325030005,-0.15011540392002526,-60.86448890112764,-0.326,0.334,-1.3665
0.0123,0.126221,0.036865,1.545898,2.899475,1.940369,82.528839,-0.02729994699983645,0.013688919232561375,0.04417924815496949,0.3139631686732036,-0.20006753726928805,-59.97304869649628,-0.326,0.334,-1.3454
0.0117,0.018311,0.019775,1.412354,0.854797,-4.132629,81.338654,-0.027793068967575524,0.013723648334159375,0.044173443021313555,0.3300967150503756,-0.26920409252627536,-59.04924059056627,-0.326,0.334,-1.3308
0.0122,-0.031738,-0.037354,1.412598,3.357239,-2.972961,79.477081,-0.02735436575645046,0.013654143697944498,0.0441883276906443,0.3446631999248115,-0.2988631666716185,-58.05844762972119,-0.326,0.334,-1.3098
0.012,0.060547,-0.012451,1.233154,3.815002,4.686951,81.277618,-0.028587556072615837,0.013507821478979219,0.044196651700822286,0.376936476194989,-0.29348489770400293,-57.163633300132965,-0.326,0.334,-1.2968
0.0122,0.026123,0.058105,1.537842,1.648254,0.780701,81.430206,-0.029198927586698637,0.01356797270973481,0.044176103068011965,0.41909535814644316,-0.308179266135266,-56.20127033980648,-0.326,0.334,-1.2823
0.0113,-0.006592,0.016113,1.298096,2.472229,-3.339172,82.254181,-0.029235265052232076,0.013543273288191751,0.04417036735908192,0.44932987442363564,-0.3541229513747397,-55.27431730879771,-0.326,0.334,-1.2596
0.0121,0.124756,-0.038818,1.362793,1.587219,0.780701,82.01004,-0.03115133429861023,0.013285188493871176,0.04419036875316278,0.4386658077509634,-0.42742948585830987,-54.4093382827628,-0.326,0.334,-1.245
0.012,0.043457,-0.049561,1.26123,1.95343,-1.843811,82.681427,-0.03198383614732597,0.013354927813352869,0.04421471383073418,0.4226040467433612,-0.48816837924442724,-53.46731666788423,-0.326,0.334,-1.2256
0.0125,-0.029785,-0.042236,1.328369,3.479309,-11.548401,80.667267,-0.031418601815788816,0.013438477354690859,0.044240055257943695,0.429804866294418,-0.6247958322584195,-52.42677183536723,-0.326,0.334,-1.211
0.0121,0.088379,-0.032715,1.237305,4.700012,7.46405,80.270538,-0.032993236049899004,0.01317391827381264,0.044251203324424754,0.45464064699451323,-0.6008046013041032,-51.5611577899391,-0.326,0.334,-1.1948
0.0122,0.040039,0.105713,1.812256,2.899475,4.809021,75.174103,-0.033803254874613026,0.013157042546868511,0.04420833421647029,0.5223174156348311,-0.5672993775405497,-50.68631480792676,-0.326,0.334,-1.1738
0.0111,-0.060791,-0.045166,1.049805,2.502747,-3.278137,76.08963,-0.032511465830063285,0.013389474861543044,0.044247713998757855,0.5063887527033616,-0.5713115591138671,-49.76090391478484,-0.326,0.335,-1.1625
0.0125,0.001953,-0.014404,1.09375,2.350159,-2.850891,77.951202,-0.03272671154165874,0.013503554139839414,0.04425581078235514,0.5134041863397509,-0.621157202777404,-48.79527405371786,-0.326,0.335,-1.143
0.0123,0.043457,-0.035156,1.146729,2.380676,5.358337,74.624786,-0.03359444844810171,0.013406215969193974,0.044270940268397355,0.5073583806011673,-0.5970484718390604,-47.93519370817713,-0.326,0.335,-1.1301
0.0119,0.112305,0.075439,1.77124,3.082581,-2.637268,70.108185,-0.035155106481521495,0.013175990896366525,0.04423027738863993,0.5640053038031423,-0.6847054742037687,-47.198678984082754,-0.326,0.335,-1.1187
0.0122,0.003906,0.000244,1.060791,3.84552,-0.287415,69.955597,-0.03547377684384795,0.013319648072644106,0.04422845989704461,0.5979397648934177,-0.7032634622015683,-46.356181864087944,-0.326,0.335,-1.0977
0.0119,-0.048828,-0.02002,1.281006,3.631897,1.2995,69.131622,-0.03463124392020285,0.013490931395634889,0.044251472481800384,0.615373195504563,-0.6687487140686024,-45.478402116703954,-0.326,0.335,-1.0864
0.0117,0.136963,0.012207,1.290039,4.516907,1.024841,66.690216,-0.03697844532214524,0.013137382352758496,0.04422296364498535,0.6623581364347582,-0.7486128144295524,-44.850363117387026,-0.326,0.335,-1.075
0.0121,0.080322,0.058105,1.500977,4.516907,0.048279,63.699493,-0.038470686651003255,0.013080087317520752,0.04418069376231635,0.7315095517372,-0.7981991522262537,-44.16341115403306,-0.326,0.335,-1.0588
0.0121,0.046387,0.034424,1.464844,4.73053,-3.217102,62.753448,-0.039308972198559236,0.013040779122206563,0.044157643145768,0.7902172448619785,-0.8705388569512675,-43.45191686232079,-0.326,0.335,-1.0459
0.0112,0.085693,-0.016113,1.18457,1.95343,1.940369,65.37796,-0.040638970618895376,0.012811495487158325,0.0441577452827646,0.7855487833169923,-0.915151840915575,-42.80908514827229,-0.326,0.335,-1.0281
0.0121,0.010498,-0.022217,1.409424,1.06842,-0.653625,63.821564,-0.04056969351228463,0.012844192742313071,0.04417684075036155,0.7683270435735211,-0.9376951076794673,-42.0335020507155,-0.326,0.335,-1.0184
0.0123,0.053955,0.025391,1.428223,4.242249,-2.60675,62.417755,-0.04144516797405388,0.012744814894129394,0.04415598887076184,0.8154314988033713,-1.0072197681637176,-41.319411668067694,-0.326,0.335,-1.007
0.0124,-0.0354,0.061279,1.421387,4.150696,3.161072,58.236847,-0.041112607315678694,0.012726249586543146,0.0441337301790513,0.8809363716126208,-0.9572129769869202,-40.57589346648098,-0.326,0.335,-0.9925
0.0114,-0.000732,0.030762,1.331543,0.702209,0.078796,59.549103,-0.041054354768498044,0.01260156772991943,0.044124054707856845,0.8887702099157626,-0.9648090367921,-39.900201930709414,-0.326,0.335,-0.9779
0.0124,0.066895,-0.051025,1.322021,3.784485,6.029724,53.689728,-0.04160717648188929,0.012507170967127213,0.04415391841574832,0.8885814666150502,-0.9386501618128849,-39.27522955223486,-0.326,0.335,-0.9649
0.012,0.0354,0.040039,1.411133,4.364319,2.062439,50.210724,-0.04241465089926469,0.012542811787313288,0.044125467095726865,0.9457452585011368,-0.9412914171864589,-38.71191362206783,-0.327,0.335,-0.9585
0.0121,0.048096,0.015869,1.060303,2.167053,4.992126,47.067413,-0.04360712896793133,0.01256426944556507,0.04410101736573029,0.9677467191381646,-0.9267813215336952,-38.20450390066536,-0.327,0.335,-0.9487
0.012,-0.048096,-0.018799,1.501709,1.983948,-6.299377,52.621613,-0.042416962643256347,0.01251829431832596,0.04413975198086839,0.9634029340670415,-0.9853350107604221,-37.51559821503256,-0.326,0.335,-0.9342
0.0114,0.111328,-0.054688,1.183105,1.739807,2.55072,48.715363,-0.04366727251652738,0.012266482637709297,0.044162336988642026,0.9319434431903091,-1.0369478706604622,-37.05158079039402,-0.326,0.335,-0.9261
0.0123,-0.006592,0.043945,1.297363,0.183411,1.787781,48.196564,-0.04384015659817275,0.012295930398369011,0.04413926860268751,0.9425788417196761,-1.018799147967015,-36.46298093267915,-0.327,0.335,-0.918
0.012,-0.0271,-0.03125,1.227051,0.793762,1.452087,47.494659,-0.04323474006916955,0.01259406802439967,0.04417636436306738,0.9155698692486884,-0.992360813028546,-35.842052112805305,-0.327,0.335,-0.9083
0.012,-0.09082,-0.021484,1.422852,2.228088,-2.942444,45.877228,-0.04154225116749089,0.01280044360382073,0.044227927131462355,0.9137716356618057,-0.9844843189596559,-35.188489550843826,-0.327,0.335,-0.8969
0.0119,0.05957,0.060791,1.200195,0.854797,1.024841,51.431427,-0.042597885674066506,0.012392020134951656,0.04417708207161586,0.9455809772837082,-1.0194783590381609,-34.6592239701105,-0.326,0.335,-0.8824
0.0121,0.102783,0.019775,1.611572,1.159973,0.53656,48.86795,-0.04376134005979961,0.01218899593399105,0.044152744323743304,0.9509153593563634,-1.0681548292277352,-34.14524967232553,-0.327,0.336,-0.8775
0.0118,-0.03125,-0.081055,1.00708,2.96051,1.146912,44.870148,-0.042466655463329915,0.012547549946988165,0.04424482643104618,0.9080679132218353,-1.0397067085974767,-33.52826836835474,-0.327,0.336,-0.8694
0.012,-0.042236,0.070312,1.419922,1.037903,4.076599,44.83963,-0.042439141934367736,0.01279671623826186,0.04421659267114618,0.9417430769130565,-0.9741065795406441,-32.96330782767697,-0.327,0.336,-0.8613
0.0118,0.03833,-0.015625,1.239014,1.282043,-6.085754,44.076691,-0.0427850378429169,0.012697597619731967,0.04422411448192571,0.9311337552777901,-1.076477578131495,-32.473160948055686,-0.327,0.336,-0.8516
0.0128,0.017822,0.080078,1.313232,2.624817,-7.733704,51.584015,-0.042986817061194144,0.0123353184651534,0.044183417804364154,0.9911066314358411,-1.1931215259540735,-31.84935685023334,-0.327,0.335,-0.8338
0.0121,0.061035,-0.256348,1.201416,-0.426941,3.832458,49.478302,-0.041898180694375085,0.012361789959237387,0.04435818433659356,0.809386142128126,-1.1918977388198133,-31.21346260515188,-0.327,0.336,-0.8289
0.0121,-0.006104,0.049316,1.434326,0.488586,3.679871,43.100128,-0.04189175351856571,0.012356141267980743,0.044340389808733616,0.8250263320227115,-1.147351233040508,-30.68878745782665,-0.327,0.336,-0.8208
0.0111,0.013672,0.110352,1.353027,1.129456,6.914734,34.8909,-0.04292976174179323,0.012415803643807613,0.04426621440854346,0.8860947336160465,-1.0812929290057385,-30.34193136984204,-0.328,0.336,-0.816
0.012,0.031494,0.074707,1.24292,0.915833,3.008484,31.503448,-0.04419543179057095,0.012491043869768997,0.04420172586950037,0.9295050792115898,-1.068811831686495,-30.01735495838321,-0.328,0.336,-0.8063
0.0121,0.004395,0.082031,1.028564,0.091858,-5.200745,35.928497,-0.044657957978826046,0.012259672186451236,0.0441418537296471,0.9768435743628257,-1.1413520855869617,-29.621138287494006,-0.327,0.336,-0.7917
0.0122,0.121094,-0.197021,1.331055,0.335999,3.039001,38.03421,-0.04461599399027989,0.01208177010617368,0.044247602918732885,0.8541950685139975,-1.177334511594692,-29.186039542825906,-0.327,0.336,-0.7868
0.0116,0.007568,0.133301,1.50415,-1.006775,-3.400208,36.02005,-0.04547078682931282,0.012040737141447835,0.04417296613955282,0.8948609289345666,-1.2217732325227222,-28.809613091703984,-0.328,0.337,-0.7804
0.0122,-0.040039,0.013916,1.033203,1.465149,-0.47052,33.487091,-0.04487901380357347,0.012247419396285769,0.04418433909318338,0.908280526591031,-1.2022572195859311,-28.35118999977828,-0.328,0.337,-0.7755
0.0125,-0.003906,0.064453,1.531738,3.906555,1.513123,32.785187,-0.04524566990294257,0.012368132118181059,0.04415439658811628,0.9731759621488513,-1.1830850502549326,-27.94521500009251,-0.328,0.337,-0.769
0.0124,-0.018799,0.019287,1.168213,1.221008,-1.447083,29.763947,-0.045187767892717425,0.012546014163849534,0.04415188680403704,0.9860995997381161,-1.1920815465009988,-27.555775043572723,-0.328,0.337,-0.7609
0.0111,0.03418,0.067139,1.412354,2.0755,0.261902,25.094757,-0.04553877457780855,0.012297430821755358,0.04411851354592521,1.031725811902872,-1.208227991957041,-27.315258962419474,-0.328,0.337,-0.7512
0.0124,0.050781,0.090332,1.251953,1.404114,-1.508118,35.867462,-0.04628403205993876,0.01191651735182031,0.04405952114302815,1.0866497828386417,-1.2622393984365992,-26.939179459503666,-0.328,0.336,-0.7399
0.0121,-0.109619,-0.12085,1.452881,0.549622,2.123474,31.381378,-0.0436837734730852,0.012042265860451148,0.04418490625477803,1.0130593091077735,-1.180957395264159,-26.426167141289223,-0.328,0.337,-0.7383
0.0115,-0.018555,-0.158936,1.227783,1.312561,-0.775696,29.184113,-0.04217846752414275,0.012166801198376135,0.04430853275399068,0.9158450652149137,-1.1810154795827421,-26.01720694204912,-0.328,0.337,-0.7334
0.0124,0.048584,0.049561,1.406982,1.678772,5.846619,25.949249,-0.043169769302750655,0.012169912268322397,0.044267125971751524,0.9499762255726728,-1.136764372628029,-25.74123929660926,-0.328,0.337,-0.7253
0.0123,-0.091309,0.035889,1.234375,-0.152283,-2.148987,23.446808,-0.042027753152511366,0.012467377916166141,0.0442882291761487,0.957595283472269,-1.1082118564174064,-25.36292955615065,-0.328,0.337,-0.7221
0.0113,0.074219,0.093994,1.211914,1.800842,-2.515198,17.099152,-0.04364241467670022,0.012335480152348016,0.044205603587560136,1.0257930444963625,-1.1841043254343042,-25.257370209486844,-0.328,0.337,-0.7123
0.0121,0.093506,0.123779,1.281494,2.899475,3.43573,29.428253,-0.04552854608502682,0.012145858700563032,0.04410489372453211,1.1184494649703143,-1.2012710769412651,-25.00517779571201,-0.328,0.337,-0.7059
0.012,-0.105713,-0.168213,1.559814,-0.823669,2.459167,24.148712,-0.04337164336595135,0.012427007538151489,0.0442336430989284,1.0119545693067795,-1.1208362621891137,-24.590698946026166,-0.328,0.337,-0.7043
0.0123,0.067871,0.0,1.151611,-0.365906,-0.867249,19.632111,-0.04428356314024851,0.012293229553836335,0.04421347212945471,0.9954426246501559,-1.1789630566028853,-24.4101975668111,-0.328,0.337,-0.6994
0.0116,0.061523,0.10376,1.397949,3.143616,3.496765,21.951447,-0.04561031278410686,0.0122149609852322,0.04414065115719436,1.0750393268164227,-1.1727694707958376,-24.22267043318331,-0.328,0.337,-0.6929
0.0122,-0.070068,-0.106445,1.311523,-0.915222,-1.996399,33.365021,-0.04400067791391528,0.01248745489308245,0.04423953123400039,0.9855438064209545,-1.1599054210949808,-23.716063213927505,-0.328,0.337,-0.6848
0.012,0.049072,-0.065918,1.160156,-1.403503,-1.691223,30.648956,-0.044343400903011074,0.012482437080692414,0.044265928793985665,0.9110769600861931,-1.2162570157411725,-23.372469698214207,-0.328,0.337,-0.6832
0.0122,0.013428,-0.083252,1.288818,3.631897,1.207947,27.444611,-0.04391179387045682,0.012535296902041965,0.04431911793881749,0.8919873608624083,-1.2111246853713815,-23.01732414765726,-0.328,0.337,-0.6767
0.0123,0.055664,-0.003906,1.371826,3.540344,1.2995,33.456573,-0.044422130755222305,0.01240576563556244,0.04430894533774005,0.9176994680685203,-1.2286649440350854,-22.646861887508205,-0.328,0.337,-0.6654
0.012,-0.091797,-0.164307,1.354492,-2.380066,2.520203,41.299591,-0.041815978645077675,0.012639378855913251,0.04445672405125207,0.7805936447125313,-1.150197357521833,-22.007356679063008,-0.328,0.337,-0.6622
0.0121,-0.080566,0.044434,1.167969,3.235168,-2.728821,39.9263,-0.03964757856268944,0.012534745839257372,0.044502378396890904,0.8335662308113342,-1.1341506894603812,-21.428251596049893,-0.328,0.337,-0.6605
0.012,0.074707,0.058838,1.435791,6.347961,0.53656,15.542755,-0.038967045260347825,0.011664910183475556,0.04449019339378967,0.9303581719106352,-1.1666971696950938,-21.312383483123796,-0.326,0.336,-0.6686
0.0116,0.411621,0.390625,1.655518,4.211731,-0.104309,15.878448,-0.04557473112366042,0.011243074585222454,0.04418810139354252,1.1331535576770795,-1.3406102171835372,-21.476069155107705,-0.327,0.336,-0.6557
0.0123,0.024902,0.065186,0.720215,3.815002,3.222107,34.585724,-0.04779234891511904,0.011336832962352779,0.04407975282209096,1.231760456571105,-1.3380746987842551,-21.13613106518796,-0.327,0.336,-0.6363
0.012,-0.27002,-0.176514,1.170166,3.021545,11.065125,29.886017,-0.04156571692362882,0.011586310264593907,0.044343037728520364,1.1410861731029207,-1.0419071872437131,-20.464435748358106,-0.327,0.336,-0.6379
0.0113,-0.047119,-0.088623,1.704346,-0.793152,-9.747864,24.514923,-0.03960508754667367,0.011379615412553903,0.04442542765503589,1.0776259971741418,-1.1308675358936837,-20.130660409571345,-0.326,0.335,-0.6363
0.0123,-0.037109,-0.041748,1.074463,0.94635,2.733826,20.578156,-0.039152258222214284,0.011680663426839656,0.044468696705770694,1.0467505848452807,-1.074552098167857,-19.82231696166959,-0.327,0.336,-0.6265
0.0122,0.09375,0.198242,1.150879,4.150696,0.506042,23.629913,-0.04214461157039492,0.011651700863813319,0.04430576418766476,1.2115630985749568,-1.1332004003165492,-19.660210511451133,-0.327,0.336,-0.6184
0.0115,-0.036621,-0.062012,1.007324,0.152893,-1.386047,25.857697,-0.040667250439592385,0.011660967629685935,0.04438455541209801,1.1515504882173884,-1.1268052643054405,-19.30180898939275,-0.326,0.336,-0.6184
0.0123,0.124512,0.05127,1.864502,-0.030212,-1.965881,17.556915,-0.0412086314065231,0.011315945361063997,0.04435530829445594,1.1578368272010198,-1.2004611103002096,-19.1559188762396,-0.326,0.335,-0.6184
0.0125,0.089111,0.083496,0.920654,2.899475,-1.569153,16.427765,-0.04354942138217094,0.011083292918804544,0.0442448408076124,1.2496373250170596,-1.2970149697017368,-19.081308954802935,-0.326,0.336,-0.6103
0.0117,-0.046387,0.021973,1.273926,0.732727,3.191589,18.350372,-0.043150678689039004,0.011245430466435825,0.04425649988968209,1.2563356139446058,-1.2321979033899815,-18.82536725111035,-0.327,0.336,-0.6039
0.0116,0.003662,-0.021973,1.313965,1.373596,-3.186584,17.648468,-0.043168070405993006,0.011390259389272392,0.044274001371526615,1.2445785243475291,-1.2711742273353273,-18.606274009670813,-0.327,0.336,-0.599
0.0121,-0.005859,0.085693,1.318359,0.183411,-3.49176,21.920929,-0.04365970116758535,0.011454525749876692,0.04423519796637724,1.2801475256365018,-1.3106858752241273,-18.349955603376294,-0.327,0.336,-0.5925
0.0128,0.053955,-0.072021,1.196045,-1.647644,4.747986,22.561798,-0.04386704345913978,0.011495126100858673,0.04426561612836069,1.1967365615935808,-1.2872039605429537,-18.071870501677367,-0.327,0.336,-0.5925
0.0113,-0.022461,0.00708,1.32666,-0.1828,0.65863,18.960724,-0.043462799793646215,0.01156022216125717,0.04428252812983871,1.1842564544250536,-1.2664147221002682,-17.830741221773565,-0.326,0.336,-0.5893
0.012,0.002197,0.009033,1.293457,1.434631,-0.165344,18.838654,-0.043279178639198966,0.011549844131692114,0.04429050527376684,1.1921237189900773,-1.2699258210862923,-17.598463133048735,-0.326,0.335,-0.5877
0.012,0.047363,-0.042725,1.411865,0.94635,1.54364,19.754181,-0.043321770865909194,0.011509442209368234,0.04430868358714418,1.1652671665119676,-1.2770094669403773,-17.3734874392914,-0.326,0.335,-0.5861
0.0126,0.043457,-0.035889,1.222412,2.044983,0.017761,19.021759,-0.04359139105395243,0.011510320412818329,0.04431985908775549,1.1538936961953983,-1.3049090175927993,-17.15037477276415,-0.326,0.335,-0.5796
0.0111,-0.001709,-0.024902,1.369873,2.991028,1.391052,15.634308,-0.04320723369566802,0.011561153106282644,0.044347126869302304,1.159577093182425,-1.28685348314211,-16.955086059905266,-0.326,0.335,-0.578
0.0122,-0.026367,0.008301,1.304932,2.136536,-0.928284,14.47464,-0.042544667652873396,0.011583492583041378,0.04437092903300195,1.1769691293623517,-1.2813977547000293,-16.746281511778175,-0.326,0.335,-0.5731
0.012,-0.028564,-0.001465,1.317627,1.404114,-0.928284,16.916046,-0.041836049683786694,0.01162569489065625,0.044400056903032045,1.1787592777125249,-1.2751720642238953,-16.50702051034843,-0.326,0.335,-0.5682
0.0128,-0.005127,0.011475,1.3125,0.06134,-2.667786,22.744904,-0.04156613902924271,0.0116352777712731,0.044410296670997274,1.1701870697687429,-1.3072267528638482,-16.20352981910716,-0.326,0.335,-0.5634
0.0113,-0.010254,-0.038574,1.265625,-1.006775,2.489685,24.728546,-0.041012453668564826,0.01168559715382335,0.04444722599349396,1.1200546471714117,-1.2741198922254187,-15.895984742416143,-0.325,0.335,-0.5585
0.012,-0.036133,0.015137,1.37207,-0.1828,0.963806,20.608673,-0.040369834007590664,0.011748244961205453,0.04446934146660969,1.1118616898700626,-1.2422040424273666,-15.610337414843025,-0.325,0.335,-0.5553
0.0122,-0.016602,0.020264,1.243164,0.458069,-0.897766,18.747101,-0.04000288396803161,0.01177045732734625,0.044479363521162815,1.1162458622545117,-1.2433686031155629,-15.361632730843972,-0.325,0.335,-0.5488
0.012,0.04126,-0.018799,1.393311,0.366516,1.330017,18.747101,-0.04023710031452335,0.011715438074639626,0.04448078149002206,1.0964426557564722,-1.2498653456916113,-15.158265379673367,-0.325,0.335,-0.5456
0.0122,0.035156,-0.003418,1.270508,1.251526,0.597595,16.702423,-0.040559564946194934,0.011671397886065756,0.04447506582273642,1.096513919255463,-1.2637221533258878,-14.9770947830693,-0.326,0.335,-0.5407
0.0113,-0.000732,0.010498,1.324463,2.258606,2.001404,12.918243,-0.04045404348128233,0.011694969029678285,0.044480650550434646,1.1159621228018144,-1.2391306181031527,-14.822658722242325,-0.326,0.335,-0.5375
0.012,-0.016113,0.008057,1.323975,2.289124,1.818298,9.622345,-0.04017417262453039,0.011753563704079352,0.044493729876352105,1.136448861500654,-1.206118678710895,-14.68561370639094,-0.326,0.335,-0.5342
0.0122,-0.013672,0.03833,1.280273,1.70929,0.353455,6.875763,-0.04002688740809566,0.011785049648745915,0.04449232680000395,1.1691859125945931,-1.1916321639172702,-14.587901113603978,-0.326,0.335,-0.5326
0.0122,-0.013428,0.065674,1.298584,0.427551,-1.447083,6.78421,-0.03994951837970306,0.011797000187756165,0.044480185042433715,1.201818484911676,-1.1991902175527094,-14.495633915369643,-0.326,0.335,-0.531
0.012,-0.008545,0.057861,1.264893,-0.426941,-1.59967,7.974396,-0.03995987921351952,0.01181643297948501,0.04446771295530149,1.2199971671046046,-1.2114822604469473,-14.393639662171621,-0.326,0.335,-0.5262
0.012,0.007568,0.043213,1.3125,-1.006775,-1.172424,8.615265,-0.040141878129476304,0.011829659639423496,0.04445484090726076,1.221042688238732,-1.2280278215417,-14.293791850437824,-0.326,0.335,-0.5245
0.0127,0.046631,-0.00293,1.245605,-1.06781,-0.34845,9.43924,-0.04068406567084145,0.011805124497888187,0.04444267533829485,1.1934390859405786,-1.2599670222637407,-14.202894099098442,-0.326,0.335,-0.5245
0.0119,0.030029,-0.047852,1.355957,0.427551,0.719666,8.493195,-0.04083869006242865,0.011834407697144816,0.0444569259378835,1.1595623622634457,-1.2658408789305455,-14.108594704686455,-0.326,0.335,-0.5229
0.0114,0.039062,-0.051514,1.303467,0.397034,-0.745178,8.523712,-0.04108968823774895,0.011844141875568835,0.04446842079406505,1.1224932942896682,-1.2947045882574322,-14.0260997491778,-0.326,0.335,-0.5213
0.012,0.036865,-0.053223,1.32666,1.098938,-1.538635,11.972198,-0.04126561226665415,0.01185155514934391,0.04448201217206002,1.0927739373691143,-1.332160657387163,-13.894288964170075,-0.326,0.335,-0.5197
0.0122,0.04126,-0.095703,1.290039,1.983948,0.322937,18.075714,-0.04095922857964313,0.01177662726100158,0.044520471790561254,1.0467207531488893,-1.351868111351567,-13.682094662493178,-0.325,0.335,-0.5181
0.0122,0.030518,-0.108887,1.367676,-3.143005,1.238464,10.995636,-0.04031972514615354,0.011688889081515075,0.0445704569124585,0.9368912150667816,-1.3505956241933008,-13.543998155049454,-0.325,0.335,-0.5197
0.012,0.128418,0.092285,1.200684,-0.030212,-1.050354,13.620148,-0.04269017653216747,0.01138506038470779,0.04445712735029721,0.9839210135371175,-1.4422196172441473,-13.528167027475746,-0.325,0.335,-0.51
0.0121,-0.119629,-0.01709,1.076904,0.854797,0.383972,17.923126,-0.040463973867975206,0.011740918875100327,0.04455296066899952,0.9698967993666566,-1.3519448676188173,-13.157963596640938,-0.325,0.335,-0.5035
0.0111,-0.049561,0.012207,1.353027,-3.020935,2.031921,23.050079,-0.03971969662321175,0.011869617408421362,0.04458272859328538,0.930257113625185,-1.2999817561910714,-12.847609137418724,-0.325,0.335,-0.5019
0.0125,-0.004639,0.034912,1.177734,-1.769714,-1.111389,20.669708,-0.039636579236139065,0.011886568251808265,0.044579066375023124,0.918539842861523,-1.3108962444507017,-12.581127612141016,-0.324,0.334,-0.497
0.0121,-0.023682,0.02002,1.301758,1.983948,-0.34845,16.793976,-0.03906664746182689,0.01191069338562864,0.04459677845555673,0.9426589395982683,-1.299402460622625,-12.349606860595042,-0.324,0.334,-0.4938
0.012,0.030762,-0.010498,1.261719,0.152893,0.078796,19.113312,-0.03914611578648896,0.011830431035126104,0.04459638932717624,0.92599583062048,-1.3164073441230613,-12.139897545607917,-0.324,0.334,-0.4889
0.012,0.013672,-0.096436,1.333496,-0.457458,3.588318,16.580353,-0.038715310241385935,0.011796476325478908,0.044635326442968394,0.8541439497292267,-1.279665099315958,-11.93606623635435,-0.324,0.334,-0.4857
0.012,-0.13623,0.027832,1.272705,3.570862,-1.263977,14.016876,-0.03634279827721235,0.012014060470678998,0.044718229988982554,0.9035820639146266,-1.211058993050743,-11.629611687292213,-0.324,0.334,-0.4841
0.0123,-0.008545,0.056885,1.326416,1.343079,1.360535,10.69046,-0.03600943274171401,0.01200464745393871,0.044717803192773825,0.9432577245020739,-1.1875415106245806,-11.48305054954937,-0.324,0.334,-0.4824
0.012,-0.016357,0.015869,1.351074,0.397034,-1.660706,8.767853,-0.03559028476944072,0.012021547811512504,0.04473117777614194,0.9476540514611909,-1.1956965488380014,-11.357932829072197,-0.324,0.334,-0.4808
0.0122,-0.036865,0.058594,1.239258,2.228088,-3.430725,11.361847,-0.034855304652360496,0.01206646302727098,0.04474519988118828,1.000855969514174,-1.2132601569757466,-11.178429446176391,-0.323,0.334,-0.476
0.0111,0.034668,-0.087158,1.237305,-1.403503,3.679871,13.528595,-0.03516141423927718,0.011997068709303997,0.04475599125361669,0.9212701402531743,-1.193514737256694,-11.061477291128686,-0.323,0.334,-0.476
0.0125,-0.038574,0.014893,1.389893,-2.624207,0.933289,12.521515,-0.0344065191215393,0.012039517869802471,0.044781396246018984,0.8868526860974956,-1.1588083035065868,-10.86640213449139,-0.323,0.334,-0.4743
0.0121,-0.046875,0.018311,1.208252,1.587219,-0.073792,7.241974,-0.03347846298630764,0.012097892864191308,0.044811516161143206,0.9095360296473711,-1.1285640331425542,-10.730091763738312,-0.323,0.334,-0.4711
0.0122,0.005615,0.042725,1.405762,0.610657,0.53656,5.441437,-0.033313107076497206,0.012079095325480195,0.04480950692417848,0.9319312970417991,-1.1225019929062516,-10.658968483392277,-0.323,0.334,-0.4711
0.0121,0.009766,-0.002441,1.224854,0.549622,-1.59967,2.145538,-0.0332928146947582,0.012047183222316741,0.044811390698698744,0.9297026052652896,-1.1458156044429282,-10.640152466182753,-0.323,0.334,-0.4711
0.0111,0.007324,0.010742,1.342041,2.96051,-1.660706,1.291046,-0.03322470735636705,0.01203023699751075,0.044812993368242085,0.961058295428933,-1.1650210272036632,-10.627135205626576,-0.323,0.334,-0.4711
0.0121,0.020996,0.024658,1.340088,1.129456,0.353455,2.298126,-0.03332539483053432,0.011994561328391844,0.04480549995907775,0.9807271599787736,-1.1696157877365756,-10.609576212547315,-0.323,0.334,-0.4711
0.0121,-0.006348,-0.054932,1.28833,-0.579529,0.750183,3.6409,-0.03316148394064821,0.011999017280448757,0.04482526316055212,0.9329734105399271,-1.1543208741183082,-10.563269677132011,-0.323,0.334,-0.4711
0.012,0.008545,0.031738,1.3125,0.915833,0.475525,3.854523,-0.033122179063022554,0.011984337031302764,0.044821591298502605,0.9544151373112916,-1.1510444259699193,-10.51700353496011,-0.323,0.334,-0.4711
0.0122,0.005859,0.019287,1.307861,-0.793152,-0.59259,3.946075,-0.03806411059774408,0.012902850988486909,0.04471918188843656,0.9479621039063514,-1.1591269160226403,-10.468227633704894,-0.323,0.334,-0.4679
0.0121,0.022705,-0.018311,1.296875,-8.666687,-14.356018,-1.455536,-0.03787099933048096,0.012800360360538526,0.0447242371529201,0.8267172237452466,-1.3408962748598126,-10.504115245497438,-0.322,0.333,-0.4808
0.0122,0.720459,0.196533,2.331543,3.448792,6.151794,-21.047821,-0.04179801349597134,0.012109845902219057,0.04452994903525021,0.9269661973518273,-1.4731738690219718,-11.04834823199747,-0.321,0.333,-0.4857
0.0113,-0.408203,-0.374268,0.764893,-0.823669,12.865662,-6.002655,-0.03486437302335499,0.013204452542446298,0.04493382216698291,0.6398339081034696,-1.0227546990460767,-10.645822554513575,-0.322,0.333,-0.4743
0.0127,-0.458252,-0.299805,1.554932,0.000305,-4.010559,11.728058,-0.02918734775018749,0.013713518402355289,0.04520376280342501,0.49964202042238903,-0.86327827917669,-10.177941765758048,-0.322,0.333,-0.4743
0.0122,0.102539,-0.071045,1.312988,-2.990417,-8.40509,19.143829,-0.030751488939273684,0.013281024640940185,0.04513058503541715,0.4157572191157865,-1.0268184069165631,-10.103395936149724,-0.321,0.332,-0.4776
0.0121,0.027832,-0.070801,1.283447,3.998108,8.532166,17.068634,-0.031955714752857606,0.0132036096996396,0.04509927601086932,0.4162957527470751,-0.9415019812163357,-9.963598685188384,-0.321,0.333,-0.4695
0.0121,-0.05835,-0.039307,1.003418,1.678772,-2.728821,22.470245,-0.031180566742018575,0.01340102130780152,0.045150527121531156,0.40155253013793585,-0.9327933087998003,-9.620642001313557,-0.321,0.333,-0.463
0.0111,-0.123047,-0.112549,1.184082,-0.06073,-2.728821,23.874054,-0.029119334563517167,0.013579513526030007,0.04525346622175317,0.32433448197429876,-0.8852775658872377,-9.242572190636395,-0.32,0.332,-0.4614
0.0124,-0.023438,-0.102783,1.443848,3.143616,4.503845,21.951447,-0.029115400339983572,0.013484157042034614,0.045261133482305184,0.30366038030310516,-0.8182040777039606,-8.996117896064879,-0.32,0.332,-0.4582
0.0122,-0.044189,0.045166,1.088867,4.577942,0.139832,19.174347,-0.027352429601751445,0.01362546984867192,0.04531897772365742,0.38792465336269044,-0.7879358526470218,-8.660617872793162,-0.32,0.332,-0.4582
0.012,0.000244,-0.006836,1.29834,1.739807,-0.684143,17.801056,-0.0272619139800605,0.013583109214015954,0.045318887087352495,0.40032732042754726,-0.79830361633307,-8.454389026013489,-0.32,0.332,-0.4533
0.0121,-0.024902,-0.011719,1.396484,2.929993,-2.881409,17.984161,-0.026797367241866345,0.013613394607701378,0.045338123850820686,0.42445718026787777,-0.8203887676313907,-8.213657898328762,-0.319,0.332,-0.4501
0.0121,-0.019775,0.05127,1.332764,2.167053,-1.233459,23.751984,-0.02579009417740042,0.013684515356408708,0.04536738843333765,0.4742449561168596,-0.8255190666950308,-7.870340707442056,-0.319,0.332,-0.4452
0.0121,0.017822,-0.018066,1.347412,-2.257996,-1.904846,22.775421,-0.0260281865911457,0.01358349315017872,0.04535316927424178,0.4305188357640262,-0.8607693703492542,-7.629739212943756,-0.319,0.332,-0.4452
0.0121,0.047852,0.019775,1.211182,0.549622,1.879333,19.693146,-0.026609036800249338,0.013441995103680163,0.04531841913273938,0.4442690171923965,-0.8710555589485195,-7.446252447016542,-0.319,0.332,-0.4436
0.0115,-0.018799,0.023193,1.525391,2.411194,2.672791,16.122589,-0.026021974670960325,0.013485476108518862,0.04533757945305957,0.4784721378825334,-0.8308321796319884,-7.228605663217057,-0.32,0.332,-0.4387
0.0122,-0.018066,-0.024658,1.329346,-0.762634,-2.789856,13.162384,-0.02589224962766382,0.013496908986777795,0.045346955734512404,0.4504891730008393,-0.8553222610445593,-7.062588271750261,-0.32,0.332,-0.4371
0.0123,0.007568,0.024902,1.338867,1.06842,1.391052,8.920441,-0.02587416441794592,0.01350583994674589,0.04534522622589299,0.4741174299496964,-0.843138625748746,-6.9485936569577005,-0.32,0.332,-0.4355
0.0121,0.018066,0.077637,1.2771,2.655334,-2.637268,5.77713,-0.02562158340509705,0.013544245847854772,0.0453450183547505,0.549196386934421,-0.8860309881277131,-6.855915601264464,-0.32,0.332,-0.4355
0.0119,0.085449,0.048096,1.334473,0.793762,-1.416565,1.107941,-0.02678359222291605,0.013416386926153384,0.04529091179493392,0.5824250535795163,-0.9512753827406358,-6.911816313262002,-0.319,0.332,-0.4339
0.0123,0.054443,0.064209,1.324219,0.458069,0.994324,-0.875702,-0.027309868799165825,0.013362225114699335,0.04526068408902387,0.6216540473442398,-0.9692282851839276,-6.950117861341188,-0.319,0.332,-0.429
0.0112,0.011963,0.098389,1.231201,0.000305,2.703308,-0.906219,-0.02679730918673881,0.013398236006462817,0.045264424577148285,0.6791095129330675,-0.9454685937690726,-6.927423063554733,-0.319,0.332,-0.4274
0.0125,-0.028564,0.019287,1.341064,-2.349548,-0.012756,-0.234833,-0.026129854829286387,0.013443546896957771,0.04528695874225133,0.656843474323574,-0.9277627942021275,-6.896087818857102,-0.319,0.332,-0.4274
0.0119,-0.022949,0.02124,1.312744,-0.823669,-0.165344,-1.27243,-0.025629323336485068,0.013491557240547982,0.045304504495333686,0.6557823512238906,-0.9150267332463142,-6.881502391616781,-0.319,0.332,-0.4274
0.0118,-0.008057,0.017334,1.297852,-0.426941,0.109314,-2.584686,-0.025359595135766192,0.013507823383258087,0.04531250919044718,0.6574857269776315,-0.9078345285855511,-6.898333850813771,-0.319,0.332,-0.4274
0.0124,-0.002686,-0.03418,1.281982,-0.762634,-0.287415,-2.676239,-0.025529902574506384,0.013476059812670608,0.04531018566624011,0.6241564763174797,-0.908927094033395,-6.948045016483657,-0.319,0.332,-0.4274
0.0122,0.006104,-0.060303,1.371094,1.251526,0.506042,-2.248993,-0.025952064033726373,0.013413492976795052,0.045300436370464464,0.6020813019750372,-0.9049883917016622,-7.009530390563927,-0.319,0.332,-0.4274
0.0116,0.008301,-0.058594,1.311035,1.770325,0.780701,-0.967255,-0.026447781784523,0.013349232358676818,0.04528830688405538,0.5847925496604821,-0.9002573683928248,-7.057569732742174,-0.319,0.332,-0.4274
0.0122,0.003174,-0.066406,1.275635,0.671692,0.597595,0.955353,-0.026956083170040442,0.013290990366448424,0.04527757127465151,0.5495830615850479,-0.894876177189731,-7.081955820206671,-0.319,0.332,-0.4274
0.0122,-0.008057,-0.022217,1.322754,1.312561,-0.012756,1.809845,-0.0269867260013445,0.013289845245770121,0.04528038786019874,0.549224682982482,-0.8899071213407019,-7.062694693048814,-0.319,0.332,-0.4274
0.0118,-0.026611,0.026123,1.331787,0.732727,0.445007,1.596222,-0.02644093247569801,0.013359981477421892,0.04530121883106075,0.5696196202872486,-0.8686667560187508,-7.0063861238818825,-0.319,0.332,-0.4274
0.0118,-0.03833,0.0271,1.27832,-0.640564,-0.073792,1.199493,-0.025696730525860977,0.01345393597776425,0.045330228012473654,0.5752213630410539,-0.8463198830225408,-6.94194236170404,-0.319,0.332,-0.4274
0.0116,-0.023193,0.030273,1.299561,-0.121765,-0.59259,0.74173,-0.02518099564069161,0.013518698640838232,0.04534908491412423,0.5884177959605124,-0.8393218589505198,-6.898127554717268,-0.319,0.332,-0.4274
0.0121,0.001465,0.007324,1.329346,-0.579529,-0.562073,1.321564,-0.025179483841001122,0.013517333013236918,0.04534877668946766,0.5820334074433688,-0.8468854270011219,-6.882440141134883,-0.319,0.332,-0.4274
0.0121,0.013672,-0.032471,1.305664,-0.701599,-0.012756,1.474152,-0.025625472702223772,0.013460367574000933,0.045334382607656896,0.550946221305784,-0.8553168363093607,-6.896163999647185,-0.319,0.332,-0.4274
0.0121,0.021973,-0.030762,1.304443,0.702209,0.017761,0.497589,-0.02617811677311372,0.013391052655334927,0.04531516382359239,0.5381279698096215,-0.8680895861212471,-6.9282693687559815,-0.319,0.332,-0.4274
0.0123,0.034668,-0.012695,1.329346,1.159973,0.41449,-0.387421,-0.026778674817641596,0.013314741600597146,0.04529131028214387,0.5419695161860966,-0.8826942528615216,-6.973557994045033,-0.319,0.332,-0.4274
0.0122,0.009766,-0.022217,1.314941,1.06842,-0.012756,-0.601044,-0.027068044426123615,0.01327870338920442,0.04528228620125642,0.5390773412068683,-0.8880610308372936,-7.001179225389034,-0.319,0.332,-0.4274
0.012,0.001221,-0.003174,1.299561,1.312561,0.292419,-0.784149,-0.027122198642999997,0.013272087404212148,0.045281017570366226,0.5500770821547043,-0.8847633043901536,-7.014483328628192,-0.319,0.332,-0.4274
0.0115,-0.006836,0.002686,1.319336,0.397034,-0.073792,-0.326385,-0.02701573976076776,0.01328446339597554,0.04528587154634084,0.5532317475434121,-0.8809920625013917,-7.011655849686504,-0.319,0.332,-0.4274
0.0123,-0.014648,0.010254,1.307617,-0.213318,0.567078,0.222931,-0.026757072923653577,0.013316046657659229,0.045296413516640634,0.5536403298083068,-0.8649904206954079,-6.991858329171533,-0.319,0.332,-0.4241
0.0122,-0.010254,0.011963,1.305176,-0.640564,0.353455,0.98587,-0.026575988797857778,0.013342164762810681,0.045303851416158676,0.5497740100332391,-0.8544737046945574,-6.966671417391979,-0.319,0.332,-0.4225
0.0112,0.001953,-0.002686,1.313477,0.183411,0.65863,1.107941,-0.026656009580037818,0.01333493960496049,0.0453016311895328,0.5470589588125042,-0.8482337399481099,-6.959072239938145,-0.319,0.332,-0.4193
0.0121,-0.006348,-0.016602,1.33667,-1.250916,1.604675,6.906281,-0.026682668506518417,0.013330763556208403,0.04530289457534176,0.518366583447728,-0.8258852089643677,-6.878230223701485,-0.32,0.332,-0.4161
0.0122,-0.121094,-0.055664,1.12793,0.06134,-1.386047,5.044708,-0.025415551283266544,0.013561640447148138,0.04537547773516319,0.4791092270239257,-0.7627772920724507,-6.717312453744342,-0.32,0.332,-0.4161
0.0122,0.016357,-0.052002,1.365967,0.519104,0.017761,1.901398,-0.026451751836076884,0.01353184152649397,0.0453485258944789,0.45347536292656504,-0.772582292412163,-6.737672597984143,-0.32,0.332,-0.4161
0.012,0.039062,0.014404,1.332275,2.167053,-2.454163,1.230011,-0.02712335879906438,0.01348631294300942,0.045322208743023965,0.4851041169520158,-0.8249231943624575,-6.756535265859057,-0.32,0.332,-0.4161
0.0122,0.029053,-0.010986,1.24707,1.06842,1.330017,0.680695,-0.027775984838427525,0.013425438590298516,0.045297350000426846,0.4888410120118197,-0.8275110706197261,-6.78617411820696,-0.32,0.332,-0.4161
0.012,0.013428,0.00708,1.343018,0.732727,0.628113,1.687775,-0.028039616849205553,0.013413571071639253,0.04528781161254502,0.49882428353336644,-0.8277991269114474,-6.77741904448809,-0.32,0.332,-0.4161
0.0114,0.01123,0.025879,1.321289,0.610657,-0.195862,3.396759,-0.02814534752592077,0.013415993973060283,0.04528250726114573,0.5176281388479866,-0.836835035928751,-6.740516659604344,-0.32,0.332,-0.4161
0.0123,0.024658,-0.013672,1.281982,-0.884705,-0.378967,4.861603,-0.028678119554049298,0.013366143123584386,0.04526261714209484,0.49515729766971556,-0.8570206146455165,-6.712052074748376,-0.319,0.332,-0.4144
0.0116,0.037598,-0.023193,1.283691,-1.372986,0.231384,8.096466,-0.02942374997794826,0.01328518564963336,0.04523345548568747,0.46172806611169415,-0.8777160987041609,-6.6648915345214785,-0.319,0.332,-0.4144
0.0122,0.042969,-0.032471,1.360107,-0.304871,-0.104309,9.378204,-0.030211837331949393,0.013195072421848354,0.0452026014392407,0.43579310167606106,-0.9035196121824431,-6.601245381708404,-0.319,0.332,-0.4112
0.0122,0.045166,-0.056152,1.287109,0.06134,0.231384,12.948761,-0.031079063533259704,0.013070013140995535,0.045167798818367265,0.39892204148256555,-0.92849514120454,-6.506756835102763,-0.319,0.332,-0.408
0.0122,0.063232,-0.122314,1.340088,0.366516,3.405212,11.483917,-0.03237068040954596,0.012881389220312673,0.04511916362810192,0.33031848457415713,-0.9236104787250071,-6.462644935326533,-0.319,0.331,-0.4063
0.0122,-0.007324,-0.016846,1.32959,2.807922,-0.501038,9.073029,-0.03210618412050214,0.012872060395587175,0.045128044381019854,0.35203724226629607,-0.9250326378817716,-6.3468892676082564,-0.318,0.331,-0.4047
0.012,-0.015137,-0.022705,1.273438,2.258606,1.055359,11.544952,-0.03169095753586936,0.012869291902859924,0.0451429293230084,0.36221461085253015,-0.9035320013884087,-6.197061747832982,-0.318,0.331,-0.4015
0.0112,-0.047852,-0.027344,1.342773,1.007385,-0.226379,15.115509,-0.030780061121251232,0.012931836088456428,0.04518084875266862,0.3542286831094306,-0.8787091238800867,-5.983523572113819,-0.318,0.331,-0.3982
0.0121,-0.049316,-0.016357,1.273193,1.007385,1.024841,15.054474,-0.029775580919320345,0.013001450407934496,0.04522092476810881,0.35302619660745205,-0.8374757457480093,-5.7520739947276125,-0.317,0.331,-0.3966
0.0128,-0.039307,0.068359,1.394287,0.94635,1.604675,12.674103,-0.028636749068622906,0.013089946663758298,0.04525849669308343,0.39919111804782115,-0.7956873449615317,-5.528555990464303,-0.317,0.331,-0.395
0.012,-0.050293,0.023682,1.248047,-0.152283,1.085876,10.049591,-0.027514333257458768,0.0131809311690451,0.045299538747432005,0.4091644907083377,-0.7532996339523921,-5.348014810686823,-0.317,0.331,-0.3934
0.0113,-0.037109,0.062744,1.371094,-0.1828,1.696228,10.232697,-0.026545328387312626,0.013270087773627471,0.04533250023349379,0.43907616547464806,-0.7146347317420891,-5.1761613708109335,-0.318,0.331,-0.3918
0.012,-0.078857,0.033447,1.284912,0.519104,-0.897766,8.981476,-0.025161582930197404,0.013419761423123936,0.045387452841886035,0.4623036596619925,-0.6803010062004526,-4.9835663122028455,-0.318,0.331,-0.3885
0.0121,-0.057373,0.006592,1.337646,1.129456,-1.508118,6.967316,-0.024502101196294233,0.013521199393880771,0.045419376359055165,0.47667705805147664,-0.6674597447540281,-4.850131305265001,-0.318,0.331,-0.3885
0.0122,0.108398,0.056396,1.244629,0.549622,-1.691223,3.274689,-0.02493122262055487,0.013310281452070931,0.04537171442136392,0.5147901966691131,-0.7566535547504234,-4.885125533257655,-0.317,0.331,-0.395
0.0122,0.100586,0.048096,1.206543,1.556702,2.55072,-1.333466,-0.026072578964709502,0.013163522576839757,0.04531683603787233,0.5613910575772229,-0.7907523350826153,-4.974832127506523,-0.317,0.331,-0.3934
0.0123,-0.039062,0.011475,1.215576,0.335999,0.139832,-2.767792,-0.025727240395916832,0.013244321067654309,0.04533668971457569,0.5703855501000714,-0.7651270343036192,-4.974527783310124,-0.318,0.331,-0.3918
0.0111,0.032227,0.055664,1.282227,0.458069,-0.531555,-3.835907,-0.026131070030482862,0.01324108330101111,0.045320936773850726,0.6058767843453098,-0.7906168031738522,-5.0266074549716375,-0.318,0.331,-0.3918
0.012,0.037109,0.063477,1.263672,0.06134,0.322937,-4.293671,-0.026487141337308617,0.013227175006583925,0.045303954219058584,0.6420323195263331,-0.8093819860975306,-5.089109662583322,-0.318,0.331,-0.3918
0.0124,0.032715,0.034912,1.203613,-1.403503,-0.989319,-4.354706,-0.026892359191507967,0.013202219829396684,0.04528657027587379,0.643948480031303,-0.842740217227279,-5.160249391835703,-0.318,0.331,-0.3918
0.0124,0.059326,-0.002686,1.300049,-1.556091,-0.47052,-3.225555,-0.0276205693432788,0.01312896988673843,0.04525734287404642,0.619831989299443,-0.883022270730797,-5.242510562914736,-0.318,0.331,-0.3918
0.0111,0.045898,-0.023926,1.325928,-1.18988,1.207947,-2.432098,-0.02817054245574775,0.013062860345602669,0.0452358263265822,0.5896119187493896,-0.8953917748833656,-5.30541308191378,-0.318,0.331,-0.3918
0.0121,0.02417,-0.020264,1.276123,-0.1828,2.215027,-4.507294,-0.02851939122261529,0.01302675124036855,0.04522361808814976,0.5727787596007996,-0.8824608542785461,-5.381127865414294,-0.318,0.331,-0.3918
0.0122,0.018066,-0.010742,1.332764,0.915833,0.261902,-6.796112,-0.02876488281010305,0.013004202528227893,0.04521516963225795,0.5756548328138713,-0.8882386974977123,-5.47817071866569,-0.318,0.331,-0.3918
0.0123,0.005127,-0.017822,1.308594,1.251526,-0.653625,-7.559052,-0.028876030488134922,0.012997172880409939,0.045213265697243855,0.5786618571411651,-0.8977381379569247,-5.577367474851961,-0.318,0.331,-0.3918
0.0125,-0.006592,-0.015625,1.291016,1.159973,0.139832,-6.216278,-0.02885393104925921,0.013006626113260979,0.045217163778469655,0.5817207490380242,-0.8907885175435005,-5.652554564796087,-0.318,0.331,-0.3918
0.0113,-0.065186,-0.027832,1.303955,0.122375,1.116394,-0.14328,-0.02820112050066404,0.013093785431573357,0.04525062308334432,0.5636310573610576,-0.8394470561555644,-5.611379658319421,-0.317,0.331,-0.3934
0.0122,-0.13208,-0.053711,1.26123,-1.128845,-0.073792,3.88504,-0.02687455999504064,0.013270347767392554,0.04531770552371316,0.5142942851743383,-0.7613346940622393,-5.476736897519313,-0.317,0.331,-0.3934
0.0121,-0.052002,-0.036377,1.291016,-0.976257,0.65863,3.793488,-0.026463205699861072,0.013325030396664094,0.04534030467145447,0.4780087816861387,-0.7238815703268631,-5.404165008443359,-0.317,0.331,-0.3934
0.0122,-0.025879,-0.002686,1.307861,0.152893,-1.050354,2.298126,-0.02621333467827751,0.013357233746962918,0.04535235287435907,0.47575489960026923,-0.722763208725743,-5.3597780622504265,-0.317,0.331,-0.3934
0.0121,-0.00293,-0.017334,1.300293,0.305481,-0.043274,1.260529,-0.026293832246000955,0.013345620164316131,0.04535016992478566,0.4668222944784976,-0.7229554260272695,-5.350912558520167,-0.317,0.331,-0.3934
0.0112,0.004883,-0.018799,1.322266,0.885315,-0.256897,2.420197,-0.026468899151270195,0.013322722773359549,0.0453438280242613,0.46326669636499723,-0.7299942801143537,-5.3362771077386375,-0.317,0.331,-0.3934
0.0123,0.02124,-0.047119,1.30127,1.221008,0.567078,2.938995,-0.026955818766845396,0.013258714962854799,0.04532517613204547,0.44789959696847886,-0.7371739655771894,-5.334473390385239,-0.317,0.331,-0.3934
0.0122,0.023438,-0.027344,1.330811,0.702209,0.475525,3.152618,-0.02736883832092103,0.013204003001447879,0.045308194641019775,0.43816371840711094,-0.7462184937021188,-5.324817671302912,-0.317,0.331,-0.3934
0.0115,0.011963,-0.004639,1.292725,0.641174,0.933289,2.023468,-0.027566414730002854,0.01317763679394834,0.04529949307293275,0.4406077171250725,-0.7439504604294229,-5.31512223427022,-0.317,0.331,-0.3934
0.0123,0.004883,0.039307,1.31665,0.183411,0.292419,1.413116,-0.027514533417727256,0.013183746167623082,0.045299007923346776,0.46355261313284146,-0.7442280212320908,-5.293405276531291,-0.317,0.331,-0.3934
0.0121,0.005371,0.044678,1.289795,-0.304871,-0.256897,0.222931,-0.029283369607449403,0.01336061176438115,0.045274530846636345,0.4842713767289334,-0.7515493995597138,-5.2855650033106905,-0.318,0.331,-0.3918
0.0121,0.013672,0.034912,1.286865,3.692932,-5.231262,-5.575409,-0.02869171623840937,0.013290208443631803,0.04527734229288518,0.5478614427005714,-0.8227363142975125,-5.35713601049116,-0.317,0.331,-0.3999
0.0121,0.543457,0.222656,1.450195,0.000305,1.848816,-6.796112,-0.03257130763094647,0.012717601474081132,0.0450673088789754,0.649646782859562,-1.052764842301671,-5.71195529955554,-0.317,0.331,-0.3966
0.0121,0.044189,0.001465,1.292725,1.221008,3.100037,-6.246796,-0.03342640803849698,0.01271568679077939,0.04504049041022126,0.6624955078721133,-1.038804169362561,-5.812295242743501,-0.317,0.331,-0.3934
0.0116,0.021484,-0.083984,1.554199,0.030823,1.268982,-3.439178,-0.03380930124255834,0.012770456431268696,0.04504206975819007,0.6178216624841767,-1.030854514698352,-5.850409662640504,-0.317,0.331,-0.395
0.0122,-0.003174,-0.019531,1.509277,-0.579529,-1.111389,-2.03537,-0.03348687788060397,0.012770004749696187,0.04505418211657903,0.5973380798264689,-1.0391936561977648,-5.866947435805964,-0.317,0.331,-0.3982
0.0122,-0.075195,-0.073242,1.26416,0.213928,1.146912,-1.852264,-0.032316751661058504,0.012881261906185909,0.04511261364835985,0.5528937885922185,-0.9778165613737863,-5.826574801355368,-0.317,0.331,-0.3966
0.0121,-0.012939,-0.026611,1.291016,0.244446,-0.073792,-0.234833,-0.03214845304509695,0.012912006286509452,0.04512461414803627,0.5371507123220608,-0.9696125040472806,-5.816777177221017,-0.317,0.331,-0.3934
0.0115,-0.010742,-0.04834,1.395264,0.366516,-0.47052,1.321564,-0.03195177165878631,0.012938636382687359,0.04513835702198239,0.5116233977807289,-0.9672674830768517,-5.789868234795108,-0.317,0.331,-0.3934
0.0123,-0.0354,-0.039307,1.303955,1.434631,0.53656,4.525909,-0.031494339085981427,0.013000174030827273,0.04516450089277178,0.5025954603850982,-0.939052712368946,-5.704609034205381,-0.317,0.331,-0.3934
0.0119,0.005371,-0.061035,1.283691,-0.030212,1.391052,6.875763,-0.03151487527826331,0.012997862374299384,0.045168599707739836,0.46223244152638787,-0.9257022358998958,-5.625878025355472,-0.317,0.331,-0.3934
0.012,-0.01123,-0.057129,1.345459,0.122375,-1.172424,9.591827,-0.03133688163761165,0.013022051060854325,0.04518193951162536,0.4273046712411672,-0.9329660465959462,-5.500377071838736,-0.317,0.331,-0.3918
0.0115,-0.00415,-0.023682,1.313232,1.129456,-0.012756,12.033234,-0.03125594024104504,0.013032348450733427,0.045187870881840154,0.4224590297353672,-0.9306781334150505,-5.357386857937273,-0.317,0.331,-0.3901
0.0124,0.009521,-0.070312,1.268311,-0.549011,-0.226379,18.777618,-0.03131839442364883,0.013014376392003897,0.04518881978680958,0.36816346244124176,-0.9402120332640798,-5.133445282388353,-0.316,0.331,-0.3869
0.0123,0.031494,-0.097412,1.362549,-0.274353,3.954529,20.39505,-0.031582169858368994,0.012954522082996465,0.04517889530257673,0.30526260337358135,-0.9099941709890789,-4.90964602954787,-0.316,0.331,-0.3853
0.0121,-0.026123,-0.034424,1.369873,1.770325,0.750183,15.573273,-0.031039131898228146,0.012990193075691893,0.04520258242170525,0.3037745307577187,-0.8861665612290005,-4.696481734352409,-0.316,0.33,-0.3837
0.0122,-0.039307,0.019287,1.216553,2.167053,-0.409485,16.519318,-0.03022236544539548,0.01305050773224574,0.04523386984567006,0.33878517652419327,-0.8674185372748953,-4.454615099568559,-0.316,0.33,-0.3804
0.0112,0.042969,-0.043701,1.378174,0.976868,1.66571,19.357452,-0.03052085946353803,0.01295576691520827,0.045213372961596394,0.3212888337655075,-0.8734718382669756,-4.276487853328467,-0.315,0.33,-0.3772
0.0123,0.010742,-0.014648,1.302734,1.70929,-0.806213,17.007599,-0.030366672050667756,0.012914929436257704,0.045212096065128424,0.3297392881679992,-0.890486555469818,-4.077199280250703,-0.315,0.33,-0.3756
0.0123,0.027588,0.078613,1.235107,1.800842,2.062439,13.070831,-0.030479478234748943,0.01283859020454122,0.04519103413711897,0.39710234341847245,-0.8833890249657792,-3.9417918673186643,-0.315,0.33,-0.3723
0.012,-0.010742,0.048828,1.369873,0.488586,1.024841,10.720978,-0.03009497818916128,0.012838443748384692,0.04519823660125855,0.4266582473841408,-0.8651762584751314,-3.802965071126225,-0.315,0.33,-0.3691
0.0112,0.004639,0.053711,1.24585,0.274963,-0.59259,9.530792,-0.0299545111901257,0.012812941501036396,0.04519399831634158,0.45938858908902847,-0.875507411498606,-3.6999744838207724,-0.315,0.33,-0.3675
0.0122,-0.004883,0.051514,1.315918,-0.121765,-1.111389,11.300812,-0.02968144516422027,0.012804912305189101,0.045196503809545284,0.4836172541418873,-0.8866937253353416,-3.5573894432301336,-0.315,0.33,-0.3642
0.0124,-0.010498,-0.016846,1.264648,-0.762634,-0.501038,13.955841,-0.029366880793617125,0.012811888216666994,0.045207192229175186,0.459235685592787,-0.8876695924888347,-3.3760422816488065,-0.314,0.33,-0.361
0.0123,-0.006348,-0.039307,1.368408,-0.243835,1.909851,11.483917,-0.029096013225830636,0.012812988490824696,0.04521699434978852,0.43003109218552577,-0.8610641288573213,-3.229989685476745,-0.315,0.33,-0.3561
0.0113,-0.048828,-0.014404,1.303467,1.037903,-0.073792,8.55423,-0.028487696873998568,0.012887219135853145,0.04524597899807091,0.43008991441794414,-0.8336317509561483,-3.095806041082856,-0.315,0.33,-0.3529
0.0121,-0.039307,0.001221,1.319824,1.892395,1.482605,5.8992,-0.028191460519535902,0.012954188040899255,0.04526516162225428,0.4507218693744872,-0.7934986812553803,-2.9947331453670762,-0.315,0.33,-0.3497
0.0122,-0.026367,0.033203,1.340576,1.495667,-1.59967,3.305206,-0.028092119902974277,0.013006834580693578,0.04527539399562256,0.48514900990263304,-0.7982459498534563,-2.932715337203747,-0.315,0.33,-0.3481
0.012,-0.016357,0.041504,1.236328,1.495667,-0.409485,1.809845,-0.028077018842402542,0.01304419332111357,0.04528020007995019,0.5261060092661929,-0.7940231371922865,-2.895675790165207,-0.315,0.33,-0.3481
0.0123,-0.02002,0.045166,1.341553,1.098938,-0.317932,1.565704,-0.02795973499586444,0.013081360496693617,0.045287492419753494,0.5621499304567192,-0.7868207316737245,-2.859157480717989,-0.315,0.33,-0.3481
0.0121,-0.003906,0.014893,1.255615,-0.854187,-0.47052,2.572784,-0.028017925542915455,0.013091199833512231,0.04528735746867364,0.5575762356107103,-0.7912411690427105,-2.825115389271549,-0.315,0.33,-0.3481
0.0111,0.019287,0.004883,1.306885,-1.372986,0.322937,3.579865,-0.028256939013502888,0.013067374678811739,0.04527727567725783,0.5417334139005466,-0.7998545003905226,-2.7984117861190927,-0.315,0.33,-0.3481
0.0122,0.024902,0.013428,1.280029,-0.793152,0.170349,2.847443,-0.028541180032049977,0.01303672938151093,0.04526426680824454,0.5368303963635777,-0.8135852784195087,-2.7796799096122125,-0.315,0.33,-0.3481
0.0121,0.023682,0.017334,1.318604,-0.701599,0.353455,0.100861,-0.02877198692340366,0.01300877150653435,0.04525279710884415,0.5355643577974952,-0.8232797872777436,-2.7923731354355454,-0.315,0.33,-0.3481
0.0121,0.026611,-0.009033,1.30835,0.702209,-0.317932,-2.554169,-0.029049111113819547,0.012976232793664451,0.04524092140542125,0.5363023776607291,-0.8425192260453678,-2.8407086123698035,-0.315,0.33,-0.3481
0.0122,0.020264,-0.019043,1.312744,1.95343,0.017761,-3.805389,-0.02925285080849137,0.012951999222579566,0.045232940944250205,0.5466321119080038,-0.8536104750335642,-2.9005788190142776,-0.315,0.33,-0.3481
0.012,0.025635,-0.0271,1.304199,1.06842,0.597595,-3.072968,-0.029503859953185208,0.01292136200253271,0.04522307555158336,0.5410584471575455,-0.8610815383218052,-2.954342488863855,-0.315,0.33,-0.3481
0.0114,-0.007568,0.005615,1.318359,0.702209,0.689148,-1.669159,-0.029441213490027478,0.012932289754889156,0.045226608964523345,0.5496130645484569,-0.8484031511179112,-2.968181286669525,-0.315,0.33,-0.3481
0.0122,-0.001465,0.00708,1.301758,0.213928,0.597595,-0.509491,-0.02944621078077946,0.01293503292976522,0.04522687943231324,0.5534802973290267,-0.8401829987651935,-2.9733564495596116,-0.315,0.33,-0.3481
0.0122,-0.008057,0.013672,1.300537,-0.915222,0.902771,-0.387421,-0.02938826329614617,0.012945216292589401,0.045229684759552524,0.5475324187087075,-0.8244990385270675,-2.972897476454957,-0.315,0.33,-0.3481
0.012,-0.016357,0.000488,1.299072,-0.884705,0.170349,-1.211395,-0.02925146608733982,0.012965640873240423,0.045237090860912745,0.5345979414113978,-0.8128739333127663,-2.9776338856632196,-0.315,0.33,-0.3481
0.0121,-0.018066,0.016846,1.323242,0.244446,0.261902,-2.92038,-0.02910248508568479,0.012987333215417726,0.045244131719498745,0.5449052904795383,-0.7990879410906283,-3.001900470629616,-0.315,0.33,-0.3481
0.0122,-0.013184,0.001465,1.291992,-0.304871,-0.287415,-2.92038,-0.029002253515493955,0.013002648486486282,0.04524964076028933,0.5397019609106596,-0.7948984860639217,-3.0302677231310056,-0.315,0.33,-0.3481
0.0122,-0.006348,-0.020752,1.313477,0.244446,-0.256897,-1.730194,-0.028969945295708344,0.013009068012831875,0.04525304174740582,0.5279914993870205,-0.7945037947731586,-3.049360967104096,-0.315,0.33,-0.3481
0.0121,-0.005127,-0.034912,1.318359,0.885315,-0.073792,-1.02829,-0.028954148236795627,0.013013549858926944,0.0452564156827388,0.5157625338706904,-0.7926764498722609,-3.0612510664999992,-0.315,0.33,-0.3481
0.0121,-0.008789,-0.061523,1.32251,0.183411,0.170349,0.558624,-0.02892110625177247,0.013021101053007546,0.045262136584896216,0.47971036159508096,-0.7859937875125393,-3.0532579579890036,-0.315,0.33,-0.3481
0.0111,-0.011475,-0.047852,1.304443,0.732727,0.750183,2.053986,-0.028855029134358015,0.013031706315766087,0.04526848757722925,0.4572442964399231,-0.771779258794378,-3.026915068139261,-0.315,0.33,-0.3481
0.0124,-0.009033,-0.016113,1.324463,0.732727,0.170349,3.030548,-0.028798198221761846,0.013041382222994191,0.04527273736869736,0.4544022928541326,-0.7653305679466947,-2.985336692402515,-0.315,0.33,-0.3481
0.0121,-0.016846,0.000732,1.312256,0.091858,0.41449,2.786407,-0.02865432907429181,0.013062873076780532,0.045280502462472894,0.4535055924499511,-0.7514926265933971,-2.9411864646727524,-0.315,0.33,-0.3481
0.0122,-0.01416,0.001953,1.307617,0.397034,-0.043274,1.840363,-0.028532697279635873,0.013080050694917985,0.045286837296707357,0.45718728975218526,-0.7447673059487218,-2.9102844321568093,-0.315,0.33,-0.3481
0.0122,0.00415,0.010254,1.309814,0.488586,0.048279,0.74173,-0.028581052958866943,0.013073072515338796,0.045283985807161475,0.4669320890564179,-0.7476315046828788,-2.904469851396347,-0.315,0.33,-0.3481
0.012,0.006836,-0.001709,1.313965,-0.030212,-0.317932,0.589142,-0.028670298669247907,0.013061747099486291,0.04527990290740901,0.4633545882567121,-0.7563497784205626,-2.9033465320612826,-0.315,0.33,-0.3481
0.0112,0.010986,0.002197,1.304932,0.305481,0.017761,0.589142,-0.028794564596415974,0.01304528880318834,0.04527377489266425,0.4658621516108155,-0.7635169278267734,-2.9050524070972448,-0.315,0.33,-0.3481
0.0122,0.015869,0.007568,1.318359,0.091858,0.109314,0.467072,-0.028955926961824086,0.013023535730378767,0.04526545589022778,0.46914409999378887,-0.7721615141318745,-2.91009622868737,-0.315,0.33,-0.3481
0.0126,0.007324,-0.001953,1.307617,0.030823,-0.012756,0.222931,-0.029043496368531704,0.013012473052340595,0.045261455278494636,0.4662075700356829,-0.7773190696656977,-2.913065208040596,-0.315,0.33,-0.3481
0.0111,0.011963,-0.01001,1.311523,0.458069,0.200867,-0.448456,-0.02916896196507628,0.012995004468501619,0.04525566179430804,0.46336352013521914,-0.7826612400227099,-2.9270435617357684,-0.315,0.33,-0.3481
0.0119,0.007568,-0.008057,1.32666,0.702209,0.139832,-0.845184,-0.029248600181544182,0.012983977384663796,0.045252132905585614,0.46501818908993486,-0.785747211114324,-2.9428731617261077,-0.315,0.33,-0.3481
0.0123,0.002686,-0.013916,1.309082,0.366516,0.322937,-0.540009,-0.029286254635710583,0.012979044186444013,0.045251083534121016,0.4593575621545286,-0.7838642493759952,-2.9524564442805334,-0.315,0.33,-0.3481
0.0122,0.002441,-0.006592,1.312012,0.519104,0.53656,-0.02121,-0.029320043312253723,0.01297447985520192,0.045249844851458366,0.4597466488162439,-0.7793374360946006,-2.9552207739273046,-0.315,0.33,-0.3481
0.0122,0.00415,0.000732,1.306396,0.335999,0.506042,-0.326385,-0.02936943872232113,0.01296751715593586,0.045247409337300634,0.4622464209216655,-0.7762418934611517,-2.9626592916662107,-0.315,0.33,-0.3481
0.0121,0.000977,-0.006104,1.311279,0.244446,0.170349,-0.723114,-0.029395068566638306,0.012965267148060929,0.045246792896947594,0.459661173539737,-0.7753137790253456,-2.972950115667329,-0.315,0.33,-0.3481
0.012,-0.001953,-0.003906,1.305664,0.366516,0.139832,-1.089325,-0.029394071866480333,0.012966748949506801,0.045247452399192804,0.45987019565503684,-0.7730575271973696,-2.98566517079757,-0.315,0.33,-0.3481
0.0113,0.000977,0.000488,1.307617,0.244446,0.109314,-0.784149,-0.02941370646943691,0.012964018195095158,0.04524657385454986,0.4609691025140588,-0.773001831804048,-2.9959481915229293,-0.315,0.33,-0.3481
0.0123,-0.005371,-0.004395,1.314453,-0.213318,0.65863,1.107941,-0.02937673309086221,0.012969473674364228,0.04524890020940692,0.45357632530686076,-0.7625818727863561,-2.9798115232279594,-0.315,0.33,-0.3481
0.0122,-0.054443,-0.020752,1.291504,0.122375,-0.134827,2.023468,-0.02890285464803882,0.013038913758933584,0.0452752437245463,0.44056465833116615,-0.7329815668792846,-2.9219687870022315,-0.315,0.33,-0.3481
0.0122,-0.016113,-0.035156,1.317627,0.000305,0.048279,2.511749,-0.028810550430631656,0.013055262380908216,0.04528237973006984,0.41795137331181165,-0.7242831351513891,-2.88463929219282,-0.316,0.33,-0.3464
0.0113,-0.016602,-0.033203,1.311768,0.854797,-0.378967,2.664337,-0.0287133985934609,0.01307208068416596,0.045289631759329256,0.4062218842478788,-0.7202015340279964,-2.8475562167858453,-0.316,0.33,-0.3464
0.0124,-0.009033,-0.030029,1.30835,0.610657,1.024841,3.854523,-0.028698588429699908,0.01307842799593991,0.04529265393673519,0.3941225452573874,-0.7038967092179754,-2.797848260313338,-0.316,0.33,-0.3464
0.0121,-0.014893,-0.025391,1.324463,0.580139,0.231384,5.53299,-0.028611597161900832,0.013092574521618834,0.04529874842037017,0.3842344492450481,-0.6942452508485503,-2.7247617760680733,-0.316,0.33,-0.3448
0.0121,-0.022461,-0.033447,1.30542,0.793762,-0.134827,5.929718,-0.028461706175235794,0.013115892144123828,0.04530854445608824,0.37207939895239134,-0.6846553779519657,-2.6426018712620567,-0.316,0.33,-0.3416
0.012,0.012939,-0.00708,1.318848,0.854797,-0.501038,5.990753,-0.0286335427998458,0.013092549353722152,0.045300052691264144,0.37611375497589744,-0.7001283880884266,-2.5825607737609553,-0.316,0.33,-0.3416
0.0122,0.027344,-0.028564,1.30957,0.854797,-0.226379,5.075226,-0.028972644750634942,0.013045583281954114,0.04528357241917111,0.3678369854051336,-0.7207319223466608,-2.5445594660078514,-0.316,0.33,-0.3416
0.0121,0.03418,0.015137,1.324707,0.702209,-0.226379,4.464874,-0.029332951279216823,0.012994621444453541,0.04526399496808472,0.38315522444833705,-0.7446877107027505,-2.515219775468348,-0.316,0.33,-0.34
0.012,0.033691,0.016113,1.293945,0.732727,-0.47052,4.89212,-0.029693290326392695,0.012943514911166784,0.04524431182252122,0.39937442065459655,-0.7716943593820144,-2.481146866574491,-0.316,0.33,-0.34
0.0113,0.041992,0.015137,1.318115,0.244446,-0.836731,5.77713,-0.03011980411927422,0.012882705105289669,0.045221075270505985,0.40854120511098313,-0.8065071284380392,-2.445136423511853,-0.316,0.33,-0.3367
0.0121,0.048828,-0.043213,1.301514,0.091858,-0.409485,8.340607,-0.03059565151868091,0.012815972037544284,0.04519771378662169,0.381452092784846,-0.8411989876723684,-2.3777749877183982,-0.316,0.33,-0.3367
0.0122,0.02832,-0.04126,1.328857,-0.671082,-0.317932,11.728058,-0.03085248007542082,0.012780706304682622,0.04518591540685674,0.34631878711031217,-0.8621232630921359,-2.2527480299515927,-0.315,0.33,-0.3335
0.0116,0.023193,-0.089111,1.291992,-0.274353,1.940369,14.169464,-0.030916236983787364,0.012753878023650697,0.04518228831279202,0.2875076558487777,-0.8543869569688135,-2.10108730300623,-0.315,0.33,-0.3319
0.0127,0.001709,-0.033203,1.373291,0.641174,0.963806,10.934601,-0.030741693464829394,0.012752069643194775,0.045187112434421875,0.274684938030625,-0.8433196181836671,-1.960931233958725,-0.315,0.33,-0.3302
0.0115,-0.014648,0.003418,1.26123,1.861877,-0.226379,9.225616,-0.030358229553647167,0.012768628445401706,0.04519909303498853,0.29638519950057013,-0.837742825030635,-1.8432841727435554,-0.315,0.33,-0.327
0.0122,-0.009277,-0.006592,1.334961,1.556702,-0.104309,10.751495,-0.030002149542184938,0.012777340264874032,0.045209004292695656,0.30911515958764657,-0.8341586637210662,-1.7043750846305232,-0.314,0.33,-0.3238
0.0123,-0.01416,-0.032959,1.29834,0.976868,-1.965881,13.7117,-0.029548045117249202,0.012798012018771605,0.045224471719881296,0.29870207045273245,-0.8507001211259154,-1.5230859998357815,-0.314,0.33,-0.3221
0.0114,-0.015137,-0.060059,1.291016,0.580139,2.031921,15.573273,-0.029086444562023972,0.012822545187620289,0.04524179502206996,0.26688893753270543,-0.8196663378853287,-1.3319050153719063,-0.314,0.33,-0.3205
0.0125,-0.036133,0.01416,1.364258,0.519104,-0.012756,13.925323,-0.028699347903963328,0.012882523064146232,0.04526275113383132,0.278641912752523,-0.8000685884372227,-1.1292874073600931,-0.314,0.33,-0.3173
0.0118,-0.050781,0.031738,1.258789,0.519104,-0.226379,11.880646,-0.028133577421633506,0.0129692329100304,0.04529275137688424,0.301980623406561,-0.7731263184239182,-0.9474135957046447,-0.314,0.33,-0.3189
0.0123,-0.020996,0.053467,1.376709,0.427551,-0.287415,10.507355,-0.027662947455679893,0.012999431786210562,0.04530663115636808,0.3345711241613012,-0.7658003711384966,-0.8008455871136189,-0.314,0.33,-0.3189
0.0121,-0.031738,0.039551,1.273193,0.885315,-1.569153,8.279572,-0.027103872723695167,0.01304712771677843,0.045326436401826556,0.3669133618996603,-0.7670009666493413,-0.6757943297369993,-0.314,0.33,-0.3189
0.0115,-0.020996,0.023193,1.334473,1.007385,0.200867,5.288849,-0.026715931085258292,0.013075696052360076,0.04533915241627777,0.3897315779775579,-0.7535772620813979,-0.5998594629097929,-0.314,0.33,-0.3189
0.0122,-0.019775,0.017334,1.322266,1.007385,-0.378967,2.908478,-0.026362628235572328,0.013101686507901451,0.04535073572546927,0.41012084761696266,-0.7476826310657734,-0.550875054808066,-0.314,0.33,-0.3189
0.0121,0.00293,0.022461,1.308594,0.702209,-0.775696,1.718292,-0.02624396060375554,0.013096838144446477,0.04535072602517163,0.4298424070809383,-0.7597478718069367,-0.5311727341964277,-0.314,0.33,-0.3189
0.0117,0.066895,0.047363,1.300537,0.335999,-0.562073,-0.601044,-0.02669453822030415,0.01300805830192016,0.045320224626662464,0.4597675586066384,-0.8062796295043179,-0.5779050065209214,-0.314,0.33,-0.3189
0.0122,0.056885,0.034668,1.300781,-0.030212,0.292419,-1.699677,-0.027076169864858855,0.012932577150938214,0.04529468678678054,0.47794342324823513,-0.8363480886898276,-0.6322903419568512,-0.314,0.33,-0.3189
