dt,acc_x,acc_y,acc_z,gyro_x,gyro_y,gyro_z,fused_x,fused_y,fused_z,roll,pitch,yaw,pose_x,pose_y,pose_yaw
0.354592,-0.01001,-0.008301,1.321289,0.244446,0.170349,0.100861,0.0,0.0,0.0,0.013377475754026294,-0.024526679600833455,0.035787244118350145,1.015,0.005,0.0162
0.012,-0.01416,-0.005127,1.321289,0.244446,0.231384,0.161896,0.0,0.0,0.0,0.008155537936834302,-0.025696362652455004,0.03773529922159405,1.015,0.005,0.0162
0.012,-0.007324,-0.007324,1.315186,0.427551,0.475525,0.161896,0.0,0.0,0.0,-0.013761870713463987,-0.08820469612168895,0.039693863217375294,1.015,0.005,0.0162
0.0152,-0.011475,-0.003906,1.318848,0.305481,0.322937,0.070343,0.0,0.0,0.0,-0.0013932178432795924,-0.0988573864651278,0.04073498604084467,1.015,0.005,0.0162
0.0089,-0.01001,-0.00415,1.317383,0.183411,0.109314,0.222931,0.0,0.0,0.0,0.004087076275428751,-0.11999924887947919,0.04269834790074892,1.015,0.005,0.0162
0.0113,-0.010742,-0.006836,1.31958,0.366516,0.322937,0.131378,0.0,0.0,0.0,-0.006065320516240607,-0.12928510517046568,0.04422938104947311,1.015,0.005,0.0162
0.0124,-0.008301,-0.007568,1.323486,0.366516,0.139832,-0.326385,0.0,0.0,0.0,-0.01745797984126778,-0.15168941676047965,0.040232164833373364,1.015,0.005,0.0162
0.0118,-0.010498,-0.004639,1.321289,0.152893,0.048279,0.314484,0.0,0.0,0.0,-0.013911311971547328,-0.1597194582583679,0.043926253874266026,1.015,0.005,0.0162
0.0123,-0.010742,-0.005615,1.318359,0.427551,0.292419,0.192413,0.0,0.0,0.0,-0.012226015381320537,-0.1624856727655992,0.046304740575717845,1.015,0.005,0.0162
0.0117,-0.007812,-0.002686,1.322754,0.305481,0.200867,-0.02121,0.0,0.0,0.0,0.0007259951365455241,-0.17830046057344365,0.04598672568433871,1.015,0.005,0.0162
0.0117,-0.009033,-0.001465,1.32959,0.244446,0.383972,0.283966,0.0,0.0,0.0,0.01623712240272234,-0.18467050106467484,0.04922326794040551,1.015,0.005,0.0162
0.0119,-0.009033,-0.004883,1.317871,0.152893,0.445007,0.009308,0.0,0.0,0.0,0.01614824551935775,-0.18933746571936255,0.04934521765621587,1.015,0.005,0.0162
0.0121,-0.010498,-0.006348,1.321045,0.366516,-0.012756,-0.112762,0.0,0.0,0.0,0.013479468880289397,-0.192988177001578,0.04802983329113042,1.015,0.005,0.0162
0.0127,-0.008789,-0.003418,1.321289,0.244446,0.109314,0.436554,0.0,0.0,0.0,0.01982924299284754,-0.2004360832874558,0.053544926236446265,1.015,0.005,0.0162
0.0118,-0.01001,-0.005371,1.314209,0.427551,0.139832,0.100861,0.0,0.0,0.0,0.02135164518177599,-0.20298629782367944,0.05476085353244048,1.015,0.005,0.0162
0.0121,-0.011963,-0.006836,1.319092,0.335999,0.506042,0.192413,0.0,0.0,0.0,0.017687148432744212,-0.19507864924848248,0.05715328463730237,1.015,0.005,0.0162
0.0117,-0.01123,-0.006348,1.323486,0.366516,0.139832,-0.112762,0.0,0.0,0.0,0.016208913245554624,-0.19396004457527827,0.05587846668835838,1.015,0.005,0.0162
0.0117,-0.009521,-0.005859,1.323486,0.458069,0.383972,-0.02121,0.0,0.0,0.0,0.01740315992083625,-0.19475396559171437,0.05565687848187052,1.015,0.005,0.0162
0.0122,-0.013672,-0.004883,1.321533,0.152893,0.53656,0.100861,0.0,0.0,0.0,0.017899490682088928,-0.1826449722382994,0.05690875214950048,1.015,0.005,0.0162
0.0122,-0.008789,0.001709,1.317627,0.213928,0.200867,0.100861,0.0,0.0,0.0,0.03545938837133914,-0.187317692891247,0.05801649382881568,1.015,0.005,0.0162
0.0118,-0.005859,-0.009277,1.322998,0.274963,-0.043274,0.253448,0.0,0.0,0.0,0.02621647708227679,-0.2012130965337719,0.06109818018971823,0.0,0.0,0.0
0.0123,-0.013184,-0.006836,1.319824,0.335999,0.292419,0.131378,0.0,0.0,0.0,0.024228673720583994,-0.19343036392754767,0.06277676502674184,0.0,0.0,0.0
0.012,-0.011475,-0.00293,1.31665,0.549622,0.231384,0.161896,0.0,0.0,0.0,0.0334979010205499,-0.19066882440256824,0.06469789862798898,0.0,0.0,0.0
0.0124,-0.012695,-0.009766,1.320312,0.458069,0.231384,0.314484,0.0,0.0,0.0,0.02694320621146537,-0.1853203526687839,0.0687070932381245,0.0,0.0,0.0
0.012,-0.010986,-0.006104,1.320312,0.397034,0.231384,0.161896,0.0,0.0,0.0,0.02766249598540482,-0.18383732381809714,0.07068118474316845,0.0,0.0,0.0
0.0119,-0.011475,-0.008301,1.317139,0.397034,0.078796,0.009308,0.0,0.0,0.0,0.024090973640400446,-0.1831859732024696,0.0708604843374723,0.0,0.0,0.0
0.0118,-0.013672,-0.006592,1.319092,0.366516,0.292419,-0.02121,0.0,0.0,0.0,0.023808138601413172,-0.1758975081072909,0.0706629408520122,0.0,0.0,0.0
0.0115,-0.012695,-0.003418,1.322266,0.183411,0.383972,0.314484,0.0,0.0,0.0,0.027419214033085632,-0.16984550367784204,0.07427593061350146,0.0,0.0,0.0
0.0121,-0.007812,-0.006104,1.324219,0.213928,0.322937,0.009308,0.0,0.0,0.0,0.02650967958789381,-0.1733024904930165,0.0743900113933297,0.0,0.0,0.0
0.012,-0.01001,-0.003906,1.313721,0.458069,0.017761,0.161896,0.0,0.0,0.0,0.032390756926125155,-0.17624892803275194,0.07631712556530883,0.0,0.0,0.0
0.012,-0.010742,-0.007568,1.313477,0.000305,0.078796,0.192413,0.0,0.0,0.0,0.026479967343195205,-0.1770564561306825,0.07867045669224085,0.0,0.0,0.0
0.0124,-0.008545,-0.009521,1.314209,0.244446,0.41449,0.283966,0.0,0.0,0.0,0.02057926075874118,-0.17738581138034618,0.08224746191006833,0.0,0.0,0.0
0.0114,-0.010742,-0.005859,1.314941,0.213928,0.353455,0.161896,0.0,0.0,0.0,0.020461265327742284,-0.1750680019578858,0.08410904221138307,0.0,0.0,0.0
0.0127,-0.008789,-0.004395,1.316895,0.335999,0.292419,0.222931,0.0,0.0,0.0,0.02450107134778079,-0.17616129181945936,0.08691753656032195,0.0,0.0,0.0
0.0112,-0.01001,-0.003418,1.320801,0.366516,0.170349,0.131378,0.0,0.0,0.0,0.029782644099635245,-0.1769556214927553,0.08836355412209491,0.0,0.0,0.0
0.0125,-0.012939,-0.007812,1.313477,0.152893,-0.043274,0.070343,0.0,0.0,0.0,0.026128711108942736,-0.17566162348588096,0.08930814657108833,0.0,0.0,0.0
0.0126,-0.012451,-0.005859,1.313477,0.213928,0.139832,0.070343,0.0,0.0,0.0,0.02634561595498785,-0.17292195979483127,0.09022522630979476,0.0,0.0,0.0
0.0112,-0.008545,-0.007568,1.321045,0.549622,-0.012756,0.222931,0.0,0.0,0.0,0.027531876532950875,-0.1777246955587812,0.09274149820950019,0.0,0.0,0.0
0.0123,-0.009766,-0.004883,1.317627,0.488586,0.261902,0.161896,0.0,0.0,0.0,0.03242832962068282,-0.17732951418804094,0.09472708136431558,0.0,0.0,0.0
0.0115,-0.006836,-0.003174,1.322754,0.274963,0.078796,0.161896,0.0,0.0,0.0,0.03680222522404971,-0.1831463350297509,0.0965315013310384,0.0,0.0,0.0
0.0128,-0.01123,-0.001953,1.314941,0.244446,0.475525,0.222931,0.0,0.0,0.0,0.04267994925465672,-0.17773904940195018,0.09935383013391927,0.0,0.0,0.0
0.0115,-0.010742,-0.007568,1.325439,0.305481,0.200867,0.009308,0.0,0.0,0.0,0.0413073510461685,-0.17673768890375038,0.09950929562666902,0.0,0.0,0.0
0.0124,-0.008301,-0.00415,1.318604,0.335999,0.353455,0.283966,0.0,0.0,0.0,0.045116213024160856,-0.1769191388966611,0.10300695130813853,0.0,0.0,0.0
0.0115,-0.008789,-0.004395,1.318848,0.458069,0.170349,0.070343,0.0,0.0,0.0,0.049615351027132576,-0.17875235408976928,0.1038009815316402,0.0,0.0,0.0
0.0121,-0.008789,-0.004639,1.32251,0.397034,0.292419,0.161896,0.0,0.0,0.0,0.053263727467815485,-0.17891295744749347,0.1057520383715309,0.0,0.0,0.0
0.0118,-0.010498,-0.008545,1.317871,0.091858,0.139832,0.039825,0.0,0.0,0.0,0.048400882046753614,-0.1787690169534971,0.10628867025178405,0.0,0.0,0.0
0.0128,-0.010986,-0.002686,1.311035,0.671692,0.017761,0.100861,0.0,0.0,0.0,0.05820975758974321,-0.17942857125453623,0.1075574871084424,0.0,0.0,0.0
0.0116,-0.007568,-0.005127,1.316162,0.030823,0.139832,0.131378,0.0,0.0,0.0,0.056798821018723154,-0.18275887658532344,0.1090690528921993,0.0,0.0,0.0
0.0124,-0.008057,-0.008301,1.321045,0.366516,0.292419,-0.082245,0.0,0.0,0.0,0.05583649837501598,-0.18337233576173673,0.10809532727891595,0.0,0.0,0.0
0.0118,-0.009766,-0.006836,1.317383,0.335999,0.475525,0.039825,0.0,0.0,0.0,0.05609060729482231,-0.1800098467397328,0.10860428294498421,0.0,0.0,0.0
0.0114,-0.005127,-0.008301,1.320312,0.366516,0.078796,0.314484,0.0,0.0,0.0,0.05494013936752147,-0.1865533453636808,0.11220114423742097,0.0,0.0,0.0
0.0123,-0.010498,-0.006592,1.31958,0.488586,0.353455,0.039825,0.0,0.0,0.0,0.057604723599474134,-0.18346857454436247,0.11273472697693392,0.0,0.0,0.0
0.0121,-0.010498,-0.006348,1.319092,0.488586,0.292419,-0.02121,0.0,0.0,0.0,0.06043973422762698,-0.1812209900584378,0.11251648476263362,0.0,0.0,0.0
0.0123,-0.010254,-0.006592,1.31958,0.397034,0.261902,0.100861,0.0,0.0,0.0,0.061984407166456396,-0.17957537770400123,0.11379609856965958,0.0,0.0,0.0
0.0121,-0.007568,-0.006104,1.31665,0.122375,0.353455,-0.082245,0.0,0.0,0.0,0.060734957416213514,-0.17980158888723183,0.11279994199316748,0.0,0.0,0.0
0.0113,-0.009766,-0.007324,1.31958,0.274963,0.048279,-0.082245,0.0,0.0,0.0,0.05985583179151881,-0.18127836146322943,0.11191373948938077,0.0,0.0,0.0
0.0121,-0.005615,-0.005615,1.317383,0.427551,0.139832,0.222931,0.0,0.0,0.0,0.06284414919460712,-0.1859294781172723,0.1145752982808004,0.0,0.0,0.0
0.0119,-0.01001,-0.004639,1.319824,0.458069,0.048279,0.131378,0.0,0.0,0.0,0.06708832440691928,-0.1869624595503547,0.11614129926623587,0.0,0.0,0.0
0.012,-0.009521,-0.006592,1.317383,0.488586,0.353455,0.161896,0.0,0.0,0.0,0.06968260455711603,-0.18486495338196735,0.11812107700084135,0.0,0.0,0.0
0.0121,-0.009033,-0.003174,1.322021,0.274963,0.567078,0.161896,0.0,0.0,0.0,0.07321583925880235,-0.18067711900144579,0.12005146827293116,0.0,0.0,0.0
0.0118,-0.011719,-0.007324,1.317871,0.458069,0.475525,-0.173798,0.0,0.0,0.0,0.07461479984975684,-0.1751023234484684,0.11808019225137208,0.0,0.0,0.0
0.0127,-0.009766,-0.009033,1.320068,0.305481,0.506042,0.039825,0.0,0.0,0.0,0.07285277551844525,-0.17074028290362914,0.11866884664110529,0.0,0.0,0.0
0.0122,-0.010254,-0.002441,1.32373,0.397034,0.231384,0.100861,0.0,0.0,0.0,0.0785241257124503,-0.16948649914836883,0.11986642111367847,0.0,0.0,0.0
0.0115,-0.010254,-0.006592,1.31958,0.397034,0.292419,0.314484,0.0,0.0,0.0,0.07982978651258328,-0.1677232114903416,0.12352549571501312,0.0,0.0,0.0
0.0119,-0.010986,-0.008057,1.323242,0.366516,0.170349,0.039825,0.0,0.0,0.0,0.07957473676617197,-0.1665758421073775,0.12407503095190742,0.0,0.0,0.0
0.0118,-0.010986,-0.006592,1.320557,0.152893,0.261902,0.467072,0.0,0.0,0.0,0.07821392202823205,-0.16440730643656237,0.129635455938028,0.0,0.0,0.0
0.0128,-0.009033,-0.005371,1.319092,0.397034,-0.073792,0.222931,0.0,0.0,0.0,0.08127082803083199,-0.16805185038081005,0.13248420734115884,0.0,0.0,0.0
0.011,-0.009277,-0.007812,1.31543,0.397034,0.445007,0.314484,0.0,0.0,0.0,0.08134057928874386,-0.16565406097228338,0.13599317607827588,0.0,0.0,0.0
0.0122,-0.01123,-0.008301,1.322754,0.030823,0.322937,0.314484,0.0,0.0,0.0,0.07709493230824964,-0.16240790063055974,0.13991276246226067,0.0,0.0,0.0
0.0121,-0.009766,-0.003418,1.318848,0.335999,0.292419,0.131378,0.0,0.0,0.0,0.08099751787613718,-0.16093101445106406,0.14147584802957652,0.0,0.0,0.0
0.0121,-0.008057,-0.007568,1.314941,0.641174,0.170349,0.222931,0.0,0.0,0.0,0.08474958588472853,-0.1624608575101827,0.14419411889371192,0.0,0.0,0.0
0.0122,-0.009277,-0.007324,1.315674,0.427551,0.048279,0.222931,0.0,0.0,0.0,0.08619435542514667,-0.16429552068989176,0.14694812951573757,0.0,0.0,0.0
0.0121,-0.009277,-0.006592,1.321045,0.397034,0.261902,0.161896,0.0,0.0,0.0,0.0878978553329656,-0.16351909067106876,0.1489320898038168,0.0,0.0,0.0
0.0121,-0.00708,-0.006104,1.318115,0.274963,0.41449,0.131378,0.0,0.0,0.0,0.08857042019996603,-0.16284116470701226,0.15050481046325342,0.0,0.0,0.0
0.0115,-0.008301,-0.006348,1.314697,0.213928,0.261902,0.253448,0.0,0.0,0.0,0.08818541027274165,-0.16306908970188005,0.15342413709191546,0.0,0.0,0.0
0.0119,-0.006836,-0.005127,1.322021,0.366516,0.322937,-0.02121,0.0,0.0,0.0,0.09076137008613908,-0.16366147768345188,0.15313204862743798,0.0,0.0,0.0
0.0118,-0.006348,-0.001709,1.318115,0.244446,0.383972,0.039825,0.0,0.0,0.0,0.09475634606531062,-0.1639650825649555,0.15349109707131098,0.0,0.0,0.0
0.0126,-0.009521,-0.008301,1.31543,0.213928,-0.043274,0.039825,0.0,0.0,0.0,0.09293687103294514,-0.16656462811795314,0.15405831106410126,0.0,0.0,0.0
0.0123,-0.015137,-0.004395,1.321533,0.488586,0.078796,0.100861,0.0,0.0,0.0,0.09771218022321441,-0.16291444381358008,0.15538218603952922,0.0,0.0,0.0
0.0118,-0.010498,-0.01001,1.320801,0.335999,0.200867,0.131378,0.0,0.0,0.0,0.09576343605168831,-0.16180090596677937,0.15704655116400337,0.0,0.0,0.0
0.012,-0.009277,-0.00708,1.321289,0.213928,0.231384,0.314484,0.0,0.0,0.0,0.0949127477923199,-0.16129879366099542,0.16085594766416084,0.0,0.0,0.0
0.0113,-0.006104,-0.006104,1.317139,0.366516,0.170349,0.131378,0.0,0.0,0.0,0.09645162782326461,-0.16422763435296714,0.16230080427362242,0.0,0.0,0.0
0.0127,-0.01123,-0.005615,1.31665,0.335999,0.231384,0.192413,0.0,0.0,0.0,0.09850212702048855,-0.16192528414655968,0.16478891335667714,0.0,0.0,0.0
0.0124,-0.006836,-0.00708,1.314453,0.427551,0.109314,0.192413,0.0,0.0,0.0,0.10037217815406095,-0.164768486427514,0.16716749799409258,0.0,0.0,0.0
0.0116,-0.008789,-0.007812,1.323486,0.305481,0.231384,0.009308,0.0,0.0,0.0,0.09994404379693082,-0.16462627998194815,0.16732131496961278,0.0,0.0,0.0
0.0122,-0.013428,-0.011719,1.320801,0.335999,0.231384,0.161896,0.0,0.0,0.0,0.09698665258019523,-0.1606667057984923,0.16950420330554003,0.0,0.0,0.0
0.012,-0.008545,-0.007324,1.323486,0.183411,0.383972,0.100861,0.0,0.0,0.0,0.09571562422884443,-0.15884664395296097,0.17073972179859745,0.0,0.0,0.0
0.0118,-0.013184,-0.001709,1.323242,0.274963,0.41449,0.192413,0.0,0.0,0.0,0.09989737636032713,-0.15313264392629852,0.173015610809059,0.0,0.0,0.0
0.0122,-0.008301,-0.004883,1.318848,0.580139,0.200867,0.345001,0.0,0.0,0.0,0.10532500381417685,-0.15372202195446796,0.17719493608851128,0.0,0.0,0.0
0.0113,-0.011719,-0.011963,1.315674,0.366516,0.41449,0.039825,0.0,0.0,0.0,0.10231402731301265,-0.14943577632755273,0.17782240321972428,0.0,0.0,0.0
0.012,-0.00708,-0.009033,1.330078,0.366516,0.353455,0.253448,0.0,0.0,0.0,0.10192849707980665,-0.1491565780975973,0.18088722071345628,0.0,0.0,0.0
0.0123,-0.010498,-0.007568,1.323486,0.305481,0.353455,0.436554,0.0,0.0,0.0,0.10203637522336872,-0.14618431036368143,0.1863206584098455,0.0,0.0,0.0
0.0121,-0.007324,-0.008545,1.320801,0.091858,0.200867,0.222931,0.0,0.0,0.0,0.09881466201505296,-0.14754693498559784,0.1890294045584147,0.0,0.0,0.0
0.0121,-0.011963,-0.005615,1.318115,0.458069,-0.073792,0.161896,0.0,0.0,0.0,0.10224343814907286,-0.14864951198664128,0.19103631044482713,0.0,0.0,0.0
0.0115,-0.009033,-0.003174,1.323486,0.366516,0.078796,0.070343,0.0,0.0,0.0,0.1061623355407817,-0.1501435654767355,0.1917866405639459,0.0,0.0,0.0
0.0128,-0.015381,-0.006348,1.323242,0.183411,0.506042,0.222931,0.0,0.0,0.0,0.10581647491596395,-0.14138306425482258,0.1947873496934653,0.0,0.0,0.0
0.0112,-0.008057,-0.004883,1.32373,0.580139,0.445007,0.161896,0.0,0.0,0.0,0.1106750973415788,-0.13964904515212823,0.19655925580501726,0.0,0.0,0.0
0.0122,-0.009277,-0.00415,1.324951,0.152893,0.231384,0.039825,0.0,0.0,0.0,0.1114493762465648,-0.13914921009493866,0.19701253330679486,0.0,0.0,0.0
0.012,-0.011475,-0.00415,1.320312,0.274963,0.445007,0.009308,0.0,0.0,0.0,0.11363654761630843,-0.13455846738878025,0.19714259794678904,0.0,0.0,0.0
0.0127,-0.011719,-0.004883,1.31665,0.397034,0.353455,0.100861,0.0,0.0,0.0,0.11697970383729664,-0.13069541146809305,0.1984592575407801,0.0,0.0,0.0
0.0111,-0.005371,-0.00708,1.320801,0.335999,0.109314,0.314484,0.0,0.0,0.0,0.11739190790651736,-0.13472601972634982,0.20188841103472419,0.0,0.0,0.0
0.0127,-0.01001,-0.007812,1.317871,0.305481,0.292419,-0.112762,0.0,0.0,0.0,0.11743498920983184,-0.13285328765354787,0.20051438904775742,0.0,0.0,0.0
0.0118,-0.012207,-0.004883,1.317383,0.274963,0.109314,0.100861,0.0,0.0,0.0,0.11897980312462224,-0.13180648481364246,0.20174650043506298,0.0,0.0,0.0
0.0118,-0.008057,-0.003174,1.318848,0.610657,0.261902,0.222931,0.0,0.0,0.0,0.1256478468401567,-0.1319772518129796,0.2043002640203257,0.0,0.0,0.0
0.012,-0.008789,-0.007324,1.316406,0.397034,0.41449,0.222931,0.0,0.0,0.0,0.1268510864948189,-0.12975725343316935,0.20700279026895602,0.0,0.0,0.0
0.0121,-0.009277,-0.005127,1.322021,0.274963,0.353455,0.222931,0.0,0.0,0.0,0.1282038848108839,-0.1278767408212717,0.20969223158271916,0.0,0.0,0.0
0.0123,-0.01123,-0.006592,1.327393,0.458069,0.322937,0.161896,0.0,0.0,0.0,0.13079515490555615,-0.12491763819233333,0.2117479092263594,0.0,0.0,0.0
0.0122,-0.010254,-0.004395,1.31958,0.335999,0.261902,0.009308,0.0,0.0,0.0,0.13339767172635328,-0.12345929512943739,0.21185724615879406,0.0,0.0,0.0
0.011,-0.01001,-0.003662,1.31665,0.366516,0.261902,0.253448,0.0,0.0,0.0,0.13641968952174013,-0.12250535567750058,0.2146206197262912,0.0,0.0,0.0
0.0126,-0.009521,-0.006836,1.314209,0.305481,0.231384,0.100861,0.0,0.0,0.0,0.13700002759973223,-0.12187024325492012,0.21592131201650053,0.0,0.0,0.0
0.0121,-0.011719,-0.002197,1.313721,0.519104,0.231384,0.070343,0.0,0.0,0.0,0.14323711141475226,-0.11980870801225811,0.2167572112704098,0.0,0.0,0.0
0.0123,-0.011963,-0.00415,1.318848,0.183411,0.017761,0.161896,0.0,0.0,0.0,0.1440543181258428,-0.12014418970729178,0.21877336457227195,0.0,0.0,0.0
0.0112,-0.011963,-0.002197,1.327393,0.549622,0.353455,0.192413,0.0,0.0,0.0,0.15005970882950462,-0.11676631355931866,0.22092462877580266,0.0,0.0,0.0
0.0121,-0.008057,-0.008789,1.31958,0.335999,0.170349,0.070343,0.0,0.0,0.0,0.14939741660602768,-0.11800351082494227,0.22181387058447183,0.0,0.0,0.0
0.0126,-0.011475,-0.00708,1.320801,0.244446,0.231384,0.283966,0.0,0.0,0.0,0.1489531933116678,-0.11602827421089051,0.2254724253600403,0.0,0.0,0.0
0.0121,-0.010254,-0.003662,1.322754,0.335999,0.017761,0.314484,0.0,0.0,0.0,0.15183718816822883,-0.11757252451029519,0.22925542296545848,0.0,0.0,0.0
0.0115,-0.007324,-0.003418,1.319092,0.122375,0.292419,0.161896,0.0,0.0,0.0,0.15223747130365428,-0.11798401715645167,0.23103250787790022,0.0,0.0,0.0
0.0122,-0.014648,-0.006836,1.317383,0.427551,0.353455,0.253448,0.0,0.0,0.0,0.15406917549698715,-0.1124633460006555,0.234277345954666,0.0,0.0,0.0
0.0123,-0.011475,-0.008301,1.319092,0.366516,0.200867,-0.02121,0.0,0.0,0.0,0.15420430868406176,-0.11097544013128179,0.23411928454774777,0.0,0.0,0.0
0.012,-0.010986,-0.00415,1.321777,0.397034,0.353455,0.100861,0.0,0.0,0.0,0.15740736001633263,-0.10808180572789161,0.235341385105711,0.0,0.0,0.0
0.0111,-0.010254,-0.005371,1.318359,0.244446,0.322937,0.009308,0.0,0.0,0.0,0.15773350969719657,-0.10636285872282433,0.23546143581174028,0.0,0.0,0.0
0.0122,-0.013184,-0.008057,1.323975,0.335999,0.078796,0.375519,0.0,0.0,0.0,0.15762980559610956,-0.10529151629027138,0.24017400117699092,0.0,0.0,0.0
0.0121,-0.010498,-0.005859,1.315674,0.183411,0.353455,-0.112762,0.0,0.0,0.0,0.15715324664570918,-0.1027502109416073,0.23883956916827456,0.0,0.0,0.0
0.0116,-0.01001,-0.006104,1.321289,0.305481,0.261902,0.070343,0.0,0.0,0.0,0.15783696111231219,-0.10177528971745246,0.23967527643443307,0.0,0.0,0.0
0.0128,-0.00708,-0.008545,1.319092,0.274963,0.475525,0.192413,0.0,0.0,0.0,0.15686516236411674,-0.0997564660157788,0.2421429801028908,0.0,0.0,0.0
0.0116,-0.006836,-0.000488,1.318359,0.122375,0.292419,0.345001,0.0,0.0,0.0,0.15918717630418583,-0.10057815350479767,0.24597294230445668,0.0,0.0,0.0
0.0119,-0.01001,-0.006104,1.318604,0.305481,0.292419,-0.051727,0.0,0.0,0.0,0.1599611613808411,-0.09917842451615415,0.2453815830312757,0.0,0.0,0.0
0.0119,-0.011963,-0.005127,1.32373,0.122375,0.109314,0.314484,0.0,0.0,0.0,0.1592190653385979,-0.09865868200430297,0.24916853884879372,0.0,0.0,0.0
0.0124,-0.008057,-0.004395,1.31958,0.549622,0.445007,0.192413,0.0,0.0,0.0,0.1642690838819147,-0.09654736170019214,0.25150082703217697,0.0,0.0,0.0
0.0118,-0.010986,-0.008545,1.316406,0.366516,0.170349,0.070343,0.0,0.0,0.0,0.16407921952072604,-0.09599910691380148,0.25242722301992293,0.0,0.0,0.0
0.0121,-0.01123,-0.005859,1.325439,0.244446,0.078796,0.131378,0.0,0.0,0.0,0.16431649530187933,-0.09632346729791347,0.2540589022795623,0.0,0.0,0.0
0.0125,-0.008057,-0.006104,1.325195,0.427551,0.322937,0.009308,0.0,0.0,0.0,0.1667575574385381,-0.09565408428567734,0.2541525390013277,0.0,0.0,0.0
0.011,-0.008789,-0.003174,1.319092,0.305481,0.475525,0.070343,0.0,0.0,0.0,0.1691214396350559,-0.09334495614724166,0.2548623473998492,0.0,0.0,0.0
0.0121,-0.009033,-0.003418,1.318604,0.274963,0.231384,0.100861,0.0,0.0,0.0,0.1712684250717647,-0.09330317798464574,0.25602487731384505,0.0,0.0,0.0
0.0122,-0.009277,-0.006836,1.318604,0.397034,0.231384,0.039825,0.0,0.0,0.0,0.17267847893048371,-0.09307341234686273,0.25653535520608134,0.0,0.0,0.0
0.0124,-0.009277,-0.008545,1.323975,0.244446,0.200867,0.161896,0.0,0.0,0.0,0.1711886842456364,-0.0931601225060958,0.2586038339745416,0.0,0.0,0.0
0.0119,-0.011963,-0.005127,1.318848,0.213928,0.261902,-0.02121,0.0,0.0,0.0,0.17144633603096618,-0.0908946926255659,0.2584053663309997,0.0,0.0,0.0
0.0124,-0.009277,-0.004883,1.317139,0.183411,0.322937,0.009308,0.0,0.0,0.0,0.17159297668217513,-0.0895126557070938,0.25850127821464003,0.0,0.0,0.0
0.0111,-0.007812,-0.00415,1.321045,0.183411,0.353455,0.192413,0.0,0.0,0.0,0.1719768139527007,-0.08915145301730378,0.26056386071958043,0.0,0.0,0.0
0.0123,-0.006592,-0.009033,1.321045,0.458069,0.353455,-0.112762,0.0,0.0,0.0,0.17279803342546998,-0.08913961415524495,0.259185527921958,0.0,0.0,0.0
0.0121,-0.010254,-0.006836,1.317139,0.427551,0.139832,0.314484,0.0,0.0,0.0,0.17455401481109542,-0.0894305540152378,0.26303781571026136,0.0,0.0,0.0
0.0117,-0.009766,-0.002441,1.319336,0.305481,0.170349,0.161896,0.0,0.0,0.0,0.17752509412062603,-0.08971558319408834,0.26486592049239477,0.0,0.0,0.0
0.012,-0.007568,-0.009521,1.32373,0.305481,0.017761,0.161896,0.0,0.0,0.0,0.1760590927571357,-0.09313669118245184,0.2668467919939094,0.0,0.0,0.0
0.0123,-0.010498,-0.007324,1.322266,0.366516,-0.073792,0.436554,0.0,0.0,0.0,0.17683382089263724,-0.09577888247803194,0.27227928358407993,0.0,0.0,0.0
0.0121,-0.007812,-0.005859,1.324707,0.274963,0.109314,0.375519,0.0,0.0,0.0,0.1773685380783575,-0.09787210713836195,0.2767857725053989,0.0,0.0,0.0
0.0119,-0.010498,-0.008301,1.322021,0.549622,0.231384,0.009308,0.0,0.0,0.0,0.17954299418178202,-0.09681883773373984,0.2769968918529413,0.0,0.0,0.0
0.0121,-0.010742,-0.009033,1.32251,0.091858,0.170349,0.283966,0.0,0.0,0.0,0.17586676604873705,-0.09631453156506348,0.28055259396984944,0.0,0.0,0.0
0.0117,-0.007812,-0.00708,1.320557,0.366516,0.292419,0.345001,0.0,0.0,0.0,0.17660915826745224,-0.09631882532097448,0.28458175092620214,0.0,0.0,0.0
0.0121,-0.013916,-0.007812,1.324951,0.397034,0.292419,0.283966,0.0,0.0,0.0,0.17740579205779725,-0.09235922883857155,0.28820179356274833,0.0,0.0,0.0
0.0123,-0.008545,-0.003662,1.321777,0.366516,0.231384,0.039825,0.0,0.0,0.0,0.18051012524852728,-0.09249184250560832,0.28861781290417826,0.0,0.0,0.0
0.0121,-0.005859,-0.010254,1.324707,0.305481,0.322937,0.131378,0.0,0.0,0.0,0.1786557826091462,-0.09324320534993205,0.2902203238020137,0.0,0.0,0.0
0.0117,-0.01123,-0.004883,1.320068,0.427551,0.292419,0.253448,0.0,0.0,0.0,0.18147245816582552,-0.09111819007673463,0.29322193416313463,0.0,0.0,0.0
0.0119,-0.007812,-0.007568,1.316162,0.335999,0.41449,0.039825,0.0,0.0,0.0,0.181590097787146,-0.08966210847784796,0.29370095677886254,0.0,0.0,0.0
0.0132,-0.01123,-0.005615,1.317627,0.305481,0.261902,0.283966,0.0,0.0,0.0,0.1829582149051819,-0.08754706204657502,0.2975027900438818,0.0,0.0,0.0
0.0112,-0.012207,-0.008789,1.321289,0.183411,0.506042,0.009308,0.0,0.0,0.0,0.18039330103286236,-0.0826400909812536,0.297771785460014,0.0,0.0,0.0
0.0121,-0.008057,-0.006592,1.313477,0.366516,0.322937,0.131378,0.0,0.0,0.0,0.18157482517776163,-0.08213817290771026,0.29933741792727875,0.0,0.0,0.0
0.0129,-0.009766,-0.00708,1.31958,0.213928,0.200867,0.222931,0.0,0.0,0.0,0.18078658568413003,-0.08186346741141759,0.30225036169075087,0.0,0.0,0.0
0.0118,-0.008789,-0.006592,1.317627,0.183411,0.353455,0.039825,0.0,0.0,0.0,0.17972983958654962,-0.08063088724571109,0.30271815680530395,0.0,0.0,0.0
0.0119,-0.01123,-0.003662,1.318115,0.519104,0.475525,0.131378,0.0,0.0,0.0,0.18447716937440892,-0.0764212165579337,0.304285741217533,0.0,0.0,0.0
0.0122,-0.010986,-0.007568,1.318115,0.274963,0.048279,-0.204315,0.0,0.0,0.0,0.18396404655150275,-0.07740889159345352,0.3018732355071267,0.0,0.0,0.0
0.0111,-0.008789,-0.00708,1.320068,0.122375,0.078796,0.070343,0.0,0.0,0.0,0.18179340229996754,-0.07946297606780475,0.30265340340929503,0.0,0.0,0.0
0.0125,-0.007812,-0.008301,1.316406,0.519104,0.170349,0.283966,0.0,0.0,0.0,0.18395860710522985,-0.08087629663539506,0.3062083534011755,0.0,0.0,0.0
0.0121,-0.015381,-0.00415,1.321045,0.091858,0.109314,0.192413,0.0,0.0,0.0,0.18335402180003044,-0.07838269654861647,0.3086723182326969,0.0,0.0,0.0
0.0116,-0.012695,-0.006348,1.31543,0.122375,0.353455,0.039825,0.0,0.0,0.0,0.1817108405258055,-0.07482465902086011,0.3092446485043019,0.0,0.0,0.0
0.0119,-0.01001,-0.009521,1.322021,0.335999,0.231384,-0.02121,0.0,0.0,0.0,0.1806997708931358,-0.0742760845149943,0.30909037367939174,0.0,0.0,0.0
0.0126,-0.007324,-0.005127,1.322021,0.274963,0.322937,0.131378,0.0,0.0,0.0,0.18186659941333191,-0.07408571568672864,0.3106492241129753,0.0,0.0,0.0
0.0114,-0.010254,-0.007568,1.320557,0.305481,0.322937,0.039825,0.0,0.0,0.0,0.18154856624197585,-0.07247789645886811,0.3111634101625706,0.0,0.0,0.0
0.0121,-0.010498,-0.005127,1.32666,0.091858,0.170349,0.192413,0.0,0.0,0.0,0.18038626730448504,-0.07233187070475268,0.31349127769774643,0.0,0.0,0.0
0.012,-0.008545,-0.007812,1.320801,0.397034,0.109314,0.009308,0.0,0.0,0.0,0.18121259184426328,-0.07412568270326665,0.3136062867877692,0.0,0.0,0.0
0.0121,-0.009277,-0.003174,1.318604,0.427551,0.139832,0.192413,0.0,0.0,0.0,0.18526933334400997,-0.07508588646273182,0.3158448120693621,0.0,0.0,0.0
0.0122,-0.013184,-0.004883,1.317383,0.030823,0.170349,0.039825,0.0,0.0,0.0,0.1834952040221686,-0.07325805896888327,0.3164153731705185,0.0,0.0,0.0
0.0122,-0.016113,-0.003906,1.319824,0.091858,0.322937,0.131378,0.0,0.0,0.0,0.1830735379114277,-0.06782285266292906,0.3181758813418854,0.0,0.0,0.0
0.012,-0.010498,-0.006348,1.315186,0.152893,0.41449,0.070343,0.0,0.0,0.0,0.18187390393866978,-0.06485647421806759,0.31905364730569963,0.0,0.0,0.0
0.012,-0.009521,-0.005127,1.312988,0.458069,0.231384,-0.02121,0.0,0.0,0.0,0.18505959303941116,-0.06469255701347808,0.3187630854345179,0.0,0.0,0.0
0.0121,-0.010742,-0.003174,1.314697,0.335999,-0.073792,0.161896,0.0,0.0,0.0,0.1879873060269268,-0.0674143455441218,0.3206683087184798,0.0,0.0,0.0
0.0121,-0.009277,-0.007324,1.318604,0.427551,0.292419,0.192413,0.0,0.0,0.0,0.1894522493761871,-0.06660759422916585,0.3230169014805366,0.0,0.0,0.0
0.0113,-0.011475,-0.003174,1.317871,0.335999,0.322937,0.009308,0.0,0.0,0.0,0.19206943648763117,-0.06435313715509397,0.32310840848510497,0.0,0.0,0.0
0.0122,-0.012695,-0.004883,1.321533,0.305481,0.170349,0.192413,0.0,0.0,0.0,0.19355028491221832,-0.06293945920307623,0.3255217838835532,0.0,0.0,0.0
0.0121,-0.009033,-0.007568,1.321777,0.152893,0.261902,0.222931,0.0,0.0,0.0,0.19153693554227547,-0.06267766082769528,0.32823478316003263,0.0,0.0,0.0
0.0125,-0.008301,-0.008301,1.323242,0.397034,0.200867,0.131378,0.0,0.0,0.0,0.1921854615494778,-0.06350409699766307,0.3298857494813812,0.0,0.0,0.0
0.012,-0.014404,-0.006836,1.320068,0.488586,0.445007,0.345001,0.0,0.0,0.0,0.19459906429606852,-0.05784599025623243,0.33420905997085987,0.0,0.0,0.0
0.0116,-0.010742,-0.006836,1.317627,0.305481,0.170349,-0.082245,0.0,0.0,0.0,0.19470078739216218,-0.057776564531742125,0.3333005699383128,0.0,0.0,0.0
0.0121,-0.012451,-0.009033,1.322021,0.397034,0.109314,0.192413,0.0,0.0,0.0,0.1947281097986489,-0.05732581999487705,0.3357865441924236,0.0,0.0,0.0
0.0122,-0.013428,-0.006836,1.319824,0.305481,0.322937,0.100861,0.0,0.0,0.0,0.19501402536852233,-0.053699832584072495,0.33715741319750775,0.0,0.0,0.0
0.0113,-0.009033,-0.006348,1.319336,0.335999,0.261902,0.070343,0.0,0.0,0.0,0.19566702471941133,-0.0537282439199385,0.3379226200982987,0.0,0.0,0.0
0.0121,-0.012451,-0.006836,1.322998,0.183411,0.170349,0.406036,0.0,0.0,0.0,0.1944604919701056,-0.05259546317537275,0.3429343089649155,0.0,0.0,0.0
0.0119,-0.011963,-0.008057,1.324707,0.244446,0.170349,0.070343,0.0,0.0,0.0,0.19322689888772224,-0.051784325310373754,0.34388172880839424,0.0,0.0,0.0
0.0123,-0.009277,-0.006836,1.316162,0.183411,0.261902,0.253448,0.0,0.0,0.0,0.19208274485934856,-0.05143778848859298,0.34698459623739547,0.0,0.0,0.0
0.0121,-0.012939,-0.007324,1.320068,0.335999,0.353455,0.100861,0.0,0.0,0.0,0.1924554248944865,-0.04783399368766479,0.34833581140208136,0.0,0.0,0.0
0.0122,-0.014404,-0.00708,1.322754,0.152893,0.231384,0.009308,0.0,0.0,0.0,0.19079933895948828,-0.04482338019963076,0.3486175335111783,0.0,0.0,0.0
0.0121,-0.010254,-0.010254,1.320312,0.244446,0.139832,0.009308,0.0,0.0,0.0,0.18833873003953863,-0.04545361947684881,0.34882160173528964,0.0,0.0,0.0
0.0122,-0.005859,-0.006592,1.317871,0.397034,0.231384,0.192413,0.0,0.0,0.0,0.18996374969406218,-0.04760900440352459,0.35101125831961344,0.0,0.0,0.0
0.0114,-0.009277,-0.008789,1.319824,0.274963,0.200867,0.100861,0.0,0.0,0.0,0.18857334863846487,-0.048202050199565596,0.35218646776149587,0.0,0.0,0.0
0.0124,-0.00708,-0.005127,1.32373,0.183411,-0.012756,0.375519,0.0,0.0,0.0,0.18853656601107951,-0.05252280021225945,0.35668650246368494,0.0,0.0,0.0
0.0117,-0.011963,-0.001953,1.326416,0.458069,-0.073792,0.070343,0.0,0.0,0.0,0.19344601392213523,-0.054562530555120135,0.3574540347404656,0.0,0.0,0.0
0.012,-0.012451,-0.008057,1.321289,0.305481,0.048279,0.161896,0.0,0.0,0.0,0.1929907525959005,-0.054872144146433176,0.35952551094604224,0.0,0.0,0.0
0.0118,-0.006104,-0.008789,1.314697,0.427551,0.261902,0.009308,0.0,0.0,0.0,0.1934627910465397,-0.05649773074876113,0.3595546541411346,0.0,0.0,0.0
0.0122,-0.011475,-0.006104,1.320801,0.274963,0.292419,0.009308,0.0,0.0,0.0,0.1938701168831521,-0.05440551167881451,0.35971975519829824,0.0,0.0,0.0
0.0125,-0.010742,-0.007812,1.31958,0.183411,0.261902,0.161896,0.0,0.0,0.0,0.1922002266818711,-0.0530726024466682,0.3618098828204428,0.0,0.0,0.0
0.0118,-0.008545,-0.007812,1.321533,0.091858,0.292419,-0.204315,0.0,0.0,0.0,0.18936325653326871,-0.05286691241168283,0.3593804902717474,0.0,0.0,0.0
0.0121,-0.01001,-0.004883,1.317383,0.427551,0.445007,0.345001,0.0,0.0,0.0,0.19234075203520568,-0.04990751701074875,0.36351858644596036,0.0,0.0,0.0
0.0112,-0.011719,-0.004883,1.317627,0.244446,0.170349,0.131378,0.0,0.0,0.0,0.1928833344113372,-0.049386936942372776,0.36500802365165547,0.0,0.0,0.0
0.0121,-0.01416,-0.00708,1.318115,0.305481,0.109314,-0.02121,0.0,0.0,0.0,0.19306299204094404,-0.04799068670638214,0.364919681519695,0.0,0.0,0.0
0.0122,-0.012207,-0.007324,1.317871,0.274963,0.353455,0.345001,0.0,0.0,0.0,0.19275456003355812,-0.0448296724353427,0.3692342845901961,0.0,0.0,0.0
0.0121,-0.014893,-0.005127,1.31665,0.458069,0.048279,0.161896,0.0,0.0,0.0,0.19592406732279063,-0.04378399771105486,0.37133102041047694,0.0,0.0,0.0
0.0122,-0.01001,-0.004395,1.31543,0.335999,0.445007,0.100861,0.0,0.0,0.0,0.1980691908649734,-0.040864578377646635,0.3725049217217747,0.0,0.0,0.0
0.0121,-0.010254,-0.007324,1.31958,0.397034,0.41449,-0.112762,0.0,0.0,0.0,0.19915157787797516,-0.03822188447230977,0.3711697179746584,0.0,0.0,0.0
0.0122,-0.011475,-0.008545,1.314453,0.091858,0.139832,0.070343,0.0,0.0,0.0,0.19584374257497664,-0.03817154159392937,0.3721235259498589,0.0,0.0,0.0
0.012,-0.009521,-0.003174,1.318604,0.458069,0.292419,0.131378,0.0,0.0,0.0,0.2000991945649569,-0.03749324756982161,0.3735830186259359,0.0,0.0,0.0
0.0112,-0.009766,-0.001465,1.314453,0.274963,0.200867,0.497589,0.0,0.0,0.0,0.2029365550920284,-0.037941156885774194,0.3790005441021551,0.0,0.0,0.0
0.0122,-0.01001,-0.008545,1.321045,0.335999,0.445007,0.100861,0.0,0.0,0.0,0.2025577797741601,-0.03506422154055898,0.38028815494318285,0.0,0.0,0.0
0.012,-0.008301,-0.005859,1.322754,0.213928,0.322937,0.161896,0.0,0.0,0.0,0.20225814525013405,-0.03476187563011571,0.38214270978107456,0.0,0.0,0.0
0.0117,-0.008057,-0.007324,1.320801,0.244446,0.231384,0.070343,0.0,0.0,0.0,0.20138847667862703,-0.035760971763565436,0.3829051181184444,0.0,0.0,0.0
0.0128,-0.009277,-0.003418,1.317139,0.519104,-0.134827,-0.051727,0.0,0.0,0.0,0.2065813594564642,-0.040420830332749916,0.38211203354664003,0.0,0.0,0.0
0.0122,-0.012207,-0.004639,1.325928,0.366516,0.383972,0.161896,0.0,0.0,0.0,0.20884320162092082,-0.036950097909725796,0.3841290043874279,0.0,0.0,0.0
0.011,-0.009277,-0.00415,1.318604,0.274963,0.048279,0.222931,0.0,0.0,0.0,0.20994327846583194,-0.039365533711195645,0.38648133377688226,0.0,0.0,0.0
0.0126,-0.01001,-0.00708,1.313721,0.549622,0.109314,0.009308,0.0,0.0,0.0,0.21315336518746844,-0.0404887150863645,0.3866162027699147,0.0,0.0,0.0
0.0114,-0.006836,-0.005127,1.322998,0.427551,0.628113,0.131378,0.0,0.0,0.0,0.2154639833079801,-0.03772779048197363,0.38797398987269544,0.0,0.0,0.0
0.0124,-0.005127,-0.00293,1.315918,0.366516,0.231384,0.009308,0.0,0.0,0.0,0.2187235834976143,-0.04027499603584624,0.3878066642962677,0.0,0.0,0.0
0.0118,-0.008301,-0.003906,1.317139,0.274963,0.322937,0.192413,0.0,0.0,0.0,0.2200837972568501,-0.03998677897679717,0.3899549147285075,0.0,0.0,0.0
0.0119,-0.008301,-0.00293,1.321289,0.366516,0.41449,0.192413,0.0,0.0,0.0,0.22310890633286692,-0.03857756339565635,0.3921008675331458,0.0,0.0,0.0
0.0124,-0.00708,-0.008545,1.318115,0.244446,0.109314,0.345001,0.0,0.0,0.0,0.22147244868433885,-0.041461711677236536,0.3963447839514718,0.0,0.0,0.0
0.0117,-0.010498,-0.006592,1.316895,0.366516,0.200867,0.039825,0.0,0.0,0.0,0.2222540479489454,-0.04129875337031592,0.39685561497389604,0.0,0.0,0.0
0.0119,-0.009521,-0.004639,1.319824,0.274963,0.109314,-0.14328,0.0,0.0,0.0,0.22317755528339353,-0.04273545998620557,0.39509493302413956,0.0,0.0,0.0
0.0127,-0.007324,-0.009521,1.321533,0.305481,0.139832,0.131378,0.0,0.0,0.0,0.2218159030280859,-0.044991504486342745,0.3967748102720675,0.0,0.0,0.0
0.0112,-0.009521,-0.008545,1.320068,0.091858,0.261902,0.161896,0.0,0.0,0.0,0.21822713796724766,-0.044784854028475256,0.39865861508189016,0.0,0.0,0.0
0.0121,-0.00708,-0.003174,1.311768,0.213928,0.170349,0.253448,0.0,0.0,0.0,0.2193830024269329,-0.0469115936411766,0.40152621503121944,0.0,0.0,0.0
0.0121,-0.009521,-0.003174,1.318115,0.305481,0.109314,0.039825,0.0,0.0,0.0,0.22162034167440875,-0.048276430505410556,0.4019101884340898,0.0,0.0,0.0
0.0122,-0.011719,-0.006592,1.322021,0.427551,0.231384,0.039825,0.0,0.0,0.0,0.22332875937945157,-0.04684299268533991,0.40250160652459654,0.0,0.0,0.0
0.0121,-0.009033,-0.005371,1.317871,0.335999,0.292419,0.314484,0.0,0.0,0.0,0.22459435454657678,-0.04631700353270703,0.40626801654579514,0.0,0.0,0.0
0.0122,-0.014404,-0.008057,1.323975,0.427551,0.322937,0.131378,0.0,0.0,0.0,0.2254141037387264,-0.0422268690174131,0.4081323413116438,0.0,0.0,0.0
0.0121,-0.013428,-0.004395,1.32373,0.427551,0.292419,0.161896,0.0,0.0,0.0,0.22832907700290694,-0.03915061001443885,0.41019383679926175,0.0,0.0,0.0
0.0121,-0.009766,-0.00708,1.316162,0.366516,0.231384,0.345001,0.0,0.0,0.0,0.22890085811511052,-0.039009985043863646,0.414402525249859,0.0,0.0,0.0
0.0117,-0.009766,-0.006348,1.323242,0.366516,0.017761,0.161896,0.0,0.0,0.0,0.22976236387829468,-0.041407910488787406,0.4163005094631839,0.0,0.0,0.0
0.0121,-0.013428,-0.002686,1.316895,0.580139,0.139832,0.314484,0.0,0.0,0.0,0.23546600221622863,-0.04017855693371913,0.42015147127232194,0.0,0.0,0.0
0.012,-0.010498,-0.008057,1.319092,0.488586,0.506042,0.131378,0.0,0.0,0.0,0.23681173832952582,-0.03633879606190983,0.421838035615609,0.0,0.0,0.0
0.0113,-0.010742,-0.002686,1.321533,0.366516,-0.073792,-0.051727,0.0,0.0,0.0,0.23959486739504385,-0.03921288251415781,0.42118056101638357,0.0,0.0,0.0
0.0127,-0.008789,-0.005615,1.31543,0.122375,0.292419,0.161896,0.0,0.0,0.0,0.23806744960428053,-0.03873112998922099,0.42319309252157306,0.0,0.0,0.0
0.0115,-0.010498,-0.006836,1.314453,0.549622,0.322937,0.070343,0.0,0.0,0.0,0.24055783385109394,-0.037242739574812694,0.42406793320476066,0.0,0.0,0.0
0.0123,-0.010254,-0.006104,1.320801,0.335999,0.139832,0.161896,0.0,0.0,0.0,0.24129022710804363,-0.037878773977077444,0.4260846751459155,0.0,0.0,0.0
0.0117,-0.003418,-0.007324,1.31543,0.152893,0.017761,0.070343,0.0,0.0,0.0,0.23897974037855219,-0.044025936969511084,0.42668535111337547,0.0,0.0,0.0
0.0123,-0.012451,-0.010254,1.324951,0.274963,0.231384,0.192413,0.0,0.0,0.0,0.23656828087835596,-0.04218607779057356,0.42931135408619053,0.0,0.0,0.0
0.0124,-0.008545,-0.006836,1.319824,0.244446,0.41449,0.222931,0.0,0.0,0.0,0.23582300931710887,-0.04039283933178812,0.4320655428159063,0.0,0.0,0.0
0.0112,-0.01001,-0.005859,1.324707,0.274963,0.231384,0.375519,0.0,0.0,0.0,0.23571245616317638,-0.04027248078727424,0.4362816276554308,0.0,0.0,0.0
0.0121,-0.010986,-0.006104,1.317139,0.183411,0.170349,-0.051727,0.0,0.0,0.0,0.00026184366474765486,-0.003295231259447404,-0.0006258357018979252,0.0,0.0,0.0
0.0119,-0.008057,-0.010986,1.315186,0.274963,0.109314,0.253448,0.0,0.0,0.0,-0.004918273003388681,-0.011056191218785797,0.0023912071388449063,0.0,0.0,0.0
0.012,-0.011475,-0.002441,1.325684,0.366516,0.048279,0.131378,0.0,0.0,0.0,0.0024187568998340543,-0.014669431500922168,0.00396703865727699,0.0,0.0,0.0
0.0123,-0.007324,-0.004883,1.327393,1.465149,-1.4776,0.039825,0.0021955497288732723,1.519726159239829e-07,9.003934493716625e-07,0.019737963669840694,-0.0417148086800059,0.004453703800710625,0.0,-0.0,-0.0016
0.012,0.052002,-0.067871,1.151855,3.448792,-17.682434,-0.356903,0.0036775371067844856,2.736575046351483e-07,7.711717280932993e-06,-0.030599871947513957,-0.3439010739940531,0.0005008368891828294,0.002,-0.0,-0.0032
0.0123,0.668945,0.092773,1.628174,2.014465,0.261902,1.931915,0.006444737274142651,2.08303443008183e-07,9.050959001235825e-05,0.0797715761858605,-0.9346355866327943,0.023238400399980586,0.006,0.0,0.0081
0.0117,0.294434,-0.159424,1.18457,3.235168,-3.339172,3.88504,0.009778271710802628,1.973966377325622e-06,0.00020763274315768477,-0.08126284407955868,-1.345089789415376,0.07281987638140748,0.009,0.0,0.0065
0.0127,0.228516,-0.083252,1.314453,-0.396423,8.196472,12.155304,0.014126039357725773,7.809418953181752e-06,0.0003723628202815828,-0.17921812147595437,-1.4977270728846968,0.22926597407288846,0.012,0.0,0.0049
0.0118,0.268555,-0.19458,1.482422,-3.295593,-2.118469,16.763458,0.017492596798391172,2.2393801479645256e-05,0.0005368616263245234,-0.40913867938695797,-1.7751029299970367,0.4328087576240861,0.016,0.0,0.0016
0.0124,0.357666,-0.06958,1.329102,3.631897,1.604675,20.791779,0.020588742404478555,4.590091379335722e-05,0.0007626922107361293,-0.4347406877917273,-2.1205462435654048,0.6925713770162483,0.018,0.0,0.0065
0.0108,0.268066,-0.034912,1.297607,4.272766,-4.895569,20.089874,0.024347335417284833,9.125111730580474e-05,0.001015494148970531,-0.42257157003875045,-2.4437588501773133,0.910930214620501,0.021,0.0,0.0081
0.0121,0.433105,-0.007324,1.453125,6.317444,5.541443,16.061554,0.02836206602556724,0.00015433523417176517,0.0013706696392481793,-0.3501159634513879,-2.7542107202794477,1.1043924893494508,0.027,0.0,0.013
0.0129,0.191895,-0.060303,1.16333,4.516907,0.506042,16.244659,0.03297101404106053,0.00024430802840841347,0.001704805728944895,-0.36395639585026046,-2.9452563327376566,1.3173155775254954,0.03,0.0,0.0146
0.0119,0.338867,0.003418,1.315186,5.310364,1.696228,13.223419,0.03765212436892099,0.0003508271511822852,0.0021449667325431432,-0.29468130094332756,-3.2348387816456268,1.4735472084372456,0.036,0.0,0.0162
0.0117,0.250732,0.053955,1.387939,1.922913,-4.163147,16.000519,0.04237091025381296,0.0004694265248543615,0.0025559967894924394,-0.21936547749690313,-3.483644599071208,1.6569249828353096,0.041,0.0,0.0178
0.0123,0.184082,0.020996,1.145996,2.991028,-7.672668,15.451202,0.047379147135865614,0.0006125075654436369,0.0029972470524288514,-0.1600380891493799,-3.7471919470938384,1.8450854567698871,0.045,0.0,0.0194
0.0122,0.172119,0.103271,1.250488,-0.365906,9.35614,14.688263,0.05311767660923116,0.0007908594342473537,0.0034923467720670157,-0.05620815506465727,-3.766920398013524,2.0155937217237083,0.052,0.001,0.021
0.0111,0.087646,0.041992,1.603516,-2.776794,11.309265,17.770538,0.05771621286118216,0.0009502161485957013,0.0038133663023467708,-0.05838638489499072,-3.6604506056568282,2.210122403426893,0.056,0.001,0.0243
0.0127,-0.105713,-0.078125,1.356201,-3.051453,1.116394,17.953644,0.0630740301587165,0.0011615473693203477,0.003992555008367327,-0.1821927761083129,-3.490370161649046,2.4435645152963317,0.063,0.001,0.0227
0.0121,0.213135,0.140869,1.061523,-1.434021,5.785583,10.720978,0.06824626352731926,0.001369848811452788,0.004546870869088645,-0.030240857749577223,-3.631793499414554,2.56100258436513,0.067,0.001,0.0227
0.0111,-0.023682,-0.01001,1.499512,-2.746277,3.405212,13.803253,0.07290932900158474,0.0015784766006335506,0.0047554309570604055,-0.0737960248232103,-3.5221068876346053,2.7147219484239127,0.071,0.001,0.0227
0.0121,-0.010986,0.072021,1.210693,1.648254,-6.726624,6.570587,0.07841426403164396,0.0018323576749400897,0.005014487378957713,0.024273845421281286,-3.5442636597351367,2.7886630897201767,0.077,0.001,0.021
0.012,-0.114014,0.088379,1.663574,-5.523376,0.994324,6.234894,0.08417792764771337,0.002105985492583136,0.005177191785342271,0.025623999990962765,-3.395360184021356,2.8586725557792345,0.082,0.001,0.0227
0.0127,-0.043701,-0.095703,1.229004,-2.166443,5.57196,9.286652,0.08993235710166647,0.0024014042394862145,0.005392874917520771,-0.10228247465723006,-3.238045857602755,2.982718838779099,0.09,0.001,0.0243
0.0119,-0.055176,0.124756,1.363037,2.289124,2.764343,4.373322,0.09510116720925457,0.00265884838467995,0.005538165777046324,0.04171793139066944,-3.1141567285777607,3.027444887137683,0.094,0.002,0.0259
0.0117,-0.085693,0.043213,1.230225,-2.105408,-0.867249,4.556427,0.10018055434284867,0.00292182842396517,0.005608917042708551,0.062133969650252516,-3.000870858991919,3.0778882196364075,0.098,0.002,0.0275
0.0117,-0.141113,-0.025146,1.277588,0.335999,6.731628,2.237091,0.10514173958954108,0.0031891479891325717,0.005578851248770478,0.044112685507264465,-2.753730747746034,3.105104622190494,0.104,0.002,0.0291
0.0124,-0.050537,0.124268,1.292725,5.493469,-3.278137,-1.852264,0.11021387955433484,0.0034518714567030127,0.005676282992959703,0.23183717565060366,-2.7153769550499396,3.075823217116772,0.108,0.002,0.0308
0.0124,-0.015381,0.040771,0.958496,0.427551,-10.29718,-6.368866,0.1152524049723169,0.0037166849894021393,0.005825274619564086,0.29412961719478936,-2.7956519123970036,2.993357294250489,0.115,0.002,0.0308
0.0113,-0.11499,0.022217,1.659424,-0.487976,6.853699,-8.901825,0.11971007378305898,0.00394668144729924,0.005818109024125921,0.30796788325196683,-2.6022869733273093,2.892091551389307,0.119,0.002,0.0308
0.0126,-0.07959,-0.07373,1.269043,2.655334,-6.207825,-9.512177,0.1244529378971715,0.004191896501999012,0.005828881996042611,0.2773901289075302,-2.5771803161157183,2.774791489986274,0.122,0.002,0.0291
0.0113,-0.095947,0.138428,1.177734,1.373596,-2.60675,-12.380829,0.12838395828529142,0.004367154188559007,0.005754998753499078,0.4345551864013319,-2.486035357267498,2.6281736438807433,0.128,0.003,0.0291
0.0124,-0.126953,-0.037109,1.421631,-4.119568,3.130554,-5.789032,0.1331309155011214,0.004586105562930016,0.005685944614301241,0.3541694092965744,-2.317640576583293,2.557638606809139,0.131,0.003,0.0291
0.0124,-0.090576,0.012207,1.453857,0.641174,-3.339172,-7.040253,0.13765290093338847,0.004785798428720327,0.005656962090823571,0.3733215217956088,-2.2621114265818774,2.4694755581777126,0.137,0.003,0.0227
0.0113,-0.107178,0.031738,1.335205,-1.342468,-2.057434,-7.467499,0.14170392098367934,0.004956180362441452,0.005560831786645917,0.38687427119908824,-2.171369163977488,2.3836434987199175,0.141,0.003,0.021
0.0122,-0.067627,-0.121826,1.325439,-3.234558,-1.813293,-7.009735,0.14589020484550305,0.005138983453455362,0.005540226291869612,0.2462188542881595,-2.1150275628648894,2.301473221470846,0.144,0.003,0.021
0.0117,-0.007324,-0.002441,1.213867,1.892395,-2.515198,-10.000458,0.14979509204653899,0.005295769096280236,0.005623837211222433,0.27063890327738555,-2.118250892420944,2.184282656589192,0.149,0.003,0.0194
0.0121,-0.054932,0.028564,1.346924,3.570862,-0.958801,-7.772675,0.15388064323918807,0.005448598994365436,0.005617732328678076,0.3399509016877439,-2.064310201610464,2.0892269679350717,0.152,0.003,0.0178
0.0124,-0.076172,-0.092041,1.395264,2.0755,4.198669,-6.887665,0.15801331022762297,0.005605150553309246,0.005573322939722387,0.2944812235243745,-1.9336025893478068,2.006279962901507,0.158,0.003,0.013
0.0119,-0.059082,-0.008301,1.294434,-0.06073,1.879333,-7.559052,0.16188990606528506,0.005740923573504636,0.0055387239786065376,0.2893125380503326,-1.8451226992851126,1.9165291622418388,0.161,0.003,0.0113
0.012,-0.046875,-0.021973,1.352783,2.289124,1.116394,-4.568329,0.16578593903118333,0.005872411740824809,0.005528838433321212,0.2999716183937434,-1.7787985099089367,1.862200111696189,0.164,0.003,0.0097
0.0123,-0.039551,0.052246,1.274414,3.662415,-2.728821,-8.901825,0.16966846818498948,0.0059944311249109745,0.005526371967312876,0.3914410650061905,-1.7644279384634372,1.7512707054049736,0.169,0.003,0.0065
0.0112,0.072754,0.045654,1.125488,-0.274353,-1.4776,-7.07077,0.17309680532180874,0.006096286109655951,0.005784115442879248,0.43270518581202483,-1.8373014145652518,1.6708889309790518,0.172,0.003,0.0049
0.0122,-0.053467,-0.099365,1.379883,2.350159,0.475525,-4.507294,0.17692460369857416,0.006214325901719766,0.00575416205477128,0.38391903996130544,-1.7752640536407305,1.6179713777907287,0.177,0.003,0.0032
0.0128,0.028564,0.085938,1.356201,1.434631,0.200867,-8.505096,0.1808178713942321,0.006318686924898375,0.005899412620976343,0.47010047488671675,-1.7802171347937563,1.5073952910151618,0.18,0.003,0.0032
0.012,-0.084473,-0.091309,1.338867,2.807922,3.191589,-7.131805,0.18450253773607173,0.006421331349230907,0.005791623051683433,0.4317638203206585,-1.6624199943311082,1.4238458438690655,0.183,0.003,0.0016
0.0112,0.011475,0.023926,1.202881,3.418274,3.618835,-9.817352,0.18792728182339064,0.006504904518196329,0.005891234242804275,0.49123529800707666,-1.6208521043119135,1.3137572904713408,0.187,0.003,-0.0
0.0119,-0.032959,0.009521,1.380615,0.732727,-1.416565,-8.779755,0.19155305175020843,0.006587409273635848,0.005889044579042415,0.5064970620048406,-1.6002859430851553,1.2089759945457927,0.19,0.003,-0.0016
0.0122,-0.030762,-0.044189,1.400391,-0.793152,0.841736,-9.786835,0.19530043118170115,0.006669244078643495,0.005893506995191443,0.4641959108427837,-1.555176284391119,1.0903725149464154,0.195,0.003,-0.0049
0.0121,0.006836,0.063721,1.364014,-0.121765,6.853699,-10.030975,0.19902573961287995,0.006736368657671139,0.005984630977821563,0.5105561587483634,-1.4670665595509622,0.9687532753562181,0.198,0.003,-0.0065
0.0122,-0.111084,-0.021729,1.270264,-2.990417,3.649353,-5.331268,0.20277560462279626,0.006800596869419262,0.0057918850379370225,0.4556130936270922,-1.3260250557132074,0.9043358738958213,0.201,0.003,-0.0081
0.0123,0.036865,-0.027344,1.350342,-2.9599,2.916931,-6.704559,0.20646761029391575,0.006860823425262039,0.00593953949691905,0.3983958752424225,-1.3104430719168685,0.8225000854514348,0.205,0.003,-0.0113
0.0121,-0.012451,0.049316,1.108887,-1.250916,-1.630188,-8.047333,0.2102313873993083,0.006911242271769107,0.005979438328009693,0.42905005599955176,-1.3135736270607452,0.7242455673650803,0.208,0.003,-0.013
0.0115,0.062744,0.023438,1.31665,-0.457458,-1.4776,-6.765594,0.21390484925964093,0.006956801344522615,0.0061912657891475525,0.44107323485062305,-1.37055918229649,0.6460781872740285,0.214,0.003,-0.0146
0.0115,0.049805,-0.037354,1.557617,0.397034,-2.423645,-7.253876,0.21756917585495833,0.007000577361120089,0.00634730430651828,0.42088261491891654,-1.4200343100975774,0.5629367651187925,0.217,0.003,-0.0146
0.0123,-0.017334,-0.055908,1.150391,1.526184,3.039001,-8.474579,0.2215249512134337,0.007043521358796158,0.00637563560563613,0.39243636933817083,-1.361291416321683,0.459827546213621,0.22,0.003,-0.0162
0.0122,-0.048828,-0.003662,1.402344,4.608459,7.128357,-8.779755,0.22545746619730864,0.0070753608085940885,0.006336694651625588,0.44580912903174613,-1.2328355290825097,0.3534009004807036,0.224,0.003,-0.0178
0.0122,-0.036865,0.00415,1.334229,-1.647644,0.322937,-8.321991,0.2292305807495545,0.007098455037388846,0.006311807588281041,0.42867465914773,-1.1957509055934996,0.2518638311178682,0.227,0.003,-0.0194
0.0121,-0.041748,-0.024902,1.345703,-1.006775,3.466248,-7.681122,0.2329732204844508,0.007116393052154451,0.006273352602965288,0.3982832211327656,-1.1185337049599424,0.15946757558570168,0.233,0.003,-0.021
0.0114,-0.069092,0.037354,1.296875,-0.915222,3.771423,-7.040253,0.2364110738061965,0.007123871892448973,0.006160886461252979,0.415516886152424,-1.020643290496736,0.07920584792356414,0.235,0.003,-0.0243
0.0121,-0.020264,0.113281,1.42334,-2.349548,2.184509,-7.498016,0.24010301128452652,0.007123512253186605,0.0061781033523855495,0.46284500443498167,-0.9770281175101937,-0.01204251180262295,0.238,0.003,-0.0243
0.0124,-0.061279,-0.046631,1.368408,-5.737,3.43573,-3.591766,0.2438656165688181,0.007124803839038061,0.00608649622592491,0.358058793438569,-0.8895856700312345,-0.05604668345268848,0.243,0.003,-0.0259
0.0121,-0.081543,-0.04248,1.247559,-1.281433,3.161072,-5.575409,0.24750943720197277,0.007123156464946621,0.005926411958737014,0.3103669299796775,-0.7892148411299692,-0.12313175460390409,0.246,0.003,-0.0275
0.0122,-0.018555,0.042236,1.34375,2.380676,-3.644348,-8.505096,0.2511890505301527,0.0071134092833351455,0.0059337886961773065,0.3695841082495123,-0.8197563504899997,-0.22730941300715043,0.251,0.002,-0.0291
0.0119,0.011475,-0.080078,1.414551,-1.434021,0.292419,-7.498016,0.25482333342891644,0.007102389888239611,0.006004501170544753,0.2990739694854459,-0.822817078559337,-0.3162418691432522,0.254,0.002,-0.0291
0.012,-0.057617,-0.134277,1.448486,2.136536,0.41449,-3.774872,0.25841614143931,0.007087972200698861,0.0059112090210646255,0.23774251390777645,-0.7797153730091464,-0.36109018425888934,0.257,0.002,-0.0291
0.0119,-0.04126,-0.040771,1.213623,8.819885,-1.630188,-6.307831,0.2619303283384375,0.007067922145425239,0.005845973520430884,0.31157679292081514,-0.7682820750678645,-0.436086422288183,0.261,0.002,-0.0324
0.0115,-0.041504,-0.013672,1.327881,0.854797,0.292419,-4.568329,0.2653893926851933,0.007042467394594553,0.0057886189926597345,0.311737344095464,-0.736299093442632,-0.4885264809178285,0.264,0.002,-0.0324
0.0119,-0.057129,-0.060059,1.432373,-9.521179,-6.970764,-3.622284,0.26885690411449537,0.0070153499785731,0.005691366334670851,0.16075085487950508,-0.7814733175681446,-0.5317907730733951,0.268,0.002,-0.0324
0.0128,-0.060547,0.138428,1.349854,-0.030212,-2.820374,-4.537811,0.2724901738027759,0.006977557381285303,0.005601880714524344,0.25622179310215204,-0.7762787981897501,-0.5902058823368039,0.271,0.002,-0.034
0.012,-0.046387,0.073486,1.243896,-0.701599,0.475525,-5.148163,0.27586571463982373,0.00694053062411348,0.0055331913542218366,0.30319623493110043,-0.7374599317765982,-0.6520474834928481,0.274,0.002,-0.0356
0.0117,-0.078857,0.065186,1.201172,-5.004578,-3.308655,-5.911102,0.2792245786073862,0.006900262693413869,0.005366170089953693,0.29558511198104953,-0.7176480881568045,-0.7214657982443522,0.278,0.001,-0.0356
0.0121,0.015137,-0.00415,1.458008,-3.905945,-2.210022,-4.873505,0.28262897143721805,0.006857529535622571,0.005444308276699382,0.24632391164515954,-0.7536636188936293,-0.7805595958565749,0.281,0.001,-0.0372
0.012,-0.020996,-0.0625,1.370361,-3.84491,-1.813293,-3.256073,0.28593631418718013,0.006813916557214183,0.005430730650446918,0.15988925614705352,-0.7616407723511783,-0.8196622586920189,0.285,0.001,-0.0389
0.0425,-0.001465,-0.035645,1.270752,-1.220398,-0.653625,-7.467499,0.2978341863637067,0.006644530721560882,0.005584639539216655,0.08652792612167691,-0.7884979941170617,-1.137049146701289,0.288,0.001,-0.0405
0.0004,-0.02002,-0.03418,1.189941,0.641174,-2.850891,-4.690399,0.2979498229393557,0.00664311052322424,0.005529464948359076,0.06129091641956285,-0.7748393768672113,-1.138847095082865,0.291,0.001,-0.0405
0.0005,-0.048584,-0.124023,1.628174,-0.06073,-1.935364,-1.455536,0.29809194040903597,0.006642680185224832,0.005412740452473527,-0.010336361376974391,-0.745625585102853,-1.1393886528508195,0.295,0.001,-0.0421
0.0047,-0.003906,-0.0271,1.365723,1.159973,-3.674866,-4.1716,0.2993515256721188,0.006618098386304489,0.005418788126153182,-0.020294337288047217,-0.7606563667467742,-1.1589615197100693,0.298,0.001,-0.0437
0.0113,-0.05127,0.006104,1.159668,1.678772,-1.660706,-5.300751,0.3023159338106033,0.006558457283803626,0.005314120021276822,0.008367169131090974,-0.7394516454989245,-1.2187923906924516,0.302,0.001,-0.047
0.012,-0.019531,-0.014893,1.30542,0.000305,-0.653625,-4.507294,0.30544253804212373,0.006492293053607065,0.005305719820939277,0.001543450581851132,-0.734264032122743,-1.2728514631161523,0.304,0.0,-0.047
0.0122,0.033203,0.058838,1.409668,-0.030212,-2.179504,-5.727997,0.30865332949791674,0.006419693101651214,0.005435780796452925,0.044556527916495135,-0.7832452814306718,-1.3428516732329066,0.307,0.0,-0.047
0.0126,-0.032715,0.012939,1.24707,-2.441101,-1.782776,-5.605927,0.3121134755073064,0.006338496786349362,0.005396985528681222,0.027908073928646405,-0.7819014563355041,-1.4134997663535203,0.311,0.0,-0.047
0.0121,0.018555,0.005371,1.273438,-2.746277,2.672791,-4.812469,0.315304804661875,0.006259456102049786,0.005497882124563234,0.002927114824130448,-0.7645988797607132,-1.4717596183732395,0.313,-0.0,-0.0486
0.0114,-0.007324,0.007812,1.361084,-2.898865,-1.019836,-5.758514,0.31830794298856413,0.006182123973636301,0.005521881086270901,-0.02028808603601665,-0.7715725169556826,-1.537422714803586,0.318,-0.0,-0.0486
0.0116,-0.034912,-0.007324,1.374023,-1.647644,-0.256897,-4.965057,0.32142966316589194,0.006098530516131316,0.005475653859209665,-0.039908059398530336,-0.7512731378850721,-1.5949939258426113,0.32,-0.0,-0.047
0.0121,-0.008789,-0.058838,1.324707,-1.891785,1.66571,-4.965057,0.3247200886511593,0.006007693742280647,0.005493939319730467,-0.09899543406732425,-0.7262322099320508,-1.6550506896878472,0.323,-0.0,-0.0486
0.0132,-0.008789,-0.018066,1.26123,0.244446,1.818298,-3.988495,0.3281641280717343,0.005908400574480435,0.005519537466910382,-0.10369727625794566,-0.6979647818141409,-1.7077313436968764,0.327,-0.001,-0.047
0.0107,-0.054688,-0.072266,1.481201,1.526184,2.123474,-0.173798,0.33094873169311145,0.0058265757491417925,0.005419851898769209,-0.12802389472805323,-0.6422375913516745,-1.7095757839961085,0.329,-0.001,-0.0486
0.0124,0.02002,-0.013184,1.37085,1.648254,4.229187,-1.516571,0.33419407335424445,0.005729490414731892,0.00551712621789156,-0.11170404926243895,-0.6057742701454774,-1.7285354405883349,0.333,-0.001,-0.047
0.0125,-0.022461,-0.015869,1.332764,-0.640564,2.794861,-2.15744,0.337500072714789,0.0056300518109812046,0.005503447440096884,-0.1255922113526535,-0.5586320434188854,-1.7555562988045503,0.336,-0.001,-0.047
0.0118,0.020508,0.022217,1.384521,1.282043,2.794861,-3.744354,0.34050550373814353,0.005537331818048075,0.005601175521844667,-0.09104014566062277,-0.5424542525938436,-1.7998053614605658,0.339,-0.001,-0.047
0.0122,0.046631,0.098633,1.311279,0.976868,0.689148,-6.613007,0.34373230007525357,0.005434146842019042,0.005783929629907862,-0.006546440571136291,-0.5698152867729035,-1.8804532161213035,0.343,-0.001,-0.0486
0.0124,-0.008789,-0.029053,1.194336,-3.692322,-0.653625,-5.300751,0.34694239665990684,0.005329141504421245,0.005802976158978756,-0.06943754265575243,-0.5754672166992452,-1.9461903283252453,0.345,-0.002,-0.0486
0.0113,0.011475,-0.011475,1.310547,-2.227478,1.848816,-5.209198,0.3498660094144986,0.005229748910256396,0.00587647671017523,-0.09752104699595161,-0.5659499349235333,-2.00510504461716,0.348,-0.002,-0.0486
0.0119,-0.022461,0.054199,1.366699,1.404114,1.757263,-3.530731,0.3529233528369328,0.005121988809374258,0.00586764872771794,-0.04089315543906526,-0.5335263753595174,-2.0471011527977514,0.352,-0.002,-0.0502
0.0122,-0.030273,-0.094482,1.301514,0.763245,3.069519,0.619659,0.35605881766613445,0.005011209234096897,0.005820115857932796,-0.09260587062085136,-0.47956148392438525,-2.039672373466912,0.354,-0.002,-0.0486
0.0121,-0.01123,-0.098877,1.221436,1.983948,0.65863,0.436554,0.35922762751039505,0.0048995525677761635,0.005822733994209874,-0.13610490604026895,-0.46855288058120453,-2.03456153331913,0.358,-0.002,-0.047
0.0112,0.038086,-0.033203,1.382568,4.669495,3.649353,-3.469696,0.36223535279943714,0.004792315455959046,0.005960388781076651,-0.10073714197385782,-0.4565044677817979,-2.0736354021935517,0.361,-0.002,-0.0486
0.0123,0.017578,0.015869,1.510254,3.692932,4.534363,-7.650604,0.36544796334566054,0.0046753765158012855,0.006045756382630606,-0.04192232420429223,-0.41503261105408623,-2.167824498579924,0.363,-0.002,-0.047
0.0125,-0.049561,0.053955,1.296387,2.258606,3.466248,-6.521454,0.36869211800333485,0.004552392158384415,0.0059627915715831205,0.026833167165085988,-0.34376951179403625,-2.2491457367026904,0.367,-0.003,-0.047
0.0117,-0.074219,0.020508,1.190674,0.732727,-3.003479,-6.06369,0.3718712846145395,0.004428113280781487,0.005788173076463357,0.05398538303004811,-0.3306776875590189,-2.319933301233763,0.37,-0.003,-0.0486
0.0128,0.046387,0.023193,1.265137,0.702209,3.039001,-4.263153,0.3753648475240765,0.004285771833454986,0.005971773365226497,0.08181233761076655,-0.3306428432874214,-2.3744361714762583,0.374,-0.003,-0.0502
0.0117,-0.029785,0.002197,1.57251,0.335999,4.961609,-0.26535,0.3784404712226527,0.004158354006892867,0.005942534313977518,0.08857269881743715,-0.26106650405178483,-2.3774229552598043,0.377,-0.003,-0.0502
0.0111,-0.043945,-0.002197,1.226562,0.702209,-0.165344,-0.417938,0.38129875451621964,0.004039987479928983,0.005857388879021686,0.09702176075872454,-0.2391686298803195,-2.3820262132301804,0.379,-0.003,-0.0502
0.012,-0.050781,-0.022705,1.199463,-0.701599,2.184509,0.192413,0.38446108981551935,0.003908935472531052,0.005749557153399877,0.07452331615895466,-0.18448935917188097,-2.3797324847335224,0.383,-0.003,-0.0502
0.013,-0.07251,-0.099121,1.28418,1.983948,-0.34845,-2.065887,0.38793375254280876,0.0037654928219251664,0.005578002088313992,0.03583175887799958,-0.1480830749247426,-2.407042230694671,0.386,-0.004,-0.0502
0.0119,-0.029297,-0.006592,1.472656,2.258606,-0.195862,-2.92038,0.39093097060675563,0.003639752897536858,0.0055425678744501165,0.06094889836884298,-0.14015692270725114,-2.4417839002337245,0.39,-0.004,-0.0518
0.0112,-0.037354,-0.020996,1.18457,-2.380066,-1.263977,-1.699677,0.39384226384746157,0.003516005764156538,0.00547112725775122,0.02208916106755299,-0.13616072453457728,-2.4608913537719097,0.392,-0.004,-0.0534
0.0122,-0.048828,0.022949,1.163818,-2.105408,0.597595,-0.784149,0.39700173586938864,0.0033810968506018616,0.005370404603893112,0.016870728321525308,-0.10232416356762296,-2.470171060191581,0.395,-0.004,-0.0518
0.0118,-0.024902,0.04834,1.326416,0.885315,-2.759338,0.345001,0.39990834378470885,0.003256321673897607,0.005347832987865759,0.061231272979909344,-0.12685581628846868,-2.4657499598354478,0.399,-0.004,-0.0518
0.0143,-0.011475,0.035645,1.411377,-1.739197,-0.836731,0.772247,0.40333697199777274,0.003109012590043277,0.005361724222461345,0.060439606604251205,-0.1392903732685552,-2.45447930019521,0.401,-0.004,-0.0518
0.0103,-0.061279,-0.050293,1.354736,-2.319031,-0.34845,-0.814667,0.40592828695665617,0.002997943485269759,0.0052315660977041,0.0074452375466170645,-0.11201471863939716,-2.463117537422587,0.405,-0.005,-0.0518
0.0119,-0.033936,-0.022949,1.202881,-1.464539,-4.987122,-1.760712,0.40884269429382164,0.0028726097178504092,0.005168992223861971,-0.022742278447133765,-0.15589011690888083,-2.4841627497670613,0.407,-0.005,-0.0502
0.012,-0.065674,0.004883,1.413086,-0.610046,0.719666,-3.744354,0.41165717202858665,0.0027513083970331764,0.005040052538802372,-0.02383627315266018,-0.11504882896795227,-2.528958759250487,0.41,-0.005,-0.0518
0.0121,-0.04834,-0.014648,1.449219,0.244446,1.268982,-0.601044,0.4144636834983272,0.002627599634475846,0.004955968219050056,-0.02644658598259813,-0.07897282198643084,-2.5362580428747146,0.413,-0.005,-0.0534
0.0115,-0.135254,-0.066406,1.37915,0.976868,-0.378967,2.237091,0.4170617740026715,0.0025128288486158724,0.00463463701715162,-0.05263787853414702,-0.009107213435214052,-2.5108433108461505,0.415,-0.005,-0.0534
0.0124,-0.053955,0.009766,1.182129,1.312561,-0.806213,2.023468,0.41989508494198174,0.0023898209697520486,0.004516241307678951,-0.025620984233419037,0.009018122515866596,-2.4854986524532876,0.419,-0.005,-0.0518
0.0119,-0.100342,-0.096191,1.395508,-0.121765,0.078796,1.565704,0.42258115485957637,0.0022717343534275833,0.004286471718630447,-0.08166375419770903,0.06112235242868054,-2.4676073674758663,0.421,-0.005,-0.0518
0.0119,0.013428,0.000244,1.429688,1.678772,-0.47052,-0.723114,0.4253080276691149,0.002153849022350132,0.004358695862615403,-0.058081359676438266,0.03821703918393844,-2.476209785094711,0.423,-0.005,-0.0502
0.0122,-0.085205,-0.058105,1.33667,1.373596,-0.501038,0.650177,0.4279510894545943,0.002039123978713943,0.004163231516533297,-0.07427639591702527,0.07574995301514706,-2.4686644412806804,0.426,-0.006,-0.0502
0.0121,-0.003906,-0.046387,1.168701,2.319641,-2.942444,0.009308,0.43050120120194657,0.001926959070015185,0.004190972925729436,-0.07554655872915862,0.031812554495533385,-2.4690582265009686,0.428,-0.006,-0.0486
0.012,-0.048096,-0.086914,1.403809,0.915833,-2.271057,2.938995,0.43311680535346225,0.0018119830557918688,0.004096832503402917,-0.11264461115725469,0.024264713692725568,-2.4344574095876323,0.432,-0.006,-0.0486
0.012,-0.017822,-0.129395,1.353271,1.922913,-1.019836,2.511749,0.4357549385910631,0.0016948444232941114,0.004076712370161702,-0.16495446583679427,0.013730189363222546,-2.4055532721296573,0.434,-0.006,-0.047
0.0119,-0.025146,0.000244,1.301758,2.289124,-0.134827,1.87088,0.43839496247560256,0.001584678693862947,0.004049011199025938,-0.13298104764594285,0.01860420960371044,-2.383158699494982,0.436,-0.006,-0.0453
0.0118,-0.030029,-0.000732,1.175049,0.854797,-0.409485,5.502472,0.44096015844358727,0.001478887659813606,0.004003085652899182,-0.11867629733540742,0.02446324179723848,-2.3180718403990763,0.439,-0.006,-0.0437
0.0122,-0.068115,-0.024658,1.43042,1.83136,-3.522278,5.929718,0.4436874004881941,0.0013696953600614693,0.00386569381848049,-0.10680902870866427,0.012679863026185479,-2.245602077210749,0.442,-0.006,-0.0437
0.0123,0.05249,0.070312,1.381592,1.556702,-0.165344,5.746613,0.44633845513102843,0.0012666774614801626,0.004046615405506314,-0.041837122909533626,-0.029620991644961132,-2.174432579640672,0.445,-0.006,-0.0421
0.0113,-0.09082,-0.055908,1.268799,0.732727,0.261902,8.035431,0.4488440094849244,0.0011719861119527416,0.0038282380288773665,-0.06645403828665761,0.022959055741389896,-2.083856754300601,0.447,-0.007,-0.0405
0.0121,0.059082,0.049805,1.267822,2.136536,1.391052,3.793488,0.4515181137226047,0.0010745737809481075,0.004042242871066349,-0.004780558232329657,-0.008581380426439451,-2.03768150857737,0.449,-0.007,-0.0389
0.0122,-0.014404,-0.000732,1.543457,-0.1828,0.170349,5.53299,0.4542064881999535,0.0009790672718350494,0.004043735518201139,-0.004820835676282271,-0.006688047312939827,-1.9701460081557993,0.452,-0.007,-0.0372
0.0124,-0.012939,-0.052246,1.289062,0.488586,-0.836731,2.908478,0.456852344170943,0.0008858677072616403,0.004045285132884631,-0.02913578920602133,-0.018125110006444182,-1.934550665674741,0.455,-0.007,-0.0372
0.0112,-0.044189,0.016846,1.173584,0.06134,-4.681946,6.479034,0.4594397839338909,0.0008007892805949065,0.0039548579092035085,-0.013114300804964849,-0.049253378049854336,-1.8616017711947395,0.458,-0.007,-0.0356
0.0125,0.000977,-0.033203,1.358154,-0.335388,-1.050354,6.906281,0.46222513535937876,0.0007085068156777326,0.003994448200417644,-0.034417368296779445,-0.07125524865812537,-1.775571197247518,0.46,-0.007,-0.034
0.0119,0.006104,0.088135,1.473877,-1.708679,-2.942444,4.373322,0.4649241194551064,0.0006280126549488231,0.004048342807710118,-0.0027765444767053537,-0.11668395916560607,-1.7228654561875512,0.463,-0.007,-0.0324
0.0119,-0.042969,0.05957,1.367432,-1.037292,0.292419,5.014191,0.4675184826965528,0.0005535316717707426,0.003978130032375251,0.02330433338823571,-0.09517765159282902,-1.6625971761948959,0.466,-0.007,-0.0324
0.0118,-0.071289,-0.007812,1.243164,-1.18988,-0.47052,5.502472,0.4700810632161077,0.0004804562359884049,0.0038153393293089317,0.0070117474293791855,-0.0626489469127894,-1.5975444022179814,0.468,-0.007,-0.0308
0.012,-0.023438,0.009033,1.266602,-0.1828,-0.226379,5.380402,0.4726965156722029,0.00040847084691045845,0.003791591956450159,0.013535942076131225,-0.059149172482859606,-1.5328231205206824,0.471,-0.007,-0.0291
0.0128,-0.094971,-0.057129,1.433594,-0.1828,1.452087,5.380402,0.47532965345942335,0.00033719561897954827,0.0035915192257992383,-0.01870436925856774,0.005251954802170452,-1.4642449843416687,0.473,-0.007,-0.0275
0.0118,0.012939,0.057373,1.275879,0.82428,-2.423645,1.962433,0.4778053859979522,0.00027683746676991964,0.003670457192590709,0.030638070484311438,-0.04080361194232265,-1.4405104352645735,0.475,-0.008,-0.0275
0.0122,-0.020264,-0.019531,1.300781,0.976868,3.008484,2.63382,0.48028148806811755,0.0002138221605165798,0.003656711931410858,0.03279925324025131,-0.0007221908172086757,-1.408501547075309,0.478,-0.008,-0.0259
0.0113,-0.018066,0.070557,1.355469,2.411194,0.628113,0.711212,0.4826142687883809,0.0001604756325091617,0.0036515422060375198,0.10432231905046584,0.008191354496505062,-1.3997255873966676,0.48,-0.008,-0.0259
0.0124,-0.000244,-0.014404,1.301514,-0.94574,2.276062,4.037628,0.48511761653669816,9.843193292279867e-05,0.003692513106178728,0.08554633088309538,0.026797667894197467,-1.3497531395135212,0.483,-0.008,-0.0259
0.012,-0.001465,0.037354,1.411621,-1.18988,-1.233459,3.061066,0.4876062888212181,4.16168987339532e-05,0.0037269358260955355,0.09460352234636474,0.004114107794102264,-1.3126903704321669,0.486,-0.008,-0.0243
0.0119,-0.014648,0.025391,1.24585,-1.372986,-0.806213,5.441437,0.48991423736854545,-9.679759397639584e-06,0.003728138712109592,0.09692785617615929,-0.005678843760980796,-1.2476655820730642,0.488,-0.008,-0.0227
0.0123,-0.074707,-0.013184,1.282227,-1.159363,-2.332092,6.021271,0.4925178715522726,-6.626981339419918e-05,0.003561759255216843,0.07639645579238916,0.003522961525190027,-1.1736816680513829,0.491,-0.008,-0.0227
0.0122,0.02002,0.039551,1.334473,-0.487976,0.811218,5.319366,0.49485819140993326,-0.00011218056720719109,0.003655513629902433,0.09641710195963382,-0.007906368005621967,-1.1083915212155169,0.493,-0.008,-0.0194
0.0114,-0.143555,-0.046387,1.441406,-0.518494,-2.423645,6.295929,0.497114479126999,-0.00015710161899562755,0.003341045844696582,0.06635554842246547,0.036134116444414194,-1.036958313064448,0.496,-0.008,-0.0178
0.0125,0.013916,0.024658,1.311523,0.671692,1.238464,1.779327,0.4994565189767726,-0.00019801745508994792,0.0034197882902506577,0.09196718176483919,0.03333954819850368,-1.0144227808711919,0.497,-0.008,-0.0178
0.0121,-0.060059,-0.006836,1.391846,0.915833,-2.36261,4.617462,0.5016783592651424,-0.0002372542432515029,0.003304859377680573,0.10070480734528832,0.03069185618009678,-0.9586089523270279,0.499,-0.008,-0.0178
0.0116,0.007324,-0.030029,1.241455,0.854797,0.353455,1.962433,0.5038752455274214,-0.00027606147436609276,0.0033675870785743545,0.09304160306769746,0.019997608433270826,-0.9361599108391238,0.502,-0.008,-0.0178
0.0122,0.015381,0.078857,1.435303,2.106018,-0.714661,2.969513,0.5061185103792446,-0.0003084169600028724,0.003441782623552454,0.16404077564839736,-0.005790561884964047,-0.899234765767054,0.504,-0.008,-0.0162
0.0121,-0.015625,-0.057373,1.250488,2.472229,-0.928284,5.685577,0.508362873246419,-0.0003471219778748608,0.003438624982695406,0.1580884138242719,-0.016587439319923413,-0.8310276648175047,0.506,-0.008,-0.0146
0.0111,-0.041016,0.024902,1.382812,1.617737,-1.691223,4.617462,0.5103505976274423,-0.0003742529871481224,0.0033720506646502542,0.19122276790388418,-0.02002238504126483,-0.7795780008730513,0.509,-0.008,-0.0146
0.0129,-0.039307,-0.074951,1.214111,1.495667,-2.179504,5.624542,0.5127702865202347,-0.0004118497934584814,0.003300725605354988,0.162004548072,-0.031827223543839475,-0.7078378402888826,0.511,-0.008,-0.013
0.0111,0.025635,0.04541,1.44873,2.014465,0.292419,2.511749,0.5147888413853594,-0.0004346204613835048,0.003397341636799752,0.20992822907720685,-0.050659799509257926,-0.679600524633505,0.513,-0.008,-0.0113
0.0129,0.000488,-0.022217,1.246338,1.06842,-0.287415,0.345001,0.5172713184546596,-0.0004655515456095683,0.003439639306172244,0.21004453376228288,-0.06365596917566504,-0.6753734799403109,0.515,-0.008,-0.0097
0.0117,0.005127,-0.020996,1.311035,1.190491,1.66571,-0.173798,0.5196571989660261,-0.0004950759932521965,0.0034929390789134045,0.21162623749271484,-0.05586510798403624,-0.6775283798069525,0.518,-0.008,-0.0081
0.0117,0.00708,-0.056885,1.220459,-0.121765,0.170349,4.281769,0.5217270974360609,-0.000523198786770822,0.003554400796744297,0.1738648309239987,-0.06779763763007021,-0.6279425186209249,0.52,-0.008,-0.0065
0.0122,0.010498,0.021973,1.417725,-0.640564,1.360535,1.809845,0.5237817816856662,-0.0005449649681948566,0.003615951525600012,0.1792020649462233,-0.06496593388067422,-0.6056824932017164,0.522,-0.008,-0.0081
0.0123,-0.008545,0.007812,1.154541,-2.044373,-0.623108,4.129181,0.5262229596479401,-0.0005702774700705273,0.003634173726861186,0.16095220398694404,-0.07636952706388225,-0.5548401903660698,0.525,-0.008,-0.0065
0.0121,0.051025,-0.029053,1.365723,-1.525574,4.961609,4.525909,0.5285134146641973,-0.0005947095321071493,0.003801727870445518,0.12675312403792463,-0.05461644621085083,-0.5002081835803724,0.527,-0.008,-0.0065
0.0112,0.007812,0.064209,1.281494,-0.732117,-3.217102,3.824005,0.5307020839641527,-0.0006111277467529843,0.0038595279515978116,0.15979521505673364,-0.1037902625802551,-0.45705822280717734,0.528,-0.008,-0.0049
0.012,0.057861,-0.039551,1.353516,-1.037292,-0.195862,4.251251,0.5330934625886461,-0.0006324881790246714,0.004042445811983982,0.12530412348053108,-0.14764514880098265,-0.40632710015914225,0.531,-0.008,-0.0032
0.0122,0.034912,-0.016846,1.412109,0.122375,0.689148,2.786407,0.535379283101844,-0.0006497972847959787,0.004162233169375569,0.1185332577957645,-0.1657439095694768,-0.3724370500940321,0.533,-0.008,-0.0016
0.0121,-0.040527,-0.031982,1.215088,0.702209,-0.653625,2.603302,0.5376914676277075,-0.000665381605457502,0.004089494975728716,0.10779291698658493,-0.1551524885241202,-0.3410413480191685,0.536,-0.008,-0.0016
0.0121,-0.04248,-0.030029,1.342773,1.465149,0.963806,1.931915,0.5401911487310163,-0.0006806725046291918,0.004020122708549401,0.10918176306431268,-0.12574005725081996,-0.3177172679916089,0.538,-0.008,-0.0
0.0115,0.015625,0.032959,1.38916,2.044983,1.970886,0.98587,0.5424326240684555,-0.000692409322162726,0.004094390100547025,0.15265952706489966,-0.11934244555857243,-0.30621355426374347,0.54,-0.008,-0.0
0.0131,-0.110352,-0.00293,1.331299,2.014465,-0.836731,3.76297,0.5450887605788312,-0.0007050346684903797,0.003851389535984572,0.17806971088740142,-0.07253896323448168,-0.256801953558459,0.543,-0.008,0.0016
0.0118,-0.008301,0.007324,1.376221,3.052063,1.848816,2.389679,0.547383643156923,-0.0007150801150790552,0.003868078644881274,0.21865625401975336,-0.05406276091012921,-0.22848958740816966,0.545,-0.008,0.0016
0.0119,-0.068848,0.026855,1.329346,2.044983,0.048279,3.701935,0.549497761949556,-0.0007215081071722419,0.0037300094841199814,0.25905850317254525,-0.021090825946672016,-0.18418224151130458,0.548,-0.008,0.0016
0.012,0.013672,0.014893,1.198975,-0.030212,-2.881409,0.74173,0.5518546981542863,-0.0007286891456758402,0.0038084810276993457,0.2688015775627662,-0.07390540955459747,-0.17536549558366737,0.55,-0.008,0.0032
0.0113,0.047607,-0.006592,1.452881,0.793762,2.703308,0.619659,0.5538811337218882,-0.0007358318371738095,0.00395405572208153,0.27376317453713256,-0.07677297826184233,-0.1683179964333494,0.551,-0.008,0.0016
0.0122,-0.035889,-0.065186,1.256836,1.190491,0.567078,0.711212,0.5561206236986863,-0.0007447772773101876,0.003899100098871795,0.24736412230085386,-0.05602699498034046,-0.1599605394945543,0.554,-0.008,0.0016
0.0123,0.002197,-0.017578,1.30835,1.159973,3.43573,0.283966,0.5582787007188657,-0.0007518332954648174,0.003944802348562426,0.2510739789357462,-0.023925239487669087,-0.1564187380583371,0.556,-0.008,0.0032
0.0119,-0.03833,-0.042236,1.295654,1.129456,1.177429,3.457794,0.5603738964435138,-0.0007587412242755267,0.0038855703649348533,0.23889532733022212,0.004223077150323134,-0.11542357320116411,0.559,-0.008,0.0032
0.0123,0.000977,0.032715,1.342285,0.854797,0.353455,4.77005,0.5624582213155438,-0.0007619939832896592,0.0039245639008629995,0.2686600198009542,-0.0010665260559553351,-0.05656624425783011,0.56,-0.008,0.0032
0.0117,0.011719,0.042236,1.334229,-0.823669,-3.339172,4.983673,0.5644756364328697,-0.0007628735073487814,0.003988153333454477,0.28384362934705376,-0.05562745357811106,0.0017442687680334346,0.562,-0.008,0.0065
0.0125,0.020996,-0.012939,1.320557,0.305481,-1.4776,5.105743,0.5667495310769821,-0.0007638553216700094,0.004077834070507454,0.27961150513992605,-0.09497385781989674,0.0653555951606824,0.565,-0.008,0.0065
0.012,0.000977,0.024658,1.352051,2.014465,-0.623108,4.77005,0.5688730911130778,-0.0007609040894446847,0.004115013434199739,0.3174888420266525,-0.11086311520124757,0.12263348989190406,0.566,-0.008,0.0081
0.0112,-0.031738,-0.034424,1.296875,1.373596,-0.073792,3.88504,0.5709624873574346,-0.0007572871734159219,0.004072121585520426,0.3112751900479276,-0.1005691200885469,0.16602021697402394,0.569,-0.008,0.0081
0.0118,0.02002,0.003662,1.460693,1.678772,2.42865,0.955353,0.5731032330559306,-0.0007515849390187303,0.0041516752691419245,0.3320195836723323,-0.08992651808091325,0.17740893976205047,0.571,-0.008,0.0081
0.0124,0.000488,0.029785,1.345703,3.235168,1.360535,1.657257,0.5750805943287929,-0.0007448955275697002,0.004188336398231839,0.3882038243528514,-0.0813542788726327,0.19815109266305547,0.572,-0.008,0.0097
0.0122,-0.053955,0.021484,1.183594,1.251526,-0.501038,-0.753632,0.5772230528754606,-0.0007361742832093553,0.004078178239720586,0.41649441545268157,-0.06065582929698793,0.18906489454003775,0.575,-0.008,0.0081
0.0124,-0.006348,0.02124,1.302002,-0.243835,0.261902,-1.394501,0.5793618077319004,-0.0007285976054039254,0.004098894855093848,0.42468181055803417,-0.06181526171541963,0.17187350511103186,0.577,-0.008,0.0081
0.0113,-0.051025,-0.009521,1.312744,1.373596,-2.759338,0.680695,0.5812782849022008,-0.0007228352223520175,0.004007001155040458,0.43263691794359566,-0.07055318811703598,0.179313237904249,0.58,-0.008,0.0097
0.0125,-0.015869,0.013428,1.39917,0.885315,2.215027,1.230011,0.5833283227095856,-0.0007160758013140968,0.004005061892062095,0.4490965901894818,-0.04198347427389725,0.19494620666226373,0.581,-0.008,0.0097
0.012,-0.036133,-0.036377,1.325195,-1.708679,1.757263,2.847443,0.5853389424113176,-0.0007103825228985536,0.003954580797395898,0.4053321634541774,-0.008414070406007768,0.22909499196807923,0.583,-0.008,0.0081
0.0122,-0.05957,-0.008057,1.333008,0.915833,3.008484,3.000031,0.5873409930431797,-0.0007021281338310475,0.003847438892822473,0.410113288206978,0.053904782657574424,0.26595327855372913,0.585,-0.008,0.0081
0.0118,-0.012939,0.01123,1.326904,0.854797,0.994324,2.938995,0.5891639832127524,-0.0006933714355752934,0.003853126735027244,0.42514344740538784,0.06353653176821497,0.300767040935618,0.587,-0.008,0.0097
0.0123,0.022461,-0.046143,1.240479,0.06134,-0.653625,1.931915,0.5911246505093942,-0.0006858023007750428,0.003952579421732994,0.39534147539355247,0.03123942544414419,0.324094061636178,0.589,-0.008,0.0113
0.0119,0.023682,0.008057,1.357666,1.556702,-0.440002,-1.241913,0.5931346535130655,-0.0006750094448942817,0.004044223006128806,0.4167923882532058,0.003659746931397105,0.3092350792690566,0.591,-0.008,0.0097
0.012,0.008789,0.024902,1.283203,0.82428,0.353455,-1.211395,0.5951679437671811,-0.0006637675678186963,0.004103175118860323,0.4401400750574358,-0.00647200652425646,0.294796327785614,0.593,-0.008,0.0097
0.0113,-0.031982,0.003174,1.377686,-0.457458,3.710388,0.558624,0.5970328504355612,-0.0006539148512792974,0.004065084190856758,0.43481006423371255,0.044689376756488576,0.3014515894476391,0.595,-0.008,0.0097
0.0127,-0.047363,0.005615,1.34375,0.641174,2.642273,2.298126,0.5988942000083016,-0.0006435429218324124,0.003989550089522921,0.44426494247946335,0.09602127407718312,0.3309523480449273,0.596,-0.008,0.0081
0.0121,-0.028076,0.025146,1.360596,0.427551,2.825378,3.122101,0.6007154970227827,-0.0006321347573859374,0.003960478520693923,0.4618344263367757,0.13608030602540996,0.3691418519754396,0.599,-0.008,0.0113
0.0112,-0.010986,-0.019287,1.208496,-1.495056,-1.630188,4.220734,0.6025968827557076,-0.0006209476751941453,0.003972310284475985,0.43108568756817794,0.11368320263764708,0.4161128856550813,0.6,-0.008,0.0113
0.012,0.014404,-0.005127,1.260986,-0.152283,0.139832,2.847443,0.6045939704958145,-0.0006072606887817997,0.004047528488089415,0.4245178547593926,0.0958166899101998,0.4501971916562761,0.602,-0.008,0.0113
0.0127,0.01001,0.026367,1.420898,0.488586,1.055359,2.053986,0.606695106226341,-0.0005905258897618534,0.004103547784458088,0.4432156427594437,0.09423101933532563,0.4764596727374547,0.604,-0.008,0.0113
0.0118,-0.02832,-0.024414,1.265869,-0.610046,0.292419,1.443634,0.6085774493250327,-0.0005754924206250206,0.004072192754669849,0.41931683437724787,0.10476123897998572,0.49338913629040676,0.606,-0.008,0.0113
0.0118,-0.015625,-0.02124,1.384033,-0.610046,2.153992,1.687775,0.6103886363084037,-0.0005606046474547457,0.004073726748283798,0.3985086950339969,0.12906317514593516,0.513357159137444,0.608,-0.008,0.0113
0.0119,-0.036133,-0.011963,1.295898,-0.335388,1.146912,2.603302,0.6122097320550856,-0.0005443307134773377,0.004024734891254732,0.3860640929988416,0.153715579915764,0.5443822265941869,0.61,-0.008,0.0113
0.0118,-0.030518,0.002686,1.276123,-0.640564,0.41449,3.305206,0.6139740732706057,-0.0005272593689132702,0.003988323071830363,0.3791018903302624,0.16617261476047718,0.5834463780214052,0.612,-0.008,0.0097
0.0122,-0.018066,0.026611,1.347656,-1.220398,-0.317932,3.946075,0.6158588750461602,-0.000507284229325029,0.0039813756211759975,0.378529416125972,0.16209331073711467,0.6317097136136606,0.614,-0.008,0.0113
0.0118,-0.01709,-0.002441,1.321289,-1.159363,1.177429,3.88504,0.6177290300763909,-0.0004868200951939989,0.003978570989680872,0.3624545872124574,0.17511877325614306,0.6776143673743086,0.615,-0.008,0.0113
0.0124,-0.017822,0.001221,1.343018,-0.762634,2.916931,2.969513,0.6196942615984017,-0.0004636108254202924,0.003974765029246834,0.3528121495311072,0.21051586650088788,0.7146567277108097,0.617,-0.008,0.0113
0.0119,0.002441,0.001953,1.317139,0.458069,0.322937,1.474152,0.6216214043245167,-0.00043995294161090374,0.004017670378759563,0.3584614702087618,0.20177600277316168,0.7321893923327286,0.619,-0.008,0.0113
0.0115,0.002441,0.006836,1.268799,-0.030212,-1.019836,0.314484,0.6234090049424978,-0.0004173332489626975,0.004061507235775891,0.36139138222767947,0.17743396963820726,0.7357305378449818,0.621,-0.008,0.0097
0.0125,0.002441,-0.01001,1.312988,0.549622,-1.447083,0.131378,0.625120893539262,-0.00039602352726204496,0.0041042567648336544,0.3612448915966184,0.14741630175978632,0.7371628051240725,0.623,-0.008,0.0097
0.012,-0.012695,-0.012207,1.358643,0.885315,-0.409485,0.100861,0.626746646565329,-0.00037553553973641857,0.00411166785014746,0.3636657040204865,0.13973303408456886,0.7382651035451114,0.624,-0.008,0.0081
0.0124,-0.049561,-0.011719,1.366699,-1.159363,0.017761,0.558624,0.6286319680801353,-0.0003509377241384188,0.0040356212253747446,0.3416412009228416,0.1580839256032812,0.7451844652404753,0.626,-0.008,0.0081
0.0121,-0.039307,-0.010498,1.2854,-2.135925,0.322937,0.283966,0.6305017353611364,-0.0003264658773510799,0.003979552621894737,0.30897817596760724,0.17497562478565604,0.748622174704974,0.628,-0.008,0.0081
0.0112,-0.011963,0.041748,1.288086,-1.495056,-0.653625,0.711212,0.6321982584796904,-0.0003031834739321625,0.003986445459279473,0.31705531098295514,0.16408661516793652,0.7567733206301319,0.63,-0.008,0.0081
0.0121,-0.0271,0.011719,1.284424,-2.288513,-3.400208,2.603302,0.6339286220987254,-0.00027981192369769346,0.003957132821622612,0.29628205218004955,0.12883259168583502,0.7881301520783639,0.632,-0.008,0.0081
0.0123,0.025879,0.018066,1.317871,-2.776794,-3.796936,3.549347,0.6357110619914844,-0.00025543107583877046,0.004049590100806261,0.2728029185408061,0.05713239709293233,0.8315828831451321,0.633,-0.008,0.0097
0.012,0.017578,-0.035889,1.318115,-1.95282,-1.752258,3.915558,0.6374321844081077,-0.00023179522507496748,0.004125605152768823,0.2284924209467637,0.01646739762880736,0.8783050864485634,0.635,-0.008,0.0081
0.0126,-0.037842,-0.05957,1.356201,-0.121765,-1.019836,2.481232,0.6390830394164035,-0.00020730232144536604,0.004077039961822872,0.19329671075017277,0.016533399487943364,0.9093759955416021,0.637,-0.008,0.0065
0.0108,-0.032227,-0.036621,1.383545,-0.1828,0.048279,1.901398,0.6405681773492902,-0.00018413396877911176,0.004041305746442054,0.1715019959937155,0.02647680363383861,0.9298327738350959,0.638,-0.008,0.0081
0.0129,-0.027588,-0.048096,1.312256,0.671692,-1.050354,0.192413,0.6425676584561921,-0.00015251280221260043,0.004014157216973711,0.15271374238453128,0.020255632154296203,0.9321413926580792,0.64,-0.008,0.0081
0.0116,-0.026123,-0.028076,1.366211,1.343079,2.367615,1.87088,0.6442206343875897,-0.00012596785135166578,0.003992175459593014,0.15331559218372942,0.05350426360229925,0.9538495551253385,0.642,-0.008,0.0097
0.0122,-0.066895,-0.037109,1.322754,-0.121765,1.207947,4.129181,0.645935488045803,-9.659804274724518e-05,0.003877993903509917,0.1313832460610525,0.09771985139941435,1.0042765454103955,0.643,-0.008,0.0097
0.0119,-0.005615,0.039062,1.293457,0.305481,2.215027,-0.112762,0.6476426539776667,-6.573789898270453e-05,0.0038993639353425303,0.15971064820655811,0.11723726466771205,1.0031754843268288,0.645,-0.008,0.0097
0.012,-0.009521,0.035889,1.403564,-0.365906,3.100037,2.115021,0.6490582907372449,-4.0104166754281554e-05,0.003912280286931305,0.1760679038096363,0.14978732305025313,1.0288247980196554,0.646,-0.008,0.0097
0.0115,-0.009033,0.023682,1.222412,-0.426941,-0.012756,0.680695,0.650414901618111,-1.5172308626514762e-05,0.0039275275926636405,0.18728665646303688,0.1443442769086163,1.036772196589694,0.648,-0.008,0.0097
0.0126,0.004639,0.000977,1.30957,-1.95282,-0.501038,0.406036,0.6521340994421894,1.5445307121341165e-05,0.003972466440443093,0.16433018321820073,0.12504560438651283,1.041831123150418,0.65,-0.008,0.0097
0.0122,0.071533,-0.022949,1.374268,-1.18988,-1.325012,3.152618,0.6538707353983582,4.433957123961295e-05,0.004157915420117997,0.13810156735872156,0.059227934821786045,1.0799726487188988,0.651,-0.008,0.0097
0.0121,-0.000244,-0.068115,1.325928,1.495667,-0.256897,4.129181,0.655552038061324,7.451669173511758e-05,0.004194067679470835,0.11775057810577455,0.046884403153336515,1.1297020569846847,0.653,-0.008,0.0097
0.0111,-0.040283,-0.057861,1.367188,1.159973,0.41449,0.711212,0.657128347933776,0.00010563616668049063,0.00414351768290284,0.09933483982544974,0.06521867326359389,1.1375359520906745,0.654,-0.008,0.0097
0.0122,0.070068,0.015869,1.406006,0.183411,3.069519,0.161896,0.658791864669343,0.00013565118843667534,0.0043199218552105205,0.11175633555126052,0.055143041689842194,1.1393267384552443,0.656,-0.007,0.0081
0.0121,-0.032959,0.013672,1.266602,2.228088,1.360535,-1.699677,0.6604314025610838,0.00016906126117883436,0.00427903397362062,0.14841640216779262,0.08188699629175249,1.1188949275909803,0.658,-0.007,0.0081
0.0126,-0.009277,0.052246,1.253418,1.95343,-0.440002,-2.493134,0.6621823477901956,0.00020355053516179909,0.0042897736375640495,0.20616679923694348,0.07217409738298847,1.0875758590914146,0.659,-0.007,0.0081
0.0116,-0.038574,-0.005615,1.386963,0.519104,0.383972,1.657257,0.6638296141204081,0.00023540113734810974,0.004241730235723841,0.209477369846205,0.0889098046432489,1.1068604630812644,0.661,-0.007,0.0081
0.0123,-0.051758,0.029541,1.340088,0.94635,-2.36261,2.725372,0.6655641935168612,0.0002702963161761487,0.004160921868344911,0.23852108654353665,0.08028273360086308,1.140438480984023,0.663,-0.007,0.0081
0.0113,-0.067383,-0.058594,1.250977,0.702209,-3.949524,3.610382,0.6672032775356733,0.0003033929002919426,0.004043101485749786,0.210841781589507,0.06732126909397637,1.1810093570111937,0.665,-0.007,0.0081
0.0128,0.036377,0.001221,1.396973,0.091858,0.292419,3.88504,0.6689044865909123,0.0003368704396283772,0.004148625925762472,0.2131178018764031,0.04186804627105334,1.230611155675381,0.666,-0.007,0.0081
0.0118,-0.045898,0.056396,1.364014,2.868958,-2.942444,0.589142,0.6703737491813039,0.0003702617972088758,0.004080433335762875,0.278831701094291,0.024521625233391832,1.2376340779839714,0.667,-0.007,0.0097
0.0121,-0.025146,-0.015869,1.32251,3.113098,-2.393127,-0.326385,0.6722126851803752,0.00040993003551367623,0.004058285667340395,0.30667176297295423,0.0016009419266586134,1.2335166441477496,0.67,-0.007,0.0097
0.0117,0.059814,0.050781,1.366455,0.274963,0.597595,-0.356903,0.6739310312757217,0.0004459265476034625,0.004210748759580309,0.33779689388590783,-0.03341730129784488,1.2293204185630742,0.671,-0.007,0.0113
0.0123,-0.111816,-0.060059,1.234131,0.152893,0.475525,-0.356903,0.6753775915029271,0.00047844046264326284,0.003993196291457105,0.3018187634693161,0.032830522106968636,1.2250438487036666,0.673,-0.007,0.0081
0.013,-0.066162,-0.011475,1.281982,1.129456,-2.942444,1.809845,0.6770030532131613,0.0005144343395642483,0.00388011887500974,0.3091146786113726,0.02531824016752826,1.2484627487671536,0.674,-0.007,0.0097
0.0107,0.082764,0.040283,1.304443,0.549622,-0.256897,2.267609,0.6784510218994073,0.0005441875994808494,0.004087465906653247,0.3381178381464924,-0.03510504939276315,1.2725805372275198,0.676,-0.007,0.0097
0.0117,-0.083984,-0.022217,1.411865,0.335999,0.628113,1.107941,0.6798264347043603,0.0005759818104230293,0.003951778157198763,0.3289433592781404,0.010015506055197222,1.2856801757586849,0.677,-0.007,0.0097
0.0122,0.04126,-0.003174,1.134766,1.129456,-1.386047,2.63382,0.6814049386718447,0.0006094841621548872,0.004089193428913142,0.3401727904667883,-0.04500575099600041,1.3175434939123487,0.678,-0.007,0.0113
0.0121,0.010742,-0.049561,1.381104,0.854797,0.963806,0.039825,0.6831344097450774,0.0006477189832478359,0.004143324627210949,0.3218879166539388,-0.04726589357249189,1.3179493281016432,0.681,-0.007,0.0113
0.0123,0.121094,0.043945,1.29248,-0.152283,1.207947,-0.387421,0.6846202647930266,0.0006779019084977507,0.004430061527636697,0.3453702304509475,-0.11220293749889673,1.312907186608092,0.682,-0.007,0.0113
0.012,-0.036865,-0.046875,1.273926,-0.1828,1.726746,-2.950897,0.6860542416405238,0.0007115648347202293,0.004384192516588833,0.3142028629392912,-0.07706350270997708,1.2777108393010945,0.683,-0.007,0.0097
0.0122,-0.017334,0.070312,1.321289,2.167053,-0.806213,-3.256073,0.6876033225663438,0.0007463058249715599,0.0043748781164182895,0.3807103802222608,-0.08435070684767224,1.237921016369289,0.685,-0.007,0.0097
0.0121,0.0271,0.029297,1.336914,-1.647644,-0.226379,-0.906219,0.6891693257138505,0.0007791646347004283,0.004458917187774397,0.37655749845734726,-0.110251996794699,1.2268403093439806,0.686,-0.007,0.0065
0.011,-0.082031,-0.066406,1.266357,-0.823669,-1.813293,1.504669,0.6904240713019308,0.000807873224419113,0.004315267610286019,0.32636249643594295,-0.08839904855466085,1.2434644664897159,0.688,-0.007,0.0016
0.0122,-0.07373,-0.054688,1.34375,0.122375,0.139832,3.854523,0.6917300051429183,0.0008377333897309138,0.004197654292175439,0.2958579793062733,-0.05250709137845432,1.2906414467347955,0.689,-0.007,0.0032
0.0126,0.070801,0.012207,1.356934,0.519104,0.811218,2.450714,0.6933349269395556,0.0008709861667081248,0.0043680193461215,0.3087667080363115,-0.09041101834080109,1.321314740585272,0.69,-0.007,0.0032
0.0116,-0.049072,-0.062256,1.229492,1.007385,1.757263,1.413116,0.6948662415623494,0.0009074921770374,0.004295892780701386,0.28120112935122965,-0.0480810814776322,1.3379320758285391,0.692,-0.007,0.0032
0.0126,0.028564,0.071533,1.342285,0.030823,-2.087952,0.894318,0.6965410181953273,0.0009452996094870879,0.004378532451252588,0.32216517487509577,-0.09848324473392431,1.3489270043105017,0.693,-0.007,0.0032
0.0117,0.06543,-0.001221,1.300293,0.610657,-2.179504,-0.753632,0.6982593422936479,0.000983043180705194,0.004543126910451871,0.3279410493246307,-0.169973631543231,1.3397292091465751,0.696,-0.007,0.0032
0.0118,-0.045166,-0.045654,1.41333,1.678772,0.780701,-0.082245,0.699805135063753,0.0010206303043389215,0.00448630818707351,0.3218828344060887,-0.14264321324481244,1.3389907452275083,0.697,-0.007,0.0032
0.0117,-0.021484,0.052246,1.201172,-0.365906,-1.965881,-0.631561,0.7012264397458818,0.0010540116842574939,0.004466646992481725,0.35063525243166316,-0.15967266118394338,1.3314165433316476,0.698,-0.007,0.0016
0.0124,-0.032471,-0.000977,1.28125,0.94635,0.750183,-0.875702,0.7030738155177573,0.0010976257744928365,0.004429741253716937,0.3608404792084324,-0.13819820559830012,1.3206773404679626,0.7,-0.007,0.0032
0.0117,-0.072266,-0.022217,1.388184,0.06134,-0.378967,3.76297,0.7046887461567387,0.001136705972495553,0.00431932858450769,0.3480056955856285,-0.10974348231778906,1.3648548014817414,0.701,-0.007,0.0049
0.0119,-0.029297,0.041992,1.281738,1.495667,-0.501038,1.168976,0.7061106215200414,0.0011714585070633093,0.004286173724101346,0.38988110280164984,-0.10597269377556717,1.3787778885354496,0.704,-0.007,0.0032
0.0123,-0.065186,-0.039062,1.24292,0.000305,0.170349,0.131378,0.7077037313290868,0.0012110342938661256,0.004180131053132285,0.364630906582956,-0.07180490773301389,1.380529281723068,0.705,-0.007,0.0032
0.0123,0.035889,0.000244,1.396484,1.617737,2.55072,3.091583,0.7092340167939745,0.0012462387957788913,0.004276818123520982,0.38319062048177205,-0.06815827248580075,1.418615101191047,0.706,-0.007,0.0049
0.0112,-0.040039,-0.064941,1.32666,2.991028,2.703308,-3.011932,0.7105443374786372,0.0012789198151251034,0.004230085093878152,0.377623064838142,-0.0227514357401149,1.3851009369064708,0.708,-0.007,0.0032
0.0121,-0.070557,0.026611,1.36499,1.861877,1.574158,0.497589,0.7119361237131262,0.0013151890648869066,0.0041226029294724595,0.4135394161207938,0.027512018349392153,1.3914954728280422,0.709,-0.007,0.0049
0.0128,0.060791,0.004883,1.279785,2.167053,1.085876,-1.089325,0.7135410540643636,0.001351086144363422,0.004277762565695321,0.44240204498071817,-0.004208339791760038,1.3773882767544474,0.71,-0.007,0.0032
0.0119,-0.078857,-0.010986,1.454102,-0.274353,1.604675,1.260529,0.7148028112148539,0.0013835563949895257,0.0041643439704359235,0.43124089378056346,0.04833221953101668,1.3927098740816641,0.712,-0.007,0.0016
0.0118,-0.006104,0.060059,1.249756,0.702209,0.811218,-4.141083,0.7160885096991102,0.001415418355279041,0.004181163548855936,0.47457242855812015,0.05227977022738237,1.3440364815117882,0.713,-0.007,0.0016
0.0117,-0.055664,0.003418,1.331055,0.335999,0.231384,-1.669159,0.7175393924246632,0.0014507310596231008,0.004102497945895969,0.47816509797391604,0.0780425094441964,1.3246378905032035,0.715,-0.007,0.0032
0.0117,0.093994,0.057861,1.320068,-1.311951,1.2995,1.840363,0.7187545442871603,0.0014763901345984198,0.004313299934764656,0.4941084860602736,0.02934352553284523,1.3461514890740904,0.715,-0.007,0.0032
0.0132,-0.077148,-0.090088,1.349121,-1.006775,0.383972,-3.561249,0.7201804591228653,0.0015108415042215549,0.004199083761413372,0.42742464851445694,0.0697082559135626,1.2991771893226374,0.717,-0.007,-0.0
0.0109,0.114746,0.118164,1.275879,1.495667,3.862976,-7.284393,0.7212468109513843,0.001531707624477248,0.0044536790559194465,0.5116992733145295,0.03459316671012685,1.219956613288176,0.718,-0.007,-0.0
0.0125,-0.094238,-0.04126,1.203125,0.671692,-5.811096,-8.749237,0.7228099763143364,0.0015670301601055292,0.004285228052553177,0.49147712864908927,0.013698329712240106,1.1100952008119465,0.719,-0.007,-0.0
0.012,0.111084,0.081543,1.403809,0.091858,1.391052,-5.270233,0.7244643044288366,0.0015963936710345057,0.004510521817594865,0.5341309606319143,-0.037567679909324234,1.046803367003498,0.721,-0.007,0.0016
0.0121,-0.025146,-0.105713,1.346191,0.274963,1.085876,-2.828827,0.7258012457066697,0.001621870061936169,0.004494151352848924,0.4745973028563165,-0.01804896034891708,1.0127834908638282,0.722,-0.007,-0.0016
0.0121,-0.114014,0.081299,1.304688,0.519104,4.717468,-11.038055,0.7269577341131831,0.0016449615837497212,0.00430365616778672,0.5260185397259143,0.09753158540401856,0.880000024884149,0.723,-0.007,-0.0065
0.0122,-0.005615,0.118652,1.35376,1.129456,-2.24054,-15.64621,0.7280432856153823,0.0016621332150011403,0.004319776653353748,0.6033545723477052,0.06599987337009706,0.6890323870007279,0.724,-0.007,-0.0097
0.0121,-0.08374,-0.007324,1.412842,-1.342468,0.200867,-9.542694,0.7293083412804177,0.0016777028102930032,0.004198882801379594,0.5794285821417237,0.10622175097575912,0.5735933364933437,0.725,-0.007,-0.0065
0.0121,0.071533,0.077393,1.366455,-0.304871,-0.440002,-8.108368,0.7305838921253535,0.0016906833424250112,0.004356505266162634,0.6154011559632445,0.05258593729078815,0.4755572352347837,0.727,-0.007,-0.0097
0.0113,-0.050049,-0.10791,1.331543,-1.403503,-2.60675,-4.354706,0.7319063258635542,0.001701398638099249,0.004291374895122457,0.5342056621274092,0.043527983620935885,0.425931713098249,0.728,-0.007,-0.0113
0.0122,0.161133,-0.057617,1.361084,-2.471619,4.351257,-7.345428,0.7330329857910749,0.0017069542087943207,0.004609831193598667,0.46939401876103026,-0.0012830624239590924,0.3365466119910067,0.728,-0.007,-0.013
0.0121,-0.120361,-0.098145,1.405518,1.282043,3.527283,-12.686005,0.733947557716582,0.0017160435768756755,0.004427616260830734,0.42927312040896354,0.09929252070946112,0.18362997151096488,0.729,-0.007,-0.0178
0.0121,0.037598,0.169434,1.107666,0.793762,-3.644348,-15.341034,0.7349330251324081,0.0017164160461439245,0.004543074231871236,0.552095139019505,0.020463355944811343,-0.002435789132010993,0.731,-0.007,-0.021
0.0113,-0.020508,-0.051758,1.506104,0.610657,-0.897766,-13.235321,0.7361195821467126,0.0017169937525721947,0.004533294795033788,0.5292231061818435,0.014495017080606925,-0.15204935812077577,0.732,-0.007,-0.021
0.0129,0.134033,0.044922,1.312744,0.610657,0.689148,-6.277313,0.7375886535416263,0.0017104395223906715,0.004807550305073863,0.5601861581813972,-0.06212217167543132,-0.23313755073743045,0.733,-0.007,-0.0194
0.0111,-0.104736,-0.136719,1.15332,-0.304871,-0.745178,-1.638641,0.7387940567099527,0.0017113936481535396,0.00461793221463539,0.46480464015354034,-0.010766655493871784,-0.25086436885343866,0.735,-0.007,-0.021
0.013,0.042969,-0.061279,1.32373,-1.006775,3.43573,0.467072,0.7400479745649072,0.001705180256815364,0.004723683964920344,0.414330846287398,6.284401609492158e-05,-0.2445134049009918,0.736,-0.007,-0.0227
0.0111,-0.008057,-0.044922,1.328369,-0.976257,1.696228,-2.950897,0.7409747531488423,0.0017021004942444286,0.004735926843599038,0.3761138315765417,0.014982416883354386,-0.27706922954900326,0.736,-0.007,-0.0259
0.0122,0.05835,0.049561,1.257812,0.519104,1.146912,-1.211395,0.7419255820748544,0.0016927381274533058,0.004876182961530195,0.41137442900209975,-0.01565188060648602,-0.29216321244424265,0.738,-0.007,-0.0259
0.0122,-0.016357,0.029785,1.268555,0.183411,-3.125549,-2.737274,0.7430540869630243,0.0016860662414635338,0.004872512988675563,0.43013548443915656,-0.05210389425243477,-0.32592667110945156,0.739,-0.007,-0.0275
0.0121,0.068359,-0.009521,1.358154,-0.457458,1.055359,-3.317108,0.7443298507512573,0.0016765215434221426,0.005017315688410403,0.41750407234155434,-0.08546351746750777,-0.36615211360015915,0.74,-0.007,-0.0275
0.0114,-0.061768,-0.069824,1.309082,-0.701599,0.506042,-8.016815,0.7454930989647475,0.0016741304999168098,0.004930556000449302,0.3674158362606524,-0.05089132102557913,-0.45701180718749246,0.741,-0.007,-0.0291
0.013,0.010498,0.102539,1.329346,-0.549011,-1.263977,-9.695282,0.7467733143236552,0.001658985806324102,0.004976816726043703,0.4181763638994927,-0.08039922590128826,-0.583655921139504,0.742,-0.007,-0.0308
0.0119,-0.020264,-0.028809,1.367188,-1.556091,-0.256897,-2.767792,0.7480763635661244,0.0016471904708211624,0.004965987962420612,0.38202003149510105,-0.07934586205030876,-0.6164600132419481,0.744,-0.008,-0.0308
0.0119,-0.037598,0.029541,1.26001,-0.549011,-0.775696,0.772247,0.7494152643943436,0.001632485069839993,0.0049235653288294936,0.39236590425846957,-0.0739183986857762,-0.6073838240259894,0.745,-0.008,-0.0308
0.0112,0.020752,-0.040039,1.287354,-0.823669,-1.874329,-0.173798,0.7506580813869765,0.0016198329080213982,0.004985684243852845,0.358174190675955,-0.11507841232458096,-0.6093782069498048,0.746,-0.008,-0.0308
0.0126,-0.089355,-0.036377,1.521729,-1.006775,1.177429,-4.415741,0.7517989248514522,0.0016114766407528277,0.004870394525909484,0.3260855279447681,-0.06146520893895852,-0.6645736136209236,0.747,-0.008,-0.034
0.0122,-0.073486,-0.026611,1.263428,1.159973,0.750183,-4.019012,0.7529035157257375,0.001602091756761529,0.004761956687663915,0.3234789440648804,-0.016023905989249458,-0.7132486910916067,0.748,-0.008,-0.034
0.0112,-0.011475,-0.043701,1.311279,0.274963,2.459167,-2.15744,0.7542305897692281,0.00158643964716329,0.0047674674882236074,0.300417125527681,0.009536705119556706,-0.7371915710359833,0.75,-0.008,-0.0308
0.012,0.012207,0.010742,1.202637,0.580139,-3.949524,-3.500214,0.7555982171165972,0.0015671222306499718,0.0048182836841175825,0.314007336486388,-0.05447942404108869,-0.7795986750815966,0.751,-0.008,-0.0324
0.0122,-0.046387,-0.016357,1.414307,0.82428,1.513123,-1.15036,0.7567207792063525,0.0015537414981037475,0.004766686750686663,0.3143925772238789,-0.01853470358212408,-0.7933627845263711,0.752,-0.008,-0.034
0.0123,-0.084961,0.092285,1.381348,2.502747,2.55072,-8.688202,0.7577113881975294,0.0015413838149520786,0.00465505354262065,0.3950344999231325,0.05191557011130992,-0.899884406009918,0.753,-0.008,-0.0389
0.0121,0.004883,0.073486,1.177734,-0.579529,-1.508118,-8.047333,0.7586609056220818,0.0015245603190192176,0.004696043305128198,0.43456141055654834,0.021162077615613065,-0.99750227015632,0.754,-0.008,-0.0389
0.0117,-0.058105,-0.044678,1.404297,-1.250916,0.017761,-4.598846,0.7599188173863526,0.0015044251086034255,0.004625050644738531,0.39377843843130433,0.04505820593403104,-1.0511841602360954,0.755,-0.008,-0.0372
0.0119,0.039307,0.038818,1.309082,-0.06073,0.139832,0.009308,0.7612092760728867,0.0014785974718985733,0.004720073660369997,0.41434794806830505,0.014623132343508398,-1.0512204140783206,0.756,-0.008,-0.0356
0.0126,-0.063477,-0.077393,1.252441,-0.610046,1.330017,4.464874,0.7624695026074935,0.001458326593642197,0.0046309277713466185,0.3581801745313115,0.0602461421070431,-0.9946598330384251,0.757,-0.008,-0.0356
0.0125,-0.001465,-0.040039,1.295166,-1.403503,0.506042,0.98587,0.7635004849096562,0.0014403183063637199,0.004653738573248063,0.3161962474342211,0.057856432053094105,-0.9823429554069446,0.758,-0.008,-0.0405
0.0116,-0.019531,0.063965,1.423096,-1.556091,-0.440002,-1.516571,0.7643297759270945,0.0014254928681917815,0.004649166035024481,0.33191148554246225,0.05478439237059433,-0.9999702182977696,0.759,-0.008,-0.0389
0.0114,0.037109,0.019287,1.306396,0.274963,-1.263977,-6.643524,0.7653722861838809,0.0014052111633477058,0.004738266640604997,0.34552524149072195,0.009977534038415985,-1.0759551231052822,0.76,-0.008,-0.0389
0.0124,0.052979,0.071045,1.402344,1.434631,3.527283,-6.490936,0.7666177391313708,0.001378467381777949,0.0048487005927646465,0.40067530178686483,0.016748492417031885,-1.1564189218538934,0.761,-0.008,-0.0372
0.0118,-0.009766,-0.026855,1.258301,1.06842,-0.928284,-4.141083,0.7677561720948023,0.0013562512493791913,0.004856391149845177,0.39549596665902026,0.00295618728836664,-1.2052967618794843,0.762,-0.008,-0.0389
0.0116,0.044922,0.004395,1.36377,1.007385,1.909851,-4.324188,0.7688516779787454,0.0013316028082576332,0.004953348259071926,0.4080285570957726,-0.008296599862247884,-1.2554287054214839,0.763,-0.008,-0.0389
0.0123,-0.038574,-0.07666,1.340332,-1.617126,0.231384,-1.974335,0.7698848294039329,0.0013124980056284344,0.004911778882268132,0.34313706696709023,0.008252195483442453,-1.2793926747605964,0.764,-0.008,-0.0405
0.0123,0.104736,0.070312,1.216553,-0.884705,-0.043274,-4.354706,0.7709598164738762,0.001281174972454462,0.005126767703660705,0.3755091465131074,-0.06650726955223552,-1.3335981756807669,0.766,-0.008,-0.0421
0.0123,-0.057129,-0.014404,1.400391,-1.861267,2.062439,-1.669159,0.7719315611400952,0.0012604166534990848,0.005060714059569566,0.3436565331066516,-0.01750588072836082,-1.353807110945731,0.766,-0.008,-0.0421
0.0112,-0.010986,0.031494,1.268311,-0.304871,-1.386047,-1.9133,0.7728216782277988,0.001237833057363236,0.005067950329756631,0.3585193069524566,-0.034917487903744375,-1.3754741043411434,0.767,-0.008,-0.0405
0.0125,0.030273,0.013184,1.361328,-0.732117,1.42157,-4.080048,0.7739522789270444,0.0012091703000109207,0.005139884983425031,0.35579813428599877,-0.04203000855876532,-1.4264899393399924,0.769,-0.008,-0.0421
0.0115,0.005371,-0.049805,1.298584,-0.793152,-0.836731,-6.124725,0.7749753325395256,0.0011859849857369666,0.005170293439978299,0.3165984163455026,-0.0626107695479275,-1.4967446170574124,0.77,-0.008,-0.0421
0.012,0.032715,0.003662,1.306641,0.183411,-0.775696,-7.528534,0.7762945417449718,0.0011500307800789622,0.005247549770937764,0.3204766956741837,-0.09850962875893059,-1.5872610018835083,0.771,-0.009,-0.0421
0.0127,-0.004639,0.003662,1.380371,-0.243835,0.261902,-6.18576,0.777583036205846,0.0011139610837993387,0.005262964299839537,0.3188397981421243,-0.0994490142364197,-1.6658334029297008,0.772,-0.009,-0.0405
0.012,-0.049805,0.01123,1.349854,0.488586,0.597595,-4.141083,0.7786388404827838,0.0010836290741803533,0.00520774743176755,0.33042973622959215,-0.0712577314064946,-1.7154686645290882,0.773,-0.009,-0.0405
0.0112,-0.039795,-0.028076,1.328125,-0.274353,1.330017,-1.425018,0.7794898493174036,0.0010604262342503456,0.00516623524476753,0.3105199185280872,-0.04136247208214818,-1.731133076308758,0.774,-0.009,-0.0421
0.0127,-0.032227,-0.069092,1.308594,-0.549011,0.719666,0.894318,0.7805055330318059,0.0010338900281235352,0.005134963103385179,0.26280051980999725,-0.021834439666834446,-1.7193461431060577,0.775,-0.009,-0.0389
0.0114,-0.068115,-0.064453,1.32373,-0.152283,-0.653625,3.183136,0.7816454096735135,0.0010049063204097522,0.005047623910228552,0.22392776915399432,0.0015000276467773267,-1.6826331600456694,0.776,-0.009,-0.0405
0.0121,0.005859,-0.021729,1.32666,0.458069,2.062439,1.504669,0.7828849859623978,0.0009683064550648973,0.005080116560586124,0.21727438860049317,0.01414719851882694,-1.6643498242791035,0.777,-0.009,-0.0421
0.0125,-0.013184,0.014648,1.286621,-0.091248,1.207947,-0.417938,0.7840969542427296,0.000932287032466534,0.005084131317873432,0.22538618958411033,0.02794050557569712,-1.669581365442184,0.778,-0.009,-0.0453
0.0114,-0.015137,0.020264,1.300781,0.458069,1.2995,-4.385223,0.7848547224851528,0.0009092641387184314,0.005085548417722054,0.24284490817169727,0.04264557996680861,-1.719584645381953,0.779,-0.009,-0.047
0.0128,-0.024658,0.014648,1.321777,0.641174,0.048279,-6.643524,0.7855520630760202,0.0008881005419983112,0.005071734976370608,0.2595751135561619,0.04882568363172954,-1.8046308879500708,0.779,-0.009,-0.0486
0.0112,-0.055664,-0.039307,1.289795,-0.335388,1.116394,-5.087128,0.7863975216407064,0.0008648194241562615,0.005006102189880841,0.23262059368065768,0.08507379260598412,-1.861293323969276,0.781,-0.009,-0.0453
0.0127,-0.053223,-0.011963,1.339844,-0.854187,-1.050354,-1.699677,0.7877305560912959,0.0008236331455255422,0.004947086682841359,0.21528602108146433,0.09294982232783616,-1.8827582128641567,0.782,-0.009,-0.0421
0.0121,-0.05127,-0.013916,1.393555,2.502747,0.628113,3.000031,0.7890066277071952,0.0007836713276009379,0.004893925746843636,0.23801135836943593,0.11932478884327362,-1.8462725309299126,0.783,-0.009,-0.0405
0.0111,-0.07959,0.050781,1.398926,-0.304871,0.231384,3.549347,0.7900387461043493,0.0007522509286824406,0.004803488527781006,0.2624931095958382,0.1557039497290891,-1.8066272740884248,0.784,-0.009,-0.0421
0.013,-0.015381,-0.020508,1.262207,0.519104,-0.226379,1.046906,0.7909417855266265,0.0007239807513234228,0.004803530043458218,0.2568831542794963,0.15139779069120884,-1.7930513245206756,0.784,-0.009,-0.0421
0.0114,-0.003418,-0.011963,1.315918,-0.091248,-2.24054,0.222931,0.7917620993984029,0.0006978423656454545,0.004821878982004014,0.24896360566281736,0.11786090784858556,-1.7906811812458303,0.786,-0.009,-0.0421
0.0123,-0.004639,0.010254,1.329102,-0.793152,-1.263977,-1.27243,0.7928131578965594,0.0006642377915334584,0.004838475319193955,0.2452937674804347,0.09540736591116912,-1.806449178517861,0.786,-0.009,-0.0405
0.012,0.019531,0.019043,1.376465,0.580139,1.055359,-2.645721,0.7937784627052681,0.0006318768615816247,0.004890600552847714,0.26276198912140875,0.08795733287975344,-1.8382845979913984,0.787,-0.009,-0.0405
0.0121,0.001221,0.079102,1.287354,0.854797,0.41449,-6.490936,0.7946369895187287,0.0006016644916016602,0.004920314380032867,0.3197809594951645,0.08282164192548527,-1.9169429659546782,0.788,-0.009,-0.0421
0.0117,-0.013672,0.022949,1.340576,0.854797,-0.806213,-7.375946,0.7954145821800045,0.0005750102360531794,0.0049240022919087145,0.34199964710962927,0.07240854120504285,-2.003328579468723,0.789,-0.009,-0.0437
0.0122,0.014648,-0.07251,1.253174,-0.030212,-1.538635,-3.713837,0.7962252251714366,0.0005478500677456411,0.004967018061022437,0.2967556989173225,0.035360881412733504,-2.0486849113371304,0.79,-0.009,-0.0405
0.0123,0.022949,-0.081543,1.311279,-0.884705,-0.897766,2.511749,0.7972821545913013,0.0005111347330908528,0.005019644263088555,0.23822499559502025,0.001895179029568344,-2.017768010884681,0.791,-0.009,-0.0421
0.0114,0.018311,0.01709,1.34375,1.007385,-1.508118,0.833282,0.7983301158703137,0.00047199396582078986,0.005068308018158393,0.2594995928046965,-0.03406153593400477,-2.0085370035491956,0.792,-0.009,-0.0437
0.0125,0.013184,-0.0271,1.383789,-1.037292,0.65863,2.023468,0.7993730847068776,0.00043524601312970503,0.0051066437266846145,0.23157307861238918,-0.041191783641154084,-1.9832133199589967,0.793,-0.009,-0.0405
0.0112,0.009521,0.052979,1.380859,0.183411,0.506042,-2.432098,0.8001732625015208,0.00040413138360635394,0.005142837118853227,0.263083721237545,-0.048537767213113446,-2.01074624783022,0.793,-0.009,-0.0421
0.0125,0.02002,-0.008057,1.197998,-0.152283,-4.163147,-1.119843,0.8010350315301737,0.0003727415916603889,0.0051968181213441446,0.2563388170856289,-0.12174382558874151,-2.0250678979423866,0.794,-0.01,-0.0356
0.0122,0.075439,-0.016357,1.438477,1.007385,5.480408,1.016388,0.8018392854760643,0.00034162852615183365,0.005316736492596391,0.2596419502602862,-0.10225852211797881,-2.012574175362105,0.794,-0.01,-0.0324
0.0114,-0.174072,-0.045898,1.111084,-0.365906,-5.444885,0.009308,0.8025011228596277,0.00033023507251316443,0.005042431305490872,0.22501770130735468,-0.05508389916808955,-2.0116620219381325,0.795,-0.01,-0.034
0.0121,0.064941,-0.004395,1.319336,-0.152283,0.41449,-0.173798,0.8038671543784075,0.0002782516222114003,0.005157476418837673,0.2210379471268864,-0.09565765939785438,-2.0140904267218884,0.797,-0.01,-0.0372
0.0129,0.080566,0.04834,1.533203,2.624817,-1.782776,-5.148163,0.8052461559052333,0.00022362839920647123,0.00527681779836931,0.27874853451720255,-0.16461978191923987,-2.0811867827384525,0.798,-0.01,-0.0405
0.0111,0.018066,0.031982,1.125244,0.152893,-2.301575,-4.446259,0.8062498363334082,0.00018329512309636655,0.005332116393418584,0.30256051111844695,-0.21030972087701544,-2.131077554177842,0.799,-0.01,-0.0372
0.0129,0.087891,-0.067139,1.337891,0.122375,10.11908,3.427277,0.807364405206075,0.00014218158305682587,0.005475935478233518,0.265385138123369,-0.13761227792121794,-2.086049805135432,0.799,-0.01,-0.034
0.0111,-0.290039,-0.111572,1.371826,0.610657,-5.50592,3.6409,0.8080702009500127,0.00013750077820806373,0.005103769451089678,0.21191029251868795,-0.049130568268917575,-2.043950323301637,0.8,-0.01,-0.0356
0.0124,0.069092,0.012695,1.176025,-1.891785,-1.325012,3.274689,0.8092965232932525,8.707055507405106e-05,0.005237626410380276,0.19772298187070977,-0.11941225947319206,-2.0040024743999147,0.802,-0.01,-0.0356
0.012,0.010498,-0.027588,1.553467,-1.18988,4.168152,-2.187958,0.8105196728939421,4.4197713031203976e-05,0.005268172673911946,0.17031303896027034,-0.08108524655405819,-2.030081776526155,0.803,-0.01,-0.0372
0.0119,0.052246,0.064209,1.125244,0.671692,-4.987122,-3.652802,0.8115479512066701,-1.4432374744551542e-06,0.005380358467981003,0.22309415623726078,-0.1842060775461105,-2.0746633585702767,0.804,-0.01,-0.0356
0.0124,0.061279,-0.087158,1.51709,-0.396423,6.975769,6.845245,0.8125327957829744,-3.549126806745867e-05,0.005471383643613993,0.17430478086452622,-0.13526713876425084,-1.9892090235328186,0.804,-0.01,-0.0324
0.012,-0.013916,0.036865,1.229492,-0.396423,0.139832,5.685577,0.8133722779975795,-6.771416482161956e-05,0.005473007356423279,0.19346672466367504,-0.13301331213881,-1.9213072718469406,0.805,-0.01,-0.0308
0.012,-0.033691,-0.10498,1.198975,1.037903,0.475525,4.922638,0.8142959171286295,-8.889555279552424e-05,0.005439130766641276,0.14004156285559644,-0.1142699150217361,-1.8612061061784138,0.806,-0.01,-0.0308
0.012,0.106445,0.099121,1.523682,-0.213318,-1.843811,-1.333466,0.8153388075980164,-0.00013647931698817551,0.005586506880623728,0.18776491847458693,-0.19533633849291257,-1.878622321552842,0.807,-0.01,-0.0324
0.0115,0.037354,0.063721,1.279053,-0.091248,-2.393127,2.816925,0.816349975517625,-0.00017840551690132003,0.005661544914846311,0.22540159868240642,-0.2517627612285128,-1.8472569610876592,0.808,-0.01,-0.0275
0.0123,-0.096436,-0.170898,1.265381,1.129456,2.581238,4.251251,0.8173954428217935,-0.00019154800371884773,0.005538901005985735,0.1379061988401247,-0.16953578620798257,-1.792661154817784,0.809,-0.01,-0.0291
0.0123,0.055664,0.151611,1.241211,-1.342468,-5.292297,1.809845,0.818433857110607,-0.0002420620144428786,0.00564368772159087,0.21495178930573952,-0.27510547523522044,-1.7725652579645645,0.81,-0.01,-0.0291
0.0112,0.020752,-0.115479,1.434326,0.274963,3.100037,5.044708,0.8194188758797227,-0.00026459282872065874,0.005684396326627276,0.1568269311726986,-0.25699672392495776,-1.7149501748673468,0.811,-0.01,-0.0275
0.0125,-0.025635,0.100586,1.297363,0.335999,-0.409485,-1.058807,0.8203684744998371,-0.0003016074167667562,0.005670357488158638,0.2211421802170747,-0.2530720098647762,-1.729241359992702,0.812,-0.01,-0.0275
0.0124,0.034912,-0.037354,1.179688,-3.448181,-0.867249,5.197296,0.8214403353366471,-0.00033292616021684813,0.005743820401034185,0.15510490015829745,-0.2935463662642872,-1.6646163473732412,0.814,-0.01,-0.0243
0.012,-0.090088,-0.029297,1.713379,0.06134,0.841736,3.091583,0.8224002463802894,-0.00035524815885444377,0.005662104787767885,0.14306872164442253,-0.24707821954409995,-1.6269439415805247,0.814,-0.01,-0.0259
0.0116,0.007812,0.015137,1.0271,0.580139,-1.538635,-1.333466,0.8232349686463243,-0.0003823328988637633,0.005699563427717299,0.16306561020399366,-0.2790260791528295,-1.642817177415941,0.815,-0.01,-0.0259
0.0119,0.027344,-0.119629,1.271729,-1.678162,5.724548,7.058868,0.8243232088938276,-0.0004049306505666605,0.00575589217439207,0.07269469656557598,-0.234146005401879,-1.5575894273062443,0.816,-0.01,-0.0243
0.0119,-0.083008,-0.026367,1.438477,1.526184,-4.804016,2.481232,0.8252811517763972,-0.00042400617614386945,0.005667762733233129,0.0782890919733938,-0.2522155421210473,-1.5274676100777462,0.817,-0.01,-0.0243
0.0121,0.068848,0.039307,1.195801,-1.525574,-4.681946,4.861603,0.8264962946602348,-0.00046689810462444495,0.005791054886254848,0.08691448244612346,-0.3589994372698353,-1.4697958258187935,0.819,-0.01,-0.0227
0.0121,0.067627,-0.026611,1.469971,-0.823669,4.992126,0.558624,0.8276994829111786,-0.0005003939780519336,0.005890698144778472,0.06474658730373288,-0.3383048146283172,-1.4631089287895485,0.819,-0.01,-0.0227
0.0122,0.014648,0.055664,1.135986,1.861877,-0.897766,5.044708,0.8287176562452058,-0.000535652297879695,0.005935740446451592,0.12671067849636622,-0.36554685421918265,-1.4026486471214232,0.82,-0.01,-0.021
0.0123,-0.090332,-0.091797,1.337891,-1.983337,-0.501038,4.617462,0.8297140935879186,-0.0005456945397492364,0.005832274344708788,0.05138390736986139,-0.3250942210232619,-1.3442881632441734,0.821,-0.01,-0.021
0.0117,-0.018311,-0.031738,1.372314,-1.800232,-3.430725,7.119904,0.8307200630122866,-0.0005660405086384999,0.0058243763463239635,0.01444714955082893,-0.35958914738108455,-1.2606267878819422,0.822,-0.01,-0.0194
0.0121,0.055908,-0.106201,1.269775,1.190491,2.611755,3.457794,0.8318689559021357,-0.0005866374228664409,0.005919766999886707,-0.0323581160939081,-0.36692597982761477,-1.2179914995873018,0.824,-0.01,-0.021
0.0121,0.016357,0.097168,1.385986,1.129456,-1.904846,-1.363983,0.8329817167053325,-0.0006224483721147961,0.00595857328343981,0.03755965991860298,-0.4031089486969928,-1.2359543083106597,0.824,-0.01,-0.0178
0.0122,-0.074219,-0.099854,1.308105,0.671692,2.367615,5.716095,0.8341103206277304,-0.0006314833304052598,0.005877134016846119,-0.010512878811803976,-0.3359076703591233,-1.1644945449177442,0.825,-0.01,-0.0162
0.0111,-0.110352,0.032227,1.418945,2.014465,0.872253,0.009308,0.8349819626541101,-0.0006437862173526107,0.005757761106893142,0.03151995959174896,-0.27167714961750705,-1.1640073279620262,0.826,-0.01,-0.0178
0.0124,0.037354,0.029297,1.283203,0.274963,-1.050354,7.333527,0.8359300865844281,-0.0006698777829406518,0.005826771577257346,0.054344562953669386,-0.3128646757153682,-1.0737797455345903,0.827,-0.01,-0.0162
0.0117,-0.090576,-0.133301,1.363281,0.244446,-0.867249,4.739532,0.8369131617384657,-0.0006714764785074783,0.0057277542456952175,-0.015064317174501024,-0.2777333094714258,-1.0164908965330712,0.828,-0.01,-0.0162
0.0123,0.060059,0.091797,1.322266,0.397034,-2.393127,4.403839,0.8380257221040556,-0.0007049110483928147,0.005824447193218389,0.04505095746635989,-0.34701653538435323,-0.9638274792295737,0.83,-0.01,-0.0146
0.0123,0.031494,-0.074219,1.249023,2.685852,5.083679,2.603302,0.8391507886602652,-0.000721270550684602,0.005888105924327311,0.034690736919025994,-0.3098701604915819,-0.9312996639288369,0.83,-0.01,-0.013
0.0119,-0.229492,0.010498,1.448975,1.83136,3.588318,9.103546,0.8400323039069031,-0.000718233335011242,0.005635693492558367,0.06324244648877668,-0.1532785071280801,-0.8214136107452978,0.831,-0.011,-0.013
0.0118,-0.081787,-0.067383,1.070068,-1.891785,-8.16095,8.035431,0.8409235892434296,-0.0007188291802448582,0.005525194879140556,-0.004338948172328463,-0.19958848308123583,-0.7254565903570256,0.832,-0.011,-0.0113
0.0128,0.141602,-0.205322,1.464111,0.885315,6.090759,7.211456,0.8421579957650265,-0.0007413066986686266,0.0057058072631757835,-0.09569943445531333,-0.20024664173394316,-0.6335625874332005,0.833,-0.011,-0.0097
0.0113,0.099609,0.112305,1.320557,2.289124,0.65863,8.859406,0.8430161132278309,-0.0007725439072706638,0.005850749281448771,-0.0025582381110749466,-0.2561502505457253,-0.5356419309540448,0.833,-0.011,-0.0065
0.0121,-0.119385,-0.104492,1.111572,1.190491,-2.087952,6.479034,0.8438516868700242,-0.0007568002538600739,0.00569036328857562,-0.0563448908770334,-0.20763556687580745,-0.4548828833507066,0.834,-0.011,-0.0081
0.0115,0.034668,0.03418,1.470215,1.70929,-1.202942,6.631622,0.8447771750747923,-0.0007714629562076748,0.0057456247346126255,-0.016418565836507835,-0.24482459214748017,-0.3793348462469642,0.835,-0.011,-0.0049
0.0122,0.086182,-0.070312,1.209229,3.387756,5.694031,9.195099,0.8458928916695655,-0.0007873483473023107,0.005887524322943661,-0.01687649844313111,-0.2369167517045852,-0.2677945610131962,0.836,-0.011,-0.0016
0.0121,-0.129395,-0.024902,1.377686,0.000305,-0.958801,10.537872,0.8467162908152249,-0.0007744548871623369,0.0057458650056548075,-0.028376168847602707,-0.18275980423923577,-0.13873589250189222,0.837,-0.011,-0.0032
0.0123,0.047363,-0.028809,1.258301,-0.1828,-1.4776,6.417999,0.8474847109669873,-0.000783182910523297,0.005827038439350833,-0.04518286236057522,-0.236554962094388,-0.06036174156607235,0.838,-0.011,-0.0016
0.012,0.073242,0.062988,1.529541,3.357239,3.222107,5.53299,0.8486902985472055,-0.0007986128615168972,0.005923149235646838,0.02859753542982113,-0.23968348127277564,0.00463500267786969,0.839,-0.011,0.0032
0.0114,-0.063477,-0.098633,1.137451,1.95343,0.689148,11.819611,0.8497907401223472,-0.0007818627687543081,0.005853098944646221,-0.01284049696395259,-0.1971293911339155,0.14108068489947306,0.84,-0.011,0.0049
0.0121,0.089111,0.110596,1.452393,-1.098328,-0.714661,6.448517,0.8508489736260693,-0.0007997615678441862,0.0059690157860236796,0.03395037606498775,-0.25783489794835895,0.21706070255698023,0.841,-0.011,0.0016
0.0122,0.052979,0.043213,1.411621,2.502747,-0.043274,0.558624,0.8518124341946702,-0.0008072687422571736,0.006046766184705336,0.08964948702889519,-0.2923305618512412,0.22276928948788596,0.842,-0.011,-0.0
0.0119,0.054932,0.060059,1.332275,2.472229,4.870056,1.291046,0.8527759550710607,-0.0008170256903349248,0.006132182634762913,0.15474896230487362,-0.27185709465255575,0.2368918831150808,0.843,-0.011,0.0049
0.0121,-0.078857,-0.067627,1.219482,-1.95282,-2.789856,1.840363,0.8539439951991378,-0.0007968896508501458,0.006045279170554358,0.0903933818913671,-0.26260272651687755,0.2606222150055931,0.844,-0.011,0.0065
0.0126,0.020264,-0.018555,1.333008,0.549622,1.116394,7.516632,0.855310912324599,-0.0007928379995203574,0.0060900598406678575,0.08794301407980433,-0.2662667129143276,0.35520007643696366,0.846,-0.011,0.0081
0.0111,0.040283,0.093262,1.569336,2.502747,-0.440002,4.373322,0.8563318386435864,-0.0007991053275217608,0.006145161233757562,0.1617756776947688,-0.29517208424253427,0.40240662134260075,0.846,-0.011,0.0065
0.013,-0.004639,-0.027832,1.173096,-1.006775,-1.996399,1.74881,0.8573327804455677,-0.0007897584158436378,0.006158148282247328,0.13193752220146332,-0.3245306373999513,0.4253656759147983,0.847,-0.011,0.0032
0.0117,0.042969,-0.037354,1.45166,0.763245,3.496765,3.122101,0.8582509540781813,-0.0007848320195593722,0.006223333818115802,0.12204089528098902,-0.31118604889072476,0.46191884459126614,0.848,-0.011,0.0049
0.0121,-0.068359,-0.013916,1.265137,2.594299,-0.59259,1.74881,0.859267631898085,-0.000768313916782142,0.006152535970539226,0.1461573197174295,-0.28282889925925797,0.4838324188579536,0.849,-0.011,0.0049
0.0122,-0.000977,0.009521,1.407715,-0.640564,3.31366,6.78421,0.8603594308899417,-0.0007611503634943921,0.006168497105163451,0.14425243540810645,-0.24764568204253853,0.5664944776819867,0.85,-0.01,0.0081
0.0118,-0.114258,-0.031982,1.2771,0.458069,-1.660706,4.251251,0.8614514344178272,-0.0007353617911771627,0.006041042452612803,0.13163357378983453,-0.20542199125822536,0.6179951331873624,0.851,-0.01,0.0097
0.0113,0.039307,0.077881,1.349121,1.83136,1.024841,0.74173,0.8625697866788838,-0.0007351622652263526,0.006104428998198458,0.19726845654710579,-0.22240923071081328,0.6252229465295954,0.852,-0.01,0.0081
0.0128,0.02417,-0.008545,1.354736,-0.274353,-0.684143,-1.15036,0.8636703400672741,-0.0007259777323796125,0.006150868620936803,0.1896293172200267,-0.2507529116971128,0.6102388674080763,0.853,-0.01,0.0081
0.0111,-0.034912,0.010742,1.395264,-0.121765,1.482605,2.023468,0.8644474042542805,-0.0007163663041134515,0.0061254483416261505,0.19467484669994156,-0.22098303412096298,0.6328457250383642,0.854,-0.01,0.0065
0.0122,-0.025146,0.032471,1.251221,2.594299,-0.134827,1.62674,0.8651184245608076,-0.0007105364057629642,0.0061090298117536575,0.2465725141989121,-0.2141348801937059,0.6524772880672917,0.854,-0.01,0.0032
0.012,-0.012939,0.005127,1.288574,-1.281433,0.597595,4.342804,0.8657543860852936,-0.0007036289007046078,0.0061091662009703585,0.23442588068801865,-0.2061882036989908,0.7045803988013898,0.855,-0.01,0.0049
0.0124,-0.03125,-0.012451,1.387939,0.763245,-1.172424,3.793488,0.8670687793660253,-0.0006847276433801487,0.00609034307694544,0.23690974980514254,-0.20961919018448366,0.7518176723386807,0.856,-0.01,0.0065
0.0118,0.043945,-0.001709,1.31543,0.488586,-1.630188,3.579865,0.8685020695949137,-0.0006708570417840778,0.006162725182652979,0.24172981039396982,-0.26077946423641585,0.7935587450242647,0.858,-0.01,0.0097
0.0123,0.039062,-0.070801,1.297363,0.427551,1.726746,3.793488,0.8696948054287634,-0.0006527185258472684,0.006231699695059081,0.2054114103749773,-0.2689390806059007,0.8406236302837816,0.859,-0.01,0.0097
0.0118,-0.003174,0.025146,1.327148,0.305481,0.292419,2.664337,0.8707094433821269,-0.0006410109853805748,0.00624416284234317,0.2238748697459817,-0.2695883484771899,0.8717331441950603,0.86,-0.01,0.0097
0.012,0.017822,0.016113,1.310059,0.793762,0.078796,0.894318,0.8715851859061525,-0.0006320385164755345,0.0062820317156118514,0.24305552471123873,-0.2849653961327954,0.882048138396251,0.86,-0.01,0.0097
0.0125,0.01001,0.006836,1.335449,-0.304871,-0.287415,0.406036,0.8723724832316816,-0.0006224502772622493,0.006309292592971998,0.2433335268819589,-0.2998361400668832,0.8868701027738253,0.86,-0.01,0.0081
0.0121,-0.020264,0.000977,1.25415,0.366516,-0.287415,-0.601044,0.8729895559969651,-0.0006120349879004094,0.0062991100562924075,0.24868755702650985,-0.2968518268418951,0.8796517922703598,0.861,-0.01,0.0032
0.0115,-0.007812,-0.021973,1.385498,0.183411,-0.34845,0.100861,0.8737599536620346,-0.000598244951724697,0.006305262168368971,0.23865442122485048,-0.3016424001525909,0.8810257222781466,0.862,-0.01,-0.0
0.0124,-0.041504,-0.057861,1.279053,0.122375,-1.019836,1.260529,0.8747582024034845,-0.000573967245648499,0.006272483129531916,0.20586192536136516,-0.2952065826775402,0.8975487339081917,0.863,-0.01,0.0016
0.0115,0.035645,0.021729,1.318359,1.312561,2.092957,2.450714,0.875965303114636,-0.0005618399434582084,0.006332775438505397,0.23381756601375864,-0.29767456900655925,0.9251741720193845,0.864,-0.01,0.0049
0.0125,-0.060547,-0.03125,1.276367,1.007385,-0.653625,4.64798,0.8772028980110315,-0.0005335060297875675,0.006277066942379746,0.22765842348381093,-0.2755935347932949,0.984049226746348,0.865,-0.01,0.0097
0.0112,-0.015137,-0.135254,1.244385,1.007385,2.886414,6.723175,0.8781771950920224,-0.0005037068073838306,0.006280329203748245,0.1567326403819594,-0.24091697830934658,1.060924542891999,0.866,-0.01,0.0146
0.0124,-0.019287,0.023682,1.308105,1.007385,0.628113,4.617462,0.8788529121940002,-0.0004923244036110336,0.0062721713952360114,0.18380347342869305,-0.2283021515909076,1.1180538205719317,0.866,-0.01,0.0162
0.0122,-0.017822,0.036621,1.24707,0.183411,0.719666,1.321564,0.879517708457579,-0.0004819158448681409,0.006265306519074298,0.20935002210929626,-0.21550080793766077,1.1339061670611503,0.868,-0.01,0.0113
0.0122,0.015137,0.069336,1.185547,2.380676,-0.562073,-9.96994,0.8806946081460736,-0.0004684245350268149,0.006302348524132161,0.2839572760251569,-0.23888234754141863,1.0112371986082065,0.868,-0.01,0.0081
0.0113,0.012451,0.013672,1.452148,0.427551,1.42157,-4.385223,0.8815588105472131,-0.00045623277247492825,0.006330238885033843,0.29564237153897716,-0.23463650244411824,0.961477544024039,0.869,-0.01,0.0081
0.0122,-0.116211,-0.122314,1.253906,3.265686,0.475525,5.319366,0.8824193473705035,-0.0004197086513677566,0.00620860111058197,0.2609983937841852,-0.16586902587573832,1.0285314560357992,0.87,-0.01,0.0113
0.0122,-0.116699,-0.115234,1.308594,0.610657,1.116394,8.249054,0.8833347282167774,-0.0003829267336227145,0.006092271324386316,0.20154028291048764,-0.09231744607035425,1.131097368642207,0.871,-0.01,0.0113
0.0125,0.08667,-0.058105,1.190186,0.305481,-3.919006,4.403839,0.8842402619978265,-0.00037694056944945973,0.006223250807260525,0.1690646657950234,-0.20482658420087477,1.184988684171575,0.872,-0.01,0.013
0.0119,0.096191,0.041748,1.431152,0.763245,1.360535,0.192413,0.885132070217273,-0.00037578394074041463,0.006340097837764727,0.2009736721522628,-0.24571373728133866,1.1857287931508207,0.873,-0.01,0.013
0.0114,0.030029,0.054443,1.266113,0.915833,0.841736,1.413116,0.8859182750382772,-0.00037043457965534916,0.006391127478017995,0.2447397029599493,-0.2607597704103839,1.2007874744586131,0.873,-0.01,0.0113
0.0125,-0.053223,-0.054932,1.329102,0.976868,-0.897766,1.474152,0.8867370568628461,-0.0003427060651340996,0.006346810705300123,0.22535128327899673,-0.24722841049014133,1.2202171867994467,0.874,-0.01,0.0097
0.0115,0.103516,0.031006,1.324707,1.251526,0.780701,0.009308,0.887541308644174,-0.0003435968339476546,0.006479608285516277,0.2577149175789968,-0.3035965797554673,1.2187015562418235,0.875,-0.01,0.0097
0.0122,-0.052002,-0.090576,1.344238,-0.640564,-0.47052,5.288849,0.8886270702129047,-0.00030581189291987965,0.006439782739469404,0.19834123368613324,-0.28540338351731664,1.284732339496951,0.876,-0.01,0.013
0.0127,-0.042969,-0.032959,1.251465,1.190491,-4.163147,3.76297,0.8898651758796196,-0.00026965610011671457,0.006405868453206728,0.1937189177859481,-0.31777620102041826,1.3331721279336994,0.877,-0.01,0.013
0.0117,0.139648,0.089844,1.409668,0.610657,2.459167,1.535187,0.8908586969038927,-0.0002745517481663469,0.006567216554542893,0.24931297660774532,-0.36881782631177124,1.34851414034533,0.878,-0.01,0.013
0.0113,-0.036621,-0.054443,1.26001,-0.213318,-1.35553,1.62674,0.8918077717044334,-0.00024188280278628996,0.0065410390284616916,0.21411248610384734,-0.36707813390910676,1.3679376511698242,0.879,-0.01,0.0097
0.0127,0.102539,0.080078,1.30127,1.373596,0.780701,-2.92038,0.8928228928247078,-0.00024214100440581517,0.006673069763216941,0.2787260448760809,-0.4216588733071275,1.3284372631180943,0.88,-0.01,0.0081
0.0116,-0.060059,-0.10083,1.521973,-0.396423,-0.714661,2.542267,0.8938204483553968,-0.00020200414671601096,0.006629558241273004,0.22299536409685697,-0.4030504262506075,1.3597332081538591,0.881,-0.01,0.0097
0.0118,-0.016846,-0.010254,1.193848,1.495667,-3.278137,1.87088,0.8948939720476333,-0.00017387763138418727,0.006625883987173055,0.23442713029652568,-0.43598030877402244,1.3819296689008422,0.883,-0.01,0.0097
0.0126,0.127686,0.102051,1.36792,-0.274353,3.374695,1.504669,0.8962347761234142,-0.00017089560031701567,0.0067805389716945825,0.28732523653834346,-0.468109346432261,1.3980875136563278,0.883,-0.01,0.0097
0.0114,-0.09375,-0.068359,1.340576,0.793762,-0.836731,4.312286,0.8973007709538536,-0.00012509943474216955,0.006693170453640453,0.25679777758779604,-0.42823262726660466,1.44922379819182,0.884,-0.01,0.0081
0.012,0.025391,0.076416,1.350586,0.610657,3.191589,3.976593,0.8983322359424222,-0.00011221495235678041,0.006735393248708845,0.3067585670934937,-0.40880933676716663,1.4956803329697457,0.885,-0.01,0.0081
0.0124,-0.10498,-0.08252,1.412598,-1.18988,1.268982,3.122101,0.8993987179569275,-6.38964764716403e-05,0.006641984216740488,0.2468464771129724,-0.34074634180585445,1.5365248996402905,0.887,-0.01,0.0065
0.012,0.11084,0.021484,1.171875,1.495667,2.245544,-0.204315,0.9004056499059102,-5.735097342393713e-05,0.0068005486320130044,0.27899492335335724,-0.39176960593984,1.5323345013216776,0.887,-0.01,0.0065
0.0118,-0.090088,-0.072266,1.448975,0.519104,3.924011,3.396759,0.9013614741821728,-1.3656042018231426e-05,0.006724628350464088,0.24642045668818433,-0.3025914977970754,1.5744267619819459,0.888,-0.01,0.0081
0.0125,-0.092529,0.018799,1.210938,1.282043,-3.766418,1.321564,0.9023615422036936,2.393794258823833e-05,0.00662650228088478,0.27441356894033303,-0.2972722983245081,1.5915547997919612,0.889,-0.01,0.0065
0.0115,0.067627,0.071045,1.451416,-0.823669,3.466248,2.75589,0.9030049247165205,2.6259329783154602e-05,0.0067069320158839275,0.30172508732300707,-0.29812453992906507,1.621928707719019,0.89,-0.01,0.0049
0.0129,-0.095947,-0.13623,1.274414,0.366516,-4.926086,3.061066,0.9041401215966619,8.45195169738515e-05,0.0066164815632160975,0.22503278860320813,-0.3100656353770013,1.6637744805353838,0.892,-0.01,0.0065
0.0116,0.195068,0.09668,1.252197,1.312561,1.604675,-0.417938,0.9052579552060627,7.726111529106594e-05,0.006856464966041253,0.2980753750523741,-0.41319837705898127,1.6552240646237733,0.892,-0.01,0.0065
0.012,-0.127197,-0.12085,1.489014,-2.654724,1.207947,7.882843,0.9063860053235349,0.00013707597123630865,0.006748968963716021,0.20372905759777465,-0.3379334844189769,1.7526276741759508,0.893,-0.01,0.0081
0.0119,-0.025635,0.064209,1.292725,2.289124,-1.35553,1.382599,0.9073911513594198,0.00016308157369231388,0.006733232732163585,0.2691254322909093,-0.3441147152452705,1.7683949244757127,0.894,-0.01,0.0049
0.0118,-0.015137,0.071045,1.447021,-2.532654,0.719666,3.335724,0.9081990800613139,0.00018202651439547948,0.006728900372542032,0.2764359995210873,-0.332184919049758,1.8070770333525055,0.895,-0.01,0.0065
0.0116,-0.088135,-0.177002,1.212891,0.000305,-3.24762,4.159698,0.9094400819950716,0.00025063389471591843,0.006647457587455836,0.16690704102752307,-0.3210808276409062,1.858279336297653,0.897,-0.01,0.0097
0.013,0.17749,0.137207,1.321533,2.777405,2.001404,-1.394501,0.9108228932453745,0.00025615474323445215,0.006855474213760731,0.28107882370269827,-0.40050337801083113,1.8364011631079542,0.898,-0.01,0.0097
0.0116,-0.103516,-0.147705,1.403076,-2.105408,1.818298,6.753693,0.9119421542881765,0.0003197638659158619,0.0067678423630217945,0.1764739916290437,-0.3281481875570922,1.9176940046804527,0.898,-0.01,0.0097
0.0113,-0.041992,-0.008789,1.279053,3.448792,5.32782,-6.82663,0.9127498068614032,0.0003525609854317072,0.006736020028805034,0.21116100189469872,-0.24873010732229253,1.8412775340042986,0.899,-0.01,0.0049
0.0121,-0.008545,0.243896,1.298584,1.251526,1.513123,-7.467499,0.9135479706811439,0.000354825259216737,0.006734550593662566,0.3663660569279316,-0.23137857246657212,1.7485079282248075,0.9,-0.01,0.0049
0.0121,-0.126465,-0.129883,1.196777,-0.274353,-5.414368,-1.27243,0.9146915224144945,0.0004162873230705477,0.00660230042399092,0.280770369045537,-0.22367716224206521,1.73526533329812,0.902,-0.01,0.0065
0.0121,0.175049,0.106445,1.26709,1.06842,-1.874329,-6.674042,0.9159302343625774,0.0004218236271611612,0.00681518044941506,0.356452591805706,-0.3552315844819811,1.6513892331169464,0.902,-0.01,0.0065
0.0121,0.000244,-0.075928,1.455078,-2.07489,0.078796,1.443634,0.9170066307159929,0.00045953110884856927,0.006832067396172706,0.2904769855131138,-0.3586399364401558,1.6696701143043666,0.903,-0.01,0.0065
0.0121,-0.054443,-0.072021,1.110352,-0.457458,1.177429,-6.155243,0.9179623777001484,0.0005027866507862377,0.006781240867473681,0.23629769594176867,-0.3133508529179612,1.5968352431444541,0.904,-0.01,-0.0
0.0121,0.014648,0.168945,1.628174,1.251526,5.724548,-10.73288,0.9187847447972248,0.0005101646664409773,0.006804071959827852,0.33020420975511144,-0.2547567685519145,1.4656411760071033,0.905,-0.01,-0.0
0.0122,-0.142334,-0.04248,1.167969,0.854797,-7.062317,-7.436981,0.9193160162160562,0.0005444890717810845,0.0066432496333707555,0.31312244301157105,-0.25434187694707616,1.3762820989038318,0.906,-0.01,-0.0032
0.0113,0.062256,0.067871,1.304443,3.96759,1.787781,-10.580292,0.920360583563466,0.0005564539222563473,0.006727758969477323,0.3970079799637688,-0.27594439606743953,1.2555975496334895,0.907,-0.01,-0.0016
0.0121,-0.025635,-0.127197,1.430908,-0.213318,2.977966,2.481232,0.9214917230589749,0.0005926046628837722,0.006719943189363375,0.3252334448874463,-0.2319449512718006,1.2870636865507108,0.908,-0.01,-0.0
0.0127,-0.126221,-0.174316,1.014648,2.96051,-5.658508,2.115021,0.922501846368108,0.0006508754796554446,0.006567866583266528,0.23523757215393912,-0.2196402790253545,1.3169984317077519,0.908,-0.01,-0.0016
0.0111,0.177734,0.119141,1.529053,0.549622,5.785583,0.345001,0.9232278966020456,0.000635870392922955,0.00674503428073319,0.2995871912314771,-0.24831146549216526,1.3182048720443391,0.909,-0.01,-0.0016
0.0126,-0.0979,-0.15332,1.175781,-1.739197,-1.752258,-0.112762,0.9242549978475332,0.000687193470421017,0.006647018363390862,0.1798605684099101,-0.21456926737403748,1.3193829514000195,0.91,-0.01,-0.0049
0.0115,0.190186,0.184082,1.302979,3.876038,1.42157,-13.296356,0.9249955652461187,0.0006583321967050703,0.006862141647621473,0.3294262612018731,-0.3116119298761626,1.162182886615997,0.911,-0.01,-0.0065
0.0123,-0.084717,-0.063232,1.385254,1.770325,-2.667786,-5.94162,0.9262871440974829,0.0007008327893568497,0.006790745154438758,0.3158083578131978,-0.30205625321393775,1.0904854555623538,0.912,-0.01,-0.0032
0.0123,0.069336,0.034424,1.210205,2.685852,-3.522278,-10.824432,0.9277070874390353,0.0007119680669834159,0.006891412752340514,0.37056862180061534,-0.39398341557941535,0.9556045131618358,0.914,-0.01,-0.0049
0.0125,0.009766,-0.03833,1.511719,-0.671082,0.933289,-3.805389,0.9288943220697496,0.000733355355569091,0.006916081194907961,0.3417206234027698,-0.39051124852956964,0.9083738764084188,0.914,-0.01,-0.0065
0.0114,-0.068848,-0.088623,1.121094,-1.708679,-3.003479,-6.765594,0.9298236467832726,0.0007693216679211068,0.006845916614445267,0.26261591985802774,-0.3833798877702296,0.833258589390024,0.915,-0.01,-0.013
0.0125,0.149902,0.173584,1.505371,0.427551,5.297302,-13.571014,0.930847819613239,0.0007483063314971635,0.007000703670520411,0.3549601922944868,-0.39514788091310415,0.6603578484283542,0.916,-0.01,-0.0146
0.0112,-0.143799,0.007568,1.241943,0.244446,-5.353333,-11.770477,0.9316212788483237,0.0007758718092271259,0.0068489547756432016,0.3624561762520499,-0.37102549544822133,0.5297216330054858,0.917,-0.01,-0.0146
0.0125,0.034424,0.098633,1.264404,2.472229,-0.775696,-13.845673,0.9325897332190841,0.0007702238888817131,0.006903551822700947,0.4524696920784042,-0.40526982995019567,0.35499369564523076,0.918,-0.01,-0.0178
0.0113,-0.085205,-0.106689,1.43335,-0.396423,-2.057434,-9.695282,0.9335279684486344,0.0007937113677907033,0.006831683389367643,0.39015298436287055,-0.38601874143073267,0.24712153390916708,0.919,-0.01,-0.0178
0.0129,0.111572,-0.024902,1.239258,0.458069,1.268982,-9.298553,0.9347592322604472,0.0007848173996157027,0.006978118261873453,0.3803984914816614,-0.4423887313534932,0.12617699590194978,0.92,-0.01,-0.0194
0.0114,-0.122314,-0.136475,1.479004,0.549622,0.078796,-4.690399,0.9357116435063716,0.0008137127365695717,0.006873230792192122,0.3157540969058045,-0.3817050921774218,0.07546562597740002,0.921,-0.01,-0.0194
0.0121,0.03833,0.011963,1.208984,0.854797,-0.317932,-3.378143,0.9366793563636567,0.0008058964084379495,0.006935212173405759,0.33349408538995395,-0.414902703005853,0.033740274544569425,0.922,-0.01,-0.021
0.0117,-0.061768,-0.076416,1.416016,0.305481,4.656433,0.680695,0.9375629486520956,0.000820922675341977,0.00688704920778934,0.2949576177676603,-0.33153245028901196,0.04348790998391682,0.922,-0.01,-0.0243
0.0122,-0.077637,0.037109,1.178955,2.441711,-3.644348,-8.016815,0.9383136268235697,0.0008308844870437798,0.006808881842146489,0.3489758677651706,-0.33105280221647704,-0.05386057691410761,0.923,-0.01,-0.0275
0.0124,0.060547,0.072754,1.356934,2.289124,-0.134827,-7.559052,0.9390820603457212,0.0008150449956078472,0.006886073222263633,0.41739657963145427,-0.37097114925778746,-0.14909858421840314,0.924,-0.01,-0.0275
0.0122,-0.060059,-0.062012,1.470703,0.000305,2.733826,-2.004852,0.9397044909804759,0.0008247366559288583,0.006839768943373669,0.3834737573293253,-0.31050354756562254,-0.17218957177253516,0.925,-0.01,-0.0227
0.0112,-0.118164,-0.043945,1.24585,1.06842,6.579041,14.627228,0.9392458745951652,0.0008466674464564939,0.006717840245668147,0.3666759160664651,-0.17258227949314947,-0.006028658913880715,0.925,-0.01,-0.0097
0.0124,-0.412842,-0.327148,1.043457,-5.950623,-5.017639,15.420685,0.9413436743248794,0.0009316401049388561,0.006265765827154554,0.0897823006198856,0.012870527531266438,0.1922644578730752,0.927,-0.01,-0.0178
0.0124,0.088379,0.035889,1.510742,2.014465,-1.569153,-4.537811,0.9433520099014421,0.0009190807439446943,0.006361753166389777,0.1340194158494568,-0.05847069240300039,0.134291160474447,0.927,-0.01,-0.0227
0.0112,-0.070312,0.054443,1.861816,-0.030212,2.031921,-7.620087,0.9430330067897327,0.0009280083081297952,0.00631940417353591,0.15658174118834664,-0.012448691856945077,0.04989886188139673,0.927,-0.01,-0.021
0.0127,-0.161865,0.048828,1.201172,1.861877,-2.698303,-12.563934,0.9439037418313478,0.0009641744584004119,0.006150805123595389,0.21206819292472964,0.04650767606921973,-0.10656824385054348,0.927,-0.01,-0.0227
0.0123,-0.063721,-0.05957,1.467041,1.06842,3.374695,-6.490936,0.9449432989562528,0.0009673619688048914,0.006104838222163838,0.19422780711561258,0.11280603901985106,-0.1859385045374911,0.928,-0.01,-0.0291
0.0112,0.189697,0.050781,1.390381,1.434631,1.146912,-7.742157,0.945871966058275,0.0009276442025196791,0.006306875006358165,0.23788043857215432,0.01434054161963713,-0.27571647241409686,0.929,-0.01,-0.0275
0.0122,-0.188232,-0.191162,1.423828,-0.976257,0.170349,-0.112762,0.9465010150692145,0.0009502001307567777,0.006140736680895428,0.1261483300875944,0.1069343426355769,-0.2751880544076457,0.93,-0.01,-0.0227
0.0116,-0.089111,-0.092041,1.326904,1.159973,-1.416565,6.66214,0.9474235449575226,0.0009567828863552918,0.006062988556197858,0.08834126969281207,0.13183827041852558,-0.19720471130412165,0.93,-0.01,-0.021
0.0122,-0.041016,-0.025391,1.339111,-0.335388,-3.644348,2.115021,0.9485033487148127,0.0009573386724603006,0.006034996737781262,0.07162759601271006,0.10132084021376435,-0.1711441418126533,0.932,-0.01,-0.021
0.0125,0.268066,0.10791,1.453125,-0.091248,4.44281,-1.119843,0.9495146973379313,0.0009000034042818966,0.006296836290538538,0.12695540405811098,0.011501384408987984,-0.18965039554297378,0.932,-0.01,-0.0194
0.0113,-0.052246,0.013428,1.254883,0.519104,0.53656,-4.232635,0.9501363675817449,0.000907159502440037,0.006256286897979278,0.1424505891774967,0.040197316300664976,-0.23662934053580903,0.932,-0.01,-0.0227
0.0122,0.012695,0.010986,1.362305,1.037903,0.872253,-5.605927,0.9506791390159484,0.000899279976420389,0.006284705022308244,0.16223646188303437,0.03501864936987183,-0.30546770787896405,0.932,-0.01,-0.0259
0.0127,0.120361,-0.018555,1.356934,2.014465,-1.965881,-10.366669,0.951053210489723,0.0008687318982521664,0.006418868139221549,0.17808251842015055,-0.06527671391574465,-0.4397198561490334,0.933,-0.01,-0.0291
0.0112,0.099121,-0.004639,1.341797,1.861877,2.184509,-9.573212,0.9518311041518559,0.0008387934560488111,0.0065334834988713,0.19701120823181734,-0.10456488307781753,-0.5489618753259061,0.934,-0.01,-0.0324
0.0123,0.01001,-0.005371,1.216309,1.404114,-0.409485,-3.439178,0.9523844697959267,0.0008282067190314298,0.0065600290828770795,0.21170983863532442,-0.1239565952536941,-0.5917434839207836,0.934,-0.01,-0.034
0.0123,-0.052734,-0.012695,1.375732,0.854797,-1.294495,-3.134003,0.9534116317507577,0.0008262147773045183,0.006522441153414586,0.21556033284036596,-0.11726596032343224,-0.629592033734694,0.936,-0.011,-0.0291
0.0117,0.098877,0.045898,1.466309,-3.112488,1.116394,6.112823,0.954610372126349,0.0007908061652982795,0.006627750479739396,0.20336437779043107,-0.1623154353417987,-0.5599915871930572,0.937,-0.011,-0.0243
0.0124,-0.063232,-0.032227,1.320068,-2.288513,-1.752258,5.288849,0.9559249296075627,0.0007896768304964062,0.006578191288850546,0.15705192602486273,-0.1543879736375073,-0.49343184283277136,0.938,-0.011,-0.0243
0.0113,0.204834,0.180908,1.203857,-1.037292,0.292419,-6.857147,0.9567713970162333,0.0007294537464236518,0.006816309164579562,0.2566698644909198,-0.28266565781963615,-0.5757863650339882,0.939,-0.011,-0.0275
0.012,0.053467,-0.0354,1.595947,-1.006775,2.062439,-5.758514,0.9575631305552327,0.0007150993678202553,0.006872642345818838,0.22770996583571013,-0.28759572767303676,-0.6452549019180908,0.94,-0.011,-0.0243
0.012,0.03418,0.063477,1.168701,3.052063,-3.003479,-13.448944,0.958918802413271,0.0006851761709818741,0.006931341095865778,0.3068086864042352,-0.35153246230497404,-0.8082758627483908,0.941,-0.011,-0.0275
0.0121,0.122803,0.061035,1.392822,0.488586,7.280945,-9.237518,0.9601644073373421,0.0006429503209008966,0.007067809410490218,0.3457892955683615,-0.33490051914690006,-0.9218196012752314,0.942,-0.011,-0.0308
0.0125,-0.075684,-0.144043,1.228027,0.427551,-2.148987,-4.293671,0.9611646002466434,0.0006555902297753171,0.006997752079905843,0.2621813354288939,-0.3203504605535283,-0.9726865848050138,0.943,-0.011,-0.0291
0.0114,-0.008301,0.028809,1.326416,1.129456,-2.515198,-6.277313,0.9622588184079802,0.0006339625514767383,0.007004796895128431,0.29189300016471037,-0.34886017038486333,-1.04473915832155,0.944,-0.011,-0.0324
0.0124,0.03125,-0.033203,1.471191,-1.525574,1.360535,0.222931,0.9634116556819151,0.0006102944849920453,0.007047470479757998,0.25533471129077934,-0.3524970805364739,-1.0420146414288463,0.945,-0.011,-0.0324
0.0119,0.005615,-0.079346,1.136719,-0.091248,2.825378,1.504669,0.9644823973992849,0.0005978818555844926,0.007070634488396671,0.2015299276076778,-0.32938523157080724,-1.0230689668638946,0.946,-0.011,-0.0324
0.0125,-0.057373,0.009277,1.334229,0.397034,2.092957,1.901398,0.9654449365610986,0.0005884314621707538,0.007027778003669279,0.2122154700224093,-0.2758316958376573,-0.9985714309079666,0.947,-0.011,-0.0324
0.0121,-0.020996,-0.042969,1.328857,-0.610046,-3.125549,-3.103485,0.9663402506313611,0.0005792736976132562,0.007019272598072493,0.18088589608132238,-0.306744390886114,-1.0355881891829735,0.948,-0.011,-0.034
0.0113,0.175293,0.111328,1.313232,1.343079,3.740906,-7.681122,0.9673618841281058,0.0005150109909955425,0.007213436171343916,0.26045085207614777,-0.36960624667432623,-1.126502338897469,0.949,-0.011,-0.0324
0.0126,-0.019287,-0.022461,1.230957,1.404114,-2.545715,-7.620087,0.9685523889018446,0.000496895332681945,0.007208351105352116,0.264856176410448,-0.3943280750903278,-1.222118790490843,0.95,-0.011,-0.0356
0.0114,0.101318,-0.085449,1.239258,1.83136,3.924011,-3.591766,0.9697200935219786,0.0004644857391459692,0.007333357670553475,0.23381334036639168,-0.4166815297953749,-1.2631296725565822,0.951,-0.011,-0.0356
0.0124,-0.057129,-0.014648,1.356689,0.793762,1.54364,-1.180878,0.9707864305176991,0.000452186949430263,0.007291393524035683,0.23562199639127757,-0.3695723383468083,-1.276677115286961,0.952,-0.011,-0.0389
0.0123,-0.0271,0.010498,1.165283,1.129456,-0.317932,-3.256073,0.9717518114109015,0.0004326589356553768,0.007276923180020363,0.25714398352449286,-0.36142132826553036,-1.3166217296662417,0.953,-0.011,-0.0405
0.0115,-0.027588,-0.01123,1.425049,-2.227478,0.048279,-0.723114,0.9726773854918481,0.0004161709077413618,0.00726387019000826,0.22566940214390682,-0.35027358869194697,-1.3244901425964684,0.954,-0.011,-0.0389
0.0117,0.013672,0.013184,1.211914,0.030823,0.719666,-2.493134,0.9738235376370359,0.0003829841243235478,0.007296796041243208,0.23511787557519812,-0.35617980823060186,-1.354250880040093,0.955,-0.011,-0.0405
0.0123,-0.045166,0.001221,1.344971,-0.1828,0.506042,-2.126923,0.9750041522923858,0.000361281963851183,0.007267329635579386,0.2339674978123842,-0.32902355112561693,-1.3798649803731258,0.957,-0.011,-0.0372
0.0124,-0.025146,-0.0271,1.326904,-0.732117,-1.263977,-1.363983,0.9761694796853887,0.0003395772337936446,0.007256571163665983,0.20974380485807154,-0.3351390890680046,-1.396212108434568,0.958,-0.011,-0.0372
0.0111,-0.00293,-0.021484,1.360107,0.854797,-0.745178,-3.103485,0.9772902079465655,0.00031384925730564304,0.0072682019054321825,0.207737177849551,-0.3464303459873011,-1.4304890625003486,0.959,-0.011,-0.0389
0.0125,0.030029,0.015137,1.364502,1.221008,-0.195862,-4.812469,0.9783896636667283,0.00027763871406813744,0.007313370732705042,0.2321402894187678,-0.37016031231156205,-1.4914519303691347,0.96,-0.011,-0.0405
0.0123,-0.003418,-0.016357,1.302734,0.488586,-1.202942,-5.209198,0.9793794403098403,0.00025319343404887033,0.007324170001985833,0.22925005411169982,-0.38742542159254123,-1.555412377562424,0.96,-0.011,-0.0437
0.0123,-0.006348,0.017334,1.36377,1.404114,0.200867,-5.697479,0.9800864013133749,0.00023147779386505668,0.007330816058861597,0.2567743734123545,-0.38545285463902285,-1.6257603035916675,0.961,-0.011,-0.0453
0.0117,-0.029785,0.027832,1.340576,0.366516,-0.287415,-5.148163,0.9806770939231654,0.00021483279563238837,0.007313584181750606,0.27728674539163023,-0.37601841063193076,-1.6861040468771722,0.962,-0.011,-0.0486
0.0117,-0.056885,-0.053223,1.283936,-0.06073,0.506042,-1.425018,0.9819637671567968,0.00019229042650167888,0.007269792647547309,0.24499826694681345,-0.34124404174020023,-1.7012653442663823,0.963,-0.011,-0.047
0.0124,-0.03418,-0.012451,1.265381,1.373596,-1.263977,0.955353,0.9836309365452554,0.00014897900614920507,0.007252173963571126,0.2545502133057822,-0.34160818217071875,-1.6889217839133666,0.965,-0.012,-0.0421
0.012,0.022949,-0.116455,1.175293,-0.426941,1.055359,6.082306,0.9841045872250554,0.00014261245100564065,0.007288552279796718,0.17433657310051773,-0.3502822982843544,-1.6148296215031779,0.965,-0.012,-0.0389
0.0117,-0.009521,0.00708,1.439453,-1.159363,3.618835,12.735138,0.9836718677200915,0.00015402166321609265,0.007285479966878999,0.16450314612389919,-0.30802326363849736,-1.4657929077162724,0.965,-0.012,-0.0243
0.0122,-0.476562,-0.321045,1.082764,1.892395,-0.226379,25.277863,0.984210859703739,0.00027277873412698045,0.006808939136097304,-0.00183148649853639,-0.03730589099367086,-1.1456014988320162,0.966,-0.012,-0.021
0.012,-0.139404,-0.143311,1.400879,-1.037292,-0.928284,41.024933,0.9845653649567219,0.0002980856907616463,0.0066923631910973695,-0.08903503870545995,0.019095743037173027,-0.6505964819108254,0.966,-0.012,-0.0146
0.0122,-0.201904,-0.343018,1.097168,2.136536,-2.118469,43.588409,0.9850055290301111,0.0003457752782595419,0.006489843449890761,-0.2771435533891507,0.1128017947840635,-0.11482169909321241,0.967,-0.012,-0.0065
0.0115,-0.0979,-0.13916,1.38916,3.815002,-4.620911,49.234161,0.9855578886967211,0.0003648182619717755,0.006414426664576386,-0.303166683769579,0.10671396246862866,0.453113871226201,0.967,-0.012,0.0032
0.0124,0.057861,-0.094238,1.435547,4.791565,1.055359,48.471222,0.9857807303856413,0.0003324094475184511,0.0064824636927411855,-0.2874685757769874,0.08282382138500799,1.050839154544292,0.967,-0.012,0.0162
0.012,-0.20166,-0.142334,1.344238,4.211731,1.452087,59.518585,0.9858775440266222,0.0003961844506561687,0.006315509654617475,-0.3097634335225116,0.20619944028767703,1.7701357575562247,0.967,-0.012,0.0259
0.0124,-0.044678,-0.033203,1.165283,3.113098,-2.087952,59.274445,0.9861441519870048,0.0004141003843370363,0.006286687866909188,-0.28454871368690793,0.20163851355995555,2.506027261475895,0.968,-0.012,0.0356
0.0116,0.02417,-0.057129,1.479004,2.197571,7.067322,68.063507,0.9862076833200645,0.0003940776459024444,0.006326633045631239,-0.2800935870505492,0.26417265183744937,3.2929386475154736,0.968,-0.012,0.0518
0.0119,-0.18457,-0.107178,1.218506,2.014465,-0.989319,76.242218,0.9862144008683413,0.00045654282658743825,0.006169885493154007,-0.3123250086410213,0.3582310874486032,4.205350396315079,0.968,-0.012,0.0648
0.0123,-0.016602,0.016357,1.221924,0.549622,-3.095032,79.904327,0.9860671993374708,0.0004488648704921143,0.006172105809588451,-0.28340366992128946,0.3230925638218515,5.188775219309715,0.968,-0.012,0.0858
0.0115,0.01123,-0.139893,1.267578,3.021545,-2.850891,85.122833,0.9863246472318045,0.0004339290820745246,0.006213601116838556,-0.32160068641664136,0.2761283276976749,6.163779234703049,0.968,-0.012,0.0988
0.0119,0.083252,-0.059326,1.456055,3.753967,5.083679,82.834015,0.9860047376283431,0.0003483669346616795,0.006305380979181353,-0.2973490101015586,0.28688847474520435,7.144366934641028,0.967,-0.012,0.1133
0.0126,-0.169189,-0.138184,1.302246,2.289124,-6.665588,84.390411,0.9860865866420678,0.0004058530475352992,0.0061885625699248225,-0.33805608049236235,0.2948704233261597,8.21182003801482,0.968,-0.012,0.1376
0.0117,0.105225,-0.127441,1.432617,3.143616,1.177429,81.826935,0.9864565343235798,0.00038265404679525177,0.006303173517276792,-0.3579160154084396,0.24727630868927997,9.161724943489471,0.968,-0.012,0.1506
0.0118,0.107422,0.002197,1.490967,5.676575,-0.409485,86.984406,0.9860541333909049,0.0002647122069490179,0.006400180041490704,-0.28003618220949167,0.18324062231060165,10.183371021456203,0.967,-0.012,0.1668
0.0122,-0.197754,-0.099365,1.036133,1.739807,-3.919006,89.639435,0.9860910464607835,0.00035977647611800946,0.0062288003947811805,-0.320784234480477,0.269960051965079,11.284789788655939,0.967,-0.012,0.1878
0.0119,0.151123,0.052979,1.400146,0.885315,1.604675,90.097198,0.9860962396289333,0.00029482616219949183,0.006352185081746037,-0.27077039559185506,0.20232301884861803,12.351053694028703,0.968,-0.012,0.2024
0.0116,0.069336,0.082764,1.304932,1.343079,-3.796936,94.583282,0.9857220209558871,0.00018953745433604934,0.006407310876927567,-0.19825268690251094,0.11260677649975767,13.44650707924865,0.967,-0.012,0.2299
0.0127,-0.150879,-0.162109,1.253662,-2.83783,-0.684143,96.597443,0.9857965379850294,0.000239614913472347,0.006328856713305954,-0.323498525586113,0.18860352670970718,14.675767913573575,0.967,-0.012,0.2461
0.0116,0.216553,0.04834,1.328613,-0.732117,-0.256897,93.667755,0.985902245391707,0.0001728644512730735,0.006497776267122893,-0.2953430451029388,0.05995396831129571,15.753868890311628,0.967,-0.012,0.2607
0.0119,0.074707,0.012695,1.326172,2.197571,-0.958801,91.8367,0.9857243727529501,8.621408760138674e-05,0.006563329379535089,-0.25535191231349297,0.0018769670790925758,16.843462510672964,0.967,-0.012,0.285
0.0121,0.088379,0.012451,1.298096,2.136536,3.588318,88.754425,0.9854460156007222,-4.0570482232141026e-05,0.006639167782664454,-0.2166097657662928,-0.011226906500221729,17.913342777504308,0.967,-0.012,0.3012
0.0116,-0.011475,0.003906,1.293701,-0.152283,-0.989319,87.075958,0.9854791331447831,-2.9325253532866577e-05,0.006638219584850135,-0.21128330866468084,-0.0206921303998047,18.92349010592224,0.967,-0.012,0.3254
0.013,0.035889,-0.035645,1.336426,2.96051,-0.958801,86.221466,0.9854911894515771,-4.998489670836822e-05,0.006682745410169646,-0.18918892021645684,-0.05815498323575517,20.042119820887475,0.967,-0.012,0.34
0.0121,0.037354,0.023193,1.419189,2.258606,-5.780579,85.061798,0.9853830566155173,-0.0001043030837074429,0.006708284103685531,-0.14677905433123675,-0.15179288236550026,21.070185550226334,0.967,-0.012,0.3562
0.0109,-0.015625,-0.083252,1.164307,-1.372986,-2.820374,88.937531,0.985484654564491,-7.589769027420137e-05,0.006730965908857249,-0.2142227512319406,-0.17757180406188705,22.038796060375688,0.967,-0.012,0.3772
0.013,0.055908,-0.007324,1.550537,1.373596,0.963806,86.892853,0.9854121316872114,-0.00012868640473605238,0.006770797678921338,-0.1989246807129985,-0.1942119074030603,23.166193669482603,0.967,-0.012,0.3918
0.0112,0.061035,0.05542,1.212402,2.014465,0.200867,84.848175,0.9854325312387611,-0.0001420942488344487,0.00680417314647671,-0.13996124534902915,-0.2345266926014909,24.114346960375425,0.967,-0.012,0.4177
0.0119,0.032715,-0.108643,1.339111,-0.457458,4.656433,85.702667,0.9853887602973845,-0.00019151473732023598,0.006865670926373109,-0.2065266289130414,-0.2017657159215792,25.131495594873005,0.967,-0.012,0.4307
0.0123,0.02417,0.017822,1.321533,2.350159,0.689148,83.65799,0.9853107205675702,-0.00023902470411391836,0.006880572700432572,-0.1662273293448983,-0.2104353686723485,26.159399362952374,0.967,-0.012,0.4469
0.0124,0.097412,0.02417,1.303711,0.641174,1.330017,83.291779,0.9853159368887778,-0.00027486178832055537,0.006941440538612429,-0.1433809359018223,-0.2545611838387221,27.188599019594488,0.967,-0.012,0.4679
0.0116,0.05542,-0.072754,1.336426,0.580139,-0.226379,83.810577,0.9853104359059813,-0.0003087940321271782,0.0070052661578669335,-0.17830643616642755,-0.29223476430815815,28.158143319328516,0.967,-0.012,0.4825
0.0119,0.047363,-0.001709,1.192871,3.601379,-0.165344,83.383331,0.9854833318469685,-0.00024000292282966488,0.0070442880838648015,-0.1371335813553498,-0.32826611498925673,29.14821901500609,0.967,-0.012,0.5068
0.0121,0.021973,-0.043701,1.387939,2.0755,1.66571,81.491241,0.9855201568125118,-0.00023373541294169592,0.007075454993876497,-0.13773083144584836,-0.3230482661593853,30.133024424261595,0.967,-0.012,0.5197
0.0123,0.010742,-0.012939,1.180908,0.82428,-0.867249,80.789337,0.9858338805108101,-6.083739508733848e-05,0.0070938523382371894,-0.1372187492644379,-0.3445335613715799,31.1259343159227,0.967,-0.012,0.5343
0.0121,0.043213,-0.009033,1.308105,2.472229,0.750183,83.749542,0.9860305080379085,3.799106633427258e-05,0.007127607255920852,-0.11465379342198556,-0.36374372265248,32.13747073396143,0.967,-0.012,0.557
0.0115,-0.075684,-0.007812,1.416016,0.641174,-5.566956,84.848175,0.9859479382482658,9.79610746480165e-06,0.007089699747839988,-0.11449390896051541,-0.38858326745217026,33.11550876538013,0.967,-0.012,0.5699
0.0126,-0.000732,-0.042969,1.092285,1.800842,-4.285217,82.742462,0.9861536168331634,0.00013599014695036087,0.007113894032613764,-0.12511822410788107,-0.4459693768621537,34.15764185738126,0.968,-0.011,0.591
0.0122,0.06958,0.01123,1.421387,4.486389,0.445007,81.735382,0.9859868636974551,-1.3339686365380163e-06,0.007145385973884804,-0.06871238062865935,-0.47961849370434845,35.15252193507381,0.968,-0.011,0.6072
0.0111,0.063721,-0.060547,1.211182,4.364319,-1.691223,84.573517,0.985764175898059,-0.00019135943577930825,0.007208693944040036,-0.06307810419336754,-0.541859894290973,36.08861723460554,0.967,-0.012,0.6234
0.0128,-0.028564,-0.078857,1.15625,0.549622,-2.698303,80.362091,0.9858520154876246,-0.0001249457728575839,0.007229563997836845,-0.11435281089435362,-0.5602381697220565,37.118043198915935,0.967,-0.011,0.6412
0.012,0.068359,0.0271,1.5,3.84552,2.489685,74.868927,0.9860815279365543,2.7396641816037294e-05,0.007253774423463479,-0.05975232407484166,-0.5657708287624096,38.01430494007656,0.968,-0.011,0.6541
0.0121,0.073242,0.034668,1.336182,4.181213,3.222107,74.594269,0.9860527880841126,-2.0138581544182075e-05,0.007276917256022338,0.004904025443178324,-0.5710428278953753,38.914352986975096,0.968,-0.011,0.6752
0.0109,0.009766,0.020508,1.223389,2.289124,4.56488,72.122345,0.9858238112149196,-0.00020912619110117014,0.0072714629913020875,0.03787687219254034,-0.5314546530241799,39.699984223263954,0.967,-0.012,0.6914
0.0123,-0.015137,-0.006836,1.244385,1.70929,-0.226379,71.634064,0.9857528582897797,-0.00026487566364457736,0.007267140336344173,0.04885964630691294,-0.5291988284530456,40.58141001268363,0.967,-0.012,0.7043
0.0117,0.101807,-0.066895,1.358887,1.526184,-0.501038,70.810089,0.9858324355729107,-0.00023663663930314043,0.007342754649000232,0.02366540566709748,-0.5955041248260369,41.4066257708033,0.967,-0.011,0.7189
0.0125,0.081055,-0.034912,1.433105,0.458069,0.994324,66.903839,0.9858790528645721,-0.0002243464354992517,0.0073913975056598,0.0044973988855116324,-0.6284035179763142,42.24049835131586,0.967,-0.012,0.7302
0.0123,0.041016,0.006104,1.210205,3.052063,-2.179504,63.516388,0.9858379715544529,-0.00027831349021660833,0.0074083643963776,0.03976474700061314,-0.6839720392684856,43.020154676237865,0.967,-0.012,0.7496
0.0117,0.048096,0.072266,1.433838,4.608459,0.383972,65.37796,0.9859192449288281,-0.00021518146302050318,0.007400539468241809,0.12463248884229632,-0.7067426901189318,43.78340043451389,0.968,-0.011,0.7626
0.0119,0.073242,-0.082031,1.188232,1.251526,1.452087,64.584503,0.9860219626766537,-0.00014751433128569992,0.007476749892782392,0.07938482113305004,-0.7403627576847137,44.54993116117604,0.967,-0.011,0.7739
0.0124,0.012695,-0.033936,1.25708,2.258606,1.513123,62.35672,0.9858893231080865,-0.00028424705632539926,0.007495031512722828,0.0787029703258586,-0.732062862664322,45.32294036724007,0.967,-0.012,0.7853
0.0121,0.024414,0.035645,1.410889,2.411194,0.445007,61.502228,0.985834038472506,-0.0003474508940854831,0.007488358446061744,0.11925028044227838,-0.7415604042465095,46.06618898970645,0.967,-0.012,0.7982
0.0122,0.032471,0.0271,1.24707,-0.671082,-4.37677,60.739288,0.9861683455016069,-1.1632318856470715e-05,0.007495506672764922,0.11957435108508345,-0.8171400765470284,46.80582936562769,0.968,-0.011,0.8193
0.0111,-0.013428,-0.172119,1.385254,-0.091248,1.879333,65.774689,0.9862858200924521,0.00011473179408974215,0.007561689277024796,0.015770319924379075,-0.7903312978336857,47.537624583095116,0.968,-0.011,0.829
0.0121,0.083984,0.087158,1.372314,3.72345,0.506042,59.945831,0.9862286373855181,2.6089944931947668e-05,0.00755438419191662,0.10115561441366562,-0.8312183612645552,48.25977698091819,0.967,-0.011,0.8387
0.012,0.003662,0.026855,1.325195,2.0755,1.54364,55.001984,0.9860809025200684,-0.00014044043893596302,0.00753996395617095,0.13358132817892066,-0.8161806710131182,48.9195265189708,0.967,-0.011,0.8516
0.012,0.022949,0.011475,1.360352,0.671692,1.787781,54.788361,0.9861676123114128,-4.794990411883791e-05,0.007544413739838547,0.14010381531577643,-0.8092340887160605,49.57631959424098,0.967,-0.011,0.8646
0.0124,0.068115,-0.067139,1.132568,2.0755,-1.935364,57.992706,0.9864848846486111,0.00029816447463327443,0.0076135078130333805,0.11198690608315515,-0.8821853637252863,50.29373582653378,0.968,-0.011,0.8792
0.012,0.011719,0.013428,1.42627,1.861877,1.818298,60.22049,0.9864504013443766,0.00025363352308876454,0.007609655657237104,0.13177337241543782,-0.8671490413376245,51.016070206916716,0.967,-0.012,0.8889
0.0123,-0.033203,-0.018066,1.15625,-0.06073,-3.24762,58.3284,0.9861757749159078,-7.38092929250658e-05,0.007597771096500156,0.10980201127737943,-0.8870725562643627,51.734790051286865,0.967,-0.012,0.897
0.0113,-0.044189,-0.043701,1.471436,1.648254,0.445007,55.307159,0.9862807423687553,7.229804396102078e-05,0.0076021765631328975,0.0972680683218538,-0.8588817086213407,52.36143379189554,0.967,-0.011,0.9164
0.0123,0.076904,0.000977,1.1875,1.617737,-1.904846,60.800323,0.9864533411210222,0.0002683918166769226,0.007632888744446192,0.10834440685615833,-0.9333583822367812,53.10666765901333,0.967,-0.011,0.9261
0.0121,0.030273,0.004395,1.462402,1.251526,3.374695,58.419952,0.9863407329994477,0.00011053998474940171,0.007635075385889484,0.11580471635618726,-0.908201423541786,53.81290722777271,0.967,-0.012,0.9375
0.0121,0.022461,0.064453,1.360352,2.899475,3.252625,55.093536,0.9861336627790648,-0.0001784568928506706,0.007608207242271208,0.17790302913346612,-0.8822502105698374,54.47847663063811,0.967,-0.012,0.9472
0.0115,0.055664,0.054443,1.354248,1.617737,2.977966,51.370392,0.9861470323925948,-0.00017522109363122317,0.007601466261373716,0.2189204729522775,-0.8807709878991304,55.067403235748806,0.967,-0.012,0.9569
0.0121,0.051758,0.014648,1.099609,1.282043,-3.24762,49.813995,0.9862681992684286,-1.9655791113146533e-05,0.007615252987413996,0.23603959141570732,-0.9590464626997972,55.668183252885925,0.967,-0.012,0.9731
0.0125,0.081055,-0.003174,1.314453,3.753967,4.686951,50.058136,0.9863456035981861,7.172693393995971e-05,0.0076420489816148495,0.2708486732269367,-0.9495145005382146,56.29223217314672,0.967,-0.012,0.9812
0.0113,0.023682,0.078613,1.4021,2.136536,-0.59259,47.036896,0.9863268968599341,3.644832248265274e-05,0.007615929035403904,0.32846816668777623,-0.9698033061492177,56.82226278488962,0.967,-0.012,0.9957
0.0128,0.004395,0.026855,1.301514,1.526184,2.886414,44.442902,0.986158851363907,-0.0002220234851366904,0.007600552560731215,0.35356857414963616,-0.9377530949286581,57.390983697939326,0.967,-0.012,1.0022
0.0118,-0.040527,0.02832,1.289307,2.258606,0.719666,42.611847,0.9860095483113214,-0.0004455354465515721,0.007573370362968596,0.3877279353541423,-0.9075250600544083,57.89452453982172,0.967,-0.012,1.0087
0.0123,0.023438,0.015381,1.211914,2.624817,-2.759338,40.231476,0.985989926481345,-0.0004829353330416281,0.00757308485814234,0.4204053551756748,-0.9592708660377344,58.38845358212094,0.967,-0.012,1.0184
0.0115,0.043457,0.02124,1.37085,3.021545,-4.193665,42.276154,0.9861857768832185,-0.00017389313343705898,0.007581937813040731,0.4566107015785598,-1.033167134024741,58.87326791682536,0.967,-0.011,1.0265
0.0126,0.090088,-0.037598,1.238525,2.014465,0.597595,41.238556,0.9862767414682944,-4.3249688107032554e-05,0.007626080650773034,0.44752156217723094,-1.083692013543991,59.39169300019176,0.967,-0.012,1.0346
0.0119,-0.025635,0.025146,1.289307,2.685852,2.276062,38.156281,0.986158690920971,-0.00023670826471074418,0.007605396641150952,0.4837941893811,-1.042818654513274,59.84631941378058,0.967,-0.012,1.0443
0.0117,-0.114258,-0.022949,1.437988,2.197571,0.322937,37.973175,0.985959013733594,-0.000554640825856845,0.007583330723355859,0.48652755366232436,-0.9793741751451813,60.29339694084887,0.967,-0.013,1.0492
0.0122,0.057373,0.063721,1.272705,1.190491,-1.294495,33.517609,0.9858169806398382,-0.0008171990250846576,0.0075660235447079375,0.5298374695196595,-1.0315454169025613,60.70021954941781,0.967,-0.012,1.054
0.0112,0.022217,0.048096,1.338135,2.167053,1.818298,27.353058,0.9860937748058389,-0.00032873341664211236,0.0075633624269133585,0.5730496407171638,-1.0246800143065133,61.0058512597893,0.967,-0.011,1.0621
0.012,0.108887,0.076904,1.226562,0.366516,-5.292297,30.038605,0.9851312360894818,-0.0020901607206222058,0.007519614678919948,0.6152141303407992,-1.1567598715994047,61.36245585424222,0.968,-0.011,1.0686
0.0124,0.065918,0.000732,1.459473,-3.661804,-0.653625,18.808136,0.9854163626131653,-0.001577379901332333,0.007544191458560344,0.5620495673044067,-1.1973828310230683,61.59484918387615,0.968,-0.011,1.067
0.0122,0.210205,-0.007324,1.4021,0.854797,6.792664,13.528595,0.9856859114190637,-0.0011128674844401586,0.007599292623474957,0.5619297447499869,-1.225062724640686,61.75782498416435,0.968,-0.011,1.0718
0.0121,-0.122314,-0.027588,1.33252,3.876038,5.297302,10.629425,0.985726095164308,-0.00101140519878804,0.007588519560896593,0.5867655460344908,-1.0889038980705141,61.89002280443734,0.967,-0.011,1.0832
0.0121,-0.048096,0.097168,1.325439,-0.732117,-3.766418,16.122589,0.985427034870656,-0.0015671897944358518,0.007531268965139956,0.6267002909386211,-1.1055834843101244,62.08381151843549,0.967,-0.011,1.0913
0.0121,-0.081787,-0.163574,1.037598,-2.349548,-1.416565,22.226105,0.9852626181183665,-0.001848861630927986,0.007585037663856678,0.4723061248697953,-1.0659011474557971,62.35795457573028,0.968,-0.011,1.0929
0.0124,0.031982,0.029541,1.580566,-0.884705,6.121277,15.35965,0.9853373937945676,-0.0017112258606799338,0.007584225107891347,0.46971340383699495,-1.0039022596197371,62.548331902034725,0.968,-0.011,1.0961
0.011,0.008545,0.010254,1.182617,1.587219,-3.949524,13.406525,0.9854311949359258,-0.001532442402338311,0.007586127746895992,0.4891605473701304,-1.0528076084085813,62.69519515228113,0.968,-0.011,1.0994
0.012,-0.305664,-0.183838,1.540527,-0.091248,2.489685,21.035919,0.9854423082990502,-0.0014534808671344383,0.007598603170465112,0.39308005483013087,-0.8760213873992727,62.95505513812095,0.968,-0.011,1.1058
0.012,0.029053,-0.111816,1.218994,0.854797,-0.34845,23.599396,0.9854338836618873,-0.001480149458406098,0.00764901133267381,0.32815484448205845,-0.9004306465787529,63.23851057986169,0.968,-0.011,1.1091
0.0119,-0.029785,-0.120605,1.333984,2.868958,-0.256897,26.803741,0.985444453196321,-0.0014533242653030423,0.0076882264605523535,0.2875469858168307,-0.8875710562129538,63.55928661471834,0.968,-0.011,1.1139
0.0121,0.005371,-0.051514,1.350098,2.777405,0.200867,29.428253,0.9853743321724411,-0.0015967231756569714,0.007705124310396768,0.2858680079907256,-0.8892643032152291,63.91570286759754,0.968,-0.011,1.1204
0.012,-0.109863,-0.14917,1.280029,1.190491,-2.148987,36.935577,0.9853558031087618,-0.0016060400067608176,0.007741259523006391,0.20510849847528229,-0.8520076234697108,64.36316553999382,0.968,-0.011,1.1269
0.0127,-0.073242,-0.118408,1.281738,1.190491,-0.958801,45.327911,0.9853447391130649,-0.0016116793880108214,0.007772306429349651,0.14202775743506948,-0.8227680005690222,64.94169855731636,0.968,-0.011,1.1366
0.0115,0.039307,-0.072266,1.376953,1.251526,0.567078,45.84671,0.9853762148835472,-0.0015618710675724908,0.007802969856575681,0.10990793796878456,-0.8391238000838607,65.46787803262234,0.968,-0.011,1.1431
0.0125,-0.043457,-0.019531,1.164795,2.71637,-1.019836,50.851593,0.9853451293220286,-0.0016145852320325943,0.0078017895249128675,0.12333131951577142,-0.8255791510589795,66.10527426194676,0.968,-0.011,1.1544
0.0112,-0.00293,-0.122314,1.286377,1.404114,3.649353,50.180206,0.9853449182772315,-0.001624258702685943,0.007844589567268644,0.060363630799202456,-0.7849125826813619,66.66758193032796,0.968,-0.011,1.1641
0.012,-0.007568,-0.011719,1.465332,1.129456,-1.019836,45.84671,0.9853829376329829,-0.0015338678618878182,0.00784748476107065,0.061965560528033994,-0.7932783062837827,67.21806946238753,0.968,-0.011,1.169
0.0123,0.002441,0.032715,1.278564,2.899475,-3.400208,44.320831,0.9853877597699491,-0.001520200468943393,0.007835178220958734,0.1113117791000505,-0.8374828772615514,67.76308796481608,0.968,-0.011,1.1852
0.012,0.069092,-0.057617,1.278809,2.83844,2.153992,46.762238,0.985407975330473,-0.001501371979582261,0.00786468456219272,0.10436451114940641,-0.854433750397564,68.32179031709101,0.968,-0.011,1.1917
0.0121,0.005615,0.027344,1.299805,1.098938,-2.118469,47.281036,0.9854124878626087,-0.0014894927923272464,0.007854998138703242,0.12671146050635276,-0.8840191878684921,68.89365609795126,0.968,-0.011,1.1998
0.0124,0.026367,0.018555,1.369873,1.251526,0.383972,44.259796,0.9854124834107122,-0.0014963733177029456,0.007851014825879389,0.1453697148290277,-0.8943703585343694,69.44165944103757,0.968,-0.011,1.2078
0.0118,-0.002197,0.02124,1.344727,1.06842,2.825378,41.635284,0.9854290986452809,-0.0014493275449877835,0.00784372009292373,0.1636343967229911,-0.8605377057757003,69.93315274531034,0.968,-0.011,1.2127
0.0115,-0.024658,0.009277,1.173096,0.244446,-0.806213,38.644562,0.9854015427573662,-0.0015148639859418132,0.007835282862745938,0.16717659564870466,-0.8556330335523197,70.37845856931861,0.967,-0.011,1.2224
0.0124,0.01001,0.049072,1.383545,1.037903,-0.226379,35.867462,0.9853412408447288,-0.0016826639198612334,0.00781746659758624,0.20127886548670318,-0.8645619618498401,70.82293088103549,0.968,-0.011,1.2321
0.0116,0.005615,0.03125,1.291748,2.014465,-4.895569,37.851105,0.985383200232001,-0.0015606281099373516,0.007809024038117935,0.236797067588699,-0.9254787394824657,71.26165269917259,0.968,-0.011,1.2386
0.0124,0.062988,-0.07373,1.22876,1.129456,-1.691223,35.318146,0.9854447201826751,-0.0014058740299073915,0.007844304993484378,0.1983820101349046,-0.9866870744887244,71.69771913379297,0.968,-0.011,1.2467
0.0122,0.135986,0.003418,1.287109,2.655334,-1.996399,27.414093,0.9854828579528184,-0.00133286030720644,0.007858348764797064,0.2274028642303826,-1.0905495468030952,72.02782472405158,0.968,-0.011,1.2483
0.0112,0.125732,0.062744,1.393066,1.892395,3.374695,22.928009,0.9854810738879264,-0.0013710548192413972,0.007850186950065804,0.27791335280794444,-1.1192974083403853,72.2808145315381,0.967,-0.011,1.2516
0.0125,0.000488,0.071777,1.241455,0.458069,1.909851,18.533478,0.9854659701075716,-0.001415933723060116,0.007824689224466821,0.3232330022744078,-1.094599454051172,72.51194023917532,0.967,-0.012,1.2564
0.0123,-0.008301,0.124756,1.272949,0.519104,0.292419,14.749298,0.9853941000730271,-0.0016380363054273967,0.007778846989272635,0.39996616574242616,-1.084652668655634,72.69244870109179,0.967,-0.012,1.2597
0.0121,0.002441,0.085693,1.357666,-0.579529,-0.134827,11.026154,0.98530783772908,-0.0019123793632663368,0.007747978127556129,0.43714277216106534,-1.085634109053216,72.825141882505,0.967,-0.012,1.2645
0.0112,0.012207,0.053223,1.279541,-0.94574,-0.531555,6.173859,0.9852880617698008,-0.0019770197916751686,0.0077313249546536724,0.4553518673341565,-1.0969063229595142,72.89355767372659,0.967,-0.011,1.271
0.0122,-0.009033,0.063965,1.304443,-0.030212,-2.118469,7.821808,0.9853760644755581,-0.0016867512990543158,0.007717129665322424,0.4885873682385619,-1.1152534038038877,72.98845482788532,0.968,-0.011,1.2791
0.0121,0.087402,0.013916,1.432129,-1.800232,2.001404,3.396759,0.9853299957819702,-0.0018516434270848241,0.007717488890325379,0.4710772226710461,-1.1344283987609542,73.02827272913112,0.968,-0.011,1.2791
0.0121,0.004639,0.004883,1.282715,1.404114,2.123474,-0.631561,0.9853582473975339,-0.001759097602438667,0.007719094598058348,0.4888409804879419,-1.108771755460546,73.02082892041551,0.967,-0.011,1.2807
0.0122,-0.111328,-0.0979,1.204346,2.289124,1.330017,1.87088,0.9853243777521213,-0.0018474363490190188,0.007739673479325176,0.45238810459674295,-1.0208940288991786,73.0472927844237,0.968,-0.011,1.2823
0.0121,-0.008057,-0.050049,1.387207,-0.06073,-2.057434,1.74881,0.9852925706511122,-0.0019509740798385224,0.007751807193273635,0.4215858478756148,-1.038850979161927,73.0689243846122,0.968,-0.011,1.2823
0.0122,-0.003174,-0.055664,1.332031,0.519104,-1.294495,4.037628,0.9852640790259481,-0.002045122382298463,0.007766357297190468,0.3933287751981673,-1.0507688378090763,73.1186878984287,0.968,-0.011,1.2839
0.0111,0.013184,-0.051025,1.298828,0.427551,2.092957,8.096466,0.9852430445104605,-0.002118844066351383,0.007781334278764939,0.36510357948832056,-1.0339811831050718,73.208903346273,0.968,-0.011,1.2839
0.0126,0.014648,-0.00708,1.31665,-0.549011,0.109314,10.324249,0.9852393803435321,-0.0021339468650257223,0.007784400304292713,0.3507510692969304,-1.0398192921549907,73.33881977155754,0.968,-0.011,1.2872
0.0118,0.01416,-0.059814,1.389893,-0.793152,2.337097,11.331329,0.9852376003321314,-0.002144143224830932,0.007801400600207199,0.30519639928569886,-1.0184853090101778,73.47294138910856,0.968,-0.011,1.2888
0.0121,0.009033,-0.005127,1.341064,0.488586,0.750183,9.073029,0.9852513520907992,-0.002099332672645815,0.007804304855483391,0.3057012997605399,-1.0131242241082343,73.58270144622374,0.968,-0.011,1.2904
0.0116,-0.01416,-0.040039,1.244385,0.671692,1.024841,8.950958,0.9851677289560571,-0.002380259559432347,0.007809848593170279,0.28673506397073617,-0.9918408102434078,73.68737701736889,0.968,-0.011,1.2937
0.0127,-0.023682,-0.027588,1.363525,0.82428,-0.165344,9.774933,0.9851873435640417,-0.002307537689245413,0.007816860058103645,0.2791371569727924,-0.9792919718656121,73.81240217788617,0.968,-0.01,1.2953
0.012,-0.029785,-0.055908,1.306396,1.312561,-0.409485,12.552032,0.9852073797334956,-0.0022324935807839247,0.007831412934607604,0.2593142664219961,-0.9660174550182348,73.9642444439468,0.968,-0.01,1.2969
0.0112,-0.025391,-0.06543,1.318359,0.732727,0.750183,19.632111,0.9852429022006693,-0.002104754037331531,0.007849378643185606,0.22595259531351378,-0.9426083774503721,74.18529456118635,0.968,-0.01,1.3018
0.0126,-0.032227,-0.148682,1.334717,-0.1828,4.290222,24.026642,0.98528910063107,-0.0019406767746707719,0.00788863860057596,0.13482698920474623,-0.8707413850004736,74.48977464479954,0.968,-0.01,1.305
0.0121,-0.112305,-0.06543,1.338135,0.488586,-3.888489,22.592316,0.9855414897570662,-0.0010009526995754803,0.007911398736741768,0.10055386300232996,-0.8535956961209578,74.76678621840422,0.968,-0.009,1.3001
0.0123,0.277588,0.192871,0.966309,-3.204041,3.893494,3.518829,0.9861476437314791,0.001134967460491103,0.007914591710843038,0.20166318475307166,-1.0078937380468647,74.79857572107828,0.969,-0.008,1.2953
0.011,-0.058105,-0.236572,1.744629,1.06842,1.207947,15.054474,0.9859672064988775,0.0004818506925459163,0.00794392078872433,0.10830551441662999,-0.9663872618095491,74.96730196747036,0.968,-0.008,1.3082
0.0124,-0.108398,-0.127197,1.096436,7.538147,-3.888489,26.132355,0.9856439605300908,-0.0006872962745059897,0.007951998065917214,0.11009876398021516,-0.9409298138965938,75.29643884485094,0.968,-0.009,1.3147
0.0123,0.179688,0.155029,1.289551,1.95343,-0.531555,23.019562,0.9859749667724869,0.0005247552946681943,0.00794796237056651,0.2200684554798235,-1.0504064728295397,75.57280088764453,0.969,-0.007,1.3099
0.0122,0.227539,-0.000977,1.105713,-2.532654,1.909851,22.500763,0.9863229693600268,0.0018015429473247887,0.007997438527142197,0.18483517362358629,-1.1792349275504566,75.83970311584778,0.969,-0.007,1.3179
0.0111,-0.00708,-0.026611,1.461182,2.624817,0.53656,30.832062,0.9862034843650854,0.0013329466770004177,0.007992053907079013,0.19333105071395146,-1.1663244883882584,76.1828510140302,0.969,-0.008,1.3293
0.0126,-0.151611,-0.096924,1.23584,-2.380066,-6.574036,34.707794,0.9860514803696372,0.0007662828869155128,0.007991142298280872,0.0962725391211521,-1.1542943363091518,76.62664518990975,0.969,-0.008,1.3341
0.012,0.059082,-0.063232,1.311279,0.274963,-3.430725,34.311066,0.9860541689944651,0.0007611036137397898,0.008010081450662397,0.0561873381508795,-1.2266940548347023,77.03750074909654,0.969,-0.007,1.339
0.0116,-0.061523,-0.002441,1.279297,6.561584,0.292419,31.411896,0.9859748503713124,0.00043871223884119857,0.007997726140376948,0.12455937681061523,-1.183341049903788,77.40426846913321,0.969,-0.007,1.3471
0.0118,-0.004639,-0.040527,1.189697,1.312561,-2.911926,30.465851,0.9860481270655288,0.0007694402978172947,0.008014098392987718,0.10814444996188438,-1.2124313615901918,77.76461718100398,0.969,-0.006,1.3487
0.0124,-0.039062,-0.082031,1.412354,-0.884705,-4.834534,25.979767,0.9861124188953639,0.0010792734517933334,0.008034966205578057,0.04749903478047765,-1.2466931807382655,78.08913746180617,0.969,-0.006,1.3519
0.0117,0.044189,0.066162,1.414551,6.012268,-2.423645,22.683868,0.9861547351894194,0.0012709295355990968,0.008026547168416796,0.14898987162985633,-1.2939805863503144,78.35274012234123,0.969,-0.006,1.3552
0.0124,0.075928,0.143311,1.210205,3.143616,0.292419,18.38089,0.986203703470044,0.0014882078227724728,0.008000825801836897,0.2729423722727415,-1.3341779170057924,78.57640916584374,0.969,-0.005,1.36
0.0119,0.067871,0.067383,1.293457,-2.013855,3.161072,13.040314,0.9862768238367529,0.0018334810503006687,0.007997911066225211,0.28523018189426397,-1.3324345854156385,78.72910717806332,0.969,-0.005,1.3617
0.0117,0.029297,0.142334,1.403564,0.458069,2.184509,7.638702,0.9863341304355505,0.0021152879841817387,0.007975742335884474,0.3648279109632934,-1.3176399779790409,78.81614137957183,0.969,-0.005,1.3633
0.0119,-0.02417,0.135254,1.335205,-1.250916,1.818298,4.373322,0.9863769750836255,0.0023378065268632514,0.007948537178597377,0.4245154509249931,-1.2776814506457896,78.867056990283,0.969,-0.005,1.3649
0.0122,-0.043457,0.034424,1.284668,-2.776794,0.811218,0.192413,0.9864182368028312,0.0025576146165663008,0.007941774762028172,0.40976918839801846,-1.2376643511365286,78.87002547308994,0.969,-0.005,1.3665
0.0126,-0.010498,0.07666,1.316895,1.007385,-0.867249,-6.429901,0.9864608707934422,0.0027782285185620425,0.007928689540196134,0.46692864215316,-1.2375747890196271,78.78829687368554,0.969,-0.004,1.3681
0.0111,0.000488,0.017822,1.34375,0.671692,-1.447083,-9.237518,0.9864986462479547,0.002970210561185581,0.007929298874700012,0.484457081738966,-1.2485060064790428,78.68556050172742,0.969,-0.004,1.3681
0.0123,-0.010498,-0.062988,1.306152,-0.274353,0.628113,-8.718719,0.9865371906295594,0.0031649506815050158,0.007946813018251226,0.44434073501681576,-1.2295872217977035,78.5794756019645,0.969,-0.004,1.3681
0.012,-0.018555,-0.016846,1.354736,1.95343,-0.226379,-7.467499,0.9865716230630984,0.003339663444314487,0.007952758626436582,0.457968290358457,-1.2167243412317148,78.4905156063577,0.969,-0.005,1.3698
0.0122,-0.040527,-0.028809,1.314209,1.312561,0.65863,-3.561249,0.9866008064788838,0.0034908800075808847,0.007958828674420531,0.45594379870384083,-1.1808907395894623,78.44832841748772,0.969,-0.005,1.3698
0.0121,-0.102539,-0.073975,1.32666,-0.610046,0.383972,4.556427,0.9865716833507413,0.0033660724057859165,0.00796314226864254,0.4031057702099706,-1.1143403149669455,78.50620188265563,0.969,-0.005,1.3714
0.0115,-0.083008,-0.061523,1.24292,0.06134,-0.531555,5.197296,0.9865006121566892,0.0030313999666293032,0.007963142564319299,0.36370108792469236,-1.067622033164763,78.56819927104658,0.969,-0.005,1.3714
0.0121,-0.000244,-0.014893,1.357422,-0.518494,0.445007,4.342804,0.9865269786180296,0.003161587184158415,0.007968619523946804,0.34700614203946434,-1.0597656426629043,78.62094854465093,0.969,-0.005,1.3698
0.0126,-0.029541,-0.024658,1.300293,0.702209,-0.440002,2.63382,0.9865480837570232,0.0032717900659632445,0.007973407463206808,0.3398069015012781,-1.0458249078550648,78.65493522475653,0.969,-0.005,1.3714
0.0116,0.027344,0.014404,1.365723,1.251526,0.689148,1.443634,0.9865720527456501,0.0033873704425606216,0.007974911255216977,0.36101733283574683,-1.0507462642075491,78.67121031383797,0.969,-0.005,1.373
0.0123,0.0354,-0.052734,1.4104,-0.396423,2.672791,9.622345,0.9865249301210052,0.003141936878942564,0.00798291962615414,0.3243337639747599,-1.0352431018570745,78.78930377016876,0.969,-0.005,1.3762
0.012,-0.118652,-0.124268,1.22168,1.06842,-1.325012,8.004913,0.9864851653716453,0.0029608309307609776,0.007996515121024204,0.2581499793813929,-0.9768991670875089,78.88868194447016,0.969,-0.005,1.3762
0.0118,0.094238,0.012939,1.371826,0.82428,0.231384,4.403839,0.9864545186613592,0.002784015568793199,0.007997392324611947,0.27399878617801193,-1.0247792183125461,78.93841362624454,0.969,-0.006,1.3779
0.0123,0.039795,0.019531,1.364014,1.312561,-2.179504,3.274689,0.9864226863096762,0.002614258313411525,0.007993126416624578,0.2999677954802054,-1.0714491546540423,78.97765341064962,0.969,-0.006,1.3779
0.0123,0.044434,0.055908,1.315186,1.159973,0.750183,-0.234833,0.9864003907667473,0.002494028008986584,0.007982948114674962,0.34615842755769266,-1.0855493720923404,78.97360242025619,0.969,-0.005,1.3795
0.0118,0.05127,0.064697,1.2854,0.305481,-0.653625,0.009308,0.9865031096238612,0.003014313587655083,0.007984119269200599,0.3872335487172408,-1.1210857987227922,78.97221128396713,0.969,-0.006,1.3811
0.0118,0.033691,-0.046143,1.37207,-0.06073,0.902771,4.068146,0.9864534402868357,0.0027515453141110147,0.007989605827699062,0.35852507236327186,-1.1262410723438003,79.02004893703781,0.969,-0.006,1.3811
0.0118,0.092773,0.033691,1.255615,-0.365906,-0.134827,-1.547089,0.9864062897358161,0.002490045793593318,0.00798420949302173,0.37410828264763585,-1.1811124517791554,78.99948042226714,0.969,-0.005,1.3795
0.0121,0.042725,-0.014893,1.296875,-0.518494,1.54364,-1.791229,0.9863866601624804,0.0023809251105316675,0.00798752183964526,0.35845197776232923,-1.1841110314257492,78.97731057336122,0.969,-0.005,1.3827
0.0117,-0.083008,-0.090088,1.374268,0.580139,0.322937,3.671417,0.9863552752257816,0.002236495980721867,0.007995196315113787,0.31336608555282475,-1.1307667695299486,79.0231107516185,0.969,-0.005,1.3827
0.0122,-0.032471,-0.039307,1.317871,0.152893,-0.409485,6.112823,0.9863227256199959,0.002075906666635921,0.007996988943334424,0.29044356578163966,-1.1141924564842922,79.09890416388531,0.969,-0.005,1.3843
0.0121,0.020996,-0.124023,1.304932,0.000305,-0.226379,10.659943,0.9862917626016681,0.001906246016396318,0.00801706696304771,0.21559732966180276,-1.1269252308067599,79.22847303629459,0.969,-0.005,1.3859
0.0122,0.05957,-0.127197,1.351318,1.95343,2.398132,12.521515,0.9862700397100271,0.0017739361182489781,0.0080392671663764,0.16535259170945732,-1.128699059068902,79.38094751895564,0.969,-0.005,1.3876
0.0123,0.02417,-0.069336,1.328369,1.129456,3.527283,11.087189,0.986271132511434,0.0017725813831109267,0.008052175031495329,0.13765450597567813,-1.0968851336357124,79.51751127175105,0.969,-0.004,1.3908
0.0111,-0.036133,-0.002441,1.353271,1.06842,3.771423,10.171661,0.9862771688584718,0.0018168553428250709,0.00805092736516418,0.1471341945554618,-1.0323544469546964,79.63177734756151,0.969,-0.004,1.3908
0.0125,-0.014404,0.022949,1.284424,2.411194,0.322937,12.765656,0.986297418953718,0.0019335719562943283,0.008047705907448148,0.18903609496169155,-1.0183526399135943,79.79174202243881,0.969,-0.004,1.3957
0.0124,0.012939,-0.010742,1.332031,0.519104,1.696228,15.237579,0.9863259837049326,0.00208912459237006,0.008052665394708317,0.18667805957643077,-1.003535947511274,79.98056472502361,0.969,-0.004,1.3973
0.0119,0.000488,-0.081299,1.27832,-0.487976,2.30658,15.420685,0.9863569814243787,0.002262201980211418,0.008069584933469948,0.13017350852191162,-0.9757221103264412,80.16480092665333,0.969,-0.004,1.3989
0.0118,-0.049805,-0.004883,1.349365,1.70929,3.130554,11.941681,0.9863962280893529,0.002503746451725337,0.008071324524918247,0.1463457310113332,-0.9095934654921767,80.30744481594743,0.969,-0.003,1.4038
0.0115,-0.03125,0.023438,1.314941,1.098938,1.696228,10.965118,0.9864368589336041,0.0027524799450827225,0.008069209845253809,0.1717051702197163,-0.8716691589956217,80.43450711605021,0.969,-0.003,1.4054
0.0118,-0.050537,-0.007324,1.299805,-0.091248,1.513123,14.718781,0.9864720844001704,0.0029761203064626795,0.00807056502748894,0.16472852662574075,-0.8245358603986738,80.60983542719143,0.969,-0.003,1.4086
0.0121,-0.068359,-0.025146,1.327393,1.800842,-0.34845,17.953644,0.9865075170182156,0.0032083990472242295,0.00807376608613081,0.1697406858905985,-0.7901009807269364,80.82915979808674,0.969,-0.003,1.4119
0.0123,-0.037598,-0.111084,1.287842,-1.678162,-4.285217,22.012482,0.9865476204918324,0.0034586479696761445,0.008092983607316067,0.08100002973580711,-0.8214625515863364,81.10094572376953,0.97,-0.003,1.4135
0.0123,0.105469,0.051025,1.204102,-5.706482,10.973572,-6.613007,0.986932325460299,0.005882573629135557,0.008128565867900363,0.046773193839010595,-0.7550020754396645,81.01594347499932,0.97,-0.0,1.394
0.012,0.194336,-0.015625,1.391602,7.355042,4.076599,-7.009735,0.9869188237548211,0.00574028219300062,0.008143854870156807,0.12881582883679912,-0.8115840245823119,80.92627456809927,0.97,-0.001,1.4021
0.0122,-0.380127,0.044922,1.276611,9.918518,5.816101,12.368927,0.9867015623335273,0.004491689197728948,0.008093917214197636,0.2732588556382179,-0.5287190644003216,81.08854535455562,0.97,-0.002,1.4102
0.0121,-0.064697,0.176758,0.818604,-3.295593,0.933289,11.605988,0.9868623498363911,0.005572677425202427,0.00805439111838314,0.3923714501586611,-0.4681887249098156,81.2332114729745,0.97,-0.001,1.4021
0.0122,0.11377,-0.04126,1.279541,-3.08197,-1.386047,7.058868,0.9870663576576053,0.006861437260826047,0.008082577717246303,0.32873200356763355,-0.5568946807715613,81.3161788882939,0.97,-0.0,1.3989
0.0111,-0.130127,0.019043,1.721436,1.159973,-0.256897,5.075226,0.9870074307228567,0.006500044535480742,0.00806901600934712,0.34802535298496146,-0.5033424111176709,81.37479397874777,0.97,-0.001,1.407
0.0121,-0.094482,-0.073486,1.119629,-2.349548,-2.759338,10.965118,0.9869038303539055,0.005830030241638454,0.008068394245137687,0.2685231950123406,-0.47806355025852976,81.5089542915596,0.97,-0.002,1.4119
0.0117,0.046387,0.002441,1.19873,-0.610046,1.2995,7.394562,0.9869031193011878,0.005811096477321584,0.008072122888798003,0.26250298016434526,-0.49740226641128826,81.59414252526436,0.97,-0.001,1.4135
0.0129,0.025635,0.033936,1.373291,1.098938,-2.789856,12.063751,0.986933336244055,0.006012642224392503,0.008071314832834737,0.2938978884852601,-0.5510996780744899,81.74914885530075,0.97,-0.001,1.4151
0.0119,0.084473,-0.086182,1.322021,0.763245,3.954529,12.58255,0.9869225348219742,0.005906532338289061,0.008089502737833657,0.2517202695621305,-0.5566507063147337,81.89648794420059,0.97,-0.001,1.4183
0.012,0.029541,-0.075439,1.279785,0.427551,0.231384,8.188019,0.9869218269302015,0.005884721767276174,0.008103132797691504,0.2111340402939476,-0.5750298543139382,81.99354515302502,0.97,-0.001,1.4216
0.0112,0.021484,-0.017334,1.460938,4.669495,0.41449,5.624542,0.9869297000347571,0.005933138332221113,0.008107579716327683,0.2534720981192735,-0.5837251128644876,82.0559120623787,0.97,-0.001,1.4216
0.0121,0.01709,0.078857,1.323486,1.892395,0.445007,5.868683,0.9869397557622597,0.0060062220147145354,0.00809872997372051,0.32081708372819684,-0.5910450113965571,82.12656865355162,0.97,-0.0,1.4232
0.0128,-0.027832,0.025635,1.174561,-0.396423,0.994324,7.333527,0.986942304440591,0.006033168504506852,0.008093224253680425,0.33124382046348116,-0.5643947077526209,82.22117278370634,0.97,-0.0,1.4248
0.012,-0.01709,0.067871,1.454102,0.732727,0.139832,8.157501,0.9869527917175778,0.006118080590077375,0.008084865754837951,0.3736300825378283,-0.5562733880966805,82.31951635120659,0.97,-0.0,1.4264
0.0112,-0.001709,-0.000977,1.319824,-1.281433,-1.080872,9.469757,0.9869610331550326,0.006178286475553729,0.008086040064698607,0.35666600640051455,-0.5707705623387567,82.42543186320708,0.97,0.0,1.428
0.0121,0.033936,-0.084961,1.23877,-2.532654,1.909851,12.063751,0.9869699654357718,0.006228053983124085,0.008101965099072274,0.271986349312842,-0.5728364606207896,82.57039381362905,0.97,0.0,1.4297
0.0124,0.03418,-0.051758,1.4021,1.098938,2.977966,8.462677,0.9869837212345863,0.006320822854141413,0.00811216642715674,0.2560396830246402,-0.5575583132840788,82.67456877029989,0.97,0.001,1.4313
0.0122,0.002441,-0.004883,1.365967,1.312561,0.475525,4.77005,0.9869954098545248,0.006409671164648275,0.008114197999386806,0.26856056049089866,-0.5559832516547936,82.73262111450943,0.97,0.001,1.4329
0.0113,-0.009277,-0.014893,1.263672,1.434631,1.757263,2.450714,0.9870089835899761,0.006516000102057612,0.00811707241278843,0.27539120332016864,-0.5340841567464011,82.76049188310346,0.97,0.001,1.4345
0.0121,-0.016113,0.025635,1.325195,3.570862,0.078796,0.98587,0.9870264706371907,0.006658085291483974,0.008114416537375664,0.3326497412791544,-0.5269453832368598,82.77270997998876,0.97,0.001,1.4345
0.0122,-0.017822,0.009766,1.333008,0.976868,-1.172424,2.359161,0.9870433085839285,0.006794546688831322,0.008113718881328658,0.34900807726140237,-0.5341098923318754,82.80171391479497,0.97,0.001,1.4361
0.012,-0.046387,-0.030029,1.332764,-1.250916,2.001404,4.342804,0.9870597401287173,0.006932126803778133,0.008116124568733818,0.31555028001714247,-0.48706797447248706,82.85485590087174,0.97,0.001,1.4361
0.0125,-0.068115,0.056152,1.314453,0.000305,1.42157,3.824005,0.9870742561945938,0.007067883252994281,0.00810577513951553,0.3471697683083694,-0.4338165594753383,82.90439004756057,0.97,0.001,1.4361
0.0114,-0.047607,0.048584,1.306152,-1.311951,0.322937,2.542267,0.9870860426227237,0.007176772245558667,0.008097628902256033,0.35964744407599814,-0.40673905210632066,82.93452948529209,0.97,0.001,1.4361
0.0119,-0.021729,0.014648,1.348145,-1.006775,-1.172424,0.406036,0.9870962291518578,0.007263453754934644,0.008095635677662617,0.3549754185058758,-0.4124755819424257,82.9396438626603,0.97,0.001,1.4361
0.012,0.004639,-0.026367,1.282959,1.007385,-1.233459,-1.302948,0.9871058913744788,0.007335615684107523,0.008100632650683304,0.3504724069419631,-0.43436844778618794,82.9234900757695,0.97,0.001,1.4361
0.0128,0.020752,-0.070068,1.321777,0.488586,-0.775696,-1.15036,0.9871147386599646,0.0073932525546569405,0.008111830493353973,0.3154155488354317,-0.46017960917940287,82.90774786595425,0.97,0.001,1.4361
0.0114,0.013916,-0.093994,1.33252,0.641174,0.017761,0.711212,0.9871226513218819,0.00744291147348979,0.00812508925952423,0.2683370317139425,-0.47172724735355415,82.91498646185332,0.97,0.001,1.4361
0.0119,0.008301,-0.033203,1.360107,1.739807,1.207947,2.908478,0.9871300761705447,0.007495970551748295,0.008130505629212642,0.2697625110931862,-0.4657924929106019,82.94918969232188,0.97,0.001,1.4378
0.012,-0.01123,-0.010986,1.291748,0.183411,1.238464,3.518829,0.9871359619316976,0.007543708972122199,0.008131929954120357,0.26508423178069745,-0.44860989815503777,82.99155556206871,0.97,0.001,1.4378
0.0124,-0.023926,0.00415,1.325195,0.305481,0.65863,2.237091,0.9871404312657791,0.0075848580502989585,0.008130581968820716,0.2709651275796014,-0.4307799657463175,83.01977392464771,0.97,0.001,1.4394
0.0119,0.00415,0.001221,1.282227,0.702209,-1.416565,4.953156,0.9871440894286295,0.007611844994399286,0.008131475256419688,0.27949571248418553,-0.45461010429825793,83.07835497508962,0.97,0.001,1.4394
0.0118,0.017334,-0.034668,1.37207,-1.128845,1.66571,5.960236,0.9871491878709125,0.0076449349844479025,0.008137243836528987,0.24619875521688783,-0.4487021333969129,83.14808882433523,0.97,0.001,1.4394
0.012,-0.002686,-0.050293,1.289795,0.213928,-0.989319,8.55423,0.9871535432590984,0.007675895120880566,0.008143623813901983,0.21840643263117646,-0.4634600258551561,83.25043860899241,0.97,0.001,1.4426
0.0118,0.038574,-0.057861,1.356934,0.976868,2.703308,9.073029,0.9871516913404935,0.007643695426409882,0.008152703378576945,0.19688150598160736,-0.45752570169617607,83.3563104544667,0.97,0.001,1.4426
0.0121,0.0,-0.064941,1.352783,0.488586,0.689148,7.943878,0.9871783586131925,0.007866492288531705,0.008161940774254353,0.16598864161438825,-0.4532614757778619,83.45218508571567,0.97,0.002,1.4426
0.0128,-0.015137,-0.034912,1.268799,2.0755,0.628113,6.814728,0.9871892906279761,0.007961848182749231,0.008165997216143786,0.17167425140680886,-0.44071797148325165,83.53962559487856,0.97,0.002,1.4459
0.0112,-0.014893,-0.009277,1.374756,1.922913,1.024841,7.180939,0.9871772884993046,0.007857666600717749,0.008165529779699905,0.18805503400822318,-0.4250326316379793,83.62030239073297,0.97,0.002,1.4491
0.0121,-0.030518,-0.014893,1.281006,0.519104,-0.958801,10.049591,0.9871771871253664,0.00786305417122832,0.008165485787591761,0.18533565013360742,-0.4231818517139419,83.74253875223023,0.97,0.002,1.4523
0.0123,-0.034668,-0.018555,1.36377,0.519104,1.787781,13.681183,0.9871670225965467,0.0077771053273158215,0.008164949223089338,0.18076740314117173,-0.3864888791593112,83.9116134933746,0.97,0.002,1.4556
0.0118,-0.073242,-0.040039,1.276611,-0.030212,-1.386047,18.289337,0.9871654920768645,0.0077801253865253895,0.008164917688047032,0.15597611594157484,-0.36450016103180394,84.12920904881483,0.97,0.002,1.4588
0.0125,-0.020264,-0.105469,1.328613,-0.976257,2.794861,20.51712,0.9871668339464789,0.007786244075546225,0.00817513805990066,0.08303089630347885,-0.3237511964197176,84.38545462057398,0.97,0.002,1.4637
0.0118,-0.029541,-0.033203,1.352295,0.976868,0.139832,16.580353,0.9871719555524632,0.007842117944092173,0.008177321456120665,0.07638345854219979,-0.31077800427244306,84.58156158704952,0.97,0.002,1.4653
0.0123,0.00415,0.0,1.259033,2.533264,0.53656,12.796173,0.9871755155525094,0.007874916639762388,0.008178077044802116,0.10843902470762583,-0.3128300679252097,84.738511045993,0.97,0.002,1.4669
0.0119,0.023926,0.014404,1.358643,2.411194,0.170349,10.904083,0.9871805789212744,0.007920519458930127,0.00817862343469885,0.1457438326650157,-0.32967642676740655,84.86734110052709,0.97,0.002,1.4701
0.0119,0.003906,0.00708,1.295898,2.289124,-0.958801,9.774933,0.9871848940617811,0.00796504488749761,0.008178760219555464,0.17745526857497115,-0.3489461699458546,84.9832700251593,0.97,0.002,1.4701
0.0127,0.000977,0.014893,1.350586,1.312561,0.231384,11.4534,0.987190473833519,0.0080270575999437,0.008178109871644542,0.20232599039948218,-0.35186069779339263,85.12853284437656,0.97,0.003,1.4718
0.0108,0.004883,-0.003906,1.283691,-0.396423,0.475525,13.528595,0.9871955945231896,0.008082217013713651,0.008179576734903087,0.1955741987384605,-0.355393753705332,85.27421939527537,0.97,0.003,1.4734
0.0125,-0.004639,0.013428,1.337158,-0.915222,1.696228,13.131866,0.9872017762802799,0.008157013698257979,0.0081788313729212,0.191598883588783,-0.33711257652474336,85.43838540520609,0.97,0.003,1.475
0.0115,-0.006836,0.061768,1.325195,-0.030212,0.53656,9.927521,0.9872076515188861,0.008235853212141288,0.008173221786000905,0.22683128433098446,-0.3325124701356243,85.55280495563473,0.97,0.003,1.4766
0.0121,-0.004883,0.032959,1.328857,0.213928,0.445007,5.594025,0.9872146631680662,0.0083278903165138,0.008170743176669376,0.24827931171559187,-0.32974300046474053,85.62055611468264,0.97,0.003,1.4766
0.0124,0.011475,0.013672,1.310791,1.007385,0.200867,0.98587,0.9872218440941909,0.008416802718669918,0.008171166613944413,0.26869452452317494,-0.3392737595933464,85.63231112545124,0.97,0.003,1.4766
0.0122,-0.003418,0.009521,1.33252,1.892395,0.41449,-2.554169,0.9872278960247528,0.008495257492127463,0.008171111269903584,0.29708313254445007,-0.337173048061832,85.60107018629785,0.97,0.003,1.4766
0.011,-0.01001,0.022217,1.32373,1.587219,-0.104309,-3.378143,0.9872329216075172,0.008562771957748436,0.008169430423011742,0.3270059110555206,-0.3374234746387686,85.56400671462532,0.97,0.003,1.4766
0.0122,-0.009033,0.01123,1.30542,0.335999,0.017761,-1.516571,0.9872380955861002,0.008630382979714859,0.008168870450304577,0.33708645791681036,-0.33702509523565216,85.54554309922088,0.97,0.003,1.4766
0.0121,-0.016113,0.01001,1.3125,-0.487976,0.261902,0.345001,0.9872422787490923,0.008686802239631633,0.008167945197554826,0.33627193505202846,-0.32970043636957924,85.54993666923772,0.97,0.003,1.4766
0.0122,-0.019287,0.000488,1.322021,-0.793152,0.750183,0.345001,0.9872464938406187,0.0087436156249216,0.008167722615100816,0.3261722148589679,-0.3147016567807157,85.55443115508753,0.97,0.003,1.4766
0.0115,-0.020752,-0.012695,1.31958,-0.854187,0.292419,-0.753632,0.9872495826305703,0.008785174815349794,0.008168505078284483,0.30848430906362906,-0.304670736278796,85.5459921687275,0.97,0.003,1.4766
0.0128,-0.010986,-0.026855,1.31543,0.091858,-0.440002,-1.455536,0.9872521025247875,0.008815451079145175,0.008171066123602027,0.2936669303383372,-0.3092516935456065,85.5272537206438,0.97,0.003,1.4766
0.0121,-0.002197,-0.039795,1.337158,0.580139,-0.073792,-1.486053,0.9872545541915358,0.008841309809183406,0.008175181782953666,0.2776038661392917,-0.3140899859649213,85.50893991124559,0.97,0.003,1.4766
0.0114,-0.002441,-0.049072,1.332031,1.06842,0.567078,-0.601044,0.9872564443178048,0.008859198737268032,0.008180008608408682,0.2613965011616533,-0.3115396181012266,85.50176451755036,0.97,0.003,1.4766
0.0128,-0.006836,-0.05127,1.323975,1.312561,0.567078,0.497589,0.9872585389158318,0.008880744796145099,0.008184751870271496,0.248398893965077,-0.30580596616428096,85.50791592446312,0.97,0.003,1.4766
0.0118,-0.009766,-0.031738,1.320557,0.915833,0.475525,1.504669,0.9872599683636991,0.008896400404502217,0.008187550223748653,0.24076965656448363,-0.3001239499928857,85.52559081073328,0.97,0.003,1.4766
0.0116,-0.021973,-0.009766,1.311035,0.06134,0.383972,1.779327,0.9872608205863513,0.008910353717468308,0.008187707237717815,0.2359120656067913,-0.2885583982549568,85.54655578871491,0.97,0.003,1.4766
0.0123,-0.033447,0.022949,1.314697,0.305481,0.170349,1.382599,0.9872620941732796,0.008936015106155082,0.008184490255406645,0.25315767144532786,-0.27276983759813417,85.5643122419819,0.97,0.003,1.4766
0.0115,-0.031494,0.031006,1.317139,-0.121765,0.017761,0.589142,0.9872632691962918,0.008960436736729019,0.008180770127002536,0.2697955098067585,-0.26014206184133926,85.57180238833845,0.97,0.003,1.4766
0.0122,-0.018311,0.002197,1.309814,-0.396423,-0.623108,0.070343,0.9873366918771151,0.009911196144119647,0.008184375641692766,0.2662217711176667,-0.26297206473865403,85.57284457621932,0.97,0.003,1.4766
0.0125,0.003418,-0.033447,1.326904,0.335999,0.109314,-0.326385,0.9873889416388486,0.010578640835343473,0.008191156658704037,0.25107185565898177,-0.2694194912179139,85.56825491510459,0.97,0.003,1.4766
0.0112,-0.01001,-0.064697,1.299072,-0.030212,-0.012756,0.009308,0.9873665604377754,0.010283559454128982,0.008195066778339245,0.21293265210740073,-0.26964266030091577,85.56803625933125,0.97,0.003,1.4815
0.0123,0.024902,-0.047119,1.36377,0.488586,0.963806,0.619659,0.9873406971425743,0.009935063116263604,0.008199197694475274,0.19290765172080218,-0.27741040430053765,85.57456882961165,0.97,0.003,1.4815
0.0122,-0.00293,-0.019287,1.323486,1.007385,0.353455,0.833282,0.9873238207030715,0.009713242532804693,0.008199998846572258,0.19459382681638235,-0.2772049640597494,85.58448461397798,0.97,0.003,1.4815
0.012,-0.012695,-0.016113,1.297363,0.549622,0.933289,0.497589,0.9873099691452053,0.009533473513223815,0.008200172313421919,0.1923467125685185,-0.26455813570824366,85.5905118532597,0.97,0.003,1.4815
0.0115,-0.015869,0.004395,1.311768,0.671692,-0.287415,-0.295868,0.9872988761763585,0.009391921587839866,0.008198755836756735,0.20330009763396115,-0.26450147652347566,85.58728238118512,0.97,0.003,1.4815
0.0121,-0.017822,0.000488,1.32666,0.397034,0.109314,-0.14328,0.9872895216349133,0.009273229112841754,0.008197676272004134,0.2089344884089855,-0.2587528557529498,85.58577232693638,0.97,0.003,1.4815
0.0126,-0.010742,-0.001221,1.321045,-0.1828,0.353455,0.680695,0.9872822463918673,0.00917909590028813,0.008197245625333792,0.20645522063323996,-0.2540888044823089,85.59437585964422,0.97,0.003,1.4815
0.012,-0.010498,-0.00708,1.307129,-0.1828,0.445007,0.680695,0.9872762628304287,0.009100955733133381,0.008197353992008294,0.20070836951821472,-0.24876321391139997,85.60254020133807,0.97,0.003,1.4815
0.0118,-0.002197,-0.012695,1.327148,0.06134,0.109314,-0.26535,0.9872713460409973,0.009033595297823068,0.008198339673010726,0.19474733519192533,-0.2522027371089655,85.59914602004368,0.97,0.003,1.4815
0.0121,-0.002197,-0.018799,1.317627,0.305481,0.078796,-0.936737,0.9872667698726033,0.008970283740772972,0.00819977314640175,0.1882526554341917,-0.25596572426468867,85.58752860434045,0.97,0.003,1.4815
0.0113,-0.008545,-0.025879,1.319092,0.793762,-0.256897,-1.27243,0.9872633317151375,0.008923411844396986,0.008201450249879425,0.18298523631611965,-0.25980990702717127,85.5730152283574,0.97,0.003,1.4815
0.0123,-0.014648,-0.025391,1.328125,0.82428,0.078796,-0.601044,0.9872600142589143,0.008880217225461954,0.008202776407220256,0.1792550622239516,-0.2562721793367991,85.56567467877898,0.97,0.003,1.4815
0.012,-0.015381,-0.027588,1.33252,0.610657,0.506042,0.283966,0.9872572355295528,0.008844082788596394,0.008204237785994647,0.1715153893277486,-0.2473355653152976,85.56915856229402,0.97,0.003,1.4831
0.0125,-0.018555,-0.022461,1.320068,0.244446,0.628113,1.199493,0.9872543200072685,0.008807482352813667,0.008205187989434775,0.16241023378106365,-0.2349217364520576,85.58433310503435,0.97,0.003,1.4831
0.0121,-0.014648,-0.020264,1.313721,0.030823,0.170349,1.62674,0.9872519916605476,0.008777231057460989,0.00820618353690655,0.1519548089719176,-0.2306398687025314,85.6040689300761,0.97,0.003,1.4831
0.0112,-0.009277,-0.000732,1.327393,0.122375,0.292419,0.8638,0.9872502816504118,0.008754589115180761,0.008206076862715989,0.15397498268050028,-0.22826045777713086,85.61371275743159,0.97,0.003,1.4831
0.0125,-0.011963,0.003662,1.3125,0.580139,0.170349,0.131378,0.9872478790371539,0.0087240211703018,0.008205528425263363,0.16441020939425643,-0.22549165443564145,85.6154131290397,0.97,0.003,1.4831
0.0122,-0.01001,-0.003662,1.320068,0.305481,-0.043274,-0.448456,0.987246020456846,0.008699378250885698,0.008205601373298949,0.1670093883644834,-0.22648288294555344,85.60990970842474,0.97,0.003,1.4831
0.0114,-0.00293,-0.016846,1.317871,0.519104,-0.440002,-0.387421,0.9872443347698168,0.008673896542369379,0.008206857132613841,0.1641112396743283,-0.236015686290505,85.60520465760972,0.97,0.003,1.4831
0.0126,-0.00293,-0.025146,1.326416,0.244446,0.261902,0.070343,0.9872424711696408,0.00864564166137692,0.008208613237345048,0.15367005856495417,-0.23719559607302382,85.60580770433819,0.97,0.003,1.4831
0.0114,-0.011963,-0.022217,1.320312,0.305481,0.170349,0.131378,0.98724117617689,0.008627863239961049,0.0082098217538652,0.14538511537895554,-0.2345117881289709,85.6072889804908,0.97,0.003,1.4831
0.0123,-0.012451,-0.017334,1.322754,0.427551,0.200867,0.467072,0.9872392992318598,0.008602978647586548,0.008210644988461567,0.14175870427464368,-0.23105743285029798,85.61304588829664,0.97,0.003,1.4831
0.0121,-0.015137,-0.008789,1.312988,0.122375,-0.256897,1.199493,0.9872374315228697,0.00857961115350432,0.00821080314415353,0.13931192479726842,-0.2316272140825879,85.62766222889692,0.97,0.003,1.4831
0.0115,-0.005127,-0.029297,1.315918,0.366516,0.078796,2.359161,0.9872357371999063,0.008553875848025925,0.00821265546920335,0.12766364921450574,-0.23406035690823612,85.65454961687874,0.97,0.003,1.4847
0.0122,-0.004639,-0.033691,1.33374,0.091858,0.506042,2.908478,0.987233952281682,0.00852648152374025,0.00821473084862317,0.11071345529849688,-0.23147235251059092,85.68978132958313,0.97,0.003,1.4847
0.0117,-0.006348,-0.04248,1.309082,0.397034,0.65863,3.854523,0.9872322573364725,0.008500038391648866,0.008217303573172524,0.09197355908580429,-0.22651687678821977,85.73464980078342,0.97,0.003,1.4863
0.0121,0.000732,-0.031494,1.329834,0.397034,0.750183,5.197296,0.9872305478697838,0.008471550990995533,0.008219372333505472,0.08015770859801129,-0.22425609357589482,85.79712196216053,0.97,0.003,1.488
0.0129,-0.042725,-0.05249,1.302979,0.335999,-0.073792,7.882843,0.9872285195938149,0.008452091416217394,0.008221177804578346,0.05522117310566282,-0.20670570210804773,85.89970538353327,0.97,0.003,1.4896
0.012,-0.018799,-0.069092,1.30957,0.244446,-1.843811,13.864288,0.9872276787530045,0.008438891407779432,0.00822484019237466,0.019408608150393816,-0.22434767760070717,86.06610989923784,0.97,0.003,1.4912
0.0121,0.010254,-0.119873,1.337891,-0.06073,1.66571,16.885529,0.9872270796338843,0.008414753892651566,0.008232307052655614,-0.047683213020744325,-0.21644481487873393,86.26931161076246,0.97,0.003,1.4944
0.0117,-0.046387,-0.068604,1.345703,0.610657,0.139832,16.824493,0.9872307115459571,0.008480616089971776,0.008235034935828564,-0.07705406925844907,-0.1945821967367538,86.46724172150721,0.97,0.003,1.4977
0.0118,-0.021973,-0.012695,1.285889,1.526184,0.078796,14.627228,0.9872364629815623,0.00857780575472161,0.008235408605022695,-0.06375772229471569,-0.18722999995387643,86.64022194276816,0.97,0.003,1.5009
0.0125,0.0,-0.009766,1.366699,1.404114,-0.836731,15.542755,0.9872460640960457,0.008736386384545667,0.008236560257309433,-0.04920540010818674,-0.2037832790631626,86.834086991487,0.97,0.003,1.5025
0.0111,0.012451,-0.006348,1.267578,0.671692,-1.233459,17.312775,0.9872566535228179,0.008917114247122503,0.008238189082898448,-0.043008598039523546,-0.23153515731840082,87.02534114236725,0.97,0.004,1.5058
0.0124,0.008545,-0.022461,1.342773,0.488586,0.872253,17.526398,0.987269350744239,0.009151819486986939,0.008240867378542906,-0.0475164086185073,-0.23161174395424367,87.24189294733605,0.97,0.004,1.509
0.012,-0.026123,0.021973,1.343994,0.549622,0.750183,14.962921,0.9872807661152088,0.009397512025915274,0.008239693175708588,-0.026043300375424776,-0.21377376024795927,87.42208520518683,0.97,0.004,1.509
0.0122,-0.029785,0.029297,1.304932,0.335999,0.750183,11.331329,0.9872907450200067,0.009630440037377714,0.008237780241646675,-0.0023184237545713746,-0.19371747171061113,87.56113040274339,0.97,0.004,1.5106
0.0123,-0.009521,0.057617,1.331787,0.488586,0.109314,8.767853,0.9872998374094317,0.00984852244402774,0.008235136703801708,0.039003210635884474,-0.19345232001400078,87.66917537500682,0.97,0.004,1.5106
0.0121,-0.003174,0.066895,1.297119,0.580139,-0.867249,5.288849,0.9873064350201526,0.010013617787304946,0.008232070810949656,0.0874218519396708,-0.20876495611796358,87.7331869871008,0.97,0.004,1.5106
0.0122,-0.008301,0.035889,1.324951,0.641174,0.017761,2.084503,0.9873119446166586,0.010155227837904277,0.008230587066054664,0.11757413594585933,-0.2102214178010855,87.75867850683339,0.97,0.004,1.5106
0.0113,-0.015137,0.032715,1.33374,0.641174,0.322937,-2.096405,0.9873162855274101,0.010270968694395628,0.008228931805512629,0.14502420253126466,-0.20423552559943417,87.73523705961361,0.97,0.004,1.5106
0.012,-0.011719,0.012695,1.316162,0.091858,-0.195862,-2.03537,0.9873205263135056,0.010379807500283585,0.008228497036927915,0.15478820081001773,-0.20622017762014477,87.71087541933903,0.97,0.004,1.5106
0.0128,-0.002197,0.016602,1.32373,-0.304871,-0.226379,-1.974335,0.9873236165610993,0.010455527455694053,0.00822821208619095,0.16171173742203682,-0.2142118586718437,87.68542368108025,0.97,0.004,1.5106
0.0118,-0.007324,0.007324,1.311035,-0.030212,-0.195862,-1.638641,0.9873262445978469,0.010520024242037525,0.008228149107353826,0.16675949717591365,-0.21863261742837212,87.66601340646113,0.97,0.004,1.5106
0.0121,-0.00415,-0.012939,1.325684,-0.304871,0.780701,-2.187958,0.9873287652411187,0.01057842576904831,0.008229289711014526,0.1567169421535888,-0.21313528609554985,87.63935553142214,0.97,0.004,1.5106
0.0118,0.0,-0.042969,1.302246,0.030823,0.506042,-3.408661,0.9873310793444089,0.010627056084536292,0.008232167046122762,0.13314393271269795,-0.21364499753632932,87.59874325321086,0.97,0.004,1.5106
0.0119,0.002197,-0.039307,1.323975,0.488586,0.567078,-4.110565,0.9873329546423958,0.010664070023288215,0.008234836997250148,0.11772464090789725,-0.21449791183933226,87.54940274871247,0.97,0.004,1.5106
0.0126,-0.001953,-0.021973,1.318115,0.732727,0.261902,-4.019012,0.9873346521031306,0.010698946151781642,0.008236399051094889,0.11579594948279875,-0.21640726009460878,87.49848302840729,0.97,0.004,1.5106
0.0117,-0.009033,-0.016846,1.321533,0.488586,0.689148,-3.225555,0.987254505111754,0.008862779909273998,0.008230233611184289,0.11335778167013136,-0.2094933256136578,87.46067908815498,0.97,0.004,1.5122
0.0122,-0.006836,-0.020752,1.285889,-0.1828,0.078796,-2.126923,0.9872429241854443,0.008599012282322184,0.00823030030982782,0.10051649693339608,-0.21110793470283287,87.43457939123553,0.97,0.004,1.5139
0.0111,-0.038574,-0.026367,1.408447,-0.121765,0.475525,-1.577606,0.9872547337872994,0.008870371104085362,0.008231626267520602,0.08645375465580898,-0.1908245511070164,87.4177678337909,0.97,0.004,1.5106
0.0123,-0.022949,-0.039795,1.297607,-0.121765,-0.134827,-0.295868,0.9872574800575592,0.008933025413393626,0.008233291253186134,0.06343130000864912,-0.18573934741323736,87.41437158046679,0.97,0.004,1.5122
0.0121,-0.005371,-0.02002,1.320557,-0.457458,0.65863,0.74173,0.9872558929561943,0.008894540654255,0.008234129700805504,0.048400272592195225,-0.18144545157474823,87.423127677591,0.97,0.004,1.5139
0.0121,-0.00293,-0.003906,1.359863,0.000305,1.116394,3.488312,0.9872526758471752,0.008819933664149607,0.00823413454209371,0.04821863236909907,-0.17295355722631237,87.46509609303807,0.97,0.004,1.5155
0.012,-0.065918,-0.048584,1.305176,0.06134,-0.226379,2.725372,0.987246852953924,0.008705352956271515,0.008234488522411126,0.022707433242166546,-0.14405407698197298,87.49927321879984,0.97,0.004,1.5155
0.0122,0.01001,-0.029785,1.350342,0.519104,-0.104309,0.528107,0.9872427391454764,0.008601229644037115,0.008235920838016405,0.014525812082843844,-0.1579190985504818,87.5049641084532,0.97,0.004,1.5155
0.0122,-0.001221,-0.027344,1.324707,1.282043,-0.256897,0.98587,0.9872380396305829,0.008487813258590824,0.008236917881506791,0.016750004618256063,-0.16727928006763285,87.51659067055775,0.97,0.004,1.5171
0.0112,-0.021973,-0.027832,1.299805,0.427551,0.750183,2.694855,0.9872333971299118,0.008383021939039061,0.008237476005548488,0.007641742090680114,-0.15307978527090588,87.54701479536347,0.97,0.004,1.5171
0.0123,-0.015625,-0.01709,1.326416,0.244446,0.628113,4.89212,0.9872291792845348,0.008285001624850994,0.008237708294150953,0.003245403938127564,-0.14343337695557826,87.60725149175282,0.97,0.004,1.5171
0.0122,-0.022949,-0.006104,1.316162,0.397034,0.41449,4.617462,0.9872255588864222,0.008202291043779512,0.008237364491826635,0.007053115336013116,-0.13226522922506245,87.66390894038848,0.97,0.003,1.5187
0.0118,-0.030518,-0.015869,1.307861,0.213928,0.109314,3.457794,0.9872225886625491,0.00813557361255384,0.008237379946282621,0.0028619076212559437,-0.12049273136221364,87.7052264064971,0.97,0.003,1.5187
0.0118,-0.012695,-0.002686,1.286621,0.274963,-0.440002,1.718292,0.987220224278863,0.008076719567218109,0.00823717076011754,0.007195480982618229,-0.1256878529430577,87.72551035958622,0.97,0.003,1.5203
0.0125,0.001953,-0.005859,1.352051,0.885315,-0.867249,1.138458,0.9872178165295168,0.008010715426716965,0.008237324627771563,0.017383635708072467,-0.14464079571889724,87.73930539004309,0.97,0.003,1.5203
0.0115,0.02832,0.010498,1.312256,0.82428,-0.165344,0.711212,0.9872155098332467,0.007938156001437106,0.008237167490697106,0.03539857111110923,-0.1701601508578968,87.74630151770623,0.97,0.003,1.5203
0.0121,0.029053,-0.013184,1.324219,0.305481,0.567078,0.558624,0.9872130970952994,0.007861493646568539,0.008237955178797223,0.03377787713634268,-0.18694520273699716,87.75184170989743,0.97,0.003,1.5203
0.0122,0.022461,-0.010498,1.321045,0.641174,0.750183,-0.509491,0.987210870871844,0.007792171010049159,0.008238503890250303,0.03783442977913428,-0.1975433407197081,87.74462235606535,0.97,0.003,1.5203
0.012,-0.001953,-0.010498,1.318604,-0.06073,0.841736,-0.02121,0.9872087943536552,0.007735790610327734,0.008238711896667687,0.03336043273453191,-0.19299606884917225,87.7440953509599,0.97,0.003,1.5203
0.0123,-0.035889,-0.013184,1.310303,-0.396423,0.567078,0.589142,0.9872067480421653,0.0076922885968003845,0.008238608085891429,0.02321608442725264,-0.17184136481265708,87.75206631405518,0.97,0.003,1.5203
0.0113,-0.032715,0.003906,1.325684,0.091858,0.078796,0.650177,0.9872048740109345,0.007652250832577516,0.008237894054591403,0.02893708983769825,-0.1589130510669584,87.76002384646856,0.97,0.003,1.5203
0.0122,-0.008545,-0.004883,1.316406,0.274963,-0.073792,-0.509491,0.9872029830839116,0.007602651547661671,0.008237829103325305,0.03186653763782259,-0.1618356850475812,87.75370655482986,0.97,0.003,1.5203
0.0119,0.000244,-0.030762,1.328613,0.488586,0.200867,-0.875702,0.987201422240534,0.007557521925054921,0.008238895030494861,0.022342930957101315,-0.16648611177113243,87.742920549215,0.97,0.003,1.5203
0.0121,-0.003906,-0.034912,1.313232,0.641174,0.048279,0.528107,0.9871998088309422,0.007512590257189393,0.00824006556823234,0.012205692052760843,-0.17057409622326244,87.74906714121066,0.97,0.003,1.522
0.0121,-0.011963,-0.03125,1.316406,0.152893,0.170349,2.023468,0.9871983969808963,0.007475759088754839,0.008240998866701738,-0.0015646446464233816,-0.16847077336541666,87.77355144805493,0.97,0.003,1.522
0.0121,-0.014893,-0.022217,1.320312,0.122375,0.322937,1.840363,0.9871969820912105,0.007439825103128968,0.008241537017857185,-0.010282531406843518,-0.16285503650733876,87.79590584528053,0.97,0.003,1.522
0.0128,-0.019043,0.011963,1.322266,0.671692,0.231384,-0.631561,0.9871954643943456,0.007403521996445507,0.008240732967564543,0.007996047445061452,-0.15582946486510066,87.78803769901032,0.97,0.003,1.522
0.0113,-0.012451,0.013672,1.304443,0.305481,0.231384,-1.516571,0.9871943624761168,0.007375782947532032,0.00823996298287381,0.022135804723467645,-0.15305136729256608,87.77091811089456,0.97,0.003,1.522
0.0123,-0.012695,-0.019531,1.321289,-0.091248,-0.226379,-0.02121,0.9871931724931964,0.007344846108118807,0.008240440945669768,0.012214335206144957,-0.15548963380337724,87.77066627641696,0.97,0.003,1.522
0.0118,-0.012939,-0.025635,1.328125,-0.121765,0.506042,1.413116,0.9871920332352396,0.007315059589422107,0.00824112803537358,-0.001423203059317569,-0.14909468470271642,87.78735237654651,0.97,0.003,1.522
0.0118,0.00415,-0.023926,1.314453,-0.121765,1.085876,0.711212,0.9871909777699855,0.007281246804692878,0.008241873680227498,-0.014022194990986992,-0.14593566856905774,87.79524834432706,0.97,0.003,1.522
0.0118,0.006104,-0.009033,1.320801,0.580139,0.811218,-0.814667,0.9871899268147106,0.0072473254387660935,0.008242077565387518,-0.00958389083610823,-0.14709277260660097,87.78508998229664,0.97,0.003,1.522
0.0127,-0.009521,-0.009277,1.323486,0.580139,0.353455,-0.875702,0.9871887138206081,0.0072148779800415,0.008242175737864461,-0.004809596979919,-0.14422836341205647,87.77388882238654,0.97,0.003,1.522
0.0121,-0.034912,-0.025146,1.307617,0.152893,0.078796,0.467072,0.9871874483868472,0.007189657761648494,0.008242686833714562,-0.01489499669549947,-0.1300805969594668,87.78021073910051,0.97,0.003,1.522
0.0119,-0.0354,-0.026855,1.310791,0.274963,-0.378967,0.802765,0.9871862061514107,0.007164922617130942,0.008243258757983632,-0.02444030872659232,-0.12123172201495208,87.79043445735434,0.97,0.003,1.522
0.0115,-0.009277,-0.011475,1.320557,0.427551,-0.073792,0.406036,0.9871851160853589,0.007135231047246674,0.00824343831617984,-0.023249321030924,-0.1240620490709137,87.79499643673975,0.97,0.003,1.522
0.0117,0.004639,-0.007568,1.321045,0.091858,0.139832,-0.082245,0.9871842921384385,0.007107708289272496,0.008243560093990767,-0.02359981285074319,-0.13244733924141372,87.79352017323792,0.97,0.003,1.522
0.012,-0.003418,-0.008301,1.314941,0.366516,0.628113,-0.02121,0.9871834094430475,0.007081494671834672,0.008243659736008789,-0.021092390184257726,-0.13027944518175455,87.792990174665,0.97,0.003,1.522
0.0121,-0.000244,-0.001953,1.320801,0.335999,0.322937,0.467072,0.9871825287870842,0.007054489544480325,0.008243558019923759,-0.015274600450464105,-0.13353044772627085,87.79828031910192,0.97,0.003,1.522
0.0127,-0.012207,-0.013428,1.31958,0.305481,0.261902,-0.02121,0.9871818017321511,0.007035257411098473,0.008243797784841455,-0.01633245837613492,-0.1304092722434113,87.79800398997602,0.97,0.003,1.522
0.0113,-0.016846,-0.018066,1.3125,0.519104,-0.043274,-0.234833,0.987181137771643,0.007019128727350246,0.008244176557654042,-0.01812750584371197,-0.1284053002714277,87.7954802805858,0.97,0.003,1.522
0.0123,-0.014893,-0.02124,1.321289,0.030823,-0.195862,1.443634,0.987180424752629,0.0070009998455342875,0.008244652342676658,-0.027166242468280248,-0.1294521141018622,87.81331085985997,0.97,0.003,1.522
0.0125,-0.002686,-0.043701,1.326904,0.183411,0.109314,2.664337,0.9871797653051742,0.006979436421466978,0.008245876231586307,-0.04714710298482208,-0.13377387424878154,87.84634041064768,0.97,0.003,1.522
0.012,-0.002197,-0.016846,1.318604,0.274963,-0.012756,3.457794,0.9871791362102604,0.006958872707856967,0.008246229839907488,-0.05052942122208814,-0.13986716190762263,87.88753396922696,0.97,0.004,1.5236
0.0112,0.004395,-0.040283,1.318115,0.244446,-0.104309,4.739532,0.9871785977440095,0.006937763333516907,0.00824733451918524,-0.06802169156280585,-0.15069764649562556,87.9401523051466,0.97,0.004,1.5236
0.0129,0.006592,-0.049316,1.31543,0.122375,-0.928284,7.943878,0.9871779904058381,0.006913630033715571,0.008248693119693234,-0.09193954349145696,-0.17334627439353467,88.04214682958145,0.97,0.004,1.5252
0.0111,0.013672,-0.099365,1.307129,-0.06073,-1.080872,14.230499,0.9871779216113841,0.006901452572151773,0.00825163199079534,-0.14719070516590224,-0.19979330225379432,88.19954892301156,0.97,0.004,1.5284
0.0127,0.026855,-0.113525,1.341064,-0.335388,2.153992,17.709503,0.9871794900253095,0.006935948698166478,0.008255074428521665,-0.21226724812115488,-0.19373985827865628,88.42340621493238,0.97,0.004,1.53
0.0119,-0.016846,-0.044189,1.3479,1.129456,1.574158,14.291534,0.9871833865920949,0.007080434776730768,0.008256601549024568,-0.21967757724333303,-0.17147797352770466,88.59373114864226,0.97,0.005,1.5349
0.0115,-0.04541,-0.019775,1.259521,2.014465,-1.813293,15.60379,0.987187857650208,0.0072804935707265275,0.008257328535042551,-0.2041663516643293,-0.17118704685769381,88.77462943688937,0.97,0.005,1.5381
0.0122,0.024658,-0.023438,1.4375,1.251526,3.069519,13.070831,0.9871937852054659,0.007538954014879536,0.008258824209632242,-0.19730463616319294,-0.15282399410844466,88.93271637065833,0.97,0.005,1.5381
0.0118,-0.029785,-0.007568,1.217285,1.495667,-1.508118,11.57547,0.9871984027960048,0.0077981829377306525,0.008259290146356551,-0.1799673182347087,-0.15905773000984563,89.0700886714291,0.97,0.005,1.5398
0.0125,-0.033203,0.04248,1.31665,1.312561,1.238464,10.293732,0.9872021323088306,0.008041678691741565,0.008258217237641363,-0.1348378276902453,-0.13108369966339234,89.19937807388867,0.97,0.005,1.5414
0.0121,-0.043457,0.02832,1.361328,-0.274353,-0.745178,8.615265,0.9872049128507003,0.008261850536343747,0.008257258255018603,-0.1184358336464548,-0.12236651265384642,89.3046594088351,0.97,0.006,1.543
0.0114,-0.037598,0.068359,1.287354,-0.335388,3.801941,11.392365,0.9872068875587736,0.00844599259963317,0.008255037988015553,-0.07800056615394242,-0.06450188115069357,89.43528370222727,0.97,0.005,1.5479
0.012,-0.272461,-0.077637,1.340088,-1.159363,-2.789856,10.629425,0.9872074164167612,0.008691016463038322,0.008252694428928896,-0.13141364368841016,0.04543072114368537,89.57051695553645,0.97,0.005,1.5511
0.0121,0.009277,0.011475,1.285156,-0.457458,-1.630188,6.601105,0.9872088981921293,0.00886742160719466,0.00825251252886092,-0.12586829882931366,0.011256559231256718,89.64978373623127,0.97,0.005,1.5495
0.0117,0.022217,0.032471,1.381592,1.587219,0.261902,1.962433,0.9872090488906174,0.008861019448681574,0.008252170077593981,-0.08566608807751071,-0.006270748998726614,89.67191236552966,0.97,0.005,1.5495
0.0122,0.044922,0.004395,1.203857,2.228088,-0.897766,-0.906219,0.9872092146815175,0.008815633050952478,0.008253098200683217,-0.052120115156345355,-0.054938262879431175,89.65895603757465,0.97,0.005,1.5479
0.0121,0.056152,0.023682,1.39209,1.159973,-0.806213,-2.737274,0.9872088045262446,0.008680412475427697,0.008253398978881245,-0.02212398897861833,-0.10294402805277972,89.62398651286614,0.97,0.005,1.5446
0.0119,0.029785,0.039062,1.279541,13.397522,-24.976135,-15.188446,0.9872259879849807,0.011273020763082805,0.008258652959000877,0.1627346391314665,-0.4224414706658098,89.44177392682006,0.971,0.008,1.5381
0.0128,0.306885,-0.296631,1.265381,5.127258,-4.681946,-15.188446,0.9872707745711558,0.015542736187869454,0.008323988870137852,0.06622263040324039,-0.6551634966779531,89.24019934062441,0.971,0.012,1.5203
0.0116,0.273193,-0.050781,0.982666,3.998108,-0.34845,-12.655487,0.9873204089727287,0.018941557194947996,0.008407924784908285,0.07971451387733973,-0.8619993650518741,89.08181264396444,0.971,0.015,1.5074
0.0122,0.199463,0.139648,1.105469,2.929993,8.104919,-15.829315,0.9873776499983653,0.02219840455888968,0.008489781726820158,0.21269482933660164,-0.8971907351469084,88.87581624379798,0.971,0.018,1.4944
0.0115,0.371094,-0.019287,1.847168,-6.438904,-3.949524,-8.352509,0.9874400718571366,0.02520410237200623,0.008583778109735847,0.13300002063900074,-1.0870040601534525,88.77216751908726,0.971,0.022,1.4799
0.012,0.275146,-0.107666,1.121338,-4.97406,1.574158,-2.828827,0.9875087489223519,0.02830583802892331,0.00871089717281904,0.00709711227113301,-1.2439082573088294,88.73384900473458,0.972,0.025,1.4782
0.0117,0.371338,-0.078369,1.272217,0.091858,2.886414,0.558624,0.9875872720132566,0.03166633038463843,0.008873336212401202,-0.033066107657824945,-1.4138688768562309,88.73206259941755,0.972,0.029,1.4799
0.0125,0.238281,-0.099365,1.197021,-0.549011,2.581238,3.610382,0.9876727616715991,0.03550213595823704,0.00903978901474164,-0.09863459966827125,-1.5229391292765717,88.77493256256271,0.972,0.032,1.4799
0.0125,0.379639,-0.099609,1.40332,-1.372986,0.292419,1.535187,0.9877631296393545,0.03959562004578959,0.009255200301129151,-0.16358244985875015,-1.705920702576505,88.78761323806965,0.973,0.035,1.4799
0.012,0.221436,-0.109619,1.284912,0.06134,-1.538635,6.814728,0.9878525712297298,0.043922794230218894,0.009460758451149846,-0.2240867506340608,-1.8428520131844164,88.86978632682768,0.973,0.042,1.4815
0.0111,0.257568,-0.039795,1.559814,7.721252,4.503845,5.105743,0.9879446453912811,0.048421540289488585,0.009685435883003331,-0.15542112769388633,-1.9045286315756569,88.92017897125129,0.974,0.046,1.4815
0.0122,0.140625,-0.108154,1.405518,2.533264,4.229187,7.425079,0.988033286697968,0.053410966745136776,0.009902860121335183,-0.1816489942856951,-1.916938480755794,89.01496577400854,0.974,0.051,1.4831
0.0125,0.05542,-0.21167,1.286377,2.044983,2.153992,7.150421,0.9881069849774821,0.058873914194642864,0.01010589515654597,-0.27787233716251963,-1.911197981840871,89.12344767031162,0.974,0.055,1.4831
0.0116,0.062012,0.015381,1.217529,0.854797,1.330017,4.739532,0.9881887564286087,0.0638765120563873,0.01029989453432871,-0.25435352670210376,-1.9239487708803902,89.17302392129082,0.975,0.06,1.4831
0.012,-0.047607,-0.052246,1.262207,-0.030212,-2.423645,8.737335,0.9882583986314301,0.06930095283289675,0.010440784232809024,-0.2844255576511533,-1.9124966450979848,89.28634223670113,0.975,0.067,1.4863
0.0123,-0.08374,0.007568,1.237793,-1.403503,-4.285217,13.7117,0.9883239124167646,0.07477740906241241,0.010552967180032154,-0.29671503928977,-1.9015743719982034,89.45931882467954,0.976,0.071,1.4863
0.0115,-0.10498,-0.009277,1.41626,-2.624207,0.445007,17.282257,0.9883663348151401,0.07985472429190771,0.010639913595111284,-0.33256076647702615,-1.8273252716428505,89.66418156903069,0.976,0.078,1.4847
0.0122,0.0271,-0.042725,1.169922,-2.83783,2.459167,19.113312,0.9883936312438386,0.08518339245637456,0.010821647085975494,-0.39547000303000623,-1.804575096541867,89.89973486699299,0.977,0.082,1.4847
0.0121,-0.000732,-0.071777,1.360107,-0.304871,6.762146,20.822296,0.9883935422415416,0.09019511431285458,0.010967276928693533,-0.44033808436826133,-1.7110169653632354,90.15722566473286,0.977,0.086,1.4847
0.0121,-0.022217,-0.033203,1.489014,-2.654724,-0.775696,18.625031,0.9883748750762197,0.09529159065850089,0.01108913275673152,-0.48888591719622687,-1.6969454844901197,90.38624897998342,0.978,0.093,1.4863
0.0124,-0.124268,-0.045166,1.312744,-3.814392,-5.658508,16.977081,0.9883252644725875,0.10068474735018003,0.011127514446236435,-0.5604831774126878,-1.6836335068598824,90.60783639147296,0.978,0.097,1.488
0.0123,-0.055908,0.04126,1.168701,3.937073,-5.414368,15.451202,0.9882700038934158,0.10623344650100752,0.011217817842284478,-0.4823715352952218,-1.7035265838222826,90.79805715437685,0.979,0.104,1.4928
0.0113,-0.069092,0.020752,1.380615,-0.152283,-0.653625,16.427765,0.9882000471990324,0.11121476966409087,0.011286221041419874,-0.47049518606338064,-1.6616571681769683,90.98571884103211,0.979,0.108,1.4944
0.0123,-0.175049,-0.080078,1.641357,-4.272156,-1.59967,18.136749,0.988092497275109,0.11648033786616158,0.011284090264755981,-0.558974742917915,-1.5881544447541882,91.22086612231304,0.979,0.113,1.4993
0.0117,-0.11377,0.035889,1.164795,0.335999,-0.47052,15.451202,0.9879870467179984,0.12132538977924442,0.011271785348410071,-0.5278694223272324,-1.5110693728700317,91.4055539941083,0.98,0.118,1.5025
0.0123,-0.039307,0.093994,1.145264,0.458069,-0.073792,10.507355,0.9878800177913539,0.12616222795898802,0.011335106864143256,-0.4547266953814282,-1.4790360924642922,91.53035234335101,0.98,0.122,1.5041
0.0119,-0.100098,0.053467,1.310791,0.244446,1.2995,10.354767,0.9877547221422409,0.13089518753574403,0.011330963360383972,-0.4165376655106246,-1.3980595916258933,91.65492489623954,0.98,0.128,1.5074
0.0116,-0.005615,0.059082,1.44751,0.091858,0.353455,5.441437,0.9876344135784896,0.1352877500208495,0.011416165849637182,-0.37906532501210954,-1.3839442037292013,91.71534638886217,0.98,0.132,1.5074
0.012,-0.147949,-0.000488,1.181152,-1.769714,-6.879211,5.8992,0.9874915401526875,0.13979725143290972,0.011322030356516704,-0.39528623651455663,-1.3658043019197166,91.79330536542153,0.981,0.136,1.509
0.0117,-0.127197,-0.008789,1.296387,-4.516296,-4.193665,2.206573,0.9873449336691138,0.14425637926319515,0.011261366951285857,-0.44655077697994505,-1.3343663356389086,91.82497227048479,0.981,0.141,1.5074
0.0129,0.030518,0.071289,1.540283,-1.495056,-0.378967,-0.906219,0.9872092549069158,0.14877515280522902,0.0113811750989498,-0.4230973612396778,-1.347940622743613,91.8097908567064,0.981,0.145,1.509
0.0122,-0.122314,-0.063232,0.952637,0.854797,-2.301575,0.314484,0.9870582370305597,0.1530473562604709,0.011269197072854323,-0.4549332799334734,-1.2767680347562567,91.82315066589494,0.982,0.15,1.5074
0.0113,-0.037109,0.052979,1.392822,0.06134,2.398132,-4.873505,0.9869343312664903,0.15703605613429727,0.011298969627902557,-0.41673481857750055,-1.2249825518913926,91.76746654841102,0.982,0.153,1.509
0.0122,0.004883,0.072998,1.296875,-0.671082,3.771423,-4.110565,0.9868157411879344,0.16112632853383121,0.011380856644573008,-0.3738212181051169,-1.1787437147841169,91.71430853332323,0.982,0.157,1.5058
0.0122,-0.108887,-0.101562,1.543945,4.455872,6.395935,-3.439178,0.9866809710150753,0.165210344122477,0.011334928886798481,-0.3629927906412913,-1.0433326189890155,91.67752177654742,0.982,0.161,1.5041
0.012,0.024658,-0.016846,1.094971,3.143616,7.036804,-6.429901,0.9865701084932817,0.16905250343321193,0.01144689425101838,-0.32900963276769785,-0.9769581073596899,91.59898369423406,0.983,0.164,1.5041
0.0115,-0.108887,-0.081299,1.105957,1.648254,2.184509,-7.95578,0.9864480628348133,0.1728167977337867,0.011336849456440288,-0.3577272096392482,-0.8782568165533159,91.51411015474764,0.983,0.17,1.5025
0.0123,0.020752,0.061279,1.357178,6.531067,-1.050354,-7.772675,0.9863477069818911,0.17684403604014237,0.011422098248782637,-0.23599918836898687,-0.9024764479418688,91.41637833776599,0.983,0.173,1.5009
0.012,0.005615,0.026611,1.38623,5.249329,-1.416565,-6.521454,0.9862542376949642,0.18071482819183846,0.011486139348336902,-0.15272814956896044,-0.9214906297798559,91.33733401930216,0.983,0.176,1.4993
0.0122,-0.033936,-0.012207,1.194336,1.587219,-4.926086,-8.169403,0.9861549393441055,0.1848230906136854,0.011495761753366468,-0.13514709609569486,-0.9594418349574342,91.23925036897677,0.984,0.181,1.4977
0.0115,-0.013672,-0.002441,1.38501,1.587219,0.231384,-5.697479,0.9860723342428621,0.18859187560179935,0.011534890941132104,-0.11334952613139211,-0.94765031733968,91.17416558859469,0.984,0.184,1.4977
0.0129,-0.102295,-0.01123,1.50293,1.70929,-0.59259,-3.286591,0.9859765373640881,0.19287852152015791,0.011464016150720804,-0.0929751803558555,-0.9011004962070681,91.13497451223567,0.984,0.189,1.4944
0.0113,-0.037354,-0.033691,1.335938,1.678772,2.276062,-6.033173,0.9859001356512446,0.19651010957772277,0.011463784222938546,-0.08875953698087326,-0.8535466126534375,91.06846094275159,0.985,0.193,1.4944
0.012,-0.032959,0.02832,1.203125,-0.121765,0.170349,-7.681122,0.9858293132013287,0.20020720668449377,0.01146320029261503,-0.0669772571752816,-0.8313358973030688,90.9768781431331,0.985,0.195,1.4928
0.0124,-0.010742,-0.04834,1.200439,3.174133,-0.653625,-7.711639,0.9857604087535843,0.2041097271202732,0.011504438051335683,-0.05371202869101002,-0.8334348719064376,90.88224974051967,0.985,0.2,1.4928
0.0121,0.04541,0.022217,1.314209,-2.441101,-0.501038,-8.474579,0.985707188872261,0.20791375946081192,0.011631810241825408,-0.06527326792108018,-0.8659042117502749,90.7778059053005,0.985,0.203,1.4912
0.0113,-0.01416,-0.014893,1.332275,-1.250916,-0.989319,-9.268036,0.9856594550803159,0.21130151655363025,0.011658850370329306,-0.08284945856314184,-0.8685167393392229,90.67369307399096,0.986,0.208,1.488
0.0127,-0.062256,0.035645,1.221191,-0.152283,3.161072,-8.627167,0.985608809007411,0.21519630819573787,0.011609046884496254,-0.05709223796986693,-0.7903383296531852,90.56551053293266,0.986,0.211,1.4863
0.0119,-0.004395,0.033691,1.394287,0.763245,0.780701,-7.162323,0.985573216233475,0.21886746088383713,0.011652407582053567,-0.025319880051357775,-0.7787531501769689,90.47994363686428,0.986,0.214,1.4847
0.0112,0.04126,-0.01001,1.412842,-2.807312,2.245544,-6.918182,0.9855487724499962,0.22221774939876793,0.011763116017269893,-0.058010778424850855,-0.7761348609825605,90.40137355397613,0.987,0.218,1.4831
0.0128,-0.017334,0.023682,1.432861,-1.464539,2.245544,-12.74704,0.9855208243194948,0.2261307933311587,0.011789362134368948,-0.05867391625530908,-0.7385023276610319,90.23825937987036,0.987,0.221,1.4815
0.0121,0.00293,-0.026611,1.287354,0.580139,0.811218,-11.038055,0.9855054329475433,0.22977782212911266,0.01184529711579258,-0.062431454152023044,-0.7318126016671695,90.10479824709338,0.987,0.226,1.4782
0.0112,-0.000488,-0.06958,1.386963,-1.95282,-0.806213,-12.930145,0.9854970221991315,0.2331500738774276,0.011888905118448286,-0.11723467097335101,-0.7412533429284738,89.96071175097991,0.988,0.229,1.4766
0.012,-0.061035,-0.010986,1.283691,-1.372986,1.085876,-12.319794,0.9854925690041216,0.23680686070948354,0.01183035242522522,-0.1341803608517016,-0.6935677841787004,89.81464802071484,0.988,0.232,1.475
0.0123,-0.020996,-0.015625,1.279297,0.427551,4.595398,-9.512177,0.9855020244001808,0.2404889018055875,0.011843452591957156,-0.13275710784317418,-0.6270421338053761,89.69810986438918,0.988,0.236,1.4718
0.0121,-0.033203,-0.070068,1.274902,-0.487976,1.726746,-9.96994,0.9855149707797952,0.24405439702733536,0.01182841182338455,-0.17501712510325282,-0.589193595447492,89.57882894924083,0.989,0.239,1.4685
0.0123,-0.018555,-0.012207,1.286621,-2.105408,-0.623108,-7.986298,0.9855391367345395,0.2476311881188243,0.011839020282453696,-0.20227566040542166,-0.5887906179140648,89.48109456892742,0.989,0.244,1.4669
0.012,-0.039795,-0.012451,1.365234,0.885315,-2.820374,-9.176483,0.9855664675713552,0.2511921836464784,0.011811393738817044,-0.19284421293305726,-0.6025938158551188,89.3721961131781,0.989,0.247,1.4669
0.012,-0.016113,-0.021484,1.34082,1.892395,-1.386047,-10.73288,0.9856035634726749,0.2547589516517875,0.01182595271948474,-0.1765719757315897,-0.612491800769888,89.24390544609213,0.99,0.25,1.4653
0.0111,-0.017578,-0.063232,1.3479,2.533264,-0.256897,-10.09201,0.985645467631431,0.25815263431511004,0.011835472058324784,-0.17881252896326572,-0.6077569918708493,89.13261729845951,0.99,0.254,1.4637
0.0124,-0.059814,-0.119629,1.260254,1.800842,2.367615,-7.742157,0.985689411787627,0.2617499669927215,0.011763742453909716,-0.22298354381144658,-0.545698020250847,89.03891612415453,0.99,0.257,1.462
0.0127,0.049316,-0.034912,1.351318,0.94635,2.123474,-10.275116,0.9857588277007903,0.2653330215376277,0.011897371477077832,-0.22462973585894583,-0.5500892523777539,88.90649519142748,0.991,0.261,1.4588
0.0113,-0.021973,-0.011963,1.297607,1.526184,-1.4776,-9.817352,0.9858185877019506,0.26863145610349526,0.011895917100902084,-0.208431175196354,-0.5571394766467067,88.79626165957116,0.991,0.264,1.4572
0.0123,0.016602,0.066406,1.344238,-1.739197,1.391052,-7.436981,0.9858980142101889,0.2721672567135534,0.011973691910082998,-0.1862645518596188,-0.5526304308653222,88.70364733199582,0.992,0.267,1.4572
0.0117,-0.004395,0.006348,1.262207,-3.96698,-1.111389,-4.873505,0.9859732890638846,0.27547132039369204,0.012007780663339528,-0.22302483421728833,-0.566312825646731,88.64656393495487,0.992,0.271,1.4556
0.0123,-0.062988,0.010254,1.357666,-2.044373,-0.378967,-7.742157,0.9860463740146825,0.27894839550939543,0.011932468776556366,-0.23624822780299803,-0.5383895365551584,88.55308050501084,0.992,0.274,1.454
0.0116,0.002441,0.06665,1.352783,-2.380066,2.031921,-7.07077,0.9861328275744988,0.28226336464380913,0.011981953519555352,-0.22020028165034813,-0.5195984586619016,88.47049676010133,0.993,0.278,1.4523
0.0123,-0.019043,-0.113525,1.362061,-3.875427,0.017761,-4.568329,0.9862219923628379,0.2857704816957775,0.01198289371495195,-0.3253062091159577,-0.5119258425546661,88.4150058243988,0.993,0.281,1.4523
0.0123,0.058594,-0.062256,1.216553,-2.807312,-0.256897,-4.751434,0.9863260507945034,0.2891445433349965,0.01214928181452548,-0.391576230926247,-0.5560507799311417,88.35455077315707,0.994,0.284,1.4507
0.0113,-0.022949,-0.019531,1.412598,1.129456,5.144714,-8.596649,0.9864105033008703,0.2922047011262655,0.012145808140951229,-0.3820005411614869,-0.4890345443987956,88.25759411432819,0.994,0.288,1.4491
0.0122,-0.019043,-0.042969,1.412842,1.983948,-1.752258,-7.95578,0.9865105257776816,0.2956108983454781,0.012147142082686954,-0.3739112834064176,-0.5034848573592385,88.16123499891356,0.994,0.29,1.4475
0.0119,0.008301,-0.040283,1.253662,1.587219,-2.271057,-7.131805,0.9866168386137827,0.29886565014549266,0.01220396215697871,-0.3722286727506095,-0.5396492739088918,88.07618224981175,0.995,0.295,1.4475
0.0122,-0.009033,-0.077393,1.352051,0.702209,6.487488,-6.216278,0.986725965424739,0.3022018460442391,0.012226427376640214,-0.4001921976324003,-0.4595093043704162,88.00020307406413,0.995,0.297,1.4459
0.0122,-0.042969,0.018311,1.447754,1.892395,3.5578,-8.84079,0.986838549948642,0.30561371522870895,0.012188043896894405,-0.36022705950397776,-0.39769126743097505,87.89313077906229,0.996,0.3,1.4442
0.0122,-0.031982,0.093262,1.356934,2.289124,2.30658,-10.97702,0.9869552047437827,0.30885784651848713,0.012169720487316484,-0.2730357534540417,-0.356941328665615,87.75960253445496,0.996,0.304,1.4426
0.0114,-0.079834,-0.007324,1.140869,-3.112488,2.276062,-9.115448,0.9870572142572968,0.31190605645001457,0.012022308770625796,-0.3064466533547606,-0.28473252518665904,87.65804834677523,0.996,0.307,1.441
0.0123,-0.032959,0.003174,1.12793,-1.525574,-2.026917,-8.047333,0.9871894380789569,0.31527532877231945,0.0119848297441277,-0.3159888085859979,-0.29475149572622383,87.5600409305848,0.997,0.311,1.441
0.0121,-0.025879,0.010254,1.545898,3.753967,-2.576233,-5.300751,0.9873267916005012,0.31857439296751616,0.011971372427959582,-0.2600181121027481,-0.31743033003773113,87.49655147674713,0.997,0.313,1.4394
0.0123,-0.043701,-0.093994,1.352539,0.152893,-1.416565,-2.371063,0.9874615417153464,0.32180046107889265,0.01191203329984177,-0.3055576133810238,-0.3152964762039385,87.46823249688245,0.998,0.316,1.4394
0.0111,-0.032959,-0.107422,1.037842,1.098938,-2.393127,-3.256073,0.9875834849769476,0.32466490837320017,0.011857926367472104,-0.3650463303092964,-0.32534847720057564,87.43268925221864,0.998,0.32,1.4378
0.0122,-0.008789,-0.015869,1.421387,6.561584,-4.590393,-3.622284,0.9877317045219518,0.32797392801387265,0.011873839142152823,-0.28776283178530787,-0.380915659393763,87.38883571124825,0.999,0.323,1.4394
0.0123,-0.048828,-0.075195,1.41333,5.554504,-3.461243,-5.117645,0.9878769672161675,0.3313117918634574,0.011808068377911565,-0.25473109691817364,-0.4010757739690827,87.32722490576897,0.999,0.326,1.4394
0.0122,-0.040039,-0.015869,1.266113,2.868958,-0.34845,-9.878387,0.9880160289806675,0.33445971760908344,0.011758077003801264,-0.22333959584355836,-0.38643291986823886,87.20791211644772,0.999,0.329,1.4394
0.0123,-0.075195,0.039307,1.289307,5.585022,0.170349,-10.061493,0.9881545274501968,0.33771001771646497,0.01163733443931401,-0.12618417747946684,-0.34508246040455276,87.08693566853465,1.0,0.332,1.4394
0.0114,-0.005859,0.020752,1.365479,2.319641,-2.698303,-10.305634,0.9883044542076724,0.34068936266695365,0.0116618578155133,-0.08374101192926177,-0.37721624568974943,86.96965571281353,1.0,0.336,1.4394
0.0123,0.03125,0.067139,1.290039,-1.708679,0.292419,-8.566132,0.9884680053094919,0.34371279994096654,0.011775647873618157,-0.06059220035337656,-0.3971504158435808,86.86352453837004,1.001,0.338,1.4394
0.0114,-0.052979,-0.044922,1.142822,-2.07489,2.001404,-3.011932,0.9886068798658413,0.34639182998987483,0.011680755592086678,-0.10995246100839028,-0.34510783101913683,86.83040597738409,1.001,0.341,1.4378
0.0124,-0.075439,0.003418,1.334717,0.244446,1.604675,-2.126923,0.9887605513214188,0.34945725785011095,0.011557808280420698,-0.10101376751763022,-0.2872879613768938,86.80615543094044,1.001,0.344,1.4378
0.0123,-0.001465,-0.02417,1.469238,-1.983337,-1.386047,-2.462616,0.9889424540836704,0.35266514868562054,0.011586908604757471,-0.13407524471221202,-0.30821759448929537,86.77553073795536,1.002,0.347,1.4394
0.0114,0.040039,-0.132568,1.313477,-2.624207,2.001404,-3.103485,0.9891204761369617,0.3554325581326302,0.011698872341670578,-0.2357702299049157,-0.3142118572216382,86.73724879504348,1.002,0.35,1.4378
0.0126,0.006592,0.029053,1.279541,3.876038,2.123474,-6.338348,0.9892985432544132,0.35852525300612587,0.011756661666387742,-0.1644305952559786,-0.29758392364122604,86.65701989451736,1.003,0.353,1.4378
0.0122,0.032959,-0.097656,1.256592,2.655334,2.947449,-2.218475,0.9894988393320957,0.36162647554529154,0.011863661449212387,-0.186774971213062,-0.2879542819533914,86.62758093355264,1.003,0.355,1.4378
0.0113,0.030029,-0.084473,1.433594,-0.396423,1.42157,-2.615204,0.9896722586831465,0.3643221655236832,0.011950863925812617,-0.23147924308441103,-0.29303188837084193,86.59621402524687,1.003,0.359,1.4361
0.0121,0.042236,-0.003174,1.243408,2.655334,-2.48468,-3.835907,0.9898670615752796,0.3673300394121229,0.01208790218523665,-0.1961022436692681,-0.3549559069779229,86.54784088378835,1.004,0.361,1.4378
0.0125,0.068848,0.080566,1.271973,-0.457458,0.139832,-4.720917,0.9900749031438771,0.37044716854649334,0.01229367760508499,-0.1485093504435251,-0.3997325341289595,86.4859981079489,1.004,0.365,1.4378
0.0122,0.074219,0.006592,1.270508,-2.654724,2.42865,-6.704559,0.9902872533093832,0.37353289371137977,0.01250749228772711,-0.17171224757426504,-0.4199216950388001,86.40117485666042,1.005,0.368,1.4394
0.0112,0.024414,0.03418,1.449951,0.702209,6.579041,-6.18576,0.990474156507428,0.37637491763428166,0.012598178969315255,-0.1412377884070304,-0.36352249583507973,86.3305592249699,1.005,0.37,1.4394
0.0127,0.018555,-0.024902,1.363037,-1.83075,4.412292,-4.781952,0.9906847648439159,0.37954772582878327,0.01267687763601872,-0.1737476690543049,-0.3232033012248198,86.26889595002154,1.005,0.374,1.441
0.0114,-0.095459,-0.075195,1.205078,-4.119568,-3.827454,-3.378143,0.9908567859989607,0.38260170829938106,0.012474753697463975,-0.262582358608401,-0.31243772631477396,86.23392926551668,1.006,0.377,1.4394
0.0122,0.009766,0.004639,1.226074,-1.159363,0.292419,-2.554169,0.9910897744991763,0.3860464760173593,0.012542565027475227,-0.2678661961526172,-0.3211695144109324,86.20200857199342,1.006,0.381,1.4394
0.0125,-0.053467,-0.032715,1.566406,0.305481,4.32074,-2.126923,0.9913028735981164,0.3894256245378725,0.012474983005966845,-0.27482530318325527,-0.24568586037961226,86.17644667904541,1.007,0.384,1.4378
0.0111,-0.042236,-0.01709,1.25415,-1.647644,-2.087952,-3.591766,0.9914915598417574,0.3923987289275765,0.012410497634778488,-0.2974275102066723,-0.24962545717474968,86.13782433746806,1.007,0.386,1.4378
0.0127,-0.07373,0.025391,1.372314,-0.610046,-1.294495,-3.072968,0.9917023083244326,0.39578900182453985,0.012288780485675388,-0.2850994559656428,-0.2307887039464523,86.10094537055386,1.008,0.39,1.4378
0.0121,0.019287,-0.01416,1.075439,-0.549011,2.092957,-4.324188,0.9919341764395807,0.3990242884364759,0.012388910094696934,-0.2952310815024618,-0.22787391569897153,86.04725859555273,1.008,0.393,1.4378
0.0112,-0.07251,-0.0979,1.510498,-1.098328,3.954529,0.467072,0.9921227559260326,0.40198374641382867,0.012270085189351165,-0.3512613300715398,-0.15265522231322223,86.05380994948486,1.008,0.397,1.4378
0.0123,-0.017578,-0.049805,1.331299,-1.006775,-0.134827,0.192413,0.9923394312508572,0.40514429493950477,0.012262146649201984,-0.38572367520453993,-0.15115958946650615,86.05622458557656,1.009,0.399,1.4378
0.0127,-0.097412,0.038086,1.320068,-0.915222,2.581238,0.131378,0.9925296531543221,0.4083227534343225,0.012080366702789565,-0.3685357728751082,-0.0695146649650608,86.0608444360972,1.009,0.402,1.4361
0.0113,-0.031494,-0.048584,1.121826,-1.708679,1.696228,3.122101,0.9927194175423923,0.4111574080571341,0.012032163375887967,-0.41368387841544557,-0.03830905633523655,86.0963144282999,1.01,0.405,1.4378
0.0122,-0.02002,-0.026367,1.503174,-0.1828,0.017761,-0.295868,0.9929195170999633,0.4141103454562359,0.012020985756149825,-0.4225949362369591,-0.035119099266067905,86.09278047135372,1.01,0.407,1.4378
0.0122,-0.067871,-0.069824,1.3125,0.274963,-1.843811,1.199493,0.9931065271357825,0.4170901085314924,0.01189122167171771,-0.45269089699168236,-0.026155471751759928,86.10892616642911,1.01,0.411,1.4378
0.0121,-0.044678,-0.028564,1.270996,0.94635,2.611755,0.375519,0.993290170071108,0.4199432392359761,0.01181904948879332,-0.4509878091672536,0.02332677085567905,86.11413935457975,1.011,0.414,1.4378
0.0111,-0.108643,-0.087158,1.178955,0.305481,-2.057434,4.190216,0.9934370255247301,0.4225944944902522,0.011567475758833563,-0.49585614060470895,0.061003815059708734,86.16355301385377,1.011,0.416,1.4394
0.0124,-0.045654,0.000732,1.495361,1.434631,-0.836731,3.854523,0.9936226390838079,0.4255314438681496,0.01150414730843023,-0.47027171503598014,0.06621418774929778,86.21265544668088,1.011,0.419,1.4394
0.0122,-0.041504,-0.023682,1.312012,2.106018,-2.210022,4.464874,0.9938045538418788,0.42841286647478505,0.011438802830624602,-0.45094849289878575,0.05476470581104109,86.26813425999921,1.012,0.422,1.441
0.0115,-0.029297,-0.049561,1.290283,1.221008,2.337097,4.007111,0.9939760469681178,0.4310591813131648,0.011402069280937684,-0.45882525645301603,0.0896541758108897,86.31383077710936,1.012,0.425,1.4426
0.0123,-0.030273,-0.023682,1.265869,1.892395,1.268982,4.922638,0.9941503216703669,0.43383122724909584,0.011363579019233612,-0.44236461587398906,0.11391009584981901,86.37457985816629,1.012,0.427,1.4442
0.0123,-0.044922,-0.048584,1.392822,2.197571,-0.287415,7.058868,0.9943137747458025,0.4365135421676916,0.011293523141518097,-0.4348914623585411,0.12632513410432647,86.4618049184717,1.013,0.43,1.4459
0.0113,-0.033691,-0.057861,1.230225,1.098938,-1.416565,10.415802,0.994463454636043,0.43895090443832896,0.011242071098171333,-0.45076983269520476,0.12168195064842505,86.57936714489003,1.013,0.432,1.4475
0.0122,-0.066406,-0.11377,1.315674,2.502747,1.116394,11.941681,0.994611466457543,0.44153950301792555,0.011115158259315529,-0.478426113447247,0.16468574244574674,86.72486019028531,1.013,0.435,1.4491
0.0124,-0.032715,0.026123,1.429688,3.753967,-2.515198,8.6763,0.9947504541547153,0.4441746334262852,0.011076610680121026,-0.41063923414683096,0.142479887812164,86.83409023576914,1.014,0.438,1.4523
0.0124,-0.041504,-0.061768,1.345947,2.258606,0.780701,12.002716,0.9948917603445177,0.4467644120830344,0.011012751443807057,-0.4106312067133654,0.16668205770557978,86.98272490682618,1.014,0.44,1.454
0.0111,-0.101074,-0.019043,1.343262,5.127258,-1.416565,10.873566,0.9949744958282769,0.4489909028532401,0.010813589402915031,-0.357825291341877,0.19901628609295782,87.10684638491537,1.014,0.442,1.4556
0.0125,0.03125,0.000244,1.297363,6.225891,-1.263977,10.995636,0.9951266542328454,0.45160670946379466,0.010923213967301738,-0.2737386277905607,0.15490677113770446,87.24249766870507,1.015,0.445,1.4588
0.0123,-0.100098,-0.081787,1.469727,1.282043,-2.026917,14.505157,0.995227967860378,0.4540870080209942,0.01074049270182478,-0.2947392478289905,0.17354874263943226,87.4225735808375,1.015,0.447,1.462
0.0112,-0.004639,-0.010986,1.181641,1.221008,-6.635071,12.338409,0.9953411647834293,0.4564646362878978,0.010764475839201907,-0.28187890832980067,0.09225964635697534,87.56050775886649,1.015,0.45,1.4653
0.0124,-0.006104,-0.028076,1.305908,2.807922,-0.34845,16.824493,0.9954626757296792,0.4591079724974284,0.01078462938557102,-0.2578392018430451,0.0828264834927975,87.76821672797642,1.015,0.453,1.4685
0.0124,-0.015137,0.009277,1.265869,1.007385,-2.667786,15.664825,0.9955567807953034,0.4616267700373356,0.010782715943484948,-0.23412842258521474,0.05021840622474396,87.96303540878316,1.016,0.455,1.4701
0.0114,-0.030029,-0.007812,1.290283,0.183411,1.085876,16.824493,0.9956342980175523,0.46397919747253785,0.010746831206245266,-0.23127499319265468,0.07167481341829268,88.15540852536452,1.016,0.457,1.475
0.0122,-0.040527,0.053223,1.432861,3.509827,2.703308,11.728058,0.9956890294124319,0.46638302835007184,0.010692407769312953,-0.15543735581396514,0.11774169161208434,88.30068959323876,1.016,0.459,1.4766
0.0116,0.036621,0.057129,1.333984,2.0755,-0.165344,9.347687,0.9957635860152437,0.46873182801788094,0.010811706231405855,-0.0945082895694466,0.08549667099729408,88.40868298225952,1.016,0.463,1.4782
0.0125,0.00708,-0.029053,1.281982,2.014465,-0.684143,7.333527,0.9958463520023157,0.4711801679068807,0.010864940801358459,-0.08299071039082433,0.06317327446869916,88.4989387419315,1.017,0.464,1.4815
0.0123,0.0354,0.005127,1.224854,4.425354,0.139832,7.394562,0.9959298851466879,0.47368461379408383,0.010992386801365371,-0.022045349147293274,0.03295124616429451,88.58810036661608,1.017,0.467,1.4815
0.0112,-0.004639,-0.009277,1.425781,3.540344,1.726746,8.920441,0.9959912740677836,0.47597548500337417,0.011015762357942604,0.015044439618847627,0.04625481852451734,88.68754247261512,1.017,0.469,1.4831
0.0123,-0.054443,0.024658,1.325928,0.94635,0.353455,6.66214,0.9960290123694592,0.47853350105646564,0.010922473016453127,0.04337689469230775,0.07280986742448751,88.77142062374124,1.017,0.472,1.4863
0.0124,0.015625,0.025391,1.317139,2.014465,2.337097,8.340607,0.996089324323793,0.4811390272660551,0.010994774291680248,0.0852447380856445,0.08293345525304321,88.87436838481209,1.017,0.475,1.488
0.0115,-0.002197,0.038818,1.324951,2.929993,0.628113,6.295929,0.9961294978961258,0.4834548519143073,0.011023811216447825,0.1428712573455856,0.0817821032713533,88.9471238970518,1.018,0.477,1.4896
0.0122,-0.003174,0.015381,1.203857,-0.823669,-1.904846,8.523712,0.9961785837677957,0.4861385874293091,0.011052117278909215,0.14430490531739118,0.05024934225953044,89.0509913639821,1.018,0.479,1.4896
0.0124,-0.006348,-0.042969,1.456055,-0.579529,-0.195862,7.699738,0.9962342575735222,0.48879366386663237,0.01107149263915396,0.11569002271784486,0.042597771653645325,89.14553596014764,1.018,0.482,1.4912
0.0112,-0.033203,-0.000732,1.33374,2.807922,-0.104309,7.486115,0.9962630602960322,0.49112840653461703,0.01102870489559278,0.14794315826031562,0.05128487888256412,89.22993895505826,1.018,0.484,1.4928
0.0122,-0.047607,-0.070557,1.281738,0.183411,0.292419,7.516632,0.9963045106385992,0.4937207896369355,0.010952435055367795,0.10957481091813279,0.07347503632416615,89.32136969591521,1.018,0.488,1.496
0.0123,-0.001465,-0.038574,1.298096,0.519104,-2.515198,8.004913,0.9963498230842299,0.49635257081678436,0.01098484717011711,0.09492302836070132,0.033994298420245816,89.41860479206036,1.019,0.49,1.4977
0.0124,-0.028564,-0.015625,1.413574,3.113098,-1.447083,9.80545,0.9963750514455757,0.4989511587652,0.010954459150596046,0.12628017967550145,0.02303263358639629,89.54034759758142,1.019,0.492,1.4977
0.0114,0.001953,-0.007324,1.233643,-0.121765,-2.36261,10.293732,0.9964012726184442,0.501293017946237,0.010996242495384946,0.12198541250893231,-0.01455017015741163,89.65693959582295,1.019,0.495,1.4977
0.0122,-0.006348,0.018799,1.305908,-1.708679,0.048279,10.141144,0.996413499803157,0.5037474523477139,0.01101535657234431,0.11380094205110824,-0.01905403599542286,89.78076177503941,1.019,0.497,1.4993
0.0124,-0.030518,0.040527,1.418457,1.70929,0.933289,8.401642,0.9964086903820852,0.5062961116607559,0.010978994808222873,0.15792600475510188,0.0007894354879126798,89.8861171017929,1.019,0.5,1.5009
0.0121,0.015869,0.04248,1.345459,0.000305,0.353455,7.272491,0.9964123974234617,0.5087779092118903,0.011047515788905615,0.18306507154814733,-0.012684478307500757,89.97395774848448,1.019,0.502,1.5025
0.0114,0.001465,-0.033203,1.366699,-1.861267,-0.34845,7.089386,0.99642533796985,0.5111271732879609,0.011086781456746088,0.14421756104072958,-0.025871306352223657,90.0538312031771,1.02,0.504,1.5041
0.0122,-0.014648,-0.017334,1.367432,0.732727,2.398132,5.960236,0.996426562046992,0.5136066792014977,0.011089690962997296,0.1444891648257056,0.0030211981584994056,90.12637942039109,1.02,0.507,1.5025
0.0122,-0.022949,0.016357,1.325195,0.397034,0.933289,4.464874,0.9964147940645394,0.5159183799827332,0.011069899254956043,0.15993089295994672,0.018763238164176164,90.18139555149314,1.02,0.508,1.5025
0.0113,-0.021973,0.00708,1.2771,-0.518494,0.078796,5.075226,0.9964036744226271,0.5180635284612556,0.01105207734176047,0.15953145808942773,0.023523064142625137,90.23909618222545,1.02,0.511,1.5025
0.0126,-0.045166,-0.000488,1.34375,0.06134,2.30658,6.051788,0.9963842333232537,0.5205096287128564,0.010983119143974334,0.16108430459186387,0.06903601111858579,90.31625707761255,1.02,0.513,1.5041
0.0122,-0.020264,-0.005371,1.314209,-0.426941,-0.195862,7.211456,0.9963699996319142,0.5230048754523163,0.010970501755306124,0.15396573773176103,0.06883182188645989,90.4042858928349,1.02,0.516,1.5041
0.0115,-0.022461,-0.01001,1.306885,-1.464539,-0.378967,8.615265,0.9963538368529892,0.5252761603532002,0.01095315327082257,0.13270820439977066,0.0679723092618327,90.50339281052732,1.021,0.518,1.5041
0.0124,-0.020996,-0.013916,1.303955,0.335999,-0.867249,9.43924,0.9963339505340129,0.5276805592800875,0.010939206133133742,0.13017458547816257,0.0599223245047173,90.62035062952772,1.021,0.52,1.5041
0.0116,-0.014893,0.016602,1.252686,1.190491,-1.508118,10.141144,0.9963066897131466,0.5297782133621859,0.010937000751981792,0.15557640643214624,0.04170617674372476,90.73826675011175,1.021,0.523,1.5041
0.0123,-0.051758,-0.045898,1.394775,-0.426941,0.445007,9.744415,0.9962771025814209,0.5320718344125989,0.010859401384137393,0.1263136215116306,0.06653791585028963,90.85832098135944,1.021,0.525,1.5041
0.0123,-0.025391,-0.001465,1.4104,2.0755,-0.134827,7.486115,0.9962371160722514,0.534558471703087,0.010836141317984318,0.15212016287510854,0.06966999918852605,90.95064113170278,1.021,0.527,1.5058
0.0115,-0.001709,0.040527,1.283936,2.044983,2.062439,6.66214,0.996191997824326,0.5368868355063808,0.01086473231482933,0.20079851222303208,0.08436502127304969,91.0277207328696,1.021,0.53,1.5058
0.0117,-0.023438,0.035156,1.38208,1.037903,1.207947,2.63382,0.9961425302154111,0.5390485741071162,0.010843158279978357,0.23278132411379343,0.10208117104427267,91.05937293543373,1.022,0.532,1.5074
0.0123,-0.038818,0.041748,1.36499,0.06134,-0.775696,3.76297,0.9960839404755563,0.5413196128251426,0.010784754648465414,0.2571521431462951,0.10476543805369565,91.10687592863034,1.022,0.534,1.5074
0.0119,-0.052979,-0.004639,1.387207,0.335999,0.811218,4.495392,0.996034070481556,0.5434918928775475,0.010701289421168799,0.2585738024385593,0.13394168190982775,91.16108770511758,1.022,0.537,1.5074
0.0122,0.028809,-0.015137,1.190918,0.366516,-1.59967,6.875763,0.9960057131156375,0.5457756345919204,0.010815629866957293,0.25379880553119116,0.08484932117790579,91.24343745059801,1.022,0.538,1.509
0.0115,0.02417,-0.015869,1.29834,-0.915222,0.53656,7.180939,0.9959758830050216,0.5478436827339618,0.010910752363284825,0.23430726095837007,0.06676559780738749,91.32483385363926,1.022,0.541,1.509
0.0128,-0.00415,-0.037109,1.283936,0.580139,-1.325012,6.204376,0.9959342676814591,0.5501747717011947,0.010939993294761842,0.22001234215302617,0.042560709997349455,91.40331122215751,1.022,0.543,1.5106
0.0118,-0.014404,-0.010986,1.365723,0.580139,0.597595,3.732452,0.9958837887815085,0.5523487933744476,0.010942680281903457,0.22101513148351593,0.04864758276405091,91.44719360487478,1.022,0.545,1.5122
0.0122,-0.009521,-0.009277,1.250488,-0.243835,-3.980042,5.136261,0.9958304110544383,0.5546020413181818,0.010954962951393333,0.21299875749109637,-0.0034358914249048014,91.50940545643077,1.022,0.547,1.5139
0.0113,-0.045166,-0.05127,1.326904,2.136536,-1.691223,5.349884,0.9957812958475587,0.5566144485695177,0.01088985293484759,0.2079111395328492,-0.005162378166140699,91.56980502756896,1.023,0.549,1.5139
0.0126,0.089355,0.126221,1.394775,1.129456,-2.545715,3.88504,0.9957150390892069,0.5589360770681521,0.011101897834986508,0.29073705578770087,-0.09348917916858332,91.61787700803997,1.023,0.552,1.5139
0.0113,-0.034668,-0.03125,1.370605,-2.166443,2.947449,6.906281,0.9956591433856157,0.5609785728273226,0.011062019872467466,0.24860718684967545,-0.048931482200004255,91.69616815253524,1.023,0.554,1.5155
0.0122,-0.057129,0.066162,1.318848,0.671692,0.872253,3.427277,0.9955717503083121,0.5630973520280855,0.01095690907830729,0.295007733469894,-0.013698773020847797,91.73975871540296,1.023,0.556,1.5155
0.0122,-0.035156,0.041016,1.366211,-0.579529,3.588318,3.76297,0.9954970463691188,0.5651150013603763,0.010908867421633155,0.31048485894952144,0.04084989188329551,91.78680268563032,1.023,0.558,1.5155
0.0125,-0.078857,-0.049561,1.328369,-0.152283,-1.263977,5.349884,0.9954329542421986,0.567127443794011,0.010767946864788071,0.27967329179056977,0.06113325252350898,91.85397225412254,1.023,0.56,1.5139
0.012,0.04834,0.066895,1.208252,-0.518494,2.55072,5.166779,0.9953669503055608,0.5691080363029618,0.010919398780302835,0.31576539038838897,0.05069160329172827,91.91600740189348,1.023,0.562,1.5139
0.0111,-0.006348,-0.018311,1.317383,-1.220398,1.513123,7.058868,0.9953088301593394,0.5710382716324038,0.010942474322145939,0.2912715935891434,0.061411607734761876,91.9940162539799,1.023,0.564,1.5155
0.0122,0.025391,0.018311,1.264893,1.098938,-0.59259,3.061066,0.9952385240783269,0.5731983118820977,0.011036669757812471,0.3154246696888916,0.0291331362649701,92.03084594393643,1.023,0.566,1.5155
0.0123,0.05957,0.023682,1.364014,-0.304871,0.933289,0.467072,0.9951707841593691,0.5753960805495901,0.01119963787379526,0.32429364815379635,-0.0014309535238532882,92.03573828039292,1.024,0.568,1.5155
0.0122,-0.030762,-0.045654,1.280762,-0.304871,-0.256897,0.100861,0.9951011120581125,0.5775180938511311,0.011167728648416754,0.29282946510001806,0.004928000508836918,92.03678073187703,1.024,0.57,1.5155
0.0113,0.023682,0.045898,1.338135,1.282043,2.245544,0.009308,0.9950281576156186,0.5795628658892547,0.011250602543510338,0.3329343700393646,0.008023037119587852,92.03679204184077,1.024,0.573,1.5155
0.0121,-0.035889,-0.021729,1.370361,-0.396423,3.710388,5.136261,0.9949540272392713,0.5816484965545147,0.011208889359207476,0.31527718287219286,0.06370105330932006,92.09930049489031,1.024,0.575,1.5155
0.0127,-0.074707,0.029297,1.170654,-1.18988,-0.775696,3.915558,0.9948516850073746,0.583905805818681,0.011050960795253424,0.3192372836468403,0.0919672215479831,92.15030882579059,1.024,0.576,1.5155
0.0123,0.011963,-0.01001,1.432373,-0.213318,3.862976,4.861603,0.994777416190506,0.5860928341536259,0.011110939298608352,0.31060202388591474,0.12336252010572106,92.20985393814422,1.024,0.579,1.5171
0.0112,-0.062744,0.019287,1.321045,-0.121765,-1.782776,1.230011,0.9946921683910647,0.5879676389677977,0.011000163716309578,0.31990264624866077,0.12986945381634196,92.22438456386077,1.024,0.581,1.5155
0.0123,0.005615,0.025146,1.379883,0.030823,1.116394,-1.791229,0.9946074840636548,0.5901432022466693,0.011043075017816982,0.3334149957655924,0.13087732354238615,92.20241348916294,1.024,0.583,1.5171
0.0123,-0.010742,-0.057373,1.318359,-0.030212,-1.660706,-1.02829,0.9945346797844712,0.5923687884807455,0.011058744550619464,0.2990527184848961,0.10696492169826037,92.18890166073082,1.025,0.585,1.5171
0.0121,0.078125,0.124023,1.258301,1.434631,0.353455,-5.81955,0.9944502278756621,0.5944649781376775,0.011263967581660199,0.39023007744377386,0.05468169477353977,92.11843913931308,1.025,0.587,1.5155
0.0113,-0.060791,0.019287,1.345215,0.458069,-3.36969,-6.307831,0.9943711313606276,0.5963537292536286,0.011159084828684418,0.4048551683856094,0.04293495156232215,92.0474500802356,1.025,0.589,1.5139
0.0123,-0.015381,0.006348,1.257324,-1.708679,-1.386047,-8.047333,0.994290500786983,0.5985855297686945,0.011156865730874729,0.3864982115583563,0.026584211991360036,91.94839094561672,1.025,0.591,1.5122
0.0121,-0.064453,-0.005127,1.442139,-0.365906,2.764343,-13.082733,0.9942157412575218,0.6006340159208714,0.01105650529216597,0.3777539307157934,0.08668796247275724,91.79065263695877,1.025,0.593,1.5074
0.0115,-0.164062,0.047607,1.202148,0.274963,-3.583313,-13.479462,0.994128404544626,0.6024044903368063,0.010686583335015928,0.4095924225495894,0.13944097052658827,91.63734466384712,1.025,0.595,1.5058
0.0126,0.004639,0.046387,1.36084,-0.1828,0.994324,-12.441864,0.9940614043892038,0.6044759348469612,0.010726998816711877,0.43131209354261774,0.14053765826041953,91.48120570914973,1.025,0.597,1.5058
0.0113,-0.068115,-0.083008,1.349365,-1.06781,-3.888489,-9.756317,0.9940321391054963,0.6061928924322036,0.010616458974261795,0.3705572549132836,0.126387815661071,91.3696534830018,1.025,0.599,1.5025
0.0122,0.058594,0.023438,1.254395,-1.434021,-0.501038,-10.85495,0.9939916530595378,0.6081082598153185,0.010788561318975693,0.36619145171936635,0.07526265146784027,91.2368817946649,1.025,0.6,1.5025
0.0126,-0.029297,-0.074219,1.428223,0.274963,-0.47052,-13.937225,0.9939660109186695,0.6099548528307381,0.010763651393917606,0.3284631172679647,0.07741669861297104,91.06039056462454,1.026,0.603,1.4977
0.0118,-0.062744,-0.02124,1.150391,0.885315,-3.033997,-12.899628,0.9939322290024141,0.611661766219236,0.010641965170297703,0.3242634007199152,0.07378797713439436,90.90819366185806,1.026,0.604,1.496
0.0123,0.019043,-0.048584,1.444092,-0.030212,1.024841,-10.488739,0.9939186456116457,0.6135427279685363,0.010714475574327201,0.2971397948351149,0.06826770060093779,90.77818085827465,1.026,0.606,1.4944
0.0112,-0.04541,-0.112305,1.309814,1.526184,-1.935364,-12.472382,0.9939173421295199,0.6151614209051829,0.010651523847338935,0.24849826453787283,0.06452052383700631,90.63718629586737,1.026,0.608,1.488
0.0129,0.001953,0.035645,1.250244,0.610657,-2.576233,-14.242401,0.9938930713434614,0.6169002895915017,0.01068886363313631,0.27820565413218473,0.021467091744384624,90.4535533209537,1.026,0.609,1.4863
0.0119,-0.015137,-0.091064,1.230713,-0.854187,-0.195862,-10.488739,0.9939002260725383,0.6187161231334184,0.010691522953139219,0.21178338984022357,0.019668427424023933,90.32741258664339,1.026,0.611,1.4863
0.0112,-0.045654,0.000732,1.329834,-0.030212,-0.287415,-8.108368,0.993882785525452,0.6205132368318699,0.010624133775926508,0.21233740618036323,0.03425918673436783,90.23717738610513,1.027,0.613,1.4847
0.0122,-0.059814,-0.044434,1.331299,-3.08197,-0.195862,-7.07077,0.9938745786226053,0.6222886973878268,0.010527434750713075,0.15011864631506933,0.05754900785106379,90.15110315386849,1.027,0.614,1.4815
0.0118,-0.010986,-0.054932,1.272461,-1.098328,-0.409485,-5.453339,0.9938838235886231,0.623842634382676,0.010538067169296412,0.10557202700567661,0.04998079538254891,90.0857650464659,1.027,0.616,1.4799
0.0122,0.089111,0.05542,1.313477,-1.250916,1.696228,-6.521454,0.9938969968029545,0.6256799417294682,0.010765671444044564,0.12400977666312633,0.010013447384130734,90.00485879607032,1.027,0.618,1.4799
0.0125,-0.016357,-0.087646,1.372803,-1.495056,-0.256897,-6.460419,0.9939101303292301,0.6274513658121523,0.010763855254897294,0.058170745665639324,0.007696852514438543,89.92321109894966,1.027,0.62,1.4782
0.0121,-0.080078,0.018799,1.317871,0.671692,-7.489563,-8.138885,0.9938925274886927,0.629085842073333,0.010618100027575383,0.0792770790289434,-0.04423319109036368,89.82634693189601,1.027,0.621,1.4766
0.012,0.056152,0.004395,1.428223,0.091858,-1.4776,-6.9487,0.9939118316218429,0.6309310393009385,0.010759686101882089,0.08447650203125319,-0.09915898926566107,89.74165722060597,1.027,0.623,1.475
0.0116,-0.005127,-0.040527,1.30249,-0.121765,-0.562073,-9.664764,0.9939274841001224,0.6326538383901256,0.010780210049856265,0.06140000567093599,-0.11014785741142241,89.62900467366079,1.028,0.625,1.4718
0.0116,-0.003906,0.059326,1.258057,0.671692,0.780701,-9.7258,0.9939308419783721,0.6343998232408766,0.010804569936259117,0.1074445696254207,-0.1065698567804649,89.51659186333274,1.028,0.626,1.4718
0.0124,-0.065674,-0.050049,1.489014,-1.159363,2.367615,-6.460419,0.993943346798889,0.6363236400584844,0.010707851726707402,0.06900513583743148,-0.05026741460248924,89.43704543477284,1.028,0.629,1.4701
0.0125,-0.080811,-0.051514,1.236084,-0.94574,-3.857971,-3.134003,0.9939530191793725,0.6381028183745471,0.010554024219912257,0.0277885658183624,-0.05680179936671389,89.39876346538979,1.028,0.63,1.4685
0.0112,0.062988,0.038086,1.253418,-2.990417,4.290222,-3.622284,0.9939823326391392,0.6396286298124976,0.010731155431893588,0.020330932697472985,-0.05590431164085926,89.3569931606371,1.028,0.631,1.4669
0.0126,0.034668,-0.023438,1.298096,-1.891785,-1.019836,-3.92746,0.9940158574627378,0.6413646132632593,0.0108380723546625,-0.014434892176253098,-0.09717999420914268,89.3063117180746,1.028,0.634,1.4669
0.0113,-0.003906,-0.003418,1.373535,-0.823669,-0.989319,-6.002655,0.9940365238184546,0.6429227925672768,0.010859165802071014,-0.022662888582370002,-0.11336535804728927,89.23831730452851,1.029,0.635,1.4653
0.0122,0.039795,0.067139,1.450684,-1.220398,0.048279,-13.662567,0.9940626003595541,0.6445920077262294,0.010965064145164157,0.00085864739224507,-0.140393747284855,89.07111157828058,1.029,0.636,1.462
0.0124,-0.019775,-0.060547,1.139893,0.213928,-1.019836,-10.946503,0.9940944690999228,0.6462935444343223,0.010950045902063646,-0.03354571248640494,-0.1481842880133817,88.93520878895507,1.029,0.638,1.462
0.0114,0.024658,-0.034668,1.446045,0.763245,2.764343,-8.321991,0.9941366409393705,0.6480138561178012,0.011026007557572234,-0.040175226447654123,-0.13637151073722498,88.8394879854279,1.029,0.64,1.4604
0.0125,-0.015137,-0.096191,1.319336,0.030823,0.933289,-4.690399,0.9941806350856331,0.649883997560877,0.011022858458893406,-0.09202033191321109,-0.12331838607241745,88.78053804510391,1.029,0.642,1.4572
0.0118,-0.132324,0.007568,1.520752,-0.304871,2.245544,-5.514374,0.9941797748424176,0.6512471373527413,0.010808307620257952,-0.08836972454388978,-0.03723397649365553,88.71798569368678,1.03,0.643,1.4572
0.0124,0.019287,-0.04126,1.149658,0.763245,-0.47052,-2.065887,0.9942330536985099,0.6529421684470675,0.010889164484757017,-0.10233586038270268,-0.06535355534113024,88.69112634783266,1.03,0.645,1.4588
0.012,-0.005127,-0.020752,1.332275,0.610657,0.078796,-1.699677,0.9942801408710683,0.6548352969674267,0.010908837238319393,-0.10320335641428653,-0.06937884598184711,88.67041948665795,1.03,0.647,1.4588
0.0114,0.067627,-0.006592,1.34375,0.366516,-0.226379,-0.967255,0.9943413024277461,0.6564565873317783,0.011077655203460756,-0.09905838302705926,-0.11798258141118294,88.6573995414135,1.03,0.648,1.4588
0.0122,-0.015137,-0.015381,1.292969,1.678772,0.475525,-2.950897,0.9943772411288763,0.6579933210779475,0.011075804759661231,-0.083997116010752,-0.11092971219689947,88.62141791523912,1.03,0.65,1.4572
0.0118,-0.028809,-0.023438,1.369141,1.098938,3.405212,-5.605927,0.9944118182888472,0.6595700498380179,0.011047694478441901,-0.08063309148058188,-0.06234658459120196,88.55552297030077,1.03,0.651,1.4556
0.0128,0.121826,0.05835,1.285889,1.221008,0.567078,-10.671844,0.9944879082549452,0.6610766546837029,0.01133827635275169,-0.027125634059213012,-0.13509099176804687,88.41565375386179,1.031,0.652,1.4523
0.0117,0.021484,0.017822,1.224121,1.922913,1.574158,-10.214081,0.9945361931008546,0.6624747518279471,0.01141942933334243,0.009724810927117964,-0.13818336568193426,88.29525438831192,1.031,0.654,1.454
0.0113,-0.036865,-0.047363,1.333984,2.228088,1.024841,-6.277313,0.994578047283153,0.6640697425876675,0.011371866978972951,0.010319604849694962,-0.1127063263810093,88.2249853474937,1.031,0.656,1.4556
0.0123,-0.043701,-0.088867,1.292969,2.197571,-0.531555,-1.730194,0.9946267779117283,0.6658417023010689,0.011306776177647604,-0.012509165828836252,-0.10105547375427064,88.20462507904043,1.031,0.658,1.4523
0.012,-0.02002,-0.05249,1.385254,2.746887,2.55072,1.291046,0.9946777778444316,0.6674657571829562,0.011295052135211188,-0.006098896964101915,-0.06689655371076385,88.220313434959,1.031,0.659,1.4523
0.0123,0.011963,-0.007812,1.230469,2.655334,0.963806,0.497589,0.9947389921013378,0.6691194529479282,0.011353899078758539,0.024347462750414273,-0.07114513019306663,88.22567749282813,1.032,0.66,1.4523
0.0123,0.009277,-0.005371,1.310791,1.70929,0.933289,-2.645721,0.9947962777103942,0.6707066225469436,0.011403422319408956,0.04454510898499807,-0.07312158209261747,88.19251185646782,1.032,0.662,1.4523
0.0113,0.007812,0.021729,1.319336,3.052063,-1.813293,-6.796112,0.9948452643911927,0.6720705660652166,0.011449172630615912,0.09360734361735498,-0.1056934076712216,88.11505620304038,1.032,0.663,1.4491
0.0122,0.024414,0.016602,1.290283,3.570862,-1.386047,-7.772675,0.994911715811222,0.6737536652431371,0.01153048368205242,0.14852975487842962,-0.14438910897791868,88.01914135602597,1.032,0.666,1.4491
0.0122,0.020996,-0.010742,1.332764,2.777405,-0.34845,-6.9487,0.9949799946028596,0.6754298753822522,0.011600961081791051,0.1772710006523198,-0.1674179676453457,87.93359505605096,1.032,0.667,1.4507
0.0124,-0.058838,-0.068359,1.325439,1.800842,0.719666,-2.248993,0.995020855710885,0.676889479660735,0.011507751971790103,0.16099302133926213,-0.13148361498613553,87.90734255766871,1.032,0.668,1.4507
0.0112,-0.04834,-0.032715,1.385986,2.685852,2.794861,-2.187958,0.9950643728700403,0.678348801603174,0.011441736355706457,0.17371972264164576,-0.08065898115787296,87.88397712895603,1.033,0.67,1.4507
0.0123,-0.032959,-0.010742,1.307861,1.404114,2.184509,-2.004852,0.9951202029820876,0.6800298769087404,0.011404989556909101,0.18550452370289922,-0.04260584134434247,87.85996490331351,1.033,0.671,1.4507
0.0123,-0.039551,0.030029,1.366211,0.763245,1.146912,-1.608124,0.9951686885607296,0.6816359864433705,0.011358952315183492,0.21228847097153197,-0.014357029724700989,87.84086277323694,1.033,0.673,1.4523
0.0122,-0.030273,0.04248,1.240479,0.94635,-0.317932,-5.483856,0.9952200952270188,0.6832780302834225,0.011328490906857483,0.25056187649844897,-0.00833072372006652,87.77435694313195,1.033,0.675,1.4523
0.012,0.001953,0.012939,1.335205,-0.762634,1.726746,-7.406464,0.9952861152311412,0.6848647459425864,0.01136319388630384,0.24898996738061857,0.0029919066744896606,87.68515650384909,1.033,0.676,1.4507
0.0118,0.029541,0.046875,1.325928,0.94635,0.231384,-7.742157,0.9953540233823306,0.6862992462083718,0.011453993750512703,0.28710637877378814,-0.019493345114062716,87.59272696425305,1.034,0.677,1.4507
0.0123,-0.121582,-0.071289,1.322754,-0.457458,0.078796,-4.415741,0.9953870755298412,0.6877129579318818,0.011239830989544381,0.24038643071067595,0.04314569601300897,87.54088225921856,1.034,0.679,1.4507
0.0114,-0.003174,-0.066162,1.328613,0.213928,0.994324,-1.211395,0.9954632538097794,0.6891946531873171,0.011259716904630715,0.2050273219888484,0.04724223487511943,87.52666755532279,1.034,0.681,1.4523
0.0126,-0.031494,-0.067871,1.269287,1.190491,1.360535,1.199493,0.9955320540762655,0.6907388956163358,0.011222627556213687,0.1797905874002385,0.07363365416836908,87.54213511115648,1.034,0.682,1.454
0.0113,-0.063477,-0.006104,1.414062,-0.671082,0.200867,1.260529,0.9955642929388807,0.6918950538853694,0.011134583870134199,0.16968039373628632,0.10128204400673736,87.55764213389853,1.034,0.683,1.4523
0.0124,0.011719,0.037842,1.335205,-0.06073,1.635193,-0.845184,0.9956313051114691,0.6933108572646239,0.011190064334601367,0.19146852812301726,0.10510785191984541,87.54658542522377,1.034,0.685,1.4523
0.0122,-0.015869,0.198975,1.465332,-0.091248,2.092957,-5.239716,0.9956773718842498,0.6948780189855108,0.011200570398693181,0.29286823708024334,0.13001420532613503,87.48335786938769,1.035,0.686,1.454
0.0116,0.028809,0.122803,1.279541,-0.671082,1.482605,-8.96286,0.9957387966440798,0.696308700954677,0.011297248174786096,0.3573213618212006,0.12035639045329763,87.37898595033673,1.035,0.687,1.454
0.0121,-0.02002,0.02124,1.379883,-1.678162,0.628113,-6.06369,0.9957889272664925,0.6974656378387121,0.011291006011487274,0.3477092121509467,0.12989940887642049,87.30573253673107,1.035,0.688,1.454
0.0122,0.067383,-0.05835,1.213867,0.030823,1.635193,-4.720917,0.9958818816013872,0.6987824067008876,0.011460819158496652,0.3107495993837071,0.09711544266987134,87.24686749911969,1.035,0.69,1.4523
0.0114,0.029785,-0.076904,1.283203,-0.610046,1.909851,-1.425018,0.9959686211263558,0.7001955201030367,0.011545498801419123,0.25781778918214565,0.09125100751466864,87.23011744276711,1.035,0.691,1.454
0.0121,0.020752,-0.066895,1.298828,-0.335388,3.710388,1.809845,0.996053142968217,0.7016330203744319,0.011612944430436754,0.21470147762094988,0.11372937865807188,87.2517207035512,1.035,0.692,1.4556
0.0121,-0.146973,-0.072021,1.356201,-0.579529,-1.843811,2.389679,0.9960729909532454,0.7029319829723589,0.011365757440102977,0.16806208689550323,0.16402887564577073,87.2836096900831,1.036,0.694,1.454
0.0125,0.089111,-0.064209,1.290527,0.274963,1.787781,1.230011,0.996198539411759,0.704598425774595,0.011565122093135247,0.1347779241795335,0.1232275532112477,87.2964244397959,1.036,0.695,1.454
0.0113,0.021973,0.000488,1.386719,1.282043,2.520203,-3.622284,0.9962761103560888,0.7059093807257242,0.011634364179489437,0.15047193353722457,0.1299400040605118,87.25456367429796,1.036,0.697,1.454
0.0121,0.040771,0.134277,1.328613,1.251526,4.44281,-3.103485,0.9963614214382553,0.7071685489026884,0.0117497975533464,0.2428564644186251,0.15024060604414313,87.21495089276256,1.036,0.698,1.4556
0.0124,-0.110596,-0.067627,1.184082,-3.173523,-1.508118,-4.415741,0.9964014134147663,0.7087750825472989,0.011545129752491843,0.16097387241861646,0.1916797867736934,87.16278731930814,1.036,0.699,1.454
0.0122,0.043945,0.019043,1.493652,0.274963,-0.775696,-5.758514,0.99650515143945,0.7104438830270982,0.011644942379258902,0.1745252541127016,0.15045034966512832,87.09117501428338,1.036,0.701,1.4523
0.0113,0.044434,-0.000244,1.248047,1.282043,-0.195862,-7.620087,0.9965969515350376,0.7117772671631718,0.011764435093227582,0.18955057982538648,0.11074076269700882,87.0036131602274,1.037,0.702,1.4523
0.0122,0.041992,0.064697,1.355469,-1.434021,-2.026917,-2.065887,0.9966857473914965,0.7130392521120804,0.011872758479474011,0.20918748014068814,0.0532596659538433,86.97651832617004,1.037,0.703,1.4523
0.0126,-0.003418,-0.116943,1.226807,-1.06781,1.696228,-0.723114,0.996766517185011,0.7146460760983515,0.011888453257517355,0.12424128429653765,0.06678913190473112,86.9685904377118,1.037,0.705,1.4523
0.0112,0.004883,0.022705,1.414307,0.366516,-0.714661,-2.340546,0.9968483361451255,0.7160172399142896,0.01192483581674577,0.14177012419512125,0.047556329409894904,86.94162620095324,1.037,0.706,1.4523
0.0128,-0.016357,-0.015137,1.267578,-0.030212,0.170349,-0.967255,0.996924761384637,0.7174745913460369,0.011921568888946438,0.13360699473336335,0.050128339586837184,86.92943010433025,1.037,0.708,1.4523
0.0111,-0.053955,-0.010742,1.278076,-0.274353,-1.630188,-1.638641,0.9969793382490622,0.7187688586200511,0.011846153167505735,0.1255858794096386,0.055051226660839024,86.91220920793131,1.037,0.709,1.4507
0.0125,0.030762,-0.025879,1.448486,0.335999,3.039001,-2.310028,0.9970737282301074,0.720250610405388,0.011923312717707708,0.11724210841045099,0.06807349317329067,86.88265082926704,1.037,0.71,1.4523
0.0122,-0.032227,0.044434,1.297852,0.702209,0.628113,-2.248993,0.9971444808569275,0.7215817412259918,0.011894972191315373,0.15336035871429018,0.08519582112418964,86.85504863430509,1.038,0.712,1.4507
0.0116,-0.088135,-0.013184,1.392334,-0.884705,0.048279,-4.04953,0.997190282546611,0.7228647560631949,0.011767845006376652,0.1368995096024534,0.12506644507419215,86.80963553564312,1.038,0.713,1.4491
0.0124,0.055176,-0.011719,1.184082,-0.793152,-0.531555,-1.394501,0.9973009052160375,0.7243450662850205,0.011910660352523925,0.12119491668496418,0.07218510118901535,86.7906878281949,1.038,0.715,1.4507
0.0123,-0.088623,-0.049072,1.603271,0.976868,4.046082,6.753693,0.9973487236148539,0.72564205950053,0.011799833757542351,0.1108542858034737,0.15558137513503453,86.87555125792451,1.038,0.716,1.4507
0.0113,-0.15918,-0.126709,0.953125,-2.19696,-0.958801,10.69046,0.9973273845190171,0.7268108598118946,0.011438928708048437,-0.009268399593289053,0.2551410498997415,87.00199476702215,1.038,0.717,1.4523
0.0123,-0.002686,0.038574,1.530518,-2.502136,-1.294495,4.220734,0.9974037429278918,0.7281337775273606,0.011462092955479836,-0.017819715341998166,0.23065902483232895,87.05349605991408,1.038,0.719,1.4523
0.0122,0.045166,-0.100586,1.218018,2.71637,-1.782776,3.122101,0.9975134308527537,0.7296665593343288,0.011573926486428885,-0.04443724094144451,0.1693181991269651,87.08978157558026,1.039,0.72,1.454
0.0113,0.05542,0.083496,1.587158,-0.365906,0.750183,10.934601,0.9976024248999987,0.7307777592517425,0.011685186240046334,-0.005453181349884606,0.1423636017594657,87.21115672131063,1.039,0.721,1.4572
0.0126,-0.108398,-0.11084,1.095215,-0.365906,0.628113,6.54007,0.9976041647091103,0.7319522387885954,0.011481299858865639,-0.082814845247802,0.2131220490875785,87.29731044444765,1.039,0.722,1.4588
0.0114,0.031738,0.030273,1.460938,1.800842,1.696228,13.58963,0.9976838174464082,0.7331286893718669,0.01156107440095068,-0.042791435478668365,0.20589498481370308,87.45067077315142,1.039,0.723,1.462
0.0128,-0.082031,-0.029541,1.375244,0.976868,-2.667786,9.713898,0.9977125251167605,0.7344432640246774,0.011446274652738618,-0.04334483831060592,0.20728234290859082,87.57699749830763,1.039,0.724,1.462
0.0111,0.048096,0.025391,1.271729,-1.006775,-1.538635,7.66922,0.9977966128884985,0.7356446185869443,0.011565055186950257,-0.03564562782014644,0.15057758923569303,87.65995163037137,1.039,0.726,1.4637
0.0123,0.011719,0.019043,1.300049,1.343079,4.198669,5.014191,0.9978726919847872,0.7371356812778966,0.011616309247199114,-0.004799944392041868,0.1845176379725863,87.7206087224432,1.039,0.727,1.4669
0.0125,0.05542,0.066162,1.362793,1.587219,3.405212,3.000031,0.9979566839178383,0.7383465836149875,0.011741625391813709,0.05458980263519458,0.18545076444940137,87.75577501883093,1.039,0.728,1.4685
0.0115,-0.041504,0.009277,1.335938,-1.18988,1.574158,4.64798,0.99798718828663,0.7393521802912142,0.011698962703441297,0.04864672855632453,0.2165964773842887,87.80973894435407,1.04,0.729,1.4685
0.0127,-0.062256,-0.137695,1.211914,0.763245,0.963806,6.417999,0.9980098632445797,0.7406452301871043,0.011607834426206732,-0.024936733219198662,0.25596254659581247,87.89320284265143,1.04,0.731,1.4701
0.0117,0.099121,0.11499,1.378662,1.343079,-1.172424,2.786407,0.9981115742305856,0.7418120601845531,0.01180157980483166,0.056590825406165064,0.17728165998049092,87.92197048267178,1.04,0.732,1.4701
0.0122,0.044434,-0.115479,1.257812,-1.159363,3.252625,6.78421,0.9981789419865738,0.7431368979929112,0.011909194716622839,-0.024490054583389983,0.17888145640961506,88.00403183147885,1.04,0.732,1.4734
0.0114,-0.122559,0.028809,1.342041,0.885315,-1.019836,4.190216,0.9981734767999776,0.7442695166504847,0.011728793258600236,0.004849774197719351,0.22645889432949123,88.05452371006841,1.04,0.734,1.4734
0.0122,0.063232,0.0271,1.369385,0.244446,3.405212,4.556427,0.998255530295792,0.7455020390179176,0.011862698465582938,0.025675229410434947,0.22175868229604093,88.1076683311846,1.04,0.735,1.475
0.0123,-0.098633,-0.031738,1.304199,-0.030212,-4.620911,4.068146,0.998257496681253,0.7467158801254988,0.011717025889632457,0.009420770155313443,0.2120837804270037,88.16013926907317,1.04,0.737,1.475
0.0114,0.071777,0.015381,1.228027,1.282043,4.717468,-0.02121,0.998343742007769,0.7479415691526916,0.011880461179902204,0.036220892398711006,0.20944316108558803,88.15708879262873,1.04,0.738,1.4766
0.0122,-0.118652,-0.035889,1.438477,-0.06073,-2.087952,6.356964,0.9983418099786974,0.749215696453092,0.011718632526779599,0.018891270622866232,0.2368576490584931,88.23734679639949,1.041,0.739,1.4766
0.0122,-0.006104,0.117432,1.323242,0.335999,3.039001,-0.875702,0.9983934245726117,0.7504679809767095,0.011738517352995059,0.09273114732921926,0.26606030354554144,88.22565377849621,1.041,0.74,1.4766
0.0123,-0.072266,0.00293,1.32666,-1.525574,-0.501038,1.931915,0.9984101388445243,0.751673622374992,0.011643955873469024,0.07769442140640133,0.2901654627573258,88.25054565833226,1.041,0.741,1.4782
0.0112,0.091553,-0.128418,1.204346,1.83136,3.618835,1.352081,0.9984964261930664,0.7529708907631243,0.01184053969256694,0.020024257862768832,0.2608038816831485,88.26355978919823,1.041,0.743,1.4766
0.0122,0.007568,0.011475,1.502441,-0.671082,0.933289,4.159698,0.9985491907151359,0.7542866943954503,0.011876404340794521,0.020167027150238888,0.2579277790432215,88.31352711092806,1.041,0.744,1.4782
0.0124,-0.093018,-0.054443,1.25415,1.159973,2.733826,1.962433,0.998545884221867,0.7555677078656788,0.011740704425162304,0.004134023241122997,0.33618428086751706,88.3403518120685,1.041,0.745,1.4782
0.0121,-0.042725,-0.006104,1.288574,-0.701599,1.848816,8.737335,0.9985727828824255,0.7568807769544784,0.011695883625720641,-0.004508428901475574,0.3713223603418246,88.44670181436543,1.041,0.746,1.4815
0.0114,-0.015381,-0.001465,1.366699,1.190491,-0.623108,2.542267,0.9986094410265413,0.7581153335917563,0.011698103633635087,0.01096023775376824,0.3606991019924099,88.47550247923601,1.041,0.747,1.4799
0.0122,0.013184,0.067383,1.317871,0.915833,2.55072,0.528107,0.9986653551027813,0.7594156313774497,0.011749085044847571,0.06360152320397826,0.3715196343195688,88.48070305316352,1.041,0.749,1.4847
0.0123,-0.270752,-0.074951,1.280029,-4.028015,-0.34845,8.188019,0.9985832697052279,0.760797739785917,0.011324981907105038,-0.0259678544433562,0.5110938854446373,88.58779539291801,1.042,0.75,1.4863
0.0121,-0.050293,-0.111084,1.337646,-1.159363,2.215027,8.493195,0.9986035569908055,0.7619941647999039,0.011272479823157353,-0.0990820228836478,0.5524921345413887,88.69056353132306,1.042,0.751,1.4863
0.0113,-0.02832,0.034912,1.334229,-2.532654,-1.843811,4.525909,0.998622601182391,0.7629734127377185,0.011256856053399295,-0.10325176027758692,0.5339071343767933,88.74216578203928,1.042,0.752,1.4863
0.0122,0.081543,0.039307,1.265137,0.000305,0.628113,-4.537811,0.99870468996128,0.7641082837803068,0.011427226407759774,-0.07628731961422511,0.47799242744808684,88.68397409035397,1.042,0.753,1.4863
0.0125,0.079834,0.028809,1.306641,-0.152283,0.017761,0.039825,0.9987887974301364,0.7654940819387965,0.011586563385590073,-0.05787195945389875,0.4181170747882816,88.68179065928898,1.042,0.755,1.4896
0.012,-0.199951,-0.211914,1.347656,-1.556091,0.719666,4.159698,0.9987256829822564,0.7667659801588739,0.011301922543859816,-0.18901106536958975,0.523982206060584,88.73620105012434,1.042,0.756,1.488
0.0118,0.075928,0.07251,1.363037,-0.274353,-0.226379,-1.27243,0.9988046584257376,0.7677991985780886,0.011450499324378624,-0.14739371233974885,0.4652782799489249,88.71847003664082,1.042,0.757,1.4863
0.0123,0.036133,0.036865,1.347412,-0.487976,3.283142,-0.112762,0.9988615901415806,0.7688360518287736,0.011538068452518492,-0.12828352962796416,0.4715100523504091,88.71532817228521,1.042,0.758,1.4896
0.0116,-0.12915,-0.134766,1.141602,-2.257996,-1.752258,3.091583,0.9988165879625287,0.7700563228764832,0.011330694173568287,-0.23802911387545697,0.5217047904522422,88.75466008122287,1.042,0.759,1.4896
0.0123,0.036621,0.081055,1.529053,-2.502136,0.048279,4.251251,0.9988750279866092,0.7711661572262181,0.011407121577658238,-0.22284112560811184,0.49145144702068094,88.80553832446623,1.042,0.76,1.4912
0.0113,-0.064453,-0.038086,1.218262,-1.128845,-1.263977,3.488312,0.9988702191239662,0.7721647388505827,0.011326191996772025,-0.2536968270821798,0.5033601646716457,88.84625742599748,1.042,0.761,1.4896
0.012,0.049072,0.019043,1.391357,-0.94574,3.771423,6.387482,0.998930996956179,0.773183343363361,0.01142999466036776,-0.24860336829371893,0.5082424387405114,88.92071080683601,1.043,0.762,1.4928
0.0124,-0.147461,-0.194092,1.250244,-2.715759,-0.653625,9.469757,0.9988671829048712,0.7742464645852286,0.011218931267050302,-0.39097170695628863,0.5744159382081215,89.04152538125786,1.043,0.763,1.4912
0.0122,0.048584,0.045654,1.290039,-0.457458,-0.226379,1.291046,0.9989318945129326,0.7751546537498499,0.011328378017423526,-0.36256063127155275,0.5283519440709539,89.05500551785137,1.043,0.763,1.4912
0.0118,0.067383,0.037109,1.332275,0.122375,2.520203,-3.774872,0.9990041163674419,0.7760332402548292,0.01146410815284127,-0.33392237462081065,0.505039560852908,89.00742293766889,1.043,0.764,1.4912
0.0126,0.04834,0.07959,1.422119,0.763245,-3.156067,4.495392,0.9990694094401107,0.7771644168206003,0.01155858715222574,-0.27535646590385876,0.4269243773391143,89.06215772269245,1.043,0.765,1.496
0.0114,-0.131836,-0.158447,1.241699,-1.464539,2.459167,5.65506,0.9990087113926662,0.7782723669077514,0.011373153190443033,-0.3813195435331862,0.5211756411743973,89.13006217787364,1.043,0.766,1.4944
0.0122,0.022705,0.054199,1.372803,-0.213318,1.604675,1.62674,0.9990569781624323,0.7792639186760113,0.011434974811154918,-0.3470477665301251,0.5143843376272631,89.14838742482078,1.043,0.767,1.4928
0.0124,-0.010254,0.047119,1.26709,-0.091248,0.353455,-4.1716,0.999084719227922,0.7801409627611067,0.011448450114070695,-0.3137998542875438,0.5102637880057398,89.09620603634541,1.043,0.768,1.4944
0.0112,-0.054199,0.006348,1.391357,-2.07489,-3.827454,-0.875702,0.9990846136392596,0.7809153524489293,0.011396644029083957,-0.3275598301693614,0.4840356841994746,89.08742046480279,1.043,0.77,1.496
0.0127,0.08252,-0.146729,1.223389,-1.678162,5.999207,3.488312,0.9991453438361512,0.782103186779378,0.011563535898105241,-0.4322323269865504,0.4948315691594087,89.12813658155613,1.043,0.77,1.4944
0.0118,-0.136475,-0.040039,1.397461,-0.640564,-0.806213,5.380402,0.9990961379468312,0.7831092230306138,0.011393009215858866,-0.453899071619384,0.5468185577252266,89.19517739859289,1.043,0.771,1.4928
0.0117,-0.027344,-0.04126,1.260742,0.458069,0.353455,1.260529,0.9991009718533945,0.7838619290603501,0.011381482121641324,-0.465867212731209,0.5528740344252311,89.20996545712083,1.043,0.772,1.4928
0.0126,-0.021973,-0.036377,1.477051,-0.304871,4.046082,5.746613,0.9991155116893746,0.7849015595448078,0.011378692743339866,-0.48048922439225744,0.601810941073284,89.28177053442099,1.043,0.772,1.4993
0.0113,-0.154541,-0.167236,0.953857,-0.365906,-2.759338,14.505157,0.9989959367003647,0.786070677964215,0.011103643065922309,-0.6031340014800967,0.6737213833784568,89.4515552644081,1.043,0.774,1.5009
0.0122,0.144531,0.135498,1.679688,0.213928,1.848816,5.014191,0.9991119443041266,0.7870642168333664,0.01129504428833751,-0.5307097012306443,0.6181894720279448,89.5078805114123,1.044,0.775,1.4977
0.0127,-0.00415,0.020264,1.216309,-0.121765,-1.508118,0.375519,0.9991394562648547,0.7880870943574351,0.011317020344627608,-0.5109747484039335,0.5860880390650675,89.51211890187572,1.044,0.775,1.496
0.0115,0.037109,0.100586,1.433594,2.441711,5.358337,-6.216278,0.9991959730511061,0.7888713292124127,0.011395751300411589,-0.422857830851744,0.6128226018624383,89.43830572807518,1.044,0.776,1.4977
0.0116,0.026123,0.031982,1.343018,2.106018,-3.552795,3.549347,0.9992394057467794,0.7898655384302641,0.011459792620832257,-0.37304075886866733,0.5426754574149736,89.47822104164044,1.044,0.777,1.5025
0.0126,-0.072998,-0.158203,1.241211,-1.342468,3.43573,2.969513,0.9991986597564272,0.790968082873381,0.011377263807925333,-0.4787882018842522,0.6154698887942825,89.51707507574446,1.044,0.778,1.5009
0.0115,0.002441,0.045654,1.295166,-0.213318,-1.294495,2.603302,0.9992309203807926,0.7917279523914499,0.011409935877725675,-0.4462793052486109,0.5843838752376787,89.54617261911515,1.044,0.779,1.5025
0.0122,0.039551,-0.072998,1.241943,0.488586,0.353455,3.030548,0.9992677332012386,0.7925949758541562,0.011503156409139249,-0.47722188979455804,0.5495141991762256,89.58103596823507,1.044,0.78,1.5025
0.0114,0.01416,0.075684,1.497803,-1.006775,-0.59259,2.053986,0.999310737636789,0.7935534110015287,0.011544010680516472,-0.44256553831924705,0.5225606143789885,89.60298154012355,1.044,0.781,1.5025
0.0123,0.024658,-0.077637,1.193359,1.098938,3.31366,1.596222,0.9993342400155528,0.7946383065580701,0.011614482602122531,-0.470905437740637,0.532415933461508,89.62107232637042,1.044,0.782,1.5025
0.0124,-0.006592,0.054199,1.385254,0.427551,1.238464,-2.065887,0.9993653898074698,0.7955783558817335,0.011630204312597717,-0.4285682801098204,0.5372976212049478,89.59426269167487,1.044,0.783,1.5009
0.0121,-0.014404,-0.019531,1.246338,1.251526,-0.623108,-3.256073,0.9993749222956974,0.7964048757798062,0.011637223361497202,-0.41857750034764557,0.5236542409196867,89.55468711061265,1.044,0.783,1.5025
0.0123,-0.066895,-0.067139,1.450439,-0.94574,-1.111389,7.394562,0.9993508303876446,0.7973950139562102,0.011574212767219852,-0.45775728179669817,0.5326933021648977,89.64730077352246,1.044,0.784,1.5058
0.0113,-0.010254,-0.023926,1.310303,0.152893,0.902771,4.922638,0.9993622298683621,0.7982898251496986,0.011586992688642998,-0.4619742062217315,0.5349797382737989,89.70246294044604,1.044,0.785,1.5025
0.0123,0.012207,-0.02832,1.234863,-1.098328,-1.630188,4.64798,0.9993862269031214,0.7994786734353296,0.011631306053131866,-0.48462248271503444,0.493274904543519,89.75870633647378,1.044,0.786,1.5041
0.0116,0.032471,0.060059,1.347168,1.007385,1.848816,0.009308,0.9994390975968078,0.800529368160121,0.011700095112488287,-0.43143796949157576,0.4826129022984285,89.75621077376032,1.044,0.787,1.5025
0.0123,0.001953,0.018066,1.30957,-0.213318,-0.195862,-2.03537,0.9994642648618751,0.801464299056623,0.011728082294320059,-0.41648065309868154,0.4651949904353496,89.73010650219764,1.044,0.788,1.5025
0.0123,-0.035889,-0.015625,1.275391,-0.976257,1.238464,4.800568,0.9994611856537295,0.802409629291537,0.011701876458770183,-0.4300936992674827,0.48843347845668644,89.78944242454948,1.045,0.789,1.5074
0.0114,-0.188721,-0.10083,1.540771,0.183411,-1.294495,6.265411,0.9993766945016844,0.8032526977380225,0.011500369012619626,-0.4700136052494118,0.5543306397240507,89.86555895347277,1.045,0.79,1.5074
0.0125,0.045654,0.01123,1.105713,-0.549011,-3.49176,6.173859,0.9994268359211844,0.8040871691090893,0.011606145349146505,-0.4602322230834337,0.464273980746785,89.94051013570014,1.045,0.791,1.5074
0.0113,0.040039,0.007812,1.364258,-0.854187,6.609558,-0.173798,0.9994657346258223,0.8052004015032811,0.011684881056031387,-0.45803856560056805,0.5026552814206364,89.93598050625219,1.045,0.792,1.5041
0.0123,0.023193,0.061523,1.265869,2.014465,-3.735901,-2.126923,0.999509717447732,0.8063263656190448,0.011740022545120124,-0.3891511321309994,0.4288561188684595,89.9079861670675,1.045,0.793,1.5025
0.0127,0.010986,-0.00708,1.36499,-0.396423,-0.287415,2.389679,0.9995270262011158,0.8073776994425182,0.011777797592641902,-0.39119028663868916,0.40648965491397204,89.9375128577233,1.045,0.794,1.5058
0.0127,0.011719,-0.029297,1.485107,-0.152283,2.245544,-0.02121,0.9995376198478862,0.808305105915824,0.011815543552263722,-0.4017026858012172,0.41675905749767495,89.93652512640217,1.045,0.794,1.5058
0.0105,-0.03833,-0.055664,1.116455,1.495667,-0.440002,-0.417938,0.9995137642076156,0.8089061686501808,0.011784513482220562,-0.41680895734200973,0.4238252684966413,89.93349331631939,1.045,0.795,1.5074
0.0122,-0.016113,-0.004639,1.36792,-0.426941,-1.752258,1.779327,0.9995195333782796,0.8095988302182321,0.01178755183209144,-0.41743729762750065,0.3990960306802901,89.95508679489264,1.045,0.796,1.5074
0.0125,0.023926,-0.108398,1.323486,0.641174,1.085876,4.190216,0.9995142379654658,0.8110382434485214,0.01184353109459085,-0.46437507408364,0.3864720334674623,90.00763805274704,1.045,0.797,1.5041
0.0111,-0.026367,0.010742,1.282959,1.282043,0.567078,3.183136,0.9995191732830511,0.8121845742532533,0.011828592893038411,-0.4360423003219432,0.39578396316493203,90.04265678375138,1.045,0.798,1.5041
0.0125,-0.010986,-0.007568,1.286133,0.335999,-0.256897,4.831085,0.9995250105659141,0.8134120952322028,0.01183520526991617,-0.42864084929502366,0.38661509014340545,90.10268418450332,1.045,0.799,1.509
0.0123,0.019531,-0.009277,1.464355,1.098938,0.719666,2.420197,0.9995421173901141,0.8144961332351071,0.011880085365409769,-0.4129902356672372,0.3736029789563635,90.13129506101757,1.045,0.8,1.5139
0.0114,-0.107178,-0.078125,1.246338,0.610657,0.261902,6.479034,0.9994764763428354,0.8152882975593317,0.011753906500559875,-0.4460194407139724,0.42935339244904147,90.20879560089791,1.045,0.801,1.5139
0.0121,0.076416,0.069092,1.296631,0.793762,0.53656,0.711212,0.9995461384530713,0.8161260643189382,0.011881075437320178,-0.38866343214430893,0.37797746428941875,90.21327380742588,1.045,0.802,1.5122
0.0126,0.01001,0.0354,1.341553,0.152893,-3.796936,1.74881,0.9995686214294879,0.8174602651043313,0.011912136030746796,-0.3597470521275015,0.3126678710234645,90.23399040427977,1.045,0.803,1.5122
0.0112,0.049072,0.010986,1.384766,0.366516,0.750183,-1.730194,0.99959749923202,0.8186462379557521,0.011995429057349977,-0.3434213660650806,0.2824117281094223,90.2125713259845,1.045,0.804,1.5106
0.0123,-0.029297,-0.039307,1.237793,0.274963,1.726746,-2.340546,0.9995792661221206,0.8196617532419028,0.011977951243041208,-0.3579929024195109,0.3092032965917263,90.18456288002962,1.046,0.805,1.5139
0.0123,-0.101562,-0.030518,1.365967,-1.708679,3.100037,6.509552,0.9995378357679982,0.820568475517218,0.011869567731136219,-0.38902231221000044,0.392554330894425,90.26657341007262,1.046,0.806,1.5155
0.0122,-0.136719,-0.036621,1.30127,-1.372986,-3.003479,3.427277,0.9994761047281534,0.8217216390896143,0.011706134846434254,-0.41992140401721606,0.4235476012408692,90.31185646704752,1.046,0.807,1.5122
0.0112,-0.060547,-0.029053,1.379639,-1.891785,0.628113,1.901398,0.9994498851856707,0.8229141875814139,0.011649656888143,-0.4498325058714712,0.4514994891380406,90.33416679249598,1.046,0.808,1.5106
0.0126,0.02124,0.061279,1.340088,0.94635,-2.789856,2.023468,0.9994778345678483,0.8241864687022009,0.011694873058687029,-0.3956393817710295,0.3916644447316477,90.35810117000594,1.046,0.809,1.5106
0.0114,0.04126,0.01123,1.344971,0.610657,-0.409485,0.131378,0.9995005489976385,0.8252760327700313,0.011769648872531149,-0.3756028263062708,0.3511598838931359,90.35799672084015,1.046,0.81,1.5122
0.0129,-0.030762,-0.067627,1.273438,0.183411,0.902771,2.450714,0.9994755751161242,0.8261885658147542,0.011752761833595842,-0.4068696519806823,0.3687449570878106,90.39060307446714,1.046,0.81,1.5155
0.0112,-0.033447,-0.050781,1.40332,1.770325,3.985046,1.077423,0.9994572997317543,0.8268841985362537,0.011736200960413109,-0.40799130871140593,0.4192471066918418,90.40308724228645,1.046,0.81,1.5155
0.0125,-0.124023,-0.061523,1.265381,1.282043,-3.003479,1.046906,0.9993956524555123,0.8274959087354594,0.011593485219913971,-0.42188298893144155,0.44325861932954097,90.41968395873806,1.046,0.811,1.5155
0.0115,-0.057861,0.022705,1.335449,0.763245,0.963806,0.680695,0.9993816841286625,0.8281624860150831,0.011542313524138691,-0.3931038788303137,0.4742157098909738,90.42805122838723,1.046,0.812,1.5106
0.0125,-0.0354,0.05249,1.317871,4.883118,-2.118469,7.211456,0.9993762620942634,0.8294051735723974,0.011513592653265329,-0.2947872259693833,0.4555151040584483,90.51825697793925,1.046,0.813,1.5122
0.0114,0.037842,0.082031,1.210938,0.06134,2.092957,2.75589,0.9994047087978462,0.8306045685009324,0.011586672620902782,-0.23642441815070822,0.4415170202778123,90.5475642034412,1.046,0.814,1.5122
0.0124,-0.089111,-0.110107,1.415527,-0.610046,0.872253,4.77005,0.99936032498667,0.8315522865365237,0.011503531842333476,-0.2975192958900279,0.4876869491618753,90.60848391706779,1.046,0.814,1.5155
0.0123,-0.012695,-0.010498,1.263672,0.82428,1.909851,3.457794,0.999357399031814,0.832250657438543,0.01151252784602522,-0.2875303819849099,0.5047376584227123,90.65066041267063,1.046,0.815,1.5187
0.0118,0.016357,0.057617,1.364258,1.159973,0.750183,-0.234833,0.9993754977598077,0.8327810161573286,0.011556334414563255,-0.23619531410539502,0.4907752059177123,90.64666198136088,1.046,0.815,1.5203
0.0119,-0.026123,-0.037842,1.209961,0.366516,-3.003479,0.467072,0.9993639141832306,0.8332831234492636,0.011547944319768548,-0.2502881404168666,0.4574069626607509,90.65268325759926,1.046,0.816,1.5203
0.0124,0.033936,-0.022949,1.414551,0.641174,-1.569153,3.549347,0.9993690020729088,0.8343330922160579,0.011608243347256953,-0.24932745369947953,0.4072201939973315,90.69586533023828,1.046,0.818,1.5139
0.0113,0.190186,0.058105,1.265869,3.784485,0.65863,-6.124725,0.9994414628900302,0.8355016732064897,0.011873890452225044,-0.16792669080021394,0.28929155293835007,90.6217450425696,1.046,0.818,1.5139
0.0122,-0.024658,-0.02832,1.367432,0.397034,2.55072,-4.385223,0.9994250789281661,0.8364311101184209,0.011865163678497758,-0.17485985605169693,0.32237486996331005,90.56860740142517,1.046,0.819,1.5139
0.0124,-0.02002,-0.031006,1.229248,2.777405,-2.301575,1.779327,0.9994109463638018,0.8372079664035221,0.011861338313536082,-0.15519272407096843,0.2940215807652749,90.59125950773408,1.046,0.82,1.5155
0.0115,-0.005371,-0.080078,1.32666,1.221008,2.215027,8.310089,0.9993908932602051,0.8379289958953369,0.011879230660215586,-0.18245760618259696,0.3109579275531985,90.68787730510064,1.046,0.82,1.5155
0.0123,-0.031982,-0.037598,1.337402,-0.579529,-4.193665,6.387482,0.9993695058628149,0.838745184920543,0.011860500977911997,-0.20601085063805022,0.26668543708027387,90.76744729862209,1.046,0.822,1.5155
0.0123,0.24707,0.189697,1.221191,-0.213318,-1.904846,0.924835,0.9994969648943768,0.8400292481823198,0.012189603578515814,-0.09136857380854436,0.08575221437858914,90.76888114902789,1.047,0.823,1.5171
0.012,0.006104,-0.109131,1.537842,-0.579529,3.588318,-1.333466,0.9994511779692601,0.8412857173171651,0.012216165961376412,-0.14904796038240056,0.1170563770871128,90.75534663843987,1.047,0.823,1.5171
0.0115,-0.040771,0.015137,1.191162,1.922913,1.207947,-2.065887,0.9994432982134093,0.8420679947785478,0.012180828256531117,-0.11295364643234691,0.14610581494310712,90.73120490944491,1.047,0.825,1.5171
0.0126,-0.005371,-0.016113,1.396484,2.014465,0.841736,2.725372,0.999429599618045,0.8431194661719784,0.012193231533700223,-0.09281804291500705,0.14992398437625443,90.76562814063317,1.047,0.826,1.5187
0.0116,-0.030518,-0.067627,1.365234,0.915833,-0.897766,3.427277,0.9993895384483247,0.8442757383545777,0.012176523454249267,-0.11639754179460785,0.14684886692402785,90.80743343615644,1.047,0.827,1.5155
0.0124,0.093994,-0.001953,1.307617,0.06134,-0.897766,5.105743,0.9994051027213433,0.8455432805038062,0.012312553498269006,-0.11267971301458984,0.07113282393943766,90.8686130644661,1.047,0.828,1.5171
0.0116,-0.025879,-0.080566,1.466064,1.251526,2.672791,3.488312,0.9993586917256597,0.8466662792046129,0.012303492268416842,-0.13653726192533897,0.10686450141782886,90.9114781528623,1.047,0.829,1.5187
0.0124,-0.005371,0.016113,1.268066,1.282043,-2.210022,5.685577,0.9993555065691849,0.8476846007566999,0.01231483334539457,-0.10672241411890046,0.07304463408053105,90.98099029462743,1.047,0.83,1.5203
0.0113,-0.011475,0.030273,1.468506,0.702209,2.30658,4.678497,0.9993541021785247,0.8486233181216982,0.012318428777924153,-0.07950140597517856,0.09639022257028008,91.032578738547,1.047,0.831,1.5203
0.0125,-0.018066,0.033203,1.239746,2.106018,-5.933167,1.474152,0.999349744035304,0.849706487078536,0.012311398518695477,-0.02925234968832699,0.02396301393873031,91.04970243045607,1.047,0.832,1.5155
0.0113,0.14917,0.111084,1.371582,0.641174,-0.623108,-1.302948,0.9994045594508825,0.8508394370026472,0.012499287100241122,0.04157211812012461,-0.07300116242455486,91.02872363496543,1.047,0.833,1.5171
0.0125,-0.025146,-0.11499,1.438477,0.030823,-1.630188,1.199493,0.9993339070567772,0.8521707723155476,0.012490970466258852,-0.01680985463849272,-0.08699997260048299,91.04806257408144,1.047,0.834,1.5203
0.0123,-0.011719,-0.020508,1.281494,3.357239,-1.538635,2.267609,0.9993041904731552,0.8534146774420361,0.012495159752881322,0.014752419643033712,-0.10672038903322144,91.07661900217474,1.047,0.836,1.5203
0.0113,-0.025635,-0.026855,1.409912,0.885315,1.604675,4.281769,0.9992723783702105,0.8545024235042026,0.012483586045506832,0.012419374394332335,-0.0818703272206905,91.12604775742258,1.047,0.837,1.5203
0.0124,-0.053467,-0.040771,1.267822,0.549622,-1.141907,4.129181,0.9992257872746506,0.855631308741519,0.012435034090569647,-0.0027581326910497174,-0.07183639346539174,91.17942538408983,1.047,0.838,1.5203
0.0122,0.055908,0.101318,1.385498,1.495667,1.085876,1.260529,0.9992554938842904,0.8568177972220473,0.012514063449208903,0.07340837243985895,-0.09677752864734664,91.18990209512538,1.047,0.839,1.5203
0.0123,-0.025635,-0.005615,1.35498,-0.121765,0.200867,1.779327,0.9992301464996148,0.8578947107377166,0.0125010106752546,0.0706083335950687,-0.08729522803023113,91.21204018811918,1.047,0.84,1.522
0.0114,-0.005859,0.002686,1.310547,0.244446,0.963806,1.565704,0.9992137149719873,0.8588510553823591,0.012511730034813514,0.07691222258062887,-0.08080539465479977,91.22956260721162,1.047,0.841,1.522
0.0124,-0.006836,0.004883,1.373779,0.885315,-0.073792,1.352081,0.9991973291260915,0.8598045945934261,0.012520475033990133,0.09228468171741232,-0.0853802022460533,91.24595010751815,1.048,0.842,1.5187
0.0122,-0.026855,-0.020752,1.246826,0.580139,-2.24054,-2.096405,0.9991681670373874,0.8607033535074139,0.01250458538361843,0.08852699853559262,-0.10416898544234203,91.22124174650469,1.048,0.843,1.5187
0.0113,0.078613,0.044678,1.422607,0.488586,1.635193,-0.967255,0.9991785727485337,0.8616778088200168,0.012608074392663917,0.11949116080428356,-0.13475727876840934,91.20756327456746,1.048,0.843,1.5187
0.0121,-0.075684,-0.053711,1.243896,1.770325,1.726746,-0.02121,0.9991254462934046,0.8626835721367243,0.012531776215501191,0.10944286731843714,-0.07547917649801518,91.2103196234558,1.048,0.844,1.5187
0.0124,-0.048096,-0.052979,1.366699,1.037903,1.024841,1.138458,0.9990801354639258,0.8636811301656424,0.012494647614684135,0.09405817554962652,-0.04360852878877062,91.22672325499325,1.048,0.846,1.5187
0.0112,0.04126,-0.012451,1.361084,1.556702,-1.263977,0.680695,0.9990679555467455,0.86461260276024,0.012560169229022268,0.10599150457443386,-0.08862531884905253,91.23384688605557,1.048,0.846,1.5171
0.0123,0.035645,0.042236,1.279785,1.678772,1.146912,-1.760712,0.9990763309775204,0.8655094087641243,0.01262105165716746,0.153307930190704,-0.10379157626999362,91.20969307529705,1.048,0.847,1.5139
0.0123,0.011963,0.049561,1.34375,0.274963,1.330017,0.955353,0.9990820368893287,0.8663833835966124,0.012650685717425253,0.18585325256247967,-0.10180574275079772,91.21915814227941,1.048,0.848,1.5139
0.0123,-0.071777,-0.027832,1.378906,1.587219,-0.501038,1.413116,0.9990398929327015,0.8675007744304958,0.012585990851452112,0.19040049993998426,-0.07542616010708678,91.23818161112177,1.048,0.849,1.5155
0.0122,0.083496,0.04248,1.315674,1.007385,2.123474,1.474152,0.9990474470044006,0.8686504849807797,0.0127026635378777,0.2278513584054241,-0.10593258245980396,91.2534584447421,1.048,0.851,1.5187
0.0113,-0.081787,-0.109619,1.30542,0.549622,0.383972,3.671417,0.9989722746697286,0.8696551157149434,0.012625786253807824,0.1706206127660063,-0.0618616885382956,91.30016610041149,1.048,0.851,1.5171
0.0121,-0.03833,-0.019775,1.34082,2.502747,-2.210022,-0.295868,0.9989398765931701,0.8705771558568626,0.01259799740845708,0.1902302366004155,-0.07432616282020471,91.29755886526294,1.048,0.852,1.5139
0.0119,0.150879,0.092529,1.245117,1.190491,2.398132,-2.828827,0.998989001111518,0.8715217618182982,0.012800284504555934,0.2608779812033616,-0.14495468263047398,91.25780702462639,1.048,0.853,1.5122
0.0121,-0.050049,-0.117432,1.307617,0.274963,2.703308,0.589142,0.998914472281921,0.8724086150667889,0.012762148982720163,0.19602028853740724,-0.09071429449289671,91.27062320717829,1.048,0.854,1.5155
0.0117,-0.029297,-0.018311,1.348633,1.556702,-1.447083,-0.082245,0.9988808171811143,0.8734578943114131,0.012745378325285828,0.20430087425852345,-0.0983734237807519,91.27056853481606,1.048,0.855,1.5139
0.0121,-0.048096,-0.029053,1.437744,0.183411,2.581238,3.732452,0.9988384444430963,0.8745694247044057,0.012710663844169268,0.1913782757028781,-0.04898385926956581,91.31740700841642,1.048,0.856,1.5155
0.0127,0.012451,-0.000244,1.23291,2.044983,0.750183,-2.096405,0.9988213123095193,0.8756517713516578,0.012745326469232663,0.21787216904835766,-0.05590408078128783,91.29028502000656,1.048,0.857,1.5106
0.0111,0.077637,0.063232,1.256836,0.580139,2.215027,-1.608124,0.998851597778363,0.8765253400978428,0.012857199656567623,0.2630064612017048,-0.08674789945734954,91.26826672205237,1.048,0.857,1.5058
0.0125,-0.101562,-0.025391,1.385742,0.671692,0.750183,-4.04953,0.9988069424265414,0.8772718335312628,0.01276086349111669,0.2572817119086911,-0.028717800121931838,91.21992119276041,1.048,0.858,1.5041
0.0118,0.077393,0.10083,1.27002,1.526184,-0.501038,-5.05661,0.9988512377737164,0.8779604517497895,0.012868539085268763,0.33534544758874785,-0.08895207996744174,91.15478952986082,1.049,0.859,1.5041
0.0128,-0.099365,-0.142578,1.421387,0.488586,-1.447083,0.98587,0.9987577491503642,0.8793850125022157,0.012781385857024772,0.26462175953648087,-0.06146208272678153,91.17379353320605,1.049,0.86,1.5074
0.0111,0.065186,0.003174,1.212891,1.770325,-1.965881,-2.126923,0.9987541165923421,0.8805866577468318,0.012882499347650149,0.28630311086712734,-0.13254622954239298,91.14857943549057,1.049,0.862,1.5074
0.0121,-0.008057,-0.111328,1.564209,-0.610046,1.66571,5.441437,0.9986929078741622,0.8817947602698024,0.01289236381969108,0.22401127710581664,-0.11486864003943549,91.21847184120665,1.049,0.862,1.5074
0.012,-0.115234,-0.078613,1.197754,3.387756,1.482605,1.74881,0.9986066611339073,0.8827772429926412,0.012766741295445683,0.21515862176503955,-0.032740739871030496,91.24528169009842,1.049,0.863,1.5041
0.0123,0.096436,0.157959,1.355225,0.885315,3.679871,-7.95578,0.9986782283336718,0.8835554863919729,0.012887466429095813,0.31394400490941793,-0.048953967056895885,91.13967948656212,1.049,0.864,1.5009
0.0121,-0.134766,-0.046387,1.230469,-0.213318,-1.508118,-0.631561,0.998612148902307,0.8843210946510358,0.012740267370917517,0.2824751071972642,0.007340055866582549,91.1360453678286,1.049,0.865,1.5058
0.0121,-0.032227,-0.001221,1.364258,2.167053,-5.292297,-3.225555,0.9985817779037621,0.8855811685619356,0.01271954517955526,0.3074477300950348,-0.04620033024269326,91.0970864743316,1.049,0.866,1.5058
0.0122,0.093994,-0.027588,1.316162,-0.06073,3.405212,4.159698,0.9985804612325403,0.8868361153849069,0.01284715141451946,0.29029567392130806,-0.06776529474800613,91.14702421302118,1.049,0.867,1.509
0.0121,-0.105225,-0.159424,1.295166,0.549622,-0.317932,5.502472,0.9984781847643162,0.8879026107752208,0.012746199437114442,0.20384573598749184,-0.01868711503177972,91.22140706591982,1.049,0.868,1.5058
0.0115,0.082031,0.087646,1.401855,1.800842,3.222107,-2.187958,0.9985243890290031,0.8885643292967925,0.012849124340492875,0.2722113393121516,-0.034173772319559946,91.19130587775466,1.049,0.868,1.5009
0.0124,0.038086,0.048096,1.344238,-0.732117,1.391052,-6.18576,0.9985415401548112,0.8893550369483992,0.012907765006750263,0.29039653681693345,-0.0464571060735465,91.11181110362936,1.049,0.869,1.5009
0.0116,-0.140625,-0.025391,1.105957,1.190491,-3.919006,-3.92746,0.9984739121662788,0.8900517600901967,0.012737279107211483,0.2869756470010364,-0.004816803244863186,91.07015528131174,1.049,0.87,1.5025
0.0119,0.104004,0.14624,1.376465,1.739807,-0.714661,-7.07077,0.998520761574285,0.8913650354898924,0.012862818070368742,0.38701592200227614,-0.07770870616396072,90.97925387657274,1.049,0.872,1.5041
0.0125,0.022949,-0.116943,1.460205,-1.95282,-2.148987,1.779327,0.9984705033245999,0.8926941329248911,0.012903788609577084,0.3003547868647943,-0.12333321251312467,91.00484040982955,1.049,0.872,1.5025
0.0119,-0.067383,-0.074463,1.169678,3.509827,3.954529,-5.239716,0.9984081791167542,0.8936598276280115,0.012838480129545074,0.29328904246747634,-0.04099164976225695,90.94709438409217,1.049,0.873,1.4977
0.0124,0.07959,0.132324,1.502441,-0.335388,5.236267,-10.275116,0.9984577994705662,0.8945752410502862,0.012931541617126039,0.3552489083277756,-0.023299368459715582,90.81425799563138,1.049,0.874,1.496
0.0118,-0.156738,-0.039062,1.081299,-1.098328,-8.221985,-10.214081,0.9983882532051801,0.8953061523634872,0.012736050164539532,0.3149708339502195,-0.019533575328716638,90.69794199739451,1.05,0.874,1.4944
0.0115,0.086914,0.157227,1.340576,2.411194,2.764343,-13.75412,0.9984438066544041,0.8961075217161819,0.012846683138658773,0.42998281165949426,-0.04404319086835297,90.5335911839989,1.05,0.876,1.496
0.0125,-0.01416,-0.005127,1.414551,-1.06781,-3.095032,-5.94162,0.9984298653497263,0.897351154927365,0.012846821703407441,0.41214700616198563,-0.0817252733685591,90.45931801430397,1.05,0.877,1.4944
0.0111,-0.056396,-0.105713,1.114502,-1.159363,0.322937,-4.812469,0.9983761309701842,0.8984193199751863,0.01279256715952795,0.3265715622873741,-0.048752820623936356,90.41080740104665,1.05,0.878,1.4928
0.0122,0.002197,-0.05127,1.624023,-0.915222,2.092957,0.009308,0.9983605355522973,0.8994911470299151,0.012809095692012135,0.29024481334141605,-0.031008548352865054,90.41216739194871,1.05,0.879,1.4928
0.0121,-0.006104,-0.062012,1.135742,0.06134,-1.050354,-2.889862,0.9983362928003356,0.9004764162034787,0.01282082949270557,0.24952603467685358,-0.048985450994272,90.37920096257366,1.05,0.879,1.4896
0.0122,-0.001465,0.099854,1.510986,-0.365906,5.694031,-8.138885,0.998360263307587,0.9013149186501279,0.012834641883454193,0.29520981575556515,0.013921299599736429,90.27726519088058,1.05,0.88,1.4863
0.0121,-0.102051,0.001709,1.170654,1.648254,-7.15387,-9.481659,0.9983302298095093,0.9020695435512837,0.01272319380994883,0.31610575563484317,-0.014655766077318836,90.16384680673839,1.05,0.881,1.4863
0.0122,0.11792,0.033447,1.335938,-0.091248,0.048279,-9.7258,0.9983695781061325,0.9033484045093155,0.012869423576182223,0.3334178631298343,-0.08860881630291903,90.0419939305244,1.05,0.883,1.488
0.0121,-0.016357,-0.123779,1.385498,-1.311951,-1.386047,-4.659882,0.998332539408892,0.9047777875713299,0.012867949156624087,0.24903294344847013,-0.10316484364031299,89.98949373331399,1.05,0.884,1.4896
0.012,0.027832,0.026367,1.110596,1.221008,2.062439,-4.1716,0.9983579105646327,0.9059832281629472,0.012925707043297228,0.2823744146743084,-0.10673993189560917,89.93744352994568,1.05,0.884,1.4863
0.0117,-0.037109,-0.093018,1.503174,-2.715759,4.931091,-1.02829,0.9983250688966966,0.9067902977977113,0.01290427948258812,0.20325195927371542,-0.03722131762933492,89.92885647073409,1.05,0.885,1.4799
0.012,-0.102539,0.023193,1.26123,1.251526,-2.850891,-9.115448,0.9983024863585491,0.9076539693641061,0.012801216414241633,0.23292981109701266,-0.01743602212942664,89.82066372549602,1.05,0.886,1.4782
0.0127,0.000732,0.065674,1.270508,1.129456,2.703308,-6.490936,0.9983285082208483,0.9084955911227547,0.012820237814978517,0.28696827569837063,0.0076713249712316856,89.7361141774859,1.051,0.887,1.4782
0.0111,-0.057129,-0.086426,1.270752,-0.671082,-2.423645,-5.270233,0.9982965988938751,0.9094227449205705,0.012770533286202196,0.22771300063128858,0.006533435769587011,89.68083711136012,1.051,0.888,1.4782
0.0124,0.114746,0.015381,1.300293,0.152893,1.726746,-4.842987,0.9983527544205805,0.9104502430969686,0.012916358964154478,0.2389376895458217,-0.047682348964227204,89.61754268880881,1.051,0.889,1.4782
0.0121,-0.101318,-0.123779,1.449707,0.06134,-1.538635,-1.852264,0.9982999870563645,0.911661720879462,0.01282832610845129,0.17495190812400158,-0.020325928552122532,89.60032022620871,1.051,0.89,1.475
0.0118,0.10083,0.067383,1.243408,0.671692,4.290222,-4.202118,0.9983771842074404,0.9126234906275964,0.012965114634008951,0.22487175937337142,-0.04029510097035754,89.54570588378918,1.051,0.891,1.4734
0.0122,-0.109863,-0.006836,1.426758,-1.983337,3.5578,-2.310028,0.9983501545006491,0.9135225932641559,0.012868683942571867,0.19745592750122634,0.05387260122862356,89.51982697759829,1.051,0.891,1.4734
0.0113,-0.084961,0.095947,1.181885,2.044983,-7.764221,-12.624969,0.9983603403191355,0.9142937902463594,0.012782817533489222,0.2827113571129929,0.01185656294279691,89.3754861948393,1.051,0.892,1.4701
0.0121,0.171631,0.116943,1.395264,-1.739197,1.207947,-10.427704,0.9984473829308825,0.9153844188066051,0.012975565705693972,0.32419463828453593,-0.0732128395479123,89.24364335980617,1.051,0.893,1.4701
0.0126,-0.056152,-0.079834,1.329346,-2.135925,-0.59259,-7.925262,0.9984307493202143,0.9167767985802509,0.01292931618585323,0.2512680526974913,-0.05566431405208573,89.14691148411606,1.051,0.895,1.4734
0.0113,0.047363,0.027832,1.224365,-0.243835,0.078796,-5.026093,0.9984751849710549,0.9180060247125963,0.0130041011649859,0.26622657997729376,-0.09268004112741392,89.08813943327864,1.051,0.896,1.4718
0.0122,-0.06958,-0.132812,1.550537,-0.976257,0.231384,-1.15036,0.9984447467726165,0.9192788848548785,0.012951217925018495,0.18901302948150295,-0.06210364958953277,89.07859884578576,1.052,0.897,1.4669
0.0122,0.07373,0.006836,1.233643,0.366516,5.022644,-2.065887,0.9984946356919105,0.920326278314871,0.013057114595099062,0.19861457958364115,-0.055386886887502755,89.05153616822253,1.052,0.898,1.4637
0.012,-0.130127,0.037598,1.373779,0.94635,3.31366,-5.880585,0.9984884859571567,0.9212034433315972,0.012936765411460693,0.23120850007718624,0.048444385699968125,88.98188178500273,1.052,0.898,1.4637
0.0125,-0.07666,0.010742,1.222412,0.244446,-5.536438,-4.781952,0.9984882695143297,0.9220108254553004,0.01286262422911191,0.2414503491509638,0.018237742856442463,88.92256866672926,1.052,0.9,1.4637
0.0116,0.044189,-0.006592,1.498535,0.488586,2.459167,-0.570526,0.9985205853108405,0.9230187060145613,0.012920294021989347,0.24358513959257744,0.016217905368962147,88.9153952105039,1.052,0.9,1.4653
0.0115,-0.022949,-0.044678,1.215332,0.702209,-1.813293,-0.295868,0.9985245423758715,0.9240789186910425,0.012909403522143701,0.22395527133533302,0.00048155518082748926,88.91338156677335,1.052,0.902,1.4637
0.0124,0.066406,0.012939,1.258301,-1.06781,2.031921,0.283966,0.9985743755624785,0.9250954638442037,0.013003491697936796,0.2192073922194895,-0.023786980822269745,88.91507454543482,1.052,0.902,1.462
0.0122,-0.082031,-0.013916,1.483398,-0.94574,3.740906,-3.591766,0.9985689971709762,0.9259767635340653,0.012938742777457346,0.200769326272539,0.056309526331737636,88.87279270581824,1.052,0.903,1.4604
0.0118,-0.00415,0.172852,1.244629,0.854797,-2.393127,-11.556854,0.9986411948460322,0.9266931495930362,0.01295471150449737,0.31579573565192004,0.02177399865381263,88.73110956727507,1.052,0.904,1.4572
0.012,0.008057,-0.041748,1.287109,-0.915222,2.184509,-5.361786,0.9986464023900751,0.9272796051084337,0.012979983024641258,0.279638432850691,0.034224312040092075,88.66789554018912,1.052,0.905,1.4588
0.0117,-0.041016,-0.098633,1.317139,0.763245,-3.308655,-4.568329,0.9986350231747353,0.9283090231773528,0.012948720901502534,0.23135784991663688,0.01089644701338507,88.61739202342676,1.052,0.905,1.4604
0.0122,0.115479,0.059082,1.240723,1.373596,0.170349,-4.080048,0.998717483729621,0.9294549173675595,0.013099081718779037,0.28439177300088775,-0.06631930220093243,88.56381794706063,1.053,0.907,1.462
0.0118,-0.095703,-0.171387,1.449219,-1.006775,2.916931,2.359161,0.9986712306829473,0.9305453874363045,0.01301735094231133,0.18302145487118857,0.010310043005061144,88.59787767671841,1.053,0.908,1.462
0.0128,-0.052246,-0.022461,1.26123,2.136536,0.200867,-1.02829,0.9986753331281945,0.9315311372864227,0.012974622177007138,0.19741782181724293,0.03541163551278753,88.58611572915372,1.053,0.908,1.4588
0.012,0.088867,0.085938,1.292969,0.274963,3.618835,-3.957977,0.9987591185307598,0.9323008867332311,0.013091036595401596,0.2517120518522778,0.017393383662699116,88.53428660876543,1.053,0.909,1.4556
0.0116,-0.017578,0.087891,1.418457,0.274963,-0.958801,-6.246796,0.9988041109216662,0.9329577699665658,0.013090327918679659,0.3019438082246557,0.007957604292931329,88.45920354243651,1.053,0.909,1.4556
0.0119,-0.026123,0.026367,1.185547,1.800842,-4.865051,-7.986298,0.9988280420757866,0.933594396352337,0.01307669379648585,0.34005042005748803,-0.04167844458197389,88.363081366037,1.053,0.911,1.4556
0.0124,0.133301,0.018555,1.375244,-0.518494,4.32074,-4.141083,0.9989016288753881,0.934954516467978,0.013229459812630403,0.3430022546108442,-0.06949601721324133,88.3101095773689,1.053,0.912,1.4572
0.0122,-0.072266,-0.157471,1.221191,0.335999,-0.59259,1.138458,0.9988631574790727,0.9363416913519311,0.013159415342753852,0.24922816920202928,-0.04061156825130208,88.33086262513844,1.053,0.913,1.4588
0.0114,0.009766,0.022217,1.375977,1.800842,-1.386047,-2.126923,0.9989068330589593,0.9373519338884607,0.013185013310704204,0.28190956249942994,-0.06940168402206892,88.3054446529274,1.053,0.914,1.4572
0.0122,0.00293,-0.043457,1.356934,-2.257996,0.811218,2.542267,0.9989241277855352,0.9383467754244414,0.013202564102566634,0.22987543998981352,-0.06905840836635792,88.33772660085036,1.053,0.914,1.454
0.0121,-0.088379,-0.015381,1.300537,2.71637,-0.897766,-10.336151,0.9989192279351664,0.9391369210782547,0.013121997382690887,0.253912259898371,-0.035500997407624336,88.21448077567385,1.054,0.915,1.4475
0.0121,0.035889,0.115967,1.240723,1.465149,-0.684143,-8.749237,0.9990006056071973,0.9399294831027912,0.01318241438632732,0.3425798830213306,-0.07385249617508148,88.1037725003954,1.054,0.916,1.4491
0.0121,-0.067383,-0.079346,1.405518,-0.94574,0.048279,-2.096405,0.9990062377067037,0.941237427446296,0.013127943809671062,0.2872716088643907,-0.043914579459019894,88.0815717457706,1.054,0.917,1.4523
0.0111,-0.043213,-0.043945,1.199219,1.861877,-1.59967,-1.486053,0.9990226188810953,0.9424405434667777,0.01309294664254289,0.27981023748768324,-0.04294878266381747,88.06698836540117,1.054,0.919,1.4523
0.0123,-0.046143,-0.033936,1.38208,0.122375,0.963806,2.725372,0.9990449309970321,0.9436622990771071,0.013060395158170915,0.26222762719120274,-0.013683579191838028,88.10205037305042,1.054,0.919,1.454
0.0121,-0.033203,-0.042969,1.240234,0.610657,-3.583313,1.62674,0.9990591889055294,0.9446634331686807,0.01303744153317435,0.24325744753591627,-0.045276347711023485,88.12316903939757,1.054,0.92,1.4491
0.0118,0.152588,0.140625,1.254883,0.641174,2.672791,-3.957977,0.9991840604486902,0.9455090637072044,0.013225322605432454,0.3345536209261818,-0.11278235533768413,88.0692398645634,1.054,0.921,1.4475
0.0121,-0.039551,-0.020508,1.366211,-0.854187,-1.141907,-4.202118,0.9992001502569434,0.9463828823676911,0.013198657407424158,0.31211840392351015,-0.1112213075749217,88.01940428817797,1.054,0.922,1.4507
0.0126,0.005615,0.03418,1.329102,0.213928,-1.904846,-5.94162,0.9992517623771734,0.9474315837280028,0.013220788301672634,0.33404217138008174,-0.1451985101105348,87.94305458223918,1.055,0.923,1.4491
0.0116,0.010498,0.025391,1.350586,0.702209,0.750183,-4.751434,0.9993027330928135,0.9485013896708602,0.013248014260885756,0.3557734410311855,-0.14910968179809928,87.88691705678605,1.055,0.924,1.4507
0.0117,-0.033203,-0.037842,1.227295,0.366516,-1.752258,-3.347626,0.9993245900848469,0.9496032922841188,0.01322538397003355,0.3358258319025749,-0.15622939264948973,87.8493453699934,1.055,0.925,1.4475
0.0124,0.048828,0.012207,1.406738,0.152893,-0.256897,-2.462616,0.9993815009240883,0.9507267483550428,0.013289217643182685,0.34346624510133167,-0.19212690888072936,87.81769624684974,1.055,0.926,1.4475
0.0114,-0.046143,-0.037842,1.375488,-0.06073,0.353455,-0.997772,0.9993960113567126,0.9516418328444928,0.01325567737596841,0.3208756836810499,-0.16875716249931808,87.80812870966443,1.055,0.927,1.4475
0.0123,-0.04834,-0.01123,1.320312,-0.06073,0.902771,-0.906219,0.9994220032657735,0.9526406523060168,0.013219785151798896,0.3130560229822069,-0.1366246231129379,87.79798091239036,1.055,0.928,1.4459
0.0121,-0.039551,-0.005615,1.327881,0.244446,0.017761,-1.302948,0.9994479650348901,0.9535317613250065,0.013193178624612407,0.3122376290344177,-0.12073266670622877,87.78282432557005,1.055,0.929,1.4475
0.0125,-0.001465,0.028809,1.316162,0.549622,0.53656,-3.469696,0.9994945832339394,0.9544480693600823,0.01320807732608649,0.3353257611076078,-0.12040110462239977,87.73849310084378,1.055,0.93,1.4475
0.0121,-0.0354,0.033203,1.333984,0.397034,0.628113,-5.605927,0.9995391499700432,0.9554586973273463,0.013187718234121874,0.3584305943523279,-0.0994955305157232,87.67007526872771,1.055,0.931,1.4459
0.0111,-0.031738,-0.009277,1.321533,0.305481,1.055359,-5.087128,0.9995709744694674,0.9564086129142461,0.013169612821996723,0.35550772965559974,-0.07679383291950033,87.6142156259815,1.056,0.932,1.4475
0.012,-0.032227,0.020264,1.297607,0.000305,-0.989319,-2.248993,0.9996178908615677,0.9575069938381948,0.013151487056579444,0.3665338924280728,-0.0773916277563079,87.58687586535301,1.056,0.933,1.4475
0.0125,-0.01001,-0.0625,1.341309,-0.549011,1.42157,0.589142,0.999646834582823,0.9585561941947349,0.013154718449123488,0.3230549153269825,-0.06182813573686263,87.59593997023981,1.056,0.933,1.4491
0.0117,-0.019043,-0.009521,1.316162,0.641174,-0.59259,-0.387421,0.999675939055296,0.9593458883040253,0.013149550863756123,0.3243274183611074,-0.06561704400891744,87.59172102533518,1.056,0.934,1.4491
0.0121,-0.021973,0.020264,1.341797,0.702209,0.628113,-2.950897,0.9997076301419952,0.9600356151882505,0.013142598656564863,0.34360550331445994,-0.05318747717482155,87.55570816757164,1.056,0.935,1.4491
0.0124,-0.003906,0.02832,1.355469,0.274963,-1.447083,-1.02829,0.9997579216138619,0.9610196038494091,0.013154229933560429,0.36202612848986965,-0.07651033256647058,87.54208335097873,1.056,0.936,1.4491
0.0115,0.0,0.09668,1.368164,1.770325,-0.378967,-3.988495,0.999832495371476,0.9622082760215276,0.013172358901936758,0.4348086558583052,-0.08801398573889437,87.49377040708686,1.056,0.937,1.4507
0.0119,-0.025391,-0.016357,1.348145,1.282043,0.048279,-2.310028,0.9998788512524359,0.9634033689368119,0.013161129342485504,0.43882766235946247,-0.08038069923212098,87.46687298682731,1.056,0.938,1.4523
0.0122,-0.047119,-0.031006,1.25293,0.549622,1.513123,-2.859344,0.9999135439498785,0.9644836280256592,0.013124741162743401,0.42492694533785225,-0.04139217641653289,87.4332983559838,1.056,0.939,1.4523
0.0116,-0.023438,-0.021729,1.257812,0.549622,0.65863,-3.195038,0.9999394094362809,0.9652079666984472,0.013114397655409499,0.41651519836562284,-0.02794814637708342,87.39695883217841,1.056,0.939,1.4523
0.0121,-0.019531,-0.007324,1.319336,0.000305,-0.59259,-3.04245,0.999964812529375,0.9658306512328383,0.013108882891999147,0.4106913897904218,-0.03180926535785172,87.36037063989356,1.057,0.939,1.4523
0.0125,-0.037842,0.000977,1.390869,0.030823,-0.684143,-3.317108,0.9999818492903543,0.9663070054612655,0.013085851958835411,0.4099435807767527,-0.02704947382005382,87.31914767199723,1.057,0.94,1.4507
0.0116,-0.038818,0.003906,1.327148,0.732727,-1.172424,0.222931,1.000022248445188,0.9672707933908263,0.013061054912559482,0.4190410043094913,-0.02649198217800815,87.32189633389818,1.057,0.942,1.4523
0.0124,-0.00415,0.05835,1.34082,1.098938,-2.972961,3.213654,1.00011455556414,0.9690501039969783,0.01307350737468981,0.4639980958466993,-0.0691042888007636,87.36034276492344,1.057,0.944,1.4507
0.0115,0.032227,0.054688,1.568604,0.244446,-0.501038,-0.295868,1.0001899266789742,0.9704459809359908,0.013116437163066121,0.4908121867200382,-0.096948358119269,87.3557591150886,1.057,0.944,1.4507
0.0126,-0.088867,-0.055176,1.223633,0.488586,2.398132,-4.324188,1.0001976752806478,0.9710322099661501,0.013031652141480823,0.4605166946593119,-0.01959342292198117,87.30336752268971,1.057,0.943,1.4523
0.0117,-0.03418,0.047852,1.429932,0.152893,5.44989,-2.889862,1.0002156179951007,0.9713986113220657,0.013015689331881351,0.4855247350699378,0.05426153189368604,87.26960677889613,1.057,0.944,1.4523
0.0121,-0.094238,0.039551,1.253418,-0.487976,-5.353333,-6.033173,1.0002307563749233,0.971902067334757,0.012931208340332647,0.5014708833849875,0.03834105352489626,87.19612631984516,1.057,0.944,1.4507
0.0123,-0.039062,0.008301,1.402832,-1.037292,-2.026917,-4.537811,1.0002592525563139,0.9725363010437353,0.012907993289574626,0.4906819754957333,0.02690554468698937,87.14018921523981,1.057,0.946,1.454
0.0114,0.026611,-0.237549,1.235596,0.397034,0.689148,9.286652,1.0003364696536077,0.974042641394242,0.01294348828474226,0.35056008448834375,0.008606320776720544,87.24832708852936,1.057,0.947,1.454
0.0127,0.00708,0.014648,1.44873,0.763245,2.398132,4.464874,1.0004087913069426,0.9754043842147014,0.012964924505408659,0.3667321864875769,0.026715075242699247,87.30473797074495,1.058,0.948,1.4523
0.0121,-0.016357,0.001953,1.307129,-1.342468,0.841736,1.107941,1.0004444476314156,0.9761659564036761,0.012963753341442235,0.3507377237737239,0.037284750020308295,87.31821560066544,1.058,0.949,1.454
0.0121,0.044434,0.009521,1.311523,0.641174,1.726746,-0.997772,1.000497845011157,0.9769140110717701,0.01302543997660421,0.36303682366383094,0.02312111979960461,87.30519940246616,1.058,0.949,1.4556
0.0112,0.061279,0.039307,1.201416,1.159973,-0.897766,2.542267,1.000556899163724,0.977583005595883,0.013111449869877664,0.3999900363536267,-0.035449712364075944,87.33166996812852,1.058,0.95,1.462
0.0122,-0.190918,-0.219971,1.494629,-1.311951,-1.202942,10.232697,1.0005243689958223,0.9783299966612423,0.012952195595337748,0.2730066845777352,0.03703592345353528,87.46209904759652,1.058,0.95,1.462
0.0125,0.08252,0.116699,1.282959,0.519104,-1.4776,0.833282,1.000605083142846,0.9791004900357843,0.013055485124728735,0.34809782792637034,-0.03903195254944969,87.46882270989128,1.058,0.952,1.4588
0.0112,0.031006,-0.015381,1.327637,-0.487976,-0.073792,2.816925,1.000658767330098,0.9800970874849666,0.013101081317684707,0.3329194633564297,-0.0659998284076554,87.49990131114909,1.058,0.953,1.4588
0.0122,0.085693,-0.050537,1.404785,0.763245,2.459167,0.467072,1.0007291709522266,0.9812928963778713,0.013195729443211807,0.3138985290940714,-0.09006307412252208,87.50508424007356,1.058,0.954,1.4572
0.0125,0.012939,0.096924,1.273193,0.335999,-1.080872,-1.577606,1.0008089636708883,0.9824067041956098,0.013227344509343757,0.3755039203047074,-0.11901444564209289,87.48246716717071,1.058,0.955,1.4572
0.0112,0.089111,-0.031738,1.241699,2.289124,2.367615,2.420197,1.0008686601754506,0.9833705875566905,0.013338012295671123,0.38043393028067335,-0.1552655976031649,87.5090569779963,1.058,0.955,1.462
0.0128,-0.177246,-0.098145,1.454346,0.702209,0.139832,14.59671,1.0008511267772846,0.9844266802323938,0.013188831602541293,0.33646291251128624,-0.068955586136513,87.70091368203944,1.058,0.956,1.4653
0.0115,-0.060059,-0.079102,0.983398,-0.518494,-1.202942,10.354767,1.00084726572511,0.9853642974340334,0.01312542486048157,0.2695180234949093,-0.04776812702524438,87.82339742216043,1.059,0.957,1.4637
0.0118,0.027588,0.148682,1.501221,-1.495056,4.656433,2.420197,1.00093674879052,0.986684107229617,0.013166678830200762,0.3265587066809218,-0.01443914539375103,87.84901077748012,1.059,0.958,1.454
0.0126,0.145752,0.175049,1.068848,3.265686,-2.118469,-9.542694,1.0010639116502906,0.9875404338672704,0.013363507174526947,0.48755724515329746,-0.15034026354070884,87.72093023462966,1.059,0.958,1.4442
0.0121,-0.027588,0.045898,1.521973,1.343079,4.717468,-13.601532,1.001089619377242,0.9880010459017637,0.013352841030676419,0.5242972785809693,-0.0845166808511838,87.55596171028178,1.059,0.959,1.441
0.0112,-0.075928,0.109131,1.277588,0.793762,4.931091,-18.423309,1.0011191826862875,0.9882994347300139,0.013293332373481105,0.5953291089986277,0.009052434295514859,87.3476687894952,1.059,0.959,1.4361
0.0125,-0.094727,0.140137,1.394775,1.526184,-2.48468,-31.759491,1.0011657809818755,0.9889345806719825,0.013222975111630628,0.6865392851413256,0.025596399942129606,86.94753141866735,1.059,0.961,1.4248
0.0121,0.156494,0.302002,1.322021,-0.610046,2.886414,-33.773651,1.0012385364667296,0.9895941095189335,0.01339555769707424,0.8399238411781285,-0.029007355088434876,86.5345014592106,1.059,0.961,1.4216
0.0116,-0.0625,0.126221,1.255615,-5.157166,-2.271057,-33.651581,1.0013045656852013,0.9900673287442703,0.01335199714399865,0.8511501144614427,-0.02064817329012249,86.13954463671935,1.059,0.961,1.4135
0.0121,0.031494,0.20752,1.303467,-2.990417,-0.806213,-45.00412,1.001385928354558,0.9909333355611842,0.01340805770388958,0.9284555682419408,-0.048819752025845646,85.59110884287335,1.059,0.962,1.4054
0.0122,0.017822,0.106934,1.559326,-3.936462,-0.531555,-49.581757,1.001450583724909,0.991713117988344,0.01344007764923602,0.9262413327753632,-0.06123087465415977,84.98497718954164,1.059,0.962,1.3989
0.0122,-0.11792,0.060059,1.136475,-1.739197,0.811218,-57.302704,1.0015207361821163,0.9917191626454256,0.013329200093355371,0.9394482347995259,0.02890876930291738,84.28029328850997,1.059,0.962,1.3876
0.012,-0.032959,0.060791,1.459473,-6.438904,8.013367,-49.246063,1.001423717213204,0.9906218258568547,0.013320385683570602,0.8866211023387163,0.1423923561144942,83.68956830353275,1.059,0.961,1.3859
0.0122,-0.167236,0.10376,0.977295,-1.372986,-13.715149,-62.490692,1.0017016985717666,0.9919672406825603,0.013139619877753219,0.9426132913737012,0.10268419306403684,82.91428260972955,1.059,0.962,1.36
0.0121,0.32959,0.211426,1.147949,-0.121765,4.778503,-68.533173,1.0016214239096224,0.9931162530270256,0.013505552694405903,1.0612497144310884,-0.03655652751973096,82.10119546739514,1.059,0.962,1.3487
0.0112,-0.116943,-0.085693,1.46582,-0.152283,2.459167,-64.443817,1.0015396677225419,0.9921369979702224,0.013409292937329434,1.006895302958776,0.057126769775567375,81.37722430336147,1.059,0.961,1.3422
0.0123,-0.208252,-0.003174,0.868652,-0.1828,-10.05304,-66.610565,1.0015861629626743,0.9910490762036204,0.013151663362839695,0.9958611123467462,0.11201062837834692,80.5416554448186,1.059,0.961,1.3228
0.0115,-0.012207,0.048096,1.550781,-3.295593,-10.724426,-67.312469,1.0017067800536932,0.9917959821481901,0.013156269102933415,0.9732087262534049,0.0005465052844050439,79.7655489234775,1.059,0.961,1.305
0.013,0.537598,0.183838,1.525879,-2.502136,5.297302,-71.34079,1.0015041142843326,0.9924843866356593,0.013562466141964291,1.0159750741335754,-0.16468018109858065,78.86067782531151,1.059,0.961,1.2872
0.0115,-0.156494,-0.042969,1.246826,-3.509216,1.360535,-70.394745,1.0014812705364975,0.9917577799451253,0.013418679396873539,0.9445032990732375,-0.04771174723788976,78.04441104750586,1.059,0.96,1.2775
0.012,0.000732,-0.001465,1.098145,-7.323914,-8.130432,-67.55661,1.0013321204020393,0.9911284497690253,0.013430192029203192,0.8512161512369051,-0.14201771265127175,77.23339348679865,1.059,0.96,1.2661
0.0123,0.29541,0.182129,1.507812,-3.600769,-2.118469,-80.526581,1.0011555465234956,0.9912279818118785,0.013675240877522355,0.8919196479399156,-0.3026463509438689,76.25372496699677,1.059,0.96,1.2402
0.0115,0.154297,-0.01001,1.537842,-1.95282,5.755066,-72.34787,1.000991125805114,0.99114103490872,0.01378721504637389,0.861634862172616,-0.3046360396746287,75.43176073357473,1.058,0.959,1.2289
0.0125,0.092041,0.022705,1.048584,-1.006775,-5.231262,-76.925507,1.0006725139204502,0.9903815016209802,0.01389033827565184,0.8655447803122075,-0.4292739831832726,74.47607581141781,1.058,0.959,1.2095
0.0115,0.144043,0.043701,1.470703,-2.898865,3.069519,-86.996307,1.0006172604867412,0.9906329106769597,0.014006375521347644,0.8554622714089275,-0.4569530699087339,73.483095304425,1.058,0.959,1.1949
0.0118,0.203613,-0.01416,1.45166,-1.281433,2.42865,-82.784882,1.000344474089131,0.9904356318566887,0.014146870277434716,0.8341378491204002,-0.5225195032921501,72.51926998636922,1.058,0.959,1.1803
0.0124,0.023682,0.122803,1.104492,-0.365906,0.383972,-83.334198,1.000219112822095,0.989858274572177,0.014203147607402567,0.917434014846904,-0.5238468319675725,71.48094993050685,1.058,0.958,1.1593
0.0124,-0.028809,-0.083252,1.165527,-3.570251,-4.742981,-83.669891,1.000336344835578,0.9903354545391115,0.014161025428637232,0.8225085662175063,-0.5514110857026724,70.44660736656365,1.058,0.959,1.1431
0.0113,0.104248,0.050293,1.584229,-3.387146,-1.386047,-81.838837,1.000302247900806,0.9904686607016393,0.014237292093410877,0.8112940054382553,-0.6054665616375464,69.5255284525687,1.058,0.959,1.122
0.0123,-0.017578,0.010986,1.181152,-3.051453,-2.667786,-82.784882,1.000300319419357,0.9904095646586399,0.014227146203742014,0.7866804514914315,-0.6158580237383342,68.50579408905317,1.058,0.958,1.1107
0.0119,0.001221,-0.125732,1.372559,-6.652527,4.900574,-80.923309,1.0002632775939178,0.9905856807157358,0.014196108142578332,0.6428380924215429,-0.5482377685313948,67.55067585320919,1.058,0.959,1.0945
0.0119,-0.026855,-0.061279,1.227051,-2.105408,-2.667786,-86.569061,1.000299617173287,0.9907479156957208,0.014159813410714275,0.586116383351932,-0.5552340837125666,66.52253000160017,1.058,0.959,1.0686
0.0122,0.057861,-0.018066,1.35791,-2.868347,-0.226379,-83.120575,1.0002817170182619,0.9909012326990553,0.014196965307124287,0.5475229435497082,-0.5830488398702275,65.51289305688795,1.058,0.959,1.0573
0.0118,0.070312,0.009033,1.574707,-3.600769,3.710388,-86.385956,1.0001178807469329,0.9906827840912488,0.01423762482249429,0.5162109088030996,-0.5655929937603478,64.49717448302614,1.058,0.959,1.0346
0.0118,0.00415,-0.025391,1.223877,-2.380066,2.611755,-82.601776,1.0000670676258216,0.9906589871289916,0.014234631658111627,0.47930975283659055,-0.5325815174305458,63.52495969481289,1.058,0.959,1.0217
0.012,0.11084,0.001465,1.395752,-2.776794,4.229187,-80.343475,1.0001235022326165,0.9910048895784206,0.014310356000579727,0.4530690627860852,-0.5374948314542896,62.56717698148973,1.059,0.959,1.0055
0.0128,0.052979,-0.012695,1.242188,-5.920105,5.053162,-83.608856,0.9999888726190405,0.9909016174585262,0.014345335374934747,0.37768876012540076,-0.5018776237799721,61.501678373932556,1.058,0.959,0.9796
0.012,-0.035889,0.056396,1.251221,-3.173523,4.503845,-81.411591,1.0000666112529193,0.9908752319744746,0.014346291741167846,0.3813503784501707,-0.4242194663049027,60.52033624250887,1.058,0.959,0.9666
0.0113,0.053223,0.020264,1.540771,-0.091248,-0.134827,-81.808319,1.0000173100876069,0.990857989188732,0.014383018111703673,0.3954534352972409,-0.44893242098956293,59.59798457229517,1.058,0.959,0.9472
0.0121,0.046631,-0.0354,1.150635,-3.173523,-0.745178,-82.2966,0.9999787325440317,0.990984279650614,0.014407231774619646,0.34071131313019026,-0.4874541223561448,58.60789122301261,1.058,0.959,0.931
0.0121,-0.002197,-0.136963,1.394287,-1.250916,5.816101,-78.726044,0.9999096603544807,0.991113162639862,0.014363000613679464,0.2575452637229589,-0.41417589467557625,57.66302816789517,1.058,0.959,0.918
0.012,-0.031738,-0.036133,1.30957,1.129456,-0.836731,-81.197968,0.9998620786443602,0.9910639587267254,0.014334333870457037,0.25694353080319476,-0.4054690602028846,56.68935733437543,1.058,0.959,0.8954
0.0119,-0.010254,-0.054199,1.282715,-2.135925,0.383972,-76.864471,0.9997951374146099,0.991049711103309,0.014311803708011595,0.20596846114218054,-0.395598406255215,55.77736220875963,1.058,0.959,0.8824
0.0121,0.047119,-0.083496,1.339844,-0.457458,0.811218,-78.176727,0.9996799978857401,0.9910812679138477,0.014311206647055093,0.15989759398483847,-0.4136745580739476,54.83786981261012,1.059,0.959,0.8614
0.0122,0.049805,0.076904,1.190918,-0.06073,-5.811096,-80.16037,0.9996775472228638,0.9910209767491721,0.014379390362500123,0.21718497555628308,-0.5180950650153373,53.857833565137675,1.058,0.959,0.85
0.0122,0.020264,-0.105469,1.227051,-3.204041,0.017761,-75.765839,0.999655991874616,0.9912088627935504,0.014352556575267577,0.12198017365742779,-0.5311157439624029,52.94072921627745,1.059,0.959,0.8355
0.0121,-0.014404,0.030762,1.570557,-2.807312,-1.386047,-79.031219,0.9996586825935827,0.9911550634859979,0.014358300472668445,0.1132805011507383,-0.5406038787722223,51.98250416226507,1.059,0.959,0.8128
0.0121,-0.009766,0.028809,1.190918,-1.464539,-0.623108,-74.423065,0.9997520995665885,0.9912149762969471,0.014371262397108986,0.124559387131863,-0.5440319731449894,51.07993112190386,1.059,0.959,0.7998
0.0113,0.037598,-0.046631,1.326172,-6.622009,-0.623108,-69.479218,0.9997884059257562,0.9913804319516625,0.014377185374988584,0.0324747896463267,-0.5743362260587855,50.29884865911956,1.059,0.959,0.7836
0.0122,0.044434,-0.049805,1.164551,-1.678162,0.65863,-76.071014,0.999500741597123,0.9911839943719675,0.014381291800988363,-0.008551111246471706,-0.5988526338202389,49.37587566333358,1.059,0.959,0.7675
0.0122,-0.014404,-0.03125,1.360107,-1.617126,0.475525,-72.378387,0.9994290382193906,0.9911276448932268,0.014364985419576816,-0.03383504113519827,-0.5873649804324035,48.49378471183179,1.059,0.959,0.7561
0.0123,0.072998,-0.049316,1.343994,0.885315,3.527283,-72.714081,0.9994221170795526,0.9912686042327423,0.01438439027837528,-0.03930882626555733,-0.5885724101385561,47.60464394081586,1.059,0.959,0.7335
0.0114,-0.005371,0.125977,1.199219,-0.823669,-0.287415,-76.25412,0.9994220263713923,0.9910535628199285,0.014442159059458323,0.04327062437802587,-0.5923281165624332,46.72744675538602,1.058,0.959,0.7205
0.0122,-0.018555,-0.009277,1.215088,-1.159363,1.146912,-72.2258,0.9993947658167478,0.9910154891249251,0.014432827537692993,0.034846431692030624,-0.5693870614924949,45.845927900230514,1.059,0.959,0.7027
0.0122,0.036621,-0.016113,1.463867,-2.19696,-1.4776,-68.899384,0.9993739039035946,0.9910507377051099,0.014444318120995756,0.010378675643613599,-0.6078422612096978,45.00748755653598,1.058,0.959,0.6914
0.0122,0.002197,0.01001,1.221436,-2.9599,-3.24762,-71.34079,0.9993096707182832,0.9909725319980447,0.014453013324877863,-0.006805504926985259,-0.6514699270991549,44.13654449069424,1.058,0.959,0.6784
0.0117,-0.010498,-0.076172,1.280029,-3.387146,3.008484,-66.732635,0.99928284701836,0.9910368148588038,0.01441977030588139,-0.08004678020346517,-0.6128005928791723,43.3592055950524,1.059,0.959,0.6638
0.0117,0.01416,-0.057129,1.395996,-2.441101,1.146912,-63.223114,0.9993676337607303,0.9911980885755829,0.014408275336919336,-0.12843078368348146,-0.6102093114771833,42.622556786093035,1.059,0.959,0.6541
0.0119,0.008057,-0.099854,1.354736,-3.051453,2.031921,-64.199677,0.9991768506075618,0.9911535418623065,0.014373186402461942,-0.2086477679205616,-0.5947482502844488,41.8634526247779,1.058,0.959,0.6347
0.0127,-0.067139,0.05542,1.33667,-0.671082,-4.071594,-64.443817,0.9991410039577205,0.9909773781032247,0.014373944533280896,-0.17174582211965533,-0.6128315699084116,41.0397421664911,1.059,0.959,0.625
0.0115,0.052979,-0.115723,1.269775,0.274963,-0.165344,-63.009491,0.9991076931271302,0.9911410798705331,0.014349785459896567,-0.22551685665771554,-0.6510257669037872,40.3225761037377,1.059,0.959,0.6153
0.0118,0.018799,-0.12793,1.551514,-3.539734,0.53656,-57.241669,0.9990700544228361,0.991250242685288,0.014314240029242007,-0.3173830490637365,-0.6573714439330409,39.65246270347901,1.059,0.959,0.5991
0.0123,-0.077881,-0.069824,1.297852,-0.793152,2.184509,-60.293427,0.9987950042144709,0.9910380883409132,0.014257623982053871,-0.3537118618545257,-0.5910502782116149,38.9113637145038,1.058,0.959,0.5877
0.0126,-0.119629,-0.081543,1.086914,-0.243835,-1.325012,-55.776825,0.9987196641099029,0.9909768058515953,0.01417233296590958,-0.39932997005883336,-0.5327949194455553,38.2087430713161,1.059,0.959,0.578
0.0119,0.064941,-0.030273,1.36499,-2.685242,-2.118469,-47.170868,0.9988605221186425,0.9911504570766256,0.014190095121914563,-0.4358101413510299,-0.6008560035241544,37.649699837292005,1.059,0.96,0.5732
0.0122,0.075439,-0.181641,1.321777,-2.227478,-5.322815,-42.837372,0.9990437925766995,0.9915324614342375,0.014150308125921407,-0.5532514692834182,-0.7143980615969707,37.135839161035825,1.06,0.96,0.5634
0.012,0.018555,-0.057617,1.27832,-0.915222,-1.325012,-41.921844,0.9992923035585389,0.9917869173224546,0.0141431785290212,-0.5837226710644502,-0.7475223354021954,36.635153173283975,1.059,0.96,0.5489
0.0114,-0.02124,-0.103027,1.349365,1.617737,2.55072,-45.034637,0.9986897353235661,0.9914291857563761,0.014092051538243973,-0.6084196396986864,-0.7124702080943898,36.12499933314547,1.059,0.959,0.5343
0.0123,-0.198486,0.072754,1.306152,1.007385,-2.820374,-44.851532,0.9984549469455898,0.9910566357791232,0.014062601251325595,-0.5383685598881515,-0.6396389057060793,35.56845782860809,1.059,0.959,0.5278
0.0123,0.014648,0.00293,1.332764,1.282043,-1.111389,-41.616669,0.9985698313505771,0.9911323467673008,0.014076473255352577,-0.5070323022975343,-0.6681337470875474,35.056363932943235,1.059,0.96,0.5149
0.011,-0.023193,-0.011963,1.394775,-1.556091,-2.637268,-41.34201,0.9987647036908649,0.9912549099031329,0.014074004959745876,-0.5172960205625184,-0.6893671974034439,34.60150141590907,1.059,0.96,0.5052
0.0122,-0.02417,-0.050537,1.180176,-1.128845,-4.102112,-40.304413,0.9988270485061254,0.9913218543028768,0.014050829376009492,-0.549133730008195,-0.7301427257461506,34.111244912631584,1.059,0.96,0.4938
0.0128,-0.021973,0.036377,1.428955,-0.579529,-2.24054,-40.914764,0.9989467067630954,0.9913482660841987,0.014066027142159453,-0.5219878823033531,-0.7520967071063527,33.58610294843086,1.059,0.96,0.4873
0.0115,0.012451,-0.056885,1.286133,-2.471619,-3.033997,-37.039032,0.9988642450842463,0.9913401565519225,0.014051155025797228,-0.5700157490790511,-0.7989617517996762,33.16194439740512,1.059,0.96,0.4825
0.0123,0.035889,-0.032715,1.322754,-0.823669,1.787781,-38.351288,0.9988215780287867,0.9913492550677027,0.014053724706980485,-0.5838597621399643,-0.8028871817004178,32.690937008390044,1.059,0.96,0.4679
0.0112,-0.048096,-0.00415,1.16626,-0.1828,-3.186584,-36.062469,0.9989180061916916,0.9913694691003955,0.014045100303138242,-0.5737099945695321,-0.8121683739756559,32.2864624272828,1.059,0.96,0.4598
0.0125,0.061523,-0.080078,1.415283,-1.220398,1.726746,-34.200897,0.9989882554120741,0.9914965388287749,0.014038243252692756,-0.6174932249114532,-0.8277668332510273,31.861069245414303,1.059,0.96,0.4501
0.0125,-0.055176,-0.06665,1.447021,-0.426941,-1.416565,-36.611786,0.9989737900537796,0.991497285464575,0.014006388304620969,-0.6424358616209696,-0.8202786300363178,31.404576920265416,1.059,0.96,0.4453
0.0114,-0.041504,-0.078369,1.202637,0.610657,1.696228,-33.468475,0.998824632595162,0.9914404583876871,0.013965579452579584,-0.670219765920066,-0.779950658449811,31.024485647503635,1.059,0.96,0.4388
0.012,0.008545,-0.073975,1.414551,0.397034,0.383972,-33.1633,0.9988270003873988,0.9914865094036089,0.013947123127033417,-0.6905610362177428,-0.784497150587493,30.627842799963847,1.059,0.96,0.4258
0.0124,0.101074,0.147461,1.365967,1.06842,0.139832,-37.740936,0.9988610577029529,0.9914264596730397,0.014031918768930793,-0.5800658142218394,-0.8442110727697292,30.155765788843894,1.059,0.96,0.421
0.0121,-0.063477,-0.080322,1.306641,0.427551,1.177429,-33.865204,0.998766043815884,0.9913891863699262,0.013989603327213024,-0.6071192627862824,-0.7970577371200317,29.747324025678466,1.059,0.96,0.4112
0.0118,0.089111,0.086182,1.276367,-0.091248,2.611755,-37.710419,0.99874529043134,0.9913425304388164,0.014050693823400138,-0.5419079699118577,-0.8247493838806746,29.299666163590054,1.059,0.959,0.4032
0.0119,-0.042969,-0.06665,1.29126,-1.525574,-0.409485,-31.27121,0.9986360338574317,0.9912990085267371,0.014018722287349374,-0.5855386667550349,-0.8079253559437842,28.92879758633558,1.059,0.959,0.3999
0.0114,-0.022949,-0.029785,1.366211,-0.335388,-0.134827,-34.963837,0.9985811115868094,0.9912679141834032,0.01400765666529462,-0.5916774205911769,-0.8005625475333609,28.53043233991725,1.059,0.959,0.387
0.0128,0.106201,0.143311,1.411621,-0.304871,0.689148,-42.837372,0.9982213235800014,0.991013473362018,0.014077697770044787,-0.5028154372888298,-0.8538945895400611,27.97861576587366,1.059,0.959,0.3821
0.0117,-0.087158,-0.087646,1.272705,-1.098328,-0.043274,-38.107147,0.9979519511256175,0.9908753166559611,0.01402620017416861,-0.5532867901002111,-0.8062847364701388,27.53390585685318,1.059,0.959,0.374
0.0122,0.094727,0.006348,1.384277,2.167053,0.139832,-45.00412,0.9980080631612884,0.9909362198176112,0.014052371027222116,-0.5076513197673641,-0.8616001995127925,26.985237320090288,1.059,0.959,0.3643
0.012,0.02124,-0.006348,1.367188,-0.671082,-1.508118,-41.21994,0.9980311062615841,0.990952870121295,0.014059261669938088,-0.503800794936692,-0.8950865590017623,26.49070580783667,1.059,0.959,0.3594
0.0115,0.021729,-0.00708,1.32373,0.366516,0.902771,-37.832489,0.9980054673815162,0.99094655670849,0.014065116228952184,-0.4890588744620575,-0.9003825492549485,26.055547300533252,1.059,0.96,0.3497
0.0126,0.001953,-0.040039,1.336914,2.380676,1.2995,-39.755096,0.9980176182145877,0.9909703029782656,0.014055757444532779,-0.46676027311109664,-0.8885067663198416,25.555365060462403,1.059,0.959,0.3384
0.0117,0.119629,0.250732,1.249512,-1.647644,-1.019836,-42.165985,0.9981040030767231,0.9908990441691347,0.014175260279539598,-0.3235842459698673,-0.9744365563405107,25.054452637203088,1.059,0.959,0.3287
0.012,-0.032959,-0.07251,1.365479,-0.549011,-0.165344,-38.748016,0.9980769231217049,0.9909019806003786,0.014147193106750066,-0.35680275662698996,-0.958772054116695,24.590923094610527,1.059,0.96,0.3238
0.0124,-0.012451,-0.030273,1.262939,0.305481,1.177429,-37.466278,0.9981516170396638,0.9909401036850317,0.01413875744972857,-0.3571825698388627,-0.9386343808791051,24.126644672242826,1.059,0.96,0.3173
0.0116,-0.041992,-0.096924,1.337891,-1.18988,-0.59259,-33.956757,0.9981893027964048,0.9909824738248917,0.014102344338901203,-0.4132254118811771,-0.9227330121622632,23.734857577507594,1.059,0.96,0.306
0.0123,0.035156,-0.033936,1.398438,0.641174,-0.409485,-41.555634,0.9982135054318272,0.9910217148780982,0.014100670275334513,-0.4089161167635454,-0.9490352518918617,23.22489443188903,1.059,0.96,0.2979
0.0116,0.004883,0.047363,1.370117,0.030823,-1.141907,-41.403046,0.998224215216711,0.9909935614552343,0.01412104422435183,-0.3673455263810104,-0.9666603261046658,22.74269784815213,1.059,0.959,0.2898
0.0124,0.028076,-0.027832,1.217285,-1.250916,-0.623108,-35.818329,0.998101379165602,0.9909690679493522,0.014117029065487043,-0.3859426312534987,-0.9940661589547667,22.299717271793867,1.059,0.96,0.285
0.0118,0.007812,-0.006836,1.424805,0.427551,-0.134827,-32.766571,0.99806975257345,0.9909551182914567,0.01411853099711657,-0.3714242144943987,-1.0000146186280023,21.912918158834433,1.059,0.96,0.2785
0.0121,-0.010742,0.020752,1.338623,-0.518494,-2.026917,-34.597626,0.9981459269393723,0.9909597415979827,0.014128584679107293,-0.35189166599708,-1.0189301745339,21.492999216097168,1.059,0.959,0.2671
0.0115,0.009277,-0.131836,1.241211,-2.441101,1.604675,-30.904999,0.9981029953904348,0.9910172407547811,0.014086031355129262,-0.4474497020675145,-1.0071222508702233,21.141969150725007,1.059,0.96,0.2639
0.0121,0.053711,-0.04541,1.311279,1.098938,0.292419,-31.332245,0.9981402760803869,0.9910754167366894,0.014082872346680613,-0.44672030505282034,-1.035893836164969,20.76458698811462,1.059,0.96,0.2542
0.0122,0.043457,-0.029053,1.333252,0.427551,1.848816,-30.50827,0.9981822812943281,0.9911192690655724,0.014083789211742696,-0.4442611182728943,-1.0390362968820335,20.39321453885372,1.059,0.959,0.2477
0.0123,-0.044189,0.016846,1.276123,0.641174,-0.806213,-27.48703,0.9980656978897039,0.9910354827572738,0.01408476569771312,-0.41281363623642464,-1.0230490903297178,20.053472523124434,1.059,0.959,0.2445
0.0121,0.018799,0.012207,1.348389,0.94635,1.085876,-26.205292,0.9979247426044646,0.9909785187258089,0.014091688372535806,-0.38201830629005257,-1.020716195348876,19.735590110063733,1.059,0.96,0.2429
0.0121,0.01123,-0.079834,1.356445,-1.128845,-1.141907,-22.909393,0.9978277665929577,0.9909815442964874,0.014069457358131364,-0.4289182109535155,-1.0403209425696431,19.46092405231517,1.059,0.96,0.2396
0.0112,-0.02002,-0.089355,1.284912,-1.037292,1.055359,-19.003143,0.9977976023327458,0.9910025039405097,0.014040826104909756,-0.4823361930376712,-1.016385052169151,19.250584906982574,1.059,0.96,0.2283
0.0121,-0.011963,-0.042236,1.347412,1.648254,3.801941,-17.965546,0.9978838023277644,0.9910418644100857,0.014031675315948528,-0.4751230268085511,-0.9637182479032704,19.033683370027223,1.059,0.96,0.2202
0.0121,0.023682,0.094727,1.248047,0.488586,-1.843811,-20.956268,0.9979710952275095,0.9910237949840728,0.014071392379066792,-0.39953738623074353,-1.0013813298837837,18.77660592623501,1.06,0.96,0.217
0.0122,0.04126,-0.043945,1.42627,-0.365906,2.398132,-17.873993,0.9979715520971243,0.9910519133931547,0.014066344179275084,-0.417083787838291,-0.9935669297815642,18.559660768693632,1.06,0.96,0.2137
0.0121,-0.029785,-0.030273,1.323975,1.159973,1.54364,-17.141571,0.9980189230370842,0.9910644823190217,0.014057885072064055,-0.41008742273448867,-0.9576116403064713,18.35245021284627,1.06,0.96,0.2105
0.0121,-0.065918,-0.022705,1.262207,-1.006775,2.886414,-17.324677,0.9980527366762739,0.9910570109411271,0.014047290142616985,-0.42535980614483404,-0.8837328814606031,18.142360292438443,1.059,0.96,0.2056
0.0113,-0.052246,-0.03833,1.347656,0.213928,-0.012756,-14.181366,0.9980782497767786,0.9910594497538651,0.014034307793988805,-0.43514150050412836,-0.8547218861693638,17.98243921927243,1.059,0.96,0.204
0.0122,0.003418,0.010254,1.291992,1.007385,0.597595,-12.045135,0.9980638417555059,0.9910465284916692,0.014041353965617606,-0.40744608896194395,-0.8505336804126501,17.83485576649201,1.059,0.96,0.2008
0.0124,-0.022461,-0.046387,1.337402,-2.044373,-1.843811,-13.693085,0.9980268626502518,0.9910409835136357,0.014028379073900697,-0.4495826262045891,-0.8612158490339208,17.665911036655228,1.059,0.96,0.1943
0.0116,0.1521,0.08374,1.364502,1.678772,0.41449,-19.888153,0.9979921081559536,0.9910365873726097,0.014069566099402091,-0.37350555006648684,-0.9414475489341835,17.43366910773161,1.059,0.96,0.1927
0.012,0.036865,0.012207,1.417236,1.70929,3.069519,-22.176971,0.9979576458686602,0.9910272368028075,0.014078572515876213,-0.33596886546353993,-0.9247434907032809,17.16690536456261,1.059,0.96,0.1878
0.0121,-0.007812,0.035645,1.237061,-0.549011,-0.226379,-22.360077,0.997973474329855,0.9910081500203932,0.014092181779604588,-0.3098104702790663,-0.9237933238123135,16.894592456990402,1.059,0.96,0.1846
0.0122,-0.028564,-0.031006,1.251953,-0.457458,-0.562073,-17.629852,0.9979690708359644,0.9910043971088366,0.01408277879953244,-0.32471997071189707,-0.9137833331794287,16.679815482415528,1.059,0.96,0.1797
0.0124,0.082031,0.057861,1.367676,0.213928,-1.416565,-19.277802,0.9979763325101864,0.9910083636409924,0.014108745920711659,-0.28012677159360755,-0.9769231277451824,16.439756288181016,1.06,0.96,0.1749
0.0112,0.076172,-0.012451,1.289062,-1.891785,-0.287415,-22.909393,0.9979754196600973,0.9910389061171195,0.014114973883634733,-0.298431843355848,-1.025001321802181,16.18443340745329,1.06,0.96,0.1716
0.0126,0.011963,0.068604,1.355469,-0.091248,3.5578,-26.205292,0.9980978571687233,0.9910442527918734,0.0141392415782155,-0.24948777178332648,-0.9867986147616958,15.851173136363258,1.06,0.96,0.1651
0.0116,-0.046631,0.021484,1.328857,0.94635,2.245544,-29.653778,0.9982137574191857,0.9910455181333878,0.014145264044304289,-0.2151853080277691,-0.9339660306599009,15.504937382649075,1.059,0.96,0.1603
0.0118,-0.057129,0.062744,1.273193,-0.793152,-5.170227,-29.684296,0.998273644173435,0.9910077666396238,0.014161115194993282,-0.17603068393437787,-0.9607223365833002,15.150953058098724,1.06,0.96,0.1554
0.013,0.021729,-0.033203,1.332031,0.152893,0.41449,-29.531708,0.998234114235276,0.991013879912586,0.014155175213356378,-0.1822370303826768,-0.9675455547322019,14.768243129651974,1.06,0.96,0.1457
0.0112,0.112549,0.079346,1.373291,-0.579529,0.139832,-31.27121,0.9982607580059843,0.9910364752749024,0.014186748835221781,-0.13462358585196937,-1.027332095796272,14.417648683585005,1.059,0.96,0.1409
0.0124,-0.078613,-0.061523,1.128906,-1.83075,1.726746,-27.273407,0.9983174133094808,0.9910327299269391,0.014163320632671382,-0.18806671810919698,-0.9533799247111132,14.079205734096652,1.059,0.96,0.1392
0.0121,0.000488,-0.076416,1.489014,-0.579529,3.100037,-21.627655,0.9982398063677367,0.9910326218910118,0.014145850625149859,-0.22559251158162913,-0.9150905359744956,13.819185733691954,1.059,0.96,0.1376
0.0118,-0.036133,-0.043213,1.268555,-1.372986,-0.47052,-17.5383,0.9981383050022802,0.9910060683639018,0.0141319303289215,-0.25918666975171645,-0.8991137534708695,13.612543307133194,1.059,0.96,0.1376
0.0121,-0.003174,-0.128906,1.310303,-2.19696,1.726746,-12.014618,0.9980187267090791,0.9910171989177486,0.014098693575898416,-0.3525399903299382,-0.8766049279562558,13.470381414325852,1.059,0.96,0.136
0.0114,0.022949,-0.088623,1.30542,0.610657,-0.684143,-9.695282,0.9979168313801825,0.9910269123833281,0.01407840055591556,-0.38923120291021773,-0.8979496117474555,13.362387818249678,1.06,0.96,0.1328
0.0126,0.014404,-0.100342,1.338623,0.82428,0.445007,-6.06369,0.9980401510566144,0.9910911762181582,0.014059064346607137,-0.4281261320575565,-0.9002467551492622,13.288596793554955,1.06,0.96,0.1263
0.0115,-0.01001,-0.110596,1.32251,-0.152283,-0.104309,-5.81955,0.9983616583033467,0.9912015116952604,0.014038933484745674,-0.48524558570574294,-0.8954075055692549,13.224520042600204,1.061,0.96,0.123
0.0123,0.069824,0.010254,1.394531,1.95343,2.611755,-4.354706,0.9987579885147091,0.9912968006464203,0.014055473630443825,-0.44744197496005655,-0.9010487104938993,13.169993682243875,1.061,0.96,0.123
0.0119,-0.0625,-0.013916,1.310791,0.854797,1.54364,-3.591766,0.9990507199241445,0.9913550303089661,0.014055155927750114,-0.4374304739113578,-0.8461194886002167,13.127128686579674,1.06,0.96,0.1198
0.0121,-0.060303,0.008545,1.283691,-0.365906,2.672791,-3.286591,0.9992151428078765,0.9913769759183558,0.014058407598151416,-0.4288119100084859,-0.778628470911681,13.086500574570174,1.06,0.96,0.1166
0.0127,-0.152588,0.204346,1.500977,-1.220398,-0.623108,-10.85495,0.9991336237155104,0.991276068318639,0.014093590984404882,-0.333691945773475,-0.710955492370607,12.944064010094946,1.06,0.96,0.1101
0.011,0.018066,0.019043,1.142334,-0.304871,-4.224182,-14.730682,0.9990131527862727,0.9912451857480143,0.014101869619203507,-0.3156276609346009,-0.7725075431018721,12.781987339566935,1.06,0.96,0.1085
0.0121,0.001221,0.062988,1.489746,-1.647644,1.391052,-11.312714,0.9988671766078056,0.9911947876055225,0.014115703045480679,-0.2956149016296934,-0.7568537237262472,12.64382317545072,1.06,0.96,0.1069
0.0119,-0.010254,-0.03125,1.229248,-1.434021,-2.515198,-10.09201,0.9987881263536379,0.9911806281905056,0.0141085857903524,-0.3243218374727675,-0.7821159039181768,12.52414917224814,1.06,0.96,0.1036
0.0121,-0.010986,-0.016846,1.459961,-1.556091,3.985046,-11.312714,0.9987364353711953,0.9911682755474558,0.014106111675783342,-0.3441393443561263,-0.7290971370633889,12.386918368423311,1.06,0.96,0.102
0.0121,-0.004883,-0.064941,1.227539,0.183411,0.994324,-12.808075,0.9986792810977679,0.9911703237119313,0.014091579753609168,-0.373855753039336,-0.7167510623822015,12.232779672184042,1.06,0.96,0.1004
0.012,0.000244,0.007812,1.32251,0.702209,1.116394,-16.134491,0.9986312217601204,0.9911554704422143,0.01409550015143899,-0.352021529009146,-0.7060184393057218,12.038794150791235,1.059,0.96,0.0971
0.0118,-0.013916,-0.009521,1.28125,1.373596,-1.630188,-13.784637,0.9985365101321035,0.9911326657207821,0.014093862985450631,-0.33318336399544574,-0.7192610069251812,11.876081454917411,1.059,0.96,0.0955
0.0122,0.013428,-0.010986,1.324219,1.221008,0.445007,-9.96994,0.9983713248002513,0.9911009686855838,0.014092441835764342,-0.31709564544055063,-0.7234266726469895,11.754600323087288,1.059,0.96,0.0923
0.0121,0.006104,-0.022949,1.324463,-0.487976,0.017761,-11.923065,0.9981943547963729,0.9910685181354335,0.014087777150555512,-0.32836230146068207,-0.7285952140282623,11.610612168593674,1.059,0.96,0.089
0.012,0.130371,0.084717,1.275879,-0.213318,2.092957,-19.949188,0.9981590326410554,0.9910618496537971,0.01411550818789989,-0.2717744817886874,-0.7833757040288327,11.370954009612356,1.059,0.96,0.0842
0.0117,0.07373,0.085938,1.371338,-0.091248,2.031921,-23.763885,0.9980939709636787,0.9910396981286341,0.014138016052297541,-0.2161799345710322,-0.8020742464123058,11.091755199640001,1.059,0.96,0.0793
0.0122,0.031006,0.127441,1.263916,-0.091248,-0.317932,-25.106659,0.998067889056304,0.9910049307365253,0.014169557174614433,-0.1317016171348017,-0.826261565914901,10.782287190928042,1.059,0.96,0.0745
0.0122,0.041504,0.046631,1.349609,-1.769714,0.811218,-20.101776,0.9979972993188091,0.9909894654964896,0.01418166435675258,-0.11922515050849758,-0.8403419465595806,10.53658732195047,1.059,0.96,0.0712
0.0122,-0.003174,-0.019043,1.260742,-1.647644,0.65863,-19.582977,0.9979695978012101,0.9909869508815055,0.014178472432297145,-0.1431205313920363,-0.8312777115596994,10.297935686930302,1.059,0.96,0.068
0.0118,-0.006836,-0.065674,1.320557,-2.19696,1.909851,-21.719208,0.9979724216831054,0.9910020195284077,0.014166126169217691,-0.1988845591405305,-0.8056787644964778,10.043097744667564,1.059,0.96,0.0631
0.0121,0.009766,-0.055664,1.324951,-0.610046,0.139832,-26.327362,0.9980145447768208,0.9910257446535213,0.014157390870092592,-0.2290512657818193,-0.8109375551088213,9.726132231700138,1.059,0.96,0.0567
0.0117,0.026367,0.05127,1.399414,1.282043,0.65863,-28.127899,0.998102606456604,0.9910308842888645,0.014171229114650572,-0.17674117216360902,-0.8186202363104431,9.395896527462366,1.059,0.96,0.0534
0.0117,0.002686,0.028564,1.242188,1.312561,-1.111389,-25.839081,0.9981912895387427,0.9910362724628474,0.014180418691988965,-0.1349624548897879,-0.8346552495191197,9.092526399488905,1.059,0.96,0.0502
0.0124,0.006104,-0.019043,1.368164,1.312561,0.41449,-23.885956,0.9981965182255421,0.9910415707406542,0.014178334153753183,-0.12120244070225313,-0.8332500432716375,8.796804136620773,1.059,0.96,0.0486
0.0116,-0.088135,-0.105225,1.310303,-0.610046,1.574158,-16.103973,0.9981744291515908,0.9910398557580928,0.014155069931303436,-0.1824467192898417,-0.7646152236763288,8.610479802618555,1.059,0.96,0.0486
0.0121,-0.137207,-0.128662,1.285156,-1.983337,-0.195862,-12.167206,0.9981526419438969,0.9910364514450858,0.014125779616630639,-0.2749577263145449,-0.6880152798967227,8.463210395790039,1.059,0.96,0.0453
0.0122,0.023682,-0.031982,1.300781,-2.105408,-0.134827,-11.617889,0.9981152783350586,0.9910401557764561,0.014121793157390405,-0.3118378644177295,-0.7058247953599845,8.322258192710807,1.059,0.96,0.0405
0.0123,-0.038818,0.010986,1.401611,2.258606,1.268982,-16.714325,0.9979590699292088,0.9910078215799624,0.014122689115651569,-0.27006837856468063,-0.6710540326049745,8.115729984131368,1.059,0.96,0.0308
0.0123,-0.030518,0.03833,1.087402,1.678772,-0.867249,-16.165009,0.9979017015625007,0.9909839752343671,0.014132123794163561,-0.21428519143575075,-0.6645589871674265,7.915572728521327,1.059,0.96,0.0275
0.0115,0.011719,-0.008789,1.430176,0.915833,0.322937,-15.676727,0.9979207926311752,0.9909886906911729,0.014132665788032212,-0.2017528654784982,-0.6688338018536607,7.735494434295753,1.059,0.96,0.0259
0.0121,0.012451,-0.09375,1.268066,1.343079,-0.958801,-14.028778,0.9980056090159016,0.9910172599430959,0.014117149159745511,-0.23502764067285015,-0.6903521669949049,7.567367882161977,1.059,0.96,0.0259
0.0125,0.012207,-0.062012,1.372803,-0.304871,2.276062,-10.122528,0.99808392784975,0.9910384435646103,0.01410893146616821,-0.26674875828997613,-0.6706055020007953,7.441666658379503,1.059,0.96,0.0259
0.0119,-0.016113,-0.036621,1.23999,-1.128845,0.048279,-5.05661,0.9981501338676523,0.9910511999391057,0.014103967282637008,-0.29624206342842196,-0.6625924213228673,7.381808803877973,1.059,0.96,0.0259
0.0112,-0.022217,-0.005859,1.384033,-0.121765,0.872253,1.352081,0.9981874499395865,0.9910534843141119,0.01410468401886368,-0.2953219027792597,-0.6419221729832542,7.396677681423237,1.059,0.96,0.0259
0.012,-0.079102,-0.056152,1.2854,-1.098328,0.994324,4.037628,0.9982361971292849,0.9910621282117202,0.014094561697725334,-0.3362969510275082,-0.5851996754742336,7.445026316269834,1.059,0.96,0.0259
0.0121,-0.022461,-0.07959,1.290283,-0.793152,0.780701,2.023468,0.9982493119645833,0.9910750461145175,0.014081509309016518,-0.38675241689628076,-0.5651688134629973,7.469974091006078,1.059,0.96,0.0259
0.0127,0.006836,-0.042725,1.352783,2.136536,-0.928284,-0.967255,0.9982687284272515,0.9910829889247841,0.014076488524171276,-0.3772299717977056,-0.5833050866664499,7.45804375198606,1.059,0.96,0.0259
0.012,-0.003174,-0.005859,1.32959,1.526184,0.322937,-0.906219,0.9982814646834052,0.9910838367043736,0.014077591105647647,-0.35573586268307994,-0.5802089291328356,7.44709909338099,1.059,0.96,0.0259
0.012,-0.026123,0.003662,1.296387,0.885315,-0.104309,1.413116,0.9983026882668791,0.9910837284806744,0.014079837604330504,-0.3367583106530624,-0.5686887808693738,7.463910052377852,1.059,0.96,0.0259
0.0119,-0.006592,0.024414,1.315186,1.983948,-0.256897,2.75589,0.9983133814787923,0.9910804458920704,0.014085966344263281,-0.2933005207515259,-0.5704417421382659,7.496459282129632,1.059,0.96,0.0259
0.0117,-0.009033,-0.000977,1.325684,0.183411,-0.256897,2.511749,0.9983264603678319,0.9910808578304583,0.014087526616358502,-0.2862704509524901,-0.570714639088643,7.525780465110283,1.059,0.96,0.0259
0.0123,-0.016113,-0.008789,1.281494,-1.037292,0.506042,2.145538,0.9983336039698688,0.991081182978656,0.014087507243650892,-0.2986137117892002,-0.5577581128394581,7.552083913759068,1.059,0.96,0.0259
0.0117,-0.010254,0.019287,1.322998,-0.457458,0.292419,2.359161,0.9983433361758457,0.9910786014300794,0.014092433902356353,-0.2872226190795994,-0.5511120346864483,7.579460729515298,1.059,0.96,0.0259
0.012,0.008301,0.041016,1.337158,-0.396423,0.292419,2.511749,0.9983478530630813,0.991073729383464,0.014101223937190684,-0.26314561744060566,-0.5550038984940869,7.609355375638106,1.059,0.96,0.0259
0.0117,0.021973,0.015137,1.325439,-0.487976,0.200867,1.352081,0.9983531787924044,0.9910731248495691,0.01410602330361834,-0.2547952839125415,-0.5680628536882538,7.625217141974012,1.059,0.96,0.0259
0.0127,0.032959,-0.018555,1.304199,1.221008,0.475525,-1.119843,0.9983528393409136,0.9910768008427434,0.014105403525813227,-0.2447727611950455,-0.5842565025466272,7.611408796307602,1.059,0.96,0.0259
0.0121,0.035889,-0.036865,1.326904,1.465149,-0.226379,-2.493134,0.9983432920455029,0.9910816647294229,0.01410179812460367,-0.24288191852692712,-0.6102279985753541,7.581895737114541,1.059,0.96,0.0259
0.0114,0.031982,-0.016846,1.317139,0.580139,0.261902,-1.882782,0.998343185210847,0.9910850349154001,0.014101424901672063,-0.2406232634105398,-0.6281741882905177,7.560780706740178,1.059,0.96,0.0227
0.012,0.011475,0.02832,1.313721,0.183411,0.109314,-0.570526,0.9983485170051498,0.9910814867849187,0.014107764356733192,-0.21668959207238622,-0.6356975794394397,7.553483259933377,1.059,0.96,0.0178
0.0118,-0.018311,0.069824,1.37085,1.648254,-0.226379,-8.260956,0.9983647149958261,0.991072702227663,0.014119323158826939,-0.15271571267384576,-0.6302035962745776,7.454726219804047,1.059,0.96,0.013
0.0122,0.025635,0.149658,1.179443,-0.884705,0.811218,-12.075653,0.9983152324234701,0.9910489874655791,0.014146375763265915,-0.06175527595427499,-0.6402147871417158,7.305287513534768,1.059,0.96,0.0113
0.0122,-0.013916,-0.041016,1.35498,0.519104,1.909851,-11.556854,0.9985060913850748,0.9910754791850057,0.014142984922734898,-0.07377950138784316,-0.6111950103467267,7.164593017940179,1.059,0.96,0.0097
0.012,-0.019043,0.034424,1.245117,-1.250916,-0.440002,-9.390106,0.9982496870851156,0.9910366245933575,0.014146417535860729,-0.06268602377502705,-0.6076840139023822,7.050959009011123,1.058,0.96,0.013
0.0119,0.005859,-0.033691,1.415527,-1.769714,0.53656,-6.521454,0.9983316681005241,0.991050605564143,0.014143649671665922,-0.09770052054181025,-0.6063400868797169,6.973886754608696,1.059,0.96,0.0097
0.0125,0.011719,-0.039062,1.284912,-0.243835,0.963806,-4.995575,0.998489047561953,0.9910756050217278,0.014140748695706763,-0.11947852095824074,-0.6040390822197301,6.912233683053265,1.059,0.96,0.0049
0.0111,0.016357,-0.052979,1.320801,-0.304871,0.597595,-5.05661,0.9986795174073513,0.9911064867982391,0.014136531049059516,-0.14886386855238126,-0.6093563902092436,6.857158022121639,1.059,0.96,0.0049
0.0127,0.003418,-0.084961,1.30957,0.885315,-0.317932,-4.141083,0.998832958622733,0.9911355200072792,0.014127006523857684,-0.18232724896324248,-0.6178129727854449,6.805967283683705,1.059,0.96,0.0065
0.012,-0.011475,-0.060059,1.342529,2.014465,1.055359,-3.011932,0.9986572293582765,0.9911204996541245,0.01411751055782552,-0.1875974434738036,-0.600910706545239,6.77055210201578,1.059,0.96,0.0081
0.0116,-0.057861,-0.05957,1.275146,0.94635,0.292419,-0.875702,0.9985442119835743,0.9911108535921138,0.014107484599992904,-0.2074639367398713,-0.5656848686084163,6.760768353253848,1.059,0.96,0.0081
0.0119,-0.059814,-0.02002,1.328369,0.366516,0.719666,0.619659,0.9983927902744705,0.9910928705423437,0.014103268670814757,-0.20986038787263694,-0.525519493746102,6.767956692044263,1.059,0.96,0.0065
0.0118,-0.036133,0.033936,1.317383,0.641174,0.475525,0.650177,0.9982530002012364,0.9910720695255173,0.014107368486637524,-0.17789787902446663,-0.5021933827093538,6.775072483808499,1.059,0.96,0.0065
0.0121,-0.022949,0.026367,1.307861,-0.365906,0.200867,0.894318,0.9981133739249126,0.9910524674431417,0.01411067167037332,-0.16239924850493287,-0.4898417480544274,6.7855111170672435,1.059,0.96,0.0065
0.0125,-0.009521,0.003418,1.306885,-0.640564,-0.226379,1.809845,0.9979718735935589,0.9910347341398171,0.014110954283302264,-0.16407928649681006,-0.49062525850808086,6.808040596454099,1.059,0.96,0.0065
0.0121,-0.007568,-0.003418,1.320312,0.06134,0.475525,2.115021,0.9979002476118038,0.9910258592737637,0.014110892690554362,-0.16111073711382398,-0.4839967501669394,6.833577817695058,1.059,0.96,0.0049
0.0121,0.004395,-0.022217,1.308105,-0.396423,0.017761,1.931915,0.9978619760424806,0.991022576278185,0.014108733187941369,-0.17460792653223894,-0.48995100488898935,6.857144723630677,1.059,0.96,0.0049
0.0113,0.011963,-0.02417,1.322754,0.580139,0.109314,1.352081,0.9978421174033927,0.9910217660108306,0.014106614539811373,-0.17766592328009123,-0.49908630132945453,6.8726832395657045,1.059,0.96,0.0049
0.0122,0.006104,-0.015625,1.322021,1.129456,-0.165344,0.467072,0.9978646106354269,0.9910253028398607,0.014105922187603924,-0.16854092649334768,-0.5080054091292474,6.878539617785498,1.059,0.96,0.0032
0.0127,0.003418,-0.020752,1.249756,1.587219,-1.630188,-4.812469,0.9979003023001892,0.9910308404041915,0.014104507625594837,-0.1561092001882558,-0.534574468240369,6.817669060616471,1.059,0.96,0.0016
0.0115,0.096924,0.069092,1.38623,0.427551,0.597595,-5.94162,0.9979337339877299,0.991032320296868,0.014115498071387057,-0.10864852489453329,-0.5835882914848433,6.749237142524009,1.06,0.96,-0.0
0.0123,-0.001709,0.053467,1.289795,0.641174,0.383972,-6.521454,0.9979237933966882,0.9910263239467402,0.014123237884622185,-0.06450160539395665,-0.5807983738329242,6.668146416801586,1.06,0.96,-0.0
0.0121,0.083008,0.077881,1.307373,-0.884705,2.30658,-8.871307,0.9978791634304642,0.991019949487327,0.014134555568448288,-0.025470632333062748,-0.6041034963059078,6.560685458499629,1.06,0.96,-0.0032
0.0122,0.017822,0.035889,1.349609,-0.976257,1.2995,-9.420624,0.9980579144061454,0.9910385090715209,0.014141789426291396,-0.012839965880306715,-0.6007078699374944,6.445332104222536,1.06,0.96,-0.0032
0.0115,-0.056885,0.017334,1.316895,-1.464539,1.513123,-8.566132,0.9982352864727845,0.9910511704236038,0.014145551092327634,-0.015596170279753982,-0.5529489199573034,6.345343951117014,1.06,0.96,-0.0049
0.0119,-0.025879,-0.004639,1.299561,-1.769714,1.482605,-8.688202,0.9983823566498627,0.9910656701270414,0.014146699864970306,-0.035266545552730115,-0.5233309358775204,6.241507746115111,1.06,0.96,-0.0081
0.0117,-0.027832,0.004395,1.328369,-0.457458,0.475525,-11.160126,0.9985403404253861,0.9910803103016862,0.014148921433533777,-0.033795817161989664,-0.5050375346757557,6.110329838074018,1.06,0.96,-0.0081
0.0128,-0.025391,0.010254,1.339111,0.94635,1.177429,-16.256561,0.9986677596612182,0.9910914512409837,0.01415150117429857,-0.011132466981221866,-0.4789735206200856,5.901632751670186,1.06,0.96,-0.0097
0.0112,-0.052734,0.036377,1.297363,0.915833,-0.195862,-19.186249,0.9987841168079933,0.9910974883856162,0.014156542792220454,0.025051674431479126,-0.4539587255074431,5.685233481999419,1.06,0.96,-0.0113
0.0124,-0.043213,0.006592,1.328369,1.678772,2.184509,-23.061981,0.9987566882660249,0.9910920818679477,0.014156908694395742,0.054057622366751074,-0.40597240942778917,5.398352332874923,1.059,0.96,-0.0162
0.0124,-0.059082,0.099121,1.30957,0.458069,-3.217102,-22.115936,0.9986697364921837,0.9910780452426697,0.014167544606027573,0.12137793579757773,-0.41533458667043044,5.122103084246771,1.059,0.96,-0.0194
0.0111,-0.007568,-0.014648,1.304443,-1.18988,1.146912,-20.590057,0.9984320135635492,0.9910566724685353,0.014164411832151584,0.10283829601179158,-0.4022530706726633,4.893627781891744,1.059,0.96,-0.0227
0.0127,-0.029053,0.044189,1.343994,-1.311951,-0.562073,-19.582977,0.9981414474425152,0.9910297658843787,0.014167511279412313,0.11479118336792463,-0.39668462402761445,4.644137686117318,1.059,0.96,-0.0308
0.0122,0.003662,0.015869,1.288574,-1.678162,0.841736,-17.111053,0.9978697866189086,0.9910088643142301,0.014167915914741891,0.10694614984059658,-0.39302391904830564,4.435708554025229,1.059,0.96,-0.0356
0.0111,0.055664,-0.022949,1.395508,-2.715759,-1.141907,-15.737762,0.9976996578639159,0.9910021055972935,0.014164931605205041,0.0672495688666844,-0.4397298372787822,4.262871324654676,1.059,0.96,-0.0372
0.0127,0.064209,-0.047607,1.290771,-0.915222,-0.34845,-15.096893,0.9976599296155096,0.991008495000648,0.014159979817226125,0.031206678665256296,-0.48600589567142305,4.073563600805288,1.059,0.96,-0.0389
0.0117,0.042725,-0.075439,1.356201,-0.091248,0.994324,-14.364471,0.9976962328848031,0.9910198259606658,0.014152932318078962,-0.008477741602636354,-0.5017046019556154,3.907511209087153,1.059,0.96,-0.0389
0.0122,0.054199,-0.049561,1.354248,0.580139,0.628113,-14.089813,0.9975895006591435,0.9910205390654158,0.014147476999666843,-0.02514539149608163,-0.5278014818882082,3.7375184382762536,1.059,0.96,-0.0372
0.0123,0.042725,-0.055176,1.356934,1.587219,0.841736,-11.312714,0.9975147483899572,0.9910232000641935,0.014141683215498843,-0.03267496351265131,-0.5444932551832016,3.6001171261277523,1.059,0.96,-0.0372
0.0121,-0.01123,-0.057861,1.330322,0.793762,1.177429,-3.134003,0.9975172560335214,0.9910282792523992,0.014136190956912825,-0.05299444014382698,-0.5268570078020711,3.563074062670241,1.059,0.96,-0.0372
0.0119,-0.085693,-0.099365,1.288574,-0.579529,0.231384,0.8638,0.9975699575810908,0.9910385654946772,0.0141265576810242,-0.11514199805230885,-0.47696237047776674,3.5739073259360716,1.059,0.96,-0.0389
0.0115,-0.007324,-0.025879,1.347656,-0.213318,0.292419,0.619659,0.9976129021283635,0.9910430701965501,0.01412498576923773,-0.12843138509310248,-0.4729523170217812,3.5812672056439077,1.059,0.96,-0.0405
0.012,-0.027344,-0.003418,1.294189,0.763245,-0.714661,-0.26535,0.9976749596027014,0.9910465982595288,0.014125796851953688,-0.11724914685539851,-0.4691835933081457,3.577881033265954,1.059,0.96,-0.0405
0.012,0.000732,0.01709,1.335938,-0.274353,0.628113,-1.211395,0.9977377680956782,0.9910483772558043,0.014128738871504308,-0.10671761284197662,-0.46581040804089585,3.563103468836794,1.059,0.96,-0.0405
0.0119,-0.014648,0.00293,1.307617,0.610657,-0.073792,-1.821747,0.9978051631157124,0.9910517429427917,0.014130210303944712,-0.09378629611251917,-0.4620212606390374,3.541232127223914,1.059,0.96,-0.0405
0.0124,-0.015625,0.007324,1.324951,1.343079,-0.134827,-1.882782,0.9978510379935512,0.9910535539662569,0.014131873955820148,-0.06920859994378467,-0.4584844724722872,3.517641120088636,1.06,0.96,-0.0421
0.0113,-0.007812,-0.011719,1.304932,-0.152283,-0.226379,-1.882782,0.9978786483444563,0.9910556420265397,0.01413151533913755,-0.07412837505308094,-0.46042170715492414,3.4964216149776566,1.06,0.96,-0.0421
0.0124,-0.012207,-0.019531,1.332764,-0.06073,-0.226379,-0.326385,0.9979147430863309,0.9910587166090544,0.01413047639658354,-0.08256866367035247,-0.4599592173599975,3.4924687752312433,1.06,0.96,-0.0421
0.0122,-0.015381,0.002686,1.335938,0.335999,0.383972,0.924835,0.9979408247482868,0.9910597078057313,0.014131485542817264,-0.07351822319127493,-0.4502471983462106,3.5035731522650186,1.06,0.96,-0.0437
0.0123,-0.006104,-0.009766,1.310059,-0.549011,0.750183,1.596222,0.9979710392940015,0.9910617968054837,0.014131378224180527,-0.08254228221111853,-0.44153504352596873,3.5232403443385563,1.06,0.96,-0.0453
0.0116,-0.003174,-0.012939,1.324463,0.213928,0.383972,0.98587,0.997998948530098,0.9910639393925949,0.01413097312005378,-0.08406590736172445,-0.43928048683350945,3.5347733435255138,1.06,0.96,-0.047
0.0124,0.00708,-0.018799,1.326904,1.129456,0.170349,0.131378,0.9980275171424514,0.9910663903908509,0.014130073872632924,-0.07746321633789333,-0.44527415042533963,3.5366526824983127,1.06,0.96,-0.047
0.0112,0.013428,-0.010498,1.304932,0.305481,0.292419,-0.631561,0.9980591859166439,0.991068461976796,0.014130019738523234,-0.07660860088089362,-0.4539792845469982,3.529791104599875,1.06,0.96,-0.047
0.0122,-0.001221,-0.007568,1.321777,0.549622,0.170349,-0.173798,0.9980951667569863,0.9910707439719664,0.014130191723028653,-0.07081649504844882,-0.4551063865649561,3.527730184986757,1.06,0.96,-0.047
0.0121,0.000244,0.009033,1.337646,0.915833,0.078796,0.222931,0.9981327462288562,0.9910721120989551,0.014131860650211131,-0.05129572249703498,-0.45807196423422614,3.530299456788969,1.06,0.96,-0.047
0.0126,-0.000977,0.007568,1.298096,-0.1828,0.292419,0.406036,0.9981779990717786,0.9910740488364221,0.01413346992871464,-0.045857373618332545,-0.45785128670817726,3.5352939248713637,1.06,0.96,-0.047
0.0115,-0.008789,-0.000732,1.310059,0.122375,0.200867,0.131378,0.9982189251418245,0.9910762907362308,0.014134208928604758,-0.04168605533485116,-0.4543644950575812,3.5367238473760505,1.06,0.96,-0.047
0.0122,-0.007568,0.009033,1.331055,0.274963,0.261902,-0.234833,0.9982633182032062,0.9910782194685992,0.014135813175592859,-0.03002772074755383,-0.4506854279795434,3.5336702279707524,1.06,0.96,-0.047
0.0122,-0.003418,-0.00415,1.313232,-0.426941,0.109314,0.314484,0.9983057740980079,0.9910807789696124,0.014136278726159407,-0.03457939505058235,-0.4513549166146258,3.537525381631521,1.06,0.96,-0.047
0.0115,-0.001465,-0.007324,1.321533,0.213928,0.261902,0.528107,0.9983452430534782,0.9910833377128365,0.014136458953207861,-0.0333486188798314,-0.451440053358813,3.543674527424636,1.06,0.96,-0.047
0.0119,0.004883,-0.010498,1.325195,0.793762,0.53656,0.375519,0.9983852280663711,0.9910860759281539,0.014136419985681806,-0.027028961493021097,-0.45182186557909154,3.548318921055805,1.06,0.96,-0.047
0.0118,0.004883,-0.02124,1.321289,0.305481,0.292419,0.009308,0.998417678564362,0.991088928075459,0.01413542297834028,-0.03273343332948078,-0.4551364528852898,3.548746752966538,1.06,0.96,-0.047
0.0128,0.006592,-0.009033,1.317627,0.763245,0.292419,-0.295868,0.9984482325129833,0.9910909382856099,0.014135459337388278,-0.02520833540853006,-0.4591620529094084,3.5451213661463234,1.06,0.96,-0.047
0.0111,-0.00415,0.008789,1.318848,0.641174,0.139832,-0.295868,0.9984720551061824,0.9910916343352815,0.01413681374774799,-0.010072634807407327,-0.45907536057001047,3.5416567091737536,1.06,0.96,-0.047
0.0122,-0.008789,0.012939,1.317139,0.122375,0.292419,0.009308,0.9984988767050706,0.9910923635603407,0.014138465187322306,0.0017310063612626012,-0.45431395456432,3.5414944464925275,1.06,0.96,-0.047
0.0122,-0.005371,0.012207,1.311768,0.152893,0.231384,0.039825,0.9985252241848598,0.991093167057759,0.01414005845239288,0.01339651023950165,-0.45234262547959664,3.5417534660376457,1.06,0.96,-0.047
0.0123,-0.00293,0.008545,1.318604,0.000305,0.170349,-0.051727,0.9985448805340562,0.9910937872181501,0.014141293243970687,0.020939693779033944,-0.4524976344289761,3.5409726969203015,1.06,0.96,-0.047
0.0113,-0.002441,-0.013184,1.317871,-0.274353,0.200867,0.009308,0.9985602808218439,0.9910951729924574,0.014140760058058885,0.012740663218091667,-0.45276331668995556,3.5412520093337396,1.06,0.96,-0.047
0.012,-0.000244,-0.012451,1.323242,0.549622,0.292419,0.406036,0.998576660408137,0.9910965649977704,0.014140321294163241,0.014627332139842983,-0.45303879525647867,3.5463088984431237,1.06,0.96,-0.047
0.0124,-0.001709,-0.008057,1.31958,0.335999,0.353455,0.345001,0.9985943357829723,0.9910978221525472,0.01414022563274764,0.01662218959437132,-0.4516249601311905,3.5506921160662697,1.06,0.96,-0.0486
0.0123,0.000977,-0.010254,1.319092,0.458069,0.506042,0.192413,0.9986113891714357,0.9910991115982444,0.014139981591150732,0.0187896573541488,-0.4499629869392249,3.5532230846798725,1.06,0.96,-0.0502
0.0122,-0.000977,-0.011719,1.321777,0.732727,0.353455,-0.356903,0.9986221881326912,0.9911000668215263,0.014139554924355778,0.023415518523971095,-0.4490611313843128,3.5490368628055244,1.059,0.96,-0.0534
0.0113,-0.00293,-0.016113,1.311523,0.397034,2.459167,-10.09201,0.9984061127899383,0.9910870969668771,0.014136989158738924,0.02182635010472251,-0.4238088145491111,3.4352253793052157,1.059,0.96,-0.0583
0.0124,-0.070801,-0.024658,1.186523,0.305481,-2.850891,-9.359589,0.9980609830159518,0.9910678748051711,0.014132485726550122,0.01341009685789786,-0.4184267477489792,3.3189497837436592,1.059,0.96,-0.0583
0.0122,0.043213,0.112549,1.422607,0.335999,1.177429,-7.192841,0.997696935222188,0.991042668477662,0.014137768259322203,0.08050210015166583,-0.43086234727379524,3.2302906538217417,1.059,0.96,-0.0583
0.0123,0.022705,-0.026367,1.300537,-2.471619,-3.461243,-3.835907,0.9974879994619235,0.9910324261902251,0.014134475749032795,0.03722215552058193,-0.49054479788770466,3.1837478597246487,1.059,0.96,-0.0583
0.0115,0.026123,-0.047852,1.316895,-1.281433,1.848816,-2.03537,0.997323501539933,0.9910259887303511,0.014129828081708562,-0.002544427120919913,-0.4881544336667741,3.161392163839509,1.059,0.96,-0.0583
0.0125,0.013672,-0.078613,1.356445,-0.030212,1.757263,-1.669159,0.9971855411334217,0.9910230387316123,0.014123483202157831,-0.04426540646581963,-0.47740880242594674,3.141930221964849,1.059,0.96,-0.0583
0.0111,0.050293,-0.049316,1.293213,-0.610046,-0.562073,-1.058807,0.9970815049614007,0.9910199744705827,0.014119156185061339,-0.07666868104593694,-0.5170097899975421,3.1312619612326125,1.059,0.96,-0.0583
0.0121,0.022217,-0.03125,1.355469,1.129456,0.567078,-1.669159,0.9969974564426887,0.991017081168721,0.014116511466612218,-0.07711079169482798,-0.525760111189699,3.1116449629636116,1.059,0.96,-0.0583
0.0128,-0.007324,0.001953,1.30835,1.983948,-0.073792,-2.950897,0.9969289043942517,0.9910126882633776,0.014116413526201474,-0.04694645374342251,-0.5256895803185001,3.0736958491336477,1.059,0.96,-0.0583
0.0113,-0.016846,-0.01709,1.329834,0.793762,0.963806,-2.676239,0.9968754142530094,0.9910111571248894,0.014115234320910436,-0.04442502482008981,-0.5083498343753344,3.043695767957071,1.059,0.96,-0.0583
0.0122,-0.024902,-0.015625,1.319336,0.641174,0.200867,-1.882782,0.9968180205582067,0.9910095974628723,0.014114209544507966,-0.0423460403876411,-0.4948622081454911,3.02093787118543,1.059,0.96,-0.0583
0.012,-0.023438,0.010742,1.309326,0.488586,1.116394,-0.02121,0.9967786412921783,0.9910070811893772,0.014115103480766337,-0.02709285507429744,-0.4714770750522738,3.0203474828632286,1.059,0.96,-0.0583
0.0122,-0.028076,0.021973,1.312012,-0.884705,0.139832,1.107941,0.9967465807805157,0.9910043422701638,0.01411685061663126,-0.02207293222835935,-0.4572060948167667,3.0333237824041284,1.059,0.96,-0.0583
0.0115,-0.024658,0.026855,1.309814,-0.549011,0.506042,1.657257,0.9967172973330105,0.9910014216217957,0.014118892090948739,-0.009856789998882702,-0.44100227816084486,3.051773863444269,1.059,0.96,-0.0583
0.0126,-0.014648,0.003662,1.32666,-0.1828,-0.226379,0.253448,0.9966808972829703,0.9909992522219857,0.014119238789218929,-0.007240597135067521,-0.43937944767762266,3.0547973788911835,1.059,0.96,-0.0583
0.0117,-0.00415,-0.031982,1.320801,-0.243835,-0.256897,-0.967255,0.996641903694315,0.9909985606691837,0.014117180575576344,-0.025674594361659905,-0.44400139389717164,3.043922005005348,1.059,0.96,-0.0599
0.0121,-0.003662,-0.044922,1.326904,1.190491,-0.409485,-1.180878,0.9966060549098101,0.9909986055508578,0.014114353431494787,-0.034182579365370246,-0.45075872493658375,3.0302780525851754,1.059,0.96,-0.0599
0.0116,-0.003418,-0.028564,1.330078,1.251526,0.231384,0.161896,0.9965796886255704,0.9909982414578294,0.014112650171189152,-0.03316870933051713,-0.4500050842398933,3.0325300922061045,1.059,0.96,-0.0599
0.0119,0.0,-0.018555,1.326904,0.702209,0.841736,2.115021,0.9965484289432387,0.9909968811610367,0.014111502324196366,-0.032716891427779636,-0.44397260525561705,3.0579035078963983,1.059,0.96,-0.0615
0.0123,-0.005127,-0.007812,1.322754,0.885315,0.811218,2.938995,0.9965113156163653,0.9909949119612821,0.01411102610941935,-0.023671277616653105,-0.43510620338135514,3.0940906500492837,1.059,0.96,-0.0615
0.0122,-0.005127,-0.000732,1.311279,0.427551,0.53656,3.000031,0.996475510764168,0.990992640071902,0.014110992053901747,-0.016224406503446455,-0.42978172483332927,3.1306168415379316,1.059,0.96,-0.0615
0.0123,-0.010498,0.009766,1.313965,-0.335388,0.841736,2.237091,0.9964405655336886,0.9909902187790317,0.014111661778722253,-0.011925396251745251,-0.417614450451097,3.157896088002939,1.059,0.96,-0.0615
0.0121,-0.004883,0.048828,1.343018,0.274963,0.383972,0.131378,0.9976075790368039,0.9910521448201691,0.01412331860595929,0.021907455947872873,-0.4143679518518514,3.1586597342803135,1.059,0.96,-0.0631
0.0111,0.012939,0.037842,1.292725,0.152893,-0.653625,-0.570526,0.9974416315853584,0.9910404553946325,0.014124620968620796,0.04849279223569566,-0.43365932348721364,3.151697382979112,1.058,0.96,-0.0583
0.0125,0.027344,0.008545,1.305908,0.183411,-0.562073,0.345001,0.9969310094177047,0.9910108909521876,0.014121258233606207,0.057966019788238496,-0.46079734809902795,3.155958609348405,1.058,0.96,-0.0583
0.0123,0.066406,0.026367,1.245117,0.091858,0.41449,-0.784149,0.9971855640985885,0.9910217810864911,0.014124852284092576,0.07755455159425442,-0.5006754961135143,3.146135156316077,1.059,0.96,-0.0615
0.0112,0.001465,-0.024658,1.318359,0.335999,0.567078,-1.333466,0.997516381122502,0.9910410909703713,0.014126537856470884,0.06904855617648455,-0.4986394856569067,3.131763094330931,1.059,0.96,-0.0631
0.0127,-0.01001,-0.020508,1.32666,0.458069,-0.012756,-1.821747,0.9978174380739375,0.991058587109755,0.014128196696666685,0.0651804749731458,-0.49639908657342174,3.1090047974909187,1.059,0.96,-0.0631
0.0121,0.000977,0.017334,1.328857,0.335999,0.017761,-1.180878,0.9978394344869439,0.9910585148722939,0.014129548214219235,0.0813180463845454,-0.5001327001878102,3.094270897972922,1.059,0.96,-0.0599
0.012,-0.008545,0.006836,1.322998,0.091858,0.65863,-1.241913,0.9978055595346714,0.9910561813655464,0.014129793506165238,0.08835451091001353,-0.4907555519702201,3.0791300258768457,1.059,0.96,-0.0599
0.0117,-0.030518,0.001221,1.327148,0.06134,0.353455,-2.187958,0.997772392997949,0.9910545143322524,0.014129685489603241,0.09176972871967415,-0.4725303964194586,3.053281362303261,1.058,0.96,-0.0615
0.0117,0.000488,-0.006104,1.318848,0.427551,0.475525,-2.27951,0.9977365175519328,0.9910526052758816,0.01412923248477083,0.0951694303261147,-0.4709758410507218,3.026732845908254,1.058,0.96,-0.0615
0.0119,-0.00415,-0.001709,1.318604,0.030823,0.567078,-3.225555,0.9977010007447994,0.99105062291847,0.014129011108474778,0.0965844626191999,-0.4655614267450143,2.9883470983130036,1.058,0.96,-0.0615
0.0119,-0.006104,0.015137,1.307129,0.580139,0.170349,-4.263153,0.9976743753429421,0.9910484969704673,0.014129752718365328,0.11440033349106409,-0.4637634652207705,2.937233628437018,1.058,0.96,-0.0631
0.0126,-0.003174,0.017822,1.321777,0.397034,-0.623108,-3.469696,0.9976398204999949,0.9910459702785326,0.014130537308846447,0.13152925471049626,-0.47339544035257075,2.893089152660997,1.058,0.96,-0.0631
0.0115,0.006348,0.002686,1.324219,-0.091248,0.65863,-4.842987,0.9976053884054751,0.9910439346496477,0.014130516356968143,0.13383210368368292,-0.473099078996677,2.8374120482638956,1.058,0.96,-0.0631
0.0123,-0.021729,0.014404,1.318359,0.366516,-0.104309,-6.82663,0.9975785024343088,0.9910421459320891,0.014131142893303828,0.14865451148401382,-0.46529448996800493,2.752944084906645,1.058,0.96,-0.0648
0.0125,-0.008057,0.01001,1.318115,0.519104,0.41449,-7.284393,0.9975429583451623,0.99104015668353,0.01413145975582829,0.1627858824451668,-0.4590518430654176,2.66164070932373,1.058,0.96,-0.0664
0.0113,-0.00415,0.008789,1.309082,-0.030212,-0.409485,-6.216278,0.9975161072657116,0.9910386683446892,0.01413177911411009,0.16918177639211848,-0.4649290186412825,2.5911889385221825,1.058,0.96,-0.0664
0.012,-0.003418,0.002686,1.32373,0.000305,0.231384,-4.93454,0.9974804992536557,0.991036966153512,0.014131701363824457,0.17216015816560803,-0.4637959023857621,2.5319263061696495,1.058,0.96,-0.0696
0.012,0.016846,-0.025879,1.315674,0.213928,0.292419,-2.950897,0.9974628626957025,0.9910366623092511,0.01413033229726227,0.16091166945687943,-0.4738091822040101,2.4972752744554145,1.058,0.96,-0.0696
0.0123,0.029541,-0.059082,1.326416,-0.518494,0.872253,-0.387421,0.9974386877747304,0.9910370786466773,0.014127331109593435,0.12171984386017154,-0.4837986950766948,2.4940980739835172,1.058,0.96,-0.0696
0.012,0.013672,-0.063721,1.313232,-0.091248,0.750183,0.497589,0.9974141466913501,0.991038454363694,0.014124164091313306,0.08506012319342125,-0.4864675651244633,2.501650888697089,1.058,0.96,-0.0696
0.0122,-0.008789,-0.026855,1.334961,0.732727,1.268982,0.070343,0.997397010320132,0.9910391019605581,0.014122915553683718,0.08033523260252966,-0.46958509744022514,2.5031000491202033,1.058,0.96,-0.0696
0.0118,-0.017578,0.016113,1.311768,1.221008,0.139832,-1.333466,0.9973887903778524,0.9910382849361239,0.014123772347578695,0.10600255015198448,-0.4614849404974862,2.486893392027958,1.058,0.96,-0.0696
0.0117,-0.026611,0.018311,1.316162,0.885315,-0.073792,-1.608124,0.9973806821138116,0.9910379293482441,0.014124728574968966,0.12864528866608474,-0.45071508925808323,2.467546900125004,1.058,0.96,-0.0696
0.0127,-0.014893,-0.00293,1.310791,0.488586,-0.531555,-0.692596,0.9973678746738398,0.9910376953693952,0.014124618716320382,0.13454789796220207,-0.45268787387491266,2.4587206691601615,1.058,0.96,-0.0696
0.012,-0.009277,-0.012451,1.317627,-0.1828,0.048279,0.406036,0.9973542587681692,0.9910374946389113,0.014124055364553866,0.12644229483010258,-0.4506759604821387,2.4637994526825984,1.058,0.96,-0.0696
0.012,0.007324,0.0,1.318604,-0.426941,0.53656,1.046906,0.9973428550056264,0.991036318838091,0.01412403963308875,0.12268296737148177,-0.45251986858755155,2.476364148597054,1.058,0.96,-0.0712
0.0114,0.000488,0.017578,1.32251,-0.1828,0.475525,0.558624,0.997323528649026,0.991034474422545,0.014124758075614497,0.1321537327779969,-0.45134491397962223,2.482337813617033,1.058,0.96,-0.0712
0.0118,0.002197,0.020264,1.318604,-0.274353,-0.104309,-1.02829,0.9973037729764322,0.9910325015708046,0.014125572530762106,0.14211607615734806,-0.4577371808422805,2.4697470869386677,1.058,0.96,-0.0712
0.0119,0.003418,-0.000488,1.320557,0.458069,-0.256897,-2.065887,0.9972800532037305,0.9910311590727208,0.014125419016568648,0.1486624189157368,-0.46652833146786965,2.44517251339014,1.058,0.96,-0.0729
0.0127,0.011719,-0.013916,1.321777,0.82428,-0.165344,-2.523651,0.9972458603311538,0.9910296163674817,0.014124558378059631,0.15240852469408134,-0.47905056790742795,2.413481942917355,1.058,0.96,-0.0729
0.0129,0.013184,-0.024658,1.321533,0.610657,0.383972,-1.760712,0.9972350516408939,0.9910293612726621,0.014123429042122616,0.14725164625353088,-0.48535243812476003,2.391402974085511,1.059,0.96,-0.0777
0.0112,0.021484,-0.007568,1.33252,1.343079,-0.928284,-2.706757,0.9973456996481392,0.9910334860329165,0.014124059724639678,0.159218993318245,-0.5113653873414825,2.3612864902692845,1.059,0.96,-0.0793
0.0112,0.100586,0.079834,1.277344,0.976868,1.726746,-3.713837,0.997340049404383,0.9910269293531256,0.014127162906824196,0.2187671603417231,-0.5551383170846217,2.317891805765175,1.059,0.96,-0.0793
0.0122,-0.029297,0.045898,1.241699,0.213928,0.994324,-4.110565,0.9974336317295993,0.9910282987371851,0.01413010661019753,0.2506209577187492,-0.5283363798459374,2.2660105428385404,1.059,0.96,-0.0793
0.0121,-0.018311,0.02832,1.299072,-0.396423,0.017761,-3.439178,0.9975262662843111,0.9910307447431425,0.014132134958412668,0.2630487477253173,-0.5204474483024076,2.223385427791833,1.059,0.96,-0.0793
0.0119,-0.002686,-0.006836,1.343262,-0.762634,-1.386047,-2.737274,0.9976077390106419,0.9910341892710898,0.014132611456235206,0.2504169240748272,-0.5381553020508183,2.190959521623603,1.059,0.96,-0.0793
0.0122,-0.015137,-0.010254,1.296631,-0.396423,0.780701,-2.248993,0.9976796356509149,0.9910371952815009,0.01413287695011878,0.24000746645775356,-0.5228766290825893,2.163745733642768,1.059,0.96,-0.0793
0.0126,-0.014648,-0.02124,1.332031,0.213928,0.597595,-2.248993,0.9977200446411087,0.9910394028934604,0.01413242019776731,0.23093809622937692,-0.5100103835827936,2.135928645564704,1.059,0.96,-0.0793
0.0113,-0.008545,-0.021729,1.32373,0.335999,0.322937,-1.943817,0.9977553358824958,0.9910414418276232,0.014131908183299218,0.22266495643269751,-0.5046748989111287,2.114531644391821,1.059,0.96,-0.0793
0.0124,-0.01001,-0.018555,1.321777,0.641174,0.200867,-2.126923,0.9977952734667969,0.9910435254586906,0.014131561211115539,0.22043623511070898,-0.49968354575752283,2.0886175070499955,1.059,0.96,-0.0793
0.0115,-0.015625,-0.014893,1.29834,0.94635,0.170349,-1.9133,0.99783307849114,0.9910454441790782,0.014131315533085035,0.2231102874649717,-0.4920389557288922,2.066937356845953,1.059,0.96,-0.081
0.0122,-0.018066,-0.011963,1.336914,0.702209,0.078796,-0.753632,0.9978618542380437,0.9910469707293048,0.014131104431600311,0.22519689605561322,-0.48412669087211857,2.057963429393101,1.059,0.96,-0.081
0.0122,-0.024658,0.004639,1.325684,0.152893,0.41449,0.528107,0.9978937011780582,0.9910484518843606,0.014131519672131025,0.23002782978190062,-0.468488472934315,2.0641994320755646,1.059,0.96,-0.081
0.0118,-0.019775,-0.002441,1.312256,-0.396423,0.383972,1.99295,0.9979231939999975,0.9910499048408538,0.01413165594436075,0.2241315683884307,-0.4563881765514952,2.087701360005467,1.059,0.96,-0.081
0.012,-0.006836,-0.008057,1.323975,-0.274353,0.109314,1.352081,0.9979520318573207,0.9910510786751476,0.014131615576084312,0.21647865624621165,-0.45505763333565363,2.104093326610447,1.059,0.96,-0.081
0.0118,-0.007324,-0.003906,1.326172,0.06134,0.139832,1.230011,0.9979515571984459,0.9910511321856228,0.014131496323013089,0.2152875436434135,-0.4531093706574703,2.1186793911038,1.059,0.96,-0.081
0.0123,0.00293,-0.011719,1.314453,0.549622,0.41449,0.924835,0.997919069874795,0.9910497464914289,0.014130867090860203,0.2155720493652311,-0.45375397748640495,2.1303615904229423,1.059,0.96,-0.081
0.0117,0.005371,-0.007568,1.318604,0.610657,-0.104309,0.8638,0.9978887356680367,0.9910482960416084,0.014130409902373854,0.21866236045144022,-0.4620169674437241,2.140665830697937,1.059,0.96,-0.081
0.0122,0.005127,-0.011719,1.323242,0.763245,0.353455,1.016388,0.9984173115186816,0.991067785466571,0.01413437282554444,0.2214550047411816,-0.4645492388113545,2.1533780859220517,1.059,0.96,-0.0826
0.0127,-0.001953,-0.003906,1.334961,0.488586,0.353455,0.589142,0.998416814212846,0.9910676416386548,0.014134287303150812,0.22568454012654182,-0.46271408957904975,2.160968301136297,1.059,0.96,-0.081
0.0114,0.001953,0.002686,1.312988,0.671692,0.41449,0.772247,0.998377572795276,0.9910657587954786,0.014134142665143403,0.23514080242106103,-0.46306237206612394,2.1697402914524564,1.059,0.96,-0.081
0.0122,-0.000244,0.011475,1.315918,0.183411,0.139832,0.802765,0.9984039789133249,0.9910663319072742,0.014134810877173666,0.2442201355533444,-0.4651035363410405,2.179278371000963,1.059,0.96,-0.0826
0.0122,-0.003662,0.014648,1.310059,0.030823,0.139832,0.558624,0.998290663196617,0.991061694928846,0.014134418594232001,0.25328115002664253,-0.4651577242237189,2.1857533375226823,1.059,0.96,-0.0826
0.0112,0.00293,0.014404,1.326172,0.274963,0.200867,0.283966,0.998186610145466,0.9910572463931233,0.014134102104386473,0.26466273531132417,-0.4683689917775552,2.18864353898782,1.059,0.96,-0.0826
0.0123,0.007324,0.001465,1.305176,0.335999,-1.416565,-1.425018,0.9981004597923737,0.9910536601998076,0.014133501827921715,0.2697520176686711,-0.49366004973861594,2.1710710092638896,1.059,0.96,-0.0842
0.0122,0.145752,0.075928,1.25708,0.915833,0.139832,-7.314911,0.9980117308548575,0.9910466403764594,0.014135798649376934,0.3270038012943385,-0.5825088128603501,2.080669335642709,1.059,0.96,-0.0858
0.0124,0.045166,0.035645,1.356201,-0.152283,1.238464,-8.108368,0.9982886261657152,0.9910560673121673,0.01413997279359405,0.34542378955962194,-0.5944659686961384,1.9795251635365179,1.059,0.96,-0.0858
0.0121,-0.073486,-0.031006,1.356445,3.052063,2.092957,-6.643524,0.9981419900581177,0.991050854716458,0.014137102853236173,0.36438672639467085,-0.5297671131386049,1.8997147802201877,1.059,0.96,-0.081
0.011,-0.229004,-0.101318,1.245117,0.183411,-1.935364,-0.448456,0.9985171568797931,0.9910628567754022,0.014135285758538955,0.3051855020516362,-0.4179083910586026,1.8958281602057416,1.059,0.96,-0.081
0.0121,-0.049561,-0.018799,1.082764,0.427551,-1.202942,-1.119843,0.9989685110320813,0.9910790551161733,0.014137241130075693,0.2973059080678644,-0.4034904030355408,1.882433629714567,1.059,0.96,-0.0826
0.0124,0.014893,0.023926,1.32959,0.183411,2.215027,-1.791229,0.999106827079247,0.991083105671528,0.014139251756375135,0.3130476570730835,-0.38910272826191217,1.8600797961523254,1.059,0.96,-0.081
0.0121,0.029297,0.024902,1.272705,-1.128845,-1.263977,-1.15036,0.9990969244621588,0.9910817844092319,0.014140484865599812,0.31411823653706294,-0.4266124616348706,1.845804579469044,1.058,0.96,-0.081
0.0116,-0.001709,0.024414,1.375,-0.243835,1.909851,-5.483856,0.9992786404432444,0.9910879058223458,0.014142613306942943,0.324668181541384,-0.407230488857504,1.7819368263524318,1.058,0.96,-0.0842
0.0127,-0.040771,0.052734,1.375,2.106018,2.581238,-12.930145,0.9993650967237253,0.9910939012695269,0.014144261888279134,0.38074168190127855,-0.3552353382008272,1.6168631111995486,1.058,0.96,-0.0874
0.0114,-0.035889,0.087891,1.232178,1.95343,-1.904846,-16.927948,0.9993018426321831,0.9910983332253036,0.014146296504178419,0.4571591788976225,-0.35878649689690184,1.422036180701279,1.058,0.96,-0.0907
0.0122,0.000488,0.044434,1.361816,-0.854187,-1.538635,-14.791718,0.9992528841531217,0.9910998255578263,0.014147332808833768,0.47076884629150945,-0.38084079248462144,1.2409866746852924,1.057,0.96,-0.0923
0.0123,0.018311,0.02002,1.28125,-1.006775,-0.806213,-11.251678,0.9990528833150292,0.9910968018874652,0.01414686461337954,0.4692719310672384,-0.40537321260294695,1.102695547959434,1.057,0.96,-0.0955
0.0114,-0.009033,-0.013672,1.222656,-2.19696,0.139832,-8.321991,0.9988356196637441,0.9910916868529221,0.01414478429597187,0.4346688394813791,-0.4024972857434044,1.008106729378279,1.057,0.96,-0.0955
0.0122,0.023438,-0.044434,1.407471,-2.685242,0.994324,-7.131805,0.998640121405702,0.9910866873661083,0.014142319381351635,0.3767962778871526,-0.40646372959609584,0.9223422328695068,1.057,0.96,-0.0955
0.0121,0.028076,-0.097168,1.302734,-1.037292,-0.195862,-6.613007,0.9984702237857589,0.9910819042798268,0.01413842730142067,0.30709238177073594,-0.42916952282809034,0.844521694668737,1.057,0.96,-0.0955
0.0123,0.04541,-0.049316,1.309326,1.098938,1.66571,-6.735077,0.9983518728436444,0.9910782804635483,0.014136328446404351,0.29190827105848743,-0.4391003490132089,0.7631614300830135,1.057,0.96,-0.0955
0.0113,-0.053711,-0.113281,1.393799,-0.06073,0.109314,4.373322,0.9983010566374947,0.9910806934647458,0.014132774852754517,0.22870439216243546,-0.41245714307563847,0.814791353776469,1.057,0.96,-0.0891
0.0123,-0.082275,-0.217773,1.329346,1.465149,-1.721741,11.69754,0.9989078113444686,0.9910953927169462,0.014130564923022322,0.12350244513100152,-0.3919827801373896,0.9628312189247995,1.058,0.96,-0.0826
0.0116,-0.020752,-0.194824,1.338867,0.793762,1.54364,23.111115,0.9995122032415219,0.9911095759821514,0.014129375678405845,0.02295706245340658,-0.36755878709539397,1.2338721195232774,1.058,0.96,-0.0761
0.0123,-0.040039,-0.139648,1.358398,2.502747,2.520203,30.404816,0.9997895768539992,0.9911235351270244,0.014127085245833946,-0.024316293367043117,-0.31931174527603934,1.6103471747228437,1.058,0.96,-0.0729
0.0118,-0.224121,-0.19165,1.261963,1.190491,0.597595,41.848907,0.9995479053159105,0.9911676073281451,0.014117327334428609,-0.12160023007200414,-0.1872406044529577,2.1129203635674254,1.058,0.96,-0.0664
0.0129,-0.120605,-0.133057,1.307861,1.404114,-2.942444,44.9617,0.9994141975752862,0.9911903436781236,0.014111810202177472,-0.1785341173670806,-0.16073785130341603,2.6971921227693523,1.058,0.96,-0.055
0.011,0.047363,-0.11377,1.38623,1.678772,0.353455,58.145294,0.9960298660535054,0.9910086977802257,0.014098572024970946,-0.219817434247842,-0.18742441164236326,3.33306537580744,1.058,0.96,-0.0453
0.0126,-0.154053,-0.154785,1.217285,4.486389,-7.428528,47.708282,0.9971374349981433,0.9911127125384235,0.014099037159409722,-0.2561304371100435,-0.19073624773141915,3.94164126383122,1.059,0.96,-0.0453
0.0122,0.64917,0.206543,1.730713,4.242249,0.597595,46.090851,0.9974057799862186,0.9909787894394511,0.014100596456131907,-0.1213820802228313,-0.44026014653413403,4.478538103389415,1.059,0.96,-0.0291
0.0113,0.272217,0.047363,1.531738,3.448792,7.311462,57.199249,0.9967083477165725,0.9908512367444055,0.01409217983329299,-0.06079937847315478,-0.49195057995885083,5.111882156849867,1.058,0.96,-0.0146
0.012,-0.275391,-0.109375,0.980713,2.197571,-1.782776,58.267365,0.9961301068269488,0.990893728881,0.014090998379773838,-0.11666062906685733,-0.31724256937454454,5.831136159400034,1.058,0.96,-0.0016
0.0122,-0.067383,-0.021484,1.24585,0.488586,0.719666,56.009064,0.9962809508463303,0.9909300159034118,0.014092495567424488,-0.12350434603437344,-0.27175406137517183,6.517937902284776,1.058,0.96,0.0065
0.0124,0.064697,0.006836,1.338623,3.906555,-3.644348,59.976349,0.9966453896630413,0.9909473157392267,0.014093615184490621,-0.07149197675306089,-0.35768927265199746,7.257592826532523,1.058,0.96,0.0259
0.0122,0.081055,0.037598,1.48584,-1.250916,-0.104309,64.309845,0.9965333317207212,0.9909089618954356,0.014092734798466504,-0.0690246061234651,-0.4033301753062092,8.037696160211365,1.058,0.96,0.0389
0.0116,-0.088135,-0.124023,1.2146,-1.861267,-0.684143,61.990509,0.9964803199129191,0.9909232921220674,0.01409039264452759,-0.16899174347360071,-0.3604103316801895,8.762189545378137,1.059,0.96,0.047
0.0123,0.052246,-0.006104,1.371094,3.998108,2.916931,63.089142,0.9967729592714126,0.9909453546241818,0.014091555829838903,-0.1239295200302132,-0.35657809700994686,9.534591301980532,1.059,0.96,0.0631
0.012,0.02417,0.055176,1.417969,3.113098,-1.569153,62.051544,0.99684918219534,0.9909518931136008,0.014093190872918616,-0.0581558597571454,-0.3911506015595827,10.277311007648231,1.059,0.96,0.0745
0.0114,-0.048828,-0.080566,1.188232,0.244446,-1.59967,60.34256,0.9969934545081943,0.9909863598944088,0.014092462188903978,-0.10811544154480976,-0.3827128942803185,10.968091076268852,1.059,0.96,0.089
0.0123,0.052734,0.047852,1.418945,2.685852,1.177429,65.561066,0.9971187802907538,0.9909941023062889,0.01409416164473401,-0.051304398549741545,-0.39942586044736583,11.771094919107835,1.059,0.96,0.102
0.012,-0.082275,-0.06543,1.308105,3.479309,-6.879211,66.232452,0.9972820569697561,0.9910460251741492,0.014094138839282504,-0.050837350802995486,-0.4372991816119863,12.570460152215299,1.059,0.96,0.1133
0.0119,-0.022705,-0.032227,1.283691,0.915833,-2.881409,69.650421,0.9972639156074169,0.9910434853921501,0.014093372343861307,-0.06240202118847433,-0.4613399164379398,13.40028227654587,1.059,0.96,0.1295
0.0124,0.021484,-0.05127,1.402344,3.357239,0.506042,72.641144,0.9973502168994627,0.9910460505408665,0.014092834893947194,-0.05303745843232591,-0.469450847953914,14.299371549316497,1.059,0.96,0.1425
0.0119,0.033936,-0.013672,1.241699,4.8526,-1.965881,68.307648,0.9973814956439289,0.991035612876346,0.01409265957836866,-0.007612002302831423,-0.5173744852413497,15.109610648902219,1.059,0.96,0.1619
0.0114,0.02124,-0.018555,1.384521,0.885315,1.42157,70.413361,0.9973076802354187,0.9910030888854211,0.01409148486432687,-0.012244929835503826,-0.515805537078866,15.910788515585487,1.059,0.96,0.1749
0.0123,0.02417,-0.018555,1.317627,2.136536,-2.576233,67.514191,0.9972646480455827,0.9909767905731793,0.014090553431335764,-0.001767116349835607,-0.5644072506321162,16.739463366731155,1.059,0.96,0.1862
0.0123,0.05542,-0.00415,1.342041,2.83844,1.42157,65.347443,0.9972806071209354,0.9909583346448256,0.014090339959317534,0.025397549031838208,-0.5813915287928579,17.539638079949615,1.059,0.96,0.2024
0.0118,0.0271,0.008789,1.414795,0.152893,0.292419,68.246613,0.997258144920403,0.9909425088413267,0.014090219290178719,0.026135571840593064,-0.5949171511502253,18.343171745924245,1.059,0.96,0.2137
0.0117,-0.006592,0.065186,1.29248,0.519104,1.116394,66.598663,0.9970800275845315,0.9908983523628492,0.0140900441855296,0.06516456401064656,-0.5810480276542302,19.122115119933547,1.058,0.96,0.2331
0.0126,-0.02832,0.01001,1.358887,0.274963,-3.430725,68.490753,0.996980811426486,0.9908750234991959,0.014089490890444131,0.06720337689301024,-0.6111467512357914,19.9863385146481,1.059,0.96,0.2445
0.0117,0.056152,0.077393,1.390869,-1.281433,-3.217102,68.368683,0.9970296807073697,0.990892784828573,0.014091576710705003,0.08785782101399896,-0.6816857590404477,20.78301723922274,1.059,0.96,0.2574
0.0117,0.080322,0.002197,1.409424,1.06842,-1.782776,63.546906,0.9970751826675072,0.9908910988315522,0.014091807206233818,0.09414897829137861,-0.7478431569021579,21.522809798681884,1.059,0.96,0.2736
0.0127,-0.04126,0.005615,1.109131,2.044983,-0.989319,64.706573,0.9970599555407447,0.9908981569896257,0.014092111348262801,0.11526617358503254,-0.7357580494691103,22.34664990173858,1.059,0.96,0.2866
0.0113,0.005615,-0.026855,1.435547,0.274963,-0.226379,64.035187,0.9970660084602297,0.9908939801844402,0.014091616439148663,0.09613189802429258,-0.7429554777215901,23.07020022795692,1.059,0.96,0.3028
0.0124,0.040771,-0.018066,1.368896,1.465149,-0.775696,60.373077,0.9970687955357865,0.9908815286628644,0.014091074441552102,0.09597819810557325,-0.777101585557921,23.817075328379985,1.058,0.96,0.3141
0.0125,0.02002,0.058594,1.329102,2.563782,1.66571,62.143097,0.9969884825172449,0.9908553168414067,0.014091216122782373,0.15275872874136864,-0.7699032089538191,24.592403938655934,1.058,0.96,0.3271
0.0115,-0.018066,-0.009521,1.350342,-0.518494,1.726746,62.967072,0.9968522244138122,0.9907952259431909,0.014089148380349525,0.13301939052533818,-0.7422552037905883,25.31742280432712,1.058,0.959,0.3416
0.0122,0.096924,0.012451,1.205078,0.732727,2.245544,64.279327,0.9968280682199187,0.9907592054761426,0.014088366801005812,0.14142155740393625,-0.7797351259591663,26.096857735968776,1.058,0.959,0.3513
0.0116,0.054199,0.026855,1.311768,0.641174,0.750183,64.279327,0.9967630722431233,0.9907200070528169,0.014087601405959745,0.15565741976608097,-0.8049859728081384,26.83980867253399,1.058,0.959,0.3708
0.0125,0.067871,-0.055664,1.217285,-1.800232,1.024841,66.537628,0.9967438160873999,0.9906832497230615,0.014085414136444128,0.088420711516857,-0.8377129943284397,27.669562968159955,1.058,0.959,0.3837
0.012,-0.018311,-0.039307,1.532959,-0.701599,1.360535,67.605743,0.9966788265426639,0.990650007702536,0.014083850363338164,0.05026760017117344,-0.8122281804955872,28.482336158709685,1.058,0.959,0.3951
0.0115,0.062988,0.016113,1.340088,3.143616,-1.325012,63.48587,0.9966878009945446,0.9906409678929856,0.014083837803656497,0.0870216784903491,-0.8639711271393351,29.20933271193028,1.058,0.959,0.4112
0.0121,0.031006,-0.0354,1.177246,0.702209,-0.043274,64.737091,0.9968496252779531,0.9907179371549595,0.014085629136001636,0.06292089992463644,-0.8864263200784542,29.99196797813866,1.058,0.959,0.4226
0.0122,0.071777,-0.033936,1.390381,1.190491,-2.179504,66.079865,0.9969169745315314,0.9907371083573003,0.014085810868863135,0.048083298198211895,-0.9519420171621545,30.79591600752562,1.058,0.959,0.442
0.0121,-0.060059,-0.007324,1.294678,2.71637,-5.292297,66.873322,0.9968724340734717,0.9907243486557963,0.014085298845163862,0.06479630143684494,-0.9795537509724965,31.60824843745748,1.058,0.959,0.4517
0.0116,0.053955,0.001465,1.370605,1.892395,1.024841,65.225372,0.9969698225281893,0.9907729621164215,0.014087056065050927,0.07655271640426989,-0.9968409260025282,32.36258256569404,1.058,0.96,0.4631
0.0123,0.091064,-0.031494,1.275879,1.007385,1.268982,67.910919,0.9970765603219641,0.9908145558325879,0.01408822872901807,0.05778295048296895,-1.0353058789888017,33.194520935734985,1.058,0.96,0.4825
0.0123,-0.013184,0.054199,1.354248,1.098938,2.794861,67.239532,0.9970062721988074,0.9907769221179734,0.014087857118784004,0.08924443563132686,-0.9922962446587206,34.02081331333578,1.058,0.959,0.4938
0.0112,-0.020752,0.006836,1.227539,2.289124,1.268982,62.265167,0.9970582693538813,0.9908192332944737,0.014089250911058258,0.10899272333881078,-0.965418132894031,34.71906278754372,1.059,0.96,0.51
0.0127,0.050781,0.01123,1.307129,2.136536,1.970886,64.615021,0.9972845857500934,0.9909647871685082,0.014094083276864572,0.13050339447466167,-0.9706126321799015,35.53732830997651,1.059,0.96,0.523
0.0117,0.112305,0.014893,1.493408,2.319641,1.055359,60.434113,0.9973174236981023,0.9909653937735687,0.014094926386993055,0.1542068465392325,-1.0147753401747175,36.24010743877188,1.058,0.96,0.5311
0.0123,-0.096924,-0.071045,1.074951,2.380676,0.750183,59.427032,0.9971012854467959,0.99082737457004,0.01408904760592752,0.12194220594219715,-0.9392778023553257,36.978818520149204,1.058,0.96,0.5505
0.0116,0.022461,-0.002197,1.331299,2.472229,-1.111389,64.584503,0.9973128138564339,0.9909803131477053,0.014093364931107683,0.13824233830490926,-0.9653884672575168,37.72714407303123,1.059,0.96,0.5618
0.0124,0.092773,-0.084961,1.403564,1.373596,1.146912,59.915314,0.9975193302147182,0.9910982961149687,0.014096346996596348,0.09792379253739074,-1.001402785943974,38.4683791619524,1.059,0.96,0.5748
0.0123,0.010742,0.028809,1.343994,1.465149,1.177429,60.617218,0.9973593489618983,0.990972242328716,0.014093309097958256,0.12100319330774963,-0.9925246882350403,39.21280291676009,1.058,0.959,0.5845
0.0119,-0.014893,0.04248,1.21875,1.282043,-0.287415,57.138214,0.9973755579035913,0.9909986573192405,0.014094564367971033,0.15275581932642848,-0.9870172724372835,39.89225568611586,1.059,0.96,0.5974
0.0116,-0.000732,-0.161865,1.335449,1.190491,0.231384,60.617218,0.9975108746878141,0.9910853274541002,0.0140947563611251,0.06383570960604923,-0.9840938424878535,40.59999089001418,1.059,0.96,0.6136
0.0115,0.070557,0.137207,1.404785,2.777405,0.445007,57.44339,0.9975458488717057,0.9911095218752547,0.014097819428117048,0.15994739353376403,-1.0157059683779972,41.25388292595987,1.058,0.959,0.6217
0.012,-0.111084,0.010254,1.244629,3.204651,-2.911926,49.63089,0.9973852943661078,0.9910089258266355,0.014094271123995418,0.19483924817564965,-0.9827933411242296,41.85457059172277,1.058,0.959,0.6347
0.0122,0.071533,0.108887,1.386963,1.404114,-1.935364,49.295197,0.9974283231314366,0.9910582898889588,0.014097330818830809,0.26153375284274316,-1.0452882094804796,42.45082500467284,1.058,0.96,0.6476
0.0121,-0.038086,-0.227295,1.215088,1.007385,1.207947,54.055939,0.9978383614405382,0.9913757791423798,0.014102603930381144,0.1228278958278969,-1.0090120075009812,43.11278847397885,1.058,0.96,0.6574
0.0121,0.095459,0.224121,1.514893,3.265686,1.787781,52.621613,0.9977288546975046,0.9912951791534546,0.014103754538860517,0.26267300124779447,-1.033272218790519,43.74141963460677,1.058,0.959,0.6687
0.0119,-0.147461,0.009766,1.108643,1.251526,-0.745178,46.945343,0.9973018222879196,0.9909367082795261,0.014093307949319159,0.27453452289509767,-0.9436256974678383,44.30685434803618,1.058,0.959,0.6768
0.0121,-0.031982,0.021729,1.45874,0.06134,-2.942444,49.356232,0.9970891934936597,0.9907464800412306,0.014088875146557876,0.2763322126042923,-0.9628650995309765,44.90498745577874,1.058,0.959,0.6946
0.0123,0.224854,-0.085938,1.178467,2.441711,1.848816,55.185089,0.9972766098124032,0.9908199406587276,0.014091168192369007,0.24126224427770115,-1.0841097150057757,45.575969815172805,1.058,0.959,0.7059
0.0122,-0.057861,0.039307,1.516846,1.587219,1.574158,50.699005,0.9970807383959114,0.9906475401458069,0.014086746586487345,0.26859303877203544,-1.0347895359648096,46.19620165384446,1.057,0.959,0.7108
0.0114,-0.038574,0.001953,1.093018,2.624817,0.322937,44.412384,0.9968411805701994,0.9904130444447368,0.014080889141038857,0.2910129430746428,-1.0062648481187566,46.70445207619971,1.057,0.959,0.727
0.0124,0.07959,0.009766,1.350098,5.279846,2.398132,49.051056,0.996778050242064,0.9903249447485298,0.014078800868188072,0.35051907217563294,-1.0230609148222298,47.30977574877603,1.057,0.959,0.7383
0.0122,0.010986,-0.121094,1.383545,3.509827,-0.104309,50.76004,0.9966871701380633,0.9901727748644246,0.014074016656582462,0.31427514379331395,-1.0318950636546924,47.93163237134615,1.057,0.958,0.7448
0.0115,-0.004639,-0.003418,1.150391,-0.152283,-4.37677,53.842316,0.9966388346683587,0.9901204867858017,0.014072730772281444,0.2988016897526508,-1.081068258550255,48.55109053892633,1.057,0.958,0.7594
0.0122,-0.056641,-0.185303,1.465332,2.289124,2.30658,56.772003,0.9968198290614221,0.9902740937864591,0.014075105760163626,0.217478816711529,-1.0242841112543861,49.25022268595388,1.057,0.958,0.7691
0.0123,0.149902,0.036377,1.277588,3.265686,-0.989319,56.161652,0.9967005534343717,0.9900695757334699,0.014070414919657603,0.266970273635535,-1.125877691511319,49.93208007645293,1.057,0.958,0.7853
0.0113,-0.10791,-0.151611,1.311279,1.800842,4.656433,62.173615,0.9964156589223204,0.9897331343814136,0.01406101868416024,0.1865288002032987,-1.0120868129084994,50.644844151503115,1.057,0.958,0.795
0.0123,-0.00415,-0.079102,1.310547,1.83136,1.66571,65.835724,0.9963253090449078,0.9895900133718397,0.014057072410764725,0.14953085117211792,-0.9902320613651682,51.45664598108954,1.056,0.958,0.8063
0.0125,0.140381,-0.026855,1.452148,2.655334,4.229187,62.448273,0.9963273444960451,0.9894729151802044,0.014053534056360647,0.15626282786209342,-1.0109461712527699,52.22983488927789,1.056,0.958,0.8225
0.011,-0.083984,-0.092041,1.286621,2.71637,0.567078,67.941437,0.9961888830561344,0.9893331481245503,0.014050190995434359,0.11960455482647768,-0.9556484813294189,52.98527948357615,1.056,0.958,0.8338
0.0124,0.052002,-0.056885,1.257568,3.204651,1.2995,66.659698,0.9962180517079892,0.9892863691490316,0.014048299041823534,0.11252112333500648,-0.9722350412583839,53.80915895165445,1.056,0.958,0.8516
0.0123,0.070068,-0.044922,1.307129,2.411194,4.107117,69.04007,0.9962645697575111,0.9892500576053298,0.01404667690368213,0.1033507280648301,-0.9634729734410595,54.654252027880695,1.056,0.958,0.8646
0.0114,-0.104004,-0.099854,1.307617,2.044983,-0.928284,72.671661,0.996173152505776,0.9891992599306755,0.01404539545378873,0.05627678321226318,-0.9138475679435477,55.49291704869915,1.056,0.958,0.8759
0.0123,0.079834,-0.057129,1.185791,1.648254,-4.224182,76.08963,0.9963237469018048,0.9892717880258348,0.014045756764227752,0.026966888941171947,-1.0174918949834275,56.422626190215354,1.056,0.958,0.8954
0.0123,0.050049,-0.087891,1.298828,1.06842,5.083679,77.951202,0.9963958146769412,0.9892682300748092,0.014044667556003395,-0.025408836379281898,-0.983572626910047,57.37898389782436,1.056,0.958,0.9083
0.0122,-0.071777,-0.010986,1.304688,3.235168,-0.104309,77.462921,0.9963036383489787,0.9892337669622869,0.014044215698699807,-0.005840180007737638,-0.9410148914036678,58.3308649990306,1.056,0.958,0.9294
0.0115,0.017822,-0.02417,1.390381,2.502747,-0.531555,77.737579,0.9963502275172719,0.9892751566767167,0.014044783337090791,-0.0025828839693453585,-0.9552844834507089,59.22396039849416,1.056,0.958,0.9423
0.0125,0.024658,-0.013184,1.321533,3.631897,0.963806,73.404083,0.9963716848462588,0.9892685617052639,0.01404449875001875,0.02241218730177279,-0.9565177783879968,60.13975517757038,1.056,0.958,0.9553
0.0114,0.040039,0.029053,1.311279,6.286926,5.602478,71.29837,0.9964445761081258,0.9893547230181903,0.014046391665368098,0.09977477236418417,-0.9160866071938285,60.948911353641925,1.056,0.958,0.9747
0.0122,-0.015381,0.048584,1.455811,3.387756,1.635193,66.568146,0.996399835970062,0.9893404630480552,0.014046598127912847,0.15489374715683704,-0.8881417479251019,61.761983953938895,1.056,0.958,0.9876
0.0121,0.021973,0.082031,1.252197,2.502747,0.078796,62.997589,0.9963351783547602,0.989264912907901,0.01404600481834166,0.22432754488545523,-0.902562864395826,62.52155807924435,1.056,0.958,1.0055
0.0122,0.053467,0.025391,1.230469,4.822083,1.574158,65.927277,0.9963897956289052,0.9893093451328148,0.014046860130737185,0.2864553478004628,-0.9200252774071205,63.32144706320925,1.056,0.958,1.0184
0.0116,0.020996,-0.001709,1.449463,3.021545,3.466248,61.898956,0.9963635561287989,0.9892280094341452,0.01404531025836498,0.3085484280534137,-0.8932945560088175,64.03857467639172,1.056,0.958,1.0281
0.0123,0.024658,-0.004639,1.256348,0.702209,-1.35553,61.929474,0.9963449388752682,0.9891451662704314,0.014043708262793143,0.30203195607763156,-0.9286121572292545,64.79855753804236,1.056,0.958,1.0443
0.0116,0.023926,0.0271,1.301758,3.235168,3.5578,63.211212,0.9963943415346221,0.9892407845384927,0.014045573064950691,0.3431659075690375,-0.9048813631732325,65.53006710037646,1.056,0.958,1.0557
0.0122,0.054443,-0.038086,1.307373,1.983948,1.970886,62.539825,0.9964617081643549,0.9892568453261359,0.014045353560892758,0.33226755619382087,-0.9167743301387453,66.29010457913813,1.056,0.958,1.0735
0.0123,0.008301,-0.084473,1.246094,0.94635,0.963806,66.446075,0.9964776436627865,0.9891832877012093,0.01404324715866986,0.27859757654239026,-0.9144235135145362,67.10846240670392,1.056,0.958,1.0848
0.0122,-0.061279,-0.041016,1.352051,3.906555,-1.35553,65.408478,0.9964290224369214,0.9891378290190236,0.014042280866085971,0.28956748117265546,-0.8991123649392648,67.91180834842514,1.056,0.958,1.0961
0.0114,0.045898,-0.086426,1.289307,3.479309,-2.271057,70.138702,0.9965172476076767,0.9891490024345119,0.014041616465117712,0.26493709458729653,-0.9555245911066328,68.70884407406494,1.056,0.958,1.1123
0.0121,-0.002686,-0.076904,1.300049,1.95343,4.381775,70.382843,0.9965394753247099,0.9891142415821935,0.014040355172774677,0.22947494699732443,-0.9042811860725792,69.56212059040786,1.056,0.958,1.1253
0.0125,-0.108643,-0.006104,1.42627,4.577942,0.322937,69.803009,0.9964143540094055,0.9890194883883917,0.014038942838681422,0.2693384925205724,-0.8444810465498758,70.44364801928867,1.056,0.958,1.1447
0.0113,0.03833,-0.092529,1.237061,3.326721,0.872253,72.091827,0.9965180765601565,0.9890329006436757,0.014038268030622155,0.23788768231887467,-0.8627245363529206,71.2551723168272,1.056,0.958,1.1577
0.0124,0.017578,-0.004395,1.377197,2.655334,2.001404,72.702179,0.9965403432862475,0.9890452935280166,0.014038417396976042,0.25488842983817706,-0.8510835665303722,72.1554348343939,1.056,0.958,1.1674
0.0124,-0.017334,0.012207,1.19043,4.516907,-0.806213,70.138702,0.9965085231406133,0.9890252925363672,0.014038233448775486,0.3056441432515957,-0.8546728446958003,73.02675637542097,1.056,0.958,1.1836
0.0112,0.068359,-0.061035,1.389893,1.770325,1.54364,71.237335,0.9965977121988875,0.9890022805960553,0.014037362156308969,0.2795215279126644,-0.8786384258302381,73.81929483200369,1.056,0.958,1.1981
0.0126,-0.002686,0.002197,1.340576,1.526184,-2.515198,71.359406,0.996556249325755,0.988876761197709,0.014035379032133656,0.2856523264710521,-0.9121908095824057,74.71873878158685,1.056,0.958,1.2176
0.0118,-0.025391,0.077393,1.351318,4.913635,-1.447083,68.216095,0.9964950210984642,0.9889094840239799,0.014036512360998414,0.3736082960334597,-0.9179333278812757,75.52581922663174,1.056,0.958,1.2289
0.0119,0.036377,-0.07373,1.373779,2.746887,0.109314,71.389923,0.9966079365206925,0.989053693516711,0.014038391650500743,0.3502219444951975,-0.9412431934781363,76.37277471123505,1.056,0.958,1.2418
0.0117,-0.020508,-0.021484,1.2854,0.94635,-2.454163,71.328888,0.9965934775406312,0.9890117105501877,0.014037520453680005,0.3337296995924232,-0.9615423362143293,77.20930794537335,1.056,0.958,1.2564
0.0123,-0.032471,-0.03833,1.235352,3.418274,-1.294495,72.885284,0.9965912284316556,0.989007745396319,0.014037169026368089,0.33597791686553535,-0.9617822015573774,78.10895033479015,1.056,0.958,1.2678
0.0123,0.044922,-0.071289,1.454346,2.014465,4.870056,74.777374,0.9966814512793559,0.9890590471077858,0.014037707049337461,0.307181605793455,-0.9293618695274625,79.02547681691637,1.056,0.958,1.2872
0.0113,-0.00293,0.01123,1.295654,2.106018,1.818298,71.511993,0.9966684794252465,0.9890482374069497,0.014037588928286441,0.32407647207266627,-0.9107717510939151,79.83417931583196,1.056,0.958,1.3001
0.0122,-0.016357,0.034912,1.321289,3.753967,0.567078,69.955597,0.9965989016668949,0.9888756929548317,0.014035015273927288,0.3755411651883066,-0.8985932807315293,80.6895265974513,1.056,0.958,1.3131
0.0122,0.036377,-0.061768,1.174561,2.258606,-2.789856,72.549591,0.9966665302111187,0.9887732742518471,0.014032909864994426,0.3477904913594809,-0.9621264531621119,81.5704637147632,1.056,0.958,1.3309
0.0124,0.108154,0.015869,1.38501,2.289124,2.153992,67.971954,0.9967440316703787,0.9887902610005159,0.014033269642401903,0.36972805402696174,-0.9985265012992178,82.40467245276217,1.056,0.958,1.3422
0.0112,-0.017578,0.049805,1.373291,3.540344,-1.843811,63.48587,0.9966941638864132,0.9887599019302643,0.014033002753796502,0.42303407521314945,-1.011766133454384,83.11750298027127,1.056,0.957,1.3617
0.0122,0.001953,-0.051514,1.241943,1.70929,-1.233459,66.293488,0.9967389615054147,0.9888149434749335,0.014033685275272665,0.3961683798770211,-1.03247336487331,83.92620133639878,1.056,0.958,1.373
0.0124,0.038086,0.046387,1.300049,1.159973,0.048279,61.258087,0.9967464537967159,0.9889146711511541,0.01403575357123874,0.4227269941843082,-1.0574610958100559,84.68299236509606,1.056,0.958,1.3811
0.0122,0.01709,0.042236,1.471191,2.71637,-0.714661,58.816681,0.9967254154428493,0.9888588916039943,0.014034877906285857,0.46233968665871583,-1.0770549190678156,85.39985135905235,1.056,0.958,1.3989
0.0113,0.019775,0.036377,1.264648,2.71637,-1.996399,60.891876,0.9967066013716136,0.9887749136188476,0.014033421328664562,0.4997617018749156,-1.1147047239051664,86.08658061577349,1.056,0.958,1.4119
0.0124,0.033691,0.012451,1.323975,0.82428,3.954529,58.603058,0.9967131771282832,0.9886788530319678,0.014031526264330022,0.5008486413976464,-1.0888841814989925,86.81155221898699,1.056,0.957,1.4264
0.0123,0.018799,-0.037842,1.213867,3.143616,0.750183,58.938751,0.9967490625521858,0.9886047289120551,0.014029897634924852,0.49937793520946333,-1.0960937429478166,87.53536420937837,1.056,0.958,1.4378
0.0113,0.02832,0.02124,1.458984,2.868958,-0.775696,57.290802,0.9967530190405028,0.9886284612616139,0.014030369336918801,0.5275181442329214,-1.1216893452312595,88.18128085743474,1.056,0.958,1.4475
0.0123,0.051514,-0.113281,1.142334,1.312561,-0.47052,59.396515,0.9968694074111295,0.9885927478574297,0.014029108123584473,0.45176280611960934,-1.1666278982211158,88.90779674017034,1.056,0.957,1.462
0.0122,0.014893,0.008545,1.425537,4.089661,0.445007,59.671173,0.9968702465101967,0.988515032029683,0.01402752504151025,0.4888660082552233,-1.170989585363683,89.6353883729157,1.056,0.957,1.475
0.0113,0.018311,-0.023193,1.290039,4.669495,2.886414,57.687531,0.9968960853154664,0.9884822451716283,0.014026747647073842,0.5119923995890253,-1.1519405157414053,90.28663367651262,1.056,0.957,1.488
0.0122,-0.012695,-0.014404,1.289307,4.73053,-4.987122,51.156769,0.9968939746153593,0.9888132461696502,0.014033316983500608,0.545239220438041,-1.207218239969896,90.91196608056687,1.056,0.958,1.4912
0.0124,0.276611,0.13623,1.32251,3.998108,-1.752258,42.7034,0.9969726249047932,0.9892020763321522,0.01404296772190774,0.6556429115039822,-1.3828372284951438,91.4198614683459,1.056,0.958,1.496
0.0115,0.157227,0.12207,1.482666,5.890198,2.184509,34.738312,0.9969809562070792,0.9895878579708468,0.014053243909185399,0.7708511958750824,-1.4357908897827285,91.80848807719583,1.056,0.958,1.5041
0.0122,-0.142578,0.030762,1.15918,1.221008,0.353455,38.125763,0.99688903725594,0.9897716654843653,0.014056525008930485,0.7892412546922154,-1.3395494225313966,92.284585360832,1.056,0.958,1.5106
0.0123,0.003174,0.097656,1.344727,3.235168,-3.339172,28.604279,0.9968436758042085,0.9896606732347109,0.014053897052221065,0.8701666992875436,-1.3813756176193903,92.63510167013042,1.056,0.958,1.509
0.0114,0.257812,0.219482,1.376465,3.448792,4.747986,13.833771,0.9968259153462394,0.9895915509633222,0.014053023777823958,1.0151623567612864,-1.4602915510113832,92.77751269142757,1.056,0.958,1.5106
0.0125,0.104736,0.182373,1.262695,0.976868,2.855896,2.786407,0.9967695056460717,0.9896776094228247,0.014055313430601889,1.1267031971120631,-1.4813117858254314,92.80341519494769,1.056,0.958,1.5122
0.0123,-0.062988,0.197266,1.270508,-1.769714,1.726746,-5.575409,0.9966686817326632,0.9900877648803125,0.014065456634320682,1.2145341209078533,-1.4153909683775754,92.73158485427706,1.056,0.959,1.5122
0.0112,-0.001465,0.187012,1.398682,-0.335388,2.245544,-10.214081,0.9965810394533763,0.9904514636960103,0.01407423532456914,1.3043406299578462,-1.380711405165656,92.61344749730925,1.056,0.959,1.5106
0.013,-0.051025,0.056396,1.226074,-1.708679,-0.897766,-11.465302,0.9965525964367562,0.9907549528610842,0.014080959780574295,1.3104184240924983,-1.3520484287829189,92.46388981581013,1.056,0.959,1.5106
0.0114,-0.004395,-0.018555,1.27002,-1.434021,-1.660706,-10.610809,0.9965638616342202,0.9909626591248694,0.01408574249478604,1.2750899830536193,-1.3603241534152737,92.34357031886232,1.056,0.959,1.5106
0.0117,-0.029541,-0.065186,1.370361,-0.671082,0.353455,-8.108368,0.9966032261715065,0.9910529239372265,0.014087461533605275,1.2225819069208235,-1.3319170673192815,92.25120369227768,1.056,0.959,1.509
0.0126,-0.049072,-0.050293,1.302002,0.305481,1.116394,-6.796112,0.996634237136658,0.9911662668992925,0.01408926782082634,1.1888470999719758,-1.282330366906081,92.16835864963473,1.056,0.959,1.509
0.0129,-0.033447,-0.068604,1.319824,0.06134,1.879333,-3.896942,0.9966758260871569,0.9912201483820129,0.01408980461381338,1.141287202990068,-1.233265640894271,92.12089972920236,1.056,0.959,1.509
0.0105,-0.084717,-0.080322,1.307861,0.885315,0.506042,-1.760712,0.9967181802214221,0.9912423966398446,0.014088609276157616,1.0950504266490613,-1.1743313391561836,92.10635065574587,1.056,0.959,1.509
0.0122,-0.082031,-0.080566,1.287109,1.312561,-0.714661,1.077423,0.996759352252032,0.9912806696768844,0.014087603583218755,1.0544169553931442,-1.1314202781058835,92.12301200435806,1.056,0.959,1.509
0.0124,-0.042236,-0.049316,1.3125,0.763245,-1.294495,2.969513,0.9967868286517867,0.9913387188683429,0.014087711250859314,1.0260970432045744,-1.120321226333804,92.16149949519718,1.056,0.959,1.509
0.0121,-0.050537,-0.038086,1.294678,0.335999,-0.195862,5.990753,0.9968032547421685,0.9914017523709536,0.01408767933291199,0.9983114881828992,-1.091278147295059,92.23625310594686,1.056,0.959,1.509
0.0122,-0.033203,0.013184,1.343018,0.549622,1.54364,6.936798,0.9967885208471211,0.991473845802997,0.014088205379594494,1.003145260663862,-1.0523022244454325,92.3228995601278,1.056,0.959,1.509
0.0113,-0.014893,0.003906,1.322266,-0.274353,0.261902,7.028351,0.9967864025013551,0.9915357133626991,0.014088894419611097,0.9931634091892023,-1.039796894331424,92.40314347826047,1.056,0.959,1.509
0.0126,-0.005859,-0.012207,1.313721,0.152893,-0.34845,6.021271,0.996798703714752,0.9915960334102688,0.014089734340562371,0.9789751835061185,-1.0398844023639604,92.47914087930363,1.056,0.959,1.509
0.0114,-0.010254,-0.001709,1.309814,0.885315,-1.080872,3.732452,0.996801998177897,0.9916497839460363,0.01409035218675707,0.9797474559073364,-1.0446896768964946,92.52199509454455,1.056,0.959,1.509
0.0128,0.002686,0.016357,1.331543,0.763245,-0.501038,3.183136,0.9967961005696171,0.9917219136172062,0.014091634382702474,0.990570641119098,-1.0509426719788326,92.56272978641418,1.056,0.959,1.509
0.0111,0.011719,0.004395,1.33374,0.366516,-0.47052,3.579865,0.9968023589115234,0.9917777998831364,0.014092839375341506,0.9887745584767311,-1.0611078790302961,92.60195292552825,1.056,0.959,1.509
0.0123,0.062988,0.033936,1.299805,0.854797,0.078796,2.115021,0.9968041495443624,0.991858379600099,0.014095869881455775,1.0110914533096724,-1.0952282830007927,92.62544312964164,1.056,0.959,1.509
0.0122,0.032959,0.008057,1.322021,0.030823,0.383972,0.192413,0.9968136779984009,0.9919229239519683,0.014097828454748142,1.008266672797683,-1.1068989377865908,92.62660823614382,1.056,0.959,1.509
0.0124,0.023926,0.015381,1.313965,0.152893,0.811218,-0.570526,0.9968153472568638,0.9919925174278388,0.014099680129806492,1.0114594307958116,-1.1078881505961136,92.61887205115185,1.056,0.959,1.509
0.0115,0.004639,0.028809,1.331543,0.030823,1.116394,-1.058807,0.996802801031458,0.9920638416114146,0.014101058525023667,1.0207444231591585,-1.0946445362983366,92.60696361357668,1.056,0.959,1.509
0.0123,0.003662,0.003174,1.296875,-0.579529,0.231384,-0.692596,0.9968064830022558,0.9921136313789555,0.014101985607546403,1.0078583634997356,-1.0912268999789516,92.59850791778479,1.056,0.959,1.509
0.0123,0.001953,0.009277,1.332031,-0.213318,0.53656,-1.730194,0.996805731346411,0.992166642191767,0.014102917862508387,1.0031841110895505,-1.082635993085772,92.57745227832221,1.056,0.959,1.509
0.0114,0.000488,-0.005371,1.318604,0.671692,0.139832,-3.011932,0.9968151150580974,0.9921794415888668,0.014103038555112345,1.0005642152834615,-1.0781187317369016,92.54327828897716,1.056,0.959,1.509
0.0123,0.003418,-0.02002,1.315674,-0.030212,-0.012756,-2.706757,0.9968341209226058,0.9921866699374611,0.014103123871180751,0.9814831205928549,-1.0771334303206008,92.50996095938181,1.056,0.959,1.509
0.0118,-0.006836,-0.020508,1.309082,0.488586,-0.104309,-1.577606,0.9968496436328967,0.9921929747090179,0.014102910656754805,0.9680766990670514,-1.0715442007462144,92.49175933454738,1.056,0.959,1.509
0.0124,-0.02124,0.001709,1.330322,0.519104,0.445007,-0.692596,0.9968461109339268,0.9922123757878077,0.014102567030859242,0.968200596798821,-1.0511295685781887,92.48440307958903,1.056,0.959,1.509
0.0113,-0.036865,-0.007812,1.30957,0.06134,0.41449,-0.14328,0.9968426075544333,0.992225298439557,0.014101662032066083,0.9570225963802897,-1.022720314272631,92.48466164476184,1.056,0.959,1.509
0.0121,-0.032959,-0.010742,1.313721,0.305481,0.170349,0.161896,0.9968423006087591,0.9922386168043212,0.014100872205536767,0.9471683247013418,-0.9995705119634691,92.4882038554695,1.056,0.959,1.509
0.0121,-0.029053,-0.016357,1.317627,0.213928,-0.378967,1.046906,0.996847076864605,0.9922492546465046,0.014100138691482359,0.9328879021083328,-0.9857101954547054,92.50207412253852,1.056,0.959,1.509
0.0121,-0.020264,-0.024658,1.32666,0.000305,0.017761,2.145538,0.996860609171785,0.9922558218035987,0.01409957527438021,0.911233545032798,-0.9725783049484769,92.52876494013697,1.056,0.959,1.509
0.0121,-0.01001,-0.014404,1.316162,0.519104,0.567078,3.091583,0.9968715410555771,0.9922674182271628,0.014099397704399835,0.901691052862423,-0.9591030958533776,92.56658963352375,1.056,0.959,1.509
0.0121,0.003906,-0.008545,1.31665,0.366516,0.689148,2.908478,0.9968847048992694,0.9922813396828915,0.014099657901974674,0.8938703714128737,-0.9523445819488208,92.60155981394242,1.056,0.959,1.509
0.012,0.008789,-0.012695,1.315918,0.549622,0.017761,1.99295,0.996902685076502,0.9922927926632913,0.014100006692948343,0.8860471693592225,-0.9563633180561765,92.62482219910142,1.056,0.959,1.509
0.0121,0.006104,0.009521,1.322998,1.037903,0.017761,0.833282,0.996904647846779,0.9923157158319229,0.014100492967620615,0.8972996524555168,-0.958486120069186,92.6346838687872,1.056,0.959,1.509
0.0121,-0.000244,0.013916,1.315186,0.610657,0.048279,0.375519,0.9969010645888332,0.9923352164045784,0.014100751905280986,0.9060157985848455,-0.9565148683482134,92.63939822724238,1.056,0.959,1.509
0.0114,0.003418,0.013184,1.315918,0.122375,0.078796,0.375519,0.9968997913405461,0.9923530008344882,0.014101083894865482,0.9082811739962183,-0.9563732623647346,92.64365001568424,1.056,0.959,1.509
0.0124,0.007568,0.014648,1.318848,0.213928,0.292419,0.100861,0.9968992279838351,0.992378820860071,0.014101666940878142,0.9126424860993118,-0.9558684228623754,92.6447156525031,1.056,0.959,1.509
0.0113,0.001953,0.0,1.314453,-0.457458,0.383972,-0.14328,0.9969050558065451,0.9924015463727472,0.014102029442877804,0.9007900804301646,-0.9514038304998651,92.64304976824867,1.056,0.959,1.509
0.012,0.001221,-0.009033,1.316895,0.152893,0.353455,-0.204315,0.9969156522407278,0.9924279179055293,0.014102421700854328,0.8907618988317749,-0.9466311806168444,92.64049047980468,1.056,0.959,1.509
0.0126,0.003906,-0.007324,1.323975,0.488586,0.109314,-0.631561,0.9969261600502342,0.9924568243383657,0.01410292858375445,0.8861933702636743,-0.9461564652571723,92.63226704608576,1.056,0.959,1.509
0.0116,0.003906,-0.01123,1.31958,0.366516,0.139832,-0.692596,0.9969395275587465,0.9924694993217901,0.01410316468398555,0.8775303065593606,-0.9454814264964804,92.62393305661612,1.056,0.959,1.509
0.0118,0.003662,-0.012939,1.330566,0.854797,0.353455,-1.15036,0.9969543532056685,0.9924642755521103,0.014103093693972548,0.8738762859073146,-0.941978305184813,92.6101054095112,1.056,0.959,1.509
0.012,-0.002197,-0.008789,1.314209,0.671692,0.231384,-1.211395,0.9969643031079773,0.992449681435682,0.01410271719141306,0.8706226562426355,-0.9366029493741439,92.59564320028285,1.056,0.959,1.509
0.013,-0.00415,-0.009521,1.321289,0.213928,0.41449,-1.089325,0.9969734985353693,0.9924346558912485,0.014102283376750388,0.8617388600427683,-0.9275317651592894,92.58169408579502,1.056,0.959,1.509
0.0117,-0.016846,0.001953,1.31665,0.183411,0.231384,-0.387421,0.9969691973315077,0.9924268829986901,0.01410164303109797,0.8588256602782822,-0.913996954481942,92.57814622516922,1.056,0.959,1.509
0.012,-0.021484,0.010254,1.316406,0.06134,0.200867,0.131378,0.9969573798847033,0.9924292136447116,0.014101062025463719,0.859273796010721,-0.8982908040323496,92.58103083825698,1.056,0.959,1.509
0.0122,-0.018066,-0.000732,1.323242,-0.06073,0.078796,0.314484,0.9969540979071942,0.9924263384440679,0.014100489364026613,0.8518255193455081,-0.8862112357274815,92.58580031891812,1.056,0.959,1.509
0.0116,-0.012207,-0.015869,1.320312,0.06134,0.139832,0.528107,0.9969630006888164,0.9924162831442461,0.01409995127243309,0.8371046086961688,-0.8770408128556334,92.59232076156177,1.056,0.959,1.509
0.0122,-0.008301,-0.018555,1.32666,0.122375,0.139832,0.955353,0.9969753299750915,0.9924049054390819,0.014099498727988394,0.8217060615892676,-0.8702041379911487,92.60410696773987,1.056,0.959,1.509
0.012,-0.000977,-0.020752,1.317139,0.366516,0.41449,0.833282,0.9969929280352481,0.9923918403148463,0.014099216956319369,0.8080372824719892,-0.8644592146560436,92.6138181717431,1.056,0.959,1.509
0.0121,0.000977,-0.012451,1.328369,0.732727,0.53656,1.138458,0.9970063962404319,0.9923822794419788,0.014099051193706656,0.8037294983863535,-0.8583748373936267,92.62733982833598,1.056,0.959,1.509
0.0121,0.001953,-0.004639,1.317871,0.702209,0.475525,0.833282,0.997015840210127,0.9923759318613936,0.01409897571439116,0.8036525373512595,-0.8536675681575426,92.63720338398937,1.056,0.959,1.509
0.0119,-0.003418,-0.003418,1.314453,0.671692,0.292419,0.406036,0.99702135679811,0.9923709220217276,0.014098786986341077,0.803868658890044,-0.8480860055442685,92.64212185466569,1.056,0.959,1.509
0.0121,-0.000244,0.011475,1.312988,0.305481,0.200867,0.406036,0.9970200683561998,0.9923717155044679,0.014098789300512997,0.8085024558154896,-0.8454509910824202,92.64712191851687,1.056,0.959,1.509
0.0117,-0.001465,0.009521,1.322021,0.091858,0.231384,0.283966,0.997019248117849,0.9923718287201242,0.014098747108141794,0.8093230062823235,-0.8417845516737391,92.65058052448978,1.056,0.959,1.509
0.012,0.002197,0.004639,1.320557,-0.030212,0.231384,0.406036,0.9970233742813946,0.9923694132642175,0.014098753773489637,0.8058741615148391,-0.8402396197844966,92.65530289106053,1.056,0.959,1.509
0.0123,0.002197,-0.001221,1.320557,0.213928,0.261902,0.161896,0.997030765254359,0.9923646581054121,0.01409871841086628,0.8020716185041259,-0.838233567735864,92.6570716785717,1.056,0.959,1.509
0.0111,-0.000244,-0.010254,1.324951,0.213928,0.261902,-0.601044,0.9970415897833623,0.9923567706070262,0.014098564625037934,0.7929788074030986,-0.8350016656377558,92.65020206839917,1.056,0.959,1.509
0.0122,0.001221,-0.011719,1.323486,0.366516,0.109314,-0.601044,0.9970539151057148,0.992348217228582,0.014098435705816263,0.7852127144309505,-0.834207500934616,92.64254696332097,1.056,0.959,1.509
0.012,0.002686,-0.009521,1.322021,0.610657,0.048279,-0.753632,0.9970657767897523,0.9923403956548158,0.014098356082353785,0.7816440266982329,-0.835001123599999,92.63311648773924,1.056,0.959,1.509
0.0123,-0.000977,-0.008545,1.318604,0.488586,0.567078,-0.326385,0.9970748172797289,0.9923336224041469,0.0140982094489739,0.7772866360284993,-0.8274303862341922,92.62903270943093,1.056,0.959,1.509
0.0123,-0.008057,-0.011963,1.312744,0.305481,0.41449,0.100861,0.9970812263420198,0.992326823273104,0.014097894491494196,0.7686659011735295,-0.8177796586571255,92.63056185753526,1.056,0.959,1.509
0.0119,-0.012939,-0.005127,1.325439,0.152893,0.41449,0.131378,0.9970808067436369,0.9923236342037781,0.014097532363119235,0.7621978319749086,-0.8055408368461193,92.63278956200595,1.056,0.959,1.509
0.0116,-0.013428,0.0,1.313721,-0.030212,0.078796,0.039825,0.9970773406369055,0.9923225634891356,0.014097203499496313,0.7566505206567973,-0.7971195327605832,92.63394594835651,1.056,0.959,1.509
0.0121,-0.011719,0.000732,1.327881,0.030823,0.261902,-0.112762,0.9970746509519725,0.9923214974143543,0.01409692171444944,0.752292513602062,-0.7875035190556946,92.63319338129735,1.056,0.959,1.509
0.0121,-0.008789,-0.000732,1.321777,0.122375,0.109314,0.192413,0.9970746512132659,0.9923194025507858,0.0140966960460264,0.7481932063571445,-0.781564873010052,92.63589369555126,1.056,0.959,1.509
0.0123,-0.006836,-0.011719,1.32251,0.305481,-0.043274,0.497589,0.9970817407169291,0.9923129469968921,0.01409644139560582,0.7399849141662154,-0.7787020967600972,92.64207237417187,1.056,0.959,1.509
0.0113,-0.003174,-0.016113,1.315918,0.366516,0.078796,0.436554,0.997093446163827,0.9923043141454931,0.014096236598506583,0.7297035857304567,-0.7765998867963686,92.64678234886692,1.056,0.959,1.509
0.0129,-0.00293,-0.013672,1.314941,0.519104,0.200867,0.406036,0.997103878643666,0.9922966490409465,0.014096056856481921,0.723444671990223,-0.772983531016052,92.65184079024715,1.056,0.959,1.509
0.0113,-0.004395,-0.006592,1.32251,0.549622,0.292419,0.680695,0.9971094679081068,0.9922919360826419,0.014095896850380285,0.7208711222239568,-0.7678414190982801,92.65956498866694,1.056,0.959,1.509
0.0122,-0.008057,-0.003174,1.32251,0.549622,0.353455,0.680695,0.9971108552995562,0.9922891861229027,0.01409569234697489,0.720778263155937,-0.7596444462060066,92.6681928718528,1.056,0.959,1.509
0.0122,-0.008789,-0.002441,1.325684,0.274963,0.109314,0.467072,0.9971113775517753,0.9922868805349121,0.014095482619384802,0.7178244203360514,-0.754014051446267,92.67422788157081,1.056,0.959,1.509
0.0123,-0.003662,-0.000977,1.323242,0.366516,0.261902,0.467072,0.9971146404311604,0.9922840806163176,0.014095382812878072,0.7168874351608047,-0.7495423405610865,92.68001638740213,1.056,0.959,1.509
0.0112,-0.000244,-0.002441,1.321533,0.213928,0.200867,0.100861,0.9971209307466375,0.9922801210618409,0.014095340191960962,0.7130942348571095,-0.748007566634161,92.68093262504479,1.056,0.959,1.509
0.0121,0.000244,-0.003662,1.318359,0.06134,0.292419,0.161896,0.9971281001630686,0.9922757105553416,0.014095301864700992,0.7069879661312318,-0.7455275194253784,92.68264343237557,1.056,0.959,1.509
0.0121,-0.003418,-0.002686,1.318848,0.122375,0.048279,-0.234833,0.9971321740788511,0.9922724663433629,0.014095203686354552,0.7023025000134305,-0.7438123444527601,92.67977218728825,1.056,0.959,1.509
0.0125,0.000977,-0.00708,1.318848,0.549622,0.353455,-0.234833,0.9971414451539963,0.9922668326934706,0.01409516108758933,0.7004474745592272,-0.7408694017375719,92.67650228213593,1.056,0.959,1.509
0.0121,-0.002686,-0.008789,1.326416,0.458069,0.53656,-0.26535,0.9971489505944461,0.9922614631254967,0.014095044710862235,0.6963227537942693,-0.7337375444036005,92.67319770603338,1.056,0.959,1.509
0.0111,-0.002686,-0.010742,1.314453,0.427551,0.322937,-0.448456,0.9971574301369849,0.9922554822186377,0.01409492177742072,0.6903341661455747,-0.7296017038862191,92.66805302358993,1.056,0.959,1.509
0.0122,-0.00708,-0.009033,1.313477,0.305481,0.170349,0.039825,0.9971619071418626,0.9922511130195637,0.014094735076924122,0.6843180914792399,-0.7245138099225368,92.66866663430845,1.056,0.959,1.509
0.0121,-0.007324,-0.004395,1.323975,0.274963,0.353455,0.436554,0.9971639093590186,0.9922483935386207,0.014094574428576563,0.6806026938086694,-0.7171808929524158,92.67418148653245,1.056,0.959,1.509
0.0123,-0.003662,-0.004395,1.319092,0.213928,0.231384,0.528107,0.9971684992434809,0.9922449050323799,0.014094480444208456,0.6762201420704024,-0.7134910792626356,92.68064272005601,1.056,0.959,1.509
0.0114,-0.00708,-0.007324,1.322998,0.244446,0.231384,0.070343,0.9971720101395711,0.9922413032790484,0.01409431501733043,0.6704243032990539,-0.7079881529567562,92.68158937606003,1.056,0.959,1.509
0.0124,-0.007324,-0.005859,1.319336,0.244446,0.200867,0.131378,0.9971746474369486,0.9922382731020145,0.014094157825051504,0.665758752043625,-0.7025660993784282,92.68339135670217,1.056,0.959,1.509
0.0122,-0.005371,-0.00293,1.313965,0.549622,0.200867,0.283966,0.9971773562471278,0.9922357215948836,0.014094052537798956,0.6664536270749893,-0.6984136727590516,92.68693223656553,1.056,0.959,1.509
0.0117,-0.00415,-0.007324,1.320801,0.427551,0.170349,0.283966,0.997182969647784,0.99223154403349,0.014093944934971086,0.6629151239807798,-0.6954356936473435,92.69017960197918,1.056,0.959,1.509
0.0123,-0.003662,-0.005859,1.321289,0.397034,0.231384,0.406036,0.9971882090098854,0.9922277552432525,0.014093855450014214,0.6601193059483549,-0.6919426815266851,92.69509591548476,1.056,0.959,1.509
0.0123,-0.011475,-0.009521,1.318115,0.641174,0.109314,0.009308,0.9971895676593665,0.992224640716741,0.014093624098603678,0.6582544677275562,-0.6853983849359593,92.69557862409343,1.056,0.959,1.509
0.0116,-0.006592,-0.009033,1.320557,0.213928,0.445007,0.222931,0.9971942280159318,0.9922206077154946,0.014093478205325395,0.6513246738023977,-0.6779989973965542,92.69824404953121,1.056,0.959,1.509
0.012,-0.005127,-0.003174,1.31958,0.244446,0.322937,0.314484,0.997197225864517,0.9922180680745581,0.01409338921633971,0.6482906077509516,-0.6728131415886792,92.70206559492941,1.056,0.959,1.509
0.0121,-0.002686,-0.006104,1.317627,0.244446,0.200867,0.436554,0.9972033382199944,0.9922140917032974,0.014093325396569859,0.6435966410979779,-0.6705529669586276,92.7071669295025,1.056,0.959,1.509
0.0126,0.001221,-0.001709,1.317871,0.397034,0.41449,-0.082245,0.997210303355265,0.9922105085445944,0.014093345418465138,0.6435905521330634,-0.6677483887638198,92.70578059144486,1.056,0.959,1.509
0.0117,0.003906,-0.006104,1.318848,0.274963,0.231384,-0.26535,0.9972210928553406,0.9922050302609163,0.014093383735282392,0.6392961334011839,-0.6689889363707451,92.70206055637786,1.056,0.959,1.509
0.0118,0.000488,-0.006348,1.32373,0.427551,0.353455,-0.082245,0.9972293308228004,0.9922003808944618,0.014093368942874794,0.6366957330527507,-0.6667767459738452,92.70072889749763,1.056,0.959,1.509
0.0119,-0.003418,-0.005371,1.319092,0.458069,0.261902,-0.082245,0.9972342541995819,0.9921969899891302,0.014093302752007058,0.6350883849505805,-0.6633978213608284,92.6996531901417,1.056,0.959,1.509
0.0125,-0.005127,-0.003418,1.316895,0.549622,0.200867,-0.14328,0.9972371001902648,0.9921945782239503,0.014093222712914693,0.6360388982353875,-0.6596620198921472,92.69789662028836,1.056,0.959,1.509
0.0113,-0.002686,-0.005127,1.326416,0.549622,0.383972,0.009308,0.9972424586403728,0.9921910918228944,0.014093170609714538,0.6353227039368309,-0.6555445722172366,92.6978690027298,1.056,0.959,1.509
0.0132,-0.006348,-0.007324,1.320801,0.274963,0.292419,0.222931,0.9972460539562199,0.9921879165570526,0.014093058445422543,0.6307390685257087,-0.6498831968863533,92.70088680581676,1.056,0.959,1.509
0.0114,-0.007324,-0.007568,1.316406,0.244446,0.353455,0.009308,0.9972490390801834,0.99218495561185,0.014092934902525953,0.6252630784643599,-0.6435332244451618,92.70112421485433,1.056,0.959,1.509
0.0123,-0.002197,-0.006348,1.317139,0.274963,0.567078,0.283966,0.9972553749585965,0.9921810617899274,0.01409289260818181,0.6211006247226707,-0.6373463141085407,92.70443735417479,1.056,0.959,1.509
0.012,-0.001221,-0.005127,1.32251,0.274963,0.353455,0.528107,0.9972618452747735,0.9921773123845725,0.014092870300706549,0.6175796099848628,-0.6344934566975313,92.71051776964879,1.056,0.959,1.509
0.0121,-0.002686,-0.006348,1.318604,0.335999,0.41449,0.070343,0.997267713524338,0.9921736274987764,0.01409282433482197,0.6142037176636262,-0.6300191486607788,92.71120123716065,1.056,0.959,1.509
0.0115,-0.003662,-0.010986,1.31543,0.274963,0.048279,0.070343,0.9972746370361045,0.9921690094526374,0.014092745459224277,0.6072798970669748,-0.6294549371119258,92.71180571778613,1.056,0.959,1.509
0.0123,-0.004639,-0.004639,1.32251,0.213928,0.292419,0.192413,0.9972781756372495,0.9921664129935214,0.014092683505380526,0.6035696168407669,-0.6253010005188614,92.71414783940949,1.056,0.959,1.509
0.0122,-0.003906,-0.003906,1.320801,0.152893,0.231384,0.070343,0.9972819614489111,0.9921638514712016,0.014092636443769001,0.5995789807701009,-0.6223721632698814,92.71492869866935,1.056,0.959,1.509
0.0117,-0.002686,-0.002441,1.321533,0.397034,0.109314,0.161896,0.9972860714528974,0.992161370039271,0.014092612428273713,0.5992203398985659,-0.6217145034831268,92.71666398736373,1.056,0.959,1.509
0.0122,-0.00708,-0.00415,1.324463,0.335999,0.170349,0.192413,0.9972875009504272,0.9921596145051086,0.014092524852975144,0.5973292999067502,-0.6177240936634287,92.71914160889187,1.056,0.959,1.509
0.0118,-0.004395,-0.003662,1.323975,0.519104,0.383972,0.131378,0.9972908402500567,0.9921572638317087,0.014092475870229085,0.5977554623814685,-0.612893382921169,92.72066212470251,1.056,0.959,1.509
0.0124,-0.003906,-0.008545,1.318848,0.580139,0.322937,-0.082245,0.9972964869646471,0.9921535174232876,0.01409241413165716,0.5964284845350065,-0.6089158400513401,92.71951009201791,1.056,0.959,1.509
0.0118,-0.005615,-0.003418,1.318115,0.152893,0.231384,0.314484,0.9972988348760922,0.9921515743198529,0.014092354485758006,0.5927081860710902,-0.6052994434652652,92.72325041504948,1.056,0.959,1.509
0.0118,-0.006836,-0.005859,1.319092,0.091858,0.353455,0.375519,0.9973011694484281,0.9921493785895149,0.014092271701942919,0.5868938292548613,-0.5995915488282275,92.72777615493521,1.056,0.959,1.509
0.0119,-0.002441,-0.004883,1.319824,0.427551,0.170349,0.131378,0.9973064820428406,0.9921462640954433,0.014092248230099323,0.5856990935706585,-0.5985783471069026,92.72911988884897,1.056,0.959,1.509
0.012,-0.005859,-0.003418,1.319336,0.671692,0.292419,0.222931,0.9973086836220653,0.9921444076522264,0.014092190055824672,0.5882954775121775,-0.5941421082356243,92.73183889696516,1.056,0.959,1.509
0.012,-0.005859,-0.001709,1.319336,0.152893,0.261902,0.161896,0.997310265093317,0.992142986332446,0.01409214054667943,0.5857016566922522,-0.5901064891909851,92.73383655263305,1.056,0.959,1.509
0.0125,-0.009277,-0.00415,1.321045,0.244446,0.231384,0.131378,0.9973101704270072,0.9921418964477491,0.014092042288420833,0.5829274236703764,-0.5843708453517913,92.73573155487553,1.056,0.959,1.509
0.0121,-0.005615,-0.006104,1.323486,0.183411,0.41449,0.192413,0.9973136041495834,0.9921393650739807,0.01409198182731454,0.5782168603934471,-0.5787127628335275,92.73805430871205,1.056,0.959,1.509
0.012,-0.00415,-0.007568,1.323486,0.335999,0.445007,0.100861,0.9973186969719611,0.9921361013524173,0.014091934583150605,0.5745148712324283,-0.5736284125238523,92.73914072533174,1.056,0.959,1.509
0.0121,-0.00293,-0.007324,1.316895,0.305481,0.139832,0.161896,0.9973246179843528,0.9921325891321775,0.014091903856678958,0.5706447302000855,-0.5729544010057116,92.74085621189256,1.056,0.959,1.509
0.0112,-0.003174,-0.00708,1.326904,0.488586,0.139832,-0.051727,0.9973301356192661,0.9921292613954885,0.014091870894378895,0.5687596276493128,-0.5721922826343913,92.74006060376227,1.056,0.959,1.509
0.0121,-0.003906,-0.001709,1.321533,0.519104,0.170349,0.009308,0.9973332417391628,0.9921273710434402,0.014091851190022646,0.5707858811866133,-0.5705577970665924,92.74006656063325,1.056,0.959,1.509
0.0125,-0.000488,-0.006592,1.319336,0.335999,0.353455,0.345001,0.9973406664955666,0.9921234205570623,0.014091852046489757,0.5678595962184458,-0.5686437623785364,92.74400908778948,1.056,0.959,1.509
0.0117,-0.006348,-0.003174,1.317383,0.305481,0.200867,0.070343,0.9973423884858055,0.9921218932075855,0.014091801943235218,0.5663638861969272,-0.5653703340831903,92.74487812891154,1.056,0.959,1.509
0.012,-0.008545,-0.003174,1.323486,0.274963,0.109314,0.192413,0.9973424225986989,0.9921209838645324,0.014091728784245302,0.5645938724107407,-0.5618808155331778,92.74737145480779,1.056,0.959,1.509
0.0118,-0.005859,-0.002441,1.32251,0.213928,0.231384,0.192413,0.9973442947608379,0.9921195036955215,0.014091688885147101,0.5625012561419295,-0.5585792181913412,92.74965884956406,1.056,0.959,1.509
0.0121,-0.004883,-0.004395,1.317871,0.030823,0.139832,0.039825,0.9973475542806609,0.992117348791573,0.014091653798412396,0.5571899641982996,-0.5569068894673842,92.75005828176066,1.056,0.959,1.509
0.012,-0.003418,-0.005371,1.31665,0.152893,0.383972,-0.02121,0.9973522538160422,0.9921145957562765,0.014091632163593638,0.5528212673300893,-0.5532157788569575,92.74963677548652,1.056,0.959,1.509
0.0125,-0.001709,-0.007568,1.313232,0.305481,0.322937,0.283966,0.9973589738977129,0.992110906426712,0.014091621718791636,0.5491396647653253,-0.5511788061525679,92.752874016482,1.056,0.959,1.509
0.0115,-0.00415,-0.008545,1.31543,0.519104,0.261902,0.100861,0.9973640784748017,0.9921077165250433,0.014091582927348254,0.5470900680081773,-0.5487213805907396,92.75387232583857,1.056,0.959,1.509
0.012,-0.006104,-0.006836,1.319092,0.274963,-0.043274,0.070343,0.9973670371723726,0.9921054941417576,0.014091530530443404,0.5434188386791736,-0.5486305679427804,92.75467551916799,1.056,0.959,1.509
0.0125,-0.001709,-0.00415,1.312988,0.366516,0.261902,0.070343,0.9973725627517684,0.9921026065185472,0.014091533297780408,0.5426059827021259,-0.5473710434038496,92.7552687823469,1.056,0.959,1.509
0.0112,-0.006836,-0.006592,1.321289,0.519104,0.170349,0.345001,0.997374842617978,0.9921006681757865,0.014091476129051242,0.5415876192633043,-0.5444893059232843,92.75916821716956,1.056,0.959,1.509
0.0122,-0.002441,-0.003662,1.316406,0.427551,0.261902,0.406036,0.9973796301706096,0.9920981009650395,0.014091473615042746,0.5416716224356832,-0.5429418008626227,92.76388995900709,1.056,0.959,1.509
0.0122,-0.005371,-0.004883,1.318115,0.06134,-0.012756,0.558624,0.997382444481924,0.9920961590274873,0.014091438489850717,0.5366062142864333,-0.5430353887485019,92.7706365490829,1.056,0.959,1.509
0.0123,-0.004639,-0.003662,1.323242,0.427551,0.475525,-0.051727,0.9973854794721752,0.9920942526305908,0.01409141537906867,0.5368293181456668,-0.5375178792516008,92.76994502976264,1.056,0.959,1.509
0.0123,-0.002441,-0.006104,1.316895,0.305481,0.200867,0.314484,0.9973909362784972,0.992091245613732,0.014091406281100125,0.5341051360718037,-0.5367492375633028,92.77355414245193,1.056,0.959,1.509
0.0111,-0.003174,-0.006592,1.317139,0.244446,0.322937,0.009308,0.9973959269468445,0.9920883815028754,0.014091389336785777,0.5301379636927352,-0.5344222270764933,92.77345594257778,1.056,0.959,1.509
0.0124,-0.005127,-0.007812,1.321777,0.305481,0.383972,0.314484,0.9973997385702918,0.992085854893621,0.014091350987899034,0.5265345955241876,-0.5298373971525977,92.77728855926111,1.056,0.959,1.509
0.0115,-0.001465,-0.009277,1.311523,0.274963,-0.012756,0.375519,0.9974067618983988,0.9920820388517143,0.014091342979420626,0.5214856973332662,-0.5323378203761393,92.78123270261386,1.056,0.959,1.509
0.0127,-0.004883,-0.008789,1.317383,0.366516,0.261902,0.039825,0.9974109201578484,0.9920793327972718,0.014091305392841329,0.5182860312086984,-0.5293242167161926,92.78163888791659,1.056,0.959,1.509
0.0119,-0.005371,-0.002197,1.321045,0.335999,0.139832,0.222931,0.9974128340529478,0.9920780368994789,0.014091284410324683,0.5182722779854322,-0.5277060150558411,92.78425753876084,1.056,0.959,1.509
0.0124,-0.006592,-0.00293,1.313721,0.519104,0.41449,0.314484,0.9974141252746962,0.9920769027915051,0.014091251636903088,0.5202391119037868,-0.5219963358586972,92.78822305911929,1.056,0.959,1.509
0.0117,-0.005615,-0.006104,1.322266,0.366516,-0.012756,0.070343,0.9974169770410151,0.9920749245675227,0.014091217649118536,0.5182486850634022,-0.5220868600177649,92.78898021291366,1.056,0.959,1.509
0.0117,-0.001953,-0.008301,1.31543,0.305481,0.322937,0.131378,0.9974232608894489,0.992071504889184,0.014091210355416415,0.5142890140778686,-0.5204525469785154,92.79021852611541,1.056,0.959,1.509
0.0121,-0.00708,-0.005615,1.319824,0.335999,0.048279,0.161896,0.9974248031529218,0.9920700755101236,0.014091166763818493,0.5124139765155865,-0.5190045906018755,92.79222176107609,1.056,0.959,1.509
0.0116,-0.004883,-0.00415,1.31543,0.305481,0.231384,0.222931,0.9974276762879547,0.9920682892287263,0.014091147547518149,0.510888772351724,-0.5167907107005253,92.79472543473865,1.056,0.959,1.509
0.0129,-0.000977,-0.004883,1.315674,0.274963,0.475525,0.222931,0.9974337607213125,0.992065258190103,0.014091160114208327,0.5089461030533088,-0.513459647569667,92.79727630698545,1.056,0.959,1.509
0.0115,-0.002686,-0.004395,1.327148,0.335999,0.200867,0.100861,0.9974382698423819,0.9920628575276327,0.01409115884171334,0.5076395298611446,-0.512875429424527,92.79820722263128,1.056,0.959,1.509
0.0124,-0.004883,-0.003418,1.320557,0.397034,0.078796,-0.112762,0.9974408696480511,0.992061246427113,0.014091142718404533,0.5079805633073264,-0.5123570422005751,92.79672060355699,1.056,0.959,1.509
0.0112,-0.004883,-0.007324,1.317383,0.213928,0.170349,0.070343,0.9974444384214026,0.9920589694280316,0.014091116164919237,0.503542099559194,-0.510956167114868,92.79740596645898,1.056,0.959,1.509
0.0121,-0.007812,-0.006104,1.318115,0.488586,0.170349,0.192413,0.9974454818981424,0.9920577306254621,0.014091069936245742,0.5033220827908048,-0.5077302354695877,92.79983573434409,1.056,0.959,1.509
0.0124,-0.003906,-0.005127,1.31958,0.427551,0.109314,0.070343,0.9974492544087864,0.9920555630053768,0.014091058248293556,0.5030758190879786,-0.5074813223876653,92.80054402032987,1.056,0.959,1.509
0.0114,-0.008545,-0.002686,1.316162,0.244446,0.53656,0.039825,0.9974489675305758,0.9920551101417869,0.014091017982209778,0.5017674788510524,-0.4998423758758626,92.80119309751429,1.056,0.959,1.509
0.0125,-0.001953,-0.006104,1.322266,0.397034,0.170349,0.222931,0.9974544989314923,0.9920522178747471,0.014091020018648181,0.5006227489389904,-0.5000425911405875,92.80368046809248,1.056,0.959,1.509
0.0119,-0.003906,-0.00708,1.330078,0.274963,0.383972,0.161896,0.9974587079643114,0.9920497535509863,0.014091004391541444,0.49726936534793265,-0.4966521910582679,92.80545974280648,1.056,0.959,1.509
