dt,acc_x,acc_y,acc_z,gyro_x,gyro_y,gyro_z,fused_x,fused_y,fused_z,roll,pitch,yaw,pose_x,pose_y,pose_yaw
0.0128,-0.003662,-0.010742,1.308838,0.305481,0.200867,-0.112762,0.0,0.0,0.0,-0.06427901822988995,-0.12332408816012595,-0.0013714102776453167,0.001,0.0,0.0146
0.0115,-0.001465,-0.008057,1.305664,0.427551,0.200867,0.161896,0.0,0.0,0.0,-0.08084436453722382,-0.2263141008236204,0.0005433105348850519,0.001,0.0,0.0146
0.0119,-0.000977,-0.008545,1.314453,0.366516,0.261902,-0.02121,0.0,0.0,0.0,-0.09617790300278033,-0.30217076688024735,0.00037227944739009973,0.001,0.0,0.0146
0.0124,-0.002686,-0.008301,1.304199,0.335999,0.109314,0.192413,0.0,0.0,0.0,-0.10583566199213784,-0.3490681225152048,0.002833693414078316,0.001,0.0,0.0146
0.0116,0.003418,-0.005127,1.313477,0.458069,0.109314,0.222931,0.0,0.0,0.0,-0.09202898413272537,-0.42284251525541805,0.00530953954836525,0.001,0.0,0.0146
0.0116,-0.001221,-0.011475,1.316895,0.183411,0.170349,0.192413,0.0,0.0,0.0,-0.11869726284760725,-0.4550394520839373,0.007815922537591804,0.001,0.0,0.0146
0.0138,-0.00415,-0.009521,1.310791,0.335999,0.41449,0.283966,0.0,0.0,0.0,-0.12828757988104897,-0.4632251054445528,0.011866772418305884,0.001,0.0,0.0146
0.0104,-0.001465,-0.004395,1.313477,0.244446,0.170349,0.009308,0.0,0.0,0.0,-0.11382381085477927,-0.48563117636599784,0.011800242884542341,0.001,0.0,0.0146
0.0118,-0.000244,-0.01123,1.31543,0.397034,-0.012756,0.131378,0.0,0.0,0.0,-0.1288512168580153,-0.5114123706387151,0.013571907530373073,0.001,0.0,0.0146
0.0119,0.002197,-0.008301,1.318604,0.305481,0.41449,0.192413,0.0,0.0,0.0,-0.13063500071193485,-0.5384238232636415,0.015884753312885046,0.001,0.0,0.0146
0.0123,0.001221,-0.010742,1.303955,0.305481,0.261902,-0.082245,0.0,0.0,0.0,-0.14116595179773098,-0.5601686050749941,0.01503804535663464,0.001,0.0,0.0146
0.012,0.002197,-0.007812,1.313232,0.122375,0.170349,-0.173798,0.0,0.0,0.0,-0.14183587329535505,-0.583148069681703,0.012940060449539386,0.001,0.0,0.0146
0.0133,-0.001221,-0.010498,1.317871,0.274963,0.017761,0.222931,0.0,0.0,0.0,-0.14916951737036405,-0.5935309480254242,0.016064394346215934,0.001,0.0,0.0146
0.0113,0.003418,-0.006348,1.319336,0.244446,0.231384,0.345001,0.0,0.0,0.0,-0.14337896397997935,-0.614928391864465,0.019857827860810844,0.001,0.0,0.0146
0.0141,0.000244,-0.008545,1.314453,0.305481,0.231384,0.222931,0.0,0.0,0.0,-0.14313321068790708,-0.6241258022968422,0.023041289516256475,0.001,0.0,0.0146
0.0097,-0.001221,-0.009766,1.314941,0.213928,-0.165344,-0.051727,0.0,0.0,0.0,-0.1482294801609231,-0.6327172426507192,0.022660800406457866,0.001,0.0,0.0146
0.0122,-0.002197,-0.010498,1.314209,0.06134,0.170349,-0.051727,0.0,0.0,0.0,-0.15599150337223247,-0.6344568431078335,0.02217395649603735,0.001,0.0,0.0146
0.012,-0.001465,-0.011963,1.31543,0.274963,0.292419,0.070343,0.0,0.0,0.0,-0.16436184375912502,-0.6364340112415804,0.023212898684286953,0.001,0.0,0.0146
0.0115,-0.00293,-0.011963,1.318359,0.397034,0.200867,0.161896,0.0,0.0,0.0,-0.17063206794808936,-0.6355568432414972,0.025268665673210202,0.001,0.0,0.0146
0.0128,-0.002441,-0.010742,1.312256,0.397034,0.139832,0.100861,0.0,0.0,0.0,-0.17288614884786796,-0.6364518930128622,0.026684192479587105,0.0,0.0,0.0
0.012,0.001709,-0.012451,1.310303,0.183411,0.41449,0.497589,0.0,0.0,0.0,-0.1815086435263759,-0.6436701407386648,0.032800771579185706,0.0,0.0,0.0
0.0118,0.000732,-0.00708,1.303223,0.244446,0.139832,0.161896,0.0,0.0,0.0,-0.17689421739317024,-0.6513962500571081,0.034632101123094894,0.0,0.0,0.0
0.012,-0.003418,-0.007324,1.311279,0.397034,0.353455,-0.14328,0.0,0.0,0.0,-0.17115566209559618,-0.6470004753961809,0.032881084167516755,0.0,0.0,0.0
0.012,0.0,-0.009766,1.308838,0.152893,0.292419,-0.02121,0.0,0.0,0.0,-0.17352738002529514,-0.6505398905499786,0.03267258426645688,0.0,0.0,0.0
0.0126,0.002441,-0.008301,1.307861,0.000305,0.170349,0.100861,0.0,0.0,0.0,-0.17455279050380262,-0.6599158396983013,0.03390908347097919,0.0,0.0,0.0
0.0121,0.001465,-0.010742,1.320557,0.335999,0.017761,-0.112762,0.0,0.0,0.0,-0.17615478912195623,-0.6682965972175668,0.03262867442862726,0.0,0.0,0.0
0.0117,0.000977,-0.008789,1.3125,0.305481,0.170349,0.131378,0.0,0.0,0.0,-0.17446855149904222,-0.6736871770633834,0.03416700454697465,0.0,0.0,0.0
0.0122,-0.001709,-0.011475,1.309326,0.06134,0.322937,0.436554,0.0,0.0,0.0,-0.18044878495633432,-0.6719940659450999,0.039619593760097535,0.0,0.0,0.0
0.0118,-0.000732,-0.011719,1.310791,0.244446,0.231384,-0.02121,0.0,0.0,0.0,-0.18433639373400923,-0.6731712119488448,0.0394930215730912,0.0,0.0,0.0
0.0121,0.0,-0.008301,1.307617,0.06134,0.261902,0.100861,0.0,0.0,0.0,-0.1841768982804869,-0.6750919013495914,0.04068850191770827,0.0,0.0,0.0
0.012,-0.00293,-0.009033,1.311279,0.091858,0.078796,-0.112762,0.0,0.0,0.0,-0.18483208803086618,-0.6740351872822976,0.03937359248038736,0.0,0.0,0.0
0.0122,-0.003418,-0.009521,1.310547,0.122375,0.048279,0.161896,0.0,0.0,0.0,-0.18587922134010565,-0.6725657057773983,0.04140942937353778,0.0,0.0,0.0
0.0115,0.0,-0.008789,1.309326,0.213928,0.109314,0.100861,0.0,0.0,0.0,-0.18473034029445254,-0.6759504528962405,0.04256846346268781,0.0,0.0,0.0
0.0118,-0.003174,-0.007812,1.311035,0.397034,0.41449,0.161896,0.0,0.0,0.0,-0.17990841520599987,-0.6706581495014856,0.044462000534924835,0.0,0.0,0.0
0.0123,-0.00293,-0.010498,1.317139,0.366516,0.322937,0.070343,0.0,0.0,0.0,-0.1793978263908378,-0.6666995630959093,0.04540613290898343,0.0,0.0,0.0
0.0123,0.000977,-0.01001,1.306641,0.122375,0.017761,-0.051727,0.0,0.0,0.0,-0.18106358527119623,-0.6724346872931714,0.04480621874413577,0.0,0.0,0.0
0.0119,-0.003906,-0.009766,1.314453,0.274963,0.139832,0.100861,0.0,0.0,0.0,-0.18051969855648584,-0.6693060619592753,0.046073634946969214,0.0,0.0,0.0
0.0121,0.000732,-0.008057,1.311279,0.213928,0.322937,0.039825,0.0,0.0,0.0,-0.1781902372331303,-0.6706976580097028,0.046515303095964446,0.0,0.0,0.0
0.0118,0.003662,-0.010742,1.311523,0.213928,0.170349,0.070343,0.0,0.0,0.0,-0.17969659722980952,-0.6778462278772052,0.04737543142893253,0.0,0.0,0.0
0.0122,0.002686,-0.008789,1.307129,0.519104,0.231384,-0.082245,0.0,0.0,0.0,-0.17471739742150988,-0.6826088174758158,0.04634588753850444,0.0,0.0,0.0
0.012,0.00415,-0.013428,1.30835,0.183411,0.322937,0.131378,0.0,0.0,0.0,-0.18007775471112777,-0.688006310264894,0.04803646726803926,0.0,0.0,0.0
0.0119,0.000488,-0.010986,1.310547,0.458069,-0.043274,0.131378,0.0,0.0,0.0,-0.1787867040676754,-0.6925649765568719,0.04967868728916824,0.0,0.0,0.0
0.0123,0.001953,-0.01001,1.313232,0.305481,0.383972,0.100861,0.0,0.0,0.0,-0.17783468652937198,-0.6936641755897599,0.050932886217397964,0.0,0.0,0.0
0.0111,0.001465,-0.010498,1.301025,0.519104,0.109314,0.009308,0.0,0.0,0.0,-0.1755613862240257,-0.697644705777177,0.05108438588552783,0.0,0.0,0.0
0.0126,0.000977,-0.01001,1.310791,0.183411,0.231384,0.100861,0.0,0.0,0.0,-0.1760101985099674,-0.6990258714361389,0.052385580232829056,0.0,0.0,0.0
0.0126,0.004395,-0.010986,1.313965,0.305481,0.261902,0.314484,0.0,0.0,0.0,-0.17610113455581053,-0.7040257000753563,0.05637545875048336,0.0,0.0,0.0
0.0114,0.000488,-0.008789,1.305908,0.213928,0.322937,0.192413,0.0,0.0,0.0,-0.17489050923892555,-0.7038596511693803,0.05856109868550404,0.0,0.0,0.0
0.0115,-0.001709,-0.008545,1.310303,0.183411,0.048279,-0.112762,0.0,0.0,0.0,-0.1736630010469435,-0.7040623739042844,0.057281473082277594,0.0,0.0,0.0
0.0127,-0.00293,-0.010986,1.312012,0.274963,0.139832,0.253448,0.0,0.0,0.0,-0.17397015295287946,-0.7016066315028263,0.06060773561728918,0.0,0.0,0.0
0.0129,0.002686,-0.010742,1.310303,0.335999,0.292419,-0.082245,0.0,0.0,0.0,-0.17306987717309213,-0.7037046581230848,0.059579136878693116,0.0,0.0,0.0
0.0102,-0.001465,-0.010498,1.308594,0.030823,0.078796,0.192413,0.0,0.0,0.0,-0.17584176841234017,-0.7039174300647963,0.06161789882433114,0.0,0.0,0.0
0.0127,-0.005859,-0.010986,1.304688,-0.823669,-1.447083,1.413116,0.0,0.0,0.0,-0.18983762999067563,-0.718015011957234,0.07976093142389226,0.0,0.0,0.0
0.0124,-0.083008,-0.020752,1.134766,-0.091248,-5.078674,-0.387421,0.0,0.0,0.0,-0.20742034565919393,-0.6800750480824836,0.07664444135958033,0.0,0.0,0.0
0.011,-0.117432,0.080566,1.630615,1.770325,-1.904846,-1.180878,0.0,0.0,0.0,-0.11074046414681585,-0.599357169135005,0.0636214621541822,0.0,0.0,0.0
0.0127,-0.131592,-0.012207,1.172119,0.488586,0.292419,-0.784149,0.0,0.0,0.0,-0.11132825242847597,-0.44675600930700893,0.054186997294000123,-0.0,0.0,-0.0016
0.0115,0.094238,-0.052246,1.32373,1.037903,3.039001,-0.662079,0.0,0.0,0.0,-0.14657985279588426,-0.5168392584399656,0.045447317055387744,-0.0,0.0,-0.0016
0.012,0.071777,-0.030273,1.317139,0.549622,3.161072,2.267609,0.0,0.0,0.0,-0.1639070485375998,-0.5590465084857392,0.0718044644374247,-0.0,0.0,0.0
0.0125,0.164795,-0.020508,1.351562,0.793762,2.153992,1.931915,0.0,0.0,0.0,-0.1669084961824001,-0.698313479393088,0.0940410954732541,-0.0,0.0,0.0
0.0113,0.107422,-0.001953,1.368164,0.244446,0.689148,0.680695,0.0,0.0,0.0,-0.15864641040710648,-0.7957579013876556,0.10015241356632508,-0.0,0.0,0.0
0.0123,-0.013916,0.01001,1.195312,0.213928,0.170349,0.711212,0.0,0.0,0.0,-0.1372414997035403,-0.7805706823375136,0.10823974736318354,-0.0,0.0,0.0016
0.0121,-0.005371,0.023193,1.453125,0.915833,0.383972,-1.02829,6.654378862320857e-05,1.2447256259494562e-07,9.006351087859342e-07,-0.0989341454120797,-0.770763009917176,0.09471865719780279,-0.0,0.0,0.0016
0.0116,-0.05249,-0.028564,1.218018,0.366516,0.017761,-1.638641,0.00010134183891088647,1.8431478991037518e-07,1.2762154235584009e-06,-0.11782194625934238,-0.7177756377820785,0.07701561938728393,-0.0,0.0,0.0016
0.0121,-0.018311,-0.031738,1.337158,0.793762,1.66571,-0.997772,0.00013763942982700727,2.3536486968124607e-07,1.6948129200737655e-06,-0.13177944287417342,-0.6824112233099129,0.06582656693449095,-0.0,0.0,0.0016
0.0123,-0.07666,-0.023438,1.246338,0.305481,-0.867249,-0.326385,0.0001745396341443707,2.8218244293427217e-07,1.9137142688365307e-06,-0.14457829354118293,-0.6194273733091438,0.0632558481742152,-0.0,0.0,0.0016
0.0123,-0.045654,0.010498,1.363525,-0.030212,0.109314,1.809845,0.00021143919324558905,3.237326670540975e-07,2.1740743130589416e-06,-0.12894000569735709,-0.5796792483399691,0.085738796077315,-0.0,0.0,0.0016
0.0117,-0.019531,-0.029785,1.264648,0.06134,-0.531555,3.030548,0.0002465380849661199,3.785363048440727e-07,2.4693426051896546e-06,-0.15074200129394022,-0.5715607227224566,0.12172123903550935,-0.0,0.0,0.0016
0.0118,-0.016357,-0.022461,1.321045,0.06134,0.139832,2.237091,0.0002819368536845108,4.5548591466333576e-07,2.7710725748364665e-06,-0.1641055199861907,-0.5590931063615315,0.14845667009397867,-0.0,0.0,0.0016
0.0122,-0.006592,-0.009277,1.312012,0.06134,-0.104309,2.084503,0.00031853508586068943,5.505639955951494e-07,3.119815607204754e-06,-0.16511984128224583,-0.5587335000632128,0.1739357471451397,-0.0,0.0,0.0016
0.0119,0.013916,-0.016602,1.276123,0.244446,-0.34845,1.62674,0.0003542320094053637,6.576785001845805e-07,3.573951165362828e-06,-0.17086144821694793,-0.5805606927468576,0.19310815232630463,-0.0,0.0,0.0016
0.0118,0.076172,0.01001,1.332031,0.580139,1.482605,-0.112762,0.0003896247313792791,7.667186610791901e-07,4.398964701022458e-06,-0.14842191338117752,-0.6343057032086398,0.19024493007366583,-0.0,0.0,0.0016
0.0124,0.041016,0.015381,1.313232,-0.335388,1.146912,1.382599,0.00042681906019988755,8.819535959863612e-07,5.094933977796051e-06,-0.13251289154327905,-0.6598310133758034,0.20624474481657873,-0.0,0.0,0.0016
0.0118,0.104248,-0.013428,1.348877,5.188293,2.672791,-1.669159,0.00046220854117539804,1.0013027430919117e-06,6.209913548933326e-06,-0.07739646261526102,-0.7200422710935085,0.18550829865893936,-0.0,0.0,0.0016
0.0122,0.045898,-0.016357,1.741455,7.080383,43.078064,-11.129608,0.0004988021953131733,1.1181339692033747e-06,6.9763053090531675e-06,0.002224611455514053,-0.23161134110734655,0.04918307584741486,-0.0,0.0,0.0016
0.0125,0.421387,0.12793,1.654785,3.96759,45.153259,-4.324188,0.0004987770746323969,1.0455258861345784e-06,9.345574406725654e-06,0.1368526587694044,0.04396680378516868,-0.01143418521332568,-0.0,0.0,0.0
0.0115,0.484863,-0.046875,1.537598,-6.255798,77.593445,10.110626,0.00048724521975091845,1.0590285114927135e-06,1.2155040883875063e-05,0.03594727860986196,0.5816998398558598,0.10713626399262911,-0.0,0.0,0.0
0.0115,0.237793,-0.054199,1.801025,2.685852,63.15863,11.636505,0.00047572932378623603,1.0612926406889826e-06,1.3612147579400712e-05,0.037423858665884685,1.1320623716231273,0.24347790721553228,-0.0,0.0,0.0
0.0125,0.116699,0.139893,1.12085,2.899475,54.125427,2.359161,0.0004632168246119671,8.067887583700478e-07,1.4997063827428025e-05,0.21312002421688483,1.6527789937924964,0.25600050925481527,-0.001,0.0,0.0016
0.0124,0.11499,0.005615,0.828369,1.70929,29.00946,-4.1716,0.0005189801004059926,1.0516578759950789e-06,1.5048906962707916e-05,0.24245111771922948,1.8106028646495724,0.20583907381816977,-0.0,0.0,0.0032
0.0116,-0.022705,-0.059814,0.916992,5.98175,12.499451,-7.467499,0.0005711527426011527,1.3834069888517417e-06,1.358207624932073e-05,0.2387163648876607,1.935813067615986,0.1311010942281176,-0.0,0.0,0.0032
0.0114,0.083496,0.106689,1.39917,2.044983,9.813904,9.378204,0.0006281208758861,1.3298552643623866e-06,1.2730235976605288e-05,0.347475505597086,1.9402476518330793,0.22550675403254433,0.0,0.0,-0.0016
0.0128,-0.203369,-0.04834,1.300049,2.746887,-3.308655,5.77713,0.0009351187643456137,2.6568299869064344e-06,3.6053806150725635e-07,0.3441209770613029,2.025054012116358,0.3050274190977387,0.001,-0.0,-0.0065
0.0119,-0.019287,-0.008789,1.165527,-3.875427,-4.590393,-3.072968,0.0014465040890415666,5.414959347790304e-06,-1.7109170950004015e-05,0.28859263242103306,1.9456230245155453,0.26947153640799154,0.001,-0.0,-0.0065
0.0122,-0.23291,0.059326,1.048584,0.122375,-25.342346,-1.577606,0.002171815851303592,8.452033539772027e-06,-4.8882977883108646e-05,0.3481298500170476,1.8283844889524665,0.2387764328336734,0.003,-0.0,-0.0032
0.0124,-0.110107,-0.020996,0.921875,0.885315,-35.901428,7.455597,0.0036960934050858578,1.4958751072010605e-05,-0.0001031993474535512,0.3380271166787841,1.4715702442778977,0.3306805862633285,0.004,-0.0,-0.0016
0.0113,-0.103516,-0.105469,1.060791,-0.671082,-47.711731,5.044708,0.0049611157798978385,2.3304283764369193e-05,-0.0001419167321771454,0.22869201553224777,1.0055862919226866,0.3972261453821025,0.006,-0.0,-0.0016
0.012,-0.061523,-0.034912,1.129883,-2.166443,-43.43927,7.394562,0.006250811776414096,3.2656987319861434e-05,-0.00016838862936695352,0.17318456255372652,0.520076104531531,0.48810434300091904,0.007,-0.0,-0.0016
0.0121,-0.176758,-0.006592,1.467529,2.106018,-67.88385,2.664337,0.007599638429917658,4.44142206418551e-05,-0.00019569858822748488,0.1946491766289137,-0.1842515007344947,0.5196306845149038,0.008,-0.0,-0.0032
0.0118,-0.101318,-0.039551,0.788574,-2.746277,-78.839661,7.028351,0.009133395218406065,5.927475350882223e-05,-0.00021013154977352533,0.11415884396885154,-0.9883949718420026,0.6072837729835899,0.01,-0.0,0.0
0.0121,-0.154541,-0.077881,0.979492,3.692932,-54.211975,16.732941,0.010772517325917753,7.834721563902367e-05,-0.00021137253016863424,0.07722928421111215,-1.4805250402690604,0.8204916038431376,0.012,-0.0,0.0016
0.0119,-0.122559,-0.367188,3.455566,-8.392029,-19.482971,7.486115,0.012485376820397591,0.00010454024063818834,-0.00017831357213152327,-0.13026572280336984,-1.6579025102226794,0.9209708313041804,0.014,-0.0,0.0016
0.0116,0.130615,0.14209,0.237305,4.028625,30.77948,2.75589,0.01398065981918058,0.00011877151078983516,-4.246262489583579e-05,0.33266793582922044,-1.6995306243498334,0.8997127003304869,0.015,-0.0,0.0032
0.0121,-0.071045,-0.258057,0.888428,1.556702,-8.344055,1.931915,0.014573254542582272,0.00013566640047341495,-4.4211976181930985e-05,0.07836013345825989,-1.7190143925012304,0.9608703530993485,0.015,-0.0,0.0097
0.0124,-0.272461,-0.029785,0.594727,-4.699402,-4.102112,12.368927,0.015032364640737915,0.00014672120693257976,-0.00012866656713627695,-0.021910120354944256,-1.3733239098220387,1.1292323138199423,0.015,-0.0,0.0146
0.0116,-0.210205,-0.159912,2.207764,2.685852,7.128357,5.807648,0.015038304720985888,0.00014831943567925718,-0.00015386293585728956,-0.06146080406692932,-1.1869076323151648,1.204046271638294,0.015,-0.0,0.0162
0.0122,0.10083,0.110107,1.878662,1.861877,-16.522766,2.206573,0.014763873912156021,0.00014181395000937113,-0.00014974576144649948,0.02108311260425538,-1.4301405168906507,1.226563571163352,0.014,-0.0,0.0146
0.0123,-0.147705,-0.06958,1.449951,-2.135925,13.506531,4.586945,0.014610336488244705,0.0001396334045884881,-0.0001782069149423327,-0.05003668524604488,-1.158446616599418,1.2885713777875285,0.014,-0.0,0.0146
0.012,0.109619,0.028564,0.756348,1.404114,9.630798,-4.415741,0.014388273391607323,0.00013318848743903804,-0.00015007102441580916,0.010261037731413588,-1.1859908644387966,1.2286308540266668,0.014,-0.0,0.013
0.0123,0.209229,0.140381,2.019531,-2.166443,3.43573,-3.195038,0.01405008344243627,0.00012472205696327,-0.0001371124193363054,0.053452262344182974,-1.2348306645733322,1.1826298606531784,0.013,-0.0,0.0146
0.012,-0.040283,-0.214111,1.371338,-5.218201,-3.583313,7.028351,0.013492345137871132,0.0001149077696518244,-0.00015583245681060378,-0.15568828472734741,-1.2439331576482047,1.2779165163419124,0.012,-0.0,0.0194
0.0114,0.02832,-0.126465,0.894775,-0.793152,5.938171,13.101349,0.01283713434223019,0.00010108045920706479,-0.00016366243917119108,-0.2942555543488057,-1.206231148758254,1.4338385518649375,0.012,-0.0,0.021
0.0122,0.042969,-0.021973,1.405273,4.913635,2.855896,10.141144,0.012233548423242473,8.571545690346928e-05,-0.00017191150199889093,-0.24550559880464293,-1.1948573943498049,1.5564752230797207,0.012,-0.0,0.0194
0.0124,0.242188,0.111084,0.797119,5.035706,8.806824,5.685577,0.012041397421722982,7.556530485061997e-05,-0.00012862894905499295,-0.05600943648676829,-1.3516989341119117,1.600070726675752,0.012,-0.0,0.021
0.0139,0.056885,-0.031494,1.840332,1.70929,5.907654,2.298126,0.011951100380210182,7.310561792467676e-05,-0.00012708896316342087,-0.04636687582897982,-1.2901245642159116,1.6326271166682929,0.013,-0.0,0.0194
0.0092,0.059326,-0.093262,1.089844,2.289124,-2.087952,4.495392,0.011863736894222092,7.161694723816424e-05,-0.00012060944740080953,-0.10186650266199754,-1.3561936901129439,1.6809568500725076,0.013,-0.0,0.0194
0.012,0.056885,0.027344,1.202393,1.373596,-7.39801,6.417999,0.011749815059882783,6.729432027576007e-05,-0.00011707796946798361,-0.06115463551657441,-1.482153616737914,1.7526285443716099,0.013,-0.0,0.0194
0.0122,0.05957,0.050293,1.393555,1.556702,-3.857971,6.204376,0.011634009265281416,6.262820611115075e-05,-0.00011520937660587362,-0.006749455764776647,-1.5593996786569442,1.821720904610594,0.013,-0.0,0.021
0.0124,0.057861,0.086914,1.689209,1.404114,0.811218,5.77713,0.011590651815996965,5.9952551905264164e-05,-0.00011329779787061139,0.05901713317771497,-1.5696102380120052,1.8854088773983173,0.013,-0.0,0.021
0.012,-0.10498,0.017334,1.334473,0.82428,1.207947,7.394562,0.011530716663537574,5.8277829732605544e-05,-0.00012822019963895393,0.08085299975885298,-1.4735381520404753,1.975217142423822,0.013,-0.0,0.021
0.012,-0.157227,-0.019043,1.501953,0.244446,1.055359,3.122101,0.011470778690680158,5.7134678854881914e-05,-0.00014641008499895002,0.07294116564012504,-1.3561010016357622,2.017592304086281,0.013,-0.0,0.021
0.0122,-0.090332,0.039795,1.446045,-0.152283,-0.134827,1.74881,0.011409838802515218,5.50457348290539e-05,-0.00015813550372608838,0.09791468982133059,-1.2930749045021597,2.0384075269166124,0.013,-0.0,0.021
0.0112,-0.06543,0.04834,1.176758,-0.884705,-2.179504,2.847443,0.011353892770745767,5.289478047246309e-05,-0.00016818187105336688,0.1273450907319298,-1.2620517748099904,2.0682969224333485,0.013,-0.0,0.021
0.0129,-0.079346,0.061768,1.148438,-1.525574,-3.400208,5.868683,0.011289453904340269,5.0350196142639495e-05,-0.00018005596956854406,0.157259994568822,-1.239023028418964,2.141348913720023,0.013,-0.0,0.021
0.0121,-0.058105,-0.006592,1.505615,-0.793152,-3.827454,6.78421,0.011229010157975441,4.8236426649563474e-05,-0.0001876163522747543,0.14288802291701982,-1.2436259234374654,2.224178115767371,0.013,-0.0,0.021
0.011,-0.064209,-0.026611,1.243164,1.404114,1.055359,1.99295,0.011207030948849528,4.765098729073556e-05,-0.00019553300761862132,0.13994565236594836,-1.1811625234197545,2.248024631457805,0.013,-0.0,0.021
0.0121,0.013184,-0.022705,1.439453,-0.793152,1.604675,-4.629364,0.011182854581574413,4.6748332269382385e-05,-0.0001954765789412434,0.11858605770760948,-1.1649470765527292,2.192642246410512,0.013,-0.0,0.021
0.0124,-0.047119,-0.038574,1.219238,-0.854187,1.238464,-8.96286,0.01115807620719701,4.607329768957557e-05,-0.0002013050920167119,0.08388584190374816,-1.111636462789327,2.0836292357006454,0.013,-0.0,0.021
0.0123,0.047363,0.0979,1.441406,1.678772,0.41449,-7.009735,0.011121209274405894,4.4409220926868726e-05,-0.00019874640367912843,0.16846190353187535,-1.1313864980835353,1.9940468896798913,0.013,-0.0,0.0227
0.0121,0.051025,0.077393,1.170898,0.671692,-1.386047,-6.643524,0.011090985852970962,4.301887043711799e-05,-0.00019454347817611167,0.2383669640421518,-1.183905921477668,1.9101588697290768,0.013,-0.0,0.0227
0.0112,0.119141,0.054688,1.239746,-2.410583,0.872253,-6.399384,0.011063011799675641,4.183717253329983e-05,-0.00018402959003027054,0.2524945196185982,-1.2547404596011462,1.8360575108028014,0.013,-0.0,0.0227
0.0125,0.041748,-0.030518,1.334473,-1.769714,0.719666,-4.476776,0.011031785902961375,4.1016429308188074e-05,-0.00018153509353783192,0.21163269198785,-1.2680778269542046,1.7816255891641963,0.013,-0.0,0.0227
0.0121,-0.000977,-0.081543,1.288086,0.580139,0.41449,-1.730194,0.01100155584482689,4.055575159643623e-05,-0.00018274020365441926,0.1637697712945652,-1.2574198981094764,1.7648068111399489,0.013,-0.0,0.0227
0.012,0.007324,-0.109131,1.345215,-1.098328,1.54364,1.168976,0.010971575206402743,4.0219938260780155e-05,-0.00018315627195530015,0.08025283524241793,-1.2386925228798487,1.7839588709563812,0.013,-0.0,0.0227
0.0113,-0.011475,-0.100098,1.27832,0.885315,0.841736,3.122101,0.010943342299785733,3.9942779408652376e-05,-0.00018512050079403042,0.02305831593313334,-1.2170028566631492,1.8242879296613916,0.013,-0.0,0.0227
0.0122,-0.018555,-0.041992,1.335205,2.319641,1.970886,2.298126,0.010912861895377391,3.9274704796715954e-05,-0.00018783210286646301,0.02566066776397648,-1.1763875924769558,1.854619306046044,0.013,-0.0,0.0227
0.0122,0.001221,-0.008789,1.366699,0.82428,-1.813293,-0.204315,0.010882383679735258,3.833827708821949e-05,-0.00018895464603299687,0.03272241509676188,-1.1945579068779208,1.8524619922119814,0.013,-0.0,0.0227
0.0121,-0.04541,0.01416,1.349854,0.976868,1.42157,-0.295868,0.010852151252517421,3.752893301615641e-05,-0.00019390220480003376,0.05626292183539492,-1.1437207836724237,1.8494349151060694,0.013,-0.0,0.0227
0.012,0.022217,0.016602,1.319824,0.641174,0.322937,0.680695,0.010822174732621509,3.641246925793266e-05,-0.00019318453412316773,0.07707948175064999,-1.1507731015028109,1.8564691623443288,0.013,-0.0,0.0227
0.0124,0.055664,0.032715,1.312988,-0.610046,0.231384,-1.241913,0.010791202941010788,3.5061392266087656e-05,-0.00018983294431558685,0.09368820060372808,-1.180785344610529,1.838594310958375,0.013,-0.0,0.0227
0.012,0.039307,0.037842,1.367676,-0.457458,0.567078,-1.425018,0.010761228616898648,3.381058804194817e-05,-0.00018806568613692783,0.11440418463655816,-1.19431891605232,1.8192602220573184,0.013,-0.0,0.0227
0.0121,-0.00415,0.002686,1.24585,-0.304871,0.109314,-0.14328,0.010730999364796252,3.2850824669298675e-05,-0.00018950072981413054,0.11456927210526362,-1.1864211527208506,1.8174212444491251,0.013,-0.0,0.0227
0.0111,-0.063721,-0.034668,1.352051,-1.311951,-0.836731,-1.394501,0.01070326080818679,3.230716737474994e-05,-0.00019533590377413413,0.08009100782304945,-1.1507748878339377,1.804256508590064,0.013,-0.0,0.0227
0.0124,-0.059326,-0.022461,1.25708,0.580139,-1.813293,-1.241913,0.010672273847343297,3.161923512114517e-05,-0.00020105400013522402,0.07443795019184132,-1.1293130630505954,1.7907004249797465,0.013,-0.0,0.0227
0.0123,-0.060791,-0.052246,1.324463,1.221008,-0.806213,1.413116,0.010647681966605314,3.120168655436284e-05,-0.00020636857194590648,0.057343702744391704,-1.0964509728902483,1.810787716606154,0.013,-0.0,0.0227
0.0113,-0.042969,-0.077637,1.33252,0.152893,-0.531555,3.457794,0.010625091104513665,3.079380230508278e-05,-0.00021012670670842647,0.010994981322564134,-1.0718533313748508,1.8527451326374604,0.013,-0.0,0.0227
0.0123,0.032227,-0.039551,1.27832,1.037903,-0.104309,1.962433,0.010600512663145083,2.987623717632771e-05,-0.0002083690648640518,-0.00016789653805105985,-1.0920664482092912,1.8768685381344725,0.013,-0.0,0.0227
0.0122,0.11084,0.030273,1.373535,0.976868,0.841736,0.161896,0.010576144993723008,2.8473210658885565e-05,-0.0002017145444063899,0.033112810821825045,-1.1465491045510858,1.875065901593971,0.013,-0.0,0.0227
0.012,0.077393,0.027344,1.303467,-0.640564,1.42157,-0.662079,0.010552173579274484,2.72366415656929e-05,-0.00019714204754328667,0.04608759257927733,-1.1762200494688522,1.8641613233058643,0.013,-0.0,0.0227
0.0122,-0.000488,0.039062,1.278076,0.458069,1.452087,-1.180878,0.010527790910219187,2.6308530729396147e-05,-0.00019815760096914304,0.08036446782898676,-1.1546643525971674,1.8482544355018067,0.013,-0.0,0.0227
0.012,-0.033936,0.025146,1.317871,0.274963,0.292419,-0.540009,0.01051579371860727,2.5973664907905607e-05,-0.00020118325519137968,0.10196899654115057,-1.1257210161351328,1.8415495053813156,0.013,-0.0,0.0227
0.0121,-0.04126,-0.022949,1.326416,-1.037292,-0.897766,-0.173798,0.010509741075554711,2.5993276195931113e-05,-0.00020440778293089924,0.07681630704238628,-1.1068260493159066,1.8409103145041747,0.013,-0.0,0.0227
0.0111,-0.033447,-0.034424,1.27417,0.000305,-0.287415,-0.356903,0.01050973533231363,2.620502537298085e-05,-0.00020694999367775694,0.056397106751836526,-1.0851303729119015,1.838618667900952,0.013,-0.0,0.0227
0.0124,-0.019775,-0.030762,1.328857,1.129456,-0.195862,1.413116,0.010522123264345823,2.6744871932863883e-05,-0.00020826788879962306,0.05279398550105623,-1.0721020698828925,1.8573520337127734,0.013,-0.0,0.0227
0.0122,0.012939,-0.050049,1.332275,-0.091248,0.170349,2.328644,0.010534316082834682,2.7160666392052296e-05,-0.00020739068517412794,0.02205577030105943,-1.0753578516506748,1.8866372644212441,0.013,-0.0,0.0227
0.0117,0.055664,-0.010254,1.307861,0.458069,1.391052,0.161896,0.010528477822330008,2.671644586397962e-05,-0.00020411638786597665,0.023531816425243234,-1.0920204923387637,1.8873024913157637,0.013,-0.0,0.0227
0.0121,0.054932,0.026367,1.32959,1.159973,1.207947,-0.875702,0.010522439359473666,2.6204745818924525e-05,-0.00020111127017927936,0.05681053738463937,-1.10885030249468,1.874547938729668,0.013,-0.0,0.0227
0.0121,-0.000244,0.003662,1.298096,0.091858,0.963806,-0.692596,0.010516393053690835,2.6008165227549445e-05,-0.00020154896169488195,0.06279362062567906,-1.094135800185993,1.8660596380945227,0.013,-0.0,0.0227
0.0121,-0.011963,0.006104,1.305664,0.397034,0.200867,-1.180878,0.010510345017719618,2.5858242177085564e-05,-0.00020272407563631732,0.07398654101252534,-1.0811989051960562,1.8518603893830188,0.013,-0.0,0.0227
0.0115,-0.017334,0.009521,1.306396,0.397034,-0.501038,-0.570526,0.01049884995392832,2.5547759437153115e-05,-0.0002043222078881131,0.08682205614192973,-1.073132449939236,1.8454023634689558,0.013,-0.0,0.0227
0.0122,-0.044434,-0.023438,1.296143,-0.365906,-0.34845,0.100861,0.010486651445291699,2.5391697688304192e-05,-0.00020750839537194064,0.06942142140843953,-1.0464128195184474,1.8482191272650188,0.013,-0.0,0.0227
0.0128,-0.026855,-0.023438,1.306396,-0.091248,-0.226379,1.138458,0.010473855872075399,2.513490438270164e-05,-0.00020955378736792877,0.05533231776155609,-1.0299474237831536,1.8639408817199792,0.013,-0.0,0.0227
0.0117,-0.007568,-0.014648,1.325195,0.244446,-0.409485,1.99295,0.01046216237129869,2.4813728392375476e-05,-0.00021040934600510111,0.05091316323199409,-1.0276999305500554,1.8877455550656936,0.013,-0.0,0.0227
0.0122,0.018555,-0.019775,1.298828,-0.152283,-0.47052,0.650177,0.010449973301236029,2.4353365409127763e-05,-0.00020969651878947993,0.03878560560616295,-1.0430813462957345,1.895614422347872,0.013,-0.0,0.0227
0.0113,0.048584,0.003418,1.306641,0.06134,0.017761,-1.608124,0.010438687985922816,2.3760583854147622e-05,-0.00020731152740760832,0.044475979727012005,-1.0710794241280086,1.876147888198539,0.013,-0.0,0.0227
0.0123,0.031982,0.007568,1.327148,0.580139,0.506042,-0.601044,0.010426400737165123,2.3216720068617592e-05,-0.00020600591094424632,0.058770215821285984,-1.0819256808953213,1.8678213095773328,0.013,-0.0,0.0227
0.0121,-0.01709,-0.026855,1.310547,0.458069,0.750183,0.558624,0.010414306207999937,2.2958888484042374e-05,-0.00020739092552954076,0.04957930103233343,-1.0595163511956933,1.8756974378857953,0.013,-0.0,0.0227
0.0121,-0.016357,-0.024414,1.302002,0.610657,0.963806,0.161896,0.010402211799106944,2.2688518782086327e-05,-0.0002086956122956527,0.0438733061006857,-1.035262050891299,1.8786698721709592,0.013,-0.0,0.0227
0.0121,-0.004395,-0.009521,1.307617,0.335999,0.200867,-0.173798,0.0103901191015844,2.2337435433430825e-05,-0.00020933719452417783,0.04442002161906143,-1.0278971257915266,1.8769017758916204,0.013,-0.0,0.0227
0.0113,-0.005615,-0.008545,1.317139,-0.152283,0.322937,0.345001,0.010378825624651129,2.201667773461828e-05,-0.00021002093820604443,0.03976838969085765,-1.0186218656684085,1.8811396334894581,0.013,-0.0,0.0227
0.012,0.003662,0.001953,1.296875,0.213928,0.41449,0.375519,0.010378825694075701,2.200757303067017e-05,-0.00020999670183734177,0.04597193061610983,-1.014061416326197,1.8855105692715384,0.013,-0.0,0.0227
0.0121,0.012695,0.008545,1.320801,0.274963,0.506042,-0.112762,0.010378827030992006,2.1950945386155283e-05,-0.0002095225616610556,0.05694681158307252,-1.0137603377481876,1.8836610908926756,0.013,-0.0,0.0227
0.0122,-0.000977,-0.013672,1.316406,0.000305,0.292419,-0.478973,0.010378826465169445,2.1980767181387695e-05,-0.0002097224749756288,0.05087180930410002,-1.0076051241689954,1.878130253118532,0.013,-0.0,0.0227
0.0122,0.003662,-0.024658,1.309082,0.397034,0.139832,-0.234833,0.01037882665882839,2.1999419671534985e-05,-0.00020965127691412722,0.04275118251916569,-1.006296956785357,1.8756798041911629,0.013,-0.0,0.0227
0.0122,0.002197,-0.02002,1.296387,0.213928,-0.104309,0.558624,0.010378826634757907,2.2019530658528147e-05,-0.0002096574382106246,0.035139833617692386,-1.0071492379712057,1.8828458440703038,0.013,-0.0,0.0227
0.0122,-0.016602,-0.017578,1.319824,0.335999,0.139832,0.924835,0.010378823869047217,2.2131900725444228e-05,-0.0002106279873228136,0.030686755716218497,-0.9933093842090348,1.894936897157404,0.013,-0.0,0.0227
0.011,-0.016602,-0.003662,1.309814,0.641174,-0.440002,0.009308,0.010378821073961682,2.2232458509823953e-05,-0.000211606890876173,0.037961984781710034,-0.9861068111627271,1.8955743443084214,0.013,-0.0,0.0227
0.0124,0.01001,0.006348,1.306885,-0.030212,0.231384,-0.387421,0.010378822060015168,2.218994454343026e-05,-0.00021125714636971462,0.04409290702017682,-0.987809123712147,1.8903920609961253,0.013,-0.0,0.0227
0.0119,0.013428,-0.003662,1.314697,-0.06073,-0.073792,-0.082245,0.0103788235357943,2.2137887749508513e-05,-0.0002107385664081025,0.04354831145654284,-0.9952058456260741,1.8891277393393422,0.013,-0.0,0.0227
0.0122,0.009277,-0.014648,1.309326,0.122375,0.383972,0.100861,0.010378824493843173,2.2113615024444225e-05,-0.00021040385212379043,0.038393772065079615,-0.9945377541968028,1.8903859224223458,0.013,-0.0,0.0227
0.0117,-0.000244,-0.01001,1.317871,0.305481,0.292419,0.528107,0.01037882409818914,2.213360411808882e-05,-0.00021054287421231165,0.03815401857273989,-0.9892098015435431,1.8967623980878545,0.013,-0.0,0.0227
0.0126,-0.00708,-0.017822,1.305176,0.183411,0.322937,0.039825,0.010378822850149507,2.2191849909067076e-05,-0.00021098070650097054,0.03191044291099216,-0.9791711968662005,1.8977789536410137,0.013,-0.0,0.0227
0.0117,0.000244,-0.010742,1.310547,0.305481,0.231384,-0.14328,0.01037882257912422,2.2207320703635997e-05,-0.00021107664715840446,0.031415030610906336,-0.9750650955078187,1.8962813412415267,0.013,-0.0,0.0227
0.0121,-0.000732,-0.009033,1.311035,0.610657,0.445007,0.100861,0.010378822187015403,2.2226167934366517e-05,-0.00021121419526064412,0.035702074032175506,-0.9677567851543238,1.8976770882389071,0.013,-0.0,0.0227
0.0114,-0.011475,-0.016846,1.312988,0.335999,0.445007,0.070343,0.010378820437007405,2.230334566203274e-05,-0.0002118247814743681,0.031665991638469226,-0.9542741462482134,1.8990762269515844,0.013,-0.0,0.0227
0.0124,0.002441,-0.012207,1.304443,0.488586,0.353455,-0.326385,0.01037882055011267,2.230323963027212e-05,-0.00021179007230912934,0.03276482171134096,-0.9501787731287468,1.8951423008642758,0.013,-0.0,0.0227
0.0121,0.014404,-0.002686,1.310547,0.244446,0.261902,0.558624,0.010378822160435659,2.223671088389218e-05,-0.0002112354567515113,0.036453656973337405,-0.9545845233473853,1.9015256820672688,0.013,-0.0,0.0227
0.0122,-0.002686,-0.009521,1.302002,-0.091248,0.231384,0.375519,0.010378821585372938,2.2263890013984647e-05,-0.0002114351595973979,0.03191494179858414,-0.9489022157264178,1.906330691958968,0.013,-0.0,0.0227
0.0122,-0.011475,-0.004639,1.318359,0.06134,-0.134827,-0.051727,0.01037881985393883,2.2335634406318723e-05,-0.00021203033325859727,0.03235415188628788,-0.942274257892287,1.9060940688896428,0.013,-0.0,0.0227
0.0121,-0.007568,-0.001953,1.318604,0.152893,-0.501038,-0.234833,0.0103788186214447,2.2385577016906905e-05,-0.0002124526757234401,0.035543317688803845,-0.9424587498218988,1.9034907879762228,0.013,-0.0,0.0227
0.0112,0.008057,-0.010498,1.311279,0.091858,-0.043274,-0.051727,0.010378819428233658,2.2354578708881515e-05,-0.00021217981771532696,0.03265827299566348,-0.9466632747050984,1.9028288674634453,0.013,-0.0,0.0227
0.0121,0.000488,-0.018066,1.318604,0.519104,-0.043274,-0.051727,0.010378819317007168,2.236495153737409e-05,-0.0002122267302356511,0.030448371307259137,-0.9462138344555184,1.9024442471664427,0.013,-0.0,0.0227
0.012,-0.000244,-0.019287,1.321777,0.488586,0.353455,0.436554,0.010378819132078375,2.2378893253729313e-05,-0.0002122994830841541,0.02704462332980968,-0.9405977624157003,1.9079605800096242,0.013,-0.0,0.0227
0.0122,0.005371,-0.015137,1.314941,0.213928,0.53656,0.436554,0.010378819634276771,2.2360610678464437e-05,-0.00021213590396065393,0.022930676658098736,-0.9362022871214181,1.9133340232310236,0.013,-0.0,0.0227
0.0123,0.00415,-0.003418,1.311523,0.366516,0.628113,-0.02121,0.01037881992916141,2.2346845592646375e-05,-0.00021203568058979054,0.02792342116586474,-0.9299702480022308,1.9129915560054687,0.013,-0.0,0.0227
0.012,-0.00293,-0.006348,1.319336,0.458069,0.292419,0.100861,0.010378819383465713,2.237265354746018e-05,-0.0002122215774450547,0.032045883060495044,-0.9236467438694815,1.914372721140945,0.013,-0.0,0.0227
0.0119,-0.010498,-0.008545,1.30542,0.122375,0.292419,0.100861,0.0103788179801206,2.2438489553376272e-05,-0.00021269871830067446,0.030781116350609674,-0.9128999669455976,1.9159891339430954,0.013,-0.0,0.0227
0.0122,-0.006592,-0.009521,1.30957,-0.091248,0.109314,-0.112762,0.010378817075536995,2.2481508566676988e-05,-0.0002130080578177395,0.026446474025922543,-0.9067523158417442,1.9149149187580832,0.013,-0.0,0.0227
0.0121,-0.007812,-0.008789,1.30835,0.274963,0.109314,0.222931,0.010378816046243682,2.2530221667823395e-05,-0.00021335869387736073,0.026930266663553935,-0.8999518981680202,1.9179355549697803,0.013,-0.0,0.0227
0.0111,0.001709,-0.011475,1.307861,0.122375,0.261902,0.039825,0.010378816171952394,2.2524652426455275e-05,-0.0002133235710068643,0.023877201064368695,-0.8974298459925936,1.9184389953296288,0.013,-0.0,0.0227
0.0129,-0.009521,-0.008789,1.315674,0.305481,-0.134827,0.192413,0.010378814973881073,2.258224652107185e-05,-0.00021372969371615265,0.025017257421446774,-0.8927140668001421,1.9212897792399177,0.013,-0.0,0.0227
0.0117,0.002197,-0.010254,1.308594,0.671692,0.170349,-0.082245,0.010378815159868457,2.2572912608053943e-05,-0.0002136742575091523,0.029179329196025856,-0.8914620595792845,1.9203528398483487,0.013,-0.0,0.0227
0.0123,0.001709,-0.008057,1.310791,0.305481,-0.073792,-0.173798,0.01037881526581999,2.2567582467303243e-05,-0.00021364312478877912,0.03058949906881619,-0.8927795029329448,1.9182335599521052,0.013,-0.0,0.0227
0.0111,0.00415,-0.006836,1.295166,0.274963,0.048279,0.070343,0.010378815661354394,2.2547998844713486e-05,-0.00021351411528895936,0.03196664867040228,-0.8942618369151528,1.9189419106815067,0.013,-0.0,0.0227
0.0123,0.002686,-0.013916,1.324951,0.274963,-0.073792,0.436554,0.01037881588823356,2.2536901471604862e-05,-0.00021344831385085297,0.029398125708709005,-0.8960301457481036,1.9243698753544887,0.013,-0.0,0.0227
0.0126,0.000732,-0.010742,1.309082,0.305481,0.567078,-0.112762,0.010378815911142194,2.2536009299985626e-05,-0.00021344715471356508,0.02926884707685531,-0.8887574682646553,1.923028152292738,0.013,-0.0,0.0227
0.0119,0.008789,-0.001465,1.30835,0.519104,0.445007,0.070343,0.010378816762623382,2.249220830038708e-05,-0.00021316274583613334,0.03700236751229659,-0.888247711526136,1.9235987074199408,0.013,-0.0,0.0227
0.0121,-0.005615,-0.014404,1.307373,0.427551,0.322937,-0.082245,0.010378816133050812,2.252574987952302e-05,-0.00021338047337864818,0.0358875368851076,-0.8804513744643555,1.922913882199221,0.013,-0.0,0.0227
0.0119,-0.000488,-0.010254,1.319824,0.488586,0.139832,0.222931,0.010378816028773408,2.2531615287234704e-05,-0.00021342079473050818,0.037900025667492974,-0.8779667954471365,1.925674394978475,0.013,-0.0,0.0227
0.0122,0.00293,-0.008301,1.298828,0.305481,0.65863,0.131378,0.010378816321374317,2.2516426600241273e-05,-0.00021332867897765585,0.0389736591322732,-0.8714143013157616,1.927251715093159,0.013,-0.0,0.0227
0.0112,-0.007324,-0.015625,1.312988,0.244446,-0.134827,0.131378,0.010378815554145592,2.2558317695359918e-05,-0.000213591350066291,0.03470446533268763,-0.8681254876291696,1.9290868274588877,0.013,-0.0,0.0227
0.0121,-0.000732,-0.014648,1.314453,0.458069,-0.165344,-0.112762,0.01037881548169742,2.2562345116908794e-05,-0.00021362569664077813,0.03389293409292793,-0.8692893947730082,1.9278669182383155,0.013,-0.0,0.0227
0.0122,0.014893,-0.002686,1.300537,0.274963,-0.043274,-0.082245,0.010378816981219586,2.2478884523613436e-05,-0.0002131358007423133,0.03808004410605128,-0.8784959767558148,1.9263920534123113,0.013,-0.0,0.0227
0.0127,-0.001465,-0.006836,1.312988,0.274963,0.628113,-0.14328,0.010378816780449664,2.2490493667669257e-05,-0.00021320355526736767,0.03987637349588321,-0.8692440274521038,1.9246744836261092,0.013,-0.0,0.0227
0.0111,-0.006836,-0.009033,1.310059,0.274963,-0.165344,-0.082245,0.010378816050331741,2.2531968143892686e-05,-0.00021344552866518212,0.03989013461433876,-0.8666070029123093,1.924045377264284,0.013,-0.0,0.0227
0.0122,0.003174,-0.004883,1.310547,0.274963,0.292419,-0.082245,0.010378816326750816,2.251644461166514e-05,-0.00021335661997729153,0.04268850798149466,-0.864635652815503,1.922970761847672,0.013,-0.0,0.0227
0.012,-0.001465,-0.013428,1.312012,0.244446,0.353455,0.192413,0.01037881619512361,2.252474055503261e-05,-0.00021340775549767555,0.03988855649376348,-0.859243523863504,1.925437344287022,0.013,-0.0,0.0227
0.0121,-0.003174,-0.009521,1.318115,0.122375,0.200867,-0.02121,0.010378815869704324,2.2543868834667627e-05,-0.00021351787363195265,0.03806716240797916,-0.8546443804870465,1.925349539649546,0.013,-0.0,0.0227
0.0121,0.012695,-0.008789,1.311768,0.366516,0.506042,0.070343,0.010378817127970752,2.247095006124059e-05,-0.00021311663131236232,0.03959645109825079,-0.8559429689297778,1.9258616548704461,0.013,-0.0,0.0227
0.0116,0.007324,-0.007812,1.310059,0.244446,0.53656,-0.02121,0.010378817842972734,2.242971566784653e-05,-0.00021288947533068918,0.040126368831504715,-0.8539353922244264,1.9254384844581356,0.013,-0.0,0.0227
0.012,-0.006348,-0.014893,1.317139,0.244446,0.139832,0.009308,0.010378817255729514,2.2467234958936225e-05,-0.00021308527159616254,0.036551024609012495,-0.8482668498361936,1.92587881625262,0.013,-0.0,0.0227
0.0121,-0.003174,-0.004639,1.312256,0.488586,0.322937,0.070343,0.010378816935851864,2.248665701548387e-05,-0.00021318804308752783,0.042034944656154566,-0.8423573049999967,1.9268466289148105,0.013,-0.0,0.0227
0.0122,-0.003906,-0.009277,1.311035,0.091858,0.231384,-0.02121,0.010378816586925374,2.2508539271384653e-05,-0.0002133036394899837,0.03997276623423177,-0.837156126452237,1.9267684839841632,0.013,-0.0,0.0227
0.0121,-0.01001,-0.011475,1.31543,0.274963,-0.287415,0.039825,0.010378815674572885,2.256504348384745e-05,-0.00021360069852832618,0.038809792484676836,-0.8346007785832078,1.9276394535313706,0.013,-0.0,0.0227
0.0121,0.004639,-0.009033,1.31958,0.427551,0.139832,0.345001,0.010378816134532598,2.253664144271571e-05,-0.00021345929041158992,0.04089191307506451,-0.8356179234076542,1.9317158139215331,0.013,-0.0,0.0227
0.012,0.010498,-0.011719,1.307861,0.335999,0.017761,-0.112762,0.010378817165860168,2.2472727247169265e-05,-0.00021313902084769173,0.040278810586255424,-0.8416813692290772,1.9300987385057642,0.013,-0.0,0.0227
0.0122,0.001221,-0.012451,1.308594,-0.030212,0.445007,0.161896,0.010378817327973662,2.2463982083341145e-05,-0.00021309380093316446,0.03483597699999125,-0.8369838158614961,1.9321225083792737,0.013,-0.0,0.0227
0.0115,-0.001953,-0.011475,1.320801,0.458069,0.017761,0.070343,0.010378817178843225,2.247505884134368e-05,-0.00021314586424702606,0.03566918104933098,-0.8355420913624102,1.9330732564885282,0.013,-0.0,0.0227
0.0123,0.001221,-0.009521,1.304932,0.335999,0.200867,0.131378,0.010378817331482113,2.246610511256165e-05,-0.00021310187807830242,0.036477069895818434,-0.8338609621208242,1.9347020591791877,0.013,-0.0,0.0227
0.0121,-0.009277,-0.011475,1.314453,0.305481,0.139832,-0.051727,0.010378816537568914,2.2519881424446884e-05,-0.00021335546138606985,0.03574012099459631,-0.8266754569903504,1.9344523622227274,0.013,-0.0,0.0227
0.0112,-0.000244,-0.007324,1.307373,0.244446,0.231384,0.192413,0.01037881655599462,2.251899225022565e-05,-0.00021335231904247935,0.036478523121486146,-0.8240768648586669,1.9366397463055574,0.013,-0.0,0.0227
0.0125,0.007324,-0.005859,1.325439,0.244446,0.109314,0.009308,0.010378817216081263,2.2474880079398628e-05,-0.00021314823635558848,0.03843304131275958,-0.8270391680394439,1.9365348486323979,0.013,-0.0,0.0227
0.0123,-0.003174,-0.008789,1.296875,0.549622,0.200867,0.009308,0.010378816991369446,2.2490933810424334e-05,-0.00021322157183915135,0.042258963900344226,-0.822868365854971,1.9367916890035684,0.013,-0.0,0.0227
0.012,-0.005127,-0.009521,1.32251,0.427551,0.170349,0.070343,0.010378816589655279,2.2519120957755197e-05,-0.00021335033546473497,0.044039660820578565,-0.8178802052332698,1.9378514653034429,0.013,-0.0,0.0227
0.0122,0.007568,-0.009033,1.294434,0.335999,0.353455,0.009308,0.010378817334941764,2.2468590946376054e-05,-0.00021312382994983147,0.045023635875647235,-0.8184531759433393,1.9377462910261032,0.013,-0.0,0.0227
0.0112,-0.003418,-0.010254,1.319092,0.305481,0.078796,-0.02121,0.010378817096456326,2.248638780119099e-05,-0.00021320173971956693,0.044666297711523154,-0.8156868261379936,1.9376740119870548,0.013,-0.0,0.0227
0.0123,-0.000488,-0.007812,1.303711,0.397034,-0.256897,0.222931,0.010378817108385766,2.248624322122494e-05,-0.00021320089889504656,0.04713308825364707,-0.8187754367844594,1.940454989810623,0.013,-0.0,0.0227
0.0125,0.004395,-0.005615,1.305908,0.183411,0.322937,-0.26535,0.010378817526802654,2.2457048188177764e-05,-0.0002130736080826733,0.04840493184963098,-0.8175955342728035,1.936999628901034,0.013,-0.0,0.0227
0.0111,-0.01001,-0.012695,1.319092,0.305481,0.109314,-0.082245,0.010378816760470689,2.2513254187573848e-05,-0.00021331452489203542,0.04656022891267483,-0.8106375389805356,1.9364885001508028,0.013,-0.0,0.0227
0.0126,-0.009521,-0.008789,1.32251,0.274963,-0.134827,0.314484,0.010378816025026705,2.256673066819701e-05,-0.0002135430238399047,0.047040597189711646,-0.8069117598541146,1.940794844749129,0.013,-0.0,0.0227
0.0114,0.002197,-0.007568,1.297852,0.427551,0.292419,0.039825,0.010378816290009198,2.254768074624636e-05,-0.0002134655219381171,0.049647372720301904,-0.8053086643730837,1.941186063356401,0.013,-0.0,0.0227
0.0122,0.0,-0.005127,1.312012,0.244446,0.109314,-0.082245,0.010378816341880348,2.2543995885226997e-05,-0.00021345084693066602,0.051835661268652154,-0.8042904734152538,1.940177426867267,0.013,-0.0,0.0227
0.0123,-0.002441,-0.011719,1.313477,0.274963,-0.104309,-0.02121,0.010378816231088349,2.255272843009893e-05,-0.0002134909427846021,0.05049519219313718,-0.8044258600178489,1.9400447128957705,0.013,-0.0,0.0227
0.0124,0.008057,-0.008545,1.312012,0.366516,-0.012756,0.192413,0.010378816950431073,2.249972012086028e-05,-0.00021327696847600863,0.05215274364220923,-0.8096604234345748,1.9421881809970374,0.013,-0.0,0.0227
0.0113,0.001465,-0.010742,1.293701,0.183411,0.53656,0.009308,0.01037881716848414,2.248453738747782e-05,-0.0002132160392676885,0.05003505610794741,-0.8049221537017,1.9422873603557054,0.013,-0.0,0.0227
0.0126,-0.003418,-0.012451,1.321045,0.305481,-0.043274,0.283966,0.010378816978357443,2.2500516779377674e-05,-0.00021327900737232018,0.048718374864495526,-0.8037098218068904,1.9460409253924105,0.013,-0.0,0.0227
0.0112,-0.001465,-0.009033,1.303955,0.183411,0.475525,-0.14328,0.010378816948186834,2.2503660484046095e-05,-0.00021329163185663047,0.047688532970232206,-0.7979443768583724,1.9445107935551456,0.013,-0.0,0.0227
0.0121,-0.003418,-0.00708,1.30542,0.213928,0.170349,0.253448,0.01037881675626181,2.251901535398491e-05,-0.00021335120684443665,0.04829458789137462,-0.7943062870299901,1.9476970031469432,0.013,-0.0,0.0227
0.0123,-0.00293,-0.01416,1.300049,0.366516,0.170349,0.039825,0.010378816653435994,2.25283667110865e-05,-0.00021338932227708856,0.04660863482355961,-0.7909930890542142,1.9483443377409926,0.013,-0.0,0.0227
0.0121,0.009521,-0.007324,1.319336,0.030823,-0.073792,0.009308,0.010378817454847146,2.246530457791312e-05,-0.00021315409014416385,0.04494616434527551,-0.7978648144911834,1.9481426525922292,0.013,-0.0,0.0227
0.0121,0.004639,-0.005127,1.303467,0.030823,0.231384,0.161896,0.010378817878873441,2.2431803137728464e-05,-0.00021302925894542247,0.0445611236521399,-0.7982871486600976,1.9499314883306795,0.013,-0.0,0.0227
0.0122,-0.00415,-0.013428,1.326904,0.244446,0.048279,-0.02121,0.010378817650145462,2.245261210620305e-05,-0.00021310181746387634,0.041956740872154064,-0.7955655651392544,1.949882259190743,0.013,-0.0,0.0227
0.0112,-0.001709,-0.009033,1.30249,0.397034,0.567078,-0.112762,0.010378817614377348,2.2456742930627448e-05,-0.0002131151803228033,0.04336275876368841,-0.7887364213580045,1.9486979530423205,0.013,-0.0,0.0227
0.0122,0.005371,-0.005615,1.316162,0.427551,0.139832,-0.051727,0.010378818082883658,2.241889245500619e-05,-0.00021297870592703192,0.04753918361278254,-0.7906488305891204,1.9478766443066657,0.013,-0.0,0.0227
0.012,-0.002686,-0.01123,1.297119,0.122375,0.750183,0.253448,0.010378817998218276,2.2428012715362752e-05,-0.00021300706424138744,0.04456261352215573,-0.7807037683530352,1.9510489955346713,0.013,-0.0,0.0227
0.0125,0.001953,-0.00708,1.323486,0.213928,-0.34845,0.345001,0.010378818210565747,2.2411303938566934e-05,-0.0002129466389270642,0.04529150874681883,-0.786642774555383,1.9552973476998814,0.013,-0.0,0.0227
0.0121,0.012939,-0.003662,1.307861,-0.030212,0.65863,0.070343,0.010378819233272172,2.232608458577288e-05,-0.00021264875163938245,0.045054395340571124,-0.7869270402826524,1.9556816330492774,0.013,-0.0,0.0227
0.0112,-0.003174,-0.014648,1.316162,0.000305,0.231384,0.070343,0.010378819107164415,2.234127294916666e-05,-0.00021268841598786025,0.03874216708258025,-0.7829737898764164,1.9566597683632136,0.013,-0.0,0.0227
0.0121,-0.001953,-0.012695,1.314209,0.213928,0.445007,-0.02121,0.010378819071933063,2.2347875358055563e-05,-0.00021270112819857747,0.03620647690841889,-0.7770236188929538,1.9565273881720586,0.013,-0.0,0.0227
0.0126,0.015381,-0.004639,1.3125,0.397034,-0.012756,0.131378,0.010378820247109335,2.2247271907728194e-05,-0.00021236289790671324,0.04078907753155711,-0.7868259716971577,1.9576327131417393,0.013,-0.0,0.0227
0.0113,0.001221,-0.009766,1.308594,0.335999,0.689148,0.345001,0.01037882042566441,2.2235256129712383e-05,-0.00021231215526148827,0.041079903369588874,-0.7803629229814871,1.9615276498769436,0.013,-0.0,0.0227
0.0121,-0.006348,-0.011963,1.312256,0.458069,-0.287415,-0.234833,0.010378820068212152,2.2271031113568574e-05,-0.00021241546244790978,0.0419039133303199,-0.7806359225953357,1.9589595918905098,0.013,-0.0,0.0227
0.0122,-0.000244,-0.008789,1.315674,0.458069,0.322937,-0.112762,0.010378820136832221,2.226764059311356e-05,-0.000212396622654256,0.04461545616983298,-0.7771308315754586,1.9576153223206334,0.013,-0.0,0.0227
0.0121,0.003174,-0.011475,1.305176,0.274963,0.322937,0.192413,0.010378820465391419,2.2242714177405462e-05,-0.00021230421117653407,0.043405373668107455,-0.7757876802352923,1.9598820386160072,0.013,-0.0,0.0227
0.0122,0.001953,-0.011719,1.316406,0.335999,0.017761,0.009308,0.010378820693554936,2.222684110296177e-05,-0.00021224027013881156,0.042892293994034214,-0.7773028487965548,1.9599828448740442,0.013,-0.0,0.0227
0.0123,0.005127,-0.008545,1.321045,0.335999,0.322937,0.070343,0.010378821124767377,2.219059937041751e-05,-0.00021211892387824877,0.04427418100124819,-0.7769045253848942,1.9606947617455714,0.013,-0.0,0.0227
0.0119,0.013428,-0.003174,1.295654,0.366516,0.475525,-0.173798,0.01037882213833943,2.2097689928895084e-05,-0.00021183397171474806,0.04906020955340481,-0.7800036468022347,1.9581091892159457,0.013,-0.0,0.0227
0.0113,-0.000488,-0.012695,1.314453,0.06134,0.170349,0.070343,0.010378822190595792,2.210000637631734e-05,-0.00021181770218010805,0.04453709960997776,-0.7783672336298794,1.959003621883146,0.013,-0.0,0.0227
0.0123,-0.001953,-0.00708,1.314209,0.305481,0.292419,-0.02121,0.010378822136112935,2.210762520667139e-05,-0.00021183235714668645,0.04639628364093481,-0.7742324920598437,1.9588187770392802,0.013,-0.0,0.0227
0.0124,0.008789,-0.005371,1.29834,0.213928,0.292419,0.039825,0.010378822815909156,2.204576124152591e-05,-0.00021164234487444042,0.04812908924111142,-0.7765818779157907,1.9589870625624053,0.013,-0.0,0.0227
0.0112,0.000732,-0.005859,1.316895,0.305481,0.231384,0.100861,0.010378822934590673,2.2036533818139622e-05,-0.00021160867370707755,0.05031776663560499,-0.7750156463836747,1.960087580539665,0.013,-0.0,0.0227
0.0121,0.002686,-0.01123,1.320312,0.213928,0.139832,0.161896,0.0,0.0,0.0,-0.006304654170009464,-0.022130098724734825,0.0019605659836034843,0.013,-0.0,0.0227
0.0124,0.001221,-0.015625,1.311035,0.152893,0.41449,0.039825,0.0,0.0,0.0,-0.018896295261138896,-0.03811795911051502,0.0024609166382305193,0.013,-0.0,0.0227
0.0124,-0.000732,-0.01001,1.311279,0.274963,0.170349,0.100861,0.0,0.0,0.0,-0.022084648239478057,-0.05373188520650117,0.0037160746853062893,0.013,-0.0,0.0227
0.0112,-0.003174,-0.010742,1.320801,0.305481,0.139832,0.222931,0.0,0.0,0.0,-0.02594973967750942,-0.06593561251263984,0.0062198692193696095,0.013,-0.0,0.0227
0.0123,0.00708,-0.004883,1.309326,0.244446,0.261902,0.131378,0.0,0.0,0.0,-0.0226588692532143,-0.08909858031315979,0.007833562253584673,0.013,-0.0,0.0227
0.0121,0.001221,-0.006836,1.310791,0.213928,0.65863,-0.14328,0.0,0.0,0.0,-0.022274953475535653,-0.09934671668433093,0.006100189551298382,0.013,-0.0,0.0227
0.0124,-0.009521,-0.013428,1.305176,0.183411,-0.012756,-0.051727,0.0,0.0,0.0,-0.030266076233289984,-0.1039321891805733,0.0054778810170346085,0.013,-0.0,0.0227
0.0121,0.003174,-0.014404,1.317627,0.122375,0.292419,0.131378,0.0,0.0,0.0,-0.039762224079726315,-0.1198299984764254,0.0070871618739366425,0.013,-0.0,0.0227
0.0121,-0.00415,-0.01001,1.304932,0.305481,0.200867,0.009308,0.0,0.0,0.0,-0.04160788627517004,-0.12768237642109367,0.007210176976818538,0.013,-0.0,0.0227
0.011,0.000488,-0.005615,1.315186,0.213928,-0.043274,0.192413,0.0,0.0,0.0,-0.03950474796269389,-0.14332048356718965,0.009326680306271729,0.013,-0.0,0.0227
0.0126,0.005371,-0.007812,1.308594,0.274963,-0.134827,0.039825,0.0,0.0,0.0,-0.03887358272259286,-0.1653007346855189,0.009836437824236016,0.013,-0.0,0.0227
0.0114,0.002686,-0.008545,1.300293,0.305481,0.353455,0.192413,0.0,0.0,0.0,-0.039054271155383485,-0.1780082211877848,0.012037789345946718,0.013,-0.0,0.0227
0.0121,-0.010498,-0.012939,1.31958,0.213928,0.261902,0.131378,0.0,0.0,0.0,-0.04484060745208505,-0.17622884242679795,0.01365316435991895,0.013,-0.0,0.0227
0.0122,0.004639,-0.009766,1.309814,0.274963,0.597595,0.192413,0.0,0.0,0.0,-0.04623515113923325,-0.18705167615979565,0.016009247386671206,0.013,-0.0,0.0227
0.0122,0.001221,-0.01001,1.315674,0.397034,0.109314,0.009308,0.0,0.0,0.0,-0.04630958622651454,-0.19948999372022339,0.01613828696621068,0.013,-0.0,0.0227
0.0122,-0.004395,-0.009277,1.307129,0.152893,0.139832,0.039825,0.0,0.0,0.0,-0.048493823409225555,-0.20525120544942954,0.016637531117448496,0.013,-0.0,0.0227
0.0121,-0.003418,-0.009277,1.320557,0.641174,0.139832,0.283966,0.0,0.0,0.0,-0.04476315374318096,-0.21172577895050304,0.020087146369925896,0.013,-0.0,0.0227
0.012,0.007324,-0.00415,1.302734,0.213928,0.53656,0.039825,0.0,0.0,0.0,-0.040840619932343274,-0.224704989777724,0.02055139036170584,0.013,-0.0,0.0227
0.0121,-0.00415,-0.013672,1.317871,0.213928,0.017761,-0.173798,0.0,0.0,0.0,-0.046697836786285196,-0.23134892335868498,0.01848499210672806,0.013,-0.0,0.0227
0.0112,-0.000977,-0.014404,1.305176,0.305481,0.353455,0.131378,0.0,0.0,0.0,-0.0523673413150246,-0.23743639083088589,0.019992983268781996,0.013,-0.0,0.0227
0.0119,0.004639,-0.004395,1.304932,0.335999,-0.104309,-0.112762,0.0,0.0,0.0,-0.04719337861156283,-0.2540484230579418,0.018643047484243027,0.013,-0.0,0.0227
0.0122,-0.004883,-0.008301,1.301514,0.152893,0.383972,0.070343,0.0,0.0,0.0,-0.048118083383332906,-0.25493772926779507,0.0195102314645113,0.013,-0.0,0.0227
0.0121,0.000977,-0.006836,1.31543,0.519104,-0.073792,0.131378,0.0,0.0,0.0,-0.043194716392382045,-0.2668323821711357,0.02110511439099002,0.013,-0.0,0.0227
0.0121,0.010498,-0.003418,1.307861,0.244446,0.170349,0.161896,0.0,0.0,0.0,-0.03830927837944399,-0.2848085426648687,0.023047217630091696,0.013,-0.0,0.0227
0.0121,-0.001709,-0.010742,1.306885,0.244446,0.41449,0.161896,0.0,0.0,0.0,-0.040554075608857834,-0.287669744176478,0.025031018282393156,0.013,-0.0,0.0227
0.012,0.002686,-0.01001,1.314209,0.213928,0.139832,0.161896,0.0,0.0,0.0,-0.04236678963003292,-0.2977578944002333,0.0269955782454636,0.013,-0.0,0.0227
0.0124,0.004883,-0.008545,1.314697,0.397034,0.200867,0.039825,0.0,0.0,0.0,-0.04041151731900937,-0.3088077843048914,0.027502247679274183,0.013,-0.0,0.0227
0.0121,-0.007324,-0.010254,1.313965,0.244446,0.139832,0.131378,0.0,0.0,0.0,-0.041981586181744274,-0.3090398696875428,0.029118877176606696,0.013,-0.0,0.0227
0.0119,-0.00415,-0.015625,1.309082,0.427551,0.200867,0.283966,0.0,0.0,0.0,-0.04635213377201177,-0.3115047874845328,0.03255498750589885,0.013,-0.0,0.0227
0.0111,-0.004639,-0.005127,1.318115,0.305481,-0.104309,-0.112762,0.0,0.0,0.0,-0.04264360330384452,-0.31686350532958696,0.031300646063587456,0.013,-0.0,0.0227
0.012,-0.001465,-0.003906,1.30542,0.122375,0.139832,-0.051727,0.0,0.0,0.0,-0.03979270437238117,-0.3222629970657508,0.030667038916395193,0.013,-0.0,0.0227
0.0122,-0.006348,-0.014648,1.309082,0.488586,0.261902,0.039825,0.0,0.0,0.0,-0.04217987021859511,-0.32162476362498665,0.031205365100191552,0.013,-0.0,0.0227
0.0123,0.004883,-0.004639,1.325439,0.366516,0.078796,0.253448,0.0,0.0,0.0,-0.03704108075552495,-0.33288810995034007,0.03431278246860546,0.013,-0.0,0.0227
0.012,-0.001465,-0.010986,1.304932,0.335999,0.353455,0.100861,0.0,0.0,0.0,-0.03803262369691773,-0.3353304291976364,0.035552634010511994,0.013,-0.0,0.0227
0.0121,0.0,-0.01123,1.309814,0.183411,0.475525,0.131378,0.0,0.0,0.0,-0.040944398555970485,-0.33741847894894395,0.03717106394561699,0.013,-0.0,0.0227
0.0123,0.003906,-0.010254,1.316895,0.335999,0.200867,0.131378,0.0,0.0,0.0,-0.041018365868574005,-0.34592396623236604,0.03881031164307335,0.013,-0.0,0.0227
0.0114,0.002441,-0.008545,1.307617,0.366516,0.41449,0.161896,0.0,0.0,0.0,-0.03958098930469616,-0.3508409491802619,0.040667996429715775,0.013,-0.0,0.0227
0.0122,-0.005859,-0.013184,1.316895,0.183411,0.41449,0.039825,0.0,0.0,0.0,-0.04393730911056616,-0.3481788402622934,0.041198155133947534,0.013,-0.0,0.0227
0.0122,0.002686,-0.00708,1.307129,0.183411,0.292419,0.192413,0.0,0.0,0.0,-0.04309451810395681,-0.3542648344994888,0.04354785765175814,0.013,-0.0,0.0227
0.0117,0.000977,-0.003174,1.313965,0.366516,0.048279,0.039825,0.0,0.0,0.0,-0.03696162471295177,-0.36164340629019254,0.04399469170366845,0.013,-0.0,0.0227
0.0125,-0.007812,-0.014648,1.313965,0.274963,0.109314,0.161896,0.0,0.0,0.0,-0.04126148368367953,-0.3608054390006926,0.046077469996079944,0.013,-0.0,0.0227
0.0116,0.001221,-0.005859,1.314941,0.427551,0.353455,-0.082245,0.0,0.0,0.0,-0.03671285208767391,-0.36467849378051953,0.045119003899278566,0.013,-0.0,0.0227
0.0116,0.000488,-0.010498,1.307617,0.091858,-0.104309,-0.112762,0.0,0.0,0.0,-0.03985934961939882,-0.3731408912582936,0.043841033465271864,0.013,-0.0,0.0227
0.0123,-0.002197,-0.008789,1.310303,0.335999,0.170349,-0.02121,0.0,0.0,0.0,-0.03852152242197334,-0.3759734859161992,0.04359830462497067,0.013,-0.0,0.0227
0.0124,0.002441,-0.010986,1.308838,0.397034,0.048279,-0.02121,0.0,0.0,0.0,-0.0381798846833249,-0.38395750084850716,0.0433670829562349,0.013,-0.0,0.0227
0.0119,-0.002197,-0.01001,1.313232,0.335999,0.109314,0.009308,0.0,0.0,0.0,-0.03793047484713671,-0.3873305186104673,0.04350531651592043,0.013,-0.0,0.0227
0.0122,-0.003906,-0.007812,1.309814,0.122375,0.200867,0.406036,0.0,0.0,0.0,-0.03842703441306889,-0.3881576520124726,0.04847166175089447,0.013,-0.0,0.0227
0.0121,0.006592,-0.00708,1.319092,0.305481,0.261902,-0.295868,0.0,0.0,0.0,-0.03608360585549315,-0.39641752648938283,0.04489284640307854,0.013,-0.0,0.0227
0.0112,0.000732,-0.004883,1.298096,0.305481,0.261902,0.131378,0.0,0.0,0.0,-0.03236025037295841,-0.40034473815866056,0.04635464467048466,0.013,-0.0,0.0227
0.0121,-0.001953,-0.011963,1.317383,0.641174,0.109314,0.314484,0.0,0.0,0.0,-0.029912282761518198,-0.40350343849540704,0.05020307280890271,0.013,-0.0,0.0227
0.0121,0.003906,-0.012939,1.313721,0.274963,0.078796,0.009308,0.0,0.0,0.0,-0.03257990005904728,-0.4115084818142945,0.050362321934665125,0.013,-0.0,0.0227
0.0121,0.009277,-0.008057,1.295898,0.305481,0.170349,0.253448,0.0,0.0,0.0,-0.031120579025679128,-0.4226338002754853,0.05343736920158468,0.013,-0.0,0.0227
0.0122,-0.000977,-0.009521,1.317139,0.244446,0.261902,0.039825,0.0,0.0,0.0,-0.03142831484444778,-0.4243104994498474,0.05394860220680849,0.013,-0.0,0.0227
0.012,0.0,-0.010986,1.308105,0.458069,0.017761,-0.02121,0.0,0.0,0.0,-0.030369215563505997,-0.429695984761052,0.053731690628591795,0.013,-0.0,0.0227
0.0122,-0.000244,-0.004639,1.309082,0.213928,-0.043274,0.161896,0.0,0.0,0.0,-0.027352712105332314,-0.43551574823329636,0.05569807973902871,0.013,-0.0,0.0227
0.012,-0.003906,-0.012695,1.315186,0.305481,0.139832,0.100861,0.0,0.0,0.0,-0.02937452247811566,-0.4362548792625021,0.05696140039816385,0.013,-0.0,0.0227
0.0111,-0.00293,-0.006592,1.310059,0.305481,0.261902,-0.02121,0.0,0.0,0.0,-0.027050539183316256,-0.43651858975048025,0.05673198618192166,0.013,-0.0,0.0227
0.0122,0.003662,-0.013916,1.313721,-0.030212,0.200867,0.192413,0.0,0.0,0.0,-0.033913163356505314,-0.44207964258918164,0.059134758609862434,0.013,-0.0,0.0227
0.0121,-0.002197,-0.011963,1.310059,0.152893,0.200867,0.100861,0.0,0.0,0.0,-0.037028407306228785,-0.44324731282995705,0.06039990870776489,0.013,-0.0,0.0227
0.0121,-0.003662,-0.015625,1.318115,0.274963,-0.104309,0.070343,0.0,0.0,0.0,-0.04126814214034405,-0.4468959356800282,0.06132606180629309,0.013,-0.0,0.0227
0.0122,0.003662,-0.006104,1.308594,0.274963,0.139832,-0.051727,0.0,0.0,0.0,-0.03844364417700929,-0.45299572787182746,0.060690033776559744,0.013,-0.0,0.0227
0.0121,0.000244,-0.007568,1.297852,0.397034,0.41449,0.039825,0.0,0.0,0.0,-0.03531903090068452,-0.4533060736098307,0.06117980661804557,0.013,-0.0,0.0227
0.0121,-0.015381,-0.010254,1.317871,0.305481,-0.043274,-0.051727,0.0,0.0,0.0,-0.03522150286333422,-0.4475965646039005,0.06059901410876889,0.013,-0.0,0.0227
0.0121,0.000977,-0.00708,1.320068,0.091858,0.353455,0.406036,0.0,0.0,0.0,-0.035416569178344876,-0.44899517356099045,0.06551558575253365,0.013,-0.0,0.0227
0.0112,0.002441,-0.009766,1.307617,0.152893,0.109314,-0.082245,0.0,0.0,0.0,-0.036916677882118845,-0.45452410833246215,0.06461864566934249,0.013,-0.0,0.0227
0.013,-0.003906,-0.009766,1.317627,0.244446,0.322937,0.070343,0.0,0.0,0.0,-0.03692829549716167,-0.45240356091969214,0.06556103752523239,0.013,-0.0,0.0227
0.0117,0.001465,-0.010254,1.309082,0.335999,0.078796,0.131378,0.0,0.0,0.0,-0.03655771085773032,-0.457423062272749,0.06712710329376076,0.013,-0.0,0.0227
0.0117,0.009766,-0.006104,1.312744,0.366516,0.231384,-0.02121,0.0,0.0,0.0,-0.03285405914275201,-0.46644314305875983,0.06686795946532233,0.013,-0.0,0.0227
0.0125,-0.001465,-0.006836,1.298828,0.244446,-0.012756,-0.082245,0.0,0.0,0.0,-0.03093980348865893,-0.47030512076432496,0.06584757932189697,0.013,-0.0,0.0227
0.0116,-0.010742,-0.013916,1.32666,0.397034,0.109314,-0.14328,0.0,0.0,0.0,-0.032406811330188245,-0.4660326632622976,0.06425526239862793,0.013,-0.0,0.0227
0.0119,0.003906,-0.010498,1.297607,0.702209,0.078796,0.222931,0.0,0.0,0.0,-0.02788066011490235,-0.4725980606853111,0.06693865467362434,0.013,-0.0,0.0227
0.012,-0.001709,-0.01123,1.318848,0.305481,0.139832,-0.14328,0.0,0.0,0.0,-0.02843595055624643,-0.47420906151677644,0.06526039441526464,0.013,-0.0,0.0227
0.0124,-0.005371,-0.010254,1.300537,0.122375,0.078796,-0.051727,0.0,0.0,0.0,-0.03047939467956213,-0.47403806832468093,0.06465671802524466,0.013,-0.0,0.0227
0.0122,0.001709,-0.004883,1.321777,0.183411,0.200867,0.222931,0.0,0.0,0.0,-0.02803984352395462,-0.47717753593824225,0.0673643017824435,0.013,-0.0,0.0227
0.0111,0.002441,-0.00415,1.298584,0.305481,0.292419,0.070343,0.0,0.0,0.0,-0.023967675205628633,-0.48018014817100235,0.06812652443368275,0.013,-0.0,0.0227
0.012,-0.004883,-0.015625,1.329102,0.274963,0.139832,-0.082245,0.0,0.0,0.0,-0.027825173613020934,-0.47942322251009123,0.06721821765793845,0.013,-0.0,0.0227
0.0121,0.004883,-0.007324,1.30835,0.244446,0.139832,-0.234833,0.0,0.0,0.0,-0.026343315517594685,-0.48548065553907616,0.06438056522591983,0.013,-0.0,0.0227
0.0122,0.004395,-0.006592,1.312256,0.335999,0.231384,0.222931,0.0,0.0,0.0,-0.02328802295635815,-0.48994670408226965,0.06709935774903748,0.013,-0.0,0.0227
0.0121,-0.002441,-0.015381,1.300537,0.305481,0.261902,0.100861,0.0,0.0,0.0,-0.026704803682717458,-0.4894145348023871,0.0683966862165475,0.013,-0.0,0.0227
0.0121,0.001709,-0.004639,1.316406,0.335999,-0.043274,0.039825,0.0,0.0,0.0,-0.022327235472933183,-0.4952346042778774,0.06886621836207626,0.013,-0.0,0.0227
0.0114,-0.001465,-0.007812,1.307861,0.183411,0.170349,0.070343,0.0,0.0,0.0,-0.022110356844310605,-0.4964466352594966,0.06968415878119318,0.013,-0.0,0.0227
0.0122,-0.007324,-0.013428,1.320068,0.122375,0.170349,-0.234833,0.0,0.0,0.0,-0.026195937359415795,-0.4934902348599863,0.06688573315860546,0.013,-0.0,0.0227
0.0122,0.010742,-0.00293,1.302979,0.397034,-0.012756,-0.173798,0.0,0.0,0.0,-0.019878866744377634,-0.5050776541627243,0.06472820545632796,0.013,-0.0,0.0227
0.0119,0.000977,-0.00415,1.30835,0.183411,0.048279,0.314484,0.0,0.0,0.0,-0.0171470037423753,-0.509132662620349,0.06845555756351154,0.013,-0.0,0.0227
0.014,-0.005371,-0.010254,1.303223,0.458069,0.200867,0.131378,0.0,0.0,0.0,-0.014371873408260164,-0.5066865383623916,0.07033755488570663,0.013,-0.0,0.0227
0.0101,-0.008545,-0.008057,1.304443,0.580139,0.231384,-0.112762,0.0,0.0,0.0,-0.0106533289726655,-0.5026024897047536,0.06922711178145578,0.013,-0.0,0.0227
0.0122,-0.004639,-0.007568,1.305176,0.397034,0.078796,-0.112762,0.0,0.0,0.0,-0.007646683061154323,-0.5025404582533711,0.06787180901593905,0.013,-0.0,0.0227
0.0124,-0.00708,-0.014648,1.321289,0.183411,0.170349,0.161896,0.0,0.0,0.0,-0.011883780233436066,-0.4996470096946052,0.06995798445052683,0.013,-0.0,0.0227
0.0112,0.001465,-0.01001,1.30127,0.427551,0.292419,0.192413,0.0,0.0,0.0,-0.010569995741456584,-0.5014169071212438,0.07214422559106745,0.013,-0.0,0.0227
0.0121,-0.000244,-0.008545,1.31958,0.183411,0.200867,-0.082245,0.0,0.0,0.0,-0.010765313637927714,-0.5027169630644907,0.07117054112324206,0.013,-0.0,0.0227
0.0122,0.000244,-0.014404,1.316162,0.366516,-0.012756,0.070343,0.0,0.0,0.0,-0.012592846083290714,-0.5068934210087276,0.0720969594125547,0.013,-0.0,0.0227
0.0121,0.00293,-0.005615,1.306152,0.397034,0.383972,-0.082245,0.0,0.0,0.0,-0.008292046691565951,-0.5081130363303438,0.07109537776595097,0.013,-0.0,0.0227
0.0122,0.005859,-0.003662,1.307861,0.152893,0.231384,0.497589,0.0,0.0,0.0,-0.005722523462741188,-0.5130150368731846,0.07714115979968622,0.013,-0.0,0.0227
0.012,-0.000244,-0.011475,1.312256,0.091858,0.292419,0.070343,0.0,0.0,0.0,-0.008999887826672737,-0.5131317736311415,0.07803200864485772,0.013,-0.0,0.0227
0.0122,-0.004395,-0.013672,1.320801,0.366516,-0.134827,0.100861,0.0,0.0,0.0,-0.01029807324610809,-0.5155831834061106,0.0793329829956899,0.013,-0.0,0.0227
0.0111,0.003418,-0.008301,1.294922,0.183411,0.689148,0.131378,0.0,0.0,0.0,-0.010549312080678861,-0.5140937995715692,0.08080531548266388,0.013,-0.0,0.0227
0.012,-0.004395,-0.007324,1.321045,0.213928,-0.073792,0.070343,0.0,0.0,0.0,-0.009586492012996991,-0.5157774017097254,0.0816679422589208,0.013,-0.0,0.0227
0.0122,-0.004883,-0.013916,1.319824,0.274963,-0.012756,-0.082245,0.0,0.0,0.0,-0.01207785573380561,-0.5164112940005887,0.08073692253379909,0.013,-0.0,0.0227
0.0122,-0.006348,-0.008545,1.300537,-0.06073,0.353455,0.009308,0.0,0.0,0.0,-0.015176643393868197,-0.5117616531457477,0.08087961101093277,0.013,-0.0,0.0227
0.0121,0.000488,-0.011963,1.317627,0.244446,0.200867,-0.112762,0.0,0.0,0.0,-0.016726336967358785,-0.513340271683355,0.07956157554681911,0.013,-0.0,0.0227
0.0121,0.005371,-0.009521,1.314941,0.305481,0.109314,0.253448,0.0,0.0,0.0,-0.016000740218041827,-0.5191394330465321,0.08264849740634532,0.013,-0.0,0.0227
0.0122,0.009766,-0.009033,1.313965,0.244446,0.53656,0.070343,0.0,0.0,0.0,-0.01565389178337265,-0.5225221644248165,0.0835151131046802,0.013,-0.0,0.0227
0.0112,0.009033,-0.009277,1.303955,0.397034,0.719666,-0.26535,0.0,0.0,0.0,-0.013998824239505579,-0.5239872804137098,0.08055483099862187,0.013,-0.0,0.0227
0.0121,-0.006104,-0.007812,1.319092,0.305481,0.322937,-0.051727,0.0,0.0,0.0,-0.012156532960061204,-0.5197324504600868,0.07995303004075116,0.013,-0.0,0.0227
0.0121,0.003662,-0.012451,1.313721,0.152893,0.170349,0.161896,0.0,0.0,0.0,-0.015141928058170233,-0.5235919900113583,0.0819597582371252,0.013,-0.0,0.0227
0.0123,0.004883,-0.011475,1.30542,0.305481,0.017761,0.131378,0.0,0.0,0.0,-0.015604591547167005,-0.5300770731093944,0.08361433806088865,0.013,-0.0,0.0227
0.0122,-0.005371,-0.009766,1.324219,0.458069,0.078796,-0.173798,0.0,0.0,0.0,-0.013074004282526754,-0.5291079649890043,0.08153448956011439,0.013,-0.0,0.0227
0.0122,-0.004639,-0.015137,1.310547,0.213928,0.078796,0.192413,0.0,0.0,0.0,-0.01699908631860836,-0.5286765667185304,0.08396642656599822,0.013,-0.0,0.0227
0.012,0.001709,-0.00415,1.319092,0.610657,0.078796,-0.051727,0.0,0.0,0.0,-0.009209440062686779,-0.5322229734929916,0.0833274911805471,0.013,-0.0,0.0227
0.0111,-0.000244,-0.007568,1.30957,0.366516,0.231384,0.253448,0.0,0.0,0.0,-0.0069236990326513,-0.5329506020205168,0.0861552117675162,0.013,-0.0,0.0227
0.0123,-0.005859,-0.012695,1.314697,0.183411,0.017761,0.070343,0.0,0.0,0.0,-0.009656531018008903,-0.5324190646400772,0.0870876177715228,0.013,-0.0,0.0227
0.0122,0.006348,-0.004883,1.301758,0.183411,0.078796,0.161896,0.0,0.0,0.0,-0.007469697001181355,-0.5389646580191192,0.08904278349899324,0.013,-0.0,0.0227
0.0122,0.000488,-0.007568,1.309326,0.335999,0.170349,0.192413,0.0,0.0,0.0,-0.0051624512842886276,-0.5405514124436857,0.0914041711608599,0.013,-0.0,0.0227
0.0119,-0.004883,-0.009277,1.313232,-0.030212,0.445007,0.131378,0.0,0.0,0.0,-0.00834642567953103,-0.5355343952711722,0.09300423267131554,0.013,-0.0,0.0227
0.0122,0.002441,-0.010742,1.30835,0.152893,0.475525,-0.082245,0.0,0.0,0.0,-0.010199322704339321,-0.5347026141576094,0.09203637961796635,0.013,-0.0,0.0227
0.0122,-0.00293,-0.013184,1.309814,0.183411,0.109314,0.131378,0.0,0.0,0.0,-0.013211038731558843,-0.5349095989527565,0.09370528300625836,0.013,-0.0,0.0227
0.0113,-0.016846,-0.015381,1.318359,0.122375,0.41449,0.253448,0.0,0.0,0.0,-0.01836422327126763,-0.5230963180414695,0.09667548894120127,0.013,-0.0,0.0227
0.0119,0.002197,-0.008057,1.303955,0.274963,0.292419,-0.051727,0.0,0.0,0.0,-0.017025276754550435,-0.5245551796451965,0.0960696164030755,0.013,-0.0,0.0227
0.0118,-0.004395,-0.004395,1.308838,0.305481,0.078796,-0.02121,0.0,0.0,0.0,-0.01307862370908859,-0.5243566567887754,0.09581243502262583,0.013,-0.0,0.0227
0.0122,-0.014648,-0.016602,1.318359,0.122375,0.200867,0.161896,0.0,0.0,0.0,-0.01884241719555092,-0.5162617346551033,0.09789819767889792,0.013,-0.0,0.0227
0.0124,0.006104,-0.006836,1.300781,0.397034,0.139832,0.222931,0.0,0.0,0.0,-0.015128125893046592,-0.5219788401643098,0.10065463925299428,0.013,-0.0,0.0227
0.0122,0.001221,-0.004395,1.324463,0.427551,0.353455,0.222931,0.0,0.0,0.0,-0.009638838503479366,-0.5218378431818647,0.10335696189210884,0.013,-0.0,0.0227
0.012,0.000732,-0.01709,1.307129,0.122375,0.170349,0.070343,0.0,0.0,0.0,-0.015797857429488624,-0.5237629028548804,0.10428873211823785,0.013,-0.0,0.0227
0.012,0.001465,-0.010986,1.307373,0.152893,0.170349,0.039825,0.0,0.0,0.0,-0.017719075490060417,-0.5261151517493462,0.10480178249186005,0.013,-0.0,0.0227
0.0113,-0.00293,-0.012207,1.311279,0.274963,0.200867,-0.112762,0.0,0.0,0.0,-0.01907924242488581,-0.5254620481152616,0.10358111964846228,0.013,-0.0,0.0227
0.0124,-0.003662,-0.014893,1.317871,0.091858,0.292419,0.100861,0.0,0.0,0.0,-0.024018596345371467,-0.5229863432571444,0.10490711253561981,0.013,-0.0,0.0227
0.0115,0.006592,-0.005127,1.29834,0.458069,0.109314,0.070343,0.0,0.0,0.0,-0.018817500614433155,-0.5293648816832742,0.1056907224522501,0.013,-0.0,0.0227
0.0122,0.001953,-0.002197,1.310059,0.213928,0.231384,0.222931,0.0,0.0,0.0,-0.014510981669743551,-0.5311389830183707,0.10837127458727748,0.013,-0.0,0.0227
0.0122,-0.006348,-0.011475,1.304443,0.366516,0.170349,0.100861,0.0,0.0,0.0,-0.014131950178619955,-0.5285367493261479,0.1096581819395977,0.013,-0.0,0.0227
0.0121,-0.004639,-0.00708,1.320557,0.152893,0.109314,-0.051727,0.0,0.0,0.0,-0.013594434055620946,-0.527690009415904,0.10904806794363875,0.013,-0.0,0.0227
0.0124,0.0,-0.004639,1.298096,0.366516,0.109314,0.009308,0.0,0.0,0.0,-0.008913499405834658,-0.5298073957698733,0.10914988716204502,0.013,-0.0,0.0227
0.0122,-0.005371,-0.011719,1.31543,0.000305,0.261902,-0.02121,0.0,0.0,0.0,-0.013106129752799782,-0.5266704458273405,0.10894672108978097,0.013,-0.0,0.0227
0.011,0.001709,-0.013916,1.30957,0.274963,0.170349,-0.173798,0.0,0.0,0.0,-0.015604696358366924,-0.5292415693774637,0.10709377306415667,0.013,-0.0,0.0227
0.012,0.012695,-0.005127,1.313965,0.122375,0.322937,0.100861,0.0,0.0,0.0,-0.01425340074143252,-0.5364691925739566,0.10826647491769308,0.013,-0.0,0.0227
0.0122,-0.004395,-0.012939,1.312012,0.213928,0.170349,0.131378,0.0,0.0,0.0,-0.01656508004851953,-0.5349750063081242,0.10993451111936153,0.013,-0.0,0.0227
0.0127,-0.004639,-0.008057,1.319824,0.335999,0.261902,-0.051727,0.0,0.0,0.0,-0.01419686998285955,-0.5320772451415972,0.1093013141550249,0.013,-0.0,0.0227
0.0111,0.008545,-0.004395,1.29126,0.366516,0.322937,0.283966,0.0,0.0,0.0,-0.009858190408307757,-0.5372545717476188,0.1124180536771264,0.013,-0.0,0.0227
0.0123,-0.006104,-0.013184,1.311523,0.244446,-0.043274,0.039825,0.0,0.0,0.0,-0.011952788488976686,-0.5372934438627184,0.11298064883882131,0.013,-0.0,0.0227
0.0121,0.000488,-0.008545,1.32251,0.488586,-0.043274,0.131378,0.0,0.0,0.0,-0.008312175992229462,-0.5412599266095253,0.11458969125603308,0.013,-0.0,0.0227
0.0122,0.005615,-0.007568,1.312256,0.091858,0.261902,0.131378,0.0,0.0,0.0,-0.00887272902899555,-0.544693261832618,0.11619192173211974,0.013,-0.0,0.0227
0.0122,0.008789,-0.003906,1.298584,0.244446,0.261902,0.222931,0.0,0.0,0.0,-0.005364256127131538,-0.5501653623395276,0.11887284823204698,0.013,-0.0,0.0227
0.012,-0.006348,-0.009766,1.317871,0.519104,0.017761,-0.051727,0.0,0.0,0.0,-0.0022026306858701577,-0.5491549720650339,0.11829904488568112,0.013,-0.0,0.0227
0.0113,-0.000732,-0.005859,1.312744,0.183411,0.170349,-0.173798,0.0,0.0,0.0,-0.0008123768277590596,-0.5498866533592435,0.11633561871538624,0.013,-0.0,0.0227
0.0121,0.000488,-0.007812,1.314941,0.213928,0.139832,0.070343,0.0,0.0,0.0,-0.00013235203199735423,-0.5515620448489773,0.11720220438058918,0.013,-0.0,0.0227
0.0123,-0.001953,-0.013184,1.318115,0.305481,0.383972,0.222931,0.0,0.0,0.0,-0.0015546802760285482,-0.5487264567241467,0.12001168420834311,0.013,-0.0,0.0227
0.0121,0.002197,-0.01001,1.302979,0.335999,-0.012756,0.192413,0.0,0.0,0.0,-0.00077426246894253,-0.5533638994672059,0.12237069708721175,0.013,-0.0,0.0227
0.0122,0.001953,-0.011475,1.324219,0.335999,0.41449,0.161896,0.0,0.0,0.0,-0.0007903234348268822,-0.5524810246549807,0.12438985668100178,0.013,-0.0,0.0227
0.012,0.002441,-0.009521,1.303955,0.274963,0.353455,-0.14328,0.0,0.0,0.0,-0.00043345162874408334,-0.5528642736255898,0.12269613519120438,0.013,-0.0,0.0227
0.0112,-0.009521,-0.010254,1.322998,0.488586,0.41449,0.039825,0.0,0.0,0.0,0.0016575263895831007,-0.5455311062464547,0.12320140192341388,0.013,-0.0,0.0227
0.0122,0.001709,-0.01001,1.298584,0.213928,-0.226379,-0.02121,0.0,0.0,0.0,0.0009893012389251103,-0.5525032585478169,0.12297382315457951,0.013,-0.0,0.0227
0.0121,0.001221,-0.009521,1.319824,0.366516,0.231384,0.161896,0.0,0.0,0.0,0.002459253248344922,-0.5534413926503664,0.12496138037885356,0.013,-0.0,0.0227
0.0126,-0.009521,-0.015381,1.300781,0.122375,-0.012756,-0.14328,0.0,0.0,0.0,-0.002518688273709491,-0.5509102087952279,0.123261512893841,0.013,-0.0,0.0227
0.0112,0.00415,-0.005859,1.320312,0.305481,0.231384,0.100861,0.0,0.0,0.0,0.00018951724912767617,-0.553811675814987,0.12437934016257715,0.013,-0.0,0.0227
0.0122,0.004395,-0.002686,1.297363,0.458069,-0.012756,0.100861,0.0,0.0,0.0,0.006928803956980734,-0.5597478261450493,0.12556993590404333,0.013,-0.0,0.0227
0.0121,-0.001221,-0.008301,1.322021,0.183411,0.41449,0.222931,0.0,0.0,0.0,0.006875961636438572,-0.5569345380106636,0.12829261483688884,0.013,-0.0,0.0227
0.0126,-0.00415,-0.01123,1.303711,0.091858,-0.134827,-0.082245,0.0,0.0,0.0,0.004005929878659877,-0.559136382096935,0.12731359118789312,0.013,-0.0,0.0227
0.0111,0.010254,-0.00708,1.320801,0.213928,0.170349,0.161896,0.0,0.0,0.0,0.004876742346837301,-0.5662600478613288,0.12909690571271487,0.013,-0.0,0.0227
0.0128,0.006592,-0.010498,1.294922,0.397034,0.261902,0.467072,0.0,0.0,0.0,0.006267167098891152,-0.5699419229233414,0.13510269812576187,0.013,-0.0,0.0227
0.0121,-0.004639,-0.011719,1.317871,0.549622,0.231384,0.161896,0.0,0.0,0.0,0.008566358214879768,-0.5671916305697694,0.13712761814550875,0.013,-0.0,0.0227
0.011,-0.002441,-0.008789,1.30835,0.244446,0.322937,0.009308,0.0,0.0,0.0,0.008678636503756415,-0.5650899113189487,0.1372634462693373,0.013,-0.0,0.0227
0.0123,0.001709,-0.005127,1.308594,0.305481,0.078796,0.192413,0.0,0.0,0.0,0.012023657489489801,-0.5680556285825104,0.1396200451575784,0.013,-0.0,0.0227
0.0121,-0.00293,-0.013428,1.309814,0.183411,0.200867,-0.112762,0.0,0.0,0.0,0.008872053542971122,-0.5667520062112904,0.13833288779951683,0.013,-0.0,0.0227
0.0122,0.008301,-0.009033,1.30957,0.335999,0.780701,0.283966,0.0,0.0,0.0,0.010202198254508034,-0.5651758787929475,0.141806983280333,0.013,-0.0,0.0227
0.0114,0.004883,-0.008545,1.306396,0.397034,0.353455,0.192413,0.0,0.0,0.0,0.012243385536909089,-0.5670246897300822,0.1440141234951752,0.013,-0.0,0.0227
0.0123,0.001709,-0.010498,1.32373,0.213928,0.292419,0.131378,0.0,0.0,0.0,0.011267676477806125,-0.5672475270445598,0.14566984416295037,0.013,-0.0,0.0227
0.0118,-0.005127,-0.007812,1.314453,0.091858,0.261902,0.070343,0.0,0.0,0.0,0.010357876796941608,-0.5639630501644516,0.1465318828731469,0.013,-0.0,0.0227
0.012,-0.000732,-0.009277,1.310791,0.397034,0.200867,-0.204315,0.0,0.0,0.0,0.012252308264574458,-0.5640257460937617,0.14411406667835633,0.013,-0.0,0.0227
0.0121,-0.001709,-0.01416,1.311523,0.458069,-0.165344,0.222931,0.0,0.0,0.0,0.011936350037674034,-0.5678648409791547,0.14689269225363538,0.013,-0.0,0.0227
0.0128,-0.000244,-0.012207,1.318848,0.244446,-0.104309,0.039825,0.0,0.0,0.0,0.010442866777755973,-0.5718314610566065,0.1474615802490106,0.013,-0.0,0.0227
0.0115,0.012695,-0.002441,1.312012,0.305481,0.383972,0.009308,0.0,0.0,0.0,0.015152263819017053,-0.5778155681569141,0.1475040722725161,0.013,-0.0,0.0227
0.0121,0.000488,-0.012451,1.306396,0.427551,0.078796,0.070343,0.0,0.0,0.0,0.015463206483794416,-0.5799284252583328,0.1484185096961216,0.013,-0.0,0.0227
0.0124,-0.000244,-0.009521,1.318848,0.122375,0.292419,-0.14328,0.0,0.0,0.0,0.013959719855115188,-0.5788536942063861,0.14667918939575975,0.013,-0.0,0.0227
0.0118,0.002441,-0.008301,1.302002,0.335999,0.078796,0.070343,0.0,0.0,0.0,0.01556515428464948,-0.582179352866411,0.1475273689852129,0.013,-0.0,0.0227
0.0122,-0.005859,-0.008545,1.311523,0.183411,0.109314,0.100861,0.0,0.0,0.0,0.015311090451613897,-0.5800519373117771,0.14880136690073278,0.013,-0.0,0.0227
0.0113,0.000244,-0.00293,1.312012,0.305481,0.261902,0.161896,0.0,0.0,0.0,0.019597476544419224,-0.5799647506612463,0.15060508825870114,0.013,-0.0,0.0227
0.012,0.012939,-0.007812,1.31543,0.305481,0.322937,0.070343,0.0,0.0,0.0,0.021164500021462026,-0.586466261422256,0.15143683795896865,0.013,-0.0,0.0227
0.0124,-0.005615,-0.011719,1.313721,0.488586,0.109314,-0.02121,0.0,0.0,0.0,0.022770984090229998,-0.5844085819046161,0.15124946735970093,0.013,-0.0,0.0227
0.0123,0.002686,-0.012207,1.313477,0.305481,0.139832,0.100861,0.0,0.0,0.0,0.021778406933694268,-0.586940418387494,0.15254732515995725,0.013,-0.0,0.0227
0.0118,0.001221,-0.004639,1.310059,0.274963,-0.134827,-0.356903,0.0,0.0,0.0,0.024836525108918723,-0.5918717723312841,0.14832303102484612,0.013,-0.0,0.0227
0.0122,-0.006836,-0.008057,1.304688,0.519104,0.383972,0.070343,0.0,0.0,0.0,0.028825607355832283,-0.5857732131898685,0.14922789876923404,0.013,-0.0,0.0227
0.0111,-0.000244,-0.010986,1.310547,0.183411,-0.073792,0.039825,0.0,0.0,0.0,0.026800856476814305,-0.5890761274807254,0.1497232715997648,0.013,-0.0,0.0227
0.0127,0.004639,-0.006104,1.310547,0.152893,0.109314,0.283966,0.0,0.0,0.0,0.027567784498212428,-0.5930621775852621,0.15332344188737376,0.013,-0.0,0.0227
0.0125,-0.00415,-0.014404,1.318604,0.091858,0.170349,0.222931,0.0,0.0,0.0,0.022653591343614828,-0.591015936160443,0.1562089207700867,0.013,-0.0,0.0227
0.011,0.000977,-0.007324,1.309082,0.213928,0.475525,0.131378,0.0,0.0,0.0,0.023170173309957832,-0.5890102305546263,0.15767011195624822,0.013,-0.0,0.0227
0.0119,0.005371,-0.005371,1.309814,0.366516,0.078796,0.070343,0.0,0.0,0.0,0.02683432156691456,-0.5938703965176454,0.1584907418850795,0.013,-0.0,0.0227
0.0122,-0.001221,-0.009033,1.306885,0.397034,0.048279,0.070343,0.0,0.0,0.0,0.028759773787834533,-0.5951353275898884,0.15938802966498875,0.013,-0.0,0.0227
0.0122,-0.01123,-0.01123,1.322998,0.213928,0.231384,0.070343,0.0,0.0,0.0,0.027196203956755222,-0.5882035150543673,0.1603355632938257,0.013,-0.0,0.0227
0.0121,0.000732,-0.006592,1.303711,0.335999,0.322937,-0.14328,0.0,0.0,0.0,0.029822160672137398,-0.5874257424346275,0.15861179302741985,0.013,-0.0,0.0227
0.0122,0.007324,-0.006592,1.313477,0.335999,0.170349,-0.051727,0.0,0.0,0.0,0.032451028917981906,-0.5922923220626705,0.15797162425935327,0.013,-0.0,0.0227
0.0122,-0.005859,-0.010498,1.299072,0.274963,0.322937,0.131378,0.0,0.0,0.0,0.03194559570887473,-0.5875361116136025,0.15964332801788178,0.013,-0.0,0.0227
0.0112,0.002686,-0.006104,1.318604,0.366516,0.231384,0.161896,0.0,0.0,0.0,0.03482652616009212,-0.5891074659152434,0.16145703577243445,0.013,-0.0,0.0227
0.012,0.006592,-0.008057,1.301758,0.274963,0.322937,-0.082245,0.0,0.0,0.0,0.03573605550334672,-0.5918466657292565,0.16047880270142806,0.013,-0.0,0.0227
0.0121,-0.005371,-0.008057,1.322021,0.366516,0.383972,0.161896,0.0,0.0,0.0,0.037759862082392244,-0.5865907455403987,0.16248303261471278,0.013,-0.0,0.0227
0.0122,0.005859,-0.006592,1.307129,0.335999,0.109314,-0.14328,0.0,0.0,0.0,0.040313951436429435,-0.5913831714797819,0.1607308108347232,0.013,-0.0,0.0227
0.012,0.00293,-0.006592,1.324219,0.366516,0.170349,0.100861,0.0,0.0,0.0,0.043121780687143625,-0.5935510927315784,0.1619477537470223,0.013,-0.0,0.0227
0.0121,-0.00293,-0.010254,1.305176,0.427551,0.322937,0.131378,0.0,0.0,0.0,0.04447436173332433,-0.5905283827873948,0.1635989838831507,0.013,-0.0,0.0227
0.0121,-0.01123,-0.010742,1.317871,0.244446,0.048279,0.131378,0.0,0.0,0.0,0.043365829117995164,-0.585881340922891,0.165276119052447,0.013,-0.0,0.0227
0.0122,-0.002197,-0.009766,1.31543,0.06134,-0.195862,0.100861,0.0,0.0,0.0,0.04065460379854724,-0.5895457828216633,0.16655438600562045,0.013,-0.0,0.0227
0.0113,0.005371,-0.006104,1.306152,0.366516,0.445007,0.009308,0.0,0.0,0.0,0.04349252327349878,-0.5903605736213302,0.1666543580138715,0.013,-0.0,0.0227
0.012,0.000977,-0.01001,1.289307,0.488586,0.200867,-0.02121,0.0,0.0,0.0,0.045655354409432115,-0.5912788736831638,0.16644525495420345,0.013,-0.0,0.0227
0.0121,0.000977,-0.01123,1.330078,0.000305,-0.012756,-0.082245,0.0,0.0,0.0,0.041394372102984134,-0.594432692084327,0.16550466750179452,0.013,-0.0,0.0227
0.0122,0.01123,-0.005859,1.293701,0.274963,0.383972,-0.082245,0.0,0.0,0.0,0.043595947258907315,-0.5991479453001821,0.16447449050204435,0.013,-0.0,0.0227
0.0121,-0.003662,-0.015625,1.325195,0.366516,0.567078,-0.112762,0.0,0.0,0.0,0.0411678115120882,-0.5926054885656844,0.1632285307972141,0.013,-0.0,0.0227
0.0122,-0.009766,-0.01416,1.311523,0.213928,0.322937,0.161896,0.0,0.0,0.0,0.03772140724961205,-0.5854967498505287,0.16532355450202624,0.013,-0.0,0.0227
0.012,0.011719,-0.002686,1.310303,0.274963,-0.043274,0.009308,0.0,0.0,0.0,0.0417757062796493,-0.5955436663861995,0.16536991710955248,0.013,-0.0,0.0227
0.0113,-0.006836,-0.012695,1.300537,0.274963,0.231384,0.131378,0.0,0.0,0.0,0.03965213669499169,-0.5914840799895952,0.1669514681369049,0.013,-0.0,0.0227
0.0123,-0.00293,-0.011963,1.319824,0.427551,0.261902,0.192413,0.0,0.0,0.0,0.04016729075365647,-0.5890811240398585,0.16939407417864036,0.013,-0.0,0.0227
0.0121,0.003418,-0.009277,1.30127,0.152893,0.048279,-0.204315,0.0,0.0,0.0,0.03888637372724203,-0.5931734121034955,0.16694795030607676,0.013,-0.0,0.0227
0.0122,-0.005615,-0.012207,1.324951,0.183411,-0.043274,0.100861,0.0,0.0,0.0,0.036305567236154815,-0.5928706189667705,0.1682628000927902,0.013,-0.0,0.0227
0.0121,-0.009521,-0.010742,1.293457,0.152893,0.445007,0.100861,0.0,0.0,0.0,0.03413641343713449,-0.5845215568445136,0.16956960797352746,0.013,-0.0,0.0227
0.0122,0.002197,-0.003418,1.319336,0.030823,0.200867,-0.14328,0.0,0.0,0.0,0.034917300826472625,-0.5859533573121445,0.16779411532064825,0.013,-0.0,0.0227
0.0112,-0.000732,-0.007812,1.303467,0.000305,0.231384,0.039825,0.0,0.0,0.0,0.03270961981597596,-0.5856161398591269,0.16826476213261113,0.013,-0.0,0.0227
0.0121,-0.001709,-0.013184,1.31543,0.244446,0.292419,-0.082245,0.0,0.0,0.0,0.030332561509998617,-0.583696285182854,0.1673493336538438,0.013,-0.0,0.0227
0.0121,0.009277,-0.006836,1.306885,0.366516,0.445007,0.192413,0.0,0.0,0.0,0.03311984799986281,-0.5864980842575118,0.16965912031744862,0.013,-0.0,0.0227
0.0123,-0.005127,-0.009521,1.324463,0.458069,-0.134827,0.161896,0.0,0.0,0.0,0.03552086358031191,-0.5876712971769331,0.1717054838916268,0.013,-0.0,0.0227
0.0122,-0.007812,-0.010986,1.306641,0.274963,0.41449,-0.173798,0.0,0.0,0.0,0.03477926090898947,-0.5806782695157321,0.16966702517421517,0.013,-0.0,0.0227
0.0121,0.001953,-0.011475,1.300781,0.183411,0.078796,0.161896,0.0,0.0,0.0,0.032575200733640036,-0.5836274025646038,0.17167486846121432,0.013,-0.0,0.0227
0.0121,0.004639,-0.01001,1.317871,0.305481,0.292419,0.375519,0.0,0.0,0.0,0.03273909347511193,-0.5854304880938405,0.1762456368817274,0.013,-0.0,0.0227
0.011,-0.001953,-0.010254,1.306152,0.366516,-0.043274,-0.112762,0.0,0.0,0.0,0.03312583036847899,-0.5873932218040645,0.1750561307263934,0.013,-0.0,0.0227
0.0123,-0.001709,-0.002441,1.32251,0.183411,0.353455,0.039825,0.0,0.0,0.0,0.03632078585143372,-0.584611433713258,0.1755235031755814,0.013,-0.0,0.0227
0.0121,0.006836,-0.008789,1.311035,0.274963,-0.012756,-0.02121,0.0,0.0,0.0,0.036834327820156616,-0.5913961254290782,0.1752730639619321,0.013,-0.0,0.0227
0.012,0.0,-0.009277,1.318115,0.183411,0.353455,-0.02121,0.0,0.0,0.0,0.03595626830014427,-0.5897000324568925,0.17505711269800267,0.013,-0.0,0.0227
0.0124,-0.000488,-0.006836,1.303955,0.427551,-0.165344,0.100861,0.0,0.0,0.0,0.039551125572542194,-0.594056108430104,0.17632071940205069,0.013,-0.0,0.0227
0.0122,0.004395,-0.005859,1.322998,0.091858,0.170349,-0.14328,0.0,0.0,0.0,0.03958851352450272,-0.5969989004133566,0.17456192394568262,0.013,-0.0,0.0227
0.011,0.003906,-0.008301,1.301758,0.152893,0.231384,0.009308,0.0,0.0,0.0,0.038710840891807714,-0.5993351905486232,0.17467969111101916,0.013,-0.0,0.0227
0.0121,0.00293,-0.014404,1.320312,0.366516,0.231384,0.009308,0.0,0.0,0.0,0.03704312140795263,-0.6006711366444732,0.1748729278109234,0.013,-0.0,0.0227
0.0121,0.00415,-0.012695,1.314697,0.427551,0.322937,0.100861,0.0,0.0,0.0,0.037087251816931885,-0.6016552399893975,0.17615309780578647,0.013,-0.0,0.0227
0.0122,0.004883,-0.006104,1.314697,0.366516,0.53656,0.039825,0.0,0.0,0.0,0.04029745951846828,-0.6004471260874543,0.1766312777286625,0.013,-0.0,0.0227
0.0121,-0.000977,-0.004639,1.311523,0.244446,0.109314,-0.051727,0.0,0.0,0.0,0.042844540393653936,-0.6010127071564101,0.17600163373862385,0.013,-0.0,0.0227
0.012,0.006836,-0.009277,1.312012,0.213928,-0.012756,0.375519,0.0,0.0,0.0,0.04220784061055204,-0.6076102562527447,0.18052254958454195,0.013,-0.0,0.0227
0.0122,0.003906,-0.009033,1.305176,0.305481,-0.317932,0.039825,0.0,0.0,0.0,0.04289600981050777,-0.6161646802030035,0.1810296564804113,0.013,-0.0,0.0227
0.0122,-0.007812,-0.013672,1.317871,0.06134,0.139832,0.192413,0.0,0.0,0.0,0.03792604291837828,-0.6121614096930715,0.18349395953066594,0.013,-0.0,0.0227
0.0121,-0.002197,-0.01001,1.308594,0.397034,0.383972,-0.112762,0.0,0.0,0.0,0.039176029753932924,-0.6086171194800987,0.18218804365633567,0.013,-0.0,0.0227
0.0112,-0.001953,-0.007568,1.325928,0.030823,0.048279,-0.082245,0.0,0.0,0.0,0.037456422972528526,-0.6092147873173935,0.18129607044496635,0.013,-0.0,0.0227
0.0121,0.002197,-0.005615,1.300293,0.397034,0.261902,-0.234833,0.0,0.0,0.0,0.04130794805501259,-0.6098025960661608,0.17844935435816972,0.013,-0.0,0.0227
0.0125,0.009521,-0.008789,1.311035,0.213928,0.292419,-0.02121,0.0,0.0,0.0,0.041127936256826536,-0.6141166485143759,0.17818553718627808,0.013,-0.0,0.0227
0.0114,0.000732,-0.007324,1.309082,0.610657,0.445007,0.100861,0.0,0.0,0.0,0.04603572917904383,-0.6118437285778843,0.17935737399325058,0.013,-0.0,0.0227
0.0126,-0.003174,-0.009277,1.314453,0.458069,0.078796,0.131378,0.0,0.0,0.0,0.04857210235386906,-0.6113147825964259,0.18106776368425107,0.013,-0.0,0.0227
0.0113,-0.001953,-0.009521,1.311035,0.183411,0.170349,-0.051727,0.0,0.0,0.0,0.04729958099973659,-0.6105989620855937,0.18053620924481648,0.013,-0.0,0.0227
0.0128,0.002441,-0.004639,1.304443,0.366516,-0.104309,-0.387421,0.0,0.0,0.0,0.0515352702144649,-0.6157404627470743,0.17555976986492,0.013,-0.0,0.0227
0.0113,-0.007324,-0.015381,1.320312,0.183411,-0.043274,0.253448,0.0,0.0,0.0,0.04680897821984994,-0.6141956978344656,0.17855710141390396,0.013,-0.0,0.0227
0.0125,0.002441,-0.013672,1.308838,0.122375,0.445007,0.161896,0.0,0.0,0.0,0.042547807150069804,-0.6124436637615829,0.18066139086663371,0.013,-0.0,0.0227
0.0121,0.009521,-0.001953,1.305908,0.183411,0.445007,-0.112762,0.0,0.0,0.0,0.04592848783969738,-0.6150681041719681,0.17922631678220136,0.013,-0.0,0.0227
0.0121,-0.007324,-0.01001,1.315186,0.305481,-0.165344,0.253448,0.0,0.0,0.0,0.04597205713904364,-0.6150413824356936,0.18236994230433443,0.013,-0.0,0.0227
0.0113,-0.005859,-0.012207,1.318359,0.244446,0.475525,-0.02121,0.0,0.0,0.0,0.04385989026326182,-0.6085595375902324,0.18222825789069586,0.013,-0.0,0.0227
0.0121,0.002686,-0.00415,1.306396,0.183411,0.048279,0.009308,0.0,0.0,0.0,0.04591957301135523,-0.6119495154415479,0.18231692050846965,0.013,-0.0,0.0227
0.0126,-0.003906,-0.012207,1.320068,0.213928,-0.043274,0.009308,0.0,0.0,0.0,0.04373903152169466,-0.6124850218793766,0.18251988547466766,0.013,-0.0,0.0227
0.0123,-0.001221,-0.009766,1.315918,0.397034,-0.012756,0.131378,0.0,0.0,0.0,0.04513980803871572,-0.6142190034650502,0.1841859523687058,0.013,-0.0,0.0227
0.0112,0.006836,-0.004395,1.311279,0.274963,0.292419,0.222931,0.0,0.0,0.0,0.04786774063098871,-0.6172766022096113,0.18664747051166736,0.013,-0.0,0.0227
0.012,0.000488,-0.007324,1.317383,0.335999,0.261902,0.039825,0.0,0.0,0.0,0.049825056555382094,-0.6166777632264976,0.18714744398879612,0.013,-0.0,0.0227
0.0124,-0.009521,-0.011963,1.320068,0.397034,0.261902,-0.234833,0.0,0.0,0.0,0.049984733329824706,-0.6101440651060677,0.18434577167254051,0.013,-0.0,0.0227
0.0114,0.006104,-0.000977,1.309326,0.274963,0.231384,0.070343,0.0,0.0,0.0,0.054735706462090576,-0.6134600533862361,0.1850802038524178,0.013,-0.0,0.0227
0.0123,-0.005859,-0.010254,1.307617,0.244446,-0.165344,0.131378,0.0,0.0,0.0,0.05386500953454187,-0.6143697377286105,0.1867703431872059,0.013,-0.0,0.0227
0.0124,0.000977,-0.012939,1.317383,0.274963,-0.043274,-0.051727,0.0,0.0,0.0,0.051884497461571664,-0.6177273352041174,0.18620408163208024,0.013,-0.0,0.0227
0.0112,0.003906,-0.009521,1.311768,0.427551,0.109314,0.100861,0.0,0.0,0.0,0.053254054668644676,-0.6210548031219053,0.1873633612037549,0.013,-0.0,0.0227
0.0126,0.003174,-0.014893,1.311035,0.183411,0.261902,0.131378,0.0,0.0,0.0,0.049004932338449304,-0.6218765228485579,0.18910938801522598,0.013,-0.0,0.0227
0.0123,-0.003662,-0.012695,1.306396,0.305481,-0.012756,-0.051727,0.0,0.0,0.0,0.04752236563623919,-0.6221335467491065,0.18856624037249367,0.013,-0.0,0.0227
0.0111,-0.002197,-0.005127,1.321289,0.122375,0.139832,0.131378,0.0,0.0,0.0,0.048107562899897295,-0.6214730683796761,0.1900329121584826,0.013,-0.0,0.0227
0.0122,-0.006104,-0.006348,1.30127,0.519104,0.200867,0.039825,0.0,0.0,0.0,0.05289683228215353,-0.6177428045659002,0.19055761561641119,0.013,-0.0,0.0227
0.0128,-0.010742,-0.012207,1.306152,0.152893,0.200867,-0.02121,0.0,0.0,0.0,0.04987357417677164,-0.6111863753991706,0.19040474866340737,0.013,-0.0,0.0227
0.0111,0.000488,-0.007568,1.311035,0.152893,0.139832,0.192413,0.0,0.0,0.0,0.049334460622984425,-0.6122670298403804,0.1925609428266573,0.013,-0.0,0.0227
0.0122,-0.003662,-0.009033,1.302734,0.458069,0.109314,-0.051727,0.0,0.0,0.0,0.05180781504068228,-0.6111676365391446,0.19198337259221143,0.013,-0.0,0.0227
0.012,-0.000977,-0.008789,1.326416,0.030823,0.109314,-0.02121,0.0,0.0,0.0,0.04927405709486536,-0.6115344088727254,0.19176774582816009,0.013,-0.0,0.0227
0.0121,-0.001465,-0.006348,1.30957,0.366516,0.292419,0.192413,0.0,0.0,0.0,0.05215964122558483,-0.6095144295658566,0.19411423304084516,0.013,-0.0,0.0227
0.0122,0.001221,-0.01123,1.307617,0.549622,0.200867,0.345001,0.0,0.0,0.0,0.054379175632110546,-0.6101801636182645,0.1983791635795366,0.013,-0.0,0.0227
0.0121,-0.001221,-0.013672,1.307129,0.335999,0.41449,0.283966,0.0,0.0,0.0,0.052537637254625034,-0.6068724059507404,0.20190840420874462,0.013,-0.0,0.0227
0.0121,0.005127,-0.008057,1.311279,0.122375,0.41449,0.161896,0.0,0.0,0.0,0.05147177252739944,-0.6072823052642982,0.20387417317182174,0.013,-0.0,0.0227
0.0129,-0.001221,-0.003906,1.314453,0.152893,0.445007,0.009308,0.0,0.0,0.0,0.05334776707695168,-0.6032416070412812,0.20398821551774238,0.013,-0.0,0.0227
0.0115,-0.006836,-0.009277,1.314697,0.152893,-0.012756,0.161896,0.0,0.0,0.0,0.05184075912459944,-0.6017921231448394,0.20591793898769217,0.013,-0.0,0.0227
0.0113,-0.001709,-0.014404,1.308838,0.122375,0.322937,0.100861,0.0,0.0,0.0,0.04697748422629338,-0.5996243150982493,0.20715608523461462,0.013,-0.0,0.0227
0.0121,0.001953,-0.010498,1.32251,0.183411,0.139832,0.100861,0.0,0.0,0.0,0.0453125676239843,-0.6014570001943785,0.2084167087362225,0.013,-0.0,0.0227
0.0122,0.009033,-0.004639,1.315186,0.519104,0.353455,0.131378,0.0,0.0,0.0,0.0511256996105186,-0.6048566911839639,0.20997179015289089,0.013,-0.0,0.0227
0.0123,0.001221,-0.008301,1.311768,0.335999,0.109314,0.253448,0.0,0.0,0.0,0.05254470657463224,-0.6066350997027672,0.21311316380881512,0.013,-0.0,0.0227
0.0121,0.004639,-0.011475,1.313721,0.244446,0.353455,0.070343,0.0,0.0,0.0,0.05096082857136452,-0.6074716339940397,0.21400785642387063,0.013,-0.0,0.0227
0.012,0.002686,-0.005127,1.311768,0.335999,-0.195862,0.070343,0.0,0.0,0.0,0.05416036954622825,-0.6137327702376667,0.21483379088119042,0.013,-0.0,0.0227
0.0111,-0.009033,-0.011475,1.312256,0.244446,0.200867,0.070343,0.0,0.0,0.0,0.05232080033348065,-0.6085521247431667,0.21572035816828458,0.013,-0.0,0.0227
0.0122,0.0,-0.009033,1.310303,0.183411,0.322937,0.222931,0.0,0.0,0.0,0.051429376579968676,-0.607016599179165,0.21847918388575469,0.013,-0.0,0.0227
0.0122,0.010986,-0.003174,1.320801,0.519104,0.170349,-0.02121,0.0,0.0,0.0,0.05804745711938413,-0.6136350713765908,0.21814868688292544,0.013,-0.0,0.0227
0.0122,-0.002197,-0.01123,1.303711,0.244446,0.048279,0.039825,0.0,0.0,0.0,0.0565510874260292,-0.6141150951220833,0.21870677331137145,0.013,-0.0,0.0227
0.0121,-0.000732,-0.014893,1.321289,0.091858,0.078796,-0.02121,0.0,0.0,0.0,0.05115406216619944,-0.6149788849188246,0.21855288201269668,0.013,-0.0,0.0227
0.0115,0.004395,-0.006348,1.294678,0.366516,-0.073792,0.070343,0.0,0.0,0.0,0.05380915711408979,-0.6208149875695902,0.21934867109850606,0.013,-0.0,0.0227
0.0132,-0.007568,-0.012939,1.326172,0.427551,-0.195862,0.161896,0.0,0.0,0.0,0.05404369203049403,-0.6211315892796754,0.22159885281547553,0.013,-0.0,0.0227
0.011,-0.003418,-0.007568,1.299072,0.122375,0.322937,0.131378,0.0,0.0,0.0,0.05310635979050549,-0.617908349036158,0.22308530150616748,0.013,-0.0,0.0227
0.0121,0.012939,-0.005127,1.315186,0.152893,0.170349,0.009308,0.0,0.0,0.0,0.054133688307295265,-0.6256298497590542,0.22313480737905098,0.013,-0.0,0.0227
0.012,-0.003906,-0.011475,1.305908,0.213928,0.383972,0.100861,0.0,0.0,0.0,0.05212414082542551,-0.6209937519720947,0.2244326987874325,0.013,-0.0,0.0227
0.0122,-0.003906,-0.009033,1.31958,0.274963,0.017761,0.039825,0.0,0.0,0.0,0.05237985480948068,-0.6206835933680476,0.22497542834439024,0.013,-0.0,0.0227
0.0123,0.002686,-0.004639,1.298584,0.488586,0.322937,0.039825,0.0,0.0,0.0,0.05781093788633061,-0.6206524681106266,0.2254470756276119,0.013,-0.0,0.0227
0.012,-0.004639,-0.009766,1.319092,0.580139,-0.012756,0.039825,0.0,0.0,0.0,0.061149077863365306,-0.6202884796060576,0.22599436033659887,0.013,-0.0,0.0227
0.0124,-0.003174,-0.010742,1.314453,0.091858,0.383972,0.192413,0.0,0.0,0.0,0.05808837117567635,-0.6159424408304387,0.22845673072542297,0.013,-0.0,0.0227
0.011,0.00415,-0.004395,1.306885,0.274963,0.261902,0.253448,0.0,0.0,0.0,0.060625060706763094,-0.6178294567036169,0.23121650639472624,0.013,-0.0,0.0227
0.0124,-0.008057,-0.013916,1.311279,0.274963,0.41449,-0.02121,0.0,0.0,0.0,0.05798719831862607,-0.6102964576528337,0.23108670050271043,0.013,-0.0,0.0227
0.0121,0.002197,-0.008545,1.311768,0.458069,0.048279,-0.082245,0.0,0.0,0.0,0.0606329982086583,-0.6133333907663501,0.23011325008361785,0.013,-0.0,0.0227
0.0125,0.008057,-0.001221,1.310547,0.427551,0.292419,0.161896,0.0,0.0,0.0,0.06730177127104632,-0.6167407660253085,0.23205808288780544,0.013,-0.0,0.0227
0.0116,-0.007324,-0.017334,1.309082,0.122375,0.322937,-0.02121,0.0,0.0,0.0,0.06061557475477729,-0.6110336144998503,0.2319781953142941,0.013,-0.0,0.0227
0.0124,-0.007812,-0.01123,1.320312,0.213928,0.292419,0.009308,0.0,0.0,0.0,0.05881622855318327,-0.605182731412961,0.2321951260700992,0.013,-0.0,0.0227
0.0114,0.005127,-0.004639,1.31543,0.274963,0.261902,0.039825,0.0,0.0,0.0,0.06133574950825481,-0.6075732343646476,0.23261702148459656,0.013,-0.0,0.0227
0.0123,0.000977,-0.003906,1.306396,-0.121765,0.048279,0.070343,0.0,0.0,0.0,0.0596703391679446,-0.6099568644223103,0.2334604758302046,0.013,-0.0,0.0227
0.0116,-0.01416,-0.014404,1.306641,0.213928,0.445007,0.070343,0.0,0.0,0.0,0.0558115779440537,-0.5989261090116543,0.23444305534537072,0.013,-0.0,0.0227
0.0122,0.005127,-0.007812,1.321289,0.152893,0.078796,0.070343,0.0,0.0,0.0,0.05526393512642965,-0.6033338345049989,0.23529790599085484,0.013,-0.0,0.0227
0.012,-0.000488,-0.01123,1.300293,0.091858,0.078796,0.314484,0.0,0.0,0.0,0.05189531918825581,-0.6045963196979762,0.2391315306404039,0.013,-0.0,0.0227
0.012,0.001465,-0.008789,1.314697,0.244446,0.078796,0.131378,0.0,0.0,0.0,0.05186018685962668,-0.6068871735409582,0.24073285175042392,0.013,-0.0,0.0227
0.0116,0.002686,-0.012207,1.307129,0.305481,0.383972,-0.051727,0.0,0.0,0.0,0.05044063795727856,-0.6064472391804154,0.24018953148752226,0.013,-0.0,0.0227
0.0123,0.008057,-0.006836,1.313965,0.122375,0.109314,-0.02121,0.0,0.0,0.0,0.050163578060973636,-0.612164362629018,0.2398994784937437,0.013,-0.0,0.0227
0.0121,-0.007812,-0.013184,1.3125,0.488586,0.078796,0.070343,0.0,0.0,0.0,0.05053489977060766,-0.6089746395722894,0.24087061364528006,0.013,-0.0,0.0227
0.0122,-0.003906,-0.004883,1.322021,0.335999,0.048279,0.009308,0.0,0.0,0.0,0.05395732595644304,-0.6084091411184179,0.24099652307919245,0.013,-0.0,0.0227
0.0123,0.001465,-0.005615,1.306641,0.244446,-0.073792,0.253448,0.0,0.0,0.0,0.0558008357823378,-0.6125562129420423,0.24410474875584112,0.013,-0.0,0.0227
0.0121,0.00293,-0.005859,1.307129,0.122375,0.017761,-0.051727,0.0,0.0,0.0,0.05601162844592976,-0.6164005732481784,0.24346622852836716,0.013,-0.0,0.0227
0.011,-0.009766,-0.012207,1.315674,0.427551,0.200867,0.131378,0.0,0.0,0.0,0.05570395917718132,-0.6107807722661518,0.24503311086666701,0.013,-0.0,0.0227
0.0122,0.004395,-0.005859,1.310547,0.305481,0.322937,0.131378,0.0,0.0,0.0,0.058118586161494595,-0.6117815446048476,0.24661913375383349,0.013,-0.0,0.0227
0.012,0.012695,-0.002197,1.31543,0.305481,0.200867,0.131378,0.0,0.0,0.0,0.06257928725148813,-0.6190665057748643,0.2480983741225217,0.013,-0.0,0.0227
0.0124,-0.001953,-0.012207,1.302734,0.152893,0.292419,0.192413,0.0,0.0,0.0,0.05936759377937155,-0.6166346824500719,0.25057064660332024,0.013,-0.0,0.0227
0.0122,-0.003174,-0.01416,1.315918,0.213928,-0.043274,-0.204315,0.0,0.0,0.0,0.05585462957937426,-0.6175475337691188,0.24818582382935886,0.013,-0.0,0.0227
0.0121,-0.002441,-0.010498,1.310547,0.397034,0.41449,-0.173798,0.0,0.0,0.0,0.05666136713658032,-0.6134219659271093,0.2461524780530327,0.013,-0.0,0.0227
0.0112,-0.006348,-0.008545,1.316406,0.305481,0.109314,0.253448,0.0,0.0,0.0,0.0571938237964731,-0.6107931824924178,0.24905667550121383,0.013,-0.0,0.0227
0.0122,0.010742,-0.003174,1.307129,0.305481,0.506042,-0.082245,0.0,0.0,0.0,0.061189459935636764,-0.6133212483164158,0.24797627692608987,0.013,-0.0,0.0227
0.0123,-0.001465,-0.009766,1.322021,0.274963,-0.043274,0.009308,0.0,0.0,0.0,0.06096539480366962,-0.6152328883976858,0.24814345996392423,0.013,-0.0,0.0227
0.0124,-0.001221,-0.007568,1.314697,0.427551,0.383972,0.161896,0.0,0.0,0.0,0.06388453068338099,-0.6120746044407614,0.2501847530032906,0.013,-0.0,0.0227
0.012,-0.000732,-0.006348,1.295166,0.274963,0.017761,-0.082245,0.0,0.0,0.0,0.06551991069127398,-0.6138556026659243,0.2492104312222482,0.013,-0.0,0.0227
0.0112,-0.000977,-0.002441,1.312256,0.244446,0.383972,0.161896,0.0,0.0,0.0,0.06884392714593847,-0.6113219464577395,0.25100199107609006,0.013,-0.0,0.0227
0.0122,-0.013672,-0.016846,1.325928,0.274963,-0.165344,0.070343,0.0,0.0,0.0,0.06443183600164601,-0.6076612342261933,0.25204837313529377,0.013,-0.0,0.0227
0.012,-0.000977,-0.011963,1.312988,0.213928,0.170349,0.131378,0.0,0.0,0.0,0.06205461813772894,-0.607420803345315,0.25369826914452565,0.013,-0.0,0.0227
0.0124,0.006836,-0.003906,1.311523,0.122375,0.200867,0.131378,0.0,0.0,0.0,0.063355795114774,-0.6113083257440044,0.2552751686585143,0.013,-0.0,0.0227
0.012,0.000732,-0.005615,1.311768,0.397034,0.445007,-0.02121,0.0,0.0,0.0,0.06687926785618188,-0.6087714558165018,0.25502354326231585,0.013,-0.0,0.0227
0.0119,-0.005859,-0.011475,1.312744,0.305481,-0.043274,0.009308,0.0,0.0,0.0,0.06583041283362377,-0.6082076845805858,0.2552276457920795,0.013,-0.0,0.0227
0.012,-0.00293,-0.003662,1.304199,0.091858,0.53656,-0.173798,0.0,0.0,0.0,0.066865974832728,-0.6025182219917213,0.25314411100702033,0.013,-0.0,0.0227
0.012,-0.008301,-0.009766,1.310059,0.519104,-0.012756,0.192413,0.0,0.0,0.0,0.06935157631073292,-0.6002491344524316,0.2555407528036292,0.013,-0.0,0.0227
0.0123,0.003418,-0.008789,1.314697,0.244446,0.078796,0.161896,0.0,0.0,0.0,0.06920354752676859,-0.6036989266665891,0.25754798130728607,0.013,-0.0,0.0227
0.012,0.010498,-0.004639,1.317383,0.335999,-0.073792,-0.204315,0.0,0.0,0.0,0.07253352091983617,-0.6130313514650232,0.25503055444501826,0.013,-0.0,0.0227
0.0115,0.000244,-0.006348,1.306396,0.274963,0.200867,-0.02121,0.0,0.0,0.0,0.07394556299554852,-0.6132247323351523,0.25479854009421954,0.013,-0.0,0.0227
0.012,-0.01123,-0.009766,1.327148,0.335999,-0.043274,0.070343,0.0,0.0,0.0,0.07423811883533575,-0.6094692688310521,0.2557483544856813,0.013,-0.0,0.0227
0.0122,-0.000244,-0.010254,1.296631,0.366516,0.078796,-0.478973,0.0,0.0,0.0,0.07467567201722433,-0.610806712985702,0.2499577483331242,0.013,-0.0,0.0227
0.0122,-0.001953,-0.012451,1.32373,0.274963,0.078796,0.528107,0.0,0.0,0.0,0.07267013629371341,-0.6109826920558554,0.25648633600493126,0.013,-0.0,0.0227
0.0122,-0.002197,-0.011475,1.310059,0.274963,0.475525,0.161896,0.0,0.0,0.0,0.07125434587970494,-0.6062971205602855,0.2585429449488258,0.013,-0.0,0.0227
0.0109,0.005859,-0.001953,1.322266,0.335999,0.200867,-0.02121,0.0,0.0,0.0,0.07572655877738516,-0.6098135448561928,0.2582462870259811,0.013,-0.0,0.0227
0.0124,0.007812,-0.008545,1.310303,0.274963,0.292419,-0.02121,0.0,0.0,0.0,0.076072790002598,-0.6131240149359047,0.25797861494808266,0.013,-0.0,0.0227
0.0121,-0.010254,-0.01123,1.316895,0.06134,0.292419,-0.02121,0.0,0.0,0.0,0.07222725915974791,-0.6059365045483639,0.25784401442841326,0.013,-0.0,0.0227
0.0125,-0.007812,-0.008301,1.303223,0.335999,0.139832,0.009308,0.0,0.0,0.0,0.07351558059957415,-0.6020547985392908,0.25803461150762347,0.013,-0.0,0.0227
0.0112,-0.002686,-0.010254,1.318359,0.305481,0.109314,0.283966,0.0,0.0,0.0,0.07288479122491616,-0.6016613972846486,0.2612798062207722,0.013,-0.0,0.0227
0.0122,-0.005127,-0.016602,1.311523,0.274963,0.139832,0.283966,0.0,0.0,0.0,0.06847453702482924,-0.5994108814265267,0.2648875075532296,0.013,-0.0,0.0227
0.0123,0.002197,-0.008301,1.303467,0.122375,0.231384,0.161896,0.0,0.0,0.0,0.06711824726908645,-0.6003839428983913,0.26689461623012306,0.013,-0.0,0.0227
0.0124,0.009766,-0.006104,1.313477,0.335999,0.353455,0.222931,0.0,0.0,0.0,0.06969571755202895,-0.6041602936302619,0.2696120039647373,0.013,-0.0,0.0227
0.011,0.00293,-0.01001,1.308594,0.549622,0.109314,0.192413,0.0,0.0,0.0,0.07183245109440045,-0.6070952713440365,0.2717594741583458,0.013,-0.0,0.0227
0.0124,-0.01001,-0.01709,1.333008,0.244446,0.261902,-0.082245,0.0,0.0,0.0,0.0669904707350156,-0.6003652419152519,0.270919561501087,0.013,-0.0,0.0227
0.0123,0.003174,-0.009033,1.298584,0.427551,0.170349,0.283966,0.0,0.0,0.0,0.06890937456445764,-0.6026864828589293,0.2744292045238334,0.013,-0.0,0.0227
0.0115,0.001465,-0.006836,1.320068,0.213928,0.139832,0.345001,0.0,0.0,0.0,0.06934946346311192,-0.6043004366226661,0.2784017464743045,0.013,-0.0,0.0227
0.0122,0.000732,-0.010986,1.295166,0.427551,0.292419,-0.02121,0.0,0.0,0.0,0.0700829416244158,-0.6037042228767706,0.27819786462829543,0.013,-0.0,0.0227
0.0124,0.003418,-0.005371,1.328369,0.183411,0.292419,0.039825,0.0,0.0,0.0,0.07121220011398276,-0.6043745248394055,0.2786730561405893,0.013,-0.0,0.0227
0.0112,0.001465,-0.00708,1.29248,0.06134,0.322937,0.253448,0.0,0.0,0.0,0.06971551679352186,-0.6041825203726551,0.28152067939743886,0.013,-0.0,0.0227
0.0123,-0.00293,-0.009033,1.329346,0.122375,0.231384,0.131378,0.0,0.0,0.0,0.06797200605069657,-0.6019613132244651,0.28319254133829036,0.013,-0.0,0.0227
0.0121,-0.000977,-0.01709,1.299072,0.122375,0.231384,0.070343,0.0,0.0,0.0,0.06143267915725409,-0.60111748145283,0.2841719439402673,0.013,-0.0,0.0227
0.0121,-0.000488,-0.003906,1.321045,0.335999,0.292419,-0.051727,0.0,0.0,0.0,0.06528233105679832,-0.5996965429007022,0.2835319612334284,0.013,-0.0,0.0227
0.0115,-0.003662,-0.009521,1.311035,0.213928,-0.104309,-0.14328,0.0,0.0,0.0,0.06424676835574768,-0.601190943612694,0.2819432907993501,0.013,-0.0,0.0227
0.0121,-0.007568,-0.011475,1.316406,0.213928,0.170349,-0.112762,0.0,0.0,0.0,0.062223060354106526,-0.5971504207427053,0.280684790374874,0.013,-0.0,0.0227
0.0121,0.003662,-0.009277,1.299805,0.305481,0.170349,0.070343,0.0,0.0,0.0,0.0625351426143928,-0.5998076904856227,0.2815491807153162,0.013,-0.0,0.0227
0.0121,-0.000488,-0.007324,1.332764,0.580139,0.048279,0.100861,0.0,0.0,0.0,0.06731424302185798,-0.6012517595704434,0.2827891799748965,0.013,-0.0,0.0227
0.0124,0.00415,-0.011719,1.295654,0.274963,0.65863,0.009308,0.0,0.0,0.0,0.06584489556369943,-0.5981500547573778,0.282948853300506,0.013,-0.0,0.0227
0.0114,0.004395,-0.003906,1.320801,0.091858,0.017761,0.009308,0.0,0.0,0.0,0.06665438985953459,-0.6028847557778629,0.2830073181505788,0.013,-0.0,0.0227
0.0123,-0.00415,-0.004883,1.298096,0.305481,0.261902,0.222931,0.0,0.0,0.0,0.06954281655693142,-0.5997542409939305,0.2857678022030364,0.013,-0.0,0.0227
0.0121,-0.002197,-0.00708,1.319092,0.244446,0.109314,0.131378,0.0,0.0,0.0,0.07035066311085036,-0.5995647478598441,0.28738622148828435,0.013,-0.0,0.0227
0.0121,-0.003174,-0.008301,1.296387,0.244446,0.109314,0.161896,0.0,0.0,0.0,0.07040190919023903,-0.598930816405112,0.28939215090871323,0.013,-0.0,0.0227
0.0122,0.007812,-0.006592,1.320312,0.397034,0.170349,0.314484,0.0,0.0,0.0,0.07332724344170448,-0.6037934874572987,0.2931936302079554,0.013,-0.0,0.0227
0.0116,-0.000977,-0.011475,1.293945,0.366516,0.65863,0.100861,0.0,0.0,0.0,0.07275907514924171,-0.5981729935873724,0.294440753754504,0.013,-0.0,0.0227
0.0121,0.00293,-0.008789,1.323242,0.213928,-0.104309,0.192413,0.0,0.0,0.0,0.07217831953467226,-0.6034960679384656,0.29678269821478465,0.013,-0.0,0.0227
0.0116,0.010498,0.001709,1.296387,0.519104,-0.073792,-0.051727,0.0,0.0,0.0,0.08116740459362808,-0.6130236585617234,0.29603513651007163,0.013,-0.0,0.0227
0.0125,-0.000732,-0.015869,1.30957,-0.06073,0.261902,0.131378,0.0,0.0,0.0,0.0730361692369945,-0.6116742839094618,0.2978016545268874,0.013,-0.0,0.0227
0.0116,-0.003418,-0.011719,1.321289,0.305481,-0.012756,0.314484,0.0,0.0,0.0,0.07168754663626645,-0.6121003897780175,0.30153888529958894,0.013,-0.0,0.0227
0.0122,0.001953,-0.00415,1.311523,0.335999,0.41449,-0.02121,0.0,0.0,0.0,0.07532130435758881,-0.6105440260213962,0.30125828985844444,0.013,-0.0,0.0227
0.0124,-0.005859,-0.014648,1.307373,0.427551,-0.073792,-0.112762,0.0,0.0,0.0,0.07398111238949921,-0.6103781673905985,0.2999961732057383,0.013,-0.0,0.0227
0.0114,-0.000244,-0.007568,1.311768,0.427551,0.597595,0.283966,0.0,0.0,0.0,0.07633134965441254,-0.6058249124211981,0.3032650547776377,0.013,-0.0,0.0227
0.0121,0.006592,-0.006836,1.298828,0.580139,0.017761,0.070343,0.0,0.0,0.0,0.0812192630935485,-0.6119493683008049,0.3040885174284564,0.013,-0.0,0.0227
0.012,-0.003662,-0.009766,1.305908,0.549622,0.41449,0.039825,0.0,0.0,0.0,0.08393309014283398,-0.6072354990593045,0.3046445460631335,0.013,-0.0,0.0227
0.0122,-0.001465,-0.007568,1.30957,0.305481,-0.287415,0.070343,0.0,0.0,0.0,0.0850655637756856,-0.6122266860327644,0.30553059860077,0.013,-0.0,0.0227
0.0125,0.008057,-0.000732,1.308838,0.152893,0.292419,0.253448,0.0,0.0,0.0,0.08835562746754351,-0.6156493623040019,0.30860145665579286,0.013,-0.0,0.0227
0.0113,-0.006592,-0.013184,1.301758,0.458069,0.200867,-0.14328,0.0,0.0,0.0,0.08759812402199695,-0.6118717693212823,0.30711618324982554,0.013,-0.0,0.0227
0.0122,0.000488,-0.009766,1.320068,0.213928,0.170349,0.192413,0.0,0.0,0.0,0.0863126730425392,-0.612358350611732,0.3095130469026547,0.013,-0.0,0.0227
0.0122,0.009033,-0.008301,1.299072,0.091858,0.353455,0.161896,0.0,0.0,0.0,0.08438449405374783,-0.6157988059574278,0.31146868980094,0.013,-0.0,0.0227
0.0116,-0.003418,-0.004395,1.312744,0.152893,0.261902,0.375519,0.0,0.0,0.0,0.08539309605322447,-0.61307378737798,0.3158400507956089,0.013,-0.0,0.0227
0.0122,-0.004639,-0.010254,1.307373,0.213928,-0.043274,0.131378,0.0,0.0,0.0,0.08382475487568014,-0.6132162966385133,0.3175265879680941,0.013,-0.0,0.0227
0.0117,0.006348,-0.009033,1.316406,0.244446,0.506042,0.161896,0.0,0.0,0.0,0.08325042370233836,-0.6133069844278083,0.3194297454120497,0.013,-0.0,0.0227
0.0122,0.000488,-0.010986,1.30249,0.06134,0.383972,0.314484,0.0,0.0,0.0,0.07939827656036791,-0.6113209832048052,0.32333219046959344,0.013,-0.0,0.0227
0.0121,0.000977,-0.012451,1.326416,0.488586,0.353455,0.039825,0.0,0.0,0.0,0.07995359865942031,-0.60987345642992,0.32389251371326655,0.013,-0.0,0.0227
0.0124,0.006104,-0.009521,1.293701,0.427551,-0.012756,0.100861,0.0,0.0,0.0,0.08150623036820644,-0.616092822642679,0.3251482127651746,0.013,-0.0,0.0227
0.0113,-0.00293,-0.01123,1.309814,0.305481,-0.012756,0.283966,0.0,0.0,0.0,0.08023396855684875,-0.6168116145695471,0.3284429818777358,0.013,-0.0,0.0227
0.0124,-0.008301,-0.012451,1.318115,0.519104,0.017761,0.039825,0.0,0.0,0.0,0.08127050411837329,-0.6140016103287409,0.3290721623994735,0.013,-0.0,0.0227
0.0117,-0.002197,-0.009277,1.315186,0.305481,-0.073792,-0.02121,0.0,0.0,0.0,0.08130726546310792,-0.6158460296863184,0.3288801715289758,0.013,-0.0,0.0227
0.0122,-0.002686,-0.007324,1.301758,0.335999,-0.043274,0.070343,0.0,0.0,0.0,0.08296894091203115,-0.6171303428564695,0.32977600770682497,0.013,-0.0,0.0227
0.0125,0.000244,-0.008057,1.318604,0.183411,0.170349,0.100861,0.0,0.0,0.0,0.08241396515603194,-0.617379987884084,0.3310674150123171,0.013,-0.0,0.0227
0.0112,-0.000732,-0.011719,1.306885,0.397034,0.322937,0.100861,0.0,0.0,0.0,0.0818449473800037,-0.6156601524983025,0.33227729153190616,0.013,-0.0,0.0227
0.0122,0.002441,-0.008789,1.314941,0.305481,0.048279,0.131378,0.0,0.0,0.0,0.08228983739352295,-0.6187477906073476,0.3339015655029222,0.013,-0.0,0.0227
0.0121,0.003906,-0.005371,1.310059,0.366516,0.41449,-0.204315,0.0,0.0,0.0,0.08545758114753757,-0.6183091354582536,0.331408426310911,0.013,-0.0,0.0227
0.0123,-0.009033,-0.005371,1.304932,0.458069,0.445007,-0.02121,0.0,0.0,0.0,0.08975331296052276,-0.6098926679558809,0.33121609740479013,0.013,-0.0,0.0227
0.0122,-0.001709,-0.009277,1.316406,0.213928,0.231384,-0.02121,0.0,0.0,0.0,0.08874616003974523,-0.6084096117481326,0.3310157200093355,0.013,-0.0,0.0227
0.0111,-0.003906,-0.012939,1.306396,0.000305,-0.104309,-0.051727,0.0,0.0,0.0,0.08301881031310011,-0.609653856795221,0.33054872267476815,0.013,-0.0,0.0227
0.0129,-0.002441,-0.006836,1.310303,0.274963,0.383972,-0.204315,0.0,0.0,0.0,0.08444567365108879,-0.6056702547246743,0.3279496571594386,0.013,-0.0,0.0227
0.0116,0.000977,-0.013916,1.302979,0.335999,-0.012756,0.131378,0.0,0.0,0.0,0.08200466691326148,-0.6088266071813346,0.3295584678680787,0.013,-0.0,0.0227
0.012,0.003418,-0.005127,1.305664,0.274963,0.200867,-0.082245,0.0,0.0,0.0,0.08417724103307847,-0.6108232713980384,0.32854431320238386,0.013,-0.0,0.0227
0.0122,-0.008057,-0.007568,1.318359,0.274963,-0.012756,0.039825,0.0,0.0,0.0,0.08495291372166382,-0.6085874437340835,0.32910769431873144,0.013,-0.0,0.0227
0.0114,0.0,-0.010986,1.304443,0.183411,0.475525,-0.112762,0.0,0.0,0.0,0.08247331079355373,-0.6056138200078616,0.32788810796474976,0.013,-0.0,0.0227
0.0122,0.008301,-0.006104,1.314941,0.244446,0.109314,-0.02121,0.0,0.0,0.0,0.08375432574000226,-0.6114682952373123,0.3275780443349964,0.013,-0.0,0.0227
0.0121,-0.007324,-0.014404,1.306885,0.335999,0.445007,0.100861,0.0,0.0,0.0,0.08122169235824057,-0.604209128978498,0.328955508103976,0.013,-0.0,0.0227
0.0121,0.006348,-0.00708,1.320557,0.244446,0.292419,0.192413,0.0,0.0,0.0,0.08190289637792729,-0.6067158466729972,0.3312588909644387,0.013,-0.0,0.0227
0.0115,0.001953,-0.005615,1.303955,0.366516,0.048279,0.009308,0.0,0.0,0.0,0.08468599996697171,-0.6097245310477556,0.3313514050275506,0.013,-0.0,0.0227
0.0122,-0.000488,-0.008789,1.31958,0.305481,-0.134827,0.192413,0.0,0.0,0.0,0.08510283216933809,-0.6133547603005063,0.33373665273163355,0.013,-0.0,0.0227
0.0121,-0.000977,-0.007324,1.30127,0.397034,0.506042,0.161896,0.0,0.0,0.0,0.08741125614484357,-0.6090901688430426,0.33573072473568744,0.013,-0.0,0.0227
0.0121,0.0,-0.003906,1.313965,0.274963,-0.104309,-0.082245,0.0,0.0,0.0,0.09026654707030439,-0.6126629285226103,0.3347151221766644,0.013,-0.0,0.0227
0.0122,-0.004395,-0.009521,1.317139,0.427551,0.170349,0.222931,0.0,0.0,0.0,0.09166376113190736,-0.6103296235681851,0.33751520437125115,0.013,-0.0,0.0227
0.0124,0.008057,-0.009766,1.307617,0.274963,0.231384,0.100861,0.0,0.0,0.0,0.09110888041838933,-0.6145587409752271,0.33876211709177606,0.013,-0.0,0.0227
0.012,0.003906,-0.006592,1.312256,0.549622,0.048279,0.070343,0.0,0.0,0.0,0.09557603430380084,-0.6185439394038241,0.33959403233971724,0.013,-0.0,0.0227
0.0117,-0.00415,-0.012207,1.314209,0.366516,-0.012756,0.314484,0.0,0.0,0.0,0.09442102454259421,-0.6185117272627219,0.34338308763812053,0.013,-0.0,0.0227
0.0121,0.000244,-0.009766,1.307129,0.030823,0.200867,0.070343,0.0,0.0,0.0,0.09083659856742114,-0.6185245886369202,0.3442865477470704,0.013,-0.0,0.0227
0.0121,0.003906,-0.00708,1.309326,0.335999,0.292419,0.009308,0.0,0.0,0.0,0.09252398694319643,-0.6195625211962308,0.34439593976790955,0.013,-0.0,0.0227
0.0121,-0.005127,-0.009277,1.316406,0.183411,0.475525,0.161896,0.0,0.0,0.0,0.09107802130968269,-0.6130970549563058,0.3464453985737867,0.013,-0.0,0.0227
0.0111,0.003906,-0.00708,1.311768,0.183411,-0.012756,0.283966,0.0,0.0,0.0,0.09072801428166938,-0.6178111243228883,0.3495876931005278,0.013,-0.0,0.0227
0.0122,-0.001465,-0.005615,1.312988,0.366516,0.170349,-0.051727,0.0,0.0,0.0,0.09368422040838029,-0.6171419418128408,0.34897293532080853,0.013,-0.0,0.0227
0.0122,-0.007568,-0.009766,1.317627,0.183411,0.017761,-0.112762,0.0,0.0,0.0,0.0920019586494231,-0.6147562054064735,0.3477021280995908,0.013,-0.0,0.0227
0.0118,-0.002197,-0.013184,1.302002,0.274963,0.475525,0.039825,0.0,0.0,0.0,0.08927613879811702,-0.6102612802942599,0.34828418013716894,0.013,-0.0,0.0227
0.0121,0.010254,-0.002441,1.325439,0.274963,-0.226379,-0.173798,0.0,0.0,0.0,0.09296389858801717,-0.621111952201202,0.346069031152423,0.013,-0.0,0.0227
0.0123,-0.001465,-0.010986,1.299561,0.274963,0.567078,0.131378,0.0,0.0,0.0,0.09163064886055455,-0.615648085050621,0.34777157013813276,0.013,-0.0,0.0227
0.0117,-0.00293,-0.01123,1.324219,0.397034,0.017761,0.039825,0.0,0.0,0.0,0.09150426097982048,-0.6159435224248777,0.3483265517550277,0.013,-0.0,0.0227
0.012,0.006836,-0.001465,1.293213,0.427551,0.292419,0.222931,0.0,0.0,0.0,0.09751159589534783,-0.6189029020129945,0.35090869767446725,0.013,-0.0,0.0227
0.012,-0.006836,-0.012451,1.322998,0.213928,-0.012756,0.039825,0.0,0.0,0.0,0.09455911737809765,-0.6172737569156419,0.35151928535591564,0.013,-0.0,0.0227
0.0123,-0.009521,-0.015625,1.317627,0.274963,0.383972,0.070343,0.0,0.0,0.0,0.09057828992233802,-0.6092984663278498,0.35257868925423974,0.013,-0.0,0.0227
0.012,0.00708,-0.001953,1.299316,0.274963,0.261902,-0.112762,0.0,0.0,0.0,0.0945303972125885,-0.6127690625458723,0.35113384405804293,0.013,-0.0,0.0227
0.0123,0.006104,-0.004639,1.305664,0.397034,0.445007,0.283966,0.0,0.0,0.0,0.09837808027579183,-0.6132745051582227,0.3545807760265672,0.013,-0.0,0.0227
0.0115,-0.008301,-0.01709,1.320801,-0.06073,0.078796,-0.234833,0.0,0.0,0.0,0.08952865149224559,-0.6098110673941142,0.3520769885436436,0.013,-0.0,0.0227
0.0125,0.003418,-0.005127,1.317139,0.213928,0.170349,0.253448,0.0,0.0,0.0,0.09096200006964641,-0.6119904985888829,0.3552175195352589,0.013,-0.0,0.0227
0.0112,-0.000488,-0.013672,1.305176,0.06134,0.261902,0.192413,0.0,0.0,0.0,0.08542689750096447,-0.6111578988936565,0.35747386815479,0.013,-0.0,0.0227
0.0128,-0.002197,-0.015137,1.309326,0.152893,0.200867,0.070343,0.0,0.0,0.0,0.080372090944438,-0.6096690103805716,0.3585032767970767,0.013,-0.0,0.0227
0.0114,0.001709,-0.005127,1.310547,0.335999,0.261902,0.009308,0.0,0.0,0.0,0.08307700801791446,-0.6100513432995354,0.3585917985070024,0.013,-0.0,0.0227
0.0124,0.002686,-0.007324,1.3125,0.458069,0.170349,0.253448,0.0,0.0,0.0,0.08627294803293058,-0.6118551004709567,0.3617357339988444,0.013,-0.0,0.0227
0.0114,-0.000488,-0.009521,1.312012,0.244446,0.322937,-0.082245,0.0,0.0,0.0,0.08533896709789882,-0.6102347452979326,0.36085148113882776,0.013,-0.0,0.0227
0.0128,0.001465,-0.009521,1.3125,0.213928,0.261902,0.253448,0.0,0.0,0.0,0.08431872974762929,-0.610100265481206,0.364133322256339,0.013,-0.0,0.0227
0.0115,0.00708,-0.009033,1.303955,0.274963,0.231384,0.283966,0.0,0.0,0.0,0.0839993166384426,-0.6139986522855029,0.36738632320684217,0.013,-0.0,0.0227
0.0124,-0.001953,-0.008545,1.317383,0.366516,0.017761,-0.082245,0.0,0.0,0.0,0.0854028174354362,-0.614899563374365,0.36641626617658446,0.013,-0.0,0.0227
0.0123,-0.00708,-0.014404,1.309814,0.366516,0.261902,-0.14328,0.0,0.0,0.0,0.08332846534498918,-0.6098714236752936,0.3648164157635193,0.013,-0.0,0.0227
0.0109,0.000488,-0.01001,1.303467,0.213928,0.109314,0.100861,0.0,0.0,0.0,0.0816494160525245,-0.611364855307446,0.3659620094239195,0.013,-0.0,0.0227
0.0124,0.002197,-0.007812,1.321533,0.427551,-0.226379,0.070343,0.0,0.0,0.0,0.0842391722891249,-0.6176655036775133,0.36683784344642034,0.013,-0.0,0.0227
0.012,-0.000977,-0.011475,1.306152,0.06134,0.292419,0.161896,0.0,0.0,0.0,0.0801094245808258,-0.6159125213482727,0.3688606172803717,0.013,-0.0,0.0227
0.0126,0.005615,-0.01001,1.30249,0.274963,0.200867,0.131378,0.0,0.0,0.0,0.07956997517431523,-0.619038275569094,0.37052393579869264,0.013,-0.0,0.0227
0.0111,-0.001221,-0.013184,1.321289,0.152893,0.109314,0.192413,0.0,0.0,0.0,0.07549811925019581,-0.6193079303294287,0.3727594048250852,0.013,-0.0,0.0227
0.0129,-0.005859,-0.010742,1.319824,0.335999,0.261902,0.009308,0.0,0.0,0.0,0.07549967664572504,-0.6147538112751673,0.37298883998279486,0.013,-0.0,0.0227
0.011,0.007324,-0.01001,1.30835,0.091858,0.322937,0.283966,0.0,0.0,0.0,0.07258452896065787,-0.6178162838371218,0.3761045365958869,0.013,-0.0,0.0227
0.0129,0.016113,-0.003662,1.305664,0.366516,0.383972,-0.051727,0.0,0.0,0.0,0.07712263425562171,-0.6246352271802319,0.37528388280362196,0.013,-0.0,0.0227
0.0121,-0.001709,-0.00708,1.312988,0.335999,-0.073792,-0.02121,0.0,0.0,0.0,0.07895964134493177,-0.6266957770710972,0.3750572660846697,0.013,-0.0,0.0227
0.0112,-0.003418,-0.012939,1.317383,0.427551,-0.073792,0.131378,0.0,0.0,0.0,0.07808606725656002,-0.6276541063196027,0.3766456510850416,0.013,-0.0,0.0227
0.012,0.013916,-0.007324,1.301758,0.274963,0.170349,0.283966,0.0,0.0,0.0,0.07896414779461185,-0.6360074538255157,0.37996202909711757,0.013,-0.0,0.0227
0.0123,0.002197,-0.010986,1.306396,0.366516,0.200867,0.314484,0.0,0.0,0.0,0.07888588663295598,-0.6369484720984021,0.3838851069588814,0.013,-0.0,0.0227
0.0121,-0.001709,-0.009766,1.325684,0.305481,-0.043274,-0.082245,0.0,0.0,0.0,0.07881410463757466,-0.6384401508098585,0.38295797507907825,0.013,-0.0,0.0227
0.0124,0.020264,-0.002686,1.29541,0.458069,0.353455,-0.173798,0.0,0.0,0.0,0.08482669223778534,-0.6481981125744742,0.3806037396356604,0.013,-0.0,0.0227
0.0111,0.002441,-0.010254,1.316162,0.335999,0.261902,0.131378,0.0,0.0,0.0,0.08439811102676058,-0.6486422106484796,0.3821133594105077,0.013,-0.0,0.0227
0.0125,-0.013672,-0.017578,1.318115,0.091858,0.109314,0.314484,0.0,0.0,0.0,0.07714704029622159,-0.6412587667237436,0.3863191236814663,0.013,-0.0,0.0227
0.0118,-0.000732,-0.004395,1.310303,0.335999,0.017761,0.131378,0.0,0.0,0.0,0.0804287734134471,-0.642641699435721,0.38786178318786674,0.013,-0.0,0.0227
0.0118,-0.003174,-0.004395,1.299805,0.366516,0.170349,0.222931,0.0,0.0,0.0,0.08402236571766206,-0.6408618431476397,0.3905076819052245,0.013,-0.0,0.0227
0.0121,-0.002686,-0.012451,1.307617,0.06134,-0.012756,-0.082245,0.0,0.0,0.0,0.07936762134591775,-0.6414813442911814,0.3896242953214893,0.013,-0.0,0.0227
0.0121,0.007568,-0.003174,1.317139,0.458069,0.200867,0.161896,0.0,0.0,0.0,0.08489032315189173,-0.6454334184184701,0.3914963341532292,0.013,-0.0,0.0227
0.0122,0.003174,-0.010498,1.310059,0.305481,0.353455,0.314484,0.0,0.0,0.0,0.084271538330456,-0.6449963205227736,0.3953806117758355,0.013,-0.0,0.0227
0.0115,0.001221,-0.008789,1.312256,0.183411,0.567078,-0.02121,0.0,0.0,0.0,0.08310694184992451,-0.6412145684304398,0.3951802575481843,0.013,-0.0,0.0227
0.0128,0.001465,-0.012451,1.313721,0.274963,0.139832,-0.204315,0.0,0.0,0.0,0.08124380303920907,-0.6422863966394666,0.3926470661482162,0.013,-0.0,0.0227
0.012,0.000488,-0.00708,1.297363,0.397034,0.292419,0.039825,0.0,0.0,0.0,0.08370534077931023,-0.6411946104436862,0.39314663944817313,0.013,-0.0,0.0227
0.0112,-0.009277,-0.015869,1.314941,0.213928,0.200867,-0.051727,0.0,0.0,0.0,0.0787285571819998,-0.6355663674122938,0.39278251465987996,0.013,-0.0,0.0227
0.0122,0.00415,-0.00708,1.307373,0.458069,0.048279,0.070343,0.0,0.0,0.0,0.082040860102073,-0.6395012881061666,0.3936255691095011,0.013,-0.0,0.0227
0.0123,0.00415,-0.003418,1.323975,0.305481,0.200867,0.314484,0.0,0.0,0.0,0.08560274509896348,-0.6414002058022655,0.39743776678788606,0.013,-0.0,0.0227
0.012,-0.002441,-0.013916,1.30127,0.183411,0.383972,0.039825,0.0,0.0,0.0,0.08147418380846738,-0.6374827064128173,0.398052749005537,0.013,-0.0,0.0227
0.0117,-0.002441,-0.009033,1.304932,0.366516,0.261902,0.070343,0.0,0.0,0.0,0.0823260505275208,-0.6351127582000196,0.3989456723417742,0.013,-0.0,0.0227
0.0126,0.0,-0.00415,1.312988,0.213928,0.078796,0.039825,0.0,0.0,0.0,0.08445121331032865,-0.6361935961206299,0.3994311713622448,0.013,-0.0,0.0227
0.0115,-0.004639,-0.009766,1.319092,0.335999,0.048279,-0.082245,0.0,0.0,0.0,0.08447391989907511,-0.634966774326837,0.39858035593857444,0.013,-0.0,0.0227
0.0125,0.000977,-0.008301,1.311035,0.335999,0.506042,0.131378,0.0,0.0,0.0,0.08563352474969581,-0.6313562313123511,0.40025850551120606,0.013,-0.0,0.0227
0.012,0.005615,-0.01001,1.321777,0.183411,0.292419,0.161896,0.0,0.0,0.0,0.08382896394750788,-0.6331769206638738,0.4022160469055839,0.013,-0.0,0.0227
0.0115,0.003418,-0.00708,1.313232,0.244446,0.353455,0.009308,0.0,0.0,0.0,0.08435400349003881,-0.6332212059727715,0.4023193567703929,0.013,-0.0,0.0227
0.0123,0.001465,-0.004883,1.314209,0.458069,0.383972,-0.02121,0.0,0.0,0.0,0.08894835124768782,-0.631472112291569,0.40204534236054396,0.013,-0.0,0.0227
0.0125,-0.001709,-0.007324,1.306396,0.213928,0.170349,-0.02121,0.0,0.0,0.0,0.08913518650147087,-0.6305095596747552,0.4018216390955716,0.013,-0.0,0.0227
0.011,-0.001465,-0.008057,1.311768,0.458069,0.170349,-0.051727,0.0,0.0,0.0,0.0912473553534803,-0.6299178823012465,0.40130163947631164,0.013,-0.0,0.0227
0.0164,-0.004395,-0.007812,1.312988,0.274963,-0.043274,0.345001,0.0,0.0,0.0,0.09286512716816184,-0.6301842814188197,0.4070272651344498,0.013,-0.0,0.0227
0.008,0.003418,-0.012451,1.315186,0.397034,0.322937,0.192413,0.0,0.0,0.0,0.09051103599525143,-0.6317231337557607,0.4086317242286142,0.013,-0.0,0.0227
0.0121,0.00293,-0.007324,1.313965,0.030823,0.048279,0.283966,0.0,0.0,0.0,0.08836961558105433,-0.6349531688419278,0.4120677581433187,0.013,-0.0,0.0227
0.0119,-0.003174,-0.011475,1.315186,0.244446,0.41449,0.039825,0.0,0.0,0.0,0.08637766661703093,-0.630278710066319,0.4126535040165272,0.013,-0.0,0.0227
0.0122,0.001221,-0.010986,1.314209,0.366516,0.261902,0.283966,0.0,0.0,0.0,0.08620131867747846,-0.6299425565234493,0.4161820623396012,0.013,-0.0,0.0227
0.0122,-0.003906,-0.011475,1.303711,0.244446,0.017761,0.161896,0.0,0.0,0.0,0.08425088254324743,-0.6296193407884999,0.41826705235158373,0.013,-0.0,0.0227
0.0121,-0.006348,-0.006348,1.320312,0.397034,-0.34845,0.131378,0.0,0.0,0.0,0.0871522698035383,-0.6321872228331427,0.41991628052597396,0.013,-0.0,0.0227
0.012,0.008057,-0.007324,1.302246,0.213928,0.383972,0.070343,0.0,0.0,0.0,0.08723114252738712,-0.6345363488832062,0.4207180199588228,0.013,-0.0,0.0227
0.0113,0.001465,-0.011963,1.315186,0.488586,0.292419,-0.14328,0.0,0.0,0.0,0.08757867425339046,-0.6341722479931613,0.4191744100400463,0.013,-0.0,0.0227
0.0125,-0.006592,-0.011475,1.316895,0.213928,0.109314,0.039825,0.0,0.0,0.0,0.0853666774737783,-0.6310386157738627,0.41980815056328175,0.013,-0.0,0.0227
0.012,-0.000977,-0.005615,1.309326,0.305481,0.506042,0.192413,0.0,0.0,0.0,0.08754392968826298,-0.6265945659995193,0.4221336948397222,0.013,-0.0,0.0227
0.012,-0.004395,-0.004395,1.304199,0.397034,0.048279,0.161896,0.0,0.0,0.0,0.09150389820627695,-0.6256577687659464,0.42409983477677893,0.013,-0.0,0.0227
0.0114,-0.004395,-0.008789,1.313232,0.397034,0.170349,0.100861,0.0,0.0,0.0,0.09263609602849875,-0.6233393126555474,0.4253312015583298,0.013,-0.0,0.0227
0.0122,0.000977,-0.010254,1.303955,0.244446,0.109314,0.253448,0.0,0.0,0.0,0.09133067841088115,-0.624845031978,0.428474143416666,0.013,-0.0,0.0227
0.0124,0.003906,-0.005859,1.299561,0.274963,0.231384,0.161896,0.0,0.0,0.0,0.09304837789950669,-0.6265718903507574,0.4304532565396611,0.013,-0.0,0.0227
0.012,0.002197,-0.008545,1.314453,0.458069,0.109314,-0.051727,0.0,0.0,0.0,0.09528577811388918,-0.628696989371235,0.4298538762009226,0.013,-0.0,0.0227
0.0114,0.00415,-0.008301,1.303955,0.305481,0.322937,0.070343,0.0,0.0,0.0,0.09561973884698571,-0.6296786414344169,0.43066033888769445,0.013,-0.0,0.0227
0.0126,0.005615,-0.006836,1.30957,0.274963,0.322937,0.009308,0.0,0.0,0.0,0.09680198736958373,-0.6310781578588883,0.4307524119236404,0.013,-0.0,0.0227
0.0122,-0.003174,-0.013184,1.311035,0.122375,0.353455,0.314484,0.0,0.0,0.0,0.09227384948291856,-0.6270853411295202,0.4347236970572933,0.013,-0.0,0.0227
0.0122,-0.001221,-0.012695,1.31958,0.274963,0.109314,0.100861,0.0,0.0,0.0,0.08997786872845615,-0.6271662141108176,0.4360586224137563,0.013,-0.0,0.0227
0.0114,0.008057,-0.011719,1.293213,0.244446,0.322937,-0.173798,0.0,0.0,0.0,0.08766833237349914,-0.6305647678269588,0.43408669808298916,0.013,-0.0,0.0227
0.0122,-0.002686,-0.007324,1.316895,0.397034,0.048279,0.131378,0.0,0.0,0.0,0.09000576284827347,-0.6305104150282465,0.4357376716845993,0.013,-0.0,0.0227
0.012,-0.005371,-0.013672,1.314697,0.213928,0.078796,0.161896,0.0,0.0,0.0,0.08636501170630231,-0.6285537188971336,0.4378346303474575,0.013,-0.0,0.0227
0.012,0.006592,-0.010986,1.306396,0.335999,0.506042,0.253448,0.0,0.0,0.0,0.08574116859447149,-0.6285860992964104,0.44089153180470037,0.013,-0.0,0.0227
0.0121,-0.004395,-0.008789,1.310059,0.305481,0.017761,0.070343,0.0,0.0,0.0,0.08610759141629495,-0.6279601941815084,0.441823178531861,0.013,-0.0,0.0227
0.0114,-0.008545,-0.015625,1.318115,0.274963,-0.073792,0.131378,0.0,0.0,0.0,0.08196088847013001,-0.6259434502509517,0.44352482726236053,0.013,-0.0,0.0227
0.012,0.006836,-0.00708,1.300049,0.274963,0.322937,0.192413,0.0,0.0,0.0,0.08294894399262229,-0.6283748563493387,0.44578832932169665,0.013,-0.0,0.0227
0.0121,0.003418,-0.007568,1.310791,0.152893,0.475525,0.070343,0.0,0.0,0.0,0.08223429241511292,-0.6268230944465336,0.44663697052443824,0.013,-0.0,0.0227
0.0122,-0.005127,-0.012451,1.312012,0.274963,0.200867,0.039825,0.0,0.0,0.0,0.08017421221534156,-0.623567180174323,0.4472586528365502,0.013,-0.0,0.0227
0.0122,0.005859,-0.009033,1.313477,0.335999,0.261902,0.100861,0.0,0.0,0.0,0.0808591379273473,-0.6259999410190932,0.44847774864872114,0.013,-0.0,0.0227
0.0117,0.012695,-0.003906,1.300537,0.091858,0.475525,0.009308,0.0,0.0,0.0,0.0815465318717404,-0.6301953861448847,0.44844579488008735,0.013,-0.0,0.0227
0.012,-0.00415,-0.008545,1.322266,0.366516,0.689148,-0.082245,0.0,0.0,0.0,0.08283723826560069,-0.6216644464614449,0.4475452528840657,0.013,-0.0,0.0227
0.0122,-0.006104,-0.01123,1.315674,0.458069,0.41449,0.131378,0.0,0.0,0.0,0.08369174073303709,-0.6153010751883021,0.44928170502420345,0.013,-0.0,0.0227
0.0116,0.004395,-0.00708,1.318359,0.305481,0.292419,0.100861,0.0,0.0,0.0,0.08493566482840881,-0.616726313654776,0.45042973765907585,0.013,-0.0,0.0227
0.0127,0.000244,-0.007568,1.306396,0.366516,-0.012756,0.009308,0.0,0.0,0.0,0.08697604288526313,-0.6193298575518862,0.45056673702353406,0.013,-0.0,0.0227
0.0115,-0.00415,-0.011719,1.314697,0.183411,-0.043274,0.375519,0.0,0.0,0.0,0.08403035639501444,-0.6196320865811422,0.4549997745994428,0.013,-0.0,0.0227
0.0125,0.007812,-0.005615,1.307129,0.091858,0.322937,0.070343,0.0,0.0,0.0,0.08374640403515742,-0.622474744242236,0.4558055094209903,0.013,-0.0,0.0227
0.0114,0.007812,-0.008057,1.310547,0.183411,0.689148,0.222931,0.0,0.0,0.0,0.08295945641425251,-0.6214686209737558,0.4583125548252912,0.013,-0.0,0.0227
0.0118,0.001953,-0.010742,1.316162,0.274963,-0.012756,0.100861,0.0,0.0,0.0,0.08178748689333587,-0.6249356029698045,0.4595497385248817,0.013,-0.0,0.0227
0.0122,0.005371,-0.012451,1.316406,0.305481,0.65863,0.192413,0.0,0.0,0.0,0.08010003041473031,-0.6222505823419706,0.4619455537513562,0.013,-0.0,0.0227
0.0125,-0.007324,-0.010986,1.306885,0.213928,0.139832,0.039825,0.0,0.0,0.0,0.07822733601962181,-0.6184739347427334,0.4625834298928177,0.013,-0.0,0.0227
0.012,-0.005127,-0.014893,1.325928,0.244446,0.109314,0.161896,0.0,0.0,0.0,0.07441492237243572,-0.6163740521787824,0.4646937934347182,0.013,-0.0,0.0227
0.0122,0.00708,-0.005615,1.303955,0.152893,-0.104309,0.009308,0.0,0.0,0.0,0.07494768240278007,-0.6241064389859269,0.4647284046229048,0.013,-0.0,0.0227
0.012,0.009766,-0.00415,1.3125,0.427551,0.200867,-0.02121,0.0,0.0,0.0,0.07956750538705563,-0.6295937183587955,0.46435837643997974,0.013,-0.0,0.0227
0.0121,-0.009521,-0.01416,1.301758,0.213928,0.41449,0.161896,0.0,0.0,0.0,0.0757182488409386,-0.6212348535577537,0.46652840500551107,0.013,-0.0,0.0227
0.0116,0.001709,-0.001709,1.319824,0.091858,0.200867,0.100861,0.0,0.0,0.0,0.07770442051571352,-0.6220831242242336,0.4676274696816484,0.013,-0.0,0.0227
0.0121,0.003174,-0.003418,1.302002,0.122375,0.139832,-0.14328,0.0,0.0,0.0,0.0791321231405726,-0.6245424946425369,0.4658296418102404,0.013,-0.0,0.0227
0.0122,-0.003418,-0.008057,1.313232,0.519104,0.017761,0.345001,0.0,0.0,0.0,0.08257418018515474,-0.624516017474292,0.47010199714822615,0.013,-0.0,0.0227
0.012,-0.000488,-0.006104,1.301025,0.305481,0.231384,0.253448,0.0,0.0,0.0,0.0844835409220745,-0.6237401006307839,0.4731548809807278,0.013,-0.0,0.0227
0.0121,0.00415,-0.004883,1.329346,0.305481,0.048279,-0.173798,0.0,0.0,0.0,0.08717872925243206,-0.6276223934510892,0.47100413417136366,0.013,-0.0,0.0227
0.0112,-0.002686,-0.011475,1.306885,0.488586,0.292419,0.070343,0.0,0.0,0.0,0.08771835175841743,-0.6249926903227658,0.4719008158870757,0.013,-0.0,0.0227
0.0122,-0.008789,-0.010254,1.312256,0.183411,0.475525,0.039825,0.0,0.0,0.0,0.08578006242252742,-0.6163069033844377,0.47253801033537135,0.013,-0.0,0.0227
0.0123,0.001465,-0.011719,1.302002,0.458069,0.017761,0.253448,0.0,0.0,0.0,0.0863082333949867,-0.6192878284581144,0.475718849584312,0.013,-0.0,0.0227
0.012,-0.000732,-0.010742,1.320312,0.091858,0.353455,0.009308,0.0,0.0,0.0,0.08300087407409579,-0.6168466857173643,0.47590743391617885,0.013,-0.0,0.0227
0.0122,0.002197,-0.005371,1.30249,0.335999,0.170349,0.314484,0.0,0.0,0.0,0.08575828193457521,-0.6184092629883026,0.4797170653933642,0.013,-0.0,0.0227
0.0113,0.001465,-0.009521,1.327881,0.305481,0.109314,0.070343,0.0,0.0,0.0,0.08550090370835152,-0.6201684379538158,0.4805491995626877,0.013,-0.0,0.0227
0.0121,0.006348,-0.009033,1.300537,0.183411,0.017761,0.131378,0.0,0.0,0.0,0.08424595570988028,-0.6259859909177677,0.4821194360992016,0.013,-0.0,0.0227
0.012,-0.00415,-0.011963,1.322021,0.335999,0.445007,0.222931,0.0,0.0,0.0,0.08313382931482828,-0.6204049238592542,0.48492509923243526,0.013,-0.0,0.0227
0.0122,0.000488,-0.008301,1.298096,0.213928,-0.012756,0.131378,0.0,0.0,0.0,0.08271460187226966,-0.6231631961728894,0.48655385951591207,0.013,-0.0,0.0227
0.012,-0.002441,-0.00708,1.330078,0.488586,0.078796,-0.051727,0.0,0.0,0.0,0.08629519652546846,-0.6228993402787688,0.48597591398751194,0.013,-0.0,0.0227
0.0122,-0.006104,-0.006592,1.291016,0.213928,0.353455,-0.051727,0.0,0.0,0.0,0.08686603778608816,-0.6173547437500079,0.4854185989896008,0.013,-0.0,0.0227
0.012,-0.001221,-0.00708,1.316162,0.244446,0.292419,0.039825,0.0,0.0,0.0,0.08747738298886232,-0.6154005699027137,0.48592864408933745,0.013,-0.0,0.0227
0.0116,-0.003174,-0.009766,1.310303,0.335999,-0.226379,0.131378,0.0,0.0,0.0,0.0874551902500396,-0.61843562949769,0.48753032915393135,0.013,-0.0,0.0227
0.0122,0.003174,-0.005371,1.323975,0.305481,0.261902,0.131378,0.0,0.0,0.0,0.0898290732323033,-0.6192709645138755,0.48910159397094877,0.013,-0.0,0.0227
0.0121,-0.001221,-0.015381,1.296875,-0.06073,0.689148,0.131378,0.0,0.0,0.0,0.08185684322003563,-0.6126370745759295,0.4908392043508201,0.013,-0.0,0.0227
0.012,0.001953,-0.006592,1.322754,0.213928,-0.043274,0.345001,0.0,0.0,0.0,0.08240875306825152,-0.6165169627235767,0.4949670714878325,0.013,-0.0,0.0227
0.0121,0.005615,-0.001465,1.306641,0.397034,0.200867,-0.082245,0.0,0.0,0.0,0.08820781443892001,-0.6196917037684782,0.49385958491533,0.013,-0.0,0.0227
0.0123,-0.001953,-0.010254,1.310547,0.213928,0.292419,0.253448,0.0,0.0,0.0,0.08661949738006405,-0.6172381153265916,0.4970599765207124,0.013,-0.0,0.0227
0.0116,-0.001221,-0.009766,1.31958,0.152893,0.048279,-0.082245,0.0,0.0,0.0,0.08455011427674501,-0.6181802310543537,0.4961700140165323,0.013,-0.0,0.0227
0.0116,0.003418,-0.009521,1.312012,0.427551,-0.134827,-0.112762,0.0,0.0,0.0,0.08578767335788809,-0.6239578553867011,0.4948751655526379,0.013,-0.0,0.0227
0.0123,-0.003662,-0.012939,1.316895,0.458069,0.628113,0.192413,0.0,0.0,0.0,0.0856658854025583,-0.6163439319551003,0.4973836600332067,0.013,-0.0,0.0227
0.0117,0.010742,-0.009033,1.29541,0.244446,0.261902,0.222931,0.0,0.0,0.0,0.0850247055035299,-0.6220178778537919,0.4999290570642931,0.013,-0.0,0.0227
0.0123,-0.003174,-0.008545,1.331055,0.488586,-0.012756,0.009308,0.0,0.0,0.0,0.0878792472316702,-0.6224319417992442,0.5001126107002711,0.013,-0.0,0.0227
0.012,-0.017822,-0.018555,1.314209,0.244446,-0.134827,-0.082245,0.0,0.0,0.0,0.0818250766336454,-0.6158584429113991,0.4994701193953624,0.013,-0.0,0.0227
0.0121,0.002686,-0.009766,1.299805,0.519104,0.445007,0.131378,0.0,0.0,0.0,0.08419519047338479,-0.6144608643047509,0.5010864067974978,0.013,-0.0,0.0227
0.0121,0.007568,-0.005127,1.311279,0.335999,0.139832,-0.02121,0.0,0.0,0.0,0.08709645900367946,-0.6194833574577747,0.500742372113916,0.013,-0.0,0.0227
0.0121,0.002686,-0.009521,1.319092,0.152893,-0.043274,0.314484,0.0,0.0,0.0,0.0851871891255265,-0.6237481905626127,0.5045682699760191,0.013,-0.0,0.0227
0.0121,0.001709,-0.008545,1.308838,0.458069,0.383972,0.131378,0.0,0.0,0.0,0.08752303602831044,-0.6223592984714708,0.5061826128706697,0.013,-0.0,0.0227
0.0121,0.006836,-0.005859,1.304932,0.274963,0.506042,-0.173798,0.0,0.0,0.0,0.08924803761476129,-0.6225496061032771,0.5040175322565634,0.013,-0.0,0.0227
0.0119,-0.002441,-0.015869,1.31543,0.549622,0.41449,0.131378,0.0,0.0,0.0,0.08828560828137758,-0.6184302814565203,0.5057500134802936,0.013,-0.0,0.0227
0.0112,0.01123,-0.001709,1.307373,-0.06073,-0.165344,0.070343,0.0,0.0,0.0,0.08843255221003479,-0.6290880711095473,0.5063613251339497,0.013,-0.0,0.0227
0.012,0.003174,-0.012695,1.307129,0.397034,-0.256897,-0.234833,0.0,0.0,0.0,0.0875911775466177,-0.6361485960963629,0.5036048193993939,0.013,-0.0,0.0227
0.0122,-0.008301,-0.017334,1.320068,0.244446,0.231384,0.283966,0.0,0.0,0.0,0.08228622347414702,-0.6305629113471253,0.5073206933771047,0.013,-0.0,0.0227
0.012,0.007812,-0.00293,1.291992,0.183411,0.200867,0.039825,0.0,0.0,0.0,0.08464952212132106,-0.6350418440668274,0.5076757140134175,0.013,-0.0,0.0227
0.0123,-0.00293,-0.007324,1.330078,0.183411,0.078796,0.222931,0.0,0.0,0.0,0.08446425357042323,-0.6343549419698097,0.5104725930878015,0.013,-0.0,0.0227
0.0121,-0.009521,-0.010986,1.307373,0.305481,0.445007,-0.204315,0.0,0.0,0.0,0.08359642249168395,-0.6255658385725987,0.5081775187192514,0.013,-0.0,0.0227
0.0122,0.002441,-0.005371,1.307129,0.549622,0.353455,0.039825,0.0,0.0,0.0,0.08896446535912782,-0.6249268960746875,0.5086364145323303,0.013,-0.0,0.0227
0.0121,0.0,-0.008301,1.307373,0.06134,0.017761,0.039825,0.0,0.0,0.0,0.08666244725604605,-0.6269209753022206,0.5091516057993518,0.013,-0.0,0.0227
0.0111,-0.008301,-0.014648,1.325195,0.397034,0.383972,0.222931,0.0,0.0,0.0,0.08436680104710037,-0.6199916400714136,0.5118368665993044,0.013,-0.0,0.0227
0.0124,0.005127,-0.009521,1.294189,0.213928,0.078796,0.100861,0.0,0.0,0.0,0.08325657767227494,-0.6243956727120604,0.5130804518763508,0.013,-0.0,0.0227
0.0121,0.007812,-0.004883,1.320068,0.335999,0.383972,0.345001,0.0,0.0,0.0,0.08626324804154509,-0.6264495592892679,0.5171664788514189,0.013,-0.0,0.0227
0.0121,-0.005859,-0.011475,1.293945,0.274963,0.200867,-0.02121,0.0,0.0,0.0,0.08466071431615894,-0.6228643552338274,0.5170511438119197,0.013,-0.0,0.0227
0.0116,-0.007812,-0.007324,1.325928,0.152893,0.383972,0.009308,0.0,0.0,0.0,0.08402340071641505,-0.6160618908271199,0.5172641957587334,0.013,-0.0,0.0227
0.0128,0.00708,-0.008301,1.296631,0.305481,0.078796,0.009308,0.0,0.0,0.0,0.08489414744316176,-0.6216082393775377,0.5173385889969175,0.013,-0.0,0.0227
0.011,0.003418,-0.008545,1.324219,0.427551,0.353455,0.192413,0.0,0.0,0.0,0.08642743018909003,-0.6218600901247183,0.5194613438442572,0.013,-0.0,0.0227
0.0123,-0.00415,-0.012695,1.301758,0.000305,0.200867,0.039825,0.0,0.0,0.0,0.08083713832303563,-0.6192550020865026,0.5200893189055122,0.013,-0.0,0.0227
0.0125,0.000732,-0.007812,1.321533,0.458069,0.200867,0.100861,0.0,0.0,0.0,0.08384891342753845,-0.6193668806770742,0.5213699567962985,0.013,-0.0,0.0227
0.0115,0.00415,-0.008301,1.309814,0.335999,-0.073792,-0.02121,0.0,0.0,0.0,0.08470437729194874,-0.624870704479253,0.52111194121464,0.013,-0.0,0.0227
0.0117,-0.001953,-0.01001,1.320068,0.183411,0.597595,0.131378,0.0,0.0,0.0,0.08286096616635538,-0.6189444247656584,0.522734463269855,0.013,-0.0,0.0227
0.0123,0.004395,-0.016602,1.303711,0.305481,0.170349,0.161896,0.0,0.0,0.0,0.07872644155230571,-0.621737982238243,0.524826497163768,0.013,-0.0,0.0227
0.0122,0.001465,-0.008789,1.331299,0.122375,0.048279,0.009308,0.0,0.0,0.0,0.07703772960389826,-0.6240770219596473,0.5249628910147641,0.013,-0.0,0.0227
0.0121,-0.001221,-0.009766,1.299561,0.06134,0.353455,0.100861,0.0,0.0,0.0,0.07397945009037708,-0.6213947142607478,0.5262501990515296,0.013,-0.0,0.0227
0.0121,-0.001709,-0.00708,1.317871,0.488586,0.292419,-0.082245,0.0,0.0,0.0,0.07769072458957743,-0.6190737525709007,0.5252898476257293,0.013,-0.0,0.0227
0.0113,0.005859,-0.006836,1.304199,0.244446,0.078796,0.161896,0.0,0.0,0.0,0.07834765252841028,-0.6239074306147853,0.5270649120925479,0.013,-0.0,0.0227
0.0128,0.000977,-0.007568,1.310059,0.213928,0.506042,-0.082245,0.0,0.0,0.0,0.07858018432830739,-0.6202644086804341,0.5260294802742869,0.013,-0.0,0.0227
0.0112,0.000732,-0.01001,1.305664,0.458069,0.017761,0.222931,0.0,0.0,0.0,0.07970998255504053,-0.6227614825531176,0.528573036771774,0.013,-0.0,0.0227
0.012,0.007812,-0.007568,1.311523,0.183411,0.506042,0.253448,0.0,0.0,0.0,0.0793584284287782,-0.6234989177407116,0.5315587136116825,0.013,-0.0,0.0227
0.0121,-0.001221,-0.008545,1.310059,0.335999,0.048279,0.161896,0.0,0.0,0.0,0.08029529813506198,-0.6244122774626035,0.5335671021060682,0.013,-0.0,0.0227
0.012,-0.004395,-0.011719,1.321533,0.305481,0.445007,0.161896,0.0,0.0,0.0,0.07901289906285844,-0.6187072564838004,0.5356441355288163,0.013,-0.0,0.0227
0.0128,0.000488,-0.01123,1.302979,0.305481,0.231384,0.253448,0.0,0.0,0.0,0.07819446865536657,-0.6183675214356378,0.5389573909955933,0.013,-0.0,0.0227
0.0121,-0.001953,-0.012207,1.310547,0.335999,0.65863,-0.02121,0.0,0.0,0.0,0.07702700788763563,-0.6115952704954819,0.5388153874106257,0.013,-0.0,0.0227
0.0112,-0.003906,-0.009766,1.306152,0.213928,-0.134827,0.131378,0.0,0.0,0.0,0.07562037108828855,-0.6131588393749802,0.5403747930245448,0.013,-0.0,0.0227
0.0122,0.008057,-0.008789,1.320557,0.488586,0.53656,0.070343,0.0,0.0,0.0,0.07835926724999108,-0.6135803271349518,0.5411876345121874,0.013,-0.0,0.0227
0.0122,-0.002441,-0.004639,1.29834,0.397034,0.383972,0.070343,0.0,0.0,0.0,0.08236418279177721,-0.6098930430428606,0.5420537595536954,0.013,-0.0,0.0227
0.0122,-0.009033,-0.012207,1.318848,0.549622,0.292419,0.131378,0.0,0.0,0.0,0.08377529636298667,-0.6034172007109441,0.5438426896434213,0.013,-0.0,0.0227
0.012,0.000977,-0.010254,1.306152,0.274963,0.139832,0.009308,0.0,0.0,0.0,0.0829181324347659,-0.6047660551235073,0.5439980602851453,0.013,-0.0,0.0227
0.012,-0.001221,-0.004395,1.324219,0.213928,0.200867,0.131378,0.0,0.0,0.0,0.08475518986555353,-0.6039829539211038,0.5455644323444286,0.013,-0.0,0.0227
0.0121,0.003906,-0.01001,1.299561,0.122375,0.322937,0.161896,0.0,0.0,0.0,0.08219547383378513,-0.6048919912934498,0.5475341078879704,0.013,-0.0,0.0227
0.0122,-0.000488,-0.010254,1.317871,0.091858,0.231384,-0.02121,0.0,0.0,0.0,0.07922942815192281,-0.6041608304077787,0.5473374311400276,0.013,-0.0,0.0227
0.012,0.006348,-0.007568,1.305664,0.580139,0.41449,-0.082245,0.0,0.0,0.0,0.08362506615456652,-0.6053875006260607,0.5463019441201556,0.013,-0.0,0.0227
0.0117,-0.001221,-0.012695,1.315674,0.305481,0.139832,-0.02121,0.0,0.0,0.0,0.0816514235530559,-0.6054128027367873,0.5461586671881077,0.013,-0.0,0.0227
0.0122,-0.003174,-0.012451,1.304443,-0.1828,0.139832,0.345001,0.0,0.0,0.0,0.07400897563258836,-0.6042995067105005,0.5504882627946805,0.013,-0.0,0.0227
0.0111,-0.003174,-0.007812,1.32666,0.458069,0.170349,0.009308,0.0,0.0,0.0,0.07648015430406578,-0.6028931949722759,0.5506473735032646,0.013,-0.0,0.0227
0.012,-0.001709,-0.011719,1.294189,0.213928,0.170349,0.131378,0.0,0.0,0.0,0.07407040974807585,-0.6023849324780741,0.5523155363500564,0.013,-0.0,0.0227
0.0128,0.013184,-0.005371,1.326904,0.458069,0.353455,0.039825,0.0,0.0,0.0,0.07871045843152545,-0.6078112230362193,0.5526687211240737,0.013,-0.0,0.0227
0.012,0.000488,-0.008057,1.303223,0.427551,0.322937,0.131378,0.0,0.0,0.0,0.08098347991813531,-0.6066761869434987,0.554267596469559,0.013,-0.0,0.0227
0.0122,-0.007324,-0.01123,1.332031,0.213928,0.261902,-0.082245,0.0,0.0,0.0,0.07898568929146194,-0.6015447083588848,0.5534181181537383,0.013,-0.0,0.0227
0.012,0.001709,-0.008545,1.289551,0.06134,0.139832,0.131378,0.0,0.0,0.0,0.07659638771183135,-0.6034693843884525,0.5550025701170174,0.013,-0.0,0.0227
0.0115,0.002441,-0.006104,1.325439,0.366516,0.353455,0.039825,0.0,0.0,0.0,0.07915707582872474,-0.6031628292464155,0.5554336426231401,0.013,-0.0,0.0227
0.0121,-0.003906,-0.01416,1.28833,0.122375,-0.012756,0.161896,0.0,0.0,0.0,0.07416952149782902,-0.603562301114084,0.5575444499515649,0.013,-0.0,0.0227
0.0117,-0.001709,-0.003906,1.327393,0.366516,-0.012756,0.161896,0.0,0.0,0.0,0.07807896419190719,-0.605023909980383,0.559421802613056,0.013,-0.0,0.0227
0.012,0.002441,-0.007812,1.299072,0.244446,0.231384,0.222931,0.0,0.0,0.0,0.07831335898903637,-0.606180241188557,0.5620898745372943,0.013,-0.0,0.0227
0.0121,-0.00708,-0.015381,1.326416,0.335999,0.200867,0.192413,0.0,0.0,0.0,0.07534893480234274,-0.6019765479566082,0.5646254098652229,0.013,-0.0,0.0227
0.0123,0.00293,-0.009277,1.297363,0.488586,0.445007,-0.204315,0.0,0.0,0.0,0.07784306246946668,-0.6007925835825559,0.5621207316903882,0.013,-0.0,0.0227
0.0118,-0.005859,-0.008789,1.329102,0.458069,0.078796,0.039825,0.0,0.0,0.0,0.08002785411913509,-0.5988194797096651,0.5626896784502152,0.013,-0.0,0.0227
0.0123,-0.003418,-0.012207,1.30249,0.030823,0.445007,-0.051727,0.0,0.0,0.0,0.07517287950460681,-0.5939066223850233,0.5621744674031485,0.013,-0.0,0.0227
0.0114,-0.000977,-0.008057,1.312988,0.091858,0.200867,0.100861,0.0,0.0,0.0,0.07346441713334809,-0.5935623816727128,0.5633539371962675,0.013,-0.0,0.0227
0.0119,0.007568,-0.007324,1.302246,0.244446,0.322937,0.039825,0.0,0.0,0.0,0.07403739291705289,-0.5967568713585218,0.5637496701807951,0.013,-0.0,0.0227
0.0121,-0.00293,-0.009766,1.328369,0.305481,0.048279,-0.02121,0.0,0.0,0.0,0.07401728290819339,-0.5968532550783185,0.5635697705960087,0.013,-0.0,0.0227
0.0124,0.002441,-0.006104,1.30957,0.427551,0.41449,0.100861,0.0,0.0,0.0,0.07766218056735537,-0.5956741738850098,0.5647888709766891,0.013,-0.0,0.0227
0.0122,0.00708,-0.005859,1.308594,0.305481,0.353455,0.100861,0.0,0.0,0.0,0.07985309348482772,-0.5980430418539731,0.5659314830761513,0.013,-0.0,0.0227
0.0119,-0.006836,-0.010498,1.304932,0.427551,-0.134827,0.253448,0.0,0.0,0.0,0.08063165156704373,-0.5981340813268791,0.5690792047737269,0.013,-0.0,0.0227
0.0119,-0.004639,-0.014404,1.3125,0.305481,-0.165344,0.283966,0.0,0.0,0.0,0.07770844638011008,-0.599835775567933,0.5726186424659586,0.013,-0.0,0.0227
0.0121,0.00708,-0.006592,1.311523,0.458069,0.048279,0.009308,0.0,0.0,0.0,0.08128225028492045,-0.6058187638082728,0.5726495763857228,0.013,-0.0,0.0227
0.0121,0.009521,-0.006592,1.314941,0.549622,0.292419,-0.051727,0.0,0.0,0.0,0.08592549755444347,-0.6102004148838241,0.5719220316998749,0.013,-0.0,0.0227
0.0116,-0.003662,-0.012695,1.325928,0.183411,0.231384,0.406036,0.0,0.0,0.0,0.08248437945360547,-0.6076778063285002,0.5767704117705381,0.013,-0.0,0.0227
0.0122,0.003662,-0.009033,1.313721,0.335999,0.322937,0.253448,0.0,0.0,0.0,0.08313198448075072,-0.6082536237680124,0.5798634359000175,0.013,-0.0,0.0227
0.0121,0.001953,-0.009033,1.314941,0.030823,0.078796,0.039825,0.0,0.0,0.0,0.08011440675057568,-0.6107730741643254,0.5803620931502232,0.013,-0.0,0.0227
0.0121,-0.002197,-0.011963,1.306641,0.183411,0.078796,-0.14328,0.0,0.0,0.0,0.07724887406746622,-0.6108997726045088,0.5787356775761671,0.013,-0.0,0.0227
0.0114,-0.005859,-0.008057,1.316162,0.671692,0.200867,-0.14328,0.0,0.0,0.0,0.08209413848647172,-0.607524455508067,0.5771975222927133,0.013,-0.0,0.0227
0.0129,0.003174,-0.008789,1.301514,0.06134,0.231384,0.100861,0.0,0.0,0.0,0.07960770793613368,-0.6088629177231635,0.5784970603742906,0.013,-0.0,0.0227
0.0118,-0.006104,-0.016602,1.314941,0.305481,-0.104309,0.222931,0.0,0.0,0.0,0.0754025641521336,-0.6088603167658589,0.581343908410837,0.013,-0.0,0.0227
0.012,0.014404,-0.008789,1.308838,0.427551,0.200867,-0.051727,0.0,0.0,0.0,0.07731577557869378,-0.6172422096051646,0.58058656815545,0.013,-0.0,0.0227
0.0126,0.006836,-0.002441,1.304199,0.152893,0.231384,0.161896,0.0,0.0,0.0,0.07971998761425277,-0.6206767412475472,0.5824890359101819,0.013,-0.0,0.0227
0.0111,-0.011963,-0.011719,1.317139,0.335999,0.017761,0.131378,0.0,0.0,0.0,0.07849580127347185,-0.6157310902262828,0.5841696623612099,0.013,-0.0,0.0227
0.0124,-0.011475,-0.009033,1.313721,0.152893,-0.043274,0.131378,0.0,0.0,0.0,0.07701668872038465,-0.6118481790199307,0.5859715905839872,0.013,-0.0,0.0227
0.0111,0.006348,-0.008545,1.312256,0.305481,0.353455,0.192413,0.0,0.0,0.0,0.07731405620840728,-0.6139648776416816,0.5880660327575055,0.013,-0.0,0.0227
0.0124,0.003174,-0.010742,1.303467,0.183411,0.048279,0.100861,0.0,0.0,0.0,0.07520832285851312,-0.6175771552742773,0.5893411667565446,0.013,-0.0,0.0227
0.0125,0.000244,-0.010254,1.318604,0.488586,0.353455,0.314484,0.0,0.0,0.0,0.07720853831984083,-0.6155597517794419,0.5933315153788189,0.013,-0.0,0.0227
0.0118,0.006592,-0.005615,1.305664,0.580139,0.109314,-0.02121,0.0,0.0,0.0,0.08264722682358298,-0.6204529072764413,0.5929922888027569,0.013,-0.0,0.0227
0.0118,-0.004883,-0.005859,1.317871,0.213928,0.322937,0.100861,0.0,0.0,0.0,0.08360126595442173,-0.6160352954432405,0.5942399520888877,0.013,-0.0,0.0227
0.0121,-0.009521,-0.012939,1.312256,0.397034,0.139832,-0.02121,0.0,0.0,0.0,0.08269251416642534,-0.611083446792803,0.5941951209256611,0.013,-0.0,0.0227
0.0118,0.004883,-0.006592,1.3125,0.458069,0.322937,0.222931,0.0,0.0,0.0,0.08605355846195573,-0.6124700528777957,0.5967754595746936,0.013,-0.0,0.0227
0.0117,0.001465,-0.010742,1.312988,0.366516,0.139832,-0.234833,0.0,0.0,0.0,0.08592039017444039,-0.613993073005577,0.5940770608016341,0.013,-0.0,0.0227
0.0123,0.000244,-0.007812,1.317139,0.213928,0.078796,0.009308,0.0,0.0,0.0,0.08582577303641173,-0.6154284117265295,0.5942122158209046,0.013,-0.0,0.0227
0.012,0.003418,-0.006104,1.308105,0.335999,0.231384,0.131378,0.0,0.0,0.0,0.08808734602873053,-0.6169753224738911,0.595748985359739,0.013,-0.0,0.0227
0.0124,0.000488,-0.011719,1.311035,0.519104,0.048279,0.039825,0.0,0.0,0.0,0.08944508326125647,-0.6189316733015956,0.5963202024407231,0.013,-0.0,0.0227
0.0117,-0.01416,-0.010742,1.314209,0.274963,0.139832,-0.051727,0.0,0.0,0.0,0.0881936352189387,-0.6113047068695172,0.5959529414796044,0.013,-0.0,0.0227
0.0118,0.000977,-0.012695,1.300781,0.305481,0.109314,0.283966,0.0,0.0,0.0,0.08611705275345627,-0.6129956765486115,0.5993838717955827,0.013,-0.0,0.0227
0.0123,0.001709,-0.012207,1.320557,0.305481,0.109314,0.039825,0.0,0.0,0.0,0.0845930298667833,-0.6148957322997693,0.5999390252271813,0.013,-0.0,0.0227
0.0117,0.003906,-0.006836,1.310303,0.274963,0.322937,0.253448,0.0,0.0,0.0,0.0856216302171292,-0.615724253143244,0.6028676133248864,0.013,-0.0,0.0227
0.0121,0.007324,-0.005371,1.30957,0.397034,0.567078,0.009308,0.0,0.0,0.0,0.08909336334363628,-0.6154876529666572,0.6028861319516002,0.013,-0.0,0.0227
0.0117,-0.003418,-0.011719,1.303467,0.244446,0.170349,0.192413,0.0,0.0,0.0,0.08686464358632755,-0.6138445297777014,0.6052616578256107,0.013,-0.0,0.0227
0.0122,-0.011475,-0.012939,1.321289,0.213928,0.353455,0.100861,0.0,0.0,0.0,0.08377093634560685,-0.6051763500383661,0.6067323152392282,0.013,-0.0,0.0227
0.0125,0.003418,-0.005371,1.300049,0.366516,-0.165344,0.314484,0.0,0.0,0.0,0.0869978162608056,-0.6116954434629112,0.6105994317193093,0.013,-0.0,0.0227
0.0122,0.000244,-0.009277,1.310791,0.366516,0.139832,0.131378,0.0,0.0,0.0,0.08783183565480816,-0.6124727768436078,0.6122430951111603,0.013,-0.0,0.0227
0.0111,-0.003662,-0.012451,1.316162,0.213928,0.048279,0.406036,0.0,0.0,0.0,0.0847272573131206,-0.6121001522388715,0.6168830768739986,0.013,-0.0,0.0227
0.013,0.005371,-0.008545,1.311279,0.305481,0.506042,0.131378,0.0,0.0,0.0,0.08551585108782236,-0.6110372800201288,0.6185629056495624,0.013,-0.0,0.0227
0.0111,0.005859,-0.011963,1.311768,0.091858,0.109314,0.100861,0.0,0.0,0.0,0.08139862305569395,-0.6155650103059185,0.6196913311950939,0.013,-0.0,0.0227
0.0124,0.0,-0.007812,1.31665,0.122375,0.200867,0.070343,0.0,0.0,0.0,0.08023896349270121,-0.6153419776905916,0.6205865021863631,0.013,-0.0,0.0227
0.0117,-0.005127,-0.013428,1.306152,0.183411,0.445007,0.070343,0.0,0.0,0.0,0.07641801572597214,-0.6095053746652553,0.6215805960437873,0.013,-0.0,0.0227
0.0123,-0.001465,-0.008057,1.307861,0.305481,-0.012756,-0.112762,0.0,0.0,0.0,0.0773954944796892,-0.6111648859487769,0.6202310570499556,0.013,-0.0,0.0227
0.0123,-0.005859,-0.008789,1.314209,0.274963,-0.134827,0.283966,0.0,0.0,0.0,0.07752205505888259,-0.6117073809481616,0.6238261812923838,0.013,-0.0,0.0227
0.0121,-0.000977,-0.009033,1.307373,0.335999,0.322937,0.375519,0.0,0.0,0.0,0.07815741570766546,-0.6096191565987307,0.6284204438983475,0.013,-0.0,0.0227
0.0111,0.001709,-0.009766,1.30957,0.427551,0.383972,0.253448,0.0,0.0,0.0,0.07906006937534656,-0.6087481698490051,0.6312613958203861,0.013,-0.0,0.0227
0.0121,-0.001221,-0.00708,1.32373,0.091858,0.139832,0.039825,0.0,0.0,0.0,0.0779607774041314,-0.6086340653614896,0.6317664618833521,0.013,-0.0,0.0227
0.0121,-0.003662,-0.00708,1.307861,0.152893,0.322937,-0.112762,0.0,0.0,0.0,0.07760597854685346,-0.6049972684111098,0.630456335564271,0.013,-0.0,0.0227
0.0123,0.010742,-0.009277,1.307861,0.366516,0.231384,0.039825,0.0,0.0,0.0,0.07858282673867442,-0.610861390600466,0.6308510779316595,0.013,-0.0,0.0227
0.0123,0.000488,-0.005127,1.304199,0.244446,0.200867,-0.02121,0.0,0.0,0.0,0.08049300244760606,-0.6110750422350281,0.6305639168627112,0.013,-0.0,0.0227
0.0121,-0.004883,-0.013672,1.318115,0.274963,0.139832,0.131378,0.0,0.0,0.0,0.07772843898817194,-0.6088508569053347,0.6323202570629703,0.013,-0.0,0.0227
0.0121,-0.001953,-0.008545,1.308105,0.030823,-0.165344,0.100861,0.0,0.0,0.0,0.07502868394605287,-0.6120597865204527,0.6335886789101297,0.013,-0.0,0.0227
0.0117,-0.000977,-0.007812,1.306885,0.458069,-0.073792,-0.112762,0.0,0.0,0.0,0.07774648979315693,-0.6146833699833991,0.6322967225252656,0.013,-0.0,0.0227
0.0122,-0.005859,-0.008545,1.308594,0.366516,-0.134827,-0.082245,0.0,0.0,0.0,0.07912728736377551,-0.6151922659113942,0.6313927917155475,0.013,-0.0,0.0227
0.0111,-0.003906,-0.011475,1.312744,0.244446,0.475525,0.131378,0.0,0.0,0.0,0.07703639131611123,-0.6099684124856929,0.6329756852957613,0.013,-0.0,0.0227
0.0121,0.006104,-0.008301,1.309082,0.366516,0.200867,-0.112762,0.0,0.0,0.0,0.07853982847942376,-0.6134660591758118,0.631559102071674,0.013,-0.0,0.0227
0.0123,-0.006836,-0.010498,1.320557,0.335999,0.383972,-0.204315,0.0,0.0,0.0,0.07848647308966224,-0.607072216721283,0.6291928564579652,0.013,-0.0,0.0227
0.0123,-0.009766,-0.010254,1.307373,0.305481,0.322937,0.253448,0.0,0.0,0.0,0.07810964709084063,-0.5998295369300349,0.6324868052809074,0.013,-0.0,0.0227
0.0121,-0.004883,-0.006592,1.314941,0.274963,0.231384,0.009308,0.0,0.0,0.0,0.07948856632017928,-0.5966380063951571,0.6326584255157165,0.013,-0.0,0.0227
0.0122,-0.01001,-0.009521,1.322021,0.488586,0.048279,0.070343,0.0,0.0,0.0,0.08176338392886555,-0.5926728576505765,0.6336775808401875,0.013,-0.0,0.0227
0.0111,0.006592,-0.008057,1.299072,0.122375,-0.165344,-0.051727,0.0,0.0,0.0,0.08029207611514169,-0.6009535449701102,0.633027553006132,0.013,-0.0,0.0227
0.0122,0.00708,-0.006348,1.315674,0.397034,0.048279,0.161896,0.0,0.0,0.0,0.08327433463000367,-0.6068785881004054,0.6349067183929523,0.013,-0.0,0.0227
0.0122,-0.001709,-0.014648,1.309082,-0.030212,0.292419,-0.082245,0.0,0.0,0.0,0.07625066035771538,-0.6047303958934382,0.6340390581518635,0.013,-0.0,0.0227
0.012,0.003174,-0.009033,1.316895,0.152893,0.292419,0.039825,0.0,0.0,0.0,0.07475577871472291,-0.6054501150431819,0.6345098030816413,0.013,-0.0,0.0227
0.0121,0.003662,-0.004395,1.292969,0.091858,0.231384,0.131378,0.0,0.0,0.0,0.07524179420765352,-0.6073484263488641,0.6360156536970758,0.013,-0.0,0.0227
0.0117,-0.008789,-0.011475,1.321533,0.244446,0.048279,0.283966,0.0,0.0,0.0,0.07334098349083738,-0.604009603707937,0.6395150786058418,0.013,-0.0,0.0227
0.0121,-0.001953,-0.005615,1.300781,0.366516,-0.134827,0.100861,0.0,0.0,0.0,0.07641730588645969,-0.6069445328938472,0.640737662143677,0.013,-0.0,0.0227
0.0122,0.007812,-0.003174,1.311768,0.244446,0.109314,0.222931,0.0,0.0,0.0,0.07943382572237855,-0.6125380249086482,0.6433081750219317,0.013,-0.0,0.0227
0.0122,0.001953,-0.01001,1.305908,0.274963,0.139832,-0.082245,0.0,0.0,0.0,0.07883115782572338,-0.6143346598610433,0.6423299344642268,0.013,-0.0,0.0227
0.0113,-0.008789,-0.011963,1.320801,0.244446,-0.043274,-0.112762,0.0,0.0,0.0,0.07656225837891006,-0.6119629853853547,0.6412413323184664,0.013,-0.0,0.0227
0.0122,0.002441,-0.009033,1.310303,0.213928,0.261902,0.100861,0.0,0.0,0.0,0.07581191529574556,-0.6125431400102321,0.6424762010675049,0.013,-0.0,0.0227
0.0121,-0.001953,-0.013916,1.317627,0.305481,0.383972,0.131378,0.0,0.0,0.0,0.07332455262093572,-0.609080636768307,0.6441975085510326,0.013,-0.0,0.0227
0.0121,-0.003174,-0.010498,1.30957,0.458069,0.139832,-0.204315,0.0,0.0,0.0,0.07469198049408853,-0.6079064750053823,0.6418184582848576,0.013,-0.0,0.0227
0.012,0.005127,-0.002441,1.314209,0.427551,0.139832,0.100861,0.0,0.0,0.0,0.08029243648414398,-0.6115615724739892,0.6429023741888608,0.013,-0.0,0.0227
0.0122,0.00708,-0.003906,1.311279,0.244446,0.231384,0.009308,0.0,0.0,0.0,0.08286988107570695,-0.6152093220483891,0.642889634808091,0.013,-0.0,0.0227
0.0122,0.000732,-0.007568,1.311768,0.427551,0.139832,0.009308,0.0,0.0,0.0,0.08549759542045887,-0.6162249372954494,0.6430119364584097,0.013,-0.0,0.0227
0.012,-0.00415,-0.01416,1.31665,0.366516,0.231384,0.283966,0.0,0.0,0.0,0.08343409406919643,-0.6133087266726825,0.6465877604454588,0.013,-0.0,0.0227
0.0115,0.005615,-0.002686,1.298096,0.305481,0.139832,0.070343,0.0,0.0,0.0,0.08721914230066255,-0.6174064181028179,0.6472682686703148,0.013,-0.0,0.0227
0.0122,-0.002197,-0.010498,1.328613,0.183411,-0.134827,0.283966,0.0,0.0,0.0,0.0851566465569256,-0.6199199568857422,0.6508193739800839,0.013,-0.0,0.0227
0.0122,0.000732,-0.007324,1.317139,0.305481,0.292419,-0.02121,0.0,0.0,0.0,0.0864396633472223,-0.6190060625472572,0.6505702697390291,0.013,-0.0,0.0227
0.0121,0.006104,-0.006836,1.304688,0.213928,0.53656,-0.02121,0.0,0.0,0.0,0.08685392849616648,-0.6184394425716012,0.6502508036226228,0.013,-0.0,0.0227
0.0112,-0.004639,-0.010742,1.312012,0.488586,-0.043274,0.100861,0.0,0.0,0.0,0.08784062134758852,-0.6184619391916699,0.6515037577852754,0.013,-0.0,0.0227
0.0121,-0.006104,-0.013184,1.321777,0.244446,0.109314,-0.112762,0.0,0.0,0.0,0.0849706172366418,-0.6158017977866092,0.6503177544973192,0.013,-0.0,0.0227
0.0126,0.003906,-0.009521,1.302246,0.335999,0.078796,-0.082245,0.0,0.0,0.0,0.08545927838850648,-0.619442924491945,0.6492759385297789,0.013,-0.0,0.0227
0.0122,0.004639,-0.008301,1.317871,0.335999,0.200867,0.161896,0.0,0.0,0.0,0.08651747628921976,-0.6219037339336037,0.6512240573347522,0.013,-0.0,0.0227
0.0111,0.00293,-0.010742,1.310303,0.183411,0.048279,0.070343,0.0,0.0,0.0,0.08410656000542625,-0.6252948571176425,0.6520333510523656,0.013,-0.0,0.0227
0.0127,-0.002441,-0.01001,1.315674,0.183411,0.292419,-0.082245,0.0,0.0,0.0,0.08246424601169587,-0.6223471170283337,0.6510796515924715,0.013,-0.0,0.0227
0.0113,0.001465,-0.010498,1.301514,0.152893,0.231384,0.009308,0.0,0.0,0.0,0.07991667243160351,-0.6228869675109834,0.6512284148753403,0.013,-0.0,0.0227
0.013,-0.004395,-0.012207,1.3125,0.183411,0.322937,-0.082245,0.0,0.0,0.0,0.07708310938156358,-0.6183648534258437,0.6503059679356282,0.013,-0.0,0.0227
0.0111,0.002197,-0.008789,1.313721,0.152893,0.322937,0.131378,0.0,0.0,0.0,0.07557018906608014,-0.6183249204339224,0.6517713688984608,0.013,-0.0,0.0227
0.0122,0.005859,-0.006592,1.298096,0.366516,0.53656,0.161896,0.0,0.0,0.0,0.07807576522532496,-0.6176297115612254,0.6536746965635851,0.013,-0.0,0.0227
0.0122,-0.003174,-0.011963,1.31543,0.458069,-0.073792,0.131378,0.0,0.0,0.0,0.07855953177781201,-0.6189070407429329,0.6553993367764264,0.013,-0.0,0.0227
0.0125,-0.002197,-0.014648,1.323486,0.305481,0.383972,-0.112762,0.0,0.0,0.0,0.07578946724578499,-0.6150494918119268,0.6541444587347477,0.013,-0.0,0.0227
0.0114,0.012695,-0.007324,1.29834,0.366516,0.017761,0.283966,0.0,0.0,0.0,0.07755918807516296,-0.6246848925940754,0.6572205441452409,0.013,-0.0,0.0227
0.0118,-0.000977,-0.010498,1.314941,0.183411,0.475525,-0.02121,0.0,0.0,0.0,0.07553123162797261,-0.620720245999531,0.6570507820815004,0.013,-0.0,0.0227
0.0126,-0.004883,-0.008301,1.320068,0.122375,-0.043274,0.253448,0.0,0.0,0.0,0.07415201657757714,-0.6206028734665135,0.6603343706854511,0.013,-0.0,0.0227
0.012,0.006104,-0.004395,1.309814,0.06134,0.506042,0.009308,0.0,0.0,0.0,0.07428562967679593,-0.6203883363119744,0.6603370739239939,0.013,-0.0,0.0227
0.0122,-0.004639,-0.011475,1.317139,0.244446,0.017761,0.406036,0.0,0.0,0.0,0.0724783569210603,-0.6196770757720925,0.6654267979052522,0.013,-0.0,0.0227
0.0111,-0.003662,-0.013428,1.309326,0.335999,0.53656,0.009308,0.0,0.0,0.0,0.07032677308024492,-0.6138931934060059,0.6656866115279017,0.013,-0.0,0.0227
0.0123,0.000244,-0.008789,1.309326,0.091858,-0.073792,0.039825,0.0,0.0,0.0,0.06832358206500565,-0.6172400031818984,0.6662006390208551,0.013,-0.0,0.0227
0.0121,0.008301,-0.005127,1.314697,0.458069,0.689148,0.375519,0.0,0.0,0.0,0.07280196108603477,-0.6160505510605548,0.6706184706382388,0.013,-0.0,0.0227
0.012,-0.003662,-0.014893,1.311035,0.397034,0.322937,0.253448,0.0,0.0,0.0,0.07078935887226534,-0.6123587303465733,0.6738376933346817,0.013,-0.0,0.0227
0.0121,0.005371,-0.007812,1.312988,0.366516,0.322937,0.100861,0.0,0.0,0.0,0.07261864818515511,-0.6139156455055929,0.6750055047112633,0.013,-0.0,0.0227
0.0122,-0.00293,-0.008057,1.319336,0.458069,0.109314,0.039825,0.0,0.0,0.0,0.07544377144600528,-0.6131405928646019,0.6755529541108297,0.013,-0.0,0.0227
0.0113,-0.003662,-0.01001,1.306396,0.183411,0.200867,-0.051727,0.0,0.0,0.0,0.07361454945647085,-0.6110860766619826,0.6750687778023122,0.013,-0.0,0.0227
0.0121,-0.003662,-0.010986,1.317871,0.274963,-0.104309,-0.112762,0.0,0.0,0.0,0.07251513867900405,-0.6124900091677796,0.6738150236252192,0.013,-0.0,0.0227
0.0122,0.003174,-0.006836,1.310303,0.152893,0.383972,0.283966,0.0,0.0,0.0,0.07232582603382293,-0.6120217478492643,0.6772408432719014,0.013,-0.0,0.0227
0.0123,0.002686,-0.012939,1.296875,0.244446,0.078796,-0.051727,0.0,0.0,0.0,0.06970247065396425,-0.6150535543326917,0.6766610299809981,0.013,-0.0,0.0227
0.0122,0.010254,-0.010498,1.318115,0.305481,0.292419,0.253448,0.0,0.0,0.0,0.06927180125775714,-0.6197077074535557,0.6796761183979892,0.013,-0.0,0.0227
0.0121,0.003906,-0.008057,1.304932,0.244446,-0.073792,0.222931,0.0,0.0,0.0,0.06948290590330156,-0.6251586018957409,0.6823400141346647,0.013,-0.0,0.0227
0.0121,-0.006348,-0.012451,1.320312,0.305481,0.170349,0.100861,0.0,0.0,0.0,0.0679162538925863,-0.6215635346941514,0.6837404600019982,0.013,-0.0,0.0227
0.0112,-0.007324,-0.011719,1.312256,0.610657,0.383972,0.222931,0.0,0.0,0.0,0.06986808744888338,-0.6152560627401173,0.6864192357344008,0.013,-0.0,0.0227
0.0123,0.005859,-0.006592,1.301758,0.305481,0.322937,-0.082245,0.0,0.0,0.0,0.07176058770876893,-0.6171035014553519,0.685325251594616,0.013,-0.0,0.0227
0.0121,-0.005127,-0.010986,1.315918,0.427551,-0.012756,0.070343,0.0,0.0,0.0,0.0724752315982467,-0.6165107433684389,0.6863121691391414,0.013,-0.0,0.0227
0.0122,0.002197,-0.012207,1.322021,-0.091248,0.322937,0.070343,0.0,0.0,0.0,0.0662714187315531,-0.616079249382773,0.6872269388540713,0.013,-0.0,0.0227
0.0113,0.01123,-0.007812,1.316406,0.213928,0.261902,0.009308,0.0,0.0,0.0,0.06617017062367495,-0.6218946669930769,0.6871949830402868,0.013,-0.0,0.0227
0.0122,-0.001221,-0.008545,1.308105,0.335999,0.292419,0.070343,0.0,0.0,0.0,0.0672852819571948,-0.6198828493658994,0.6881013340365851,0.013,-0.0,0.0227
0.0124,-0.008789,-0.011475,1.327881,0.397034,0.231384,0.192413,0.0,0.0,0.0,0.06753313752540199,-0.6141125381120228,0.6906845779308641,0.013,-0.0,0.0227
0.0123,0.007568,-0.007568,1.296387,0.335999,0.078796,0.192413,0.0,0.0,0.0,0.0692042328428003,-0.6200101362105273,0.6929549031447394,0.013,-0.0,0.0227
0.0117,-0.010986,-0.010254,1.322266,0.305481,-0.195862,0.192413,0.0,0.0,0.0,0.06878756074066522,-0.6180909753360989,0.6954100395391918,0.013,-0.0,0.0227
0.0123,-0.00293,-0.011475,1.305664,0.06134,0.292419,0.345001,0.0,0.0,0.0,0.06480663658909813,-0.6151101629180546,0.6997675002274091,0.013,-0.0,0.0227
0.0111,0.000244,-0.009277,1.3125,0.335999,0.170349,-0.02121,0.0,0.0,0.0,0.06516498284467964,-0.6156513018370221,0.6995650539541012,0.013,-0.0,0.0227
0.012,-0.001221,-0.009277,1.309082,0.335999,0.231384,-0.051727,0.0,0.0,0.0,0.06581591364068454,-0.614478784394451,0.6989984559618684,0.013,-0.0,0.0227
0.0123,-0.006348,-0.011719,1.326172,0.244446,0.261902,0.100861,0.0,0.0,0.0,0.06405200248309588,-0.6098264159560974,0.7004018030793598,0.013,-0.0,0.0227
0.0122,0.009277,-0.00293,1.297363,0.213928,-0.012756,0.009308,0.0,0.0,0.0,0.06700954928860046,-0.6178697707696706,0.7003170921030186,0.013,-0.0,0.0227
0.0121,0.002686,-0.010498,1.308594,0.274963,0.200867,0.161896,0.0,0.0,0.0,0.0661993405819907,-0.6193049714059464,0.7022967091341388,0.013,-0.0,0.0227
0.0121,-0.007568,-0.012939,1.30835,0.06134,0.200867,-0.14328,0.0,0.0,0.0,0.06145155275785547,-0.6147353462735949,0.7007632175327967,0.013,-0.0,0.0227
0.0117,-0.000488,-0.004395,1.312988,0.427551,0.078796,-0.051727,0.0,0.0,0.0,0.06594663422515536,-0.6158112967807206,0.700124629934017,0.013,-0.0,0.0227
0.0119,0.006104,-0.008545,1.305908,0.183411,0.078796,0.131378,0.0,0.0,0.0,0.06515659924735571,-0.6207614548813779,0.7016272466697245,0.013,-0.0,0.0227
0.0119,-0.006592,-0.010986,1.313721,0.244446,0.109314,0.131378,0.0,0.0,0.0,0.06368811351745607,-0.6178499487341179,0.70334678102693,0.013,-0.0,0.0227
0.0121,0.0,-0.01001,1.313232,0.122375,0.200867,-0.14328,0.0,0.0,0.0,0.06142253300662541,-0.6176811502716517,0.7016608842274402,0.013,-0.0,0.0227
0.0117,0.000244,-0.006104,1.306885,0.335999,-0.073792,-0.02121,0.0,0.0,0.0,0.06385743663909005,-0.6209586835617703,0.7013936333270984,0.013,-0.0,0.0227
0.0127,-0.008545,-0.011475,1.317627,0.122375,0.53656,0.131378,0.0,0.0,0.0,0.060784075258275776,-0.6114407928029523,0.703255367190986,0.013,-0.0,0.0227
0.0112,-0.008789,-0.009766,1.30542,0.397034,0.139832,-0.051727,0.0,0.0,0.0,0.06159767572396162,-0.6071083605801846,0.7028379323825427,0.013,-0.0,0.0227
0.012,0.008545,-0.003906,1.313477,0.305481,0.261902,0.436554,0.0,0.0,0.0,0.06499191614493904,-0.6113135508442125,0.7079101053195817,0.013,-0.0,0.0227
0.0122,0.00293,-0.011963,1.317139,0.458069,0.567078,0.070343,0.0,0.0,0.0,0.06562906299708028,-0.6084458286826283,0.7088084280833208,0.013,-0.0,0.0227
0.0121,0.004639,-0.007324,1.314697,0.183411,0.109314,0.070343,0.0,0.0,0.0,0.06561058623355874,-0.6121573958718982,0.7095993178818022,0.013,-0.0,0.0227
0.0117,-0.001709,-0.005859,1.305176,0.366516,0.292419,0.039825,0.0,0.0,0.0,0.0684899708559709,-0.61012262558585,0.7100733506806777,0.013,-0.0,0.0227
0.012,-0.002686,-0.009033,1.318359,0.183411,0.139832,0.070343,0.0,0.0,0.0,0.06743955355745807,-0.6091921599747352,0.7109870817758001,0.013,-0.0,0.0227
0.0123,-0.004883,-0.012939,1.317871,0.397034,0.017761,0.100861,0.0,0.0,0.0,0.06678519775635396,-0.6084465817957707,0.7123850268148398,0.013,-0.0,0.0227
0.0122,0.003662,-0.008301,1.30542,0.06134,0.261902,0.131378,0.0,0.0,0.0,0.06470803034666778,-0.6098169434807862,0.7139557028590411,0.013,-0.0,0.0227
0.0117,0.001221,-0.004639,1.316162,0.366516,0.231384,0.039825,0.0,0.0,0.0,0.06830960674560774,-0.6101483132376295,0.714370285247016,0.013,-0.0,0.0227
0.0121,-0.002441,-0.008301,1.307617,0.213928,0.231384,0.039825,0.0,0.0,0.0,0.06805357223598132,-0.6083085460065316,0.7149073933995234,0.013,-0.0,0.0227
0.012,-0.001709,-0.008057,1.318604,0.213928,-0.226379,0.253448,0.0,0.0,0.0,0.06791097323666438,-0.6123130628649464,0.7179854929584719,0.013,-0.0,0.0227
0.0126,-0.000244,-0.005371,1.303711,0.305481,0.292419,-0.082245,0.0,0.0,0.0,0.0706308245734411,-0.6108839385185013,0.7169302360667049,0.013,-0.0,0.0227
0.0117,-0.009277,-0.015869,1.319092,0.274963,0.475525,0.131378,0.0,0.0,0.0,0.06659609402712997,-0.6022817633571803,0.7187339556537291,0.013,-0.0,0.0227
0.0114,0.003906,-0.009277,1.300293,0.213928,0.292419,0.070343,0.0,0.0,0.0,0.06562377586921381,-0.6037602408844575,0.7195125154095857,0.013,-0.0,0.0227
0.0121,0.006348,-0.006348,1.318604,0.305481,0.322937,0.131378,0.0,0.0,0.0,0.0676296471318178,-0.6059167777162265,0.7210058227481041,0.013,-0.0,0.0227
0.0124,-0.006104,-0.010986,1.299805,0.366516,-0.012756,0.192413,0.0,0.0,0.0,0.06770540650145151,-0.604942436499492,0.7235350372553818,0.013,-0.0,0.0227
0.0123,-0.006348,-0.008789,1.316406,0.213928,0.353455,-0.051727,0.0,0.0,0.0,0.06723789316390563,-0.5993083505686116,0.7230148499993098,0.013,-0.0,0.0227
0.0122,-0.001709,-0.009521,1.306641,0.274963,0.200867,-0.051727,0.0,0.0,0.0,0.06704419105076444,-0.5983603740256314,0.7224417483257449,0.013,-0.0,0.0227
0.0111,-0.008545,-0.016357,1.321289,0.213928,0.292419,0.161896,0.0,0.0,0.0,0.06194578449043704,-0.5926022203271908,0.7244925273027141,0.013,-0.0,0.0227
0.0122,-0.000488,-0.007812,1.299316,0.152893,0.628113,0.192413,0.0,0.0,0.0,0.06129534619216976,-0.5873280932870337,0.72685294011826,0.013,-0.0,0.0227
0.0123,0.009033,-0.002686,1.322266,0.06134,0.048279,-0.051727,0.0,0.0,0.0,0.06257431768746943,-0.5944536918846031,0.7260179763691413,0.013,-0.0,0.0227
0.012,-0.000488,-0.006592,1.302734,0.000305,0.200867,0.161896,0.0,0.0,0.0,0.060797929454757656,-0.5943367069338602,0.7279538632523019,0.013,-0.0,0.0227
0.0121,-0.010986,-0.012939,1.331543,0.183411,-0.165344,0.283966,0.0,0.0,0.0,0.05759922158370661,-0.5923824630204689,0.731619813263722,0.013,-0.0,0.0227
0.0116,0.002441,-0.004395,1.299072,0.152893,0.475525,0.100861,0.0,0.0,0.0,0.05892291735971929,-0.5909561879846205,0.7327085622677129,0.013,-0.0,0.0227
0.0122,0.000977,-0.009766,1.322266,0.091858,-0.012756,0.009308,0.0,0.0,0.0,0.056492503427303144,-0.5941336747497361,0.7328401140722226,0.013,-0.0,0.0227
0.0122,-0.000732,-0.010498,1.318848,0.397034,0.383972,0.192413,0.0,0.0,0.0,0.05731608116275683,-0.5915256632469652,0.735244531215403,0.013,-0.0,0.0227
0.0121,0.008545,-0.005859,1.308105,0.335999,0.109314,0.131378,0.0,0.0,0.0,0.06005028045318234,-0.5977553758263052,0.7366891142372284,0.013,-0.0,0.0227
0.012,-0.002441,-0.009033,1.311523,0.305481,0.261902,0.192413,0.0,0.0,0.0,0.06050528064888146,-0.595685970530311,0.7390587674421506,0.013,-0.0,0.0227
0.0121,-0.009521,-0.011963,1.320801,0.000305,0.170349,-0.295868,0.0,0.0,0.0,0.05571404163434995,-0.5905554752374467,0.7356779861080082,0.013,-0.0,0.0227
0.0115,0.002686,-0.006592,1.307861,0.427551,0.53656,0.131378,0.0,0.0,0.0,0.05888090965093006,-0.5885758436352707,0.7371389982663209,0.013,-0.0,0.0227
0.0122,0.000488,-0.013428,1.305908,0.274963,0.109314,0.253448,0.0,0.0,0.0,0.05645308343145676,-0.59013658018131,0.7403105768849335,0.013,-0.0,0.0227
0.013,-0.011719,-0.009766,1.32251,0.335999,0.170349,-0.112762,0.0,0.0,0.0,0.057271374216985436,-0.583634956411603,0.73904039161488,0.013,-0.0,0.0227
0.0112,-0.005859,-0.008057,1.308594,0.305481,0.292419,-0.082245,0.0,0.0,0.0,0.05811049593660918,-0.5795988832460366,0.7382053885604974,0.013,-0.0,0.0227
0.0123,0.003174,-0.004883,1.310791,0.549622,0.048279,0.314484,0.0,0.0,0.0,0.06405030575071977,-0.5835211070904966,0.7419855134296031,0.013,-0.0,0.0227
0.0121,0.003906,-0.005615,1.308594,0.274963,0.170349,0.131378,0.0,0.0,0.0,0.06612555772457199,-0.5863939317089405,0.7434911705168,0.013,-0.0,0.0227
0.0122,-0.003174,-0.006592,1.311279,0.274963,-0.165344,0.131378,0.0,0.0,0.0,0.06763690118811794,-0.5891234282052757,0.7451211139403288,0.013,-0.0,0.0227
0.0119,0.001221,-0.012695,1.309082,0.427551,0.445007,0.070343,0.0,0.0,0.0,0.06729011759441732,-0.5871650115236317,0.7460226556265062,0.013,-0.0,0.0227
0.0122,-0.000244,-0.011719,1.303955,0.274963,0.017761,0.009308,0.0,0.0,0.0,0.06579129383589596,-0.5894310320423964,0.7462003757043664,0.013,-0.0,0.0227
0.0121,-0.001953,-0.010498,1.318848,0.335999,0.292419,0.070343,0.0,0.0,0.0,0.06575801135216917,-0.5872994890733003,0.7471257884615017,0.013,-0.0,0.0227
0.0113,-0.003174,-0.010498,1.316406,0.152893,0.231384,0.131378,0.0,0.0,0.0,0.06340377619000233,-0.5854084990385612,0.7486989594849011,0.013,-0.0,0.0227
0.0126,0.004639,-0.001709,1.307861,0.366516,0.200867,-0.082245,0.0,0.0,0.0,0.06907282127975542,-0.5882301259846255,0.7475104549826943,0.013,-0.0,0.0227
0.0116,-0.004883,-0.011475,1.300293,0.488586,0.109314,0.131378,0.0,0.0,0.0,0.06996532643156113,-0.5867424419709403,0.7491627410704281,0.013,-0.0,0.0227
0.012,0.003906,-0.007812,1.320312,0.366516,0.109314,0.222931,0.0,0.0,0.0,0.07176171404320328,-0.5902255096285696,0.7517904146515548,0.013,-0.0,0.0227
0.012,0.0,-0.008301,1.296631,0.305481,0.109314,0.161896,0.0,0.0,0.0,0.07250071660767538,-0.5915685403853121,0.7537461275131137,0.013,-0.0,0.0227
0.0124,-0.000732,-0.00708,1.325195,0.213928,0.200867,0.070343,0.0,0.0,0.0,0.07298867404022469,-0.5911195588821411,0.7546283151169113,0.013,-0.0,0.0227
0.0122,-0.001953,-0.008545,1.30249,0.183411,0.078796,0.253448,0.0,0.0,0.0,0.07215319858522683,-0.5916177953753328,0.7577653118985613,0.013,-0.0,0.0227
0.0121,0.00415,-0.011719,1.312988,0.427551,0.261902,0.131378,0.0,0.0,0.0,0.07241594817046472,-0.5934188638375794,0.7593666214567854,0.013,-0.0,0.0227
0.012,-0.005371,-0.010986,1.309326,0.488586,0.383972,-0.14328,0.0,0.0,0.0,0.07380845299849535,-0.588242182965886,0.7577828759963572,0.013,-0.0,0.0227
0.0114,-0.002686,-0.009277,1.317627,0.305481,0.261902,0.070343,0.0,0.0,0.0,0.07382409404854658,-0.5862504151717497,0.7586534611665975,0.013,-0.0,0.0227
0.0122,0.00708,-0.006348,1.30835,0.244446,0.170349,-0.234833,0.0,0.0,0.0,0.07507334753283533,-0.5909276447262661,0.7556731309930562,0.013,-0.0,0.0227
0.0116,0.004883,-0.003662,1.306396,0.244446,0.567078,-0.082245,0.0,0.0,0.0,0.07771515623498831,-0.5898358822635024,0.7546012368319535,0.013,-0.0,0.0227
0.012,-0.002197,-0.007568,1.3125,0.366516,0.048279,0.039825,0.0,0.0,0.0,0.07958527351265411,-0.5905202424664912,0.755116340888617,0.013,-0.0,0.0227
0.0125,0.009766,-0.003174,1.3125,-0.030212,0.231384,-0.082245,0.0,0.0,0.0,0.0792824529909077,-0.5958736938961224,0.7538947368510849,0.013,-0.0,0.0227
0.0123,-0.001221,-0.009277,1.304932,0.000305,-0.195862,-0.02121,0.0,0.0,0.0,0.07578049742443489,-0.6000681052176114,0.7536830835727029,0.013,-0.0,0.0227
0.0112,-0.007568,-0.01123,1.328125,0.305481,0.445007,0.100861,0.0,0.0,0.0,0.07461069696473287,-0.5931121376487543,0.754988969889532,0.013,-0.0,0.0227
0.012,0.004883,-0.003906,1.312256,0.488586,0.170349,-0.02121,0.0,0.0,0.0,0.08010157165706486,-0.5964332638349487,0.7546199542079247,0.013,-0.0,0.0227
0.0121,0.009521,-0.003662,1.307861,0.244446,0.261902,0.161896,0.0,0.0,0.0,0.08278167066125164,-0.6013571788757078,0.7564004235168644,0.013,-0.0,0.0227
0.0122,-0.006592,-0.015625,1.307617,0.030823,0.139832,0.222931,0.0,0.0,0.0,0.07587967927975081,-0.5982699743198276,0.759353525503385,0.013,-0.0,0.0227
0.0126,0.00415,-0.010986,1.327637,0.152893,0.139832,-0.02121,0.0,0.0,0.0,0.07337716156836205,-0.6012690337156219,0.7590962248081171,0.013,-0.0,0.0227
0.0111,0.001953,-0.007568,1.303711,0.213928,0.170349,0.192413,0.0,0.0,0.0,0.07326172803462047,-0.6030193399654684,0.7612156367511707,0.013,-0.0,0.0227
0.0126,-0.005127,-0.010498,1.312744,0.305481,0.567078,0.009308,0.0,0.0,0.0,0.07292967498175044,-0.5953618670826801,0.7614689074602286,0.013,-0.0,0.0227
0.0121,0.000488,-0.009766,1.30127,0.152893,0.231384,-0.051727,0.0,0.0,0.0,0.07103069318217921,-0.5954328101806081,0.7608801158691644,0.013,-0.0,0.0227
0.0112,0.008545,-0.008301,1.321289,0.397034,0.139832,0.039825,0.0,0.0,0.0,0.07260756021471408,-0.6012395084677286,0.7612300747636896,0.013,-0.0,0.0227
0.0123,-0.000732,-0.012695,1.306152,0.122375,0.689148,0.345001,0.0,0.0,0.0,0.06862161864719396,-0.5948880118511742,0.765584691512615,0.013,-0.0,0.0227
0.0123,0.001709,-0.012207,1.312744,0.458069,0.353455,0.192413,0.0,0.0,0.0,0.06908794012771317,-0.5940667760492466,0.768014102987077,0.013,-0.0,0.0227
0.0123,-0.004639,-0.007568,1.323242,0.519104,-0.226379,0.345001,0.0,0.0,0.0,0.07298567873637199,-0.5965705835392017,0.772329228218002,0.013,-0.0,0.0227
0.0116,-0.002197,-0.009277,1.311523,0.06134,0.109314,0.161896,0.0,0.0,0.0,0.07024399883196605,-0.5965111613031023,0.7742744848742086,0.013,-0.0,0.0227
0.0125,0.003662,-0.006836,1.310059,0.244446,0.017761,0.009308,0.0,0.0,0.0,0.07128812940342921,-0.6009146993885364,0.7743342656859918,0.013,-0.0,0.0227
0.0114,0.000732,-0.009033,1.320801,0.244446,0.261902,0.222931,0.0,0.0,0.0,0.0707713991540583,-0.6007530803789558,0.7769024203283174,0.013,-0.0,0.0227
0.0124,-0.002686,-0.01709,1.303711,0.427551,0.109314,-0.082245,0.0,0.0,0.0,0.06802594098474686,-0.6003181332146132,0.7760864832189743,0.013,-0.0,0.0227
0.0113,-0.004639,-0.012207,1.317383,0.305481,0.445007,0.253448,0.0,0.0,0.0,0.06635332612303227,-0.5950501217819751,0.7791038577679286,0.013,-0.0,0.0227
0.0124,0.002686,-0.008545,1.30542,0.335999,0.048279,0.222931,0.0,0.0,0.0,0.06750700243945557,-0.5985623922258158,0.7818490505586801,0.013,-0.0,0.0227
0.0115,-0.004395,-0.010254,1.321045,0.519104,0.109314,0.161896,0.0,0.0,0.0,0.06948346643092732,-0.5971682577035742,0.7838260985278868,0.013,-0.0,0.0227
0.0122,-0.002197,-0.007568,1.309814,0.213928,0.292419,-0.082245,0.0,0.0,0.0,0.06968150970258179,-0.5948323898724359,0.7828628265747196,0.013,-0.0,0.0227
0.0124,0.002686,-0.003174,1.316406,0.183411,-0.012756,0.131378,0.0,0.0,0.0,0.07207620384050868,-0.5990092360516515,0.7843880833809833,0.013,-0.0,0.0227
0.0115,0.002441,-0.010254,1.310791,0.335999,0.231384,0.283966,0.0,0.0,0.0,0.07188163644490043,-0.6002526197439256,0.7876724304075637,0.013,-0.0,0.0227
0.0121,0.001465,-0.009277,1.313965,0.397034,0.231384,0.009308,0.0,0.0,0.0,0.07322690039308286,-0.6007506876957951,0.7878032946716358,0.013,-0.0,0.0227
0.0124,0.007568,-0.006836,1.303467,0.152893,0.017761,0.070343,0.0,0.0,0.0,0.07308001157293123,-0.607453330287398,0.7885614791031886,0.013,-0.0,0.0227
0.0125,0.0,-0.003174,1.319092,0.427551,0.353455,0.070343,0.0,0.0,0.0,0.07848317095444596,-0.6053943375653146,0.7893866074590837,0.013,-0.0,0.0227
0.0113,-0.01001,-0.012939,1.299072,0.305481,-0.012756,0.161896,0.0,0.0,0.0,0.07621795995760215,-0.6021166439588237,0.7914614466318975,0.013,-0.0,0.0227
0.0122,0.00415,-0.006104,1.327637,0.274963,0.017761,0.192413,0.0,0.0,0.0,0.07791206802818942,-0.6066037724524319,0.793739154991487,0.013,-0.0,0.0227
0.0131,-0.001953,-0.009766,1.297363,0.458069,-0.073792,0.467072,0.0,0.0,0.0,0.07998378466199921,-0.6088846109297555,0.7999337511274514,0.013,-0.0,0.0227
0.0113,0.000244,-0.008789,1.332275,0.580139,0.109314,0.222931,0.0,0.0,0.0,0.08326458800546424,-0.6100172019058956,0.8024881056806766,0.013,-0.0,0.0227
0.0112,0.001465,-0.010986,1.306885,0.152893,0.445007,0.222931,0.0,0.0,0.0,0.08039393857134929,-0.6083070071857943,0.805040082853728,0.013,-0.0,0.0227
0.0123,0.004395,-0.006348,1.317383,0.397034,0.231384,0.039825,0.0,0.0,0.0,0.08342937356471176,-0.6103519238650558,0.8054649907770499,0.013,-0.0,0.0227
0.0122,-0.000977,-0.014648,1.308105,0.274963,-0.104309,0.009308,0.0,0.0,0.0,0.08006714260782499,-0.6133933978886527,0.805725033618592,0.013,-0.0,0.0227
0.0124,-0.004395,-0.009033,1.318604,0.366516,0.231384,0.314484,0.0,0.0,0.0,0.08117597322668361,-0.6102638074507692,0.8097323933881954,0.013,-0.0,0.0227
0.0112,0.002686,-0.010742,1.305176,0.458069,0.170349,-0.26535,0.0,0.0,0.0,0.08190454515818521,-0.6123145767544906,0.8067893683308378,0.013,-0.0,0.0227
0.0124,-0.001953,-0.007568,1.3125,0.427551,0.353455,0.131378,0.0,0.0,0.0,0.08461114434926699,-0.6091456309985133,0.8084678389262777,0.013,-0.0,0.0227
0.0123,-0.000977,-0.010986,1.310303,-0.030212,0.048279,0.192413,0.0,0.0,0.0,0.07966909800474592,-0.6103431230458228,0.8109195625308144,0.013,-0.0,0.0227
0.0116,0.002441,-0.008057,1.311035,0.366516,0.078796,0.039825,0.0,0.0,0.0,0.08108616550140314,-0.6131945449734516,0.811368036461795,0.013,-0.0,0.0227
0.0123,0.008301,-0.003662,1.297363,0.335999,0.41449,0.131378,0.0,0.0,0.0,0.08492653347144823,-0.6154376803540843,0.8128140476450209,0.013,-0.0,0.0227
0.0114,-0.005859,-0.013428,1.321289,0.091858,-0.012756,0.192413,0.0,0.0,0.0,0.08001123600768066,-0.6144096607555909,0.8152095119069033,0.013,-0.0,0.0227
0.0122,-0.002686,-0.011963,1.316406,0.244446,0.078796,0.009308,0.0,0.0,0.0,0.07791381786344702,-0.6141543989775001,0.8154525488476426,0.013,-0.0,0.0227
0.012,0.004883,-0.003418,1.313477,0.06134,0.353455,0.039825,0.0,0.0,0.0,0.07857233942013737,-0.6150735689124647,0.8158069186314297,0.013,-0.0,0.0227
0.0123,-0.000488,-0.012207,1.307373,0.183411,0.445007,0.070343,0.0,0.0,0.0,0.07558917363157253,-0.6116813597328059,0.8167780920706109,0.013,-0.0,0.0227
0.0114,-0.006104,-0.012207,1.315186,0.458069,0.261902,-0.051727,0.0,0.0,0.0,0.075618651330838,-0.6074720574037569,0.8163731845280143,0.013,-0.0,0.0227
0.0122,-0.000488,-0.010254,1.30542,0.305481,0.231384,0.314484,0.0,0.0,0.0,0.07523056009234504,-0.6067971251889922,0.8202749183182961,0.013,-0.0,0.0227
0.0144,-0.003906,-0.010498,1.312012,0.213928,-0.165344,-0.173798,0.0,0.0,0.0,0.07412862620478015,-0.6092386888597182,0.8178869006034803,0.013,-0.0,0.0227
0.0102,0.001221,-0.010254,1.305908,0.000305,-0.104309,-0.02121,0.0,0.0,0.0,0.07010865931248056,-0.6133873585829636,0.8177037781700978,0.013,-0.0,0.0227
0.0114,-0.003174,-0.010742,1.311523,0.274963,0.200867,0.009308,0.0,0.0,0.0,0.06895946211337398,-0.6115701775487674,0.8179223307637659,0.013,-0.0,0.0227
0.0118,-0.002686,-0.010498,1.309326,0.183411,0.109314,0.070343,0.0,0.0,0.0,0.06699241887805887,-0.6110583246260224,0.8188504318654357,0.013,-0.0,0.0227
0.0133,0.009033,-0.009521,1.304688,0.244446,0.139832,0.039825,0.0,0.0,0.0,0.06667724020930539,-0.6168902995907101,0.8192824853254185,0.013,-0.0,0.0227
0.0113,0.00708,-0.007568,1.303467,0.183411,0.109314,0.283966,0.0,0.0,0.0,0.06631759710404753,-0.6221411108758802,0.82239275523287,0.013,-0.0,0.0227
0.0113,-0.004883,-0.010254,1.3125,0.305481,0.017761,0.192413,0.0,0.0,0.0,0.06578822484230944,-0.621302887201979,0.8246998625187997,0.013,-0.0,0.0227
0.0121,0.001953,-0.008789,1.309814,0.427551,0.170349,-0.02121,0.0,0.0,0.0,0.06784155992328966,-0.6226278110991716,0.8244476215551673,0.013,-0.0,0.0227
0.0127,0.009521,-0.009277,1.296631,0.152893,0.628113,0.009308,0.0,0.0,0.0,0.0663562462947183,-0.6226518208668197,0.8244658412838193,0.013,-0.0,0.0227
0.0113,-0.000488,-0.014648,1.325928,0.244446,-0.165344,0.100861,0.0,0.0,0.0,0.0626561635856587,-0.6263274723473795,0.8257477069834516,0.013,-0.0,0.0227
0.0122,-0.005615,-0.007324,1.30249,0.397034,0.628113,0.100861,0.0,0.0,0.0,0.06524459191444239,-0.6176748925077682,0.8270794532082694,0.013,-0.0,0.0227
0.0122,0.000244,-0.004639,1.306885,0.397034,0.078796,0.039825,0.0,0.0,0.0,0.06938937166675278,-0.6191516448942507,0.8275224078955976,0.013,-0.0,0.0227
0.0122,-0.004639,-0.006104,1.321045,0.183411,0.200867,0.070343,0.0,0.0,0.0,0.07005920065727565,-0.6162193145258723,0.828441862040403,0.013,-0.0,0.0227
0.0113,-0.002686,-0.006592,1.309326,0.366516,0.017761,-0.082245,0.0,0.0,0.0,0.07233538988320666,-0.6167346037372403,0.8275484151308774,0.013,-0.0,0.0227
0.0123,0.00708,-0.009766,1.305176,0.335999,0.170349,0.253448,0.0,0.0,0.0,0.07267422610456085,-0.6211141089665123,0.8306094217655271,0.013,-0.0,0.0227
0.0125,-0.003906,-0.009766,1.304443,0.305481,0.048279,0.161896,0.0,0.0,0.0,0.07270428696961323,-0.6204960791117121,0.8327449441375473,0.013,-0.0,0.0227
0.0112,-0.003174,-0.010254,1.325195,0.458069,0.078796,0.161896,0.0,0.0,0.0,0.07380493150111832,-0.6199291851232863,0.834668148550967,0.013,-0.0,0.0227
0.0125,0.004395,-0.006348,1.300537,0.305481,0.353455,0.375519,0.0,0.0,0.0,0.07579703789413464,-0.6204494438516318,0.8392904964977123,0.013,-0.0,0.0227
0.0125,0.0,-0.006104,1.313232,0.213928,0.200867,-0.14328,0.0,0.0,0.0,0.0768549589107511,-0.620177921150421,0.8374921361130216,0.013,-0.0,0.0227
0.0112,-0.016846,-0.01001,1.306152,0.152893,0.017761,0.161896,0.0,0.0,0.0,0.07462428795630087,-0.6123926912777852,0.8396172030916005,0.013,-0.0,0.0227
0.0123,-0.001221,-0.010498,1.320068,0.244446,-0.195862,0.314484,0.0,0.0,0.0,0.07342498315461107,-0.6163275006447411,0.8435605800823883,0.013,-0.0,0.0227
0.0125,0.002686,-0.012451,1.294922,0.397034,0.383972,-0.204315,0.0,0.0,0.0,0.0730200420178714,-0.6155421202331219,0.8410600369976355,0.013,-0.0,0.0227
0.0114,-0.003906,-0.007568,1.326416,0.519104,0.139832,0.131378,0.0,0.0,0.0,0.0764480524481573,-0.6138944515278957,0.842631640794905,0.013,-0.0,0.0227
0.0123,-0.005127,-0.010742,1.310791,0.06134,0.261902,0.039825,0.0,0.0,0.0,0.07286926253845173,-0.6100156549956424,0.8432648845434454,0.013,-0.0,0.0227
0.0114,0.003906,-0.005859,1.306396,0.305481,0.475525,-0.112762,0.0,0.0,0.0,0.0748937078553009,-0.6092983305506946,0.841903003631141,0.013,-0.0,0.0227
0.012,-0.000732,-0.009766,1.306641,0.274963,0.139832,0.253448,0.0,0.0,0.0,0.07438705672798157,-0.6095856265616769,0.8450013619278971,0.013,-0.0,0.0227
0.0125,-0.007812,-0.015869,1.325928,0.274963,0.353455,0.314484,0.0,0.0,0.0,0.07053372362791123,-0.6029591763550619,0.8491999176894188,0.013,-0.0,0.0227
0.0124,0.001709,-0.003418,1.299316,0.213928,0.139832,0.222931,0.0,0.0,0.0,0.07315010821305756,-0.6047430349767948,0.8518729477740333,0.013,-0.0,0.0227
0.0111,-0.00293,-0.010498,1.314941,0.488586,0.292419,-0.051727,0.0,0.0,0.0,0.07439464547355547,-0.602192573523772,0.8514007725857168,0.013,-0.0,0.0227
0.0124,0.000732,-0.009766,1.307373,0.366516,0.353455,0.100861,0.0,0.0,0.0,0.07514369641408264,-0.600727151797776,0.8526842942071877,0.013,-0.0,0.0227
0.0122,0.006592,-0.003174,1.325195,0.183411,0.170349,0.039825,0.0,0.0,0.0,0.07745112882007155,-0.6048142151978827,0.8530068274676988,0.013,-0.0,0.0227
0.0114,-0.000732,-0.006104,1.302002,0.305481,0.261902,-0.02121,0.0,0.0,0.0,0.07927092784529523,-0.6038790579702294,0.852761932387408,0.013,-0.0,0.0227
0.0124,0.000732,-0.013428,1.320068,0.366516,-0.012756,0.131378,0.0,0.0,0.0,0.07787412207443842,-0.6068024777894462,0.8544852953825014,0.013,-0.0,0.0227
0.0124,0.006592,-0.006592,1.297607,0.274963,0.231384,-0.112762,0.0,0.0,0.0,0.07933719402585204,-0.610306564907553,0.8529776469017294,0.013,-0.0,0.0227
0.0113,-0.003174,-0.008545,1.31958,0.274963,0.078796,0.100861,0.0,0.0,0.0,0.07934911111094303,-0.6098658897697861,0.8541953852680765,0.013,-0.0,0.0227
0.0121,-0.006104,-0.015625,1.308838,0.335999,0.048279,0.161896,0.0,0.0,0.0,0.07614984300307283,-0.6080798318496522,0.8563938450487497,0.013,-0.0,0.0227
0.0124,0.004883,-0.003174,1.317627,0.397034,0.261902,0.222931,0.0,0.0,0.0,0.08108554061508803,-0.610015876055715,0.85902293909487,0.013,-0.0,0.0227
0.0122,-0.003418,-0.004639,1.291504,0.335999,0.292419,0.253448,0.0,0.0,0.0,0.08430123303472732,-0.6069355358883927,0.8621317964104369,0.013,-0.0,0.0227
0.0114,-0.007812,-0.015381,1.316406,0.335999,-0.073792,0.161896,0.0,0.0,0.0,0.08099752457697815,-0.6055700125188217,0.864236142334775,0.013,-0.0,0.0227
0.0121,0.002441,-0.010254,1.307373,0.244446,0.200867,-0.26535,0.0,0.0,0.0,0.07987017038468981,-0.6069927698948828,0.8610408666409324,0.013,-0.0,0.0227
0.0126,0.000244,-0.009766,1.315674,0.213928,-0.073792,0.009308,0.0,0.0,0.0,0.07875999862158864,-0.6103938262537683,0.8611978720647196,0.013,-0.0,0.0227
0.0112,-0.006104,-0.013916,1.311279,0.122375,0.109314,0.161896,0.0,0.0,0.0,0.07391035202901015,-0.6079592158808672,0.8632205111131409,0.013,-0.0,0.0227
0.0128,0.0,-0.007324,1.304688,0.244446,0.170349,0.131378,0.0,0.0,0.0,0.07468119978147937,-0.6082055349291998,0.8649045976656419,0.013,-0.0,0.0227
0.0112,0.005371,-0.008301,1.30835,0.183411,0.078796,0.039825,0.0,0.0,0.0,0.07383102080724636,-0.6128390559381043,0.8652835940503173,0.013,-0.0,0.0227
0.0124,-0.003662,-0.011963,1.309814,0.458069,0.383972,0.100861,0.0,0.0,0.0,0.07443238813820553,-0.60830774316847,0.8666777831803938,0.013,-0.0,0.0227
0.0116,0.008057,-0.006592,1.309082,0.366516,0.139832,-0.112762,0.0,0.0,0.0,0.07677604682989107,-0.613765712834895,0.8652329015089218,0.013,-0.0,0.0227
0.0126,0.00293,-0.007324,1.313965,0.274963,0.078796,0.314484,0.0,0.0,0.0,0.07783670538911439,-0.6167720358714055,0.8691564020209369,0.013,-0.0,0.0227
0.0122,-0.002441,-0.011963,1.3125,0.305481,0.017761,0.375519,0.0,0.0,0.0,0.07643348180011914,-0.6173997628912862,0.8738625017181264,0.013,-0.0,0.0227
0.0113,0.000488,-0.009521,1.309814,0.244446,-0.165344,0.131378,0.0,0.0,0.0,0.0755448955601348,-0.6218017718895742,0.8753805373683392,0.013,-0.0,0.0227
0.0122,-0.002441,-0.008545,1.304932,0.183411,0.322937,0.009308,0.0,0.0,0.0,0.0747205166875694,-0.6187278771603006,0.8755641183230793,0.013,-0.0,0.0227
0.0126,-0.005371,-0.010254,1.312744,0.213928,0.292419,0.070343,0.0,0.0,0.0,0.07336399313958515,-0.614190043033718,0.8765946881995594,0.013,-0.0,0.0227
0.0112,-0.002197,-0.009277,1.3125,0.549622,0.261902,0.283966,0.0,0.0,0.0,0.07599533845232588,-0.612295099231821,0.8798499605148621,0.013,-0.0,0.0227
0.0123,0.006104,-0.002197,1.316162,0.152893,-0.165344,0.161896,0.0,0.0,0.0,0.07849779744820078,-0.6201323687467352,0.8816611714160134,0.013,-0.0,0.0227
0.0122,-0.004395,-0.011719,1.308594,0.213928,0.475525,-0.082245,0.0,0.0,0.0,0.07617364244696984,-0.6140707399979124,0.8808146999178192,0.013,-0.0,0.0227
0.0115,-0.000732,-0.004395,1.30957,0.488586,0.078796,-0.112762,0.0,0.0,0.0,0.08113331211935275,-0.6150478990189566,0.8794868337174505,0.013,-0.0,0.0227
0.0121,0.004883,-0.009277,1.30957,0.244446,0.078796,0.039825,0.0,0.0,0.0,0.08054192212070264,-0.619245589350354,0.8799317985520517,0.013,-0.0,0.0227
0.0125,-0.000732,-0.013184,1.309814,0.366516,0.231384,0.070343,0.0,0.0,0.0,0.07927585794611532,-0.6182068864252643,0.8809333708049112,0.013,-0.0,0.0227
0.0121,-0.003418,-0.011963,1.314941,0.152893,0.383972,0.314484,0.0,0.0,0.0,0.07601710937912597,-0.61385369346675,0.8848831127408391,0.013,-0.0,0.0227
0.0112,0.00708,-0.009033,1.306885,0.274963,0.231384,0.222931,0.0,0.0,0.0,0.07571672197423873,-0.617750391825494,0.8873006659462772,0.013,-0.0,0.0227
0.0124,-0.000244,-0.01001,1.317627,0.458069,0.048279,0.161896,0.0,0.0,0.0,0.07744913422843563,-0.6192314067968063,0.8893659941671357,0.013,-0.0,0.0227
0.0124,-0.001221,-0.005371,1.301025,0.366516,0.170349,0.039825,0.0,0.0,0.0,0.08074052455222762,-0.6187327592989015,0.8898544703468362,0.013,-0.0,0.0227
0.0112,-0.001465,-0.008545,1.311523,0.152893,-0.012756,-0.082245,0.0,0.0,0.0,0.07936681083140057,-0.6202605935853892,0.888984973954264,0.013,-0.0,0.0227
0.0125,-0.005859,-0.010742,1.314941,0.458069,0.231384,0.009308,0.0,0.0,0.0,0.08069397938992767,-0.6161975610553829,0.8892650386044233,0.013,-0.0,0.0227
0.0125,-0.004395,-0.008057,1.305908,0.274963,-0.134827,0.039825,0.0,0.0,0.0,0.08128305710248385,-0.6176001727464324,0.8898497594921815,0.013,-0.0,0.0227
0.0118,0.003906,-0.010498,1.310791,0.06134,0.231384,0.161896,0.0,0.0,0.0,0.07775115153504598,-0.6194391595517691,0.8917585994832119,0.013,-0.0,0.0227
0.0116,0.001709,-0.003662,1.308105,0.397034,0.109314,0.100861,0.0,0.0,0.0,0.08209369001990093,-0.6214412216394345,0.8928470094830551,0.013,-0.0,0.0227
0.0123,-0.002686,-0.010498,1.322998,0.183411,0.506042,0.192413,0.0,0.0,0.0,0.08009612689522429,-0.6158728538926386,0.8953266635149798,0.013,-0.0,0.0227
0.0118,-0.000244,-0.013916,1.30957,0.213928,-0.073792,0.100861,0.0,0.0,0.0,0.07637090839226035,-0.6188788187598573,0.896635868590255,0.013,-0.0,0.0227
0.0118,-0.000244,-0.006836,1.311035,0.274963,0.200867,0.131378,0.0,0.0,0.0,0.07752629175737707,-0.6186362903674649,0.8981897052581308,0.013,-0.0,0.0227
0.0124,-0.008545,-0.013184,1.311035,0.305481,0.109314,-0.02121,0.0,0.0,0.0,0.07552391068908922,-0.6145599100483881,0.8981703458351629,0.013,-0.0,0.0227
0.0122,0.000244,-0.014893,1.311768,0.152893,0.41449,0.192413,0.0,0.0,0.0,0.07061771360393586,-0.6119865608175555,0.9006451121562657,0.013,-0.0,0.0227
0.0113,0.009277,-0.000977,1.305908,0.183411,0.170349,0.039825,0.0,0.0,0.0,0.07410664589092421,-0.6178539912916253,0.9008360993048926,0.013,-0.0,0.0227
0.0127,-0.000732,-0.006348,1.317383,0.183411,0.475525,0.131378,0.0,0.0,0.0,0.07466580638084372,-0.6136692106531932,0.9025113425301658,0.013,-0.0,0.0227
0.0111,-0.008057,-0.012695,1.31958,0.244446,-0.287415,-0.051727,0.0,0.0,0.0,0.07195494957298179,-0.6144042201454067,0.9021579943962242,0.013,-0.0,0.0227
0.0124,0.003662,-0.002197,1.307861,0.305481,0.170349,-0.14328,0.0,0.0,0.0,0.07643586312367118,-0.6167613921363276,0.9002393325010969,0.013,-0.0,0.0227
0.0125,0.002197,-0.008057,1.300537,0.213928,0.200867,0.131378,0.0,0.0,0.0,0.0762952849912507,-0.6179079804904023,0.9018640512840604,0.013,-0.0,0.0227
0.0115,-0.004883,-0.015137,1.316162,0.366516,0.170349,0.131378,0.0,0.0,0.0,0.07359845616936134,-0.6153570412622668,0.9035928925058166,0.013,-0.0,0.0227
0.0123,0.006836,-0.004639,1.318359,0.152893,0.017761,0.131378,0.0,0.0,0.0,0.07471186586024925,-0.6213381771581951,0.9050569312612355,0.013,-0.0,0.0227
0.0122,0.013428,-0.003662,1.302734,0.366516,0.53656,0.192413,0.0,0.0,0.0,0.07894333986701318,-0.625016005635291,0.9071353281847983,0.013,-0.0,0.0227
0.0113,-0.008789,-0.017334,1.320312,0.274963,0.200867,0.070343,0.0,0.0,0.0,0.07388105971996466,-0.619805519557137,0.9082583569163153,0.013,-0.0,0.0227
0.0122,-0.000732,-0.010742,1.30957,0.122375,-0.195862,0.100861,0.0,0.0,0.0,0.07105243415108235,-0.6239881460126764,0.9095623191566261,0.013,-0.0,0.0227
0.0123,0.008301,-0.000244,1.310547,0.213928,-0.012756,0.131378,0.0,0.0,0.0,0.07549798672244644,-0.631179373700823,0.9109261527818167,0.013,-0.0,0.0227
0.0123,-0.001465,-0.012207,1.297119,0.091858,0.170349,0.161896,0.0,0.0,0.0,0.07138290861689374,-0.6304555783889594,0.9130390466160206,0.013,-0.0,0.0227
0.0111,0.001953,-0.008301,1.325684,0.458069,-0.134827,0.039825,0.0,0.0,0.0,0.07359392493605535,-0.6350875688534648,0.9134777031998953,0.013,-0.0,0.0227
0.0125,0.007324,-0.006104,1.300049,0.366516,0.353455,0.192413,0.0,0.0,0.0,0.07651069176557504,-0.6371710375570848,0.9157568925311913,0.013,-0.0,0.0227
0.0123,-0.001465,-0.016357,1.309814,0.213928,0.383972,0.131378,0.0,0.0,0.0,0.07149656561640623,-0.6337072460481742,0.9175770799698001,0.013,-0.0,0.0227
0.0115,-0.001465,-0.007568,1.305664,0.397034,0.200867,-0.051727,0.0,0.0,0.0,0.07359983143040087,-0.632688093468458,0.9170238105449268,0.013,-0.0,0.0227
0.0122,0.001709,-0.004639,1.308105,0.244446,0.383972,0.283966,0.0,0.0,0.0,0.07578315133041856,-0.6311745787683597,0.9204284459958099,0.013,-0.0,0.0227
0.0121,-0.008057,-0.012451,1.307373,0.244446,0.109314,0.070343,0.0,0.0,0.0,0.07338104501757596,-0.6272977833231407,0.9215152644322666,0.013,-0.0,0.0227
0.0122,-0.005859,-0.013672,1.314697,0.183411,0.170349,-0.14328,0.0,0.0,0.0,0.06963319798262835,-0.6239653021780709,0.9199842768917369,0.013,-0.0,0.0227
0.0121,0.006348,-0.008789,1.300293,0.335999,0.231384,0.161896,0.0,0.0,0.0,0.07050665329325363,-0.6271928374232985,0.9218691869705915,0.013,-0.0,0.0227
0.012,0.005127,-0.008789,1.322266,0.213928,0.261902,0.283966,0.0,0.0,0.0,0.06991234303641218,-0.6291355394075991,0.9252299877200959,0.013,-0.0,0.0227
0.0115,-0.005371,-0.008545,1.303955,0.397034,0.475525,0.253448,0.0,0.0,0.0,0.07141928455029381,-0.6227648361662765,0.9282688760237968,0.013,-0.0,0.0227
0.0125,-0.001221,-0.00708,1.312012,0.091858,0.048279,0.100861,0.0,0.0,0.0,0.07041162837613928,-0.6236558745437504,0.929552026009122,0.013,-0.0,0.0227
0.0114,-0.005859,-0.012451,1.309326,0.244446,0.048279,0.131378,0.0,0.0,0.0,0.0678996069301204,-0.6219000832605998,0.9312423941886829,0.013,-0.0,0.0227
0.0121,0.0,-0.005371,1.305664,0.335999,0.231384,-0.02121,0.0,0.0,0.0,0.07082685566837219,-0.6213764621233231,0.9309577170175847,0.013,-0.0,0.0227
0.0121,0.005371,-0.006836,1.316162,0.274963,0.170349,0.070343,0.0,0.0,0.0,0.07213384434129998,-0.6246382673369867,0.9317197842230374,0.013,-0.0,0.0227
0.0122,0.005615,-0.004883,1.308838,0.366516,0.445007,0.222931,0.0,0.0,0.0,0.07567224263728699,-0.6247457071943161,0.9343171937823256,0.013,-0.0,0.0227
0.012,0.005615,-0.010254,1.309082,0.366516,0.292419,0.009308,0.0,0.0,0.0,0.0759944365551501,-0.6267463641102573,0.9344020997606557,0.013,-0.0,0.0227
0.0121,-0.000488,-0.009766,1.315918,0.335999,-0.043274,0.131378,0.0,0.0,0.0,0.07626730585121838,-0.6291135290777993,0.9360548903148477,0.013,-0.0,0.0227
0.0121,-0.004883,-0.010986,1.306641,0.519104,0.200867,-0.204315,0.0,0.0,0.0,0.07803842801580135,-0.6260158833219466,0.9337433460844891,0.013,-0.0,0.0227
0.0121,-0.001953,-0.007568,1.317871,0.427551,-0.043274,-0.082245,0.0,0.0,0.0,0.08069250802616608,-0.6275254260315175,0.9327960398631641,0.013,-0.0,0.0227
0.0112,0.004395,-0.012695,1.308594,0.213928,0.445007,0.100861,0.0,0.0,0.0,0.07754872443508369,-0.6273266120629781,0.9339639829736477,0.013,-0.0,0.0227
0.012,0.00708,-0.006592,1.313477,0.488586,0.078796,0.375519,0.0,0.0,0.0,0.08139650197065443,-0.6326493388319793,0.9383525610009326,0.013,-0.0,0.0227
0.0123,0.001221,-0.006836,1.314941,0.244446,0.506042,-0.082245,0.0,0.0,0.0,0.08229548162304821,-0.6292715415895526,0.937334184178555,0.013,-0.0,0.0227
0.0123,-0.003418,-0.004883,1.314209,0.030823,-0.012756,0.131378,0.0,0.0,0.0,0.08169016390698415,-0.6295566174766929,0.9389763910658753,0.013,-0.0,0.0227
0.0113,0.002197,-0.00293,1.307373,0.458069,0.292419,0.070343,0.0,0.0,0.0,0.08698822459633972,-0.6297250640293056,0.9396741187876002,0.013,-0.0,0.0227
0.0121,-0.003174,-0.010986,1.313477,0.122375,0.170349,-0.02121,0.0,0.0,0.0,0.08389824379413724,-0.6279531898299298,0.9395539556447124,0.013,-0.0,0.0227
0.012,0.000977,-0.011963,1.312744,0.397034,0.811218,0.100861,0.0,0.0,0.0,0.08350421142436013,-0.6210259668397851,0.9408576670518373,0.013,-0.0,0.0227
0.0126,0.010254,-0.012939,1.313232,0.366516,-0.012756,-0.082245,0.0,0.0,0.0,0.08242330807166608,-0.6293560786778057,0.9397656875012382,0.013,-0.0,0.0227
0.0122,0.009277,-0.010254,1.305664,0.152893,0.597595,0.161896,0.0,0.0,0.0,0.08013886137139646,-0.6297458292438473,0.9416619409423378,0.013,-0.0,0.0227
0.011,-0.002441,-0.010498,1.309326,0.06134,0.292419,-0.02121,0.0,0.0,0.0,0.07659658084596126,-0.6272791380950661,0.9415463924806632,0.013,-0.0,0.0227
0.0121,0.003174,-0.009521,1.308594,0.397034,0.200867,-0.082245,0.0,0.0,0.0,0.07775351352794402,-0.6288940835273428,0.9405542986119918,0.013,-0.0,0.0227
0.0123,-0.003662,-0.006836,1.312012,0.183411,0.078796,-0.112762,0.0,0.0,0.0,0.0779489512982669,-0.627933598786815,0.939234658867024,0.013,-0.0,0.0227
0.0124,-0.01001,-0.012451,1.317383,0.244446,0.078796,0.009308,0.0,0.0,0.0,0.0756391293343386,-0.623268113718805,0.9396266621431885,0.013,-0.0,0.0227
0.0121,-0.000732,-0.013916,1.305664,0.366516,0.048279,0.070343,0.0,0.0,0.0,0.07383658540423027,-0.6244972728895979,0.9406198409718095,0.013,-0.0,0.0227
0.0113,0.002686,-0.003418,1.31543,0.183411,0.017761,0.009308,0.0,0.0,0.0,0.0758629602284178,-0.6280118123135332,0.9406178601794785,0.013,-0.0,0.0227
0.0125,-0.002441,-0.009521,1.309082,0.366516,0.170349,-0.295868,0.0,0.0,0.0,0.07683343014939945,-0.6266366592330459,0.9370143898621007,0.013,-0.0,0.0227
0.0122,-0.003174,-0.013184,1.317627,0.519104,0.109314,-0.02121,0.0,0.0,0.0,0.07738225186104584,-0.6255958396735697,0.936929028952952,0.013,-0.0,0.0227
0.0111,0.006348,-0.009766,1.304688,0.335999,0.017761,-0.051727,0.0,0.0,0.0,0.07731244279040635,-0.6313258072704163,0.9362992538667068,0.013,-0.0,0.0227
0.0121,0.003662,-0.006592,1.317383,0.335999,0.567078,-0.14328,0.0,0.0,0.0,0.07945487335490307,-0.6287248571549622,0.9345105433701909,0.013,-0.0,0.0227
0.0124,-0.002686,-0.011719,1.305908,0.091858,0.41449,0.161896,0.0,0.0,0.0,0.07562838127421914,-0.6242451976641628,0.9366618808480184,0.013,-0.0,0.0227
0.0121,-0.000244,-0.007324,1.320068,0.427551,0.078796,-0.02121,0.0,0.0,0.0,0.07844541239346729,-0.6252882783637265,0.9364217143948401,0.013,-0.0,0.0227
0.0114,-0.001709,-0.01001,1.30835,0.305481,0.078796,-0.082245,0.0,0.0,0.0,0.0779892508578571,-0.6255935319615874,0.9355738198004576,0.013,-0.0,0.0227
0.0126,-0.012207,-0.013672,1.314941,0.305481,0.170349,0.009308,0.0,0.0,0.0,0.07577247014666716,-0.6185253448581104,0.9360283025080671,0.013,-0.0,0.0227
0.0115,0.00415,-0.009277,1.297607,0.366516,0.139832,0.131378,0.0,0.0,0.0,0.07644792096234783,-0.6217117442306629,0.9375060859595984,0.013,-0.0,0.0227
0.0129,0.00415,0.000488,1.31665,0.213928,0.017761,0.100861,0.0,0.0,0.0,0.08138136990012859,-0.6260744530140204,0.9386035115145365,0.013,-0.0,0.0227
0.0115,-0.006104,-0.012695,1.304932,0.335999,0.292419,0.253448,0.0,0.0,0.0,0.07964698381681788,-0.62138682110897,0.941734902620985,0.013,-0.0,0.0227
0.0121,-0.006348,-0.012939,1.316895,0.366516,0.41449,0.222931,0.0,0.0,0.0,0.07839825883029979,-0.6149237322208195,0.9446554442141724,0.013,-0.0,0.0227
0.0134,0.006836,-0.001709,1.307861,0.366516,0.261902,-0.204315,0.0,0.0,0.0,0.08422123270498479,-0.6177606928410749,0.941707183450582,0.013,-0.0,0.0227
0.0102,0.000244,-0.009521,1.318604,0.458069,0.170349,0.253448,0.0,0.0,0.0,0.08514965814178994,-0.6183907429197061,0.944339707137733,0.013,-0.0,0.0227
0.0122,-0.000488,-0.01123,1.304199,0.274963,0.170349,0.100861,0.0,0.0,0.0,0.08374573510531812,-0.6183440388880258,0.9456594194149357,0.013,-0.0,0.0227
0.012,0.004883,-0.005127,1.324463,0.335999,-0.012756,0.161896,0.0,0.0,0.0,0.08659784295702433,-0.6234749434493373,0.9474903658717403,0.013,-0.0,0.0227
0.0122,0.005859,-0.011475,1.310303,0.458069,0.292419,-0.02121,0.0,0.0,0.0,0.08727953777331039,-0.6255612358588797,0.9472234672943617,0.013,-0.0,0.0227
0.0123,-0.006836,-0.012939,1.315918,0.274963,0.261902,0.100861,0.0,0.0,0.0,0.08491736470485717,-0.6205471747367046,0.948702261351379,0.013,-0.0,0.0227
0.0113,0.004883,-0.005371,1.306885,0.152893,0.231384,0.100861,0.0,0.0,0.0,0.085340069022211,-0.6230665127056891,0.9497326619655341,0.013,-0.0,0.0227
0.0121,-0.00293,-0.009033,1.313721,0.305481,0.261902,0.070343,0.0,0.0,0.0,0.08558219624673423,-0.6204099551399109,0.9506814072900759,0.013,-0.0,0.0227
0.0123,-0.017822,-0.01416,1.305176,0.427551,-0.104309,0.253448,0.0,0.0,0.0,0.08432356793806754,-0.6135175912033662,0.9542419032574254,0.013,-0.0,0.0227
0.0115,-0.001953,-0.008789,1.309814,0.06134,0.261902,-0.02121,0.0,0.0,0.0,0.08176420297268573,-0.6117041934498834,0.9540642783422119,0.013,-0.0,0.0227
0.0122,0.003418,-0.007324,1.317627,0.305481,-0.104309,0.100861,0.0,0.0,0.0,0.08306839798910437,-0.6172199488949446,0.9552374872018035,0.013,-0.0,0.0227
0.012,-0.001953,-0.015625,1.306885,0.244446,0.689148,0.161896,0.0,0.0,0.0,0.07870295047679639,-0.610185378487362,0.957374506599019,0.013,-0.0,0.0227
0.012,0.005859,-0.006348,1.301514,0.274963,-0.012756,0.192413,0.0,0.0,0.0,0.08015880194993316,-0.6161736567384688,0.9595604429717403,0.013,-0.0,0.0227
0.0123,0.002197,-0.006592,1.314453,0.305481,0.383972,0.192413,0.0,0.0,0.0,0.08191834694870144,-0.6150294994699311,0.961885702540087,0.013,-0.0,0.0227
0.0122,0.001709,-0.012695,1.307861,0.366516,0.200867,0.345001,0.0,0.0,0.0,0.08077430910970261,-0.615914744877333,0.9661685684290705,0.013,-0.0,0.0227
0.0121,0.003906,-0.005371,1.30127,0.152893,0.628113,0.039825,0.0,0.0,0.0,0.08136509722203816,-0.6130293202530395,0.9665563252657989,0.013,-0.0,0.0227
0.0121,-0.004883,-0.016113,1.309326,0.488586,-0.043274,0.222931,0.0,0.0,0.0,0.07967584650834984,-0.6130177858015479,0.9695041240225917,0.013,-0.0,0.0227
0.0111,-0.012451,-0.010986,1.319824,-0.030212,0.231384,0.131378,0.0,0.0,0.0,0.07486413429163134,-0.6055214605324141,0.9712543706944919,0.013,-0.0,0.0227
0.0122,0.003418,-0.007324,1.294434,0.122375,0.41449,0.253448,0.0,0.0,0.0,0.07398319837459204,-0.6050299682490337,0.9742823985738138,0.013,-0.0,0.0227
0.0125,0.002441,-0.009766,1.310791,0.458069,0.200867,0.131378,0.0,0.0,0.0,0.07590891071854587,-0.6063606286398799,0.9759239678720929,0.013,-0.0,0.0227
0.0115,-0.008057,-0.010742,1.31543,0.427551,-0.256897,0.009308,0.0,0.0,0.0,0.07647650906028557,-0.6069509204343481,0.9762320459886717,0.013,-0.0,0.0227
0.0125,0.000732,-0.009033,1.30542,0.213928,0.353455,0.070343,0.0,0.0,0.0,0.07578104366818443,-0.6054142661075692,0.9771285917465097,0.013,-0.0,0.0227
0.0121,0.004883,-0.009521,1.299316,0.213928,0.353455,-0.02121,0.0,0.0,0.0,0.07472089955115384,-0.6065168621948949,0.9768204978368392,0.013,-0.0,0.0227
0.0113,-0.006592,-0.013672,1.320068,0.427551,-0.012756,0.283966,0.0,0.0,0.0,0.0735024617907217,-0.6051626017941286,0.9802585085414289,0.013,-0.0,0.0227
0.012,-0.005615,-0.012939,1.313232,0.183411,0.292419,0.192413,0.0,0.0,0.0,0.07010238234845591,-0.6007989323994127,0.9827658048492613,0.013,-0.0,0.0227
0.0122,0.002686,-0.009277,1.311279,0.213928,0.475525,0.283966,0.0,0.0,0.0,0.0692549220616698,-0.5990554308136706,0.9862106823445629,0.013,-0.0,0.0227
0.0121,-0.00415,-0.012207,1.309814,0.274963,0.139832,0.100861,0.0,0.0,0.0,0.06743661663095464,-0.5974199507191841,0.9875842297212403,0.013,-0.0,0.0227
0.0123,-0.002441,-0.008301,1.312012,0.244446,0.139832,-0.082245,0.0,0.0,0.0,0.06762315284268273,-0.5967560347553542,0.9866246309726644,0.013,-0.0,0.0227
0.012,0.008301,-0.008057,1.310547,0.335999,0.506042,-0.112762,0.0,0.0,0.0,0.06896651513721627,-0.5980618046205368,0.9851241498574843,0.013,-0.0,0.0227
0.0113,-0.002686,-0.006592,1.313232,0.610657,0.048279,0.253448,0.0,0.0,0.0,0.07394911442479393,-0.5984077412299953,0.9880175297209064,0.013,-0.0,0.0227
0.0126,-0.001953,-0.014893,1.314453,0.397034,0.109314,0.161896,0.0,0.0,0.0,0.07218446022605449,-0.5983465022645509,0.9902197025549058,0.013,-0.0,0.0227
0.0124,0.007324,-0.005371,1.310059,0.580139,0.261902,-0.14328,0.0,0.0,0.0,0.07817875955813672,-0.6018694765933728,0.9882676417950895,0.013,-0.0,0.0227
0.012,-0.000977,-0.007568,1.305664,0.397034,0.231384,0.131378,0.0,0.0,0.0,0.08038387307552187,-0.6010099836947203,0.9898647126832201,0.013,-0.0,0.0227
0.0111,-0.002686,-0.011719,1.311768,0.274963,0.170349,0.131378,0.0,0.0,0.0,0.07846875054101245,-0.600000544203962,0.9914483585575077,0.013,-0.0,0.0227
0.0126,0.004883,-0.004395,1.316895,0.458069,0.292419,0.009308,0.0,0.0,0.0,0.08353972300501403,-0.6015896278046292,0.9914243016135861,0.013,-0.0,0.0227
0.0123,0.006104,-0.010254,1.320557,0.213928,0.475525,-0.02121,0.0,0.0,0.0,0.0820616113045025,-0.6016971494516788,0.9911098690219102,0.013,-0.0,0.0227
0.0111,0.002686,-0.014404,1.308105,0.274963,0.41449,0.131378,0.0,0.0,0.0,0.078551343772342,-0.6011534121485597,0.9926494152709152,0.013,-0.0,0.0227
0.0121,0.009766,-0.009277,1.309082,0.427551,0.231384,0.345001,0.0,0.0,0.0,0.08014239636571646,-0.6065224822787788,0.9966773428118824,0.013,-0.0,0.0227
0.0124,0.000732,-0.011475,1.305908,0.305481,0.353455,0.039825,0.0,0.0,0.0,0.07908833975715983,-0.6050205784723206,0.9972394272869664,0.013,-0.0,0.0227
0.0122,-0.012939,-0.015625,1.312744,0.366516,0.200867,0.009308,0.0,0.0,0.0,0.0763278305124608,-0.5974398344025795,0.9977521402450931,0.013,-0.0,0.0227
0.0122,-0.005127,-0.012939,1.30835,0.427551,0.231384,-0.173798,0.0,0.0,0.0,0.07590222670619182,-0.5941338297513744,0.9958269691004106,0.013,-0.0,0.0227
0.0111,0.005127,-0.007324,1.314697,0.366516,-0.043274,0.222931,0.0,0.0,0.0,0.07759065766733826,-0.6000638034685415,0.9981945179271404,0.013,-0.0,0.0227
0.0124,0.003662,-0.01123,1.306885,0.305481,0.261902,-0.02121,0.0,0.0,0.0,0.07671846324048683,-0.6014564148215862,0.9979295300300841,0.013,-0.0,0.0227
0.0123,-0.000732,-0.013916,1.311523,0.244446,0.383972,0.345001,0.0,0.0,0.0,0.07348122653423848,-0.598784444111663,1.0023073907393494,0.013,-0.0,0.0227
0.0122,0.006104,-0.006592,1.305908,0.397034,0.109314,0.039825,0.0,0.0,0.0,0.07639738822682783,-0.603526550236418,1.0026540034964257,0.013,-0.0,0.0227
0.0112,0.006592,-0.003418,1.318115,0.183411,0.506042,-0.02121,0.0,0.0,0.0,0.0783811280777675,-0.6040900000318494,1.002220301522604,0.013,-0.0,0.0227
0.0122,0.001953,-0.013184,1.311035,0.335999,0.231384,-0.082245,0.0,0.0,0.0,0.07669118618794832,-0.6048292516602419,1.001291992373163,0.013,-0.0,0.0227
0.0122,-0.001221,-0.011475,1.306152,0.274963,0.231384,0.009308,0.0,0.0,0.0,0.0752490983290129,-0.6037439506905984,1.0015080379647112,0.013,-0.0,0.0227
0.0122,0.005127,-0.009521,1.314209,0.458069,0.475525,0.100861,0.0,0.0,0.0,0.07718053635723005,-0.6033663112750502,1.00268503086587,0.013,-0.0,0.0227
0.0121,-0.01123,-0.014893,1.319092,0.366516,0.261902,0.131378,0.0,0.0,0.0,0.07484261676938556,-0.596078283806464,1.0046368223708575,0.013,-0.0,0.0227
0.0126,-0.001221,-0.012207,1.308105,0.030823,0.475525,0.100861,0.0,0.0,0.0,0.07004336224522859,-0.5919405735340256,1.006018630040528,0.013,-0.0,0.0227
0.0114,0.007812,-0.005615,1.300537,0.366516,-0.256897,-0.051727,0.0,0.0,0.0,0.0729179724472202,-0.6020229458962163,1.0052259920737079,0.013,-0.0,0.0227
0.0112,-0.003662,-0.010986,1.308838,0.183411,0.139832,-0.14328,0.0,0.0,0.0,0.07054368620391488,-0.6007667974835887,1.0037577002971514,0.013,-0.0,0.0227
0.0121,-0.008545,-0.014404,1.306885,0.366516,0.109314,0.161896,0.0,0.0,0.0,0.06850997561169704,-0.5969265539188527,1.006011944988774,0.013,-0.0,0.0227
0.0121,-0.002197,-0.003906,1.320557,0.091858,0.078796,0.192413,0.0,0.0,0.0,0.06933266194599982,-0.5971234689810204,1.0083108546218373,0.013,-0.0,0.0227
0.0122,0.013672,-0.005859,1.301025,0.366516,0.322937,0.070343,0.0,0.0,0.0,0.0723481255938771,-0.6037848710376731,1.0088634270563657,0.013,-0.0,0.0227
0.0123,-0.000488,-0.01123,1.309814,0.213928,0.109314,0.192413,0.0,0.0,0.0,0.07036500736337511,-0.6045818679056524,1.011310712341169,0.013,-0.0,0.0227
0.0121,-0.001221,-0.009277,1.314453,0.122375,0.292419,0.345001,0.0,0.0,0.0,0.06839330711639988,-0.6027462714485468,1.0155443133257154,0.013,-0.0,0.0227
0.0121,0.002441,-0.006836,1.303467,0.122375,0.139832,0.253448,0.0,0.0,0.0,0.06786246737103546,-0.6049699364498443,1.0185465992839031,0.013,-0.0,0.0227
0.0114,-0.010742,-0.01001,1.316406,0.458069,0.353455,-0.112762,0.0,0.0,0.0,0.0692572710060044,-0.5971013142487669,1.0175202965276502,0.013,-0.0,0.0227
0.0123,0.000977,-0.00708,1.309814,0.488586,0.048279,0.009308,0.0,0.0,0.0,0.07309462608018238,-0.5995618111361264,1.0176029983898625,0.013,-0.0,0.0227
0.0121,0.000244,-0.004883,1.314941,0.274963,0.322937,-0.112762,0.0,0.0,0.0,0.07553428341651686,-0.598254014453314,1.0161858364557554,0.013,-0.0,0.0227
0.012,-0.01001,-0.012207,1.309326,0.183411,0.383972,0.070343,0.0,0.0,0.0,0.07253642869296162,-0.5903236329282652,1.0173131225943555,0.013,-0.0,0.0227
0.0113,-0.00415,-0.010498,1.309082,0.335999,0.383972,0.009308,0.0,0.0,0.0,0.07215862850001609,-0.5861615789153727,1.017549527692667,0.013,-0.0,0.0227
0.0123,0.007568,-0.004395,1.308594,0.427551,-0.104309,0.131378,0.0,0.0,0.0,0.07677448674881691,-0.5944469100531947,1.018949506261568,0.013,-0.0,0.0227
0.0122,-0.004639,-0.010742,1.31665,0.274963,0.109314,-0.02121,0.0,0.0,0.0,0.075793016044818,-0.5928958817866323,1.018838255264986,0.013,-0.0,0.0227
0.012,-0.000244,-0.010498,1.314697,0.335999,0.231384,0.192413,0.0,0.0,0.0,0.07560284218654854,-0.5924986299155522,1.021204937100277,0.013,-0.0,0.0227
0.0122,0.006836,-0.00415,1.314697,0.366516,0.170349,0.039825,0.0,0.0,0.0,0.07955615302734857,-0.5969086586430212,1.021493606143544,0.013,-0.0,0.0227
0.0114,0.003906,-0.011963,1.30957,0.519104,0.322937,0.009308,0.0,0.0,0.0,0.08035197060243282,-0.5980212823302028,1.0216114675586951,0.013,-0.0,0.0227
0.0121,0.002197,-0.01123,1.314209,0.335999,0.200867,0.070343,0.0,0.0,0.0,0.07973851265409389,-0.599330997796121,1.0224936980822974,0.013,-0.0,0.0227
0.0121,-0.002197,-0.008789,1.311279,0.244446,0.200867,0.070343,0.0,0.0,0.0,0.0794467612535718,-0.5980916223158578,1.0234145499242777,0.013,-0.0,0.0227
0.0123,-0.007568,-0.006348,1.309814,0.458069,0.353455,0.314484,0.0,0.0,0.0,0.08319468864111983,-0.5918486516680683,1.02741265342552,0.013,-0.0,0.0227
0.012,-0.006104,-0.012207,1.309082,0.152893,0.231384,-0.204315,0.0,0.0,0.0,0.07978910400565035,-0.5880730070250058,1.025166412465922,0.013,-0.0,0.0227
0.0116,-0.003418,-0.005859,1.312744,0.519104,0.017761,-0.051727,0.0,0.0,0.0,0.08425077489293088,-0.5884314344811327,1.0245973184954102,0.013,-0.0,0.0227
0.0119,-0.008057,-0.006592,1.308105,0.366516,0.200867,0.039825,0.0,0.0,0.0,0.08658234781597256,-0.5839428872440146,1.0252085015196484,0.013,-0.0,0.0227
0.0125,0.005615,-0.012451,1.311523,0.519104,0.200867,0.100861,0.0,0.0,0.0,0.08757674063571129,-0.5873334059754086,1.0264475198883898,0.013,-0.0,0.0227
0.0123,0.0,-0.008545,1.303223,0.091858,-0.043274,0.039825,0.0,0.0,0.0,0.08552368867934744,-0.5904856988445817,1.0269491599983758,0.013,-0.0,0.0227
0.0113,-0.002441,-0.010254,1.325439,0.366516,0.139832,-0.14328,0.0,0.0,0.0,0.08555101505521523,-0.5899564493035278,1.0254276158003999,0.013,-0.0,0.0227
0.0122,-0.005127,-0.010742,1.310303,0.274963,0.383972,0.283966,0.0,0.0,0.0,0.08442454516294154,-0.5848862250945922,1.029051849658477,0.013,-0.0,0.0227
0.0123,0.008057,-0.006836,1.303955,0.366516,0.292419,0.070343,0.0,0.0,0.0,0.08674781161904425,-0.588692191343686,1.0297414991221225,0.013,-0.0,0.0227
0.0114,-0.006592,-0.012451,1.308105,0.397034,0.078796,0.070343,0.0,0.0,0.0,0.08579464419294416,-0.5865329543841606,1.0307607424886038,0.013,-0.0,0.0227
0.0127,-0.002197,-0.009277,1.317871,0.213928,0.292419,0.161896,0.0,0.0,0.0,0.08491573592977979,-0.5841228055184037,1.0328905329774216,0.013,-0.0,0.0227
0.012,0.003906,-0.006348,1.30542,0.305481,0.292419,0.192413,0.0,0.0,0.0,0.08667213364932967,-0.585582890711961,1.0350961358830606,0.013,-0.0,0.0227
0.0122,0.000488,-0.009277,1.306396,0.305481,0.445007,0.222931,0.0,0.0,0.0,0.08675276993270903,-0.583122203871824,1.0378387141354926,0.013,-0.0,0.0227
0.0112,-0.008057,-0.008789,1.303955,0.244446,-0.073792,-0.051727,0.0,0.0,0.0,0.08617215032608505,-0.5818830309729397,1.0374327148859086,0.013,-0.0,0.0227
0.0126,0.003906,-0.006104,1.314941,0.427551,-0.104309,0.283966,0.0,0.0,0.0,0.08975497627371082,-0.5880619019367136,1.0409004709614433,0.013,-0.0,0.0227
0.0121,0.003662,-0.009277,1.30249,0.397034,0.200867,0.222931,0.0,0.0,0.0,0.09086249023259617,-0.5904314887397147,1.0435570962522138,0.013,-0.0,0.0227
0.0121,-0.004639,-0.004639,1.312744,0.397034,0.048279,0.039825,0.0,0.0,0.0,0.09470133548453853,-0.5896825524550823,1.044076098693329,0.013,-0.0,0.0227
0.0113,0.00293,-0.00708,1.3125,0.244446,0.231384,0.039825,0.0,0.0,0.0,0.09506161558977098,-0.5913357811290737,1.0444641668091466,0.013,-0.0,0.0227
0.0127,0.002197,-0.010742,1.313965,0.213928,0.322937,0.100861,0.0,0.0,0.0,0.0932332103535642,-0.5910693217956617,1.0457691548817043,0.013,-0.0,0.0227
0.0111,0.001465,-0.006348,1.308105,0.152893,0.353455,-0.204315,0.0,0.0,0.0,0.09300535112994347,-0.5905875411642397,1.0434550151324729,0.013,-0.0,0.0227
0.0122,0.004883,-0.012939,1.307861,0.458069,-0.226379,-0.082245,0.0,0.0,0.0,0.09277037704826396,-0.5987262393377314,1.0424567521206538,0.013,-0.0,0.0227
0.0125,0.005615,-0.005615,1.30957,0.213928,0.170349,-0.051727,0.0,0.0,0.0,0.09392441417465618,-0.6023571877985114,1.041670603719576,0.013,-0.0,0.0227
0.0114,-0.011719,-0.013916,1.313232,0.06134,0.109314,0.070343,0.0,0.0,0.0,0.08827413623789074,-0.5967121652412678,1.0428313855642124,0.013,-0.0,0.0227
0.0121,-0.005859,-0.011719,1.313477,0.335999,0.445007,0.131378,0.0,0.0,0.0,0.08728317794024729,-0.5904369238211802,1.0446223371057628,0.013,-0.0,0.0227
0.0121,0.005127,-0.00415,1.304443,0.397034,-0.34845,0.192413,0.0,0.0,0.0,0.09142818342990251,-0.6001956939263614,1.046776791283197,0.013,-0.0,0.0227
0.0122,-0.001465,-0.008789,1.31958,0.213928,0.139832,0.009308,0.0,0.0,0.0,0.09069178386732273,-0.600041021409256,1.0469495864098233,0.013,-0.0,0.0227
0.0122,-0.006836,-0.015625,1.299805,-0.152283,0.078796,0.131378,0.0,0.0,0.0,0.08147049955610267,-0.5975886911451275,1.0488419316887583,0.013,-0.0,0.0227
0.0116,0.008301,-0.00708,1.317871,0.213928,-0.012756,-0.14328,0.0,0.0,0.0,0.08171797970258769,-0.6049598421514523,1.0470056697607344,0.013,-0.0,0.0227
0.0123,0.00708,-0.010498,1.309814,0.213928,0.139832,-0.14328,0.0,0.0,0.0,0.08010934227528196,-0.6097801213942347,1.045162945412026,0.013,-0.0,0.0227
0.0122,-0.000488,-0.011719,1.332031,0.244446,0.475525,0.192413,0.0,0.0,0.0,0.07817547366228282,-0.6059644301689506,1.0476133802261034,0.013,-0.0,0.0227
0.0113,0.002686,-0.008301,1.299072,0.152893,0.170349,0.131378,0.0,0.0,0.0,0.07694159636374567,-0.6080951307493054,1.049059548599689,0.013,-0.0,0.0227
0.0124,0.005127,-0.011475,1.322754,0.427551,0.292419,0.131378,0.0,0.0,0.0,0.07745922632503316,-0.6097474188642917,1.0506724376203438,0.013,-0.0,0.0227
0.0121,-0.002686,-0.010254,1.30542,0.213928,-0.104309,-0.051727,0.0,0.0,0.0,0.07597137630766447,-0.6117995102326653,1.0501555276262007,0.013,-0.0,0.0227
0.0114,-0.001465,-0.009277,1.312988,0.122375,0.292419,-0.02121,0.0,0.0,0.0,0.07390465732940085,-0.6099505565703486,1.0499834280439497,0.013,-0.0,0.0227
0.0121,0.005859,-0.006836,1.305908,0.122375,0.383972,-0.051727,0.0,0.0,0.0,0.07336034580864738,-0.6111441538189266,1.0492302239096103,0.013,-0.0,0.0227
0.0124,-0.000488,-0.008057,1.323486,0.488586,0.048279,-0.112762,0.0,0.0,0.0,0.07667016830566471,-0.6125100641848317,1.0478590365140874,0.013,-0.0,0.0227
0.0121,0.0,-0.010986,1.30835,0.244446,0.322937,0.192413,0.0,0.0,0.0,0.07510488254745737,-0.6109737400684063,1.050264011488009,0.013,-0.0,0.0227
0.012,0.005859,-0.005127,1.312988,0.366516,0.200867,0.009308,0.0,0.0,0.0,0.07842673877000585,-0.6143093834433552,1.0502177827162404,0.013,-0.0,0.0227
0.0124,-0.001465,-0.006836,1.302002,0.366516,0.078796,0.070343,0.0,0.0,0.0,0.08084449612643835,-0.6148362731531414,1.0511129174820648,0.013,-0.0,0.0227
0.0113,-0.009277,-0.01416,1.313965,0.244446,0.200867,0.009308,0.0,0.0,0.0,0.07723892088318088,-0.6094644356272937,1.0515450799435038,0.013,-0.0,0.0227
0.0121,-0.001221,-0.009033,1.313477,0.488586,0.231384,0.070343,0.0,0.0,0.0,0.07975806602517849,-0.6083094338383296,1.0524573508565127,0.013,-0.0,0.0227
0.0121,0.003906,-0.010254,1.307129,0.244446,0.231384,-0.082245,0.0,0.0,0.0,0.07862131580624801,-0.6101980343153743,1.051442448335851,0.013,-0.0,0.0227
0.0123,-0.003662,-0.012695,1.313965,0.244446,0.109314,0.070343,0.0,0.0,0.0,0.07611991257690917,-0.6090540547943155,1.0524887365788649,0.013,-0.0,0.0227
0.0112,-0.000244,-0.008789,1.312012,0.335999,-0.012756,-0.082245,0.0,0.0,0.0,0.07668450158880176,-0.6113888718647453,1.0515990846739611,0.013,-0.0,0.0227
0.0122,0.001953,-0.009766,1.306152,0.122375,0.261902,0.039825,0.0,0.0,0.0,0.07439918778327394,-0.611720813127277,1.0520937028918305,0.013,-0.0,0.0227
0.012,-0.005127,-0.010986,1.306152,0.244446,0.231384,0.222931,0.0,0.0,0.0,0.07282644058038037,-0.6083287671364395,1.0549454885156444,0.013,-0.0,0.0227
0.0122,-0.003906,-0.009033,1.311279,0.183411,0.170349,0.222931,0.0,0.0,0.0,0.07173148757124168,-0.6063515560670498,1.057775074884425,0.013,-0.0,0.0227
0.0122,-0.000732,-0.007324,1.309326,0.244446,0.170349,0.100861,0.0,0.0,0.0,0.07239284786155886,-0.6062542993271023,1.0590157141568266,0.013,-0.0,0.0227
0.0122,-0.006592,-0.014648,1.316406,0.335999,0.048279,0.161896,0.0,0.0,0.0,0.06990080177301528,-0.6041875129947841,1.0612609410567044,0.013,-0.0,0.0227
0.0121,-0.001221,-0.010498,1.319824,0.06134,0.353455,-0.051727,0.0,0.0,0.0,0.06655709612690672,-0.6015868153650278,1.0607149478145201,0.013,-0.0,0.0227
0.0112,-0.000977,-0.007812,1.305664,0.305481,0.292419,0.131378,0.0,0.0,0.0,0.06741692785431044,-0.6002330804820231,1.0622056518141307,0.013,-0.0,0.0227
0.0121,-0.002197,-0.010742,1.313721,0.335999,0.445007,0.192413,0.0,0.0,0.0,0.06720475865942925,-0.5960484786205686,1.0646367045036123,0.013,-0.0,0.0227
0.0128,-0.000244,-0.004639,1.307373,0.213928,0.506042,-0.082245,0.0,0.0,0.0,0.06926141963126822,-0.5920014514007937,1.0635282997137208,0.013,-0.0,0.0227
0.011,-0.000732,-0.007812,1.310303,0.335999,0.261902,0.222931,0.0,0.0,0.0,0.07036184033301848,-0.5912523913948449,1.065992901516655,0.013,-0.0,0.0227
0.0124,-0.001221,-0.01123,1.307129,0.366516,0.048279,-0.356903,0.0,0.0,0.0,0.07035800241968816,-0.592496934714893,1.0616521235028613,0.013,-0.0,0.0227
0.0124,0.0,-0.008057,1.314453,0.244446,0.017761,-0.204315,0.0,0.0,0.0,0.07069983850474454,-0.5947719283051758,1.0591191691215267,0.013,-0.0,0.0227
0.0114,0.00415,-0.009277,1.311279,0.366516,0.170349,0.100861,0.0,0.0,0.0,0.0714238134894664,-0.5977580159232458,1.060210840086211,0.013,-0.0,0.0227
0.0119,-0.004883,-0.010498,1.318359,0.152893,-0.073792,0.009308,0.0,0.0,0.0,0.06912397120059571,-0.5982129589318137,1.0604707370803523,0.013,-0.0,0.0227
0.0123,0.009277,-0.005371,1.304932,0.335999,0.048279,0.100861,0.0,0.0,0.0,0.07209001720883153,-0.6055523059588961,1.0614711771685683,0.013,-0.0,0.0227
0.0122,0.001465,-0.006592,1.310303,0.335999,0.078796,-0.082245,0.0,0.0,0.0,0.07430427424042614,-0.6078404663139142,1.0604188467404583,0.013,-0.0,0.0227
0.0115,-0.00293,-0.008301,1.313965,0.183411,-0.012756,0.100861,0.0,0.0,0.0,0.07351533660234458,-0.6086219909767997,1.0616534292789073,0.013,-0.0,0.0227
0.0121,0.005127,-0.010986,1.307617,0.366516,0.261902,0.222931,0.0,0.0,0.0,0.07344258542022664,-0.6108529643692304,1.0643173842262474,0.013,-0.0,0.0227
0.0122,0.001465,-0.007568,1.306396,0.488586,0.109314,0.039825,0.0,0.0,0.0,0.0768962625273381,-0.6127468409114435,1.0647771510034694,0.013,-0.0,0.0227
0.0124,-0.005859,-0.017822,1.315186,0.458069,0.078796,0.100861,0.0,0.0,0.0,0.07407976830596111,-0.6106580382646093,1.0663554377013074,0.013,-0.0,0.0227
0.0113,-0.004639,-0.002686,1.30835,0.305481,0.261902,-0.02121,0.0,0.0,0.0,0.07790320087894949,-0.607367373348594,1.0661190119012829,0.013,-0.0,0.0227
0.0123,0.006592,-0.001221,1.30957,0.366516,0.231384,-0.082245,0.0,0.0,0.0,0.08359366688955323,-0.6107645027181504,1.06485424454462,0.013,-0.0,0.0227
0.0121,0.000244,-0.009766,1.316162,0.274963,0.261902,0.283966,0.0,0.0,0.0,0.08304092003905628,-0.6100685306580981,1.068339599089122,0.013,-0.0,0.0227
0.0124,0.004639,-0.007324,1.306396,0.335999,0.048279,-0.204315,0.0,0.0,0.0,0.084791678158288,-0.6145527477691544,1.0657138804040607,0.013,-0.0,0.0227
0.0113,0.001465,-0.007568,1.309082,0.244446,0.231384,0.192413,0.0,0.0,0.0,0.0849485000734327,-0.6151223106806232,1.0678708022691423,0.013,-0.0,0.0227
0.0121,0.001953,-0.012695,1.315918,0.213928,0.109314,0.253448,0.0,0.0,0.0,0.08195619946202666,-0.617199786519042,1.0710132045438745,0.013,-0.0,0.0227
0.0122,0.00415,-0.008301,1.309082,0.213928,-0.073792,0.131378,0.0,0.0,0.0,0.08156905530459764,-0.62278697706899,1.0725553887947878,0.013,-0.0,0.0227
0.0122,0.006836,-0.007568,1.300781,0.335999,0.475525,0.100861,0.0,0.0,0.0,0.08307984622093145,-0.6233331383797132,1.0736644427662068,0.013,-0.0,0.0227
0.0123,-0.004883,-0.014404,1.302246,0.427551,0.261902,-0.02121,0.0,0.0,0.0,0.08172594844278479,-0.619535778477119,1.0736612231778193,0.013,-0.0,0.0227
0.0122,-0.002197,-0.009521,1.318604,0.213928,0.231384,0.100861,0.0,0.0,0.0,0.08064901026179827,-0.6176587857644966,1.0749909648311067,0.013,-0.0,0.0227
0.011,0.011963,-0.001953,1.300537,0.274963,0.41449,-0.02121,0.0,0.0,0.0,0.08441880126343645,-0.6224896736720347,1.0744097693726637,0.013,-0.0,0.0227
0.0122,0.001465,-0.003418,1.30835,0.274963,0.322937,0.100861,0.0,0.0,0.0,0.08759573362424761,-0.6216701166979662,1.0755444211218945,0.013,-0.0,0.0227
0.0124,-0.000977,-0.013428,1.315918,0.335999,0.139832,-0.051727,0.0,0.0,0.0,0.08574631318986728,-0.6215685706996614,1.0750648035015382,0.013,-0.0,0.0227
0.0113,0.0,-0.009033,1.315186,0.335999,0.017761,0.375519,0.0,0.0,0.0,0.08605261841146267,-0.6235622333042209,1.0793560185511404,0.013,-0.0,0.0227
0.0121,-0.00293,-0.01001,1.303955,0.091858,0.261902,0.039825,0.0,0.0,0.0,0.0831442989160676,-0.6209517476225354,1.0799664523935295,0.013,-0.0,0.0227
0.0126,-0.006104,-0.010498,1.315186,0.580139,0.41449,0.375519,0.0,0.0,0.0,0.08609324277494385,-0.6144391750779943,1.08490322838425,0.013,-0.0,0.0227
0.0122,0.005127,-0.00708,1.302002,0.519104,0.445007,0.161896,0.0,0.0,0.0,0.09004652234121321,-0.6144301651195777,1.0867808889024408,0.013,-0.0,0.0227
0.0114,0.007568,-0.007568,1.318848,0.335999,0.383972,0.070343,0.0,0.0,0.0,0.09123238652293643,-0.616717550082639,1.0874516720766063,0.013,-0.0,0.0227
0.012,-0.004639,-0.01001,1.315918,0.427551,0.170349,0.009308,0.0,0.0,0.0,0.09227841664336436,-0.61423564673261,1.087727945898567,0.013,-0.0,0.0227
0.0122,-0.000977,-0.012939,1.307617,0.335999,0.170349,0.192413,0.0,0.0,0.0,0.0905377608809138,-0.6139262215361875,1.090223652597563,0.013,-0.0,0.0227
0.0125,0.003906,-0.008789,1.308594,0.366516,0.353455,0.070343,0.0,0.0,0.0,0.09173129781788425,-0.6141497084507708,1.0910671475836045,0.013,-0.0,0.0227
0.0114,-0.002197,-0.010498,1.309326,0.458069,-0.012756,-0.082245,0.0,0.0,0.0,0.09257317768309074,-0.6153138869998439,1.0902501313297113,0.013,-0.0,0.0227
0.0117,-0.01416,-0.018555,1.321289,0.122375,-0.195862,0.100861,0.0,0.0,0.0,0.08501118645441104,-0.6116149778360598,1.0919566657367925,0.013,-0.0,0.0227
0.0121,0.000977,-0.006836,1.301514,0.183411,0.261902,0.009308,0.0,0.0,0.0,0.08506967023484244,-0.6114329160644421,1.0920415185363923,0.013,-0.0,0.0227
0.0127,0.007324,-0.008545,1.309814,0.152893,0.292419,-0.173798,0.0,0.0,0.0,0.08388591746323011,-0.6143577516441915,1.0897117085824604,0.013,-0.0,0.0227
0.0122,-0.003418,-0.008301,1.306152,0.519104,0.139832,-0.02121,0.0,0.0,0.0,0.0871743180400419,-0.6129932883480164,1.0895503900899912,0.013,-0.0,0.0227
0.0112,-0.002197,-0.010742,1.312744,0.274963,0.506042,0.131378,0.0,0.0,0.0,0.08578561774806585,-0.6084011644877395,1.0911476018613644,0.013,-0.0,0.0227
0.012,0.004883,-0.005615,1.303955,0.183411,0.231384,-0.112762,0.0,0.0,0.0,0.0865504278873026,-0.6109084353485102,1.0896596392397389,0.013,-0.0,0.0227
0.0121,0.000732,-0.006104,1.317383,-0.030212,0.139832,0.253448,0.0,0.0,0.0,0.08444252794107238,-0.611946552736175,1.0926920864179575,0.013,-0.0,0.0227
0.0127,-0.008545,-0.01123,1.308594,0.244446,0.017761,0.070343,0.0,0.0,0.0,0.08281022426949065,-0.6090656151131832,1.0938460272838075,0.013,-0.0,0.0227
0.0111,0.002197,-0.005859,1.31543,0.152893,0.139832,0.039825,0.0,0.0,0.0,0.08295169343597376,-0.611120071736485,1.0942156131378669,0.013,-0.0,0.0227
0.0122,-0.000488,-0.006836,1.310059,0.152893,0.322937,0.009308,0.0,0.0,0.0,0.08268859706935264,-0.6092667158232522,1.0943349718143565,0.013,-0.0,0.0227
0.0124,-0.004883,-0.013916,1.307373,0.244446,0.200867,0.009308,0.0,0.0,0.0,0.07943928862857531,-0.6063164076537718,1.0946880958897847,0.013,-0.0,0.0227
0.0117,-0.003418,-0.012207,1.300049,0.458069,0.109314,0.192413,0.0,0.0,0.0,0.07948267414407942,-0.6054928905856893,1.0971070879247748,0.013,-0.0,0.0227
0.0122,0.001221,-0.01001,1.307373,0.335999,-0.104309,0.161896,0.0,0.0,0.0,0.07958865914307954,-0.6098757682128118,1.099105007282826,0.013,-0.0,0.0227
0.0123,-0.001953,-0.012451,1.313965,0.030823,0.597595,0.100861,0.0,0.0,0.0,0.07461310526661623,-0.6037866036047382,1.1004934938151587,0.013,-0.0,0.0227
0.0114,0.001221,-0.006104,1.30957,0.244446,0.200867,-0.02121,0.0,0.0,0.0,0.0757788888437349,-0.604641264818074,1.100196289622912,0.013,-0.0,0.0227
0.0121,-0.002441,-0.008301,1.310303,0.397034,0.261902,0.009308,0.0,0.0,0.0,0.07764471471790554,-0.6024783897786113,1.1003776038008692,0.013,-0.0,0.0227
0.0126,-0.002441,-0.008301,1.314209,0.152893,0.231384,0.131378,0.0,0.0,0.0,0.07663061144294651,-0.600570502351206,1.1021004795641234,0.013,-0.0,0.0227
0.0111,-0.000488,-0.006836,1.303223,0.335999,0.506042,-0.112762,0.0,0.0,0.0,0.07828658033282933,-0.5972083997706641,1.1008460252912247,0.013,-0.0,0.0227
0.0123,0.006836,-0.002197,1.311279,0.397034,0.139832,0.222931,0.0,0.0,0.0,0.08373488998349983,-0.6019576877228674,1.1033389733027603,0.013,-0.0,0.0227
0.0123,-0.004395,-0.013916,1.319092,0.06134,0.017761,0.222931,0.0,0.0,0.0,0.07824279229758012,-0.6015666114383937,1.1063021621020213,0.013,-0.0,0.0227
0.0114,-0.006104,-0.010742,1.31958,0.152893,0.41449,-0.234833,0.0,0.0,0.0,0.07568645655924733,-0.595721314454235,1.1038191153152523,0.013,-0.0,0.0227
0.0122,0.0,-0.007324,1.300781,0.091858,-0.043274,0.039825,0.0,0.0,0.0,0.0744631473612638,-0.5987961074684673,1.1042920219692334,0.013,-0.0,0.0227
0.0123,-0.002686,-0.010742,1.318115,0.030823,0.048279,0.039825,0.0,0.0,0.0,0.07055645602225032,-0.5990581931512233,1.1048969790991034,0.013,-0.0,0.0227
0.0123,-0.000732,-0.004883,1.308838,-0.030212,0.109314,0.009308,0.0,0.0,0.0,0.06934627214952091,-0.5997659054123683,1.1049677777380502,0.013,-0.0,0.0227
0.0113,0.011719,-0.007568,1.310303,0.213928,0.597595,-0.051727,0.0,0.0,0.0,0.06935342801520814,-0.6023541799729939,1.10414029209746,0.013,-0.0,0.0227
0.012,-0.001465,-0.014404,1.305176,0.397034,0.139832,0.253448,0.0,0.0,0.0,0.06763957298431834,-0.6022932033264125,1.1073497014204092,0.013,-0.0,0.0227
0.0123,0.003662,-0.010498,1.317627,0.244446,0.41449,0.100861,0.0,0.0,0.0,0.06653781671646604,-0.6017443294783895,1.108574571443087,0.013,-0.0,0.0227
0.0124,-0.000244,-0.006104,1.304688,0.152893,0.170349,0.039825,0.0,0.0,0.0,0.06689376273623987,-0.6019769004894375,1.1090399799011028,0.013,-0.0,0.0227
0.0112,-0.003906,-0.01001,1.312744,0.335999,0.567078,0.161896,0.0,0.0,0.0,0.06681589329648494,-0.5958286178740712,1.1109865302735575,0.013,-0.0,0.0227
0.012,-0.003418,-0.012695,1.30957,0.305481,-0.043274,0.161896,0.0,0.0,0.0,0.0650688677985746,-0.5968434732233043,1.1130972490217421,0.013,-0.0,0.0227
0.0123,0.00293,-0.005371,1.314209,0.122375,0.567078,0.131378,0.0,0.0,0.0,0.06547536473662746,-0.5940962864593279,1.114605652120642,0.013,-0.0,0.0227
0.0123,0.001953,-0.007568,1.296143,0.274963,0.261902,0.314484,0.0,0.0,0.0,0.06641082672246991,-0.5946656502293308,1.1184249803225152,0.013,-0.0,0.0227
0.0117,-0.006836,-0.009033,1.316406,0.122375,0.261902,0.100861,0.0,0.0,0.0,0.06461093032875527,-0.590127860898894,1.119773060576821,0.013,-0.0,0.0227
0.0121,0.001953,-0.006104,1.310303,0.427551,0.048279,0.131378,0.0,0.0,0.0,0.06822402158696227,-0.593236913970681,1.1212842368484905,0.013,-0.0,0.0227
0.0124,-0.005615,-0.012451,1.303223,0.183411,0.048279,0.222931,0.0,0.0,0.0,0.06519012698858297,-0.5919181889105989,1.1242568711285206,0.013,-0.0,0.0227
0.0113,-0.004883,-0.01123,1.319092,0.244446,0.231384,0.161896,0.0,0.0,0.0,0.06344788386087237,-0.58897602791893,1.1262539863920142,0.013,-0.0,0.0227
0.0121,0.005371,-0.009277,1.313477,0.458069,0.322937,0.161896,0.0,0.0,0.0,0.06559322361278751,-0.5907700958191129,1.1281262233593545,0.013,-0.0,0.0227
0.0123,0.008545,-0.008789,1.307373,0.335999,0.048279,0.222931,0.0,0.0,0.0,0.06658427467556471,-0.5977375626228364,1.1307035335621816,0.013,-0.0,0.0227
0.0121,0.001465,-0.01001,1.312988,0.335999,0.200867,-0.112762,0.0,0.0,0.0,0.06683915889392175,-0.5986339094438012,1.1293557622812391,0.013,-0.0,0.0227
0.0124,-0.000977,-0.007324,1.303223,0.244446,0.200867,0.039825,0.0,0.0,0.0,0.06759836127459563,-0.5981046253734219,1.1298613722916393,0.013,-0.0,0.0227
0.0111,-0.002197,-0.005615,1.318848,0.305481,0.139832,0.161896,0.0,0.0,0.0,0.06970302429726388,-0.5977055032293939,1.1316634133588994,0.013,-0.0,0.0227
0.0122,-0.000244,-0.008545,1.301514,0.244446,0.048279,0.253448,0.0,0.0,0.0,0.0696415940891444,-0.5995094988024646,1.1347762178953342,0.013,-0.0,0.0227
0.0121,0.000977,-0.009766,1.320557,0.091858,0.078796,0.070343,0.0,0.0,0.0,0.06707857899723323,-0.601513792097859,1.1356512551989506,0.013,-0.0,0.0227
0.0121,-0.001709,-0.01123,1.3125,0.488586,0.200867,0.192413,0.0,0.0,0.0,0.06840655723134305,-0.6005309812894044,1.1380908593195038,0.013,-0.0,0.0227
0.0121,-0.003662,-0.006592,1.327637,0.091858,0.231384,0.039825,0.0,0.0,0.0,0.0677008931134229,-0.5979795462773483,1.1386306059136622,0.013,-0.0,0.0227
0.0124,-0.002441,-0.009033,1.310547,0.519104,0.41449,-0.051727,0.0,0.0,0.0,0.07084475919179675,-0.593934610953429,1.1380706759795942,0.013,-0.0,0.0227
0.0114,0.00415,-0.009277,1.300781,0.213928,0.017761,0.009308,0.0,0.0,0.0,0.06983353624080425,-0.5987411658890952,1.138116951550224,0.013,-0.0,0.0227
0.0121,0.003418,-0.008545,1.315186,0.244446,0.322937,0.131378,0.0,0.0,0.0,0.06978501344457605,-0.5992862804436145,1.1396564986261175,0.013,-0.0,0.0227
0.0117,-0.009033,-0.015625,1.303223,0.183411,0.139832,-0.173798,0.0,0.0,0.0,0.06480382877658655,-0.594870777515272,1.1379763510249052,0.013,-0.0,0.0227
0.0123,0.000977,-0.006348,1.315674,0.366516,0.017761,0.100861,0.0,0.0,0.0,0.06762166791131959,-0.5976853961573922,1.1391652675649322,0.013,-0.0,0.0227
0.0123,0.004883,-0.005127,1.302734,0.427551,0.170349,-0.02121,0.0,0.0,0.0,0.07187459746184612,-0.6009956965810084,1.1387467813637935,0.013,-0.0,0.0227
0.0122,-0.006104,-0.013672,1.317871,0.244446,0.048279,-0.051727,0.0,0.0,0.0,0.06887953702255276,-0.5992573411176392,1.1383680137800272,0.013,-0.0,0.0227
0.0113,-0.005615,-0.013184,1.321045,0.183411,0.170349,0.100861,0.0,0.0,0.0,0.06529878994619776,-0.5964889514890189,1.1397367796008395,0.013,-0.0,0.0227
0.0122,0.00415,-0.005127,1.308105,0.427551,0.200867,0.039825,0.0,0.0,0.0,0.06952742398129975,-0.5989825271696954,1.1400788873124077,0.013,-0.0,0.0227
0.0122,-0.002197,-0.006836,1.320557,0.488586,0.353455,-0.082245,0.0,0.0,0.0,0.07347719826926796,-0.5958310280060194,1.1391089235670941,0.013,-0.0,0.0227
0.0121,-0.00293,-0.008789,1.305908,0.213928,0.383972,0.253448,0.0,0.0,0.0,0.07284996156931381,-0.5920408277043637,1.1422609841501676,0.013,-0.0,0.0227
0.0121,0.003418,-0.007324,1.315186,0.335999,0.231384,0.009308,0.0,0.0,0.0,0.07458938948291444,-0.5937526087111419,1.1422943382181234,0.013,-0.0,0.0227
0.0115,-0.001221,-0.013184,1.310303,0.427551,0.261902,0.436554,0.0,0.0,0.0,0.07368414196085138,-0.5925757446824914,1.1474531352491277,0.013,-0.0,0.0227
0.0122,-0.004395,-0.012207,1.316406,0.458069,0.261902,0.283966,0.0,0.0,0.0,0.07405650661965017,-0.5893495470506551,1.151102342027515,0.013,-0.0,0.0227
0.0121,0.009033,-0.002686,1.303711,0.244446,0.628113,0.131378,0.0,0.0,0.0,0.07737739525236961,-0.5897219376555586,1.1523977491306183,0.013,-0.0,0.0227
0.0123,0.000244,-0.012695,1.312256,0.305481,0.017761,0.253448,0.0,0.0,0.0,0.0756020715580898,-0.592192122773614,1.1556113184741417,0.013,-0.0,0.0227
0.0112,-0.004395,-0.004883,1.315674,0.305481,0.322937,-0.173798,0.0,0.0,0.0,0.07811559747473575,-0.588548808996999,1.1537029768759188,0.013,-0.0,0.0227
0.0122,0.003418,-0.004639,1.302734,0.030823,0.017761,0.039825,0.0,0.0,0.0,0.07770653749734673,-0.5929511599665193,1.154049329822227,0.013,-0.0,0.0227
0.0121,-0.00293,-0.010498,1.322998,0.488586,0.231384,0.283966,0.0,0.0,0.0,0.07936676972429407,-0.5909279246740903,1.1576098908195895,0.013,-0.0,0.0227
0.0117,0.000244,-0.013916,1.30835,0.183411,0.261902,0.345001,0.0,0.0,0.0,0.07524811279852307,-0.5905932722486888,1.1617703119685516,0.013,-0.0,0.0227
0.0124,0.006104,-0.001221,1.313721,0.305481,0.139832,-0.02121,0.0,0.0,0.0,0.08023952069495288,-0.5949448382072179,1.1612461665566527,0.013,-0.0,0.0227
0.0125,0.001221,-0.013184,1.312744,0.335999,0.231384,0.406036,0.0,0.0,0.0,0.07856824386474003,-0.5952836250815637,1.1664173180105224,0.013,-0.0,0.0227
0.011,0.003174,-0.009521,1.310303,0.427551,0.353455,0.100861,0.0,0.0,0.0,0.0795868854831245,-0.5957773312167662,1.1675048581040335,0.013,-0.0,0.0227
0.0127,0.003418,-0.00708,1.318848,0.335999,0.170349,-0.02121,0.0,0.0,0.0,0.08160562668532115,-0.5980490755357637,1.167158844167827,0.013,-0.0,0.0227
0.0121,-0.006836,-0.013184,1.314697,0.335999,0.261902,0.314484,0.0,0.0,0.0,0.0798082578845126,-0.5933816445311418,1.1712340598176114,0.013,-0.0,0.0227
0.0115,-0.003174,-0.010986,1.310059,0.305481,0.322937,0.161896,0.0,0.0,0.0,0.07877192920622463,-0.5903731438329158,1.1732373467121633,0.013,-0.0,0.0227
0.0121,0.011963,-0.004639,1.300293,0.183411,0.078796,0.100861,0.0,0.0,0.0,0.0801729723069293,-0.5990660075116937,1.1741344993330294,0.013,-0.0,0.0227
0.0123,0.002197,-0.003174,1.312988,0.244446,0.139832,0.039825,0.0,0.0,0.0,0.08319728631224543,-0.6010801146502446,1.1744903486470877,0.013,-0.0,0.0227
0.0115,-0.006348,-0.01123,1.314697,0.305481,0.261902,0.192413,0.0,0.0,0.0,0.08199372616848477,-0.5968193971008425,1.1769251335525615,0.013,-0.0,0.0227
0.0119,-0.001465,-0.010254,1.309814,0.366516,0.261902,-0.173798,0.0,0.0,0.0,0.08224238507939922,-0.5953573635550542,1.1749513476196738,0.013,-0.0,0.0227
0.0121,-0.002441,-0.009277,1.306152,0.274963,-0.165344,0.100861,0.0,0.0,0.0,0.08199214165883595,-0.5984311849812189,1.1762592139819865,0.013,-0.0,0.0227
0.0122,-0.000244,-0.006104,1.318604,0.152893,0.200867,0.222931,0.0,0.0,0.0,0.08214423069670584,-0.5982741453045993,1.1789602497661624,0.013,-0.0,0.0227
0.0125,-0.003174,-0.01123,1.304199,0.244446,0.200867,0.283966,0.0,0.0,0.0,0.08044940273473376,-0.5964390602130529,1.182659367362497,0.013,-0.0,0.0227
0.0114,0.001221,-0.009277,1.321533,0.244446,0.139832,0.192413,0.0,0.0,0.0,0.07970384834787178,-0.5979766595917005,1.1848674557979744,0.013,-0.0,0.0227
0.0122,0.005859,-0.004639,1.294922,0.274963,0.383972,0.009308,0.0,0.0,0.0,0.08222961974883553,-0.5993646697469625,1.1847964092202914,0.013,-0.0,0.0227
0.0122,0.001221,-0.008789,1.318848,0.213928,0.078796,0.131378,0.0,0.0,0.0,0.08157160032703946,-0.601518261346971,1.186407039745554,0.013,-0.0,0.0227
0.0116,0.001709,-0.01123,1.307617,0.122375,0.048279,0.222931,0.0,0.0,0.0,0.0782889811162653,-0.6044107552650596,1.1890408151660057,0.013,-0.0,0.0227
0.0123,0.007812,-0.003174,1.308838,0.488586,0.322937,0.070343,0.0,0.0,0.0,0.084303598201538,-0.6074478831864117,1.189656581377452,0.013,-0.0,0.0227
0.0121,-0.006104,-0.014404,1.306152,0.427551,-0.012756,-0.082245,0.0,0.0,0.0,0.08288005270122971,-0.6064237637478584,1.1889510424590923,0.013,-0.0,0.0227
0.0122,-0.005371,-0.012451,1.330322,0.305481,0.170349,0.314484,0.0,0.0,0.0,0.08121229375775534,-0.6035352405340189,1.193018728342162,0.013,-0.0,0.0227
0.0115,0.008545,-0.00708,1.297119,0.397034,0.383972,-0.02121,0.0,0.0,0.0,0.08348839729134737,-0.6066891746614649,1.1925875953758982,0.013,-0.0,0.0227
0.0121,-0.00293,-0.004639,1.322266,0.366516,0.170349,0.100861,0.0,0.0,0.0,0.08703122901542992,-0.6052547183015627,1.1938211026135173,0.013,-0.0,0.0227
0.0121,-0.012939,-0.014404,1.310791,0.030823,0.109314,0.161896,0.0,0.0,0.0,0.08081913240677457,-0.5987950914693616,1.1962117120074018,0.013,-0.0,0.0227
0.012,0.001953,-0.005859,1.313477,0.000305,0.506042,-0.02121,0.0,0.0,0.0,0.07931087546092118,-0.5963568249623461,1.1958868687446178,0.013,-0.0,0.0227
0.0117,-0.000977,-0.011475,1.306152,0.397034,-0.012756,0.253448,0.0,0.0,0.0,0.07909313925912773,-0.5984461285543313,1.1989565878287236,0.013,-0.0,0.0227
0.0122,-0.009521,-0.012451,1.330811,0.244446,0.261902,0.436554,0.0,0.0,0.0,0.07671856837181505,-0.5921540656080979,1.2045929033888436,0.013,-0.0,0.0227
0.0125,0.00293,-0.013428,1.298584,0.274963,0.322937,-0.234833,0.0,0.0,0.0,0.07421476738649926,-0.5924856305524843,1.2017126914150178,0.013,-0.0,0.0227
0.0117,-0.004639,-0.006592,1.319824,0.06134,0.261902,0.192413,0.0,0.0,0.0,0.07303470082787905,-0.5892312175722397,1.2040421110814192,0.013,-0.0,0.0227
0.0116,-0.009766,-0.016602,1.297852,0.213928,-0.073792,0.192413,0.0,0.0,0.0,0.06770759536277662,-0.5869750066933296,1.2066645098641153,0.013,-0.0,0.0227
0.0125,0.00415,-0.003174,1.32666,0.335999,0.109314,-0.14328,0.0,0.0,0.0,0.07205658892744296,-0.5904837999553987,1.2046865425686424,0.013,-0.0,0.0227
0.0122,-0.003418,-0.007324,1.295898,0.335999,0.139832,-0.112762,0.0,0.0,0.0,0.07382950732780848,-0.5894194923568251,1.2033710639196988,0.013,-0.0,0.0227
0.0116,0.002686,-0.013916,1.320068,0.244446,-0.104309,0.131378,0.0,0.0,0.0,0.07052084204453661,-0.5946624771883338,1.204957794873954,0.013,-0.0,0.0227
0.0123,0.009766,-0.006348,1.299072,0.397034,0.628113,0.070343,0.0,0.0,0.0,0.07364217330906947,-0.595337049748173,1.205578954232106,0.013,-0.0,0.0227
0.0115,0.000732,-0.00708,1.31665,0.244446,0.200867,0.131378,0.0,0.0,0.0,0.07426299350763008,-0.5959272912444454,1.2070627530085536,0.013,-0.0,0.0227
0.0121,-0.000977,-0.015869,1.315186,0.427551,0.139832,0.345001,0.0,0.0,0.0,0.07208314848483056,-0.5961448453716159,1.211432740750505,0.013,-0.0,0.0227
0.0122,0.004883,-0.002197,1.30542,0.488586,0.139832,-0.082245,0.0,0.0,0.0,0.07870718167992474,-0.5998290591655476,1.2102041396272396,0.013,-0.0,0.0227
0.012,-0.005371,-0.006104,1.303955,0.244446,0.231384,0.192413,0.0,0.0,0.0,0.07994482463202017,-0.5964266784424672,1.212601595103111,0.013,-0.0,0.0227
0.0124,-0.013428,-0.016357,1.314697,0.183411,0.017761,0.131378,0.0,0.0,0.0,0.07456874427763455,-0.5908581311264127,1.2147050934171575,0.013,-0.0,0.0227
0.0111,-0.005371,-0.011719,1.302002,0.244446,0.078796,-0.051727,0.0,0.0,0.0,0.07237024434091557,-0.5894361765243508,1.2143253856987979,0.013,-0.0,0.0227
0.0121,0.001953,-0.006592,1.312012,0.183411,0.292419,0.314484,0.0,0.0,0.0,0.07267498920357429,-0.589616871465209,1.2180596254947866,0.013,-0.0,0.0227
0.0124,-0.005371,-0.009766,1.314453,0.488586,0.109314,0.161896,0.0,0.0,0.0,0.07494990058423896,-0.5876819185902683,1.2202224924089455,0.013,-0.0,0.0227
0.0123,-0.001221,-0.007812,1.309082,0.397034,0.139832,-0.02121,0.0,0.0,0.0,0.07718850777260083,-0.5878486998751179,1.2199841324433167,0.013,-0.0,0.0227
0.0111,0.005859,-0.000732,1.312012,0.335999,0.170349,0.283966,0.0,0.0,0.0,0.08235317429170147,-0.5919456186435063,1.2228619299398091,0.013,-0.0,0.0227
0.0121,-0.00415,-0.01123,1.298096,0.06134,0.383972,-0.082245,0.0,0.0,0.0,0.0784024604037253,-0.5875141864318184,1.2220304124856218,0.013,-0.0,0.0227
0.012,-0.000244,-0.010498,1.307861,0.274963,-0.104309,-0.02121,0.0,0.0,0.0,0.07747224136595703,-0.5911984480374827,1.2218308306002437,0.013,-0.0,0.0227
0.0124,0.002441,-0.007324,1.310791,0.366516,0.200867,0.192413,0.0,0.0,0.0,0.07961109960309033,-0.5926913176765578,1.2241541951378225,0.013,-0.0,0.0227
0.012,0.001465,-0.007568,1.313232,0.213928,0.322937,0.222931,0.0,0.0,0.0,0.07962853412221417,-0.592212651207107,1.2267966968381372,0.013,-0.0,0.0227
0.0122,-0.007568,-0.013672,1.314941,0.213928,0.506042,0.253448,0.0,0.0,0.0,0.07613835020030615,-0.5842056901969221,1.2301800656817001,0.013,-0.0,0.0227
0.012,0.0,-0.006836,1.304932,0.06134,0.292419,0.161896,0.0,0.0,0.0,0.0748047307656629,-0.5833805620327134,1.2320976042104768,0.013,-0.0,0.0227
0.0114,0.000488,-0.009766,1.312256,0.274963,-0.043274,0.039825,0.0,0.0,0.0,0.07417872735984093,-0.5867551723603269,1.232573527361716,0.013,-0.0,0.0227
0.0121,-0.006104,-0.00708,1.319092,0.488586,0.139832,-0.082245,0.0,0.0,0.0,0.07789076282319461,-0.5840698020183083,1.2316951769483562,0.013,-0.0,0.0227
0.0123,0.000244,-0.009033,1.305908,0.183411,0.139832,0.283966,0.0,0.0,0.0,0.0767442588228339,-0.5851540120098874,1.2352016533793804,0.013,-0.0,0.0227
0.012,0.003906,-0.012207,1.318604,0.213928,0.017761,0.070343,0.0,0.0,0.0,0.07413102660005368,-0.5897496265516543,1.2360448378983475,0.013,-0.0,0.0227
0.0124,-0.000977,-0.010742,1.311279,-0.091248,0.475525,0.131378,0.0,0.0,0.0,0.06870219367554357,-0.5858929139891106,1.2377542290387153,0.013,-0.0,0.0227
0.0117,0.009766,-0.006592,1.31543,0.122375,0.261902,0.161896,0.0,0.0,0.0,0.06828754043285973,-0.5910889151248568,1.2394027007762747,0.013,-0.0,0.0227
0.0123,0.000732,-0.011963,1.311523,0.305481,-0.012756,0.161896,0.0,0.0,0.0,0.06704336899363728,-0.5942030757653397,1.2414609786508337,0.013,-0.0,0.0227
0.012,-0.000977,-0.009033,1.320557,0.366516,0.048279,0.314484,0.0,0.0,0.0,0.0681521597009186,-0.5955071390842428,1.245281295342163,0.013,-0.0,0.0227
0.012,-0.001465,-0.011963,1.311523,0.305481,0.475525,0.161896,0.0,0.0,0.0,0.06681914900766121,-0.5914929794717546,1.2473456164353347,0.013,-0.0,0.0227
0.0119,-0.001953,-0.009766,1.308594,0.183411,0.139832,0.039825,0.0,0.0,0.0,0.06532142365705669,-0.5912513354660386,1.247898903246774,0.013,-0.0,0.0227
0.0112,-0.00708,-0.013184,1.319092,0.091858,0.078796,0.161896,0.0,0.0,0.0,0.06073500494801658,-0.5887595809703174,1.2499753008519148,0.013,-0.0,0.0227
0.012,0.002197,-0.009521,1.305908,0.305481,0.261902,0.283966,0.0,0.0,0.0,0.060880867646414275,-0.5895239901984904,1.253358472210593,0.013,-0.0,0.0227
0.0128,0.006836,-0.005615,1.302979,0.274963,0.41449,-0.051727,0.0,0.0,0.0,0.06320094816083961,-0.590883514749439,1.2524872779600331,0.013,-0.0,0.0227
0.0113,-0.000732,-0.007568,1.308838,0.335999,-0.012756,0.039825,0.0,0.0,0.0,0.06462477342953261,-0.5931464187359103,1.252941335996516,0.013,-0.0,0.0227
0.0121,-0.004395,-0.006592,1.307861,0.213928,0.017761,0.161896,0.0,0.0,0.0,0.06539035622350535,-0.5929010292835654,1.2549670605629326,0.013,-0.0,0.0227
0.0136,0.010986,-0.006104,1.298584,0.244446,0.292419,-0.112762,0.0,0.0,0.0,0.06718731706715622,-0.598039987977473,1.2531464006820212,0.013,-0.0,0.0227
0.0112,-0.006348,-0.012695,1.312256,0.305481,0.353455,0.009308,0.0,0.0,0.0,0.06521495538156831,-0.5928783911046542,1.2534991041256374,0.013,-0.0,0.0227
0.0127,-0.003174,-0.006348,1.314941,0.366516,-0.134827,0.131378,0.0,0.0,0.0,0.06816517096055173,-0.5952201339646411,1.2552029910329774,0.013,-0.0,0.0227
0.0112,-0.001465,-0.013184,1.305908,0.488586,0.170349,-0.02121,0.0,0.0,0.0,0.06790825589507,-0.5949991591305498,1.2551107509109232,0.013,-0.0,0.0227
0.0114,0.001953,-0.009521,1.303223,0.519104,0.41449,0.009308,0.0,0.0,0.0,0.07023327615013754,-0.5940096708398235,1.2552089117218754,0.013,-0.0,0.0227
0.0126,-0.009277,-0.012207,1.314697,0.305481,0.139832,0.253448,0.0,0.0,0.0,0.06891393554038508,-0.5893559209595006,1.258701895183641,0.013,-0.0,0.0227
0.0112,0.001953,-0.01001,1.306641,0.488586,0.231384,0.039825,0.0,0.0,0.0,0.07050699214458545,-0.5905100376615995,1.2591441687385325,0.013,-0.0,0.0227
0.012,0.004395,-0.004883,1.302734,0.244446,0.109314,0.039825,0.0,0.0,0.0,0.07256523597932565,-0.5943786288413844,1.2594540940647079,0.013,-0.0,0.0227
0.0122,-0.01001,-0.012207,1.319824,0.213928,0.109314,-0.082245,0.0,0.0,0.0,0.07006052997149378,-0.5897057749360439,1.258766386645287,0.013,-0.0,0.0227
0.0124,-0.01001,-0.01123,1.31543,0.458069,0.261902,-0.02121,0.0,0.0,0.0,0.07116189910141114,-0.5831956103057242,1.2587958630158393,0.013,-0.0,0.0227
0.0131,0.008301,-0.007324,1.317871,0.366516,0.170349,-0.14328,0.0,0.0,0.0,0.07366671466799547,-0.5883806393625801,1.2567141942540274,0.013,-0.0,0.0227
0.0105,-0.003174,-0.010254,1.308838,0.335999,0.139832,0.131378,0.0,0.0,0.0,0.07313744202515254,-0.5876519240651161,1.258210431745702,0.013,-0.0,0.0227
0.0126,0.002441,-0.005615,1.317383,0.213928,0.048279,0.161896,0.0,0.0,0.0,0.07449212501438962,-0.5909969128029863,1.2601443578611426,0.013,-0.0,0.0227
0.0114,-0.000977,-0.013428,1.314941,0.274963,0.048279,-0.02121,0.0,0.0,0.0,0.07175351861113999,-0.5923912437216962,1.2600373022041043,0.013,-0.0,0.0227
0.0152,0.003662,-0.009766,1.311768,0.274963,0.109314,0.039825,0.0,0.0,0.0,0.07216534498405168,-0.595421218338575,1.2605964416003426,0.013,-0.0,0.0227
0.0096,-0.01001,-0.010742,1.320801,0.427551,0.139832,0.436554,0.0,0.0,0.0,0.07192981032839073,-0.5907249696044762,1.2650743256056565,0.013,-0.0,0.0227
0.0116,0.006836,-0.012695,1.30835,0.152893,0.292419,0.039825,0.0,0.0,0.0,0.0682582170624695,-0.593921467732284,1.2654741392604427,0.013,-0.0,0.0227
0.0121,0.000488,-0.005615,1.323242,0.488586,0.139832,-0.02121,0.0,0.0,0.0,0.07287124885899854,-0.5949551359708648,1.265158741090137,0.013,-0.0,0.0227
0.0118,-0.006836,-0.010498,1.321045,0.274963,-0.012756,0.131378,0.0,0.0,0.0,0.07195088482757883,-0.5935779418555848,1.2669177362124364,0.013,-0.0,0.0227
0.0125,0.000488,-0.005615,1.307373,0.244446,0.078796,0.070343,0.0,0.0,0.0,0.07368026751706627,-0.5954254837803159,1.2677337883678144,0.013,-0.0,0.0227
0.0117,0.004639,-0.007324,1.307129,0.366516,0.261902,0.070343,0.0,0.0,0.0,0.07561293615161241,-0.5976247331838426,1.2684388216376428,0.013,-0.0,0.0227
0.0123,-0.006348,-0.008789,1.322998,0.335999,0.078796,0.192413,0.0,0.0,0.0,0.07652491972187195,-0.5953871118776508,1.2709713254664123,0.013,-0.0,0.0227
0.0122,0.000488,-0.013672,1.311035,0.335999,0.322937,-0.051727,0.0,0.0,0.0,0.07455226210201632,-0.5942650586532404,1.2704514682235313,0.013,-0.0,0.0227
0.0115,0.000977,-0.003662,1.311279,0.427551,0.383972,-0.051727,0.0,0.0,0.0,0.07925301725940695,-0.5929648973387748,1.269747897550233,0.013,-0.0,0.0227
0.0124,-0.002197,-0.010254,1.309814,0.213928,0.048279,0.192413,0.0,0.0,0.0,0.07778283955892686,-0.5936177126338251,1.2722325114018276,0.013,-0.0,0.0227
0.0114,-0.008057,-0.014404,1.312256,0.183411,0.261902,0.070343,0.0,0.0,0.0,0.0733806604500029,-0.5884704255398444,1.2733536367156204,0.013,-0.0,0.0227
0.0127,-0.002441,-0.010254,1.311279,0.335999,-0.104309,0.192413,0.0,0.0,0.0,0.07357198251244637,-0.5909227525592898,1.2758930903220163,0.013,-0.0,0.0227
0.012,0.000244,-0.006592,1.304932,0.122375,0.170349,0.070343,0.0,0.0,0.0,0.07314031606952708,-0.591623559255122,1.2766973624364495,0.013,-0.0,0.0227
0.0119,-0.000732,-0.006836,1.306396,0.274963,0.170349,0.070343,0.0,0.0,0.0,0.07435669099092801,-0.5917517394463878,1.277523908967125,0.013,-0.0,0.0227
0.0117,0.00415,-0.005615,1.314697,0.335999,0.445007,-0.14328,0.0,0.0,0.0,0.07695771404212003,-0.5915147253187114,1.2757063340387516,0.013,-0.0,0.0227
0.0123,0.001465,-0.006104,1.311279,0.335999,0.383972,-0.051727,0.0,0.0,0.0,0.07943308809764894,-0.5902251526706818,1.2750014475235125,0.013,-0.0,0.0227
0.0113,-0.014893,-0.013428,1.324707,0.397034,0.078796,-0.051727,0.0,0.0,0.0,0.07801692204678846,-0.5832045496785598,1.2748662697353421,0.013,-0.0,0.0227
0.0126,-0.001465,-0.008545,1.311279,0.274963,0.322937,0.192413,0.0,0.0,0.0,0.07836540930841689,-0.5809430722127255,1.2773319422628864,0.013,-0.0,0.0227
0.0122,0.003906,-0.007812,1.30835,0.397034,0.597595,0.100861,0.0,0.0,0.0,0.08051031320103778,-0.5786742785344554,1.2784682379887096,0.013,-0.0,0.0227
0.0114,-0.006348,-0.008545,1.313477,0.213928,-0.043274,-0.112762,0.0,0.0,0.0,0.07986082369166649,-0.5781135314248064,1.2773307885829464,0.013,-0.0,0.0227
0.0125,-0.003418,-0.011719,1.319336,0.397034,-0.134827,0.222931,0.0,0.0,0.0,0.07984242880141178,-0.5804199944133847,1.2802610035797908,0.013,-0.0,0.0227
0.0112,0.009033,-0.009277,1.30957,0.244446,0.506042,0.314484,0.0,0.0,0.0,0.07901697869384561,-0.5827375238155431,1.2835977029083798,0.013,-0.0,0.0227
0.0124,0.007812,-0.00293,1.299316,0.488586,0.170349,0.345001,0.0,0.0,0.0,0.08518848960294347,-0.5879479106768917,1.2875852543000788,0.013,-0.0,0.0227
0.0125,-0.00415,-0.014893,1.324707,0.183411,-0.012756,0.497589,0.0,0.0,0.0,0.08061951080904192,-0.5881975314450884,1.2940449570363468,0.013,-0.0,0.0227
0.0121,0.003174,-0.011475,1.318115,0.366516,0.506042,0.161896,0.0,0.0,0.0,0.0802158192208527,-0.5865034108584739,1.2960090695802269,0.013,-0.0,0.0227
0.0111,0.003906,-0.009766,1.29834,0.183411,0.078796,-0.112762,0.0,0.0,0.0,0.07842808551086533,-0.5905996133602631,1.294698748317722,0.013,-0.0,0.0227
0.0127,-0.006104,-0.017334,1.31958,0.091858,0.353455,0.253448,0.0,0.0,0.0,0.07140922192780999,-0.5851082080177848,1.298258335941344,0.013,-0.0,0.0227
0.012,0.006104,-0.006104,1.311523,0.000305,0.200867,-0.112762,0.0,0.0,0.0,0.06986431857266458,-0.5888753005169977,1.296714641528042,0.013,-0.0,0.0227
0.0116,0.005615,-0.003174,1.311035,0.213928,0.689148,0.222931,0.0,0.0,0.0,0.0724565903829766,-0.5867975366430682,1.2990682677320908,0.013,-0.0,0.0227
0.012,-0.004883,-0.010986,1.299561,0.244446,0.261902,0.070343,0.0,0.0,0.0,0.07089951668468383,-0.583471802081049,1.3000884073232017,0.013,-0.0,0.0227
0.0123,0.000732,-0.009277,1.32251,0.152893,0.048279,-0.082245,0.0,0.0,0.0,0.06938616606594067,-0.5858450486695095,1.299083162167244,0.013,-0.0,0.0227
0.0114,0.001953,-0.008789,1.306396,0.244446,-0.073792,0.253448,0.0,0.0,0.0,0.0690021925008369,-0.5904406524562383,1.3019368744490825,0.013,-0.0,0.0227
0.0121,0.000977,-0.008057,1.317627,0.244446,0.200867,0.070343,0.0,0.0,0.0,0.06925633421880469,-0.5910989914419249,1.3027671319544563,0.013,-0.0,0.0227
0.0124,-0.000488,-0.009277,1.308594,0.274963,0.200867,-0.14328,0.0,0.0,0.0,0.06925354158048377,-0.5908974455718986,1.3010290387033918,0.013,-0.0,0.0227
0.0123,0.002441,-0.00708,1.322754,0.397034,0.109314,-0.02121,0.0,0.0,0.0,0.07199153128020457,-0.5934385898530169,1.300694513580057,0.013,-0.0,0.0227
0.012,0.005127,-0.010498,1.295898,0.213928,0.292419,0.009308,0.0,0.0,0.0,0.0703596538576189,-0.5956042553745063,1.3007418116851723,0.013,-0.0,0.0227
0.0123,0.003906,-0.006348,1.30835,0.122375,0.383972,0.314484,0.0,0.0,0.0,0.07011281804623978,-0.5957270833599265,1.304487822847968,0.013,-0.0,0.0227
0.011,-0.000488,-0.006348,1.306396,0.122375,0.261902,0.314484,0.0,0.0,0.0,0.06971645837227337,-0.5951100358476601,1.3079262324743748,0.013,-0.0,0.0227
0.0125,-0.009766,-0.011475,1.314453,0.274963,0.017761,0.253448,0.0,0.0,0.0,0.06841801796198026,-0.5916836669044367,1.3114005164996023,0.013,-0.0,0.0227
0.0122,0.001221,-0.008789,1.304443,0.366516,0.200867,0.100861,0.0,0.0,0.0,0.06972067641072918,-0.5925490084045129,1.3126204453026058,0.013,-0.0,0.0227
0.012,0.005615,-0.005859,1.313965,0.458069,0.109314,0.131378,0.0,0.0,0.0,0.07374390877521658,-0.597021071435236,1.3140240810209436,0.013,-0.0,0.0227
0.0119,-0.010742,-0.011963,1.303711,0.458069,0.261902,-0.112762,0.0,0.0,0.0,0.07412393122198761,-0.5901566875154796,1.3130271741031336,0.013,-0.0,0.0227
0.0125,-0.012939,-0.01123,1.314453,0.152893,0.048279,-0.112762,0.0,0.0,0.0,0.07145489216090041,-0.5845484991562594,1.3119872308203664,0.013,-0.0,0.0227
0.0111,0.004395,-0.006836,1.296143,0.397034,0.353455,0.100861,0.0,0.0,0.0,0.07380263016104881,-0.5859585537979513,1.3129730454320034,0.013,-0.0,0.0227
0.0121,-0.000244,-0.01001,1.315918,0.458069,0.139832,-0.14328,0.0,0.0,0.0,0.07545366965585523,-0.5866946739362928,1.3112879409994187,0.013,-0.0,0.0227
0.0125,0.0,-0.012451,1.302734,0.397034,0.170349,-0.173798,0.0,0.0,0.0,0.07505083493429388,-0.5872211113030427,1.3092096832873616,0.013,-0.0,0.0227
0.0121,0.000244,-0.012939,1.316162,0.274963,0.109314,0.314484,0.0,0.0,0.0,0.0727350293044292,-0.5886011505388908,1.3131144314609005,0.013,-0.0,0.0227
0.0114,0.002441,-0.009766,1.301025,0.213928,0.139832,0.161896,0.0,0.0,0.0,0.07139793450577465,-0.5910852454435187,1.314935683619185,0.013,-0.0,0.0227
0.0126,-0.001953,-0.00708,1.317627,0.213928,-0.012756,-0.082245,0.0,0.0,0.0,0.07195064673226924,-0.5926015426460265,1.313924140891736,0.013,-0.0,0.0227
0.0122,0.003174,-0.010742,1.309082,0.335999,0.292419,0.100861,0.0,0.0,0.0,0.0717140329434787,-0.5934612513241244,1.315140734612663,0.013,-0.0,0.0227
0.0111,-0.00708,-0.013428,1.303223,0.488586,-0.104309,0.131378,0.0,0.0,0.0,0.07120328562267457,-0.5930184974262018,1.3168839334876743,0.013,-0.0,0.0227
0.0123,-0.00415,-0.009766,1.312988,0.305481,0.231384,0.039825,0.0,0.0,0.0,0.07122625674945202,-0.5902877163504446,1.3175100874145627,0.013,-0.0,0.0227
0.0126,0.010254,-0.007324,1.300293,0.366516,0.017761,0.131378,0.0,0.0,0.0,0.07349423951671767,-0.5987167193725633,1.3188972872214577,0.013,-0.0,0.0227
0.0121,0.014404,-0.005127,1.314697,0.244446,0.109314,0.100861,0.0,0.0,0.0,0.07539518289587382,-0.6082226165899666,1.3197171228573223,0.013,-0.0,0.0227
0.0118,-0.009521,-0.015381,1.314209,0.305481,0.231384,0.192413,0.0,0.0,0.0,0.0719361682872597,-0.6023184732226563,1.3223931697378877,0.013,-0.0,0.0227
0.0116,-0.003174,-0.011719,1.327881,0.122375,0.261902,0.345001,0.0,0.0,0.0,0.06851035410372862,-0.5997968336858758,1.326560849605879,0.013,-0.0,0.0227
0.0123,0.008545,-0.006104,1.304688,0.458069,0.109314,0.100861,0.0,0.0,0.0,0.07253739465658612,-0.6059617143809266,1.3275538372669287,0.013,-0.0,0.0227
0.0113,-0.006348,-0.013184,1.321289,0.122375,0.109314,0.070343,0.0,0.0,0.0,0.06823845248521115,-0.6033806649864228,1.3286246347734494,0.013,-0.0,0.0227
0.0122,0.000732,-0.014648,1.307617,0.305481,0.078796,-0.051727,0.0,0.0,0.0,0.06541106418688912,-0.605283754154362,1.3281262132663134,0.013,-0.0,0.0227
0.0119,0.014404,-0.005615,1.299805,0.519104,0.231384,-0.082245,0.0,0.0,0.0,0.07031720353979158,-0.6134792054786022,1.3267418070951973,0.013,-0.0,0.0227
0.0125,0.008301,-0.005615,1.318848,0.427551,0.322937,0.100861,0.0,0.0,0.0,0.07433067306881926,-0.6165470568295931,1.327764881434608,0.013,-0.0,0.0227
0.0115,-0.008545,-0.01123,1.318848,0.152893,0.353455,-0.051727,0.0,0.0,0.0,0.0715210399315593,-0.609790449030871,1.327470087609804,0.013,-0.0,0.0227
0.0128,-0.004395,-0.008057,1.3125,0.06134,0.41449,0.161896,0.0,0.0,0.0,0.06957453720282614,-0.6043126656698964,1.3296629115755119,0.013,-0.0,0.0227
0.0112,-0.003662,-0.006348,1.314209,0.213928,0.048279,0.009308,0.0,0.0,0.0,0.07026277353158851,-0.6040229721549727,1.3298240490927233,0.013,-0.0,0.0227
0.0122,-0.010254,-0.010986,1.320557,0.244446,0.139832,0.192413,0.0,0.0,0.0,0.06882043399793585,-0.5987399276770808,1.3324914484655959,0.013,-0.0,0.0227
0.012,-0.000244,-0.007812,1.302734,0.213928,0.200867,0.253448,0.0,0.0,0.0,0.06878812681778476,-0.5987239877004561,1.3355343289104704,0.013,-0.0,0.0227
0.0125,0.005127,-0.005371,1.305664,0.335999,0.139832,-0.051727,0.0,0.0,0.0,0.07184203093990234,-0.6024875078675395,1.3347063671852277,0.013,-0.0,0.0227
0.0121,-0.001709,-0.012207,1.316406,0.030823,0.109314,0.039825,0.0,0.0,0.0,0.0670961751416383,-0.6025675667403031,1.3353288835978507,0.013,-0.0,0.0227
0.0113,-0.007812,-0.015625,1.310791,0.366516,0.353455,-0.051727,0.0,0.0,0.0,0.06413532825040892,-0.5964761439787256,1.3351075306857436,0.013,-0.0,0.0227
0.0121,0.000977,-0.007324,1.303955,0.152893,0.261902,0.131378,0.0,0.0,0.0,0.06374510484700513,-0.59643828167657,1.3366539092177743,0.013,-0.0,0.0227
0.0125,-0.00415,-0.004639,1.312012,0.274963,-0.104309,-0.02121,0.0,0.0,0.0,0.06652079145415066,-0.5977823344679992,1.3364106938511728,0.013,-0.0,0.0227
0.0116,-0.012695,-0.014404,1.307373,0.335999,0.231384,0.039825,0.0,0.0,0.0,0.06400831277739762,-0.5901942408140576,1.337318084009078,0.013,-0.0,0.0227
0.0124,0.000244,-0.005859,1.305908,0.427551,0.65863,0.100861,0.0,0.0,0.0,0.06789698237535449,-0.58483495954954,1.3385122795101003,0.013,-0.0,0.0227
0.0113,0.00293,-0.005859,1.317627,0.274963,-0.134827,-0.14328,0.0,0.0,0.0,0.06961048563740706,-0.5905923442063798,1.3367672038228906,0.013,-0.0,0.0227
0.0128,-0.005615,-0.015381,1.313965,0.488586,0.048279,-0.02121,0.0,0.0,0.0,0.06885999108892171,-0.589233403645094,1.3367849911914882,0.013,-0.0,0.0227
0.012,-0.001953,-0.01001,1.305176,0.427551,0.567078,0.100861,0.0,0.0,0.0,0.07009635735038414,-0.5839501514740247,1.3380815727246116,0.013,-0.0,0.0227
0.0116,0.008789,-0.01001,1.310303,0.335999,0.078796,-0.051727,0.0,0.0,0.0,0.0701340629069639,-0.5907822940896293,1.3372995093291833,0.013,-0.0,0.0227
0.0119,0.001465,-0.012207,1.313965,0.152893,0.41449,0.253448,0.0,0.0,0.0,0.0668092746831147,-0.5892734269152051,1.3403684593369256,0.013,-0.0,0.0227
0.012,-0.005859,-0.008789,1.31665,0.549622,0.292419,0.100861,0.0,0.0,0.0,0.07025559947482737,-0.5849171260229498,1.341735797361388,0.013,-0.0,0.0227
0.0123,0.000977,-0.01001,1.308105,0.427551,0.322937,0.283966,0.0,0.0,0.0,0.07159044292424907,-0.5841794996524392,1.3452409984082336,0.013,-0.0,0.0227
0.0116,0.000244,-0.01001,1.313232,0.335999,-0.195862,-0.204315,0.0,0.0,0.0,0.07163826251242712,-0.5891564707150131,1.3428972679905775,0.013,-0.0,0.0227
0.0123,-0.000977,-0.012939,1.310791,0.183411,0.567078,-0.204315,0.0,0.0,0.0,0.06834694640486436,-0.5842365415611975,1.3405125258646693,0.013,-0.0,0.0227
0.0119,0.010254,-0.005371,1.303955,0.366516,0.170349,0.070343,0.0,0.0,0.0,0.07155099377178259,-0.5908902236710587,1.3410252946471222,0.013,-0.0,0.0227
0.0122,0.002686,-0.008301,1.318115,0.305481,0.231384,-0.173798,0.0,0.0,0.0,0.0724280674657192,-0.5921407669751356,1.3388454906159164,0.013,-0.0,0.0227
0.0115,-0.004883,-0.013672,1.307861,0.397034,0.109314,-0.112762,0.0,0.0,0.0,0.07096741076903719,-0.5905855786377371,1.3377945288280821,0.013,-0.0,0.0227
0.0123,-0.002197,-0.006592,1.30835,0.366516,0.017761,0.222931,0.0,0.0,0.0,0.07355735196713997,-0.591645901253155,1.3405545273652606,0.013,-0.0,0.0227
0.0123,0.005615,-0.002686,1.300293,0.549622,0.139832,0.161896,0.0,0.0,0.0,0.08064557575050267,-0.5958472570698259,1.3422841429260923,0.013,-0.0,0.0227
0.0117,-0.006104,-0.011475,1.302734,0.305481,0.475525,0.009308,0.0,0.0,0.0,0.07936852173761796,-0.5893003946548536,1.3426284838295302,0.013,-0.0,0.0227
0.0124,0.001709,-0.010254,1.316406,0.274963,0.170349,0.283966,0.0,0.0,0.0,0.07865511285112074,-0.5907251771410396,1.3461590804712371,0.013,-0.0,0.0227
0.0114,0.00415,-0.002686,1.313232,0.274963,0.597595,0.070343,0.0,0.0,0.0,0.08210235019976707,-0.5889190242976148,1.346746747747515,0.013,-0.0,0.0227
0.0122,-0.001221,-0.008301,1.307861,0.06134,0.078796,0.039825,0.0,0.0,0.0,0.07988026467274022,-0.589831582492544,1.3472699987529924,0.013,-0.0,0.0227
0.0125,-0.001953,-0.012695,1.311523,0.183411,0.41449,0.100861,0.0,0.0,0.0,0.07664321079578601,-0.5861123043416836,1.348689065433967,0.013,-0.0,0.0227
0.0113,-0.000977,-0.007324,1.310791,0.488586,0.048279,0.009308,0.0,0.0,0.0,0.07977983534750047,-0.5875885939335459,1.348801363407821,0.013,-0.0,0.0227
0.0124,-0.005859,-0.010254,1.312988,0.335999,0.231384,-0.112762,0.0,0.0,0.0,0.07985359881669293,-0.5838940241022574,1.3475988557573069,0.013,-0.0,0.0227
0.0115,0.005371,-0.015869,1.301025,0.366516,0.353455,0.497589,0.0,0.0,0.0,0.07658310552419664,-0.5857041068783653,1.3533615854841425,0.013,-0.0,0.0227
0.0128,0.003662,-0.003418,1.315674,0.335999,0.353455,-0.051727,0.0,0.0,0.0,0.08079361565937196,-0.5859145639280262,1.3525076980038333,0.013,-0.0,0.0227
0.0114,-0.00293,-0.006348,1.306641,0.274963,0.231384,0.131378,0.0,0.0,0.0,0.08207655387967668,-0.5842088381306977,1.3540411425050645,0.013,-0.0,0.0227
0.0124,-0.005127,-0.010742,1.311279,0.152893,0.109314,0.100861,0.0,0.0,0.0,0.07956348295388084,-0.5824845825353058,1.3554787265338255,0.013,-0.0,0.0227
0.0117,0.000732,-0.009521,1.314209,0.091858,-0.104309,0.070343,0.0,0.0,0.0,0.07698879128271548,-0.5867200925046612,1.3563121794401882,0.013,-0.0,0.0227
0.0121,-0.001953,-0.00415,1.312988,0.213928,0.353455,-0.295868,0.0,0.0,0.0,0.07910551472171087,-0.5839120277367891,1.352695101903186,0.013,-0.0,0.0227
0.0124,-0.000488,-0.010254,1.30835,0.183411,0.231384,0.100861,0.0,0.0,0.0,0.07727433127830517,-0.583416557222331,1.3540069353092896,0.013,-0.0,0.0227
0.0113,0.002197,-0.013184,1.312988,0.274963,0.445007,-0.02121,0.0,0.0,0.0,0.07461394799023395,-0.582316094899253,1.3538297009713172,0.013,-0.0,0.0227
0.0121,0.000977,-0.007324,1.313232,0.244446,0.139832,0.009308,0.0,0.0,0.0,0.07523783673660404,-0.5838188615988391,1.3538991278160488,0.013,-0.0,0.0227
0.0124,-0.003174,-0.010742,1.317139,0.335999,0.261902,0.131378,0.0,0.0,0.0,0.0750552548354664,-0.5813346571238912,1.3556677160935082,0.013,-0.0,0.0227
0.0123,0.004395,-0.00415,1.30249,0.244446,0.261902,-0.02121,0.0,0.0,0.0,0.07757486875840046,-0.583419987181855,1.3552053892447224,0.013,-0.0,0.0227
0.0114,0.000977,-0.010498,1.3125,0.183411,0.322937,0.375519,0.0,0.0,0.0,0.07541984561497221,-0.5829536073169277,1.3595200557653007,0.013,-0.0,0.0227
0.0124,0.002686,-0.014893,1.306396,0.213928,0.261902,0.070343,0.0,0.0,0.0,0.07128784875178297,-0.5839618432535363,1.3604816429985382,0.013,-0.0,0.0227
0.0116,0.011719,-0.000977,1.302002,0.213928,0.292419,0.222931,0.0,0.0,0.0,0.07516046840975493,-0.5901480136232374,1.3626084003652812,0.013,-0.0,0.0227
0.0123,-0.004883,-0.01123,1.310303,0.244446,0.139832,0.192413,0.0,0.0,0.0,0.07352068062195301,-0.5881492244998043,1.3651758941522327,0.013,-0.0,0.0227
0.0115,-0.010498,-0.010986,1.316162,0.030823,0.048279,0.100861,0.0,0.0,0.0,0.06944777743178647,-0.5840385857294073,1.3666631838671397,0.013,-0.0,0.0227
0.0125,0.01123,-0.004395,1.30127,0.366516,-0.165344,0.070343,0.0,0.0,0.0,0.07342976906006797,-0.595350348921295,1.3671720213547576,0.013,-0.0,0.0227
0.0122,0.000732,-0.009033,1.300293,0.366516,0.506042,0.009308,0.0,0.0,0.0,0.07454180554773432,-0.5922330716085547,1.3673006026064802,0.013,-0.0,0.0227
0.0121,0.001221,-0.016357,1.318848,0.152893,-0.317932,0.070343,0.0,0.0,0.0,0.06883061797904554,-0.5992198865486977,1.3683204125926554,0.013,-0.0,0.0227
0.0116,0.003662,-0.008301,1.316895,0.122375,0.353455,0.131378,0.0,0.0,0.0,0.06741472435033405,-0.599698203858233,1.3697689578348247,0.013,-0.0,0.0227
0.0117,0.001953,-0.004883,1.306641,0.274963,0.475525,0.009308,0.0,0.0,0.0,0.06978940191669751,-0.5978049651728652,1.3697627923603717,0.013,-0.0,0.0227
0.0122,-0.000488,-0.009766,1.31543,0.427551,0.567078,0.039825,0.0,0.0,0.0,0.07127849107410698,-0.5931092424592178,1.3703161565938,0.013,-0.0,0.0227
0.0124,0.001465,-0.005615,1.317383,0.335999,0.109314,0.009308,0.0,0.0,0.0,0.07412764979570564,-0.595089140846596,1.3703463232540227,0.013,-0.0,0.0227
0.012,0.005615,-0.009033,1.309326,0.549622,0.383972,-0.051727,0.0,0.0,0.0,0.07736031972969407,-0.596309630749708,1.3696255323893065,0.013,-0.0,0.0227
0.0122,-0.004395,-0.012207,1.315674,0.397034,0.139832,0.222931,0.0,0.0,0.0,0.07695731667528424,-0.5945207347084204,1.3725685239917575,0.013,-0.0,0.0227
0.0112,0.000977,-0.010498,1.309326,0.366516,0.41449,0.009308,0.0,0.0,0.0,0.07683734503106138,-0.5930034542930438,1.3727210903384375,0.013,-0.0,0.0227
0.0125,0.009521,-0.004883,1.296387,0.366516,0.170349,-0.082245,0.0,0.0,0.0,0.08047479158317945,-0.5991176851697467,1.3713854728194017,0.013,-0.0,0.0227
0.0119,-0.007324,-0.008789,1.313721,0.397034,0.231384,0.161896,0.0,0.0,0.0,0.08191448186021122,-0.5945674552867913,1.373529791255739,0.013,-0.0,0.0227
0.012,-0.000732,-0.011475,1.305908,0.366516,-0.043274,0.283966,0.0,0.0,0.0,0.0814159234963425,-0.597188765303303,1.3770508604128249,0.013,-0.0,0.0227
0.0122,0.002441,-0.007324,1.316406,0.244446,-0.043274,0.161896,0.0,0.0,0.0,0.08197622486362804,-0.6015658736523042,1.3789623837169531,0.013,-0.0,0.0227
0.0117,-0.003906,-0.006836,1.307861,0.274963,-0.073792,0.222931,0.0,0.0,0.0,0.08303227042131399,-0.6025870595975039,1.3816525116052063,0.013,-0.0,0.0227
0.0123,-0.004639,-0.011719,1.313965,0.030823,0.597595,-0.112762,0.0,0.0,0.0,0.07847473646978056,-0.5950074284198008,1.3804910936758927,0.013,-0.0,0.0227
0.0112,0.007324,-0.006836,1.306885,0.244446,0.322937,0.283966,0.0,0.0,0.0,0.07908909430464041,-0.5982258560934985,1.3834729504864869,0.013,-0.0,0.0227
0.0121,-0.006104,-0.011719,1.30957,0.305481,0.261902,-0.051727,0.0,0.0,0.0,0.0778394955190549,-0.5939968831371886,1.3831031569056207,0.013,-0.0,0.0227
0.0124,0.000732,-0.010742,1.316406,0.305481,0.170349,0.192413,0.0,0.0,0.0,0.07724810954385646,-0.5948011619398702,1.3855480405776746,0.013,-0.0,0.0227
0.0116,0.01123,-0.00708,1.300049,0.366516,0.170349,0.222931,0.0,0.0,0.0,0.07922959203067158,-0.6020063775647845,1.3878381818806946,0.013,-0.0,0.0227
0.0124,0.005859,-0.009033,1.307861,0.152893,0.200867,0.100861,0.0,0.0,0.0,0.0777385289920445,-0.6054044783911157,1.3889853247468171,0.013,-0.0,0.0227
0.012,-0.006592,-0.009033,1.308594,0.335999,0.353455,0.039825,0.0,0.0,0.0,0.07838522527253977,-0.5997592936373943,1.3896738963050974,0.013,-0.0,0.0227
0.0124,-0.001221,-0.010986,1.308105,0.335999,0.109314,0.039825,0.0,0.0,0.0,0.07801410426313193,-0.6001682697488661,1.3902864394819008,0.013,-0.0,0.0227
0.0113,-0.000244,-0.007324,1.318115,0.305481,0.139832,0.009308,0.0,0.0,0.0,0.07909821701539142,-0.6008533552150478,1.3903969984751121,0.013,-0.0,0.0227
0.0125,-0.010742,-0.011963,1.308105,0.244446,0.078796,0.009308,0.0,0.0,0.0,0.07705437971012244,-0.5960545794797589,1.3908924703507572,0.013,-0.0,0.0227
0.0122,0.007324,-0.009033,1.313477,0.06134,0.261902,0.039825,0.0,0.0,0.0,0.07446718540161044,-0.5996206116788454,1.391230392299227,0.013,-0.0,0.0227
0.0113,0.00293,-0.010742,1.306396,0.274963,0.078796,0.314484,0.0,0.0,0.0,0.07320057967755843,-0.6029291345996249,1.394787613824102,0.013,-0.0,0.0227
0.0128,0.00293,-0.01416,1.323242,0.091858,0.048279,-0.417938,0.0,0.0,0.0,0.06819275999068257,-0.6063342530148449,1.389529098669131,0.013,-0.0,0.0227
0.0118,0.001709,-0.01123,1.299072,0.335999,0.475525,0.131378,0.0,0.0,0.0,0.06754920927303415,-0.6042433436868818,1.3911286134396863,0.013,-0.0,0.0227
0.0116,0.006348,-0.005859,1.306152,0.366516,0.017761,-0.02121,0.0,0.0,0.0,0.07037954799151264,-0.6101774849693103,1.39067544609365,0.013,-0.0,0.0227
0.0122,-0.003174,-0.010254,1.30835,0.274963,0.109314,0.161896,0.0,0.0,0.0,0.06970306886814452,-0.6093586082334688,1.392803854711444,0.013,-0.0,0.0227
0.0123,-0.004883,-0.009766,1.325928,0.305481,-0.073792,0.100861,0.0,0.0,0.0,0.06976224613282873,-0.6096895254335647,1.3942271966307285,0.013,-0.0,0.0227
0.0115,0.003418,-0.003906,1.296143,0.366516,0.597595,-0.02121,0.0,0.0,0.0,0.07367844656090738,-0.607339825099289,1.3938074853480722,0.013,-0.0,0.0227
0.0123,-0.008057,-0.010498,1.32959,0.213928,-0.104309,-0.234833,0.0,0.0,0.0,0.07221379127571552,-0.6062181634511478,1.391197899694115,0.013,-0.0,0.0227
0.0123,-0.001953,-0.011475,1.307373,0.366516,0.170349,0.283966,0.0,0.0,0.0,0.07192537518651232,-0.6054081773931465,1.3948388690843438,0.013,-0.0,0.0227
0.0112,0.005371,-0.009033,1.313721,0.488586,0.078796,0.222931,0.0,0.0,0.0,0.07404964113887096,-0.6100226214324012,1.3972375546400595,0.013,-0.0,0.0227
0.0125,0.003906,-0.007568,1.30249,0.274963,0.322937,-0.051727,0.0,0.0,0.0,0.07500525657183246,-0.6107108678071445,1.3964964045742594,0.013,-0.0,0.0227
0.0118,-0.006592,-0.015381,1.321045,0.305481,0.353455,0.131378,0.0,0.0,0.0,0.07160033652186167,-0.605036298052391,1.3984172763690181,0.013,-0.0,0.0227
0.0122,0.005127,-0.008057,1.309814,0.274963,0.170349,0.039825,0.0,0.0,0.0,0.07221236845602325,-0.6083661681918474,1.3987838608781173,0.013,-0.0,0.0227
0.0117,0.005859,-0.010986,1.306396,0.122375,0.628113,-0.051727,0.0,0.0,0.0,0.06921117063553761,-0.6068994960929168,1.398119197696452,0.013,-0.0,0.0227
0.0123,-0.013916,-0.016602,1.314941,0.397034,-0.012756,0.039825,0.0,0.0,0.0,0.06640263189717813,-0.60131198426016,1.399193727962994,0.013,-0.0,0.0227
0.0125,-0.00293,-0.010498,1.313721,0.213928,0.261902,0.161896,0.0,0.0,0.0,0.06496163674867834,-0.5987798903447001,1.401359902645642,0.013,-0.0,0.0227
0.0111,0.006348,-0.001221,1.312012,0.366516,0.139832,0.009308,0.0,0.0,0.0,0.07033594626645782,-0.6033820300805336,1.4011347252716806,0.013,-0.0,0.0227
0.0121,-0.006104,-0.012207,1.313477,0.488586,0.139832,0.253448,0.0,0.0,0.0,0.07105835785613936,-0.6005502258958397,1.4044723939463035,0.013,-0.0,0.0227
0.0125,-0.010254,-0.010254,1.316895,0.305481,0.109314,0.100861,0.0,0.0,0.0,0.07086060232361348,-0.5956447727848218,1.4060590613940849,0.013,-0.0,0.0227
0.0113,0.009033,-0.004639,1.297607,0.274963,0.322937,0.222931,0.0,0.0,0.0,0.07320942781596491,-0.5999223219160145,1.4082599836956726,0.013,-0.0,0.0227
0.0124,-0.003174,-0.012207,1.315674,0.335999,0.231384,0.314484,0.0,0.0,0.0,0.072171928824429,-0.5976550485263334,1.4123524873756568,0.013,-0.0,0.0227
0.0122,-0.00293,-0.009277,1.310059,0.244446,0.170349,0.039825,0.0,0.0,0.0,0.0716973594975715,-0.5963613294721876,1.4129492049124355,0.013,-0.0,0.0227
0.0123,0.010742,-0.005371,1.313232,0.458069,0.231384,0.131378,0.0,0.0,0.0,0.07612008517378442,-0.6022637873336071,1.4142298166352338,0.013,-0.0,0.0227
0.0111,0.000488,-0.013672,1.299072,0.244446,0.231384,0.039825,0.0,0.0,0.0,0.07273775791327747,-0.6025035659381222,1.4148086171420184,0.013,-0.0,0.0227
0.0123,-0.005615,-0.014648,1.327148,0.06134,0.292419,0.070343,0.0,0.0,0.0,0.066993833179294,-0.5980216681849259,1.4159920816933336,0.013,-0.0,0.0227
0.0124,-0.000977,-0.006592,1.298096,0.183411,0.41449,0.192413,0.0,0.0,0.0,0.06740879883009486,-0.5949111168940325,1.4183695647373664,0.013,-0.0,0.0227
0.0118,-0.004395,-0.009766,1.318359,0.335999,0.078796,0.100861,0.0,0.0,0.0,0.06768293916139125,-0.5938901658543279,1.4197182775789496,0.013,-0.0,0.0227
0.0123,-0.001709,-0.012451,1.309814,0.305481,-0.134827,-0.14328,0.0,0.0,0.0,0.0661918255209407,-0.5970446326161751,1.4181044213739118,0.013,-0.0,0.0227
0.0119,0.00708,-0.005371,1.313477,0.305481,0.200867,0.314484,0.0,0.0,0.0,0.06867202178362877,-0.6012573141079859,1.4215982255001531,0.013,-0.0,0.0227
0.0125,0.004395,-0.006836,1.299316,0.335999,0.597595,0.131378,0.0,0.0,0.0,0.07083910893801522,-0.5989619582573379,1.4231025476322163,0.013,-0.0,0.0227
0.0114,-0.002197,-0.007812,1.321045,0.519104,0.048279,-0.082245,0.0,0.0,0.0,0.07416807800583998,-0.599530611603545,1.4222255623188842,0.013,-0.0,0.0227
0.0115,0.00293,-0.008057,1.307617,0.366516,0.170349,0.039825,0.0,0.0,0.0,0.07560401867262234,-0.6017684768431834,1.422616162998778,0.013,-0.0,0.0227
0.0124,0.001465,-0.006592,1.3125,0.427551,0.261902,0.161896,0.0,0.0,0.0,0.07894220739826815,-0.6018216224671685,1.4245639668772254,0.013,-0.0,0.0227
0.0123,0.002686,-0.008057,1.312988,0.305481,0.109314,-0.082245,0.0,0.0,0.0,0.07989564583119566,-0.6044620268622694,1.4234976251813518,0.013,-0.0,0.0227
0.0116,-0.008545,-0.009766,1.32373,0.427551,-0.012756,0.314484,0.0,0.0,0.0,0.08101116734116487,-0.6019927800038007,1.4274246988319368,0.013,-0.0,0.0227
0.0125,0.006592,-0.007324,1.301025,0.244446,0.567078,0.192413,0.0,0.0,0.0,0.08162569573553223,-0.6013412508825969,1.4296568862045878,0.013,-0.0,0.0227
0.0114,-0.006592,-0.007568,1.319824,0.335999,-0.073792,0.345001,0.0,0.0,0.0,0.08286692008933594,-0.6007323761462177,1.433762029202324,0.013,-0.0,0.0227
0.0123,-0.00415,-0.007568,1.314697,0.549622,0.231384,0.161896,0.0,0.0,0.0,0.0870073170026506,-0.5979154819477382,1.4358659478649431,0.013,-0.0,0.0227
0.0116,0.005859,-0.010498,1.317871,0.091858,-0.104309,-0.112762,0.0,0.0,0.0,0.0838127113310464,-0.6049194453074035,1.4344796464039227,0.013,-0.0,0.0227
0.0122,0.004639,-0.005371,1.296875,0.458069,0.65863,0.161896,0.0,0.0,0.0,0.08805603486352409,-0.6021849081961855,1.4362890570000593,0.013,-0.0,0.0227
0.0116,-0.005371,-0.013672,1.317139,0.397034,-0.073792,0.222931,0.0,0.0,0.0,0.08647274670346719,-0.6022983839883442,1.4391703032776462,0.013,-0.0,0.0227
0.0122,0.00415,-0.013428,1.310059,0.244446,0.322937,-0.082245,0.0,0.0,0.0,0.08344984775621667,-0.6032368160715531,1.4382110581624017,0.013,-0.0,0.0227
0.0124,0.01001,-0.00415,1.306152,0.183411,0.109314,0.100861,0.0,0.0,0.0,0.08514164646804792,-0.6101893823753817,1.4391168336415805,0.013,-0.0,0.0227
0.0115,-0.002441,-0.009521,1.310303,0.335999,0.53656,0.222931,0.0,0.0,0.0,0.08524489388931117,-0.6050017038567836,1.4418093854944674,0.013,-0.0,0.0227
0.0125,-0.002441,-0.005615,1.31543,0.244446,0.048279,0.009308,0.0,0.0,0.0,0.08684913739944945,-0.6053459095221245,1.441947477576244,0.013,-0.0,0.0227
0.0122,0.004639,-0.009521,1.308594,0.152893,0.322937,0.131378,0.0,0.0,0.0,0.08495953619482836,-0.606559601113672,1.4434903536677293,0.013,-0.0,0.0227
0.0115,-0.004395,-0.010254,1.307861,0.274963,0.261902,0.070343,0.0,0.0,0.0,0.08395398610682203,-0.6034057700409985,1.4444913486711695,0.013,-0.0,0.0227
0.0122,-0.000244,-0.012695,1.31665,0.244446,0.170349,-0.204315,0.0,0.0,0.0,0.08141999073766404,-0.6035708094821666,1.4421411980818406,0.013,-0.0,0.0227
0.0125,0.005127,-0.004639,1.307129,0.397034,0.109314,0.131378,0.0,0.0,0.0,0.08550262146747742,-0.6076493927331394,1.4435797286661864,0.013,-0.0,0.0227
0.0114,0.000977,-0.01123,1.31665,0.519104,0.261902,0.131378,0.0,0.0,0.0,0.08666671267487194,-0.6075860413802688,1.4451594035405788,0.013,-0.0,0.0227
0.0124,-0.006836,-0.012451,1.304688,0.366516,0.231384,0.009308,0.0,0.0,0.0,0.08572056717075144,-0.6031466682540543,1.445588935633404,0.013,-0.0,0.0227
0.0116,-0.007324,-0.003174,1.317627,0.458069,0.139832,0.131378,0.0,0.0,0.0,0.09095583590725909,-0.5996616429376702,1.44720194535121,0.013,-0.0,0.0227
0.0118,-0.005127,-0.010742,1.309082,0.213928,0.200867,0.222931,0.0,0.0,0.0,0.08895748201636221,-0.5967849310340599,1.4500497744381746,0.013,-0.0,0.0227
0.0126,-0.005127,-0.015869,1.308838,0.274963,0.383972,0.222931,0.0,0.0,0.0,0.08490998559166785,-0.5914967745959613,1.453200029294324,0.013,-0.0,0.0227
0.0116,-0.003174,-0.012939,1.30957,0.366516,0.200867,0.100861,0.0,0.0,0.0,0.08341792680479522,-0.5898788994187433,1.4545790530786753,0.013,-0.0,0.0227
0.0117,0.004395,-0.005127,1.324951,0.152893,0.383972,-0.082245,0.0,0.0,0.0,0.08408526665867472,-0.5904150188640395,1.4534404991663865,0.013,-0.0,0.0227
0.0127,-0.003662,-0.013672,1.293457,0.244446,0.322937,0.161896,0.0,0.0,0.0,0.0809606044030603,-0.5868542856302433,1.455736475415836,0.013,-0.0,0.0227
0.0115,0.000732,-0.007324,1.322266,0.335999,-0.073792,0.192413,0.0,0.0,0.0,0.08240517861186775,-0.5906214475976764,1.4579139961952254,0.013,-0.0,0.0227
0.0123,0.0,-0.003174,1.296875,0.458069,0.200867,0.039825,0.0,0.0,0.0,0.08801757145272142,-0.5908093842509164,1.4582871287519585,0.013,-0.0,0.0227
0.0114,-0.01123,-0.011475,1.312012,0.091858,0.292419,0.070343,0.0,0.0,0.0,0.08418957764716867,-0.5835056360827913,1.45947542081874,0.013,-0.0,0.0227
0.0128,-0.001709,-0.009521,1.30957,0.06134,0.261902,0.375519,0.0,0.0,0.0,0.08122873389974182,-0.5818200419197149,1.46436163996361,0.013,-0.0,0.0227
0.0116,0.00708,-0.007324,1.313232,0.091858,-0.195862,0.222931,0.0,0.0,0.0,0.07988725876186782,-0.5908020943201484,1.466736459139436,0.013,-0.0,0.0227
0.0125,0.004639,-0.001465,1.302979,0.305481,0.41449,-0.02121,0.0,0.0,0.0,0.08473505954959643,-0.5909859983031676,1.4661937197075194,0.013,-0.0,0.0227
0.0124,0.000732,-0.011719,1.3125,0.427551,-0.012756,0.070343,0.0,0.0,0.0,0.08500011356433422,-0.5940972220586057,1.467143644559556,0.013,-0.0,0.0227
0.0115,-0.000244,-0.008301,1.31665,0.244446,0.41449,0.192413,0.0,0.0,0.0,0.08478492521572234,-0.5917068485542312,1.4693825798976512,0.013,-0.0,0.0227
0.0117,0.00293,-0.010742,1.312744,0.366516,0.109314,0.131378,0.0,0.0,0.0,0.08461631211720658,-0.5946621438511809,1.4709175047628282,0.013,-0.0,0.0227
0.0123,-0.006348,-0.013184,1.310059,0.427551,0.628113,0.161896,0.0,0.0,0.0,0.08397057283395884,-0.5858194519623697,1.4732181876047414,0.013,-0.0,0.0227
0.0122,0.003174,-0.01123,1.307129,0.183411,0.200867,0.161896,0.0,0.0,0.0,0.08147285018167602,-0.587867952738131,1.475188402362472,0.013,-0.0,0.0227
0.0115,0.004639,-0.006104,1.31543,0.610657,0.322937,-0.14328,0.0,0.0,0.0,0.0867769970767146,-0.5894197220612738,1.4733781603252156,0.013,-0.0,0.0227
0.0126,-0.008545,-0.010498,1.30835,0.427551,0.109314,0.375519,0.0,0.0,0.0,0.087768026990211,-0.5856403180644147,1.4784051328275705,0.013,-0.0,0.0227
0.0119,-0.006836,-0.010498,1.313232,0.183411,0.139832,0.070343,0.0,0.0,0.0,0.08563083614084525,-0.5825920799702817,1.4794869074567518,0.013,-0.0,0.0227
0.0115,0.004639,-0.002197,1.300537,0.366516,0.200867,0.039825,0.0,0.0,0.0,0.09037684303310572,-0.5857206739064802,1.4796776747844333,0.013,-0.0,0.0227
0.0118,-0.005371,-0.009521,1.319336,0.000305,0.383972,0.070343,0.0,0.0,0.0,0.08664256103010645,-0.5806623398142532,1.4806933842900145,0.013,-0.0,0.0227
0.0123,-0.005127,-0.018799,1.30957,0.427551,0.353455,0.375519,0.0,0.0,0.0,0.08267643297821894,-0.5760271104510001,1.4857083757293514,0.013,-0.0,0.0227
0.0122,0.009033,-0.000732,1.31543,0.152893,0.017761,0.253448,0.0,0.0,0.0,0.08593637374551538,-0.5837233219800589,1.488378238024917,0.013,-0.0,0.0227
0.012,0.004395,-0.009521,1.301025,0.152893,0.383972,0.070343,0.0,0.0,0.0,0.08401884452669703,-0.5844217985369682,1.4891436892620258,0.013,-0.0,0.0227
0.0123,-0.008301,-0.017822,1.317139,0.427551,0.200867,0.222931,0.0,0.0,0.0,0.08070506475969055,-0.5797265407712826,1.4923490885719621,0.013,-0.0,0.0227
0.0112,0.001953,-0.002197,1.30249,0.335999,0.200867,-0.204315,0.0,0.0,0.0,0.08508019744778277,-0.5813472662351005,1.4898601472733164,0.013,-0.0,0.0227
0.0123,0.00293,-0.008057,1.313965,0.397034,0.078796,0.161896,0.0,0.0,0.0,0.0870571347575136,-0.5847080782228208,1.4917750994993864,0.013,-0.0,0.0227
0.0121,-0.000488,-0.010254,1.296631,0.183411,0.53656,0.100861,0.0,0.0,0.0,0.08506353112164665,-0.5806928001099059,1.4930680848468791,0.013,-0.0,0.0227
0.0115,0.008301,-0.001953,1.312988,0.183411,0.383972,-0.02121,0.0,0.0,0.0,0.08786631172997625,-0.583772313160619,1.4924581943019486,0.013,-0.0,0.0227
0.0123,-0.001953,-0.005615,1.315186,0.366516,0.170349,-0.02121,0.0,0.0,0.0,0.09088522454570346,-0.583144707096593,1.492197806671507,0.013,-0.0,0.0227
0.0121,0.000244,-0.01001,1.30249,0.244446,0.170349,0.131378,0.0,0.0,0.0,0.08973760162697246,-0.5839219789257001,1.4938372159995392,0.013,-0.0,0.0227
0.012,0.000488,-0.009521,1.317871,0.366516,0.139832,0.070343,0.0,0.0,0.0,0.09035459929988102,-0.5851069445109187,1.4947157732925715,0.013,-0.0,0.0227
0.0122,-0.005127,-0.012939,1.313477,0.427551,0.322937,0.253448,0.0,0.0,0.0,0.08975280482835529,-0.5808096977646557,1.498077564039623,0.013,-0.0,0.0227
0.0122,-0.001465,-0.005859,1.309326,0.213928,-0.043274,0.192413,0.0,0.0,0.0,0.090701525245914,-0.5831326236092249,1.500411891894586,0.013,-0.0,0.0227
0.0115,0.002441,-0.008301,1.307617,0.274963,0.353455,0.070343,0.0,0.0,0.0,0.09077706704330946,-0.5831734350905323,1.501171170600225,0.013,-0.0,0.0227
0.012,0.005859,-0.008301,1.307373,0.152893,0.322937,0.161896,0.0,0.0,0.0,0.0895268702503065,-0.5854007649520553,1.502973907516028,0.013,-0.0,0.0227
0.0124,-0.005859,-0.013184,1.3125,0.213928,0.353455,-0.02121,0.0,0.0,0.0,0.08628374950270935,-0.5802346902991141,1.5030069439187286,0.013,-0.0,0.0227
0.0122,-0.00415,-0.00708,1.310547,0.274963,-0.012756,0.406036,0.0,0.0,0.0,0.08726749939534796,-0.5806259327890221,1.50804887188428,0.013,-0.0,0.0227
0.0111,-0.001953,-0.01123,1.310547,0.274963,0.353455,-0.02121,0.0,0.0,0.0,0.08558071740899931,-0.5782476759194787,1.5079492032785051,0.013,-0.0,0.0227
0.012,-0.001465,-0.010986,1.316406,0.213928,0.109314,0.100861,0.0,0.0,0.0,0.0835755876342096,-0.5787300978596495,1.5092715035916344,0.013,-0.0,0.0227
0.0126,-0.00293,-0.011719,1.307129,0.366516,-0.012756,0.161896,0.0,0.0,0.0,0.0831534343762052,-0.579866857882354,1.5114775534171838,0.013,-0.0,0.0227
0.0123,0.007812,-0.008545,1.311768,0.274963,0.200867,0.161896,0.0,0.0,0.0,0.08337537081124864,-0.5846216634086056,1.5132702629554566,0.013,-0.0,0.0227
0.0114,-0.003174,-0.00708,1.303711,0.335999,0.078796,0.131378,0.0,0.0,0.0,0.08488990386962361,-0.5845232874500753,1.5148306936066027,0.013,-0.0,0.0227
0.012,-0.005127,-0.008545,1.312988,0.244446,0.261902,0.070343,0.0,0.0,0.0,0.0846653293612963,-0.581019440426671,1.5158298673710182,0.013,-0.0,0.0227
0.0123,0.003418,-0.013428,1.302979,0.641174,-0.012756,0.375519,0.0,0.0,0.0,0.0864262730051101,-0.585876311945632,1.5204881016496488,0.013,-0.0,0.0227
0.012,0.0,-0.009521,1.312256,0.458069,0.200867,0.100861,0.0,0.0,0.0,0.08814828513770184,-0.5860714644583572,1.5217408247067352,0.013,-0.0,0.0227
0.0122,0.005371,-0.008057,1.307617,0.427551,-0.012756,0.131378,0.0,0.0,0.0,0.0904154772052587,-0.5919744849797198,1.5232007947691006,0.013,-0.0,0.0227
0.0121,0.004883,-0.010742,1.311279,0.488586,0.65863,0.161896,0.0,0.0,0.0,0.09178405603581194,-0.589459572953924,1.5251138927540835,0.013,-0.0,0.0227
0.0111,-0.002686,-0.01709,1.310791,0.305481,0.170349,0.070343,0.0,0.0,0.0,0.08696501103682923,-0.5885741394670289,1.5262080336650192,0.013,-0.0,0.0227
0.0124,-0.004883,-0.013184,1.316162,0.305481,0.322937,0.283966,0.0,0.0,0.0,0.08485079790158255,-0.5843074607793007,1.530002062295939,0.013,-0.0,0.0227
0.0121,0.002686,-0.007812,1.302246,0.335999,0.383972,0.100861,0.0,0.0,0.0,0.08615447888595874,-0.583947888152069,1.5311424464605994,0.013,-0.0,0.0227
0.0121,-0.001221,-0.002197,1.316406,0.122375,0.353455,-0.082245,0.0,0.0,0.0,0.0881860898411037,-0.5815768877171293,1.5300393976496536,0.013,-0.0,0.0227
0.0122,-0.004639,-0.013916,1.303223,0.183411,0.200867,-0.14328,0.0,0.0,0.0,0.08409642187733289,-0.5791132439985807,1.5285684169828397,0.013,-0.0,0.0227
0.0116,0.008057,-0.007568,1.314209,0.427551,0.078796,0.253448,0.0,0.0,0.0,0.08643507815410131,-0.5855285673702145,1.5312718928686526,0.013,-0.0,0.0227
0.0115,0.003662,-0.006836,1.298584,0.213928,0.445007,0.070343,0.0,0.0,0.0,0.08670896548098089,-0.5852868604800828,1.5319517336292312,0.013,-0.0,0.0227
0.0121,-0.001953,-0.008789,1.316162,0.06134,-0.165344,0.131378,0.0,0.0,0.0,0.0841556525434473,-0.588693037281223,1.533616205206133,0.013,-0.0,0.0227
0.0121,-0.00293,-0.009766,1.309326,0.335999,0.139832,-0.173798,0.0,0.0,0.0,0.0843725824206405,-0.5878739635031874,1.5316438045409786,0.013,-0.0,0.0227
0.0126,0.010254,-0.003662,1.296875,0.213928,0.261902,-0.173798,0.0,0.0,0.0,0.08679654823314932,-0.5933054093465083,1.5290577109371701,0.013,-0.0,0.0227
0.0119,0.003662,-0.009521,1.316895,0.213928,0.170349,0.161896,0.0,0.0,0.0,0.08559732495233993,-0.5958967526563002,1.5309370852030293,0.013,-0.0,0.0227
0.0113,0.003662,-0.005127,1.309814,0.274963,0.048279,0.161896,0.0,0.0,0.0,0.08751561947504978,-0.59997993496467,1.5326024313625937,0.013,-0.0,0.0227
0.0123,0.001465,-0.00708,1.31665,0.397034,0.353455,0.161896,0.0,0.0,0.0,0.0900383781539653,-0.5989312418202537,1.5345528650840243,0.013,-0.0,0.0227
0.0121,-0.004395,-0.008789,1.306641,0.244446,0.200867,0.161896,0.0,0.0,0.0,0.08961953978639069,-0.596439688716382,1.5366714481953634,0.013,-0.0,0.0227
0.0123,-0.007812,-0.009033,1.313477,0.519104,0.261902,-0.112762,0.0,0.0,0.0,0.09249962402083944,-0.5911666736803776,1.535543520682172,0.013,-0.0,0.0227
0.0123,0.001953,-0.007812,1.304688,0.397034,0.048279,-0.02121,0.0,0.0,0.0,0.09454966664564265,-0.5942975709804568,1.5352357974390667,0.013,-0.0,0.0227
0.0111,0.001709,-0.009766,1.311523,0.366516,0.109314,0.070343,0.0,0.0,0.0,0.09463788348101838,-0.5965855471568369,1.5360328752124806,0.013,-0.0,0.0227
0.0122,-0.005127,-0.008789,1.317627,0.244446,0.048279,-0.02121,0.0,0.0,0.0,0.09423873949088184,-0.5954619332366952,1.5359516708212715,0.013,-0.0,0.0227
0.0121,-0.000977,-0.010254,1.311523,0.458069,0.200867,0.070343,0.0,0.0,0.0,0.09550203678600101,-0.5949717419848177,1.536905745498109,0.013,-0.0,0.0227
0.0123,0.004883,-0.007568,1.304443,0.305481,0.017761,0.192413,0.0,0.0,0.0,0.09652369777589179,-0.6001544297013907,1.5391402491156385,0.013,-0.0,0.0227
0.012,-0.003418,-0.008057,1.321533,0.183411,0.65863,0.100861,0.0,0.0,0.0,0.0957445441509864,-0.5927285092953605,1.5404744584976344,0.013,-0.0,0.0227
0.0116,-0.007568,-0.011719,1.314941,0.274963,0.109314,0.100861,0.0,0.0,0.0,0.0938186227340128,-0.5895698588064423,1.5419616528566085,0.013,-0.0,0.0227
0.0127,-0.001953,-0.009521,1.312012,0.152893,0.078796,0.253448,0.0,0.0,0.0,0.09192262467877783,-0.5899901762856968,1.5452819430374165,0.013,-0.0,0.0227
0.0117,0.001465,-0.007812,1.307861,0.427551,0.383972,0.070343,0.0,0.0,0.0,0.09409103696874413,-0.5889661613014502,1.5460721382959306,0.013,-0.0,0.0227
0.0121,0.003174,-0.010742,1.30127,0.274963,-0.043274,0.253448,0.0,0.0,0.0,0.0928267226208036,-0.5939724927626202,1.5491272289105136,0.013,-0.0,0.0227
0.0113,0.01416,-0.007324,1.313965,0.335999,0.383972,0.283966,0.0,0.0,0.0,0.09406429894392569,-0.6003845368205799,1.5519471101872078,0.013,-0.0,0.0227
0.0122,-0.002197,-0.010742,1.30542,0.091858,-0.043274,0.009308,0.0,0.0,0.0,0.09066129876592961,-0.602093670764411,1.5522101594749824,0.013,-0.0,0.0227
0.0121,-0.000244,-0.009766,1.321777,0.183411,0.048279,0.131378,0.0,0.0,0.0,0.08897238217425715,-0.6037231225116259,1.5538728244157587,0.013,-0.0,0.0227
0.0122,0.003418,-0.007568,1.300293,0.549622,0.200867,-0.02121,0.0,0.0,0.0,0.09300131889945937,-0.6057770131487027,1.5535259869573534,0.013,-0.0,0.0227
0.0122,0.005615,-0.005371,1.312744,0.305481,0.200867,0.131378,0.0,0.0,0.0,0.09531513247175125,-0.6089903092831763,1.5549290093101493,0.013,-0.0,0.0227
0.0118,-0.006104,-0.012451,1.315674,0.274963,-0.104309,0.070343,0.0,0.0,0.0,0.09302641524480476,-0.6089814116511758,1.5560709809405961,0.013,-0.0,0.0227
0.0121,0.000977,-0.005859,1.316895,0.335999,0.41449,0.161896,0.0,0.0,0.0,0.09538947005468998,-0.6068954746515917,1.5579764790179016,0.013,-0.0,0.0227
0.012,0.004883,-0.005615,1.308838,0.549622,0.292419,-0.02121,0.0,0.0,0.0,0.10039329758229072,-0.608653905414691,1.5575526038066958,0.013,-0.0,0.0227
0.0122,-0.006592,-0.008789,1.317383,0.335999,0.231384,0.039825,0.0,0.0,0.0,0.10102819140656381,-0.604346202392219,1.5582726872034742,0.013,-0.0,0.0227
0.0113,-0.001465,-0.009521,1.3125,0.427551,0.292419,0.009308,0.0,0.0,0.0,0.10195513347571175,-0.6026070107140464,1.5584879803524274,0.013,-0.0,0.0227
0.012,-0.003906,-0.010742,1.309326,0.213928,0.261902,-0.051727,0.0,0.0,0.0,0.09992065845232412,-0.5996406027255585,1.558073462011562,0.013,-0.0,0.0227
0.0127,-0.002441,-0.010254,1.31665,0.366516,-0.043274,0.131378,0.0,0.0,0.0,0.10024684138838921,-0.6011778202006981,1.5598885001694638,0.013,-0.0,0.0227
0.0122,-0.004883,-0.011963,1.313721,0.335999,0.292419,0.222931,0.0,0.0,0.0,0.09900583831594245,-0.5972222931251473,1.5628707999140248,0.013,-0.0,0.0227
0.0115,0.013428,-0.002441,1.29541,0.458069,0.292419,-0.02121,0.0,0.0,0.0,0.1045241524666869,-0.6043796001363524,1.5621199696529886,0.013,-0.0,0.0227
0.0121,-0.00293,-0.013184,1.316895,0.366516,0.200867,0.131378,0.0,0.0,0.0,0.10288845363432945,-0.6026330643908807,1.563958384602195,0.013,-0.0,0.0227
0.0123,-0.001709,-0.009521,1.310791,0.152893,0.139832,-0.02121,0.0,0.0,0.0,0.10087092913370584,-0.6023490058538432,1.5638091485562855,0.013,-0.0,0.0227
0.012,0.004639,-0.009033,1.313965,0.274963,-0.134827,0.131378,0.0,0.0,0.0,0.1005508754097269,-0.6090469539863689,1.5653040199789487,0.013,-0.0,0.0227
0.0121,-0.00293,-0.009521,1.303955,0.213928,0.261902,0.039825,0.0,0.0,0.0,0.0992351579206262,-0.6065882927824281,1.5659358184822232,0.013,-0.0,0.0227
0.0121,-0.008057,-0.013428,1.325684,0.366516,0.231384,0.222931,0.0,0.0,0.0,0.09752974503510789,-0.601453319911204,1.5690274016958723,0.013,-0.0,0.0227
0.0115,-0.001221,-0.01001,1.307617,0.427551,0.261902,0.039825,0.0,0.0,0.0,0.09827520844783061,-0.6002070657713509,1.5695913281482654,0.013,-0.0,0.0227
0.0117,0.001709,-0.006104,1.31958,-0.06073,0.109314,0.283966,0.0,0.0,0.0,0.09570425710871364,-0.6023149342022106,1.5728336908509954,0.013,-0.0,0.0227
0.0134,-0.005371,-0.013184,1.306641,0.091858,0.41449,-0.02121,0.0,0.0,0.0,0.09095899035183605,-0.5961216404142751,1.5728559008679073,0.013,-0.0,0.0227
0.0113,0.005127,-0.008545,1.316406,0.335999,0.109314,0.070343,0.0,0.0,0.0,0.09152966692306408,-0.6003226756129253,1.5735310853411706,0.013,-0.0,0.0227
0.0115,0.001953,-0.004639,1.300049,0.335999,0.383972,0.070343,0.0,0.0,0.0,0.09442934437567982,-0.5996101506833356,1.5742101642734745,0.013,-0.0,0.0227
0.0125,-0.011719,-0.016602,1.323975,0.335999,0.109314,0.161896,0.0,0.0,0.0,0.09071055547256028,-0.5938560942807278,1.5768017510387584,0.013,-0.0,0.0227
0.0112,0.00415,-0.007568,1.305908,0.305481,0.231384,-0.234833,0.0,0.0,0.0,0.09150474748536452,-0.5962481058012924,1.5740478255964103,0.013,-0.0,0.0227
0.0125,0.003662,-0.007568,1.324463,0.671692,-0.134827,0.009308,0.0,0.0,0.0,0.0972067537002541,-0.6024187915498961,1.5740618069115928,0.013,-0.0,0.0227
0.0122,-0.005859,-0.015381,1.310791,0.335999,0.506042,0.100861,0.0,0.0,0.0,0.09401187540668625,-0.5953126476142635,1.5756728455337792,0.013,-0.0,0.0227
0.0121,0.002197,-0.004883,1.306885,0.458069,0.292419,0.222931,0.0,0.0,0.0,0.09838394400945152,-0.5956177414897541,1.5782375249627996,0.013,-0.0,0.0227
0.0111,0.007324,-0.001953,1.305176,0.458069,0.200867,0.283966,0.0,0.0,0.0,0.10396743064059226,-0.600219893557937,1.5810354697412834,0.013,-0.0,0.0227
0.0123,0.005615,-0.009521,1.307861,0.366516,0.078796,-0.051727,0.0,0.0,0.0,0.1045406763011825,-0.6049942610386182,1.5803007181881394,0.013,-0.0,0.0227
0.0123,0.001465,-0.012207,1.307617,0.397034,0.231384,-0.082245,0.0,0.0,0.0,0.10391130062090209,-0.6054421064759862,1.5793866640446144,0.013,-0.0,0.0227
0.0121,0.007568,-0.005615,1.317627,0.427551,0.078796,0.222931,0.0,0.0,0.0,0.10739169554576987,-0.6112309982945877,1.5818334974573818,0.013,-0.0,0.0227
0.0121,-0.002686,-0.005615,1.307617,0.397034,0.383972,0.222931,0.0,0.0,0.0,0.11046511014520359,-0.6074150710452499,1.5845790641875812,0.013,-0.0,0.0227
0.0112,-0.009521,-0.015381,1.306152,0.152893,0.170349,0.009308,0.0,0.0,0.0,0.10476984910255904,-0.6023569753410087,1.5851817947023659,0.013,-0.0,0.0227
0.012,-0.003662,-0.00708,1.319092,0.397034,0.261902,0.100861,0.0,0.0,0.0,0.10700641027750055,-0.599490249608055,1.5864985594684886,0.013,-0.0,0.0227
0.0122,0.009521,-0.005371,1.3125,0.183411,-0.134827,0.192413,0.0,0.0,0.0,0.10769471093823876,-0.6090921953045089,1.5885231020663049,0.013,-0.0,0.0227
0.012,0.000488,-0.00708,1.306641,0.305481,0.261902,0.131378,0.0,0.0,0.0,0.10879601547064444,-0.608642721128641,1.5900920813050354,0.013,-0.0,0.0227
0.0126,-0.003662,-0.008789,1.308594,0.244446,0.200867,0.161896,0.0,0.0,0.0,0.10830242708575064,-0.6063703479406602,1.5922878181561422,0.013,-0.0,0.0227
0.0121,0.004395,-0.00293,1.312256,0.274963,0.261902,-0.082245,0.0,0.0,0.0,0.11150924466477902,-0.608158273616226,1.591064318459822,0.013,-0.0,0.0227
0.0121,-0.003418,-0.01123,1.310303,0.458069,0.078796,0.009308,0.0,0.0,0.0,0.1120227960524961,-0.6075821981225693,1.5913921654624552,0.013,-0.0,0.0227
0.0111,-0.001709,-0.011963,1.307129,0.488586,0.231384,0.192413,0.0,0.0,0.0,0.11196231919643844,-0.6064315102802502,1.5937146822351778,0.013,-0.0,0.0227
0.0121,-0.001953,-0.009033,1.309082,0.305481,0.048279,0.100861,0.0,0.0,0.0,0.11191691441287503,-0.6071010014907091,1.5950454623680073,0.013,-0.0,0.0227
0.0122,0.003418,-0.006836,1.310791,0.244446,0.200867,-0.051727,0.0,0.0,0.0,0.11246702907319565,-0.609032139879722,1.5943165066326515,0.013,-0.0,0.0227
0.0123,-0.001709,-0.009033,1.312744,0.244446,0.41449,0.100861,0.0,0.0,0.0,0.1117375203759046,-0.6053295252696402,1.5956697112307698,0.013,-0.0,0.0227
0.0121,-0.003662,-0.008545,1.309326,0.335999,0.292419,0.070343,0.0,0.0,0.0,0.11234513237513971,-0.6020888839063403,1.5966703702257838,0.013,-0.0,0.0227
0.0121,-0.005371,-0.006104,1.309082,0.213928,0.078796,-0.051727,0.0,0.0,0.0,0.11292418526863424,-0.6004405293177677,1.5961710408117733,0.013,-0.0,0.0227
0.0112,-0.00415,-0.012695,1.315674,0.213928,0.170349,-0.051727,0.0,0.0,0.0,0.10948983515087606,-0.5985462467192781,1.5958554429873848,0.013,-0.0,0.0227
0.0121,0.008057,-0.004395,1.303467,0.305481,-0.226379,0.161896,0.0,0.0,0.0,0.11216867625887898,-0.6084811901511331,1.5975018377457209,0.013,-0.0,0.0227
0.0122,0.003418,-0.008789,1.322754,0.274963,0.53656,0.283966,0.0,0.0,0.0,0.11192574671553378,-0.6062564576675075,1.600930837655744,0.013,-0.0,0.0227
0.0121,-0.008545,-0.006592,1.299316,0.183411,0.200867,0.131378,0.0,0.0,0.0,0.11182877453456025,-0.601283893425788,1.6027534316110272,0.013,-0.0,0.0227
0.0121,0.005127,-0.006592,1.319336,0.580139,0.170349,-0.082245,0.0,0.0,0.0,0.11652776844843624,-0.6045813751979089,1.6016069739953218,0.013,-0.0,0.0227
0.012,0.01416,-0.00293,1.309814,0.335999,-0.012756,-0.02121,0.0,0.0,0.0,0.1203414997938733,-0.6153861733679085,1.6008480444795878,0.013,-0.0,0.0227
0.0121,0.0,-0.011475,1.315674,0.488586,0.261902,0.222931,0.0,0.0,0.0,0.12097779782687568,-0.6145048803501836,1.6036879638770585,0.013,-0.0,0.0227
0.0124,-0.001465,-0.013916,1.310303,0.335999,0.383972,0.192413,0.0,0.0,0.0,0.11843968422166556,-0.611238788112727,1.6063232558916205,0.013,-0.0,0.0227
0.0113,0.00293,-0.005615,1.30957,0.213928,-0.012756,-0.26535,0.0,0.0,0.0,0.11909902819600242,-0.6154146261081089,1.6032110114190192,0.013,-0.0,0.0227
0.0122,0.002197,-0.008057,1.320068,0.305481,0.292419,0.039825,0.0,0.0,0.0,0.11960120937083893,-0.6153758025036214,1.6036840134398092,0.013,-0.0,0.0227
0.0114,0.00415,-0.010498,1.313721,0.305481,0.261902,0.070343,0.0,0.0,0.0,0.11842954924966534,-0.617091994297139,1.604482559930015,0.013,-0.0,0.0227
0.012,0.001953,-0.009277,1.309814,0.366516,0.689148,0.253448,0.0,0.0,0.0,0.11885331769970417,-0.6123193115793198,1.6075576954573962,0.013,-0.0,0.0227
0.013,-0.011719,-0.012695,1.318848,0.335999,0.170349,0.100861,0.0,0.0,0.0,0.11729031513702609,-0.605599694577579,1.609372876389079,0.013,-0.0,0.0227
0.012,-0.001953,-0.008301,1.299805,0.244446,0.353455,-0.051727,0.0,0.0,0.0,0.11686116736333416,-0.6027105510971457,1.6088496834859416,0.013,-0.0,0.0227
0.0116,0.010742,-0.000488,1.312256,0.427551,0.292419,0.161896,0.0,0.0,0.0,0.12298613139130898,-0.6080113110228418,1.6102531491468652,0.013,-0.0,0.0227
0.0121,-0.003174,-0.012207,1.301025,0.305481,0.353455,0.100861,0.0,0.0,0.0,0.12094382003995745,-0.6043411641333171,1.6117225663823127,0.013,-0.0,0.0227
0.0114,-0.011475,-0.014648,1.320801,0.183411,0.017761,0.161896,0.0,0.0,0.0,0.11598832316646307,-0.5998423384093322,1.614107001188244,0.013,-0.0,0.0227
0.0121,-0.000977,-0.008789,1.291016,0.335999,0.292419,0.070343,0.0,0.0,0.0,0.11637987176238541,-0.5983388062315919,1.615031798414905,0.013,-0.0,0.0227
0.0122,0.003174,-0.006104,1.321533,0.335999,0.017761,0.039825,0.0,0.0,0.0,0.11841059088986668,-0.6023458413531873,1.615402964075724,0.013,-0.0,0.0227
0.012,-0.008057,-0.009521,1.303467,0.397034,0.261902,0.009308,0.0,0.0,0.0,0.119068629884229,-0.5969807449931996,1.6158188998434013,0.013,-0.0,0.0227
0.0123,0.000488,-0.010498,1.317139,0.366516,-0.012756,0.253448,0.0,0.0,0.0,0.11889672047629052,-0.5998564229896971,1.619011484828441,0.013,-0.0,0.0227
0.0121,0.010498,-0.005127,1.306641,0.397034,0.475525,0.100861,0.0,0.0,0.0,0.12215242982888484,-0.6027725271929891,1.6198831845186323,0.013,-0.0,0.0227
0.0123,0.000488,-0.008057,1.314209,0.366516,0.017761,0.039825,0.0,0.0,0.0,0.12338465604113248,-0.6052326612430752,1.6203924952473032,0.013,-0.0,0.0227
0.011,-0.000244,-0.006836,1.313232,0.244446,0.170349,0.161896,0.0,0.0,0.0,0.12350368347021536,-0.6056086691453888,1.6221846522139935,0.013,-0.0,0.0227
0.0121,0.0,-0.006836,1.314697,0.122375,0.353455,0.131378,0.0,0.0,0.0,0.12242879338471932,-0.6037349048062891,1.6237827878555737,0.013,-0.0,0.0227
0.012,-0.003174,-0.01123,1.307861,0.183411,0.445007,0.009308,0.0,0.0,0.0,0.11952219166079583,-0.5990181186986514,1.624111167927211,0.013,-0.0,0.0227
0.012,-0.003418,-0.010742,1.305664,0.305481,-0.073792,0.161896,0.0,0.0,0.0,0.1183554418526716,-0.6003839319253351,1.6262496110359588,0.013,-0.0,0.0227
0.012,0.00415,-0.005371,1.324951,0.274963,0.139832,0.131378,0.0,0.0,0.0,0.11998812078923453,-0.6034595189978738,1.6276689188938693,0.013,-0.0,0.0227
0.0121,0.001709,-0.01001,1.308105,0.274963,0.170349,-0.082245,0.0,0.0,0.0,0.11894523840559859,-0.604836305053037,1.6267097322846675,0.013,-0.0,0.0227
0.0121,-0.007324,-0.009277,1.307617,0.274963,0.048279,-0.204315,0.0,0.0,0.0,0.11835391487184443,-0.6023873164682857,1.624513238828916,0.013,-0.0,0.0227
0.0123,0.008545,-0.010498,1.30542,0.152893,-0.043274,-0.082245,0.0,0.0,0.0,0.11560292630586935,-0.6103630943330892,1.6233422140049254,0.013,-0.0,0.0227
0.0118,-0.00415,-0.008789,1.312256,0.244446,0.383972,0.375519,0.0,0.0,0.0,0.11482901847890518,-0.6057962813275565,1.6279526743015946,0.013,-0.0,0.0227
0.0124,0.002441,-0.007324,1.313965,0.335999,0.353455,0.222931,0.0,0.0,0.0,0.1162026633273198,-0.6052448179011998,1.6306620639084286,0.013,-0.0,0.0227
0.0112,0.006348,-0.008301,1.30835,0.397034,0.048279,0.039825,0.0,0.0,0.0,0.11729158615544116,-0.61081287216108,1.6309596363169607,0.013,-0.0,0.0227
0.0127,-0.002686,-0.009277,1.314697,0.183411,0.292419,0.070343,0.0,0.0,0.0,0.11570679687079954,-0.6078820824250452,1.6320047250459904,0.013,-0.0,0.0227
0.012,-0.000488,-0.008301,1.303711,0.427551,-0.134827,0.009308,0.0,0.0,0.0,0.1174688496219404,-0.611604246261159,1.6321650715181526,0.013,-0.0,0.0227
0.0121,0.002686,-0.005371,1.315918,0.06134,0.353455,0.161896,0.0,0.0,0.0,0.11657097201417257,-0.6112229824401759,1.6340138824709967,0.013,-0.0,0.0227
0.0122,-0.004883,-0.011963,1.311279,0.335999,0.017761,0.253448,0.0,0.0,0.0,0.11514737977817081,-0.6104911563813914,1.637389600005796,0.013,-0.0,0.0227
0.0111,-0.000732,-0.009766,1.316162,0.152893,0.292419,-0.051727,0.0,0.0,0.0,0.11269849291954029,-0.6091480786266501,1.6369191535326173,0.013,-0.0,0.0227
0.0122,0.002441,-0.005615,1.307129,0.244446,0.017761,0.161896,0.0,0.0,0.0,0.11392312844110689,-0.6127323317244002,1.6387845715422824,0.013,-0.0,0.0227
0.0122,-0.001221,-0.010742,1.327637,0.06134,0.445007,0.039825,0.0,0.0,0.0,0.1099979676331072,-0.6088564481858542,1.6394208753240596,0.013,-0.0,0.0227
0.0122,0.000732,-0.009521,1.295654,0.091858,0.048279,0.039825,0.0,0.0,0.0,0.10711503386882694,-0.6111569256175893,1.6399485230237028,0.013,-0.0,0.0227
0.0123,0.00415,-0.008789,1.325195,0.244446,0.628113,-0.082245,0.0,0.0,0.0,0.10662801226492695,-0.6081352744102418,1.638877607539776,0.013,-0.0,0.0227
0.0111,-0.00415,-0.013672,1.292236,0.274963,-0.073792,0.131378,0.0,0.0,0.0,0.10322579648535993,-0.6089765351165575,1.6406353290833386,0.013,-0.0,0.0227
0.0127,-0.006592,-0.013428,1.33252,0.427551,0.506042,-0.082245,0.0,0.0,0.0,0.10253026482606781,-0.6010413775569481,1.6399635251525757,0.013,-0.0,0.0227
0.0114,0.005859,-0.00708,1.289551,0.213928,0.078796,0.253448,0.0,0.0,0.0,0.10243976266687539,-0.6061970131148819,1.6426587772327557,0.013,-0.0,0.0227
0.0126,0.008789,-0.005615,1.320068,0.427551,0.475525,0.039825,0.0,0.0,0.0,0.10617069506096233,-0.607671995750405,1.6428666062459822,0.013,-0.0,0.0227
0.0117,-0.003662,-0.008545,1.308105,0.305481,-0.043274,0.375519,0.0,0.0,0.0,0.10631217479100714,-0.6084219365521215,1.6474075058241244,0.013,-0.0,0.0227
0.0122,-0.008545,-0.011719,1.327148,0.488586,0.292419,-0.02121,0.0,0.0,0.0,0.10706623031854502,-0.6022186121832591,1.6475334384532763,0.013,-0.0,0.0227
0.0113,-0.000732,-0.010498,1.299561,0.366516,0.170349,-0.082245,0.0,0.0,0.0,0.10665746422585377,-0.6023726988106489,1.6467110127691305,0.013,-0.0,0.0227
0.0124,-0.003662,-0.008301,1.319092,0.244446,-0.043274,0.253448,0.0,0.0,0.0,0.10643046967904757,-0.6031507438485897,1.6499891438787895,0.013,-0.0,0.0227
0.0122,0.002197,-0.009277,1.319092,0.335999,0.078796,0.222931,0.0,0.0,0.0,0.1067014679896768,-0.6058304964639446,1.6526977211363285,0.013,-0.0,0.0227
0.0115,0.005615,-0.012451,1.320068,0.274963,0.261902,0.161896,0.0,0.0,0.0,0.10422191295343443,-0.6084167749152554,1.6545357071695515,0.013,-0.0,0.0227
0.012,0.007324,-0.007568,1.304443,0.335999,0.475525,0.100861,0.0,0.0,0.0,0.10543888522217723,-0.6094503114303533,1.6555378133475576,0.013,-0.0,0.0227
0.0127,-0.003662,-0.013428,1.31543,0.213928,0.261902,0.009308,0.0,0.0,0.0,0.10195858947330501,-0.6063447036051022,1.6559427879489523,0.013,-0.0,0.0227
0.0118,-0.004639,-0.006348,1.308105,0.427551,0.048279,0.192413,0.0,0.0,0.0,0.10490426817097039,-0.6054690538792057,1.6583276585593405,0.013,-0.0,0.0227
0.0122,-0.000488,-0.001221,1.302002,0.213928,0.109314,0.009308,0.0,0.0,0.0,0.10843613301586039,-0.6063069273311137,1.658288254009127,0.013,-0.0,0.0227
0.012,-0.008545,-0.01416,1.30542,0.06134,-0.043274,0.070343,0.0,0.0,0.0,0.10248958988878161,-0.6042325110174948,1.6595733672650987,0.013,-0.0,0.0227
0.0116,0.000977,-0.009766,1.313477,0.06134,0.292419,0.161896,0.0,0.0,0.0,0.09916369777158063,-0.6038254488132297,1.661485930592203,0.013,-0.0,0.0227
0.0123,0.006104,0.000732,1.30249,0.305481,0.292419,0.161896,0.0,0.0,0.0,0.10501590016330788,-0.6063062974313685,1.6630722736891748,0.013,-0.0,0.0227
0.0118,-0.007812,-0.012695,1.321777,0.274963,-0.134827,0.222931,0.0,0.0,0.0,0.10248724334796426,-0.6056746324489081,1.6660794991373153,0.013,-0.0,0.0227
0.0116,-0.002686,-0.005615,1.309082,0.213928,0.078796,0.100861,0.0,0.0,0.0,0.10333222609854294,-0.6055976327018849,1.667282243480726,0.013,-0.0,0.0227
0.0123,0.004639,-0.005371,1.3125,0.427551,0.017761,0.161896,0.0,0.0,0.0,0.10705129334089795,-0.610454206026858,1.6690836947635523,0.013,-0.0,0.0227
0.0119,-0.002686,-0.012939,1.30542,0.335999,0.383972,0.009308,0.0,0.0,0.0,0.10507578957971661,-0.6067285773400475,1.6694336419547326,0.013,-0.0,0.0227
0.0125,0.001465,-0.007568,1.311035,0.274963,0.231384,0.131378,0.0,0.0,0.0,0.10569535054618687,-0.6070933824780155,1.6710420411914866,0.013,-0.0,0.0227
0.0116,0.004395,-0.00293,1.314209,0.152893,0.139832,0.100861,0.0,0.0,0.0,0.10736791852852372,-0.6103873416653204,1.6719676929826892,0.013,-0.0,0.0227
0.0118,-0.00708,-0.011475,1.303467,0.397034,0.048279,0.070343,0.0,0.0,0.0,0.10691176809718654,-0.6080591870481179,1.6731250134354947,0.013,-0.0,0.0227
0.0119,-0.002686,-0.010742,1.322266,0.244446,0.017761,-0.02121,0.0,0.0,0.0,0.1051948688926461,-0.6085791370863973,1.6730463290378026,0.013,-0.0,0.0227
0.0127,0.01001,-0.006592,1.307617,0.152893,0.567078,-0.14328,0.0,0.0,0.0,0.10493625747815609,-0.6096702181862862,1.6709160038733162,0.013,-0.0,0.0227
0.0123,-0.005615,-0.011475,1.306152,0.397034,0.231384,0.192413,0.0,0.0,0.0,0.10468604074041359,-0.6059450431100996,1.6735688620298346,0.013,-0.0,0.0227
0.0111,-0.002441,-0.013428,1.315674,0.427551,0.41449,-0.082245,0.0,0.0,0.0,0.10324027778844569,-0.6023194909587412,1.6728971709881906,0.013,-0.0,0.0227
0.0128,0.009033,-0.004639,1.316162,0.274963,-0.134827,-0.14328,0.0,0.0,0.0,0.10570388390461674,-0.6116520790073932,1.6707154711777537,0.013,-0.0,0.0227
0.0119,0.000732,-0.005859,1.311035,0.244446,0.445007,0.131378,0.0,0.0,0.0,0.10679052925472408,-0.6091606272808118,1.6722286991081514,0.013,-0.0,0.0227
0.0114,-0.004639,-0.01416,1.300537,0.335999,-0.073792,0.100861,0.0,0.0,0.0,0.1039055081348389,-0.6096849812982964,1.6737047880900657,0.013,-0.0,0.0227
0.0134,-0.000244,-0.009033,1.32373,0.427551,0.017761,0.039825,0.0,0.0,0.0,0.1059812655521835,-0.6115693306914289,1.674297216039219,0.013,-0.0,0.0227
0.0126,0.005127,-0.01001,1.307373,0.305481,-0.043274,0.192413,0.0,0.0,0.0,0.1055480506649253,-0.6174677625343844,1.6766406679086634,0.013,-0.0,0.0227
0.01,-0.003662,-0.01123,1.311279,0.427551,0.322937,0.070343,0.0,0.0,0.0,0.10487083050300726,-0.6143961830717085,1.6775724061225235,0.013,-0.0,0.0227
0.012,0.005371,-0.008545,1.306396,0.519104,-0.012756,0.161896,0.0,0.0,0.0,0.10767728787051001,-0.6200103578633167,1.6793879183835618,0.013,-0.0,0.0227
0.0121,0.0,-0.006348,1.320801,0.427551,0.445007,0.100861,0.0,0.0,0.0,0.11071095333213675,-0.6168510626141746,1.6806023111704014,0.013,-0.0,0.0227
0.0122,-0.005859,-0.010986,1.302246,0.366516,0.109314,-0.112762,0.0,0.0,0.0,0.11031034448256753,-0.6144143847801891,1.679514574840121,0.013,-0.0,0.0227
0.0121,-0.002686,-0.011719,1.321045,0.427551,0.200867,0.131378,0.0,0.0,0.0,0.1102050783241546,-0.6126832016067304,1.6813154266168961,0.013,-0.0,0.0227
0.0119,0.006348,-0.006836,1.299072,0.183411,0.017761,0.131378,0.0,0.0,0.0,0.10994646039347578,-0.6185975950207874,1.6826693796462135,0.013,-0.0,0.0227
0.0125,-0.007812,-0.009521,1.315674,0.366516,0.048279,0.009308,0.0,0.0,0.0,0.11053177824438014,-0.615677973908163,1.6830938796686936,0.013,-0.0,0.0227
0.0113,0.004395,-0.008545,1.312744,0.366516,0.170349,0.161896,0.0,0.0,0.0,0.1112250833229656,-0.6185978495870522,1.684830404985896,0.013,-0.0,0.0227
0.0123,0.002197,-0.007812,1.307373,0.366516,0.53656,-0.051727,0.0,0.0,0.0,0.11271718703201057,-0.6156206328818496,1.6841568151352246,0.013,-0.0,0.0227
0.0117,-0.003906,-0.008789,1.306885,0.305481,0.200867,0.039825,0.0,0.0,0.0,0.11268729995390767,-0.6133174214463478,1.6847920725130212,0.013,-0.0,0.0227
0.0124,-0.008057,-0.013428,1.313477,0.549622,0.322937,0.161896,0.0,0.0,0.0,0.11315904449982263,-0.6069566795210799,1.6872217854973715,0.013,-0.0,0.0227
0.0131,-0.000244,-0.002686,1.308838,0.335999,-0.165344,0.039825,0.0,0.0,0.0,0.11750774614386139,-0.6113458997055294,1.6876240363791057,0.013,-0.0,0.0227
0.0107,-0.001953,-0.008057,1.317627,0.427551,0.139832,0.161896,0.0,0.0,0.0,0.1188474785623213,-0.6110150263445471,1.6894441782195369,0.013,-0.0,0.0227
0.0117,-0.007324,-0.009277,1.30957,0.091858,0.53656,0.375519,0.0,0.0,0.0,0.11595957301166744,-0.6028747083642458,1.6941250438092335,0.013,-0.0,0.0227
0.0124,-0.000244,-0.012695,1.307617,0.305481,0.261902,-0.02121,0.0,0.0,0.0,0.11383237137355484,-0.6019510123828353,1.6940084926703742,0.013,-0.0,0.0227
0.0123,0.006348,-0.006836,1.310303,0.335999,0.322937,0.406036,0.0,0.0,0.0,0.11543965253179585,-0.6041597601910726,1.6987945854750601,0.013,-0.0,0.0227
0.0122,-0.005371,-0.011963,1.310547,0.244446,0.322937,0.009308,0.0,0.0,0.0,0.11294885675868813,-0.5995292594506254,1.699197876063053,0.013,-0.0,0.0227
0.0114,-0.008789,-0.017334,1.312744,0.244446,0.41449,0.009308,0.0,0.0,0.0,0.10717766750449412,-0.5921719336382089,1.6998319676136548,0.013,-0.0,0.0227
0.0121,0.007812,-0.003906,1.30542,0.122375,0.109314,-0.02121,0.0,0.0,0.0,0.10799579860940135,-0.5979931836423902,1.6992219568253222,0.013,-0.0,0.0227
0.0117,-0.008545,-0.013428,1.318359,0.397034,0.170349,0.131378,0.0,0.0,0.0,0.10639761119391379,-0.5934853646194845,1.7011737727606913,0.013,-0.0,0.0227
0.012,0.003174,-0.01001,1.304443,0.091858,0.41449,0.100861,0.0,0.0,0.0,0.10326159774205088,-0.5929739233875483,1.7023369780398674,0.013,-0.0,0.0227
0.0126,0.002197,-0.005127,1.313232,0.397034,0.109314,-0.082245,0.0,0.0,0.0,0.10689953462629376,-0.5953879454244001,1.7011588685445398,0.013,-0.0,0.0227
0.0115,-0.002197,-0.01123,1.310547,0.427551,0.628113,0.131378,0.0,0.0,0.0,0.10683224079340237,-0.5894527641594363,1.7028338675162824,0.013,-0.0,0.0227
0.0119,0.005615,-0.008057,1.306152,0.366516,0.231384,0.131378,0.0,0.0,0.0,0.10805970108474877,-0.5925942149834433,1.7042219906927796,0.013,-0.0,0.0227
0.012,0.009521,-0.003662,1.316406,0.152893,0.292419,-0.051727,0.0,0.0,0.0,0.10936078153604646,-0.5971227427892782,1.7031988320630003,0.013,-0.0,0.0227
0.0126,-0.003174,-0.011475,1.294434,0.366516,0.200867,0.009308,0.0,0.0,0.0,0.10879020190796475,-0.5953266994303604,1.703518585115581,0.013,-0.0,0.0227
0.0113,-0.005127,-0.011963,1.321777,0.397034,0.170349,0.161896,0.0,0.0,0.0,0.10788453297118555,-0.5928801455471828,1.7056239763432122,0.013,-0.0,0.0227
0.0132,0.011475,-0.006104,1.29834,0.458069,0.231384,0.009308,0.0,0.0,0.0,0.11191647580225692,-0.5992214113912939,1.7053365353201666,0.013,-0.0,0.0227
0.0115,-0.007324,-0.012695,1.326904,0.397034,0.170349,0.039825,0.0,0.0,0.0,0.11065843850888919,-0.5954096252978748,1.7061665313176217,0.013,-0.0,0.0227
0.0153,-0.006104,-0.012939,1.310059,0.183411,0.41449,0.192413,0.0,0.0,0.0,0.1074069631704966,-0.5880669914585158,1.7094489494825367,0.013,-0.0,0.0227
0.0081,0.007568,-0.005859,1.311279,0.183411,0.048279,0.100861,0.0,0.0,0.0,0.10707469786643957,-0.5946613684424812,1.7099670569152643,0.013,-0.0,0.0227
0.0159,-0.004395,-0.010986,1.308594,0.305481,-0.104309,-0.14328,0.0,0.0,0.0,0.10707739424675568,-0.5962434067937121,1.7079110337585823,0.013,-0.0,0.0227
0.0158,-0.00415,-0.013916,1.337402,0.305481,0.231384,0.070343,0.0,0.0,0.0,0.10535892728711987,-0.5925643851350041,1.709323006808403,0.013,-0.0,0.0227
0.0052,0.00415,-0.001953,1.299316,0.458069,0.445007,0.131378,0.0,0.0,0.0,0.10823225706048338,-0.59534967154756,1.7097098127590262,0.013,-0.0,0.0227
0.0119,-0.002686,-0.010254,1.319824,0.030823,0.048279,0.222931,0.0,0.0,0.0,0.10419555090016605,-0.5956681762117747,1.7125136460803065,0.013,-0.0,0.0227
0.0128,-0.000732,-0.011963,1.31543,0.183411,0.383972,0.070343,0.0,0.0,0.0,0.1011623318571029,-0.5928545983647298,1.7135505060167546,0.013,-0.0,0.0227
0.0104,0.0,-0.008545,1.313232,0.122375,-0.073792,-0.112762,0.0,0.0,0.0,0.09912583782941511,-0.596126022382962,1.712389106272675,0.013,-0.0,0.0227
0.012,-0.005371,-0.010742,1.3125,0.152893,0.170349,0.192413,0.0,0.0,0.0,0.09634375800843385,-0.5934476209071445,1.714943252024141,0.013,-0.0,0.0227
0.0123,-0.003662,-0.010986,1.314697,0.213928,0.200867,0.100861,0.0,0.0,0.0,0.0942518065809699,-0.5913628859981692,1.7163766622185312,0.013,-0.0,0.0227
0.0126,0.011963,-0.009277,1.298584,0.274963,0.322937,0.070343,0.0,0.0,0.0,0.0939742423767799,-0.5970531812232717,1.7168998922742393,0.013,-0.0,0.0227
0.0118,0.003174,-0.004883,1.317383,0.274963,0.200867,0.222931,0.0,0.0,0.0,0.09606742373728304,-0.5990086415733263,1.719348580377228,0.013,-0.0,0.0227
0.012,-0.007324,-0.016113,1.315918,0.274963,0.139832,0.161896,0.0,0.0,0.0,0.09163927793349018,-0.5955057915020172,1.7217472874079485,0.013,-0.0,0.0227
0.0118,-0.000488,-0.008545,1.317871,0.366516,0.292419,0.039825,0.0,0.0,0.0,0.09271367035123844,-0.5942632435200633,1.7222475131566013,0.013,-0.0,0.0227
0.0122,-0.008789,-0.012695,1.307617,0.244446,-0.104309,0.345001,0.0,0.0,0.0,0.08995193536869549,-0.5929008115375523,1.7268577014012134,0.013,-0.0,0.0227
0.0115,-0.007324,-0.009521,1.322998,0.122375,0.322937,0.009308,0.0,0.0,0.0,0.08760487589956967,-0.5874228838043932,1.727234839716834,0.013,-0.0,0.0227
0.0122,0.006836,-0.003906,1.302002,0.427551,0.078796,-0.234833,0.0,0.0,0.0,0.09234826233379652,-0.5931430651395996,1.7240214553468078,0.013,-0.0,0.0227
0.012,0.003174,-0.009766,1.322021,0.152893,0.445007,0.039825,0.0,0.0,0.0,0.09025157553128543,-0.5921542439984406,1.7244427043599904,0.013,-0.0,0.0227
0.0117,-0.000488,-0.013428,1.307617,0.183411,-0.012756,-0.14328,0.0,0.0,0.0,0.08632781208109917,-0.5945682174994028,1.7229138215186843,0.013,-0.0,0.0227
0.0127,-0.003906,-0.009277,1.322021,0.519104,0.445007,-0.14328,0.0,0.0,0.0,0.0893072264714285,-0.589140879210718,1.7212528121831878,0.013,-0.0,0.0227
0.0118,0.000244,-0.006348,1.295898,0.458069,0.048279,-0.082245,0.0,0.0,0.0,0.09275578189350323,-0.5913879346283583,1.7202138930469024,0.013,-0.0,0.0227
0.0121,-0.009521,-0.009521,1.320557,0.06134,0.445007,0.131378,0.0,0.0,0.0,0.08970031140440944,-0.5830051156086314,1.7221466353274608,0.013,-0.0,0.0227
0.0114,-0.003418,-0.014404,1.297119,0.305481,0.048279,-0.14328,0.0,0.0,0.0,0.08648810423839962,-0.583157314346117,1.7207676962360912,0.013,-0.0,0.0227
0.012,0.01001,-0.003662,1.324951,0.091858,0.200867,0.222931,0.0,0.0,0.0,0.08725026951247017,-0.5891026526000821,1.7229926304922762,0.013,-0.0,0.0227
0.0121,0.001465,-0.007812,1.308105,0.366516,0.292419,0.192413,0.0,0.0,0.0,0.08887959785888448,-0.5890467203029222,1.7252573297270628,0.013,-0.0,0.0227
0.0117,-0.002441,-0.012939,1.309082,0.244446,0.231384,0.039825,0.0,0.0,0.0,0.0859532859312668,-0.5875144827500111,1.725921154364832,0.013,-0.0,0.0227
0.0126,-0.000488,-0.006836,1.305664,0.06134,-0.165344,0.009308,0.0,0.0,0.0,0.0845639215100341,-0.5919061772923471,1.7260031215994733,0.013,-0.0,0.0227
0.0119,0.004883,-0.002686,1.312988,0.427551,0.170349,0.222931,0.0,0.0,0.0,0.08986519014822791,-0.595277727539784,1.7283491282095436,0.013,-0.0,0.0227
0.0115,-0.005859,-0.013428,1.319336,0.427551,0.109314,0.283966,0.0,0.0,0.0,0.08868976703766533,-0.593077540098317,1.7319431007132864,0.013,-0.0,0.0227
0.0128,-0.00293,-0.011475,1.317383,0.366516,0.506042,0.161896,0.0,0.0,0.0,0.08843812696876162,-0.5874454143427685,1.734198516941002,0.013,-0.0,0.0227
0.0115,0.002197,-0.006836,1.311279,0.305481,0.078796,-0.02121,0.0,0.0,0.0,0.08974540177556722,-0.5904104117973688,1.7338389098240485,0.013,-0.0,0.0227
0.0125,-0.007568,-0.010986,1.314697,0.274963,0.506042,0.131378,0.0,0.0,0.0,0.08852363715383527,-0.5822631224578284,1.7357990736647695,0.013,-0.0,0.0227
0.0115,-0.002441,-0.009521,1.303711,0.458069,-0.043274,0.070343,0.0,0.0,0.0,0.08997013556370459,-0.5840037160094715,1.7367058030553526,0.013,-0.0,0.0227
0.0125,0.00293,-0.007812,1.313721,0.488586,0.445007,0.070343,0.0,0.0,0.0,0.09324844470234595,-0.5828103974960993,1.7374747208064847,0.013,-0.0,0.0227
0.0112,-0.004639,-0.007812,1.312744,0.274963,-0.317932,0.070343,0.0,0.0,0.0,0.09349942729672626,-0.5862428051113859,1.7383886818787675,0.013,-0.0,0.0227
0.0123,-0.005615,-0.013184,1.312256,0.122375,0.292419,0.100861,0.0,0.0,0.0,0.08904621796964933,-0.5819893588395788,1.739931995607651,0.013,-0.0,0.0227
0.0127,0.007324,-0.006836,1.309082,0.397034,-0.073792,-0.082245,0.0,0.0,0.0,0.09186520225793585,-0.5898578967347607,1.7385962641184967,0.013,-0.0,0.0227
0.0118,-0.000488,-0.010742,1.311035,0.488586,0.353455,0.131378,0.0,0.0,0.0,0.093061472709722,-0.5880027496695764,1.740226105272911,0.013,-0.0,0.0227
0.0114,-0.001221,-0.009766,1.300049,0.458069,0.261902,0.192413,0.0,0.0,0.0,0.0942512729176367,-0.5869775290225399,1.742492841637942,0.013,-0.0,0.0227
0.0124,0.000732,-0.010254,1.313965,0.488586,0.475525,0.070343,0.0,0.0,0.0,0.0960144898274264,-0.5841354059579112,1.7433937197962688,0.013,-0.0,0.0227
0.0121,-0.006104,-0.00708,1.315918,0.305481,-0.073792,0.009308,0.0,0.0,0.0,0.09728227282159002,-0.5840447900586186,1.7436674297139203,0.013,-0.0,0.0227
0.0122,-0.001221,-0.007324,1.316406,0.122375,0.445007,0.283966,0.0,0.0,0.0,0.09618088576436026,-0.5805469355175251,1.7471456507258014,0.013,-0.0,0.0227
0.0117,-0.001221,-0.007324,1.299561,0.305481,-0.073792,0.039825,0.0,0.0,0.0,0.09716239985413576,-0.5834093252708672,1.7476120602529166,0.013,-0.0,0.0227
0.0118,0.003174,-0.001221,1.314209,0.335999,0.567078,0.192413,0.0,0.0,0.0,0.10207738691761126,-0.5812395169260401,1.7496008011581454,0.013,-0.0,0.0227
0.0118,-0.011963,-0.016113,1.316406,0.183411,-0.104309,0.283966,0.0,0.0,0.0,0.096482896140086,-0.5781107044875013,1.7535295403261524,0.013,-0.0,0.0227
0.0127,0.000244,-0.008789,1.318848,0.458069,0.475525,0.192413,0.0,0.0,0.0,0.09883197980146415,-0.5749055594914724,1.7559743464885325,0.013,-0.0,0.0227
0.0117,0.006348,-0.002686,1.296631,0.305481,-0.134827,0.345001,0.0,0.0,0.0,0.1024880584122677,-0.5830285497425638,1.7596400259528857,0.013,-0.0,0.0227
0.012,-0.010742,-0.010742,1.323486,0.000305,-0.104309,0.131378,0.0,0.0,0.0,0.09790925416430825,-0.5805939199943149,1.7616175065923543,0.013,-0.0,0.0227
0.0119,0.002686,-0.010254,1.30835,0.366516,0.170349,0.039825,0.0,0.0,0.0,0.09794929311634844,-0.58282675099983,1.7620454369354395,0.013,-0.0,0.0227
0.0117,0.010254,-0.006104,1.30957,0.458069,0.261902,-0.02121,0.0,0.0,0.0,0.10141496254722074,-0.5884184192381877,1.7614061201234943,0.013,-0.0,0.0227
0.0123,-0.000488,-0.011719,1.305664,0.305481,0.048279,0.131378,0.0,0.0,0.0,0.09994334647909159,-0.5901494586317739,1.7631276173029249,0.013,-0.0,0.0227
0.0127,-0.003906,-0.009033,1.332764,0.274963,0.383972,-0.051727,0.0,0.0,0.0,0.09986975187231699,-0.5854851410180404,1.7626263765761423,0.013,-0.0,0.0227
0.0111,0.008545,-0.01123,1.293457,0.458069,0.719666,0.039825,0.0,0.0,0.0,0.0999933827449354,-0.5853500739661169,1.7628666786690617,0.013,-0.0,0.0227
0.0125,-0.004883,-0.009033,1.31665,0.335999,0.170349,0.039825,0.0,0.0,0.0,0.10058036411907283,-0.5829649979062534,1.763545281080368,0.013,-0.0,0.0227
0.0113,-0.00415,-0.012207,1.313965,0.458069,-0.073792,0.131378,0.0,0.0,0.0,0.10026874199834629,-0.5839778795919446,1.7652634865324979,0.013,-0.0,0.0227
0.0123,0.006104,-0.004883,1.306641,0.183411,-0.104309,-0.082245,0.0,0.0,0.0,0.10135972444191407,-0.5914617637708441,1.7639545316393785,0.013,-0.0,0.0227
0.0118,0.002197,-0.006104,1.293213,0.122375,0.41449,0.283966,0.0,0.0,0.0,0.10086819413162056,-0.5905798049406219,1.7671774151429125,0.013,-0.0,0.0227
0.0128,-0.008789,-0.010742,1.327881,0.06134,-0.165344,0.161896,0.0,0.0,0.0,0.09708504167835483,-0.5900410805173042,1.7695999114300254,0.013,-0.0,0.0227
0.0119,-0.003174,-0.011963,1.31665,0.274963,0.292419,0.192413,0.0,0.0,0.0,0.09506178025761616,-0.5872680003463,1.7720918734155684,0.013,-0.0,0.0227
0.0116,0.006592,-0.007812,1.307861,0.366516,0.048279,0.070343,0.0,0.0,0.0,0.09644965810967657,-0.5931705896561283,1.7726748697281909,0.013,-0.0,0.0227
0.0121,-0.004395,-0.007568,1.304199,0.335999,0.353455,0.161896,0.0,0.0,0.0,0.09776396767052496,-0.5889236191236344,1.7747630971485484,0.013,-0.0,0.0227
0.0122,-0.000732,-0.010498,1.311523,0.335999,0.017761,0.100861,0.0,0.0,0.0,0.09740380766567303,-0.5908415988864023,1.7760746480209633,0.013,-0.0,0.0227
0.0116,0.00293,-0.005127,1.313232,0.397034,0.445007,0.131378,0.0,0.0,0.0,0.10068259553885124,-0.5899674195016955,1.7774271961953245,0.013,-0.0,0.0227
0.0125,0.002197,-0.005371,1.315186,0.183411,0.048279,0.009308,0.0,0.0,0.0,0.10150991518275776,-0.5931723016553657,1.777399738983222,0.013,-0.0,0.0227
0.0118,-0.00293,-0.012207,1.317383,0.305481,0.231384,0.131378,0.0,0.0,0.0,0.09964134439934794,-0.5912445733025979,1.7791590557391972,0.013,-0.0,0.0227
0.0122,0.006592,-0.006592,1.307617,0.427551,0.292419,0.070343,0.0,0.0,0.0,0.10264837074825894,-0.5941342976142214,1.7797652351380389,0.013,-0.0,0.0227
0.012,0.003418,-0.002441,1.306396,0.213928,0.200867,-0.14328,0.0,0.0,0.0,0.10546031902410444,-0.5962860383386444,1.7777875243911267,0.013,-0.0,0.0227
0.0114,-0.013428,-0.013428,1.317139,0.458069,-0.134827,0.070343,0.0,0.0,0.0,0.1044527383499582,-0.592452072229447,1.779169500437237,0.013,-0.0,0.0227
0.0126,-0.003174,-0.009766,1.312256,0.305481,0.231384,0.192413,0.0,0.0,0.0,0.1041924971332441,-0.5902353665427009,1.7817452003523544,0.013,-0.0,0.0227
0.0121,0.005859,-0.005371,1.299561,0.305481,0.048279,-0.051727,0.0,0.0,0.0,0.10637565891008441,-0.5957313000870108,1.7808526724565337,0.013,-0.0,0.0227
0.0147,-0.004639,-0.014648,1.311279,0.06134,0.383972,0.161896,0.0,0.0,0.0,0.10029088641018559,-0.5899287072178008,1.7835674463525502,0.013,-0.0,0.0227
0.009,0.000244,-0.012695,1.311035,0.274963,0.170349,0.192413,0.0,0.0,0.0,0.09700562152021948,-0.5911082934125246,1.7854103544255426,0.013,-0.0,0.0227
0.0116,0.010986,-0.005371,1.3125,0.427551,0.445007,0.192413,0.0,0.0,0.0,0.10048949363420795,-0.5949359058921827,1.787214490069721,0.013,-0.0,0.0227
0.0119,-0.002686,-0.007812,1.307373,0.152893,0.353455,-0.234833,0.0,0.0,0.0,0.09944995839756059,-0.5917175979866117,1.7845060211057822,0.013,-0.0,0.0227
0.0119,-0.000977,-0.008057,1.313477,0.244446,0.322937,-0.112762,0.0,0.0,0.0,0.09935101682174544,-0.589856721013627,1.78320008948128,0.013,-0.0,0.0227
0.0123,-0.001953,-0.008789,1.316406,0.519104,0.109314,0.009308,0.0,0.0,0.0,0.1022554168100328,-0.589905529022646,1.783400146526138,0.013,-0.0,0.0227
0.0122,-0.008545,-0.016113,1.315186,0.274963,0.170349,-0.02121,0.0,0.0,0.0,0.0978674928917059,-0.5853968750420032,1.7836353923254433,0.013,-0.0,0.0227
0.0123,0.002441,-0.00415,1.313721,0.213928,0.445007,0.345001,0.0,0.0,0.0,0.09972877991734296,-0.5839915677788498,1.787693278466416,0.013,-0.0,0.0227
0.0116,0.01416,-0.008057,1.315186,0.427551,0.383972,0.070343,0.0,0.0,0.0,0.10163727569010553,-0.5904065679774689,1.788049776917747,0.013,-0.0,0.0227
0.0118,-0.002441,-0.011475,1.308105,0.274963,0.048279,0.222931,0.0,0.0,0.0,0.09979994839650817,-0.5909826205433574,1.7908556393340007,0.013,-0.0,0.0227
0.0127,0.000732,-0.005615,1.310791,0.122375,0.109314,0.192413,0.0,0.0,0.0,0.09973755771387002,-0.5925828016329608,1.7932094647949721,0.013,-0.0,0.0227
0.0148,0.008545,-0.002441,1.297852,0.549622,0.445007,0.253448,0.0,0.0,0.0,0.10804341905972527,-0.5937668860065808,1.7965334300064044,0.013,-0.0,0.0227
0.0087,-0.000732,-0.011719,1.312256,0.06134,-0.256897,0.070343,0.0,0.0,0.0,0.1033404383306138,-0.5980559964667383,1.797279190587552,0.013,-0.0,0.0227
0.0119,0.006348,-0.010742,1.320557,0.213928,0.170349,0.070343,0.0,0.0,0.0,0.10126979348479571,-0.6021363993284249,1.7980033025210043,0.013,-0.0,0.0227
0.0117,0.004883,-0.004883,1.311768,0.397034,0.322937,0.009308,0.0,0.0,0.0,0.1047035761158779,-0.6036644432471334,1.7978832019095414,0.013,-0.0,0.0227
0.0127,-0.006104,-0.012451,1.312988,0.06134,0.322937,0.467072,0.0,0.0,0.0,0.09979545678316287,-0.5984500393295025,1.8041609149948736,0.013,-0.0,0.0227
0.0117,-0.003174,-0.008789,1.307373,0.397034,0.41449,0.131378,0.0,0.0,0.0,0.1009398811948415,-0.5942809868270914,1.8058378794543102,0.013,-0.0,0.0227
0.012,0.000244,-0.005615,1.319092,0.397034,-0.012756,0.161896,0.0,0.0,0.0,0.10405086995960786,-0.5970300938857348,1.8077151157985307,0.013,-0.0,0.0227
0.0124,-0.006348,-0.008057,1.303711,0.183411,0.41449,-0.02121,0.0,0.0,0.0,0.10324454261112526,-0.5907393711962959,1.8076734525750981,0.013,-0.0,0.0227
0.0118,-0.000977,-0.013184,1.315674,0.183411,0.170349,0.131378,0.0,0.0,0.0,0.09935411900359267,-0.5906964316731925,1.8094059909283384,0.013,-0.0,0.0227
0.0191,0.008301,-0.004639,1.310791,0.488586,0.567078,0.345001,0.0,0.0,0.0,0.10750487813537793,-0.5875027185003456,1.815649789666391,0.013,-0.0,0.0227
0.0048,-0.005371,-0.011963,1.311523,0.091858,-0.012756,0.070343,0.0,0.0,0.0,0.10253846998941175,-0.5869966019314095,1.8162783290774502,0.013,-0.0,0.0227
0.0125,-0.007568,-0.009033,1.316406,0.305481,0.506042,-0.051727,0.0,0.0,0.0,0.10270571222213257,-0.5788653771463657,1.815916332238497,0.013,-0.0,0.0227
0.0115,-0.005615,-0.006836,1.308105,0.213928,0.048279,0.100861,0.0,0.0,0.0,0.10279163181626033,-0.5777125795497408,1.817220878802011,0.013,-0.0,0.0227
0.0125,-0.005859,-0.010986,1.310059,0.488586,0.292419,0.192413,0.0,0.0,0.0,0.10403011809392454,-0.5733544853559387,1.819895443671306,0.013,-0.0,0.0227
0.0112,0.005371,-0.008301,1.299072,0.274963,0.170349,-0.051727,0.0,0.0,0.0,0.10385829336188201,-0.5774686467769061,1.8191347027962244,0.013,-0.0,0.0227
0.0124,0.011475,-0.00708,1.314209,0.06134,0.322937,-0.051727,0.0,0.0,0.0,0.10213360245341983,-0.5829067913595506,1.8180933511172754,0.013,-0.0,0.0227
0.0121,0.001221,-0.010498,1.296143,0.244446,0.292419,0.039825,0.0,0.0,0.0,0.1005378601583031,-0.5828728336865525,1.8186052095834742,0.013,-0.0,0.0227
0.0116,-0.010742,-0.013672,1.329102,0.366516,0.231384,0.070343,0.0,0.0,0.0,0.09848554444214329,-0.5765153758736372,1.819931354369316,0.013,-0.0,0.0227
0.0118,-0.002197,-0.011475,1.299561,0.366516,0.200867,0.161896,0.0,0.0,0.0,0.0977032260064328,-0.5756530808453525,1.8219999854111504,0.013,-0.0,0.0227
0.0128,-0.008057,-0.009277,1.312012,0.274963,0.231384,0.192413,0.0,0.0,0.0,0.09744856748204,-0.5707048780105985,1.8247547086473521,0.013,-0.0,0.0227
0.0114,-0.006104,-0.010254,1.315674,0.030823,0.048279,-0.14328,0.0,0.0,0.0,0.09354290613308452,-0.5693210963944653,1.82336499748783,0.013,-0.0,0.0227
0.0126,0.011963,-0.003662,1.301758,0.488586,0.475525,0.039825,0.0,0.0,0.0,0.09926356952048895,-0.5733120871182908,1.8233333230847808,0.013,-0.0,0.0227
0.0118,0.010254,-0.005859,1.313232,0.397034,0.200867,0.131378,0.0,0.0,0.0,0.10216548758090904,-0.5797014351440619,1.8244808188202761,0.013,-0.0,0.0227
0.0126,0.0,-0.014893,1.310791,0.488586,0.322937,0.161896,0.0,0.0,0.0,0.10117490613155679,-0.5783535968997073,1.8267185106203754,0.013,-0.0,0.0227
0.0114,-0.005371,-0.008789,1.328369,0.488586,0.41449,0.161896,0.0,0.0,0.0,0.10323903627773796,-0.5731401386817825,1.8287676583522288,0.013,-0.0,0.0227
0.012,0.002686,-0.010254,1.299805,0.274963,0.292419,0.131378,0.0,0.0,0.0,0.10212020971074932,-0.574074353159058,1.8303094596031706,0.013,-0.0,0.0227
0.012,-0.000488,-0.009033,1.321777,0.091858,0.353455,-0.051727,0.0,0.0,0.0,0.09962600150609982,-0.5722494257448917,1.8297319335445192,0.013,-0.0,0.0227
0.0115,-0.000977,-0.011719,1.300049,0.335999,0.048279,0.009308,0.0,0.0,0.0,0.09825747766548361,-0.5739410532233771,1.8299633901864125,0.013,-0.0,0.0227
0.0148,0.00415,-0.009277,1.319092,0.122375,0.200867,-0.112762,0.0,0.0,0.0,0.09635315217781801,-0.5761138559756295,1.82818621189132,0.013,-0.0,0.0227
0.0101,0.000244,-0.007324,1.291992,0.122375,0.292419,0.039825,0.0,0.0,0.0,0.09499849484419894,-0.5761758980529219,1.828547155253043,0.013,-0.0,0.0227
0.0118,-0.006836,-0.01001,1.328613,0.488586,0.109314,0.070343,0.0,0.0,0.0,0.09662368524495206,-0.5735329059145665,1.8296564841782958,0.013,-0.0,0.0227
0.0113,-0.004883,-0.010986,1.302734,0.397034,0.292419,0.039825,0.0,0.0,0.0,0.09633911951085561,-0.5701702951966489,1.8303434487054218,0.013,-0.0,0.0227
0.012,-0.000732,-0.008301,1.322998,0.366516,0.078796,0.100861,0.0,0.0,0.0,0.09758002738170445,-0.5714988467929476,1.8315747459590894,0.013,-0.0,0.0227
0.0123,-0.012451,-0.014648,1.308838,0.213928,0.353455,0.039825,0.0,0.0,0.0,0.09331427728259957,-0.5626525432611593,1.8326548401115783,0.013,-0.0,0.0227
0.0118,-0.010254,-0.010986,1.315674,0.183411,0.292419,-0.082245,0.0,0.0,0.0,0.09081753742779464,-0.5560617864548104,1.8320859462884334,0.013,-0.0,0.0227
0.0129,0.008057,-0.008545,1.309814,0.06134,0.41449,-0.112762,0.0,0.0,0.0,0.08840534825518781,-0.5584266151602475,1.830338635364703,0.013,-0.0,0.0227
0.0117,-0.002197,-0.006836,1.319336,0.305481,0.017761,0.161896,0.0,0.0,0.0,0.08975334476460314,-0.5597796552585743,1.8322448709621364,0.013,-0.0,0.0227
0.0113,-0.002686,-0.014893,1.3125,0.183411,0.41449,-0.02121,0.0,0.0,0.0,0.08490468693137175,-0.5564362342219354,1.8322533478927834,0.013,-0.0,0.0227
0.0127,0.005615,0.000244,1.302002,0.274963,0.383972,0.009308,0.0,0.0,0.0,0.09038949594850638,-0.5578978901032562,1.8319190328661703,0.013,-0.0,0.0227
0.0115,-0.009766,-0.01416,1.320312,0.366516,-0.165344,0.009308,0.0,0.0,0.0,0.08811097588939332,-0.5569303368061539,1.8324895849574345,0.013,-0.0,0.0227
0.0126,-0.01123,-0.013916,1.318604,0.427551,0.475525,0.345001,0.0,0.0,0.0,0.08710465532751523,-0.5473168139536797,1.8373446593556126,0.013,-0.0,0.0227
0.0112,0.011963,-0.002686,1.304688,0.06134,0.170349,0.009308,0.0,0.0,0.0,0.08805867823644449,-0.5555096441267009,1.8368506274859004,0.013,-0.0,0.0227
0.0124,-0.006104,-0.008545,1.311523,0.458069,-0.073792,0.345001,0.0,0.0,0.0,0.09046553639707318,-0.5557621696674483,1.8413146340230948,0.013,-0.0,0.0227
0.0125,-0.003662,-0.008301,1.320312,0.213928,0.048279,-0.173798,0.0,0.0,0.0,0.09008945706529478,-0.5558861358760063,1.839240600291972,0.013,-0.0,0.0227
0.0116,0.00415,-0.007812,1.302734,0.427551,0.567078,-0.112762,0.0,0.0,0.0,0.09223370815751657,-0.5547904993901337,1.8377553258499166,0.013,-0.0,0.0227
0.012,0.00708,-0.005615,1.30249,0.183411,0.41449,0.161896,0.0,0.0,0.0,0.09289004290298289,-0.5570272653403773,1.8393621342400648,0.013,-0.0,0.0227
0.0115,-0.008057,-0.014648,1.319336,0.000305,0.109314,-0.02121,0.0,0.0,0.0,0.0861411287794087,-0.5539419584714653,1.839540459327275,0.013,-0.0,0.0227
0.0127,0.001465,-0.007568,1.316406,0.274963,0.170349,0.161896,0.0,0.0,0.0,0.08700342402632537,-0.5555577339958585,1.8415021264973965,0.013,-0.0,0.0227
0.0119,-0.000244,-0.010742,1.31543,0.397034,0.506042,0.253448,0.0,0.0,0.0,0.08721432073416846,-0.5523484938074318,1.844573322463892,0.013,-0.0,0.0227
0.0122,-0.004883,-0.012207,1.304199,0.458069,-0.165344,-0.082245,0.0,0.0,0.0,0.08742182881457797,-0.5544643763667785,1.843810899995416,0.013,-0.0,0.0227
0.012,-0.006836,-0.012207,1.319824,0.519104,0.200867,0.192413,0.0,0.0,0.0,0.08828237809699387,-0.5509759238052429,1.8464322726817244,0.013,-0.0,0.0227
0.0113,0.009277,-0.010498,1.301758,0.244446,0.475525,0.345001,0.0,0.0,0.0,0.08664323764916397,-0.554151173990889,1.850038034865316,0.013,-0.0,0.0227
0.0124,-0.001465,-0.013672,1.307861,0.335999,-0.073792,0.100861,0.0,0.0,0.0,0.08458573488178393,-0.5571496823305493,1.851454912284256,0.013,-0.0,0.0227
0.0116,-0.012695,-0.012695,1.329346,0.427551,-0.073792,0.161896,0.0,0.0,0.0,0.08398072336275135,-0.5534531728297584,1.8538594363074683,0.013,-0.0,0.0227
0.0123,0.000732,-0.010254,1.304688,0.06134,0.383972,0.070343,0.0,0.0,0.0,0.0805773114892266,-0.5521894296124275,1.854714154117817,0.013,-0.0,0.0227
0.0117,0.004395,-0.003662,1.300049,0.366516,0.048279,-0.02121,0.0,0.0,0.0,0.08459457716248611,-0.5572421822898571,1.8541445679696305,0.013,-0.0,0.0227
0.0121,-0.013184,-0.012451,1.318848,0.366516,-0.012756,0.100861,0.0,0.0,0.0,0.08358224279776211,-0.5525757533726562,1.8559007440206392,0.013,-0.0,0.0227
0.0127,-0.002441,-0.010254,1.312988,0.152893,0.322937,0.192413,0.0,0.0,0.0,0.08136064812902831,-0.5500278639319186,1.8584444916127114,0.013,-0.0,0.0227
0.0114,0.008789,-0.007324,1.296387,0.213928,0.017761,-0.112762,0.0,0.0,0.0,0.08138635143676039,-0.5580904231381617,1.8567767530074606,0.013,-0.0,0.0227
0.0123,-0.003174,-0.011475,1.321289,0.427551,0.139832,0.314484,0.0,0.0,0.0,0.08177067503435281,-0.5573711359375926,1.8608112845383173,0.013,-0.0,0.0227
0.0122,-0.005127,-0.015381,1.3125,0.152893,0.048279,0.131378,0.0,0.0,0.0,0.07650426229676337,-0.5566793399538331,1.8627472166225403,0.013,-0.0,0.0227
0.0126,0.000244,-0.007812,1.303467,0.213928,0.322937,0.070343,0.0,0.0,0.0,0.07653024520033905,-0.5557538285550838,1.8635711424331864,0.013,-0.0,0.0227
0.011,-0.001465,-0.009277,1.310303,0.091858,0.41449,-0.112762,0.0,0.0,0.0,0.0740659568669373,-0.5532981299190756,1.8623693785896367,0.013,-0.0,0.0227
0.0122,-0.007568,-0.015625,1.313477,0.213928,0.048279,-0.112762,0.0,0.0,0.0,0.06951142437037088,-0.5512156372263237,1.8614105324460382,0.013,-0.0,0.0227
0.0127,0.003906,-0.008789,1.301514,0.183411,0.139832,0.100861,0.0,0.0,0.0,0.06866700967594208,-0.554788336367169,1.862512004091954,0.013,-0.0,0.0227
0.0125,-0.00293,-0.007324,1.318848,0.305481,0.170349,-0.26535,0.0,0.0,0.0,0.07023080375746207,-0.5538451898328544,1.8592295863446298,0.013,-0.0,0.0227
0.0114,-0.012451,-0.010742,1.308838,0.427551,-0.165344,0.039825,0.0,0.0,0.0,0.07077331268440214,-0.5513586436653016,1.8601404751481612,0.013,-0.0,0.0227
0.012,0.007568,-0.009766,1.322754,0.519104,0.292419,-0.02121,0.0,0.0,0.0,0.07326358545642525,-0.5551556041323165,1.8596145827781307,0.013,-0.0,0.0227
0.0116,0.011475,-0.009033,1.300781,0.366516,0.170349,0.222931,0.0,0.0,0.0,0.07412949399859786,-0.562949123091929,1.8617649842967148,0.013,-0.0,0.0227
0.0121,-0.001465,-0.011719,1.322266,0.305481,0.292419,0.009308,0.0,0.0,0.0,0.0729429559538217,-0.5613597307988433,1.8619920121111002,0.013,-0.0,0.0227
0.0121,-0.005859,-0.009033,1.304932,0.488586,0.261902,0.283966,0.0,0.0,0.0,0.0754523300105733,-0.5576786099541572,1.8656202949929626,0.013,-0.0,0.0227
0.0118,-0.002686,-0.005371,1.311523,0.213928,0.261902,0.070343,0.0,0.0,0.0,0.07676289701843567,-0.555938137532804,1.8664282104625962,0.013,-0.0,0.0227
0.0146,-0.002441,-0.006592,1.303955,0.213928,0.078796,-0.14328,0.0,0.0,0.0,0.07795134120698445,-0.5563244627174811,1.8643348879332773,0.013,-0.0,0.0227
0.0096,-0.004883,-0.010742,1.319092,0.397034,0.078796,0.100861,0.0,0.0,0.0,0.0773857818423433,-0.555590432244485,1.865502624848478,0.013,-0.0,0.0227
0.0118,0.017334,-0.008545,1.311768,0.030823,0.383972,0.131378,0.0,0.0,0.0,0.0746778557210995,-0.5641440212728998,1.8664126596429051,0.013,-0.0,0.0227
0.0125,-0.002441,-0.010498,1.312012,-0.06073,0.322937,-0.02121,0.0,0.0,0.0,0.06975796891490166,-0.5615403464663089,1.866264072968009,0.013,-0.0,0.0227
0.0115,0.003906,-0.013184,1.313477,0.274963,0.200867,-0.02121,0.0,0.0,0.0,0.06721056391727757,-0.5643671655819957,1.865984522456649,0.013,-0.0,0.0227
0.0129,0.000977,-0.004883,1.307861,0.213928,0.017761,-0.02121,0.0,0.0,0.0,0.0691342502938989,-0.5675595464536499,1.865544774071326,0.013,-0.0,0.0227
0.0117,-0.001709,-0.006836,1.308838,0.549622,0.017761,-0.173798,0.0,0.0,0.0,0.07354316064978499,-0.5691536685760925,1.8635015818661818,0.013,-0.0,0.0227
0.0118,-0.002441,-0.010498,1.319092,0.152893,-0.378967,0.070343,0.0,0.0,0.0,0.0711813246730655,-0.5748788413220556,1.8644512196900171,0.013,-0.0,0.0227
0.0124,0.011963,-0.01001,1.312256,-0.06073,0.628113,0.100861,0.0,0.0,0.0,0.06657663765809801,-0.5768720146414493,1.8653111161831981,0.013,-0.0,0.0227
0.0113,-0.001709,-0.006592,1.30835,0.305481,0.139832,0.253448,0.0,0.0,0.0,0.06816101244921893,-0.5770177008396957,1.8681646985144043,0.013,-0.0,0.0227
0.0123,0.002686,-0.010498,1.318359,0.213928,0.383972,0.009308,0.0,0.0,0.0,0.06668062343281835,-0.5765465271172173,1.8682339206435115,0.013,-0.0,0.0227
0.0121,0.003174,-0.010254,1.314209,0.549622,0.170349,0.222931,0.0,0.0,0.0,0.0692986567283416,-0.5790345417332996,1.8708613787251491,0.013,-0.0,0.0227
0.0125,0.000488,-0.006836,1.314209,0.244446,0.139832,0.070343,0.0,0.0,0.0,0.07034238737808156,-0.5802398212709042,1.871666713029162,0.013,-0.0,0.0227
0.0111,-0.013184,-0.015869,1.311768,0.580139,0.078796,0.161896,0.0,0.0,0.0,0.06943858443026926,-0.5743236659057395,1.8741322721167712,0.013,-0.0,0.0227
0.0128,-0.001221,-0.010742,1.313721,0.213928,0.292419,0.100861,0.0,0.0,0.0,0.06788184879348472,-0.5726088834656182,1.8755144162682518,0.013,-0.0,0.0227
0.0118,0.002686,-0.005127,1.311035,0.122375,0.078796,0.222931,0.0,0.0,0.0,0.06832662041554174,-0.5759981195288568,1.8779333573346437,0.013,-0.0,0.0227
0.0118,-0.008545,-0.009277,1.314941,0.397034,0.139832,-0.02121,0.0,0.0,0.0,0.06958351106109215,-0.5720562530820418,1.8779904760219432,0.013,-0.0,0.0227
0.0114,-0.005859,-0.009033,1.30249,0.274963,0.109314,-0.051727,0.0,0.0,0.0,0.06941831597332852,-0.5701717550678492,1.8775998584047369,0.013,-0.0,0.0227
0.0132,0.000244,-0.009033,1.308105,0.213928,0.048279,-0.051727,0.0,0.0,0.0,0.068952916647587,-0.5724650237146153,1.87689961496209,0.013,-0.0,0.0227
0.0117,-0.00293,-0.015869,1.314453,0.213928,0.109314,0.039825,0.0,0.0,0.0,0.06419001475414467,-0.5722042499132569,1.877653335511919,0.013,-0.0,0.0227
0.0114,0.000977,-0.009766,1.31543,0.427551,0.078796,0.406036,0.0,0.0,0.0,0.06534862152033061,-0.5745965708222953,1.8822594438272742,0.013,-0.0,0.0227
0.0124,0.001465,-0.00708,1.307373,0.397034,0.353455,0.100861,0.0,0.0,0.0,0.06813118929127607,-0.5738570730385432,1.8833967832806298,0.013,-0.0,0.0227
0.0121,-0.003418,-0.006104,1.311768,0.427551,0.353455,0.283966,0.0,0.0,0.0,0.07168506203064313,-0.5703479247216993,1.8868683229093715,0.013,-0.0,0.0227
0.0117,-0.00708,-0.01416,1.318115,0.213928,0.048279,0.100861,0.0,0.0,0.0,0.06790452793866876,-0.5683845697245273,1.8884325043449335,0.013,-0.0,0.0227
0.0119,0.008301,-0.004883,1.30957,0.580139,0.261902,-0.02121,0.0,0.0,0.0,0.07392428468767076,-0.5729391055864893,1.8877621108812603,0.013,-0.0,0.0227
0.0126,-0.003906,-0.008301,1.306641,0.06134,0.048279,0.009308,0.0,0.0,0.0,0.07180351830381783,-0.5728057246558669,1.8879909265310586,0.013,-0.0,0.0227
0.0117,-0.00415,-0.008057,1.315674,0.305481,-0.043274,-0.204315,0.0,0.0,0.0,0.07266001782122013,-0.5735869066724424,1.8857142149414927,0.013,-0.0,0.0227
0.0121,0.005859,-0.004883,1.30835,0.06134,-0.165344,0.100861,0.0,0.0,0.0,0.07251776891944474,-0.5817394685609455,1.8866065195608894,0.013,-0.0,0.0227
0.012,0.005371,-0.006348,1.307373,0.305481,0.231384,0.039825,0.0,0.0,0.0,0.07441887166056313,-0.5848012307151509,1.8868273676203633,0.013,-0.0,0.0227
0.0122,-0.010254,-0.013672,1.30835,0.335999,0.139832,0.161896,0.0,0.0,0.0,0.07242299488677423,-0.5797330830200835,1.8893007066169845,0.013,-0.0,0.0227
0.0114,-0.004883,-0.009766,1.319824,0.274963,-0.012756,0.345001,0.0,0.0,0.0,0.07179208873251915,-0.5796478602629177,1.8934265212185661,0.013,-0.0,0.0227
0.0118,0.01123,-0.005127,1.31665,0.366516,0.353455,-0.14328,0.0,0.0,0.0,0.07509357705863572,-0.584662023041094,1.8912437009766683,0.013,-0.0,0.0227
0.0127,-0.001221,-0.01416,1.306641,0.122375,-0.012756,0.131378,0.0,0.0,0.0,0.07028521065965636,-0.5867443771329927,1.8931090509275854,0.013,-0.0,0.0227
0.0116,-0.010254,-0.012695,1.323242,0.213928,0.200867,0.039825,0.0,0.0,0.0,0.06737765314526845,-0.5810093025478128,1.8940396883345103,0.013,-0.0,0.0227
0.0123,0.011719,-0.008057,1.29541,0.213928,0.53656,-0.112762,0.0,0.0,0.0,0.06730950988780865,-0.584152149638124,1.8922061722754817,0.013,-0.0,0.0227
0.0122,0.001953,-0.012939,1.313477,0.152893,0.170349,0.192413,0.0,0.0,0.0,0.06362493030001282,-0.5858328364183178,1.8946032641722024,0.013,-0.0,0.0227
0.0119,-0.011475,-0.014893,1.30835,0.366516,0.200867,0.345001,0.0,0.0,0.0,0.061268490173955505,-0.579365853261999,1.8992868543575356,0.013,-0.0,0.0227
0.0119,0.003906,-0.009033,1.317139,0.213928,0.292419,-0.051727,0.0,0.0,0.0,0.060636767225597146,-0.5808123551702559,1.8985291812964855,0.013,-0.0,0.0227
0.0117,0.008301,-0.006836,1.303223,0.030823,0.139832,0.009308,0.0,0.0,0.0,0.05910742944624426,-0.5867629906199362,1.8982713018044213,0.013,-0.0,0.0227
0.0121,-0.005371,-0.011719,1.314209,0.122375,0.170349,-0.051727,0.0,0.0,0.0,0.05587523321686272,-0.5841557254781311,1.8979153400055897,0.013,-0.0,0.0227
0.0122,0.001953,-0.011963,1.321777,0.397034,0.353455,0.039825,0.0,0.0,0.0,0.05587512436488584,-0.5835593629157181,1.8984184274879765,0.013,-0.0,0.0227
0.0114,-0.001221,-0.005615,1.307617,0.091858,0.139832,0.070343,0.0,0.0,0.0,0.05578646302126888,-0.5839049720516293,1.899159647776528,0.013,-0.0,0.0227
0.0123,-0.00293,-0.006836,1.317139,0.335999,0.231384,0.070343,0.0,0.0,0.0,0.05804546461185019,-0.5819584200885827,1.9000656059644436,0.013,-0.0,0.0227
0.0129,-0.002441,-0.010254,1.310059,0.366516,0.200867,0.161896,0.0,0.0,0.0,0.05884890705262166,-0.5806106232370595,1.9022739092209175,0.013,-0.0,0.0227
0.0139,0.00293,-0.010254,1.320557,0.213928,0.200867,0.161896,0.0,0.0,0.0,0.05791946304798956,-0.5821515946994088,1.9044568618781423,0.013,-0.0,0.0227
0.009,0.000732,-0.010986,1.301758,0.305481,0.445007,0.039825,0.0,0.0,0.0,0.05633756363175678,-0.5813111759134886,1.9048420245806252,0.013,-0.0,0.0227
0.0124,-0.004883,-0.007324,1.317627,0.366516,0.078796,0.039825,0.0,0.0,0.0,0.058717187081596484,-0.5801038191306644,1.9054576784562025,0.013,-0.0,0.0227
0.0118,0.005859,-0.003418,1.300781,-0.06073,0.261902,0.100861,0.0,0.0,0.0,0.05813905462799382,-0.5832153597266583,1.9062702745411624,0.013,-0.0,0.0227
0.0125,0.001221,-0.00415,1.314453,0.519104,0.139832,0.070343,0.0,0.0,0.0,0.0642656067296879,-0.5847976777397164,1.9069709221257853,0.013,-0.0,0.0227
0.012,-0.002197,-0.009277,1.299316,0.335999,0.078796,0.100861,0.0,0.0,0.0,0.06487435974982617,-0.585251716942121,1.908270449786573,0.013,-0.0,0.0227
0.0115,-0.00415,-0.006348,1.313232,0.213928,0.017761,0.161896,0.0,0.0,0.0,0.06565334543209883,-0.5852165570411312,1.9102056153367442,0.013,-0.0,0.0227
0.0122,-0.002686,-0.010742,1.302246,0.213928,0.078796,-0.112762,0.0,0.0,0.0,0.06401342411241404,-0.5853423943308486,1.9089779874830757,0.013,-0.0,0.0227
0.0121,-0.01001,-0.01416,1.312744,0.335999,0.322937,0.070343,0.0,0.0,0.0,0.061842350941026705,-0.5782244617579979,1.9103288399990008,0.013,-0.0,0.0227
0.0122,0.002686,-0.009521,1.302979,0.091858,0.170349,0.070343,0.0,0.0,0.0,0.05946464108367762,-0.5804743501527906,1.911100491215753,0.013,-0.0,0.0227
0.0119,0.004883,-0.004883,1.321533,0.397034,0.353455,0.161896,0.0,0.0,0.0,0.06339528902219227,-0.5817230080381589,1.9127455182460016,0.013,-0.0,0.0227
0.0113,-0.00708,-0.012939,1.298828,0.213928,0.292419,-0.082245,0.0,0.0,0.0,0.06028510138687283,-0.5769974349932727,1.9121757740214977,0.013,-0.0,0.0227
0.0122,-0.00415,-0.006348,1.319092,0.152893,0.109314,0.100861,0.0,0.0,0.0,0.06053490405806326,-0.5759019460194724,1.9134713737968174,0.013,-0.0,0.0227
0.012,-0.000488,-0.009766,1.308105,0.458069,0.017761,-0.02121,0.0,0.0,0.0,0.06238424228345799,-0.5781188525804328,1.9132492351277726,0.013,-0.0,0.0227
0.0125,-0.000732,-0.01123,1.317383,0.366516,0.109314,-0.051727,0.0,0.0,0.0,0.06247947945045133,-0.5789716840900846,1.9126894168086148,0.013,-0.0,0.0227
0.012,-0.003906,-0.010986,1.298584,0.244446,0.353455,-0.051727,0.0,0.0,0.0,0.06103139469689411,-0.5752185297967987,1.9122554935594345,0.013,-0.0,0.0227
0.0122,0.003662,-0.010254,1.320801,0.213928,-0.073792,-0.326385,0.0,0.0,0.0,0.05979810296554002,-0.5808674774580186,1.908175928874143,0.013,-0.0,0.0227
0.012,0.001221,-0.007568,1.307617,0.244446,0.139832,-0.14328,0.0,0.0,0.0,0.060415574748373106,-0.5825877206673322,1.9063688789638698,0.013,-0.0,0.0227
0.0113,-0.004395,-0.01123,1.310547,0.274963,0.41449,0.314484,0.0,0.0,0.0,0.05901492749471084,-0.5780187403670207,1.9101384640719556,0.013,-0.0,0.0227
0.0121,-0.001465,-0.009277,1.310791,0.274963,0.261902,0.009308,0.0,0.0,0.0,0.059021023708039286,-0.5767012577516474,1.9103040680150711,0.013,-0.0,0.0227
0.0126,-0.001465,-0.008301,1.316895,0.091858,0.170349,0.253448,0.0,0.0,0.0,0.05742587353026057,-0.5763781559606896,1.9135223705230817,0.013,-0.0,0.0227
0.012,0.001465,-0.008301,1.313477,0.397034,0.261902,0.039825,0.0,0.0,0.0,0.05943875472515214,-0.5767974750544352,1.9139239300895754,0.013,-0.0,0.0227
0.0113,0.013916,-0.006592,1.312988,0.183411,0.170349,-0.02121,0.0,0.0,0.0,0.05977293883913038,-0.5856641163123746,1.9131302851288186,0.013,-0.0,0.0227
0.0124,-0.008545,-0.014648,1.312988,0.152893,0.139832,0.345001,0.0,0.0,0.0,0.05518560077655765,-0.5815528622009507,1.917872650451451,0.013,-0.0,0.0227
0.0125,-0.008789,-0.011719,1.32251,0.335999,0.139832,-0.173798,0.0,0.0,0.0,0.054723544711045985,-0.5772941206696335,1.9160806787593245,0.013,-0.0,0.0227
0.0111,0.000977,-0.001953,1.298828,0.213928,-0.34845,0.222931,0.0,0.0,0.0,0.05809622097900743,-0.5844591247151827,1.9183050284682748,0.013,-0.0,0.0227
0.0122,0.001465,-0.006348,1.314941,0.244446,0.475525,0.253448,0.0,0.0,0.0,0.059453081132988514,-0.5821519531680192,1.9212744888700222,0.013,-0.0,0.0227
0.0125,-0.005127,-0.014404,1.303955,0.335999,0.41449,0.161896,0.0,0.0,0.0,0.05727296181408834,-0.5766949857713056,1.9236290933473845,0.013,-0.0,0.0227
0.0111,0.007324,-0.007324,1.317627,0.183411,0.017761,0.222931,0.0,0.0,0.0,0.05714591322470026,-0.5833895433229522,1.9257986532503633,0.013,-0.0,0.0227
0.0121,-0.000244,-0.007324,1.303711,0.427551,0.292419,-0.02121,0.0,0.0,0.0,0.06013497586957608,-0.5824076223880033,1.9255021353222157,0.013,-0.0,0.0227
0.0121,0.001221,-0.01001,1.311768,0.091858,0.567078,0.192413,0.0,0.0,0.0,0.05749147104906514,-0.5789510352786708,1.927820781528135,0.013,-0.0,0.0227
0.0119,-0.001709,-0.008301,1.304932,0.274963,0.109314,0.039825,0.0,0.0,0.0,0.05801736927389619,-0.5793639192860539,1.928330434111953,0.013,-0.0,0.0227
0.0128,-0.003906,-0.008545,1.313721,0.244446,0.170349,-0.02121,0.0,0.0,0.0,0.0582715532141716,-0.5775718856656025,1.9281799164816296,0.013,-0.0,0.0227
0.012,-0.006104,-0.013184,1.309326,0.427551,0.200867,0.039825,0.0,0.0,0.0,0.05777744176016499,-0.5743082894977111,1.928984776497872,0.013,-0.0,0.0227
0.0121,0.009521,-0.009521,1.299805,0.305481,0.628113,0.131378,0.0,0.0,0.0,0.057979921233894935,-0.5751814313128241,1.9302496230238066,0.013,-0.0,0.0227
0.0116,0.002197,-0.014404,1.310303,0.183411,-0.134827,0.070343,0.0,0.0,0.0,0.0538099568734917,-0.5807179424959205,1.9311405078966386,0.013,-0.0,0.0227
0.0114,-0.005615,-0.016113,1.31543,0.122375,0.322937,0.314484,0.0,0.0,0.0,0.04796579236331915,-0.5764281513635837,1.9351247513776337,0.013,-0.0,0.0227
0.0122,0.001465,-0.009033,1.311523,0.335999,0.200867,0.283966,0.0,0.0,0.0,0.048964092617070416,-0.5775427053565619,1.9385272392967057,0.013,-0.0,0.0227
0.0121,0.007324,-0.002441,1.303711,0.549622,0.109314,0.161896,0.0,0.0,0.0,0.056341142547511554,-0.5832529324889605,1.9400260810513632,0.013,-0.0,0.0227
0.0128,0.000977,-0.016357,1.30957,0.244446,0.41449,0.100861,0.0,0.0,0.0,0.05202459675929553,-0.5812035218657671,1.9415034544658607,0.013,-0.0,0.0227
0.0111,0.004639,-0.004395,1.3125,0.305481,0.231384,0.070343,0.0,0.0,0.0,0.05500900654123829,-0.5839904676117974,1.9419837178072312,0.013,-0.0,0.0227
0.0122,0.002441,-0.005127,1.307129,0.244446,0.628113,0.192413,0.0,0.0,0.0,0.05711460717468299,-0.5804714708369544,1.9441348673257648,0.013,-0.0,0.0227
0.0121,-0.009033,-0.012695,1.321777,0.335999,0.445007,0.131378,0.0,0.0,0.0,0.05590184828429341,-0.5724934465838931,1.9461547386858722,0.013,-0.0,0.0227
0.0115,0.002441,-0.008545,1.310303,0.183411,0.200867,0.100861,0.0,0.0,0.0,0.05515494100808259,-0.574362483944766,1.9472112095327523,0.013,-0.0,0.0227
0.0121,0.01123,-0.003418,1.312744,0.305481,0.017761,0.283966,0.0,0.0,0.0,0.05895190876366642,-0.5833832822803581,1.9500902658216102,0.013,-0.0,0.0227
0.0125,-0.006104,-0.019043,1.312988,0.213928,0.292419,0.314484,0.0,0.0,0.0,0.052591406251222876,-0.5788170357208058,1.9545491328570987,0.013,-0.0,0.0227
0.0121,-0.003906,-0.005615,1.320557,0.305481,-0.073792,0.009308,0.0,0.0,0.0,0.055170421573433694,-0.5800390817338593,1.9546988131803225,0.013,-0.0,0.0227
0.0123,0.006836,-0.003174,1.302979,0.397034,0.261902,-0.14328,0.0,0.0,0.0,0.06034252619801954,-0.5835687720000952,1.9525237925813057,0.013,-0.0,0.0227
0.011,-0.009766,-0.010742,1.30957,0.213928,-0.043274,0.314484,0.0,0.0,0.0,0.05848379794681851,-0.5809667612378768,1.956382408338953,0.013,-0.0,0.0227
0.0122,0.002441,-0.005127,1.315186,0.335999,-0.104309,-0.14328,0.0,0.0,0.0,0.061701681451396,-0.586253421848,1.9544416513074683,0.013,-0.0,0.0227
0.0121,-0.001221,-0.005127,1.305664,0.366516,0.078796,0.192413,0.0,0.0,0.0,0.0651748961168455,-0.5872173882866492,1.9567070749547555,0.013,-0.0,0.0227
0.0124,-0.000732,-0.008789,1.30957,0.305481,0.139832,0.131378,0.0,0.0,0.0,0.0658405602032952,-0.5876610853795626,1.9583714619139885,0.013,-0.0,0.0227
0.0123,-0.004395,-0.008057,1.312256,0.458069,0.475525,-0.02121,0.0,0.0,0.0,0.06877528495121303,-0.581874206762893,1.9582525926143264,0.013,-0.0,0.0227
0.0111,0.009766,-0.009277,1.312744,0.06134,0.292419,0.222931,0.0,0.0,0.0,0.06604676609282209,-0.5869636785082616,1.960419577415185,0.013,-0.0,0.0227
0.0122,-0.004639,-0.013184,1.312256,0.335999,-0.165344,0.100861,0.0,0.0,0.0,0.06446285955443283,-0.58882776313203,1.961952654650356,0.013,-0.0,0.0227
0.0123,-0.009521,-0.009521,1.316162,0.366516,0.353455,0.192413,0.0,0.0,0.0,0.06542783862535424,-0.5815213865357373,1.9646794129974916,0.013,-0.0,0.0227
0.0115,-0.002686,-0.006104,1.30542,0.427551,0.170349,0.039825,0.0,0.0,0.0,0.0687867931363867,-0.5806807711991743,1.9651528004059433,0.013,-0.0,0.0227
0.0121,-0.007812,-0.012939,1.31665,0.305481,-0.165344,-0.082245,0.0,0.0,0.0,0.0669578896532361,-0.5807300669458957,1.9645478190921457,0.013,-0.0,0.0227
0.0125,-0.003662,-0.010986,1.313477,0.305481,0.170349,0.253448,0.0,0.0,0.0,0.06634824350543964,-0.5791212513130857,1.9679060889186766,0.013,-0.0,0.0227
0.0121,0.002441,-0.011963,1.314453,0.183411,0.322937,0.253448,0.0,0.0,0.0,0.06359799053941717,-0.5793150482246767,1.9709792303771099,0.013,-0.0,0.0227
0.0113,0.007568,-0.004883,1.307129,0.305481,0.170349,0.314484,0.0,0.0,0.0,0.06621083139079731,-0.5845162386721241,1.974153141716585,0.013,-0.0,0.0227
0.0121,-0.001221,-0.006104,1.320068,0.458069,0.292419,-0.112762,0.0,0.0,0.0,0.07020832654219437,-0.5828480736239003,1.9727617530841675,0.013,-0.0,0.0227
0.0123,-0.008301,-0.011963,1.302979,0.152893,0.261902,0.222931,0.0,0.0,0.0,0.06705013214854753,-0.5774671789688933,1.9758870192184443,0.013,-0.0,0.0227
0.0119,0.001465,-0.003174,1.30835,0.366516,0.109314,-0.204315,0.0,0.0,0.0,0.0715843417335208,-0.57972551052256,1.9732404366206948,0.013,-0.0,0.0227
0.0126,0.000244,-0.007812,1.322021,0.366516,0.139832,-0.02121,0.0,0.0,0.0,0.0736109176733336,-0.5807047879083269,1.9729455629388328,0.013,-0.0,0.0227
0.0115,-0.007568,-0.016846,1.309814,0.091858,0.65863,0.131378,0.0,0.0,0.0,0.06678777582644845,-0.5714448852987957,1.9749562162863084,0.013,-0.0,0.0227
0.0123,0.003174,-0.009033,1.307373,0.397034,0.383972,0.283966,0.0,0.0,0.0,0.06835703786118587,-0.5713952833822622,1.978340986364064,0.013,-0.0,0.0227
0.012,0.007324,-0.003662,1.311768,0.305481,0.139832,-0.02121,0.0,0.0,0.0,0.07188107881416672,-0.5767377810090301,1.9776825472649777,0.013,-0.0,0.0227
0.0116,-0.015137,-0.015381,1.303467,0.122375,0.41449,0.406036,0.0,0.0,0.0,0.06622935142036185,-0.5658445908806826,1.9831082519510592,0.013,-0.0,0.0227
0.0121,-0.010498,-0.011475,1.31958,0.274963,0.048279,-0.112762,0.0,0.0,0.0,0.06492187169093294,-0.5619247273034587,1.9821678637950946,0.013,-0.0,0.0227
0.0125,0.008301,-0.007568,1.301025,0.183411,0.170349,0.222931,0.0,0.0,0.0,0.06480257582273632,-0.5676056295247071,1.9846086188576464,0.013,-0.0,0.0227
0.0119,-0.000244,-0.008789,1.313477,0.244446,0.200867,0.253448,0.0,0.0,0.0,0.06459669751881164,-0.5678648842020235,1.9876219448366725,0.013,-0.0,0.0227
0.0116,0.001953,-0.006836,1.311768,0.335999,0.048279,0.222931,0.0,0.0,0.0,0.0665124128915492,-0.5712211412391338,1.9900734476215312,0.013,-0.0,0.0227
0.0124,0.01001,-0.004883,1.309814,0.335999,0.383972,0.039825,0.0,0.0,0.0,0.0698321000589333,-0.5751019074060782,1.990106636484973,0.013,-0.0,0.0227
0.012,0.004639,-0.006104,1.307617,0.397034,0.475525,0.039825,0.0,0.0,0.0,0.0729947081980269,-0.5748917013643823,1.990351989117714,0.013,-0.0,0.0227
0.0121,0.003418,-0.016602,1.314209,0.213928,0.383972,0.253448,0.0,0.0,0.0,0.0678418354645957,-0.574968749539039,1.9935456909028233,0.013,-0.0,0.0227
0.0112,0.001465,-0.008057,1.312988,0.274963,0.41449,-0.02121,0.0,0.0,0.0,0.06823413957286538,-0.5739127446499971,1.993241369536711,0.013,-0.0,0.0227
0.0129,0.004395,-0.005371,1.312988,0.183411,0.261902,-0.204315,0.0,0.0,0.0,0.06950051456442617,-0.5758277929441756,1.9903569919512263,0.013,-0.0,0.0227
0.0112,-0.012939,-0.01416,1.305176,0.122375,0.200867,0.100861,0.0,0.0,0.0,0.06458572328237476,-0.5687598375826924,1.9921000726365994,0.013,-0.0,0.0227
0.012,-0.001953,-0.010254,1.317871,0.274963,0.139832,0.009308,0.0,0.0,0.0,0.06395926745659283,-0.5686867554430437,1.9923194081120335,0.013,-0.0,0.0227
0.0122,0.009033,-0.007324,1.309814,0.549622,-0.012756,0.192413,0.0,0.0,0.0,0.06837689635562146,-0.5768855473665722,1.9943071099393404,0.013,-0.0,0.0227
0.0118,0.001709,-0.012207,1.306641,0.397034,0.506042,0.253448,0.0,0.0,0.0,0.06788487101243597,-0.5746875762211835,1.9973512921757195,0.013,-0.0,0.0227
0.012,-0.003662,-0.01123,1.316162,0.213928,-0.104309,0.100861,0.0,0.0,0.0,0.06591788165075595,-0.5764712272622118,1.9987657839676365,0.013,-0.0,0.0227
0.0121,0.003906,-0.007568,1.303223,0.244446,0.261902,-0.02121,0.0,0.0,0.0,0.06648133416352683,-0.5783604987735051,1.998336601403875,0.013,-0.0,0.0227
0.012,-0.001465,-0.005371,1.320801,0.213928,-0.195862,0.070343,0.0,0.0,0.0,0.06793386875208678,-0.5824406590752988,1.9991336519932017,0.013,-0.0,0.0227
0.0125,-0.010498,-0.015381,1.303467,0.274963,0.53656,0.161896,0.0,0.0,0.0,0.06434230447391144,-0.5723229847351085,2.001733850284739,0.013,-0.0,0.0227
0.0117,-0.000732,-0.01123,1.311523,0.335999,0.170349,0.039825,0.0,0.0,0.0,0.06375436806293336,-0.5726496740110798,2.002295387939135,0.013,-0.0,0.0227
0.0123,-0.003418,-0.003906,1.304932,0.213928,0.109314,0.192413,0.0,0.0,0.0,0.06613637492077269,-0.5720863746583105,2.0046286951607586,0.013,-0.0,0.0227
0.0116,-0.004883,-0.00708,1.313721,0.397034,0.017761,-0.112762,0.0,0.0,0.0,0.0686348494399288,-0.5717538466632427,2.00343644260297,0.013,-0.0,0.0227
0.0117,-0.002441,-0.013428,1.305908,0.458069,0.322937,0.009308,0.0,0.0,0.0,0.06812098487502982,-0.5693538242449219,2.0037654036301573,0.013,-0.0,0.0227
0.0123,0.007812,-0.005371,1.307617,0.274963,0.017761,0.283966,0.0,0.0,0.0,0.07033372089711806,-0.5764860728196878,2.006878121960299,0.013,-0.0,0.0227
0.012,-0.000977,-0.009277,1.315186,0.305481,-0.104309,-0.051727,0.0,0.0,0.0,0.07057763831074558,-0.5798133618619478,2.006309495510318,0.013,-0.0,0.0227
0.0121,-0.009521,-0.014404,1.313721,0.213928,0.109314,0.192413,0.0,0.0,0.0,0.0667375769699368,-0.5756021061640973,2.0091400902331618,0.013,-0.0,0.0227
0.0117,0.005371,-0.008301,1.302979,0.244446,0.506042,0.009308,0.0,0.0,0.0,0.06676323696153726,-0.5756364274746734,2.0090425312710782,0.013,-0.0,0.0227
0.0123,-0.003906,-0.012695,1.317627,0.244446,0.017761,0.100861,0.0,0.0,0.0,0.06439595480136821,-0.5758067507666437,2.010534488644067,0.013,-0.0,0.0227
0.0125,-0.005859,-0.013428,1.318359,0.213928,0.139832,0.222931,0.0,0.0,0.0,0.061281549737319155,-0.5733274521289616,2.0136595178252974,0.013,-0.0,0.0227
0.0112,0.011719,-0.006348,1.302734,0.397034,0.292419,-0.112762,0.0,0.0,0.0,0.06409265927363321,-0.5797235671820133,2.0118966472460267,0.013,-0.0,0.0227
0.0128,0.00415,-0.003662,1.316162,0.397034,0.353455,0.161896,0.0,0.0,0.0,0.06903720545362844,-0.5802792484518909,2.0136745707849775,0.013,-0.0,0.0227
0.0117,-0.002686,-0.008301,1.312744,0.274963,-0.104309,-0.02121,0.0,0.0,0.0,0.06940837012940436,-0.5825576435284956,2.013510650651689,0.013,-0.0,0.0227
0.0121,0.001221,-0.010254,1.311768,0.274963,0.139832,-0.14328,0.0,0.0,0.0,0.06875988533826961,-0.5842103345005987,2.011787436640602,0.013,-0.0,0.0227
0.0121,0.002197,-0.002197,1.299072,0.274963,0.261902,0.009308,0.0,0.0,0.0,0.07280860517868251,-0.585053221855365,2.0116267809444506,0.013,-0.0,0.0227
0.0122,-0.009766,-0.006592,1.315674,0.213928,-0.012756,0.039825,0.0,0.0,0.0,0.07352806294953133,-0.5820984654371963,2.0123948165647123,0.013,-0.0,0.0227
0.0112,-0.000488,-0.007812,1.319092,0.397034,-0.012756,0.314484,0.0,0.0,0.0,0.07532711498004276,-0.5845339959552525,2.01591735043555,0.013,-0.0,0.0227
0.0124,0.005127,-0.006592,1.298828,0.06134,0.292419,0.070343,0.0,0.0,0.0,0.07417464030095242,-0.5866461084542611,2.0165565450546206,0.013,-0.0,0.0227
0.012,-0.000732,-0.008301,1.315186,0.244446,0.170349,0.131378,0.0,0.0,0.0,0.074197520966082,-0.586751967721673,2.018161787486434,0.013,-0.0,0.0227
0.0122,-0.006104,-0.016846,1.312744,0.427551,-0.073792,-0.112762,0.0,0.0,0.0,0.07152835496171302,-0.5866542866853311,2.0172554679147914,0.013,-0.0,0.0227
0.0112,0.003174,-0.010986,1.306641,0.152893,0.109314,0.100861,0.0,0.0,0.0,0.0687962988735872,-0.5899039152450349,2.0183508224480793,0.013,-0.0,0.0227
0.0126,-0.004639,-0.013428,1.300781,0.335999,0.261902,0.009308,0.0,0.0,0.0,0.0671411906839865,-0.5865270019154989,2.0187831041547293,0.013,-0.0,0.0227
0.0122,-0.006836,-0.007812,1.315186,0.274963,0.41449,0.070343,0.0,0.0,0.0,0.06794413826709692,-0.5801046315830447,2.0198601233814095,0.013,-0.0,0.0227
0.012,0.006104,-0.010498,1.302734,-0.030212,0.170349,0.283966,0.0,0.0,0.0,0.06344318343186882,-0.5843701364677799,2.0231018895675175,0.013,-0.0,0.0227
0.0118,0.000732,-0.010254,1.306641,0.274963,0.139832,0.039825,0.0,0.0,0.0,0.0627416451998126,-0.5857978602204191,2.0235927526169943,0.013,-0.0,0.0227
0.0122,-0.014648,-0.013672,1.313477,0.152893,0.41449,0.253448,0.0,0.0,0.0,0.058681368254429454,-0.5748451123838498,2.027349337579283,0.013,-0.0,0.0227
0.0121,0.005859,-0.006104,1.304688,0.305481,0.017761,0.131378,0.0,0.0,0.0,0.060890666032027106,-0.5808120923533255,2.0286388083290867,0.013,-0.0,0.0227
0.012,-0.001221,-0.010986,1.307373,0.274963,0.322937,-0.082245,0.0,0.0,0.0,0.0598566736998296,-0.5789275122601595,2.0277570464815455,0.013,-0.0,0.0227
0.0119,-0.011475,-0.011475,1.312744,0.152893,0.200867,0.100861,0.0,0.0,0.0,0.05707720368788474,-0.5725309942974548,2.02943483236489,0.013,-0.0,0.0227
0.0112,0.004395,-0.007324,1.304443,0.458069,0.506042,0.070343,0.0,0.0,0.0,0.060018618029719126,-0.5722611369605405,2.030008802051656,0.013,-0.0,0.0227
0.0122,0.003906,-0.004883,1.310303,0.152893,0.597595,0.161896,0.0,0.0,0.0,0.06111492675820208,-0.5700558057347761,2.0317217245377757,0.013,-0.0,0.0227
0.012,-0.00293,-0.010986,1.310059,0.335999,0.170349,0.283966,0.0,0.0,0.0,0.06077276011307537,-0.5690850814181143,2.0352874830749608,0.013,-0.0,0.0227
0.0126,0.005615,-0.006836,1.3125,0.397034,0.139832,0.283966,0.0,0.0,0.0,0.06381265068985442,-0.5733676228690704,2.0386012887284743,0.013,-0.0,0.0227
0.0121,0.0,-0.01001,1.310547,0.091858,0.200867,0.009308,0.0,0.0,0.0,0.061150429146523466,-0.5736841697872385,2.038745272123381,0.013,-0.0,0.0227
0.0114,-0.008301,-0.016357,1.317139,0.183411,0.048279,0.009308,0.0,0.0,0.0,0.05582437012351461,-0.5709989371934665,2.039361030687873,0.013,-0.0,0.0227
0.012,-0.005615,-0.012207,1.304443,0.305481,0.109314,0.039825,0.0,0.0,0.0,0.054472261962653055,-0.5691982925645896,2.0401230267762656,0.013,-0.0,0.0227
0.0123,-0.002686,-0.008057,1.322021,0.091858,-0.134827,0.039825,0.0,0.0,0.0,0.053078945601921244,-0.5719759018412831,2.040668673724774,0.013,-0.0,0.0227
0.0121,-0.002686,-0.008301,1.312744,0.213928,0.017761,0.222931,0.0,0.0,0.0,0.05296568550381716,-0.5729229339438292,2.0434288475196474,0.013,-0.0,0.0227
0.0122,-0.003906,-0.010742,1.315674,0.183411,0.292419,0.283966,0.0,0.0,0.0,0.05108443002038924,-0.569818781628832,2.0470709654839823,0.013,-0.0,0.0227
0.0121,0.014404,-0.007812,1.304199,0.000305,0.200867,0.131378,0.0,0.0,0.0,0.0487184732267673,-0.5786555772740075,2.04809134734981,0.013,-0.0,0.0227
0.0115,-0.002197,-0.007324,1.31665,0.274963,0.292419,0.161896,0.0,0.0,0.0,0.04980030521946665,-0.5766791737816579,2.0499771771077167,0.013,-0.0,0.0227
0.012,-0.001221,-0.011963,1.315918,0.305481,0.170349,0.039825,0.0,0.0,0.0,0.048690065606759224,-0.5765974128812836,2.050580859293204,0.013,-0.0,0.0227
0.0122,0.006348,-0.008057,1.311768,0.305481,0.292419,0.100861,0.0,0.0,0.0,0.04990506886768816,-0.5794433622636065,2.051551031755267,0.013,-0.0,0.0227
0.012,-0.000732,-0.00708,1.321533,0.305481,0.200867,0.131378,0.0,0.0,0.0,0.051622032243330125,-0.5792211577673885,2.053096865285422,0.013,-0.0,0.0227
0.0126,-0.006592,-0.014404,1.318359,0.091858,0.109314,0.375519,0.0,0.0,0.0,0.04655297985296542,-0.5766486450577092,2.058221428346252,0.013,-0.0,0.0227
0.011,0.002441,-0.007568,1.29834,0.335999,0.200867,0.131378,0.0,0.0,0.0,0.048026143027188405,-0.5786645837369777,2.059523009597108,0.013,-0.0,0.0227
0.0121,0.000732,-0.01001,1.309082,0.366516,0.200867,0.192413,0.0,0.0,0.0,0.048795216003405875,-0.5793618129094255,2.061850398032923,0.013,-0.0,0.0227
0.0121,0.00293,-0.008545,1.32959,-0.091248,0.139832,0.009308,0.0,0.0,0.0,0.044985918164446435,-0.5819030355207387,2.0618459938827236,0.013,-0.0,0.0227
0.0121,0.001953,-0.008301,1.293213,0.335999,0.200867,0.161896,0.0,0.0,0.0,0.04639513471959662,-0.5834002363961008,2.063705339914213,0.013,-0.0,0.0227
0.012,0.001221,-0.010254,1.324951,0.305481,0.231384,0.070343,0.0,0.0,0.0,0.04633023091755854,-0.5838779116429995,2.064549201846719,0.013,-0.0,0.0227
0.0116,-0.013428,-0.010986,1.311279,0.366516,0.170349,0.192413,0.0,0.0,0.0,0.046373569574934985,-0.5767106870703445,2.0673188841184333,0.013,-0.0,0.0227
0.0122,0.003418,-0.007812,1.306641,0.397034,0.200867,-0.082245,0.0,0.0,0.0,0.0488768167045855,-0.5789918897294796,2.066148754612671,0.013,-0.0,0.0227
0.0121,0.006836,-0.00293,1.30542,0.335999,-0.043274,0.161896,0.0,0.0,0.0,0.05340828753529993,-0.5862051758093038,2.0676754995590034,0.013,-0.0,0.0227
0.0122,-0.00708,-0.007568,1.304932,0.397034,0.383972,0.161896,0.0,0.0,0.0,0.05594681104379055,-0.5800502612557106,2.0698635627410056,0.013,-0.0,0.0227
0.0114,-0.009277,-0.015625,1.318848,0.397034,0.200867,0.070343,0.0,0.0,0.0,0.053514227988999685,-0.5750095912447089,2.0711919605930555,0.013,-0.0,0.0227
0.0123,0.003662,-0.004639,1.306641,0.305481,0.109314,0.009308,0.0,0.0,0.0,0.05671112655436769,-0.5785465495852923,2.0710400608384423,0.013,-0.0,0.0227
0.0121,-0.006348,-0.007568,1.299316,0.274963,0.109314,0.192413,0.0,0.0,0.0,0.05770463164214188,-0.5762491111498292,2.073546748377976,0.013,-0.0,0.0227
0.0121,-0.006592,-0.015625,1.31958,0.091858,-0.104309,0.131378,0.0,0.0,0.0,0.051864776207817175,-0.5763139965344138,2.0755578668331456,0.013,-0.0,0.0227
0.0121,0.003662,-0.010986,1.302246,0.244446,0.41449,-0.051727,0.0,0.0,0.0,0.05057181805491847,-0.57624277559893,2.07484903152391,0.013,-0.0,0.0227
0.0123,-0.00293,-0.013672,1.322266,0.397034,0.048279,0.467072,0.0,0.0,0.0,0.04963514498570036,-0.5765810110382837,2.0808290733437027,0.013,-0.0,0.0227
0.0111,-0.008789,-0.013428,1.317627,0.488586,0.078796,0.253448,0.0,0.0,0.0,0.0494027569809231,-0.573264431173212,2.084075939722391,0.013,-0.0,0.0227
0.0124,0.001953,-0.008301,1.304443,0.152893,0.383972,0.070343,0.0,0.0,0.0,0.04864884246450993,-0.5724575877784847,2.0848380671579547,0.013,-0.0,0.0227
0.0125,-0.001953,-0.012451,1.302246,0.397034,-0.226379,0.100861,0.0,0.0,0.0,0.04849222275116068,-0.5768989052522591,2.086250662355228,0.013,-0.0,0.0227
0.0113,-0.014648,-0.014404,1.321289,0.335999,0.506042,0.192413,0.0,0.0,0.0,0.04611624545768696,-0.5653888015452158,2.089093758432271,0.013,-0.0,0.0227
0.0121,0.001221,-0.01001,1.299805,0.152893,0.200867,0.070343,0.0,0.0,0.0,0.04434048623329741,-0.5665748234891037,2.0898937041920083,0.013,-0.0,0.0227
0.0121,0.004395,-0.008789,1.308838,0.183411,-0.012756,-0.14328,0.0,0.0,0.0,0.043707518492294845,-0.5720913268274137,2.0879622713645434,0.013,-0.0,0.0227
0.0122,-0.000977,-0.008301,1.311035,0.000305,0.139832,0.131378,0.0,0.0,0.0,0.04114267665486231,-0.5725651369303918,2.0895550793090334,0.013,-0.0,0.0227
0.0122,-0.003418,-0.01001,1.311035,0.122375,0.53656,0.009308,0.0,0.0,0.0,0.0390958040775919,-0.5668210084380042,2.089796187467934,0.013,-0.0,0.0227
0.0121,0.008545,-0.00708,1.296387,0.152893,0.231384,0.100861,0.0,0.0,0.0,0.039105693956648334,-0.5719721617089318,2.090611533315537,0.013,-0.0,0.0227
0.0114,0.00293,-0.00708,1.315918,0.244446,0.200867,0.253448,0.0,0.0,0.0,0.040047992297859825,-0.5741055323971291,2.0933183068058763,0.013,-0.0,0.0227
0.0122,-0.003906,-0.00708,1.301758,0.274963,0.322937,0.039825,0.0,0.0,0.0,0.04154994108040953,-0.5706857300124222,2.0938677799789702,0.013,-0.0,0.0227
0.0115,0.002197,-0.004883,1.317139,0.397034,0.322937,0.161896,0.0,0.0,0.0,0.0455126684534836,-0.5709863484888075,2.0955144711204863,0.013,-0.0,0.0227
0.0121,0.004639,-0.001221,1.29248,0.152893,0.231384,-0.112762,0.0,0.0,0.0,0.04893855950186713,-0.5738173676961676,2.093729649121376,0.013,-0.0,0.0227
0.0121,-0.009277,-0.018311,1.31665,0.030823,0.078796,0.100861,0.0,0.0,0.0,0.040895464706303515,-0.5701690078358674,2.0955418215937303,0.013,-0.0,0.0227
0.0123,0.003174,-0.01001,1.300049,0.458069,0.048279,0.070343,0.0,0.0,0.0,0.04291851475858806,-0.5742691230635807,2.0963010484906905,0.013,-0.0,0.0227
0.0123,0.009277,-0.00293,1.321533,0.274963,0.048279,0.009308,0.0,0.0,0.0,0.04684173866874436,-0.5816837263793803,2.0958988515530588,0.013,-0.0,0.0227
0.0118,-0.001221,-0.010986,1.286133,0.122375,0.353455,0.314484,0.0,0.0,0.0,0.04401325959814611,-0.5796321998073634,2.0997049246923045,0.013,-0.0,0.0227
0.0115,-0.000732,-0.007812,1.326172,0.580139,0.170349,-0.14328,0.0,0.0,0.0,0.04838383216288172,-0.5798210401807912,2.0980484384949913,0.013,-0.0,0.0227
0.0126,0.000732,-0.008789,1.290039,0.488586,0.139832,0.070343,0.0,0.0,0.0,0.05154248961691325,-0.5813029245575433,2.0988951414297587,0.013,-0.0,0.0227
0.0116,-0.008789,-0.010498,1.314697,0.335999,0.200867,0.131378,0.0,0.0,0.0,0.05148092044798277,-0.5765027326933923,2.100775760799534,0.013,-0.0,0.0227
0.0122,0.000977,-0.010742,1.306152,0.427551,0.139832,0.100861,0.0,0.0,0.0,0.052562805987485695,-0.5781026921271741,2.102018089589873,0.013,-0.0,0.0227
0.0119,0.00415,-0.006592,1.328613,0.366516,0.353455,0.131378,0.0,0.0,0.0,0.05523006778450082,-0.5788781755638378,2.103369036031454,0.013,-0.0,0.0227
0.0125,-0.004639,-0.010742,1.297852,0.305481,0.445007,0.222931,0.0,0.0,0.0,0.054848340485274066,-0.5733932325439683,2.10637256473002,0.013,-0.0,0.0227
0.0121,-0.002197,-0.012207,1.31958,0.488586,0.261902,0.161896,0.0,0.0,0.0,0.05576028615964424,-0.5716482495333862,2.108503820969334,0.013,-0.0,0.0227
0.0114,-0.000244,-0.010254,1.306641,0.366516,0.048279,0.070343,0.0,0.0,0.0,0.056062188471437444,-0.5737242874147251,2.109344057643394,0.013,-0.0,0.0227
0.0122,-0.009766,-0.010254,1.326416,0.427551,-0.134827,0.100861,0.0,0.0,0.0,0.05742994651976609,-0.5723412210272542,2.110954628099174,0.013,-0.0,0.0227
0.0122,0.009033,-0.010742,1.287842,0.183411,0.719666,0.406036,0.0,0.0,0.0,0.05541509450319342,-0.5718996846873957,2.1156180536521227,0.013,-0.0,0.0227
0.012,0.000244,-0.009766,1.319824,0.274963,0.200867,-0.02121,0.0,0.0,0.0,0.055173909316676054,-0.5723299737289474,2.1153735535574074,0.013,-0.0,0.0227
0.0115,-0.007324,-0.013184,1.316406,0.427551,-0.043274,0.100861,0.0,0.0,0.0,0.05453441603364378,-0.5712663841301505,2.116914992447106,0.013,-0.0,0.0227
0.0121,0.001953,-0.012695,1.307373,0.519104,0.200867,0.161896,0.0,0.0,0.0,0.05549562796970872,-0.5727648601598249,2.1189024129603693,0.013,-0.0,0.0227
0.0122,0.003174,-0.008301,1.302002,0.213928,0.292419,0.161896,0.0,0.0,0.0,0.055369962951218925,-0.5738808302733539,2.1207282681571225,0.013,-0.0,0.0227
0.0121,-0.000488,-0.005859,1.316895,0.274963,-0.104309,0.009308,0.0,0.0,0.0,0.05741324850060214,-0.5775196523980003,2.1207581327046134,0.013,-0.0,0.0227
0.0121,-0.001221,-0.010986,1.312988,0.152893,0.231384,-0.14328,0.0,0.0,0.0,0.05500646483604894,-0.5766976799131907,2.1191259593021408,0.013,-0.0,0.0227
0.0121,0.002686,-0.008301,1.313232,0.213928,0.170349,0.039825,0.0,0.0,0.0,0.0548961805632732,-0.5788893791455115,2.1194855478514034,0.013,-0.0,0.0227
0.0123,0.000732,-0.01001,1.314453,0.335999,0.170349,-0.112762,0.0,0.0,0.0,0.05534037236076063,-0.5798788915941829,2.1181026584896983,0.013,-0.0,0.0227
0.0109,-0.010498,-0.015869,1.304932,0.183411,0.231384,0.070343,0.0,0.0,0.0,0.0502041906194908,-0.5739310204963936,2.1194573329509248,0.013,-0.0,0.0227
0.0122,0.005127,-0.008545,1.307373,0.366516,0.139832,-0.082245,0.0,0.0,0.0,0.05187307112487262,-0.577968248939849,2.118238738155764,0.013,-0.0,0.0227
0.012,0.007568,-0.005127,1.321289,0.335999,0.048279,-0.082245,0.0,0.0,0.0,0.055087883713012216,-0.5843651632765248,2.1168579145321567,0.013,-0.0,0.0227
0.012,-0.001465,-0.015381,1.313721,0.152893,0.139832,0.406036,0.0,0.0,0.0,0.05007597248443391,-0.5844404445178949,2.1219834694718003,0.013,-0.0,0.0227
0.0126,0.000244,-0.005615,1.312744,0.427551,0.292419,-0.112762,0.0,0.0,0.0,0.054367890745326754,-0.5835261666802157,2.120450436452473,0.013,-0.0,0.0227
0.0122,0.003418,-0.005371,1.314941,0.519104,0.200867,-0.02121,0.0,0.0,0.0,0.059682141928690015,-0.5856745309801736,2.1199612837179402,0.013,-0.0,0.0227
0.011,-0.014893,-0.014404,1.31543,0.183411,0.475525,-0.112762,0.0,0.0,0.0,0.05544052167052006,-0.5744133282790754,2.1194349373074814,0.013,-0.0,0.0227
0.0121,0.003662,-0.010254,1.304443,0.458069,0.261902,0.222931,0.0,0.0,0.0,0.05707373393362489,-0.5761696343234499,2.1220279261680206,0.013,-0.0,0.0227
0.0122,0.000244,-0.004639,1.316895,0.213928,0.200867,0.131378,0.0,0.0,0.0,0.05908280600402604,-0.5765352874205121,2.1234872978883135,0.013,-0.0,0.0227
0.0122,-0.008301,-0.01123,1.312012,0.305481,0.078796,0.222931,0.0,0.0,0.0,0.05832759942811134,-0.5734310630706574,2.1265744338111183,0.013,-0.0,0.0227
0.0121,0.003662,-0.009766,1.310303,0.213928,0.322937,0.161896,0.0,0.0,0.0,0.0573105038374143,-0.5744215788666367,2.128416215057859,0.013,-0.0,0.0227
0.012,0.004883,-0.004883,1.314209,0.091858,0.200867,0.070343,0.0,0.0,0.0,0.05769104349112842,-0.5775596428446795,2.1289533889597645,0.013,-0.0,0.0227
0.0122,-0.006104,-0.011719,1.30249,0.122375,0.261902,0.314484,0.0,0.0,0.0,0.05441201940841532,-0.5735512168653633,2.1330929789064133,0.013,-0.0,0.0227
0.0123,-0.011719,-0.007324,1.312988,0.366516,0.567078,-0.173798,0.0,0.0,0.0,0.056799350079306296,-0.5625267337969012,2.13132467040433,0.013,-0.0,0.0227
0.011,0.009033,-0.006348,1.309326,0.030823,0.017761,0.070343,0.0,0.0,0.0,0.05557748994941754,-0.570436597388319,2.1316742898118965,0.013,-0.0,0.0227
0.0122,-0.009766,-0.01123,1.324707,0.366516,-0.226379,0.222931,0.0,0.0,0.0,0.055633856300643804,-0.5701996592669676,2.1348043916506247,0.013,-0.0,0.0227
0.0122,0.000732,-0.007324,1.307373,0.183411,0.292419,-0.14328,0.0,0.0,0.0,0.05575423077141966,-0.5698685201303457,2.132967745839224,0.013,-0.0,0.0227
0.0123,0.007812,-0.008545,1.309082,0.244446,0.048279,-0.051727,0.0,0.0,0.0,0.05591258879401129,-0.5766059499284879,2.132025715795468,0.013,-0.0,0.0227
0.0121,-0.000732,-0.009277,1.30542,0.183411,0.383972,0.131378,0.0,0.0,0.0,0.05483186063114785,-0.5743027582376858,2.1336470098366287,0.013,-0.0,0.0227
0.0121,-0.001221,-0.009277,1.312256,0.244446,0.231384,-0.051727,0.0,0.0,0.0,0.05452863397864919,-0.5735207705341494,2.13306979709833,0.013,-0.0,0.0227
0.0111,0.004883,-0.00293,1.308594,0.366516,0.231384,0.070343,0.0,0.0,0.0,0.05901299901951305,-0.5765560939292513,2.133485399973916,0.013,-0.0,0.0227
0.0122,0.0,-0.009033,1.313721,0.213928,0.292419,-0.051727,0.0,0.0,0.0,0.058470803383518635,-0.575689138709036,2.132860313604071,0.013,-0.0,0.0227
0.0122,-0.000488,-0.007812,1.309814,0.366516,-0.073792,-0.14328,0.0,0.0,0.0,0.060490893280876014,-0.5789935954482515,2.13109548650313,0.013,-0.0,0.0227
0.0121,0.004395,-0.003418,1.321289,0.335999,-0.073792,0.192413,0.0,0.0,0.0,0.06460329542214277,-0.5850106583813033,2.133107845017584,0.013,-0.0,0.0227
0.0122,0.005371,-0.015625,1.30835,0.213928,0.109314,0.009308,0.0,0.0,0.0,0.060134302798042216,-0.5894405355394634,2.1332567391309927,0.013,-0.0,0.0227
0.0114,-0.00708,-0.017578,1.304688,0.366516,0.292419,0.314484,0.0,0.0,0.0,0.05607362185345389,-0.5845927176755851,2.1373846976423274,0.013,-0.0,0.0227
0.0121,0.001709,-0.008057,1.310547,0.213928,0.231384,-0.02121,0.0,0.0,0.0,0.05609983321185162,-0.5854187103921715,2.1370437837817975,0.013,-0.0,0.0227
0.0126,0.001709,-0.005127,1.314453,0.427551,0.445007,0.131378,0.0,0.0,0.0,0.06058250654827982,-0.5834350450066711,2.1385291024885285,0.013,-0.0,0.0227
0.0121,-0.007324,-0.013428,1.302979,0.183411,0.353455,-0.051727,0.0,0.0,0.0,0.05703424597639724,-0.5775726865137394,2.138316866221744,0.013,-0.0,0.0227
0.0116,-0.002197,-0.013672,1.314941,0.213928,-0.043274,-0.02121,0.0,0.0,0.0,0.053688162506953324,-0.5794396123657042,2.1382965986332363,0.013,-0.0,0.0227
0.0122,0.001709,-0.005371,1.314697,0.274963,0.048279,-0.02121,0.0,0.0,0.0,0.05606224067374521,-0.5824794619155966,2.137864396852197,0.013,-0.0,0.0227
0.0123,-0.002441,-0.008057,1.305176,0.274963,0.445007,0.314484,0.0,0.0,0.0,0.05682068415376318,-0.5782997445107031,2.1417963105181768,0.013,-0.0,0.0227
0.0111,-0.007812,-0.015869,1.305176,0.183411,0.567078,0.100861,0.0,0.0,0.0,0.051701936290200645,-0.5702050723048412,2.1434129117299583,0.013,-0.0,0.0227
0.0123,-0.004883,-0.007568,1.316895,0.122375,0.078796,0.100861,0.0,0.0,0.0,0.05097841903478763,-0.5691255486287501,2.144777181703518,0.013,-0.0,0.0227
0.012,0.007324,0.000732,1.3125,0.458069,0.017761,0.039825,0.0,0.0,0.0,0.059043945361327316,-0.5759258119913533,2.1446845069550284,0.013,-0.0,0.0227
0.0123,-0.002686,-0.013428,1.30957,0.427551,0.292419,0.161896,0.0,0.0,0.0,0.058522201815395164,-0.5735016135857692,2.1469122229123667,0.013,-0.0,0.0227
0.012,0.001221,-0.012939,1.312256,0.274963,0.109314,0.039825,0.0,0.0,0.0,0.05637773419849919,-0.5756221674656709,2.1474657966000454,0.013,-0.0,0.0227
0.0123,0.00708,-0.006104,1.308105,0.519104,0.200867,-0.112762,0.0,0.0,0.0,0.06130361724912828,-0.5800266137445192,2.1457320303133174,0.013,-0.0,0.0227
0.011,-0.000732,-0.007812,1.311279,0.397034,0.41449,0.070343,0.0,0.0,0.0,0.06316997571844502,-0.577732532391614,2.146505082123166,0.013,-0.0,0.0227
0.013,-0.003906,-0.009277,1.3125,0.427551,0.475525,0.009308,0.0,0.0,0.0,0.06534545771978581,-0.5720036885548551,2.146786887684063,0.013,-0.0,0.0227
0.011,0.007568,-0.005615,1.313477,0.335999,0.261902,-0.112762,0.0,0.0,0.0,0.06780534674258966,-0.5762600061554826,2.1451756587155155,0.013,-0.0,0.0227
0.0122,-0.004639,-0.015381,1.306641,0.244446,0.048279,0.161896,0.0,0.0,0.0,0.06379134268881123,-0.5756829506812411,2.14753084779938,0.013,-0.0,0.0227
0.0121,-0.000488,-0.010254,1.322266,0.427551,0.017761,0.283966,0.0,0.0,0.0,0.06500645596595518,-0.5778100881928512,2.1510339007122914,0.013,-0.0,0.0227
0.0122,0.007812,-0.006104,1.303223,0.152893,0.261902,-0.26535,0.0,0.0,0.0,0.06538645396184495,-0.5819444538673186,2.1474258430466766,0.013,-0.0,0.0227
0.012,-0.000488,-0.006836,1.307373,0.335999,0.200867,-0.082245,0.0,0.0,0.0,0.0674585726776361,-0.5819243910404559,2.146402208367932,0.013,-0.0,0.0227
0.0123,-0.010254,-0.013428,1.313721,0.305481,0.139832,0.100861,0.0,0.0,0.0,0.06538465185081939,-0.5768695479146644,2.148170721540954,0.013,-0.0,0.0227
0.0124,0.001221,-0.006348,1.314697,0.274963,0.078796,0.070343,0.0,0.0,0.0,0.06711090504008003,-0.5792727614003351,2.1489245090294933,0.013,-0.0,0.0227
0.0109,-0.001709,-0.007812,1.307373,0.397034,0.322937,0.406036,0.0,0.0,0.0,0.0688350397805633,-0.5774743592172884,2.1533870629046254,0.013,-0.0,0.0227
0.012,-0.002441,-0.008789,1.308105,0.397034,0.200867,-0.112762,0.0,0.0,0.0,0.07046195258721023,-0.5763542888289318,2.1521272194861765,0.013,-0.0,0.0227
0.0121,0.005127,-0.007324,1.316406,0.305481,0.261902,0.070343,0.0,0.0,0.0,0.07185787176835834,-0.5788407449189203,2.1527565450945505,0.013,-0.0,0.0227
0.0125,0.002686,-0.010254,1.306396,0.183411,0.170349,0.070343,0.0,0.0,0.0,0.07012242499485404,-0.5809966127026506,2.153594085656535,0.013,-0.0,0.0227
0.0123,-0.001953,-0.009033,1.306641,0.213928,0.170349,-0.051727,0.0,0.0,0.0,0.06946774460595395,-0.5804482040941062,2.153045741909386,0.013,-0.0,0.0227
0.0117,0.001709,-0.00708,1.309326,0.397034,0.445007,-0.082245,0.0,0.0,0.0,0.07196307141649409,-0.5789467185727049,2.1519794006706547,0.013,-0.0,0.0227
0.0123,-0.012939,-0.011719,1.312012,0.091858,-0.073792,-0.02121,0.0,0.0,0.0,0.06824428352677489,-0.5749592505101339,2.1522850591496026,0.013,-0.0,0.0227
0.0115,-0.004395,-0.011719,1.316895,0.366516,0.231384,0.222931,0.0,0.0,0.0,0.06760926724337875,-0.5724410615650166,2.155101534861509,0.013,-0.0,0.0227
0.0122,0.007568,-0.006592,1.297852,0.335999,0.261902,0.131378,0.0,0.0,0.0,0.06983379718580468,-0.5765501717905454,2.1563528182828153,0.013,-0.0,0.0227
0.0122,-0.000977,-0.010742,1.30957,0.335999,0.200867,-0.26535,0.0,0.0,0.0,0.06966986507909728,-0.576245397308831,2.1532178351976854,0.013,-0.0,0.0227
0.0121,-0.003906,-0.008789,1.321533,0.427551,0.200867,0.009308,0.0,0.0,0.0,0.07169792243893622,-0.5742005096580831,2.1534795592217133,0.013,-0.0,0.0227
0.0115,0.008789,-0.004883,1.297607,0.549622,0.078796,-0.02121,0.0,0.0,0.0,0.07710286591963757,-0.5812721742906093,2.152790351429275,0.013,-0.0,0.0227
0.0125,0.00415,-0.008789,1.31958,0.244446,0.475525,0.192413,0.0,0.0,0.0,0.07693222987141553,-0.5803765582858188,2.1550686149852596,0.013,-0.0,0.0227
0.0111,-0.005615,-0.010498,1.308105,0.274963,0.292419,0.070343,0.0,0.0,0.0,0.07576216665918445,-0.5765501441679458,2.156123745085336,0.013,-0.0,0.0227
0.012,0.004883,-0.00293,1.315674,0.213928,0.139832,0.070343,0.0,0.0,0.0,0.07853408086490066,-0.5803735249048703,2.156617693173193,0.013,-0.0,0.0227
0.0126,0.004639,-0.008301,1.310303,0.458069,0.261902,-0.051727,0.0,0.0,0.0,0.08133627710933636,-0.5824604426107935,2.155806243679503,0.013,-0.0,0.0227
0.0122,-0.001465,-0.011719,1.322998,0.397034,0.231384,-0.204315,0.0,0.0,0.0,0.08125374786678134,-0.58136170357226,2.1534901996357405,0.013,-0.0,0.0227
0.0113,0.001953,-0.009277,1.304443,0.702209,0.048279,0.192413,0.0,0.0,0.0,0.08556194996171368,-0.5846431320253342,2.155632315498328,0.013,-0.0,0.0227
0.0123,0.000488,-0.006836,1.317871,0.274963,0.383972,0.345001,0.0,0.0,0.0,0.08673866242644239,-0.5828123963304166,2.159827278820638,0.013,-0.0,0.0227
0.0123,0.003174,-0.004395,1.316406,0.458069,0.109314,0.009308,0.0,0.0,0.0,0.09158807590675318,-0.5859079819358882,2.1597154806499113,0.013,-0.0,0.0227
0.0122,-0.001953,-0.008057,1.311279,0.305481,0.231384,0.100861,0.0,0.0,0.0,0.09235360606448065,-0.5845642278324803,2.161028538233348,0.013,-0.0,0.0227
0.0114,0.000732,-0.007568,1.30957,0.335999,0.139832,0.039825,0.0,0.0,0.0,0.09350737230115883,-0.5860230126898712,2.1614509477594805,0.013,-0.0,0.0227
0.012,-0.001953,-0.01001,1.312012,0.030823,0.200867,0.009308,0.0,0.0,0.0,0.08980975685753086,-0.5850786312150835,2.1617089065704427,0.013,-0.0,0.0227
0.0122,-0.001953,-0.012451,1.309082,0.305481,0.322937,0.009308,0.0,0.0,0.0,0.08804019380524,-0.5826478403244434,2.1620482100512666,0.013,-0.0,0.0227
0.0125,0.008057,-0.009033,1.302002,0.091858,0.170349,0.039825,0.0,0.0,0.0,0.08571214914172146,-0.5879532717443289,2.1622886045012475,0.013,-0.0,0.0227
0.0112,0.001465,-0.003662,1.315186,0.488586,0.261902,-0.02121,0.0,0.0,0.0,0.09084158139773384,-0.5884365044497079,2.161864944286011,0.013,-0.0,0.0227
0.0122,-0.01001,-0.015625,1.318848,0.335999,-0.043274,0.131378,0.0,0.0,0.0,0.08761031572065694,-0.5856725999646285,2.1640911190636527,0.013,-0.0,0.0227
0.0117,-0.005615,-0.012939,1.312256,0.06134,0.078796,0.283966,0.0,0.0,0.0,0.08258375348346034,-0.5840776340598753,2.1677805824605527,0.013,-0.0,0.0227
0.0123,-0.003906,-0.005859,1.316162,0.335999,-0.043274,-0.051727,0.0,0.0,0.0,0.08514859544274232,-0.584907800205876,2.167213060223539,0.013,-0.0,0.0227
0.0122,-0.008789,-0.010254,1.317627,0.244446,0.109314,-0.051727,0.0,0.0,0.0,0.0839997121987752,-0.5810444368947418,2.166970680551727,0.013,-0.0,0.0227
0.0121,0.002686,-0.011475,1.304932,0.335999,0.292419,0.222931,0.0,0.0,0.0,0.08315595958863939,-0.5817973029801154,2.169672794331263,0.013,-0.0,0.0227
0.0122,-0.000732,-0.006104,1.30957,0.366516,0.292419,0.100861,0.0,0.0,0.0,0.08588385414327064,-0.5804816727742601,2.170862901616086,0.013,-0.0,0.0227
0.0113,0.002686,-0.003418,1.315186,0.152893,0.139832,-0.051727,0.0,0.0,0.0,0.08745113597455992,-0.5830896322429583,2.17002872106069,0.013,-0.0,0.0227
0.0128,-0.00293,-0.015625,1.312744,0.397034,0.475525,0.222931,0.0,0.0,0.0,0.08517949970824956,-0.5779704279627899,2.1732370707382094,0.013,-0.0,0.0227
0.0112,-0.000488,-0.006104,1.307129,0.305481,-0.012756,0.039825,0.0,0.0,0.0,0.08685557318136966,-0.5805205857027352,2.173628113029475,0.013,-0.0,0.0227
0.0122,0.003662,-0.006104,1.31665,0.366516,0.261902,0.009308,0.0,0.0,0.0,0.08956237424894906,-0.5820871019304285,2.1735472365621775,0.013,-0.0,0.0227
0.0121,-0.005127,-0.015137,1.300781,0.122375,0.231384,0.100861,0.0,0.0,0.0,0.08395542810676189,-0.5790017457606818,2.175182969549755,0.013,-0.0,0.0227
0.0119,0.005615,-0.009277,1.317139,0.244446,0.109314,0.039825,0.0,0.0,0.0,0.08330360978061647,-0.5835870376346504,2.1754850559752965,0.013,-0.0,0.0227
0.0121,0.00708,-0.000732,1.296631,0.397034,0.017761,0.100861,0.0,0.0,0.0,0.08951685751496236,-0.5902522475954648,2.1761940613936903,0.013,-0.0,0.0227
0.0123,-0.007568,-0.009766,1.320312,0.458069,0.322937,0.161896,0.0,0.0,0.0,0.09120813513015712,-0.5844251615796298,2.1785295599500007,0.013,-0.0,0.0227
0.0113,-0.002441,-0.011475,1.297852,0.091858,-0.195862,-0.14328,0.0,0.0,0.0,0.08731959242798715,-0.5878647630302087,2.1771073281246367,0.013,-0.0,0.0227
0.0122,0.003418,-0.005615,1.318848,0.183411,0.170349,0.100861,0.0,0.0,0.0,0.08808437708541182,-0.5903017291073612,2.1781406258082328,0.013,-0.0,0.0227
0.0127,0.00293,-0.010742,1.293701,0.091858,0.170349,0.100861,0.0,0.0,0.0,0.0847393866926036,-0.5925524723739392,2.179404085598611,0.013,-0.0,0.0227
0.012,-0.002686,-0.011963,1.321289,0.213928,-0.012756,0.039825,0.0,0.0,0.0,0.08219092362853164,-0.5936019573058626,2.1801156410890585,0.013,-0.0,0.0227
0.0116,-0.001221,-0.004883,1.311768,0.274963,0.292419,0.100861,0.0,0.0,0.0,0.08437391682593573,-0.592037200367447,2.1812321402072996,0.013,-0.0,0.0227
0.0121,-0.000488,-0.005371,1.314209,0.213928,0.475525,0.192413,0.0,0.0,0.0,0.08564405724045726,-0.5885648367911219,2.1834998758427164,0.013,-0.0,0.0227
0.0123,-0.003906,-0.01001,1.307129,0.335999,-0.165344,-0.02121,0.0,0.0,0.0,0.08573980439249831,-0.5908789345397112,2.1834456220402783,0.013,-0.0,0.0227
0.0121,-0.002686,-0.010254,1.312256,0.519104,0.261902,0.131378,0.0,0.0,0.0,0.08781120671657844,-0.5887088722284654,2.18521223083266,0.013,-0.0,0.0227
0.0112,0.006836,-0.00415,1.30127,0.305481,0.261902,0.192413,0.0,0.0,0.0,0.09058564640566333,-0.5924399339197928,2.1869912229523107,0.013,-0.0,0.0227
0.0123,0.002441,-0.01123,1.311768,0.213928,-0.043274,0.039825,0.0,0.0,0.0,0.08844069088693941,-0.5969016748966973,2.1875071246065967,0.013,-0.0,0.0227
0.0115,-0.01416,-0.009521,1.322021,0.458069,0.109314,0.436554,0.0,0.0,0.0,0.08989885539061018,-0.5898880536610196,2.193102045344193,0.013,-0.0,0.0227
0.0121,0.006592,-0.006104,1.299805,0.366516,-0.043274,-0.14328,0.0,0.0,0.0,0.0925472217651973,-0.596891646602847,2.191062956848257,0.013,-0.0,0.0227
0.0122,-0.001465,-0.011719,1.315674,0.397034,0.231384,0.161896,0.0,0.0,0.0,0.09228464553351558,-0.5956913012725639,2.193227597717849,0.013,-0.0,0.0227
0.0125,-0.003174,-0.008057,1.305176,0.366516,0.200867,0.161896,0.0,0.0,0.0,0.09387151605563504,-0.5938759116727463,2.195378490664055,0.013,-0.0,0.0227
0.0122,0.008789,-0.005615,1.310059,0.000305,0.231384,-0.082245,0.0,0.0,0.0,0.09237530258994647,-0.598719949085658,2.193985612484203,0.013,-0.0,0.0227
0.012,0.007324,-0.005127,1.320312,0.213928,0.506042,0.161896,0.0,0.0,0.0,0.09368763653393453,-0.5993471092486924,2.195593229767261,0.013,-0.0,0.0227
0.0116,-0.005859,-0.01416,1.322266,0.397034,0.139832,0.161896,0.0,0.0,0.0,0.09178580040366395,-0.596732647355803,2.1979092867449888,0.013,-0.0,0.0227
0.0114,-0.00293,-0.012207,1.308838,0.366516,0.231384,0.222931,0.0,0.0,0.0,0.09056374145926174,-0.5949035814874645,2.200710864196148,0.013,-0.0,0.0227
0.0123,0.000488,-0.00293,1.308105,0.030823,0.170349,0.192413,0.0,0.0,0.0,0.09100636514738587,-0.5956295159628966,2.202898951072888,0.013,-0.0,0.0227
0.0121,-0.009277,-0.013184,1.314453,0.397034,0.048279,0.131378,0.0,0.0,0.0,0.08986835130214803,-0.5921257961126395,2.2050070407924003,0.013,-0.0,0.0227
0.0123,0.001953,-0.009766,1.30957,0.152893,0.353455,-0.051727,0.0,0.0,0.0,0.08784575122864854,-0.591493423462779,2.2043615464492454,0.013,-0.0,0.0227
0.0121,0.005615,-0.005127,1.312256,0.427551,0.170349,0.222931,0.0,0.0,0.0,0.09177570447287739,-0.5952478788982996,2.2067649849534168,0.013,-0.0,0.0227
0.0122,-0.008057,-0.013428,1.315674,0.213928,0.200867,0.222931,0.0,0.0,0.0,0.08830392390634717,-0.5906059339698977,2.2099680752914197,0.013,-0.0,0.0227
0.0111,-0.001953,-0.010254,1.310791,0.183411,0.292419,0.100861,0.0,0.0,0.0,0.08615566198787757,-0.5887950546865454,2.2112342001743857,0.013,-0.0,0.0227
0.012,0.006836,-0.006836,1.305176,0.244446,0.322937,0.222931,0.0,0.0,0.0,0.08688782538407212,-0.5915537024084853,2.2136159394601873,0.013,-0.0,0.0227
0.0123,-0.002441,-0.008057,1.31543,0.427551,0.078796,-0.173798,0.0,0.0,0.0,0.0892615732693541,-0.5916718265851307,2.2115746118559185,0.013,-0.0,0.0227
0.0124,-0.009521,-0.012451,1.299316,0.274963,0.41449,0.070343,0.0,0.0,0.0,0.08713880478504912,-0.5835926511174759,2.212949399408107,0.013,-0.0,0.0227
0.0122,-0.000977,-0.007812,1.311279,0.213928,-0.012756,-0.26535,0.0,0.0,0.0,0.08703328265768831,-0.5857825513314493,2.209733050514994,0.013,-0.0,0.0227
0.0111,0.003174,-0.002686,1.3125,0.641174,0.139832,0.222931,0.0,0.0,0.0,0.09431830643052685,-0.5886715796308924,2.211917896721446,0.013,-0.0,0.0227
0.0125,-0.001953,-0.010742,1.309326,0.366516,0.53656,0.161896,0.0,0.0,0.0,0.0943255077423859,-0.5834670410357125,2.2141105853470373,0.013,-0.0,0.0227
0.0123,0.00415,-0.009277,1.303467,0.091858,0.261902,-0.02121,0.0,0.0,0.0,0.09178165789259288,-0.5853749783448592,2.2137344190618564,0.013,-0.0,0.0227
0.0113,0.002197,-0.007568,1.304688,0.244446,0.170349,-0.14328,0.0,0.0,0.0,0.09189989344606794,-0.5873848978261741,2.2120180858273195,0.013,-0.0,0.0227
0.0123,-0.012207,-0.01001,1.312256,0.152893,-0.043274,0.039825,0.0,0.0,0.0,0.08970884420209756,-0.5833695274984915,2.213021908988626,0.013,-0.0,0.0227
0.0119,0.007568,-0.008301,1.30249,0.091858,0.109314,0.070343,0.0,0.0,0.0,0.08773935490879349,-0.5891879940779363,2.2135780245779695,0.013,-0.0,0.0227
0.0123,0.008789,-0.004639,1.30835,0.152893,0.261902,0.192413,0.0,0.0,0.0,0.08870005625499605,-0.5937050797160273,2.215511083184097,0.013,-0.0,0.0227
0.0117,-0.004395,-0.013428,1.310059,0.030823,-0.043274,-0.051727,0.0,0.0,0.0,0.0830534691185625,-0.5941538464054754,2.215251299473402,0.013,-0.0,0.0227
0.0126,-0.002441,-0.009277,1.319336,0.244446,0.078796,0.039825,0.0,0.0,0.0,0.08257999987917512,-0.5942051606465734,2.2158888035574154,0.013,-0.0,0.0227
0.0116,0.009521,-0.002441,1.306641,0.274963,0.170349,0.222931,0.0,0.0,0.0,0.08617224235886349,-0.6003468676558358,2.217939282366155,0.013,-0.0,0.0227
0.0124,-0.005859,-0.019043,1.324463,0.183411,0.139832,0.192413,0.0,0.0,0.0,0.07922386618052178,-0.59760236094649,2.22091992295373,0.013,-0.0,0.0227
0.0111,0.000977,-0.010986,1.303711,0.305481,0.017761,0.039825,0.0,0.0,0.0,0.078072138949166,-0.6004906435368009,2.221422879086724,0.013,-0.0,0.0227
0.0123,0.002441,-0.004639,1.323242,0.427551,0.292419,0.039825,0.0,0.0,0.0,0.08249500215018508,-0.600694045471052,2.2217211630572775,0.013,-0.0,0.0227
0.0122,-0.001465,-0.009033,1.302734,0.305481,0.170349,0.039825,0.0,0.0,0.0,0.08277942509620391,-0.6002666293940284,2.222301874996955,0.013,-0.0,0.0227
0.7281,-0.000977,-0.013672,1.319336,0.152893,-0.012756,0.009308,0.0,0.0,0.0,-0.00833594183585466,-0.6578157894876945,2.2314574643448535,0.013,-0.0,0.0227
0.0004,0.009277,-0.009277,1.297363,0.305481,0.261902,0.222931,0.0,0.0,0.0,-0.06487659275053118,-0.8182136780887572,2.2317521113046332,0.013,-0.0,0.0227
0.0005,-0.000977,-0.010742,1.313965,0.213928,0.200867,0.070343,0.0,0.0,0.0,-0.11505953705529862,-0.8107242417883969,2.2327609543811215,0.013,-0.0,0.0227
0.0003,-0.008057,-0.010254,1.30127,0.427551,0.292419,0.070343,0.0,0.0,0.0,-0.14581763495787933,-0.744578776570842,2.233727696272239,0.013,-0.0,0.0227
1.7315,0.002686,-0.005859,1.313232,0.152893,0.261902,-0.173798,0.0,0.0,0.0,-0.010400643009415445,-0.7813086549148955,1.9337336986200502,0.013,-0.0,0.0227
0.0012,0.000244,-0.00708,1.301758,0.488586,-0.287415,-0.14328,0.0,0.0,0.0,-0.06140581819424069,-0.8117242149480228,1.9348588653500496,0.013,-0.0,0.0227
0.0013,-0.006348,-0.013184,1.320312,0.397034,0.231384,0.039825,0.0,0.0,0.0,-0.181337307012498,-0.7129993016810404,1.9390118765666005,0.013,-0.0,0.0227
0.0005,0.002686,-0.009521,1.298828,0.091858,0.200867,0.070343,0.0,0.0,0.0,-0.20197544421884414,-0.7766386072916946,1.9384330043066658,0.013,-0.0,0.0227
0.0006,0.001221,-0.004883,1.318359,0.183411,0.078796,-0.234833,0.0,0.0,0.0,-0.16644812970745004,-0.7989962518424656,1.9368930827510344,0.013,-0.0,0.0227
0.0007,-0.00415,-0.010986,1.310791,0.183411,0.261902,0.009308,0.0,0.0,0.0,-0.19530036639758605,-0.7681468994550272,1.9382119572341914,0.013,-0.0,0.0227
0.0021,0.005859,-0.013672,1.313965,0.000305,0.200867,0.222931,0.0,0.0,0.0,-0.23659554407408087,-0.8206329058803612,1.938786792602245,0.013,-0.0,0.0227
0.0005,0.005371,-0.007812,1.305664,0.397034,0.017761,0.161896,0.0,0.0,0.0,-0.22910070359317525,-0.8585758405068824,1.9376227924552476,0.013,-0.0,0.0227
0.0006,-0.001953,-0.01001,1.323486,0.366516,-0.043274,0.283966,0.0,0.0,0.0,-0.23586727835757404,-0.8436928117978613,1.9384660906600968,0.013,-0.0,0.0227
0.0055,-0.004883,-0.011963,1.316406,0.152893,0.597595,0.070343,0.0,0.0,0.0,-0.25137319935150365,-0.8133460407899161,1.9402037132106504,0.013,-0.0,0.0227
0.0117,-0.005127,-0.016602,1.314453,0.397034,0.109314,0.314484,0.0,0.0,0.0,-0.28345927323185083,-0.7887023671893688,1.9457957351588842,0.013,-0.0,0.0227
0.0127,0.004395,-0.006836,1.299072,0.488586,0.597595,0.314484,0.0,0.0,0.0,-0.26466485502798337,-0.8060817585612935,1.9484100903909476,0.013,-0.0,0.0227
0.0127,-0.003662,-0.006104,1.316895,0.427551,0.078796,0.039825,0.0,0.0,0.0,-0.24570170786859283,-0.7917257690674026,1.9489353824777464,0.013,-0.0,0.0227
0.0109,-0.003906,-0.009521,1.311768,0.213928,0.567078,0.100861,0.0,0.0,0.0,-0.2452306852555475,-0.7736819105269672,1.9504406395355194,0.013,-0.0,0.0227
0.012,0.00415,-0.008057,1.30127,0.244446,0.078796,-0.112762,0.0,0.0,0.0,-0.23883077590108578,-0.7924540132402058,1.9483564443978911,0.013,-0.0,0.0227
0.0123,0.007568,-0.007324,1.305664,0.305481,0.292419,0.070343,0.0,0.0,0.0,-0.2297158341474247,-0.8179667386290256,1.9481240695994553,0.013,-0.0,0.0227
0.0119,-0.001953,-0.011963,1.314453,0.183411,0.506042,0.161896,0.0,0.0,0.0,-0.23787710318993185,-0.806799584663787,1.9506387272060763,0.013,-0.0,0.0227
0.0126,0.002686,-0.010254,1.316895,0.397034,0.048279,0.192413,0.0,0.0,0.0,-0.2371187326098153,-0.8157397422886311,1.952922673200594,0.013,-0.0,0.0227
0.0115,-0.001709,-0.007568,1.307373,0.213928,-0.104309,0.070343,0.0,0.0,0.0,-0.23083792737811012,-0.8129736338127062,1.9536954281951153,0.013,-0.0,0.0227
0.0113,-0.00415,-0.011719,1.304443,0.183411,0.231384,-0.082245,0.0,0.0,0.0,-0.2370020824111079,-0.8001844828201494,1.9534640078305336,0.013,-0.0,0.0227
0.0126,-0.000488,-0.007324,1.313965,0.122375,0.261902,0.039825,0.0,0.0,0.0,-0.23126063688540827,-0.7972838012296124,1.9537709003749424,0.013,-0.0,0.0227
0.0114,0.001953,-0.006592,1.317627,0.274963,0.170349,0.009308,0.0,0.0,0.0,-0.22256930469748074,-0.8018550796229702,1.9534205635818584,0.013,-0.0,0.0227
0.0131,-0.00415,-0.015381,1.303467,0.244446,-0.012756,0.161896,0.0,0.0,0.0,-0.23601131805593298,-0.7934756039494126,1.9565323028116253,0.013,-0.0,0.0227
0.0116,0.007568,-0.004639,1.303711,0.213928,0.353455,0.039825,0.0,0.0,0.0,-0.2236449710638808,-0.809239064347096,1.955778249172086,0.013,-0.0,0.0227
0.0117,0.011475,-0.00415,1.312256,0.091858,0.139832,0.375519,0.0,0.0,0.0,-0.21245510284082453,-0.8344138348747189,1.958705459468727,0.013,-0.0,0.0227
0.0118,-0.003174,-0.010498,1.30835,0.152893,0.353455,-0.082245,0.0,0.0,0.0,-0.21508000766489146,-0.8235816626080417,1.958210646036131,0.013,-0.0,0.0227
0.0129,-0.003418,-0.006836,1.317871,0.152893,-0.165344,-0.112762,0.0,0.0,0.0,-0.20956994951291746,-0.8187674303295784,1.9567628214836508,0.013,-0.0,0.0227
0.012,0.001709,-0.006348,1.305664,0.06134,0.445007,0.009308,0.0,0.0,0.0,-0.204637416590201,-0.8177846475150726,1.9564854346757594,0.013,-0.0,0.0227
0.0148,-0.003906,-0.010986,1.324463,0.305481,0.322937,0.039825,0.0,0.0,0.0,-0.2053231148690196,-0.8058734180852256,1.957558585717491,0.013,-0.0,0.0227
0.0084,0.006104,-0.006592,1.307373,0.305481,0.078796,0.131378,0.0,0.0,0.0,-0.19950113386066126,-0.8178964690061268,1.9581010393964078,0.013,-0.0,0.0227
0.0118,-0.000732,-0.008301,1.314453,0.305481,0.322937,0.161896,0.0,0.0,0.0,-0.19609585766850296,-0.8133341935794143,1.9600298985283682,0.013,-0.0,0.0227
0.012,0.005615,-0.005615,1.309082,0.244446,0.322937,0.039825,0.0,0.0,0.0,-0.18863855574672425,-0.820353039015739,1.9599075546968172,0.013,-0.0,0.0227
0.0133,-0.00708,-0.013672,1.305664,0.274963,0.139832,0.131378,0.0,0.0,0.0,-0.194938871057948,-0.8067183583826146,1.9626448204991296,0.013,-0.0,0.0227
0.011,0.001709,-0.013672,1.310059,0.274963,0.139832,-0.173798,0.0,0.0,0.0,-0.20128731734045238,-0.8089842808213377,1.9611949339421784,0.013,-0.0,0.0227
0.0125,-0.000732,-0.009521,1.305664,0.122375,0.139832,0.222931,0.0,0.0,0.0,-0.20189778291307106,-0.8069178373470061,1.9641253155209777,0.013,-0.0,0.0227
0.0119,-0.004883,-0.012695,1.317139,0.122375,0.170349,-0.14328,0.0,0.0,0.0,-0.2074605327799043,-0.7978200195266687,1.963159589672039,0.013,-0.0,0.0227
0.0115,0.006348,-0.005615,1.306885,0.274963,0.231384,0.192413,0.0,0.0,0.0,-0.20004685668647956,-0.8063117092060442,1.9645885355299866,0.013,-0.0,0.0227
0.0121,-0.004883,-0.004395,1.311035,0.06134,0.292419,0.009308,0.0,0.0,0.0,-0.19338855939261906,-0.7961631103892676,1.9645683414380475,0.013,-0.0,0.0227
0.0119,-0.002441,-0.010742,1.309326,0.335999,0.048279,0.161896,0.0,0.0,0.0,-0.1934098053508007,-0.7929930451055194,1.9668369310909568,0.013,-0.0,0.0227
0.0126,0.005127,-0.012695,1.31665,0.274963,0.261902,0.192413,0.0,0.0,0.0,-0.19666650944462866,-0.7982331659386874,1.9692971851571557,0.013,-0.0,0.0227
0.0123,0.003418,-0.010742,1.303711,0.488586,0.170349,0.009308,0.0,0.0,0.0,-0.19448618404197357,-0.8021609471161024,1.969378450572929,0.013,-0.0,0.0227
0.0114,0.001953,-0.013672,1.321045,0.335999,0.292419,0.100861,0.0,0.0,0.0,-0.19838340556480405,-0.8022740662956974,1.9709058772072219,0.013,-0.0,0.0227
0.0117,0.002441,-0.008545,1.306152,0.06134,0.139832,0.100861,0.0,0.0,0.0,-0.19813511448101295,-0.8049048223528984,1.9718661065473402,0.013,-0.0,0.0227
0.0124,-0.002686,-0.011719,1.312744,0.213928,0.383972,-0.14328,0.0,0.0,0.0,-0.2001988278629411,-0.797336142738633,1.9706185077073886,0.013,-0.0,0.0227
0.012,-0.006836,-0.016113,1.30835,0.366516,-0.104309,0.009308,0.0,0.0,0.0,-0.20629305316378596,-0.7904252361049904,1.9720582825407618,0.013,-0.0,0.0227
0.0122,0.009033,-0.006104,1.299072,0.274963,0.261902,0.222931,0.0,0.0,0.0,-0.2001137411110583,-0.8003087848115141,1.973603330943354,0.013,-0.0,0.0227
0.0113,0.005127,-0.005615,1.316162,0.183411,-0.104309,0.161896,0.0,0.0,0.0,-0.19472640583838927,-0.8086541526373617,1.974655878015083,0.013,-0.0,0.0227
0.0126,-0.002686,-0.014404,1.312012,0.366516,0.292419,0.009308,0.0,0.0,0.0,-0.19799256956193687,-0.8022571807089569,1.975648904874117,0.013,-0.0,0.0227
0.0122,0.006836,-0.011719,1.305908,0.305481,0.261902,0.222931,0.0,0.0,0.0,-0.19870067315448062,-0.808335870107507,1.9780405809546273,0.013,-0.0,0.0227
0.0149,0.001465,-0.011719,1.314941,0.152893,0.41449,-0.204315,0.0,0.0,0.0,-0.20061166509166098,-0.8045852949191623,1.9751905663724514,0.013,-0.0,0.0227
0.0089,-0.00293,-0.00708,1.302734,0.397034,0.048279,0.039825,0.0,0.0,0.0,-0.19574647829650685,-0.8014043959462274,1.975642943035636,0.013,-0.0,0.0227
0.0141,0.007324,-0.008301,1.312988,0.152893,0.41449,0.039825,0.0,0.0,0.0,-0.19376077121802965,-0.8049220683426287,1.9754318302530276,0.013,-0.0,0.0227
0.0095,0.010254,-0.004395,1.299805,0.244446,0.139832,0.039825,0.0,0.0,0.0,-0.18714942043852123,-0.8162922060155767,1.9743085069290685,0.013,-0.0,0.0227
0.0118,-0.013672,-0.010254,1.322998,0.274963,0.628113,0.192413,0.0,0.0,0.0,-0.18645728866445163,-0.7938633467394831,1.9780060767385126,0.013,-0.0,0.0227
0.0132,-0.000732,-0.008301,1.300293,0.335999,0.048279,0.100861,0.0,0.0,0.0,-0.18246657447007428,-0.793358031732104,1.9793680675664413,0.013,-0.0,0.0227
0.0109,0.000244,-0.008057,1.320557,0.488586,0.231384,0.131378,0.0,0.0,0.0,-0.17734774311256235,-0.7918391129183028,1.9807315579933378,0.013,-0.0,0.0227
0.0127,0.002686,-0.007324,1.301758,0.305481,-0.134827,0.161896,0.0,0.0,0.0,-0.17300156479147646,-0.7973973455993919,1.9824387322943433,0.013,-0.0,0.0227
0.0117,0.000244,-0.009277,1.314209,0.549622,0.231384,-0.082245,0.0,0.0,0.0,-0.1682653164987939,-0.795677150859172,1.9815740192437485,0.013,-0.0,0.0227
0.0122,-0.000488,-0.006836,1.30835,0.183411,-0.104309,0.314484,0.0,0.0,0.0,-0.16520787453672736,-0.7971629251309451,1.9853031013620894,0.013,-0.0,0.0227
0.0112,0.000488,-0.007568,1.312988,0.549622,0.261902,-0.02121,0.0,0.0,0.0,-0.15907373037099548,-0.7954660183344134,1.9849635291564256,0.013,-0.0,0.0227
0.0126,0.00293,-0.008545,1.314209,0.305481,-0.012756,0.100861,0.0,0.0,0.0,-0.15633952330749556,-0.7993155267613393,1.9860675664102232,0.013,-0.0,0.0227
0.0116,-0.001465,-0.00708,1.303955,0.274963,0.200867,0.192413,0.0,0.0,0.0,-0.15283272790615138,-0.7962440059000206,1.9883119798068483,0.013,-0.0,0.0227
0.0128,-0.00293,-0.010498,1.314697,0.274963,-0.012756,0.070343,0.0,0.0,0.0,-0.15246301437053758,-0.7941060000046318,1.9897398213165627,0.013,-0.0,0.0227
0.0114,-0.002197,-0.014404,1.311768,0.305481,-0.012756,0.192413,0.0,0.0,0.0,-0.15600951361800727,-0.7927679391640964,1.9928054955215049,0.013,-0.0,0.0227
0.0124,0.012451,-0.010742,1.311035,0.335999,0.292419,0.192413,0.0,0.0,0.0,-0.15514908682869039,-0.8021685887241146,1.994339833724875,0.013,-0.0,0.0227
0.0123,0.002441,-0.006348,1.315918,0.122375,0.078796,0.192413,0.0,0.0,0.0,-0.15260508441504642,-0.8040819653108989,1.9962980289853165,0.013,-0.0,0.0227
0.0113,0.001709,-0.00708,1.313477,0.335999,0.292419,0.131378,0.0,0.0,0.0,-0.1485580884028362,-0.8029647849492887,1.9975362299960855,0.013,-0.0,0.0227
0.0121,0.002441,-0.001465,1.305176,0.244446,0.139832,0.009308,0.0,0.0,0.0,-0.14003913711955376,-0.8042316833217493,1.9966556684045462,0.013,-0.0,0.0227
0.0122,0.001709,-0.012207,1.311523,0.122375,0.109314,0.161896,0.0,0.0,0.0,-0.14330807108211507,-0.8050257488642856,1.9990778393264117,0.013,-0.0,0.0227
0.0123,0.002197,-0.012939,1.314941,0.427551,0.170349,0.131378,0.0,0.0,0.0,-0.14342923527715748,-0.8054502235252808,2.0011852617703405,0.013,-0.0,0.0227
0.0149,0.003418,-0.011475,1.309082,0.427551,0.322937,-0.14328,0.0,0.0,0.0,-0.14104465290110582,-0.804390986765648,1.9992278042266145,0.013,-0.0,0.0227
0.0083,0.001709,-0.008301,1.305664,0.244446,0.170349,0.100861,0.0,0.0,0.0,-0.14006285343298544,-0.8051119636989583,1.9999902585288252,0.013,-0.0,0.0227
0.0124,-0.000977,-0.009766,1.313965,0.397034,0.322937,0.009308,0.0,0.0,0.0,-0.1375326503502663,-0.8007340226250661,2.000481606630419,0.013,-0.0,0.0227
0.0123,0.009033,-0.001953,1.303467,0.488586,0.200867,-0.051727,0.0,0.0,0.0,-0.1269291819052232,-0.8070694037635607,1.9982446364878161,0.013,-0.0,0.0227
0.0119,-0.008789,-0.009521,1.315186,0.335999,0.017761,0.222931,0.0,0.0,0.0,-0.12528877949342382,-0.7994636046482825,2.0019882808349805,0.013,-0.0,0.0227
0.0117,-0.005859,-0.013184,1.31665,0.152893,0.567078,0.192413,0.0,0.0,0.0,-0.12902770003417804,-0.7882865296504623,2.005475501326491,0.013,-0.0,0.0227
0.0127,0.01123,-0.003662,1.307129,0.366516,-0.012756,0.283966,0.0,0.0,0.0,-0.12157246458311359,-0.7990315054061903,2.0075371512396836,0.013,-0.0,0.0227
0.0113,0.002686,-0.008545,1.301025,0.183411,0.200867,0.009308,0.0,0.0,0.0,-0.1210075372268096,-0.7997846135161077,2.00755119444334,0.013,-0.0,0.0227
0.0125,0.000244,-0.012207,1.321533,0.274963,0.322937,0.222931,0.0,0.0,0.0,-0.12220047549402374,-0.7964415080428469,2.010970198954034,0.013,-0.0,0.0227
0.0117,0.001953,-0.007812,1.312256,0.397034,0.017761,0.100861,0.0,0.0,0.0,-0.11843110948644074,-0.7984611408332414,2.0120326675684908,0.013,-0.0,0.0227
0.0114,-0.001709,-0.010254,1.324707,0.366516,0.231384,0.100861,0.0,0.0,0.0,-0.1171857987095318,-0.794846395051078,2.0137502041271946,0.013,-0.0,0.0227
0.0122,-0.001709,-0.012451,1.294434,0.152893,0.109314,-0.02121,0.0,0.0,0.0,-0.12016728547703893,-0.7928359342151087,2.014323868093453,0.013,-0.0,0.0227
0.0128,0.009521,-0.004639,1.315918,0.274963,0.506042,0.039825,0.0,0.0,0.0,-0.11487078395227211,-0.7949143447719315,2.013481414676091,0.013,-0.0,0.0227
0.0118,-0.005859,-0.009277,1.308105,0.183411,0.139832,0.253448,0.0,0.0,0.0,-0.1148734421485709,-0.789046802333494,2.0173318087385548,0.013,-0.0,0.0227
0.0117,-0.016357,-0.015381,1.313232,0.397034,0.261902,-0.112762,0.0,0.0,0.0,-0.11733386984562583,-0.7732993735107135,2.018699916962875,0.013,-0.0,0.0227
0.0121,0.002197,-0.00293,1.306641,0.305481,0.170349,-0.02121,0.0,0.0,0.0,-0.11053932554181724,-0.7739905607713403,2.017649595256628,0.013,-0.0,0.0227
0.0116,-0.003662,-0.01001,1.32251,0.274963,0.200867,0.283966,0.0,0.0,0.0,-0.11009582465833857,-0.7695251083086213,2.0215889494487143,0.013,-0.0,0.0227
0.0126,0.000732,-0.015137,1.314941,0.549622,-0.012756,-0.051727,0.0,0.0,0.0,-0.11003247133719762,-0.7711642934184894,2.021666836378769,0.013,-0.0,0.0227
0.0119,0.005615,-0.009033,1.30835,0.397034,-0.043274,-0.02121,0.0,0.0,0.0,-0.10726529540006571,-0.7770793785454887,2.020910778922941,0.013,-0.0,0.0227
0.0117,0.011963,-0.008545,1.303711,0.122375,0.383972,-0.02121,0.0,0.0,0.0,-0.10739303640838925,-0.7830431671270367,2.0193609985059036,0.013,-0.0,0.0227
0.0122,-0.003418,-0.008301,1.317139,0.152893,0.383972,0.222931,0.0,0.0,0.0,-0.10690154289112902,-0.7764121193137458,2.0225748614424157,0.013,-0.0,0.0227
0.0122,-0.010254,-0.008301,1.310547,0.183411,-0.134827,0.161896,0.0,0.0,0.0,-0.10604638509076825,-0.7708274369218299,2.0258378370393078,0.013,-0.0,0.0227
0.0122,-0.000244,-0.01001,1.303955,0.274963,0.292419,0.070343,0.0,0.0,0.0,-0.10542691099523001,-0.7680629414002732,2.0269600698265617,0.013,-0.0,0.0227
0.0111,-0.006592,-0.01001,1.320068,0.335999,0.292419,0.009308,0.0,0.0,0.0,-0.10436701908078064,-0.7606470547297643,2.0280808376361237,0.013,-0.0,0.0227
0.0128,-0.000488,-0.012451,1.311279,0.213928,0.078796,-0.02121,0.0,0.0,0.0,-0.10618194233955013,-0.760287728550982,2.0283214896085218,0.013,-0.0,0.0227
0.0121,0.006836,-0.011719,1.303711,0.06134,-0.043274,0.161896,0.0,0.0,0.0,-0.10941579972188678,-0.7671221773566648,2.0297819729322826,0.013,-0.0,0.0227
0.0117,0.005127,-0.012695,1.317139,0.213928,0.292419,0.222931,0.0,0.0,0.0,-0.11153653998186322,-0.7684736381323994,2.0322429897628513,0.013,-0.0,0.0227
0.0114,-0.005371,-0.006592,1.295654,0.244446,0.017761,0.161896,0.0,0.0,0.0,-0.10875411324833163,-0.7651945619805334,2.0346294306537445,0.013,-0.0,0.0227
0.0123,-0.000488,-0.006836,1.322021,0.488586,0.322937,0.161896,0.0,0.0,0.0,-0.1029834907163685,-0.7617442771655993,2.0365525821152293,0.013,-0.0,0.0227
0.012,0.000488,-0.00708,1.304688,0.335999,0.139832,0.070343,0.0,0.0,0.0,-0.09942875168271591,-0.7614764536721775,2.03721591843834,0.013,-0.0,0.0227
0.0122,-0.011719,-0.013916,1.312256,0.213928,0.078796,-0.02121,0.0,0.0,0.0,-0.10237090286575257,-0.7527905214367517,2.0391224149707305,0.013,-0.0,0.0227
0.0118,-0.00293,-0.010742,1.311768,0.335999,0.567078,0.253448,0.0,0.0,0.0,-0.1016076617921762,-0.7450900496845185,2.042703884890106,0.013,-0.0,0.0227
0.012,0.01001,-0.008301,1.319336,0.305481,-0.012756,0.131378,0.0,0.0,0.0,-0.09930585805353809,-0.7536519622105651,2.0428782511994314,0.013,-0.0,0.0227
0.0117,-0.006348,-0.012207,1.3125,0.305481,0.506042,0.070343,0.0,0.0,0.0,-0.09997601589680853,-0.7442135801544325,2.0449664036560535,0.013,-0.0,0.0227
0.0126,-0.004883,-0.013672,1.31958,0.06134,0.109314,0.161896,0.0,0.0,0.0,-0.1044318873744211,-0.7404203996519989,2.048184619734224,0.013,-0.0,0.0227
0.0114,0.000732,-0.008545,1.309326,0.427551,0.231384,0.131378,0.0,0.0,0.0,-0.10107783649323636,-0.7395755090909374,2.0495089905897226,0.013,-0.0,0.0227
0.0125,-0.009033,-0.012207,1.321045,0.366516,-0.012756,0.070343,0.0,0.0,0.0,-0.10064100551348364,-0.7344036141026263,2.052029124623088,0.013,-0.0,0.0227
0.0115,0.000488,-0.010742,1.305908,0.305481,-0.165344,-0.112762,0.0,0.0,0.0,-0.10022082629621827,-0.7379590497218065,2.0507665028943847,0.013,-0.0,0.0227
0.0129,0.007324,-0.00708,1.310547,0.122375,0.383972,0.283966,0.0,0.0,0.0,-0.09913121226169878,-0.7395427700509268,2.0530704450445225,0.013,-0.0,0.0227
0.0117,0.000732,-0.006836,1.308594,0.397034,0.078796,0.100861,0.0,0.0,0.0,-0.0948234067582523,-0.7403802744773176,2.0539159866504657,0.013,-0.0,0.0227
0.0177,-0.008545,-0.012695,1.310547,0.610657,0.109314,-0.051727,0.0,0.0,0.0,-0.08865850319863244,-0.733555284481049,2.0546663568262904,0.013,-0.0,0.0227
0.0059,0.010742,-0.003418,1.307861,0.213928,0.078796,0.070343,0.0,0.0,0.0,-0.08538421893469028,-0.7420282251361837,2.0528632949021235,0.013,-0.0,0.0227
0.0126,-0.000244,-0.013428,1.313232,0.335999,0.475525,-0.173798,0.0,0.0,0.0,-0.0862543369465716,-0.7370912408584347,2.051178414680518,0.013,-0.0,0.0227
0.0117,-0.007568,-0.010254,1.316162,0.305481,0.322937,0.528107,0.0,0.0,0.0,-0.08561183449621675,-0.7292311885887346,2.058668057820679,0.013,-0.0,0.0227
0.0124,0.007324,-0.001221,1.308105,0.152893,0.231384,0.222931,0.0,0.0,0.0,-0.08025844951653005,-0.732879368364696,2.059486184146619,0.013,-0.0,0.0227
0.0114,-0.002441,-0.003418,1.312012,0.305481,0.353455,-0.112762,0.0,0.0,0.0,-0.0749095855206612,-0.7284584683707309,2.0580075717162556,0.013,-0.0,0.0227
0.0118,-0.008301,-0.011719,1.322266,0.397034,0.261902,-0.02121,0.0,0.0,0.0,-0.07418665606382421,-0.7209147367246501,2.0592697237264965,0.013,-0.0,0.0227
0.0125,-0.001709,-0.007568,1.301758,0.030823,0.078796,0.070343,0.0,0.0,0.0,-0.07490049921458294,-0.7202268582640533,2.060230067901778,0.013,-0.0,0.0227
0.0114,-0.00415,-0.007812,1.319336,0.183411,0.109314,0.009308,0.0,0.0,0.0,-0.07404742081962887,-0.717493947576335,2.0608243416145733,0.013,-0.0,0.0227
0.0157,-0.009766,-0.014648,1.315186,0.152893,0.200867,0.192413,0.0,0.0,0.0,-0.07765802644236904,-0.7090545476233712,2.065760548028258,0.013,-0.0,0.0227
0.0086,0.002441,-0.008545,1.316162,0.122375,0.139832,0.100861,0.0,0.0,0.0,-0.07830529976189524,-0.7110307377523665,2.066102008287373,0.013,-0.0,0.0227
0.0141,0.001953,-0.011963,1.30542,0.397034,0.109314,0.009308,0.0,0.0,0.0,-0.07682204719883591,-0.7124097533308119,2.0660723109596755,0.013,-0.0,0.0227
0.0105,-0.001709,-0.012451,1.311035,0.458069,0.200867,0.131378,0.0,0.0,0.0,-0.07644078029053564,-0.7106454004734102,2.067935544786817,0.013,-0.0,0.0227
0.0119,-0.010742,-0.01416,1.30835,0.274963,0.109314,-0.173798,0.0,0.0,0.0,-0.07870197783587883,-0.703566662414721,2.067979275449193,0.013,-0.0,0.0227
0.0116,0.003662,-0.008545,1.303955,0.519104,0.292419,0.192413,0.0,0.0,0.0,-0.07444653385046235,-0.7043452389267294,2.0693575459139044,0.013,-0.0,0.0227
0.0117,0.000732,-0.009277,1.315186,-0.030212,0.231384,-0.051727,0.0,0.0,0.0,-0.07697063541927046,-0.7037007474351931,2.068495229050049,0.013,-0.0,0.0227
0.0124,0.005371,-0.01001,1.312744,0.366516,-0.134827,0.070343,0.0,0.0,0.0,-0.07513563309908271,-0.7105221506844049,2.0683969796547763,0.013,-0.0,0.0227
0.0124,0.007324,-0.008057,1.30127,0.213928,0.170349,-0.02121,0.0,0.0,0.0,-0.07388117676430252,-0.714953438267945,2.0666321274541946,0.013,-0.0,0.0227
0.012,-0.003418,-0.012451,1.32251,0.366516,0.048279,0.070343,0.0,0.0,0.0,-0.07380879989155253,-0.7134529465584962,2.0683550842544323,0.013,-0.0,0.0227
0.0116,-0.007812,-0.013428,1.30542,0.305481,0.231384,-0.02121,0.0,0.0,0.0,-0.07527566214653182,-0.7070490778115236,2.069823011669194,0.013,-0.0,0.0227
0.0121,-0.003906,-0.01123,1.319092,0.244446,0.109314,0.039825,0.0,0.0,0.0,-0.07578436527338912,-0.7046109888115574,2.071080022244899,0.013,-0.0,0.0227
0.0115,0.001221,-0.009033,1.302246,0.458069,0.048279,0.039825,0.0,0.0,0.0,-0.07258000453377085,-0.7064819329134523,2.07113487073843,0.013,-0.0,0.0227
0.012,0.003906,-0.008545,1.30835,0.335999,0.475525,0.222931,0.0,0.0,0.0,-0.07031871057757004,-0.7049609400022917,2.0728668399430163,0.013,-0.0,0.0227
0.0127,0.006348,-0.008545,1.307373,0.427551,0.017761,0.009308,0.0,0.0,0.0,-0.06667052518208548,-0.710496949033833,2.0716222667884465,0.013,-0.0,0.0227
0.0122,0.001221,-0.007568,1.316406,0.244446,0.139832,0.192413,0.0,0.0,0.0,-0.06484944126550134,-0.7110285263762042,2.073511677381858,0.013,-0.0,0.0227
0.0112,-0.003418,-0.010254,1.3125,0.427551,0.353455,-0.02121,0.0,0.0,0.0,-0.06299611850263852,-0.706310939022859,2.073951366673213,0.013,-0.0,0.0227
0.0122,-0.000488,-0.004639,1.318848,0.488586,0.41449,0.009308,0.0,0.0,0.0,-0.0563297350843161,-0.7024370695020687,2.0736112194458984,0.013,-0.0,0.0227
0.0125,0.004883,-0.000488,1.303955,0.213928,-0.165344,0.070343,0.0,0.0,0.0,-0.05026999348938865,-0.7092847262583247,2.072613163893745,0.013,-0.0,0.0227
0.0112,-0.013428,-0.012451,1.307617,0.366516,0.109314,0.161896,0.0,0.0,0.0,-0.05071522100102829,-0.7007809659095355,2.0771566471056193,0.013,-0.0,0.0227
0.0126,-0.002197,-0.011963,1.322266,0.183411,0.231384,0.192413,0.0,0.0,0.0,-0.05255691085500672,-0.6979505694840294,2.0801676137098197,0.013,-0.0,0.0227
0.0119,0.005859,-0.005371,1.307129,0.244446,0.170349,-0.051727,0.0,0.0,0.0,-0.04950120476756626,-0.7013732904884805,2.0779763064059735,0.013,-0.0,0.0227
0.0121,-0.001221,-0.009033,1.314697,0.366516,0.017761,0.009308,0.0,0.0,0.0,-0.04734524323701915,-0.7018846016508165,2.0782440759231995,0.013,-0.0,0.0227
0.0121,0.001465,-0.012939,1.307373,0.06134,0.170349,0.283966,0.0,0.0,0.0,-0.05144663951780902,-0.7023509887355757,2.081719335180591,0.013,-0.0,0.0227
0.0115,0.005127,-0.003418,1.314453,0.030823,0.445007,0.222931,0.0,0.0,0.0,-0.04971028358904536,-0.7020819203701386,2.0826318430328743,0.013,-0.0,0.0227
0.0125,0.000732,-0.004395,1.314209,0.213928,0.078796,0.253448,0.0,0.0,0.0,-0.04633778696501514,-0.70307458959231,2.0851063169960646,0.013,-0.0,0.0227
0.0118,-0.003906,-0.008057,1.309326,0.335999,0.353455,0.131378,0.0,0.0,0.0,-0.04406460225683665,-0.6979579406363927,2.0872111681035683,0.013,-0.0,0.0227
0.0123,0.004395,-0.006348,1.311035,0.549622,0.231384,0.192413,0.0,0.0,0.0,-0.03796140984742003,-0.6995236013556989,2.088435314913732,0.013,-0.0,0.0227
0.0114,-0.001221,-0.008301,1.300293,0.183411,0.200867,0.100861,0.0,0.0,0.0,-0.03779585810970942,-0.6980912295910765,2.089683611636709,0.013,-0.0,0.0227
0.0125,-0.006836,-0.007568,1.313477,0.305481,0.261902,0.131378,0.0,0.0,0.0,-0.0354381973252564,-0.6920336903828019,2.0923689039252653,0.013,-0.0,0.0227
0.0122,-0.001221,-0.006348,1.304688,0.152893,0.506042,0.100861,0.0,0.0,0.0,-0.03426093499464939,-0.6868152139032082,2.0934400650874565,0.013,-0.0,0.0227
0.0121,0.0,-0.007324,1.312012,0.305481,0.231384,-0.26535,0.0,0.0,0.0,-0.03184774744344937,-0.6857201550087565,2.089973957480184,0.013,-0.0,0.0227
0.0119,-0.00293,-0.017334,1.304688,0.244446,0.170349,0.222931,0.0,0.0,0.0,-0.03670516964420802,-0.683576678882058,2.094001520693303,0.013,-0.0,0.0227
0.0117,0.00293,-0.005859,1.326904,0.152893,0.017761,0.100861,0.0,0.0,0.0,-0.03526022275546449,-0.6867999975390278,2.0942203652484963,0.013,-0.0,0.0227
0.0115,0.008789,-0.004883,1.298584,0.274963,0.231384,-0.14328,0.0,0.0,0.0,-0.031831736618271586,-0.6915358019402165,2.09034746073999,0.013,-0.0,0.0227
0.0127,-0.005127,-0.012695,1.320557,0.244446,0.261902,0.131378,0.0,0.0,0.0,-0.03343803189473282,-0.686574379367575,2.09339355594016,0.013,-0.0,0.0227
0.0118,-0.001709,-0.011963,1.315918,0.274963,0.170349,0.039825,0.0,0.0,0.0,-0.03442126374571083,-0.6851428659821048,2.094480246608104,0.013,-0.0,0.0227
0.0122,0.000977,-0.007324,1.304932,0.122375,0.017761,-0.173798,0.0,0.0,0.0,-0.034192476403631406,-0.6872709204622375,2.091885900271239,0.013,-0.0,0.0227
0.0113,-0.005859,-0.016846,1.315674,0.152893,0.109314,0.070343,0.0,0.0,0.0,-0.03971078397809505,-0.6839990188977159,2.0946799869238015,0.013,-0.0,0.0227
0.0129,-0.00293,-0.012451,1.307617,0.366516,0.048279,0.131378,0.0,0.0,0.0,-0.039490125425863054,-0.6832484670267632,2.0972399836771096,0.013,-0.0,0.0227
0.0117,0.009277,-0.001465,1.314697,0.213928,0.445007,0.009308,0.0,0.0,0.0,-0.03455188772109192,-0.6855635597265957,2.094459114871022,0.013,-0.0,0.0227
0.0117,-0.005615,-0.015137,1.30835,0.458069,-0.104309,0.253448,0.0,0.0,0.0,-0.03544255382032409,-0.6849306693187575,2.0992369503654085,0.013,-0.0,0.0227
0.0118,-0.00415,-0.009766,1.30957,0.427551,0.109314,0.039825,0.0,0.0,0.0,-0.03323046913641184,-0.6827381207219606,2.100542319695278,0.013,-0.0,0.0227
0.0127,0.000732,-0.000244,1.316895,0.183411,0.139832,-0.112762,0.0,0.0,0.0,-0.02777113704749129,-0.6830881317116488,2.0978249814330314,0.013,-0.0,0.0227
0.0114,0.00293,-0.003662,1.314209,0.580139,-0.134827,-0.204315,0.0,0.0,0.0,-0.020249487973389834,-0.6880900294642303,2.094219889008376,0.013,-0.0,0.0227
0.012,-0.000244,-0.013916,1.30127,0.244446,0.383972,0.314484,0.0,0.0,0.0,-0.022940811098027585,-0.6850733804273911,2.09858750908284,0.013,-0.0,0.0227
0.0119,0.009033,-0.008545,1.318115,0.122375,0.597595,0.070343,0.0,0.0,0.0,-0.023628224660239852,-0.6852239350562026,2.097488920440305,0.013,-0.0,0.0227
0.0119,0.002441,-0.009766,1.301758,0.366516,0.139832,0.070343,0.0,0.0,0.0,-0.022225017989790503,-0.6868195628641524,2.0978898328270525,0.013,-0.0,0.0227
0.0126,-0.001709,-0.012939,1.320068,0.519104,-0.043274,0.009308,0.0,0.0,0.0,-0.02058262176909339,-0.6878767683194169,2.098906318467216,0.013,-0.0,0.0227
0.0123,0.010986,-0.009521,1.304443,0.305481,0.231384,0.222931,0.0,0.0,0.0,-0.019668882406787665,-0.6935644364052369,2.0993834674342096,0.013,-0.0,0.0227
0.0115,-0.006104,-0.008057,1.315186,0.397034,0.322937,0.222931,0.0,0.0,0.0,-0.017035486679880953,-0.687655958957918,2.1031380563015007,0.013,-0.0,0.0227
0.013,-0.005859,-0.013916,1.312988,0.213928,0.048279,0.100861,0.0,0.0,0.0,-0.019802061800812832,-0.6850237539023319,2.1063860253610702,0.013,-0.0,0.0227
0.0106,0.006348,-0.004883,1.309326,0.213928,0.383972,0.192413,0.0,0.0,0.0,-0.01747689279867498,-0.68657061054565,2.106438949710536,0.013,-0.0,0.0227
0.0125,0.002441,-0.00708,1.309082,0.397034,0.109314,-0.173798,0.0,0.0,0.0,-0.01381771097674044,-0.6883659313737893,2.103478473505572,0.013,-0.0,0.0227
0.0124,-0.001953,-0.01416,1.306641,0.183411,0.292419,0.039825,0.0,0.0,0.0,-0.017265238442691993,-0.6852090753002944,2.1051573829323216,0.013,-0.0,0.0227
0.0115,0.009521,-0.004395,1.303955,0.366516,0.353455,0.009308,0.0,0.0,0.0,-0.012717677046135788,-0.6887577315213367,2.1024791026365217,0.013,-0.0,0.0227
0.0117,0.004639,-0.004639,1.322021,0.213928,0.200867,0.192413,0.0,0.0,0.0,-0.010091073519264655,-0.6907755581283794,2.1031575117742265,0.013,-0.0,0.0227
0.0123,-0.004639,-0.015381,1.295166,0.335999,-0.012756,0.345001,0.0,0.0,0.0,-0.01257252340658937,-0.6897344431258163,2.1095072139766695,0.013,-0.0,0.0227
0.0125,0.002686,-0.002197,1.32373,0.305481,0.170349,0.375519,0.0,0.0,0.0,-0.007193616435169092,-0.6907554862912679,2.1126639314716877,0.013,-0.0,0.0227
0.0112,0.00708,-0.001709,1.29541,0.366516,-0.256897,0.192413,0.0,0.0,0.0,-0.0012278148792911265,-0.6996625209637702,2.1122130902878204,0.013,-0.0,0.0227
0.0124,-0.001953,-0.013184,1.317383,0.549622,0.292419,0.161896,0.0,0.0,0.0,0.0003411366477197006,-0.6963144362269146,2.1155266582127554,0.013,-0.0,0.0227
0.0125,-0.000488,-0.011963,1.30542,0.427551,0.41449,0.039825,0.0,0.0,0.0,0.0011598284366835777,-0.6924363406088438,2.11676902610768,0.013,-0.0,0.0227
0.0118,0.009033,-0.007324,1.315186,0.274963,0.261902,0.283966,0.0,0.0,0.0,0.0027225861846752923,-0.6963946945435295,2.1180292119901813,0.013,-0.0,0.0227
0.0116,-0.002686,-0.012695,1.304443,0.397034,-0.104309,0.283966,0.0,0.0,0.0,0.0023119010225215266,-0.6974936997423192,2.1227584813838556,0.013,-0.0,0.0227
0.0124,-0.008057,-0.009766,1.313232,0.213928,0.597595,0.131378,0.0,0.0,0.0,0.0018085204585804489,-0.6867373324041506,2.1264840664132545,0.013,-0.0,0.0227
0.0113,0.000244,-0.007568,1.309814,0.091858,-0.012756,0.039825,0.0,0.0,0.0,0.0010656067040803775,-0.6886406142383305,2.1267564436046698,0.013,-0.0,0.0227
0.0126,0.005859,-0.003906,1.311768,0.213928,0.231384,-0.082245,0.0,0.0,0.0,0.004216905444393616,-0.6908961883845787,2.123685628831845,0.013,-0.0,0.0227
0.0123,-0.008057,-0.008789,1.312988,0.06134,0.139832,-0.295868,0.0,0.0,0.0,0.002477840803247357,-0.6858483078170571,2.121966570215496,0.013,-0.0,0.0227
0.0119,0.003662,-0.01123,1.311768,0.244446,0.200867,0.009308,0.0,0.0,0.0,0.0013661532367953064,-0.6873116503013575,2.1217339543511993,0.013,-0.0,0.0227
0.0119,-0.000732,-0.01123,1.30127,0.366516,-0.043274,0.161896,0.0,0.0,0.0,0.0016528419093029309,-0.689034580975076,2.1243175377466192,0.013,-0.0,0.0227
0.0123,-0.004883,-0.008545,1.314209,0.183411,0.231384,-0.051727,0.0,0.0,0.0,0.0015477345661893426,-0.6848177256609764,2.1248478461011127,0.013,-0.0,0.0227
0.0119,0.000977,-0.005127,1.303711,0.183411,0.445007,-0.051727,0.0,0.0,0.0,0.003437974984912476,-0.6818443169888898,2.1234297040801917,0.013,-0.0,0.0227
0.0119,-0.003174,-0.007568,1.315186,0.427551,0.078796,-0.02121,0.0,0.0,0.0,0.00670651517419603,-0.6806224498739138,2.123777178598067,0.013,-0.0,0.0227
0.0114,-0.01001,-0.011963,1.308838,0.305481,0.261902,0.070343,0.0,0.0,0.0,0.005673413978497104,-0.67328460954386,2.127428280281791,0.013,-0.0,0.0227
0.0124,0.00293,-0.01001,1.324219,0.274963,0.231384,0.192413,0.0,0.0,0.0,0.005783472765133172,-0.6738473768694246,2.1293287200554456,0.013,-0.0,0.0227
0.0116,0.005615,-0.009033,1.301758,0.366516,0.048279,0.070343,0.0,0.0,0.0,0.0072876532059948105,-0.6784981765214639,2.128834898983745,0.013,-0.0,0.0227
0.0128,0.0,-0.009033,1.315918,0.183411,0.353455,0.314484,0.0,0.0,0.0,0.006879729320238917,-0.6756705206035344,2.132928741016057,0.013,-0.0,0.0227
0.012,0.015137,-0.006348,1.307129,0.488586,0.292419,-0.051727,0.0,0.0,0.0,0.011620660733383026,-0.6830909146558699,2.128328013082107,0.013,-0.0,0.0227
0.0112,0.005371,-0.006348,1.312012,0.152893,0.170349,0.345001,0.0,0.0,0.0,0.012155179473162487,-0.6860552224582629,2.1306183019973317,0.013,-0.0,0.0227
0.0119,-0.002686,-0.010742,1.307373,0.183411,0.048279,0.100861,0.0,0.0,0.0,0.010525726827561496,-0.6854849837178308,2.13296380128943,0.013,-0.0,0.0227
0.0124,-0.002686,-0.01123,1.313477,0.122375,0.200867,0.192413,0.0,0.0,0.0,0.007965800035806209,-0.6829910725508013,2.1365612687081907,0.013,-0.0,0.0227
0.012,0.004639,-0.007568,1.315674,0.030823,0.383972,-0.112762,0.0,0.0,0.0,0.006546571167017918,-0.6828048899969552,2.133974188153858,0.013,-0.0,0.0227
0.0124,-0.00415,-0.01123,1.316406,0.427551,0.139832,0.253448,0.0,0.0,0.0,0.0077750019083732335,-0.6801956669862131,2.138689859504179,0.013,-0.0,0.0227
0.0115,0.002441,-0.012451,1.301025,0.305481,-0.073792,0.070343,0.0,0.0,0.0,0.006471921724475306,-0.6842323196450258,2.139639417390649,0.013,-0.0,0.0227
0.0122,-0.006836,-0.005127,1.314209,0.152893,0.353455,0.131378,0.0,0.0,0.0,0.007972405891199432,-0.6774624763847105,2.1423606000432907,0.013,-0.0,0.0227
0.0116,-0.011963,-0.014893,1.321289,0.122375,0.139832,-0.26535,0.0,0.0,0.0,0.003265048384747047,-0.6703518120156637,2.143338446106892,0.013,-0.0,0.0227
0.0125,0.002441,-0.010254,1.307861,0.213928,-0.226379,-0.02121,0.0,0.0,0.0,0.002543513688545609,-0.6763954424209808,2.1426724314337102,0.013,-0.0,0.0227
0.0147,0.002686,-0.002441,1.308594,0.000305,0.170349,0.100861,0.0,0.0,0.0,0.003867035845233833,-0.6772554281027713,2.1423657641067813,0.013,-0.0,0.0227
0.0095,-0.00415,-0.006348,1.30957,0.305481,0.231384,0.131378,0.0,0.0,0.0,0.005692970023738311,-0.674283003021678,2.1442401443960013,0.013,-0.0,0.0227
0.0121,-0.008545,-0.013428,1.310547,0.366516,0.048279,0.283966,0.0,0.0,0.0,0.004747556911519734,-0.6702987697436521,2.1505889800996725,0.013,-0.0,0.0227
0.0114,0.002197,-0.009521,1.308105,0.305481,-0.104309,0.283966,0.0,0.0,0.0,0.005216138687442147,-0.674565764143732,2.1533407009439887,0.013,-0.0,0.0227
0.0127,-0.01001,-0.013184,1.311523,0.274963,0.353455,-0.02121,0.0,0.0,0.0,0.0035406953004016653,-0.6658384690134537,2.1562943428416297,0.013,-0.0,0.0227
0.012,0.000488,-0.010254,1.311768,0.488586,0.170349,0.192413,0.0,0.0,0.0,0.005957540626182141,-0.6659039091279181,2.1585967986783077,0.013,-0.0,0.0227
0.0116,-0.000244,-0.007568,1.313232,0.305481,0.048279,-0.112762,0.0,0.0,0.0,0.007704977018809189,-0.6669876010048693,2.1570565897488656,0.013,-0.0,0.0227
0.0132,-0.001953,-0.009521,1.312988,0.152893,-0.134827,-0.082245,0.0,0.0,0.0,0.006751677962593276,-0.66935684418691,2.156511678309201,0.013,-0.0,0.0227
0.0112,-0.003174,-0.011719,1.30957,0.152893,0.139832,0.131378,0.0,0.0,0.0,0.004160060053510552,-0.6676792958356362,2.159172459769841,0.013,-0.0,0.0227
0.0115,0.00293,-0.005127,1.316162,0.580139,0.383972,-0.02121,0.0,0.0,0.0,0.010466892686402617,-0.6667943296242175,2.157464356013267,0.013,-0.0,0.0227
0.0126,-0.001709,-0.010742,1.310791,0.183411,0.353455,0.131378,0.0,0.0,0.0,0.00901681260188426,-0.663156087230388,2.1597687332709405,0.013,-0.0,0.0227
0.012,0.010742,-0.00708,1.307861,0.335999,0.292419,0.283966,0.0,0.0,0.0,0.01145186910035302,-0.6679548289943047,2.159919667240296,0.013,-0.0,0.0227
0.0115,-0.001221,-0.006348,1.305664,0.366516,0.475525,-0.204315,0.0,0.0,0.0,0.014541924444675407,-0.6636214397494996,2.157397456594437,0.013,-0.0,0.0227
0.0118,-0.005127,-0.012695,1.31543,0.488586,0.322937,0.436554,0.0,0.0,0.0,0.015289235977306163,-0.6585954235347417,2.164497168841209,0.013,-0.0,0.0227
0.0127,-0.005615,-0.011719,1.311035,0.671692,-0.073792,0.253448,0.0,0.0,0.0,0.019348237106976102,-0.6580476670438083,2.1696149300243,0.013,-0.0,0.0227
0.0118,0.002441,-0.001221,1.306641,0.305481,0.139832,-0.173798,0.0,0.0,0.0,0.024811169854590018,-0.6597788431673564,2.1655344704928448,0.013,-0.0,0.0227
0.0124,-0.005615,-0.016602,1.31543,0.305481,0.353455,0.070343,0.0,0.0,0.0,0.021223232365611456,-0.6539357284860178,2.1690997128725003,0.013,-0.0,0.0227
0.0111,0.00415,-0.004639,1.301514,0.244446,0.41449,0.192413,0.0,0.0,0.0,0.02369711878686853,-0.6538501116555093,2.1692351119734625,0.013,-0.0,0.0227
0.0128,0.005127,-0.000977,1.318604,0.091858,0.261902,-0.14328,0.0,0.0,0.0,0.026832961198874256,-0.655433927460975,2.1646312207203104,0.013,-0.0,0.0227
0.0114,-0.004639,-0.01001,1.310059,0.335999,0.261902,0.283966,0.0,0.0,0.0,0.02714522729760277,-0.6516281479888189,2.1692371110685746,0.013,-0.0,0.0227
0.0119,-0.001465,-0.010742,1.315918,0.488586,0.292419,0.222931,0.0,0.0,0.0,0.02900790026062233,-0.6492244767591548,2.1725228141840995,0.013,-0.0,0.0227
0.0124,-0.001465,-0.010742,1.315918,0.06134,0.261902,0.345001,0.0,0.0,0.0,0.02583167570788589,-0.6470771440121692,2.177407004436804,0.013,-0.0,0.0227
0.0122,0.003418,-0.007812,1.307617,0.427551,0.170349,0.283966,0.0,0.0,0.0,0.02882967240066619,-0.6490675479666577,2.179636819211628,0.013,-0.0,0.0227
0.0115,-0.004883,-0.013428,1.320557,0.244446,-0.104309,0.070343,0.0,0.0,0.0,0.02615824348921433,-0.6492772001821521,2.182480380791341,0.013,-0.0,0.0227
0.0124,-0.001465,-0.011475,1.303467,0.519104,0.689148,0.131378,0.0,0.0,0.0,0.028190565431578583,-0.6419608311803862,2.1847891906073946,0.013,-0.0,0.0227
0.0123,0.006592,-0.00415,1.30249,0.305481,-0.012756,-0.02121,0.0,0.0,0.0,0.03194380520734784,-0.6481513256392382,2.181701213172733,0.013,-0.0,0.0227
0.0123,-0.004883,-0.015625,1.306396,0.152893,-0.012756,0.100861,0.0,0.0,0.0,0.02694711055898148,-0.6474020829125413,2.185386702165244,0.013,-0.0,0.0227
0.0117,0.001953,-0.005859,1.315674,0.244446,0.200867,0.009308,0.0,0.0,0.0,0.028807403988204427,-0.6481804636030355,2.1842994304895518,0.013,-0.0,0.0227
0.0114,0.012451,-0.005127,1.305176,0.488586,0.292419,0.222931,0.0,0.0,0.0,0.03373667987332077,-0.654297545986651,2.1825517347997985,0.013,-0.0,0.0227
0.0127,-0.009766,-0.016113,1.310547,0.152893,-0.043274,0.253448,0.0,0.0,0.0,0.028497859937839924,-0.650959391754163,2.189836012787584,0.013,-0.0,0.0227
0.0115,-0.007324,-0.012939,1.319824,0.335999,0.353455,0.039825,0.0,0.0,0.0,0.02717019265295443,-0.64450957260104,2.1930080863624943,0.013,-0.0,0.0227
0.0123,0.000977,-0.005859,1.306152,0.183411,-0.043274,-0.02121,0.0,0.0,0.0,0.028430873321326617,-0.6476581630104119,2.1917616204122536,0.013,-0.0,0.0227
0.0123,-0.009521,-0.01416,1.321045,0.305481,0.078796,0.009308,0.0,0.0,0.0,0.02628713320734478,-0.6430091426277692,2.1954075392249663,0.013,-0.0,0.0227
0.0119,-0.002686,-0.00708,1.306641,0.397034,0.048279,-0.02121,0.0,0.0,0.0,0.02927432010728053,-0.6428981657506148,2.195420936748085,0.013,-0.0,0.0227
0.0112,0.016113,-0.005371,1.312744,0.335999,0.719666,0.222931,0.0,0.0,0.0,0.03227199359536115,-0.6464410021239893,2.192403087167061,0.013,-0.0,0.0227
0.012,-0.004395,-0.016846,1.300293,0.183411,0.139832,0.192413,0.0,0.0,0.0,0.02685158570488219,-0.6442169278583094,2.197314932611806,0.013,-0.0,0.0227
0.0123,0.000488,-0.010498,1.323486,0.397034,0.200867,0.039825,0.0,0.0,0.0,0.028003750922519634,-0.6439815704197899,2.1978098446006915,0.013,-0.0,0.0227
0.0123,0.001221,-0.003662,1.302002,0.274963,-0.073792,0.192413,0.0,0.0,0.0,0.03164740701784902,-0.6476796331315937,2.1986768107738475,0.013,-0.0,0.0227
0.0121,-0.001221,-0.01123,1.305664,0.274963,0.139832,-0.14328,0.0,0.0,0.0,0.030752352800285532,-0.6472856291892665,2.1976017062932995,0.013,-0.0,0.0227
0.0123,-0.008301,-0.013916,1.301514,0.244446,-0.073792,0.039825,0.0,0.0,0.0,0.027910606240543326,-0.6452783276321427,2.2013616606471467,0.013,-0.0,0.0227
0.0111,0.00293,-0.007568,1.326416,0.397034,0.231384,0.131378,0.0,0.0,0.0,0.030291260915703926,-0.646337642508263,2.201558144930929,0.013,-0.0,0.0227
