dt,acc_x,acc_y,acc_z,gyro_x,gyro_y,gyro_z,fused_x,fused_y,fused_z,roll,pitch,yaw,pose_x,pose_y,pose_yaw
0.462752,0.002441,-0.000732,1.318115,-0.091248,0.200867,0.039825,0.0,0.0,0.0,0.03438558872581645,-0.21515617998989373,0.018313176273783913,-0.001,0.0,-0.0356
0.0112,0.002441,0.002197,1.322998,0.335999,0.170349,0.161896,0.0,0.0,0.0,0.11583682344807122,-0.38213662772248724,0.019684553346333383,-0.001,0.0,-0.0356
0.012,-0.001709,-0.000244,1.321777,0.183411,0.017761,0.192413,0.0,0.0,0.0,0.14185987848463677,-0.44649872883280733,0.021820164460491856,-0.001,0.0,-0.0356
0.013,-0.000244,0.001953,1.32251,0.213928,0.078796,0.314484,0.0,0.0,0.0,0.17956706161165392,-0.5027485287243733,0.0255790220021949,-0.001,0.0,-0.0356
0.0122,-0.001221,-0.004639,1.327148,0.183411,0.170349,0.009308,0.0,0.0,0.0,0.1577732258628988,-0.5351666016425793,0.026062818852536283,-0.001,0.0,-0.0356
0.0125,-0.001221,0.001953,1.325195,0.397034,0.322937,0.131378,0.0,0.0,0.0,0.1871802113743248,-0.5580705239226115,0.027406544236290825,-0.001,0.0,-0.0356
0.0114,0.004639,0.0,1.323486,0.030823,-0.104309,0.100861,0.0,0.0,0.0,0.19530083448545682,-0.6150066737132532,0.02852731187385482,-0.001,0.0,-0.0356
0.0122,0.0,0.000977,1.320801,0.427551,0.445007,-0.112762,0.0,0.0,0.0,0.21159414353804457,-0.6305993647291661,0.027019139774618717,-0.001,0.0,-0.0356
0.0112,-0.001465,-0.001221,1.323975,0.244446,0.200867,0.222931,0.0,0.0,0.0,0.21242966864115043,-0.6386051882194425,0.029580667754257033,-0.001,0.0,-0.0356
0.0129,0.001465,0.002197,1.320312,0.152893,0.41449,0.039825,0.0,0.0,0.0,0.22806568113102813,-0.6556252981108547,0.029908121314891047,-0.001,0.0,-0.0356
0.012,0.003662,0.00293,1.325928,0.183411,0.475525,0.161896,0.0,0.0,0.0,0.24463734615389982,-0.6782133154851685,0.031664134931362345,-0.001,0.0,-0.0356
0.0114,0.00293,0.0,1.319336,0.213928,-0.134827,0.192413,0.0,0.0,0.0,0.2480628451576189,-0.7015478690846897,0.033898612765386756,-0.001,0.0,-0.0356
0.0123,0.001221,-0.002441,1.325195,0.06134,0.139832,0.222931,0.0,0.0,0.0,0.24071350713812759,-0.7124628449949302,0.03686975716180865,-0.001,0.0,-0.0356
0.0114,0.000488,0.000488,1.326416,0.366516,0.261902,0.345001,0.0,0.0,0.0,0.24744215734783145,-0.7182264539088105,0.04078020523402357,-0.001,0.0,-0.0356
0.0126,0.001221,0.003418,1.324463,0.122375,0.261902,-0.02121,0.0,0.0,0.0,0.2606345396184014,-0.7252783054512646,0.04028219993931535,-0.001,0.0,-0.0356
0.0115,0.001221,-0.004395,1.325439,0.305481,0.078796,-0.173798,0.0,0.0,0.0,0.2506106846430324,-0.7336145090699248,0.03865064801153316,-0.001,0.0,-0.0356
0.0125,-0.002441,-0.003906,1.317871,0.030823,0.200867,0.253448,0.0,0.0,0.0,0.2401852825504843,-0.7291935561627263,0.042092395551013746,-0.001,0.0,-0.0356
0.0118,-0.001465,0.002197,1.324951,0.274963,0.078796,0.222931,0.0,0.0,0.0,0.2502848646300637,-0.7290806778930888,0.04455867990245839,-0.001,0.0,-0.0356
0.012,0.000488,0.001221,1.319336,-0.030212,0.383972,0.070343,0.0,0.0,0.0,0.25368297969392517,-0.7307235020256208,0.04534581306726878,-0.001,0.0,-0.0356
0.0124,0.006104,0.00293,1.316162,0.183411,0.170349,0.253448,0.0,0.0,0.0,0.2636109915934538,-0.7487052284825566,0.04836006006444254,-0.001,0.0,-0.0356
0.0122,0.002441,0.003418,1.31958,0.366516,0.078796,0.009308,0.0,0.0,0.0,0.27606329972096977,-0.7571801347385076,0.04829483616672202,-0.001,0.0,-0.0356
0.012,-0.000244,0.0,1.315186,0.244446,0.170349,0.039825,0.0,0.0,0.0,0.278297739182495,-0.7577721539355344,0.048812157569522015,-0.001,0.0,-0.0356
0.0114,-0.003418,0.002441,1.324219,0.427551,0.353455,0.283966,0.0,0.0,0.0,0.2876629731313884,-0.7490542471070488,0.05192547891813317,-0.001,0.0,-0.0356
0.0121,-0.001221,-0.000488,1.319824,0.030823,0.383972,0.283966,0.0,0.0,0.0,0.28591305732244987,-0.7450674837297337,0.05544425652290721,-0.001,0.0,-0.0356
0.0129,-0.001465,0.000732,1.319092,0.397034,0.292419,0.039825,0.0,0.0,0.0,0.291452506736914,-0.7415423996131352,0.055966490814016084,-0.001,0.0,-0.0356
0.0111,0.001953,0.000732,1.320068,0.274963,0.200867,0.253448,0.0,0.0,0.0,0.29474556967427573,-0.7464830729651616,0.05881284370459757,-0.001,0.0,-0.0356
0.0118,-0.001953,-0.000488,1.323486,0.152893,0.139832,0.161896,0.0,0.0,0.0,0.2943271132856263,-0.7439145385009943,0.060789148830090727,-0.001,0.0,-0.0356
0.0126,0.001465,-0.003418,1.31958,0.091858,0.261902,0.070343,0.0,0.0,0.0,0.28787333303332396,-0.7463821629412749,0.061924661505246496,-0.001,0.0,-0.0356
0.0114,-0.002686,-0.000244,1.32251,0.152893,0.383972,0.039825,0.0,0.0,0.0,0.2882224543690009,-0.739906815406526,0.06243325706728542,-0.001,0.0,-0.0356
0.0125,0.007324,-0.000977,1.318115,0.152893,0.41449,0.253448,0.0,0.0,0.0,0.2874500629292722,-0.7508146850304199,0.06574869432239817,-0.001,0.0,-0.0356
0.0118,0.000732,0.000244,1.320312,0.213928,0.109314,0.161896,0.0,0.0,0.0,0.28948362751393913,-0.7532541906452944,0.0676894019631331,-0.001,0.0,-0.0356
0.0126,0.000732,-0.000732,1.323486,0.183411,0.231384,0.192413,0.0,0.0,0.0,0.2895971820706122,-0.7538849650912944,0.07020288898524416,-0.001,0.0,-0.0356
0.0111,0.006836,0.000732,1.323242,0.06134,-0.012756,0.161896,0.0,0.0,0.0,0.2905826783461523,-0.7673382830538659,0.07202062365303344,-0.001,0.0,-0.0356
0.0118,-0.003662,0.001709,1.321289,0.152893,0.170349,0.253448,0.0,0.0,0.0,0.29417853582367354,-0.7613025625613495,0.0749535920302607,-0.001,0.0,-0.0356
0.0122,0.000244,-0.002197,1.322266,0.091858,0.170349,0.192413,0.0,0.0,0.0,0.2908921297468994,-0.7615245003237024,0.07745508301015604,-0.001,0.0,-0.0356
0.0125,0.001465,0.002197,1.325439,0.427551,0.261902,0.100861,0.0,0.0,0.0,0.2985679559679944,-0.7623119592154523,0.07866688241469477,-0.001,0.0,-0.0356
0.0112,0.000488,0.000244,1.323242,0.366516,0.231384,0.100861,0.0,0.0,0.0,0.3019015477277221,-0.7622404444819192,0.07984027084281278,0.0,0.0,0.0
0.0123,-0.001221,0.004883,1.315674,0.305481,-0.043274,0.375519,0.0,0.0,0.0,0.3115864844907038,-0.7628115020322196,0.08426336668726117,0.0,0.0,0.0
0.0122,0.000977,0.0,1.325928,0.305481,0.475525,0.192413,0.0,0.0,0.0,0.31387551653019435,-0.7601465739421055,0.08669721950811338,0.0,0.0,0.0
0.0115,0.003662,-0.001953,1.325439,0.000305,0.017761,0.131378,0.0,0.0,0.0,0.3098128566720689,-0.7666644886809174,0.08835970415700896,0.0,0.0,0.0
0.0129,-0.002197,-0.001465,1.322998,0.274963,0.139832,0.070343,0.0,0.0,0.0,0.3100650065071282,-0.7633979458536907,0.08938329902364937,0.0,0.0,0.0
0.0118,0.003174,0.000732,1.317627,0.366516,0.231384,-0.02121,0.0,0.0,0.0,0.31411195498468125,-0.7665925476888784,0.08916762436367223,0.0,0.0,0.0
0.0116,0.007812,0.002197,1.32251,0.274963,0.139832,-0.051727,0.0,0.0,0.0,0.31885607677858585,-0.7766576108044125,0.08854402246207012,0.0,0.0,0.0
0.0122,-0.001221,0.00293,1.31665,0.427551,0.170349,0.009308,0.0,0.0,0.0,0.3264185496367412,-0.77430744186644,0.08858512211336163,0.0,0.0,0.0
0.0122,-0.000732,0.000488,1.319336,0.122375,0.292419,0.253448,0.0,0.0,0.0,0.3269803161489344,-0.7711607687803868,0.09173017861862369,0.0,0.0,0.0
0.0118,0.001709,0.000244,1.318359,0.335999,0.170349,0.131378,0.0,0.0,0.0,0.32968375693990815,-0.7726385083109418,0.09334332229088312,0.0,0.0,0.0
0.0121,0.003662,-0.000244,1.316406,0.213928,0.41449,0.131378,0.0,0.0,0.0,0.33041388989660275,-0.7735052400120962,0.09503905787403683,0.0,0.0,0.0
0.0118,0.001709,-0.000732,1.324463,0.183411,0.231384,0.283966,0.0,0.0,0.0,0.3301048578286616,-0.7740293391692507,0.09850003875467157,0.0,0.0,0.0
0.0121,-0.001465,-0.000732,1.318604,0.366516,-0.043274,0.039825,0.0,0.0,0.0,0.33212302680703576,-0.7739952608173236,0.09906749563568625,0.0,0.0,0.0
0.0129,-0.002441,-0.000977,1.322021,0.091858,0.048279,0.283966,0.0,0.0,0.0,0.33061492726694136,-0.7716927867185457,0.10283034962426436,0.0,0.0,0.0
0.0113,-0.000488,-0.000488,1.319092,0.244446,0.170349,-0.02121,0.0,0.0,0.0,0.3313458356305937,-0.7704343433766976,0.10267602396116748,0.0,0.0,0.0
0.0117,0.000244,0.0,1.327148,0.335999,0.109314,0.039825,0.0,0.0,0.0,0.3337471095631172,-0.7705493388986442,0.1032048925862539,0.0,0.0,0.0
0.0124,-0.000977,-0.001953,1.327148,0.030823,-0.195862,0.070343,0.0,0.0,0.0,0.3304819858015263,-0.7729304220374827,0.10419576155305081,0.0,0.0,0.0
0.0113,-0.000244,0.002441,1.318359,0.397034,0.292419,0.039825,0.0,0.0,0.0,0.3361965106059579,-0.7705449919739249,0.10461940741765842,0.0,0.0,0.0
0.013,0.001221,-0.002197,1.323242,0.274963,0.017761,0.406036,0.0,0.0,0.0,0.3358027232484265,-0.7727561902385068,0.11003987476077058,0.0,0.0,0.0
0.0113,0.000244,-0.000244,1.318115,0.305481,0.261902,0.100861,0.0,0.0,0.0,0.3374979453440623,-0.7712153395552422,0.11125911923037875,0.0,0.0,0.0
0.0123,-0.002441,-0.000977,1.323242,0.183411,0.078796,0.039825,0.0,0.0,0.0,0.33723296299107547,-0.7687598343604136,0.11184953890931423,0.0,0.0,0.0
0.0117,-0.001709,0.0,1.31958,0.244446,-0.073792,0.039825,0.0,0.0,0.0,0.33862318852399514,-0.7689622972095618,0.1123649936455831,0.0,0.0,0.0
0.0125,-0.001465,0.0,1.324951,0.335999,0.139832,0.100861,0.0,0.0,0.0,0.3412907718247037,-0.7668047258919856,0.1136918307204942,0.0,0.0,0.0
0.0117,-0.004395,0.005371,1.317383,0.274963,0.200867,0.009308,0.0,0.0,0.0,0.3484470247071702,-0.7612021251889404,0.11368225775341691,0.0,0.0,0.0
0.0119,0.001465,0.000732,1.321289,0.152893,0.231384,0.131378,0.0,0.0,0.0,0.34937711955167905,-0.7611680639397209,0.11528798469151604,0.0,0.0,0.0
0.0124,-0.000732,0.000977,1.324951,-0.121765,-0.775696,0.375519,0.0,0.0,0.0,0.3472167994121949,-0.7710693351350171,0.11990665344344434,0.0,0.0,0.0
0.012,0.17334,0.046631,1.231445,-0.884705,-2.637268,-1.455536,0.0,0.0,0.0,0.38366905211550884,-0.9817332502935555,0.10011925063062184,0.0,-0.0,0.0
0.0118,0.35791,0.106934,1.293945,1.373596,-3.735901,-7.253876,0.00010027498681720355,1.6679371931471543e-07,2.2855144834364414e-06,0.49734327690729413,-1.350649770700031,0.00909383584230366,0.001,0.0,0.0032
0.0116,0.129395,-0.030518,1.472168,2.0755,12.102722,-0.814667,0.0003959786127581332,2.628835039233588e-07,9.956637676723648e-06,0.4907557299154916,-1.3119321032514384,0.008008975559877153,0.002,0.0,0.0032
0.0122,0.256348,0.026123,1.272217,3.84552,9.508728,-5.087128,0.0013167256636403392,4.231090768907634e-07,3.643683707959955e-05,0.559224444169747,-1.4317030244632656,-0.0515908566298021,0.003,0.0,0.0016
0.0124,0.302246,0.053711,1.261475,0.549622,2.947449,-7.406464,0.002240003163213279,-5.25701219282047e-07,7.004887061930876e-05,0.6134167688060435,-1.6661844692948278,-0.14617474974150543,0.004,0.0,-0.0
0.0114,0.235596,-0.074707,0.970947,-3.204041,-11.731506,-5.727997,0.003760807644344101,-2.1560447871856405e-06,0.00013176085019069662,0.4859991428925269,-2.067872048575153,-0.17810972257722937,0.005,0.0,-0.0
0.0124,0.025391,-0.074951,1.4104,1.159973,-1.386047,5.258331,0.003630696046207974,-3.3290978620110907e-07,0.0001270730935837121,0.42954635781802963,-2.0858903944281386,-0.09017183542833483,0.007,0.0,0.0097
0.0117,0.217529,0.039062,1.307861,-5.920105,-7.15387,2.938995,0.006868803896119787,-6.767552786632357e-06,0.00026541254331673673,0.3923019744284188,-2.341493924223421,-0.06761477205179298,0.009,0.0,-0.0
0.0123,0.524902,0.384277,1.155762,-2.105408,0.261902,-16.77536,0.010233617838793443,-3.093511226938805e-05,0.00047620468198736907,0.6922538631262757,-2.748554562949945,-0.3895310488008977,0.012,0.0,-0.0049
0.012,-0.040283,-0.141602,1.15332,-2.441101,4.656433,0.009308,0.01208600042830254,-3.0293222908832522e-05,0.000550916252882298,0.5138194425326548,-2.6255009539850347,-0.3250869386000306,0.014,0.0,0.0016
0.0119,-0.06665,-0.070312,1.371094,-1.18988,5.175232,3.610382,0.013822312073595704,-3.427576125518249e-05,0.0006106179966362082,0.43407135477211994,-2.4806953637713405,-0.25697291376534553,0.016,0.0,0.0032
0.0129,0.110352,-0.063232,1.241699,-5.309753,-6.085754,0.955353,0.01724319082291031,-4.147396717308799e-05,0.0007809561470263602,0.3049740852661728,-2.6341314024338507,-0.21780287063112994,0.02,0.0,-0.0
0.0107,0.135254,0.042236,1.515381,0.793762,0.597595,-10.519257,0.020117437256705034,-5.66257857789953e-05,0.0009377419944776815,0.34889741758671644,-2.6981987435356545,-0.3425709238784995,0.022,0.0,-0.0049
0.0123,-0.025635,0.006592,1.074707,1.312561,-2.820374,-9.7258,0.022679925268286775,-7.352047418818549e-05,0.0010379462298775977,0.3770588528267735,-2.6790979132623467,-0.4665948477375878,0.025,0.0,-0.0065
0.012,-0.060547,-0.003418,1.365723,-5.767517,-0.501038,-4.568329,0.025192470527666776,-9.410862769428068e-05,0.0011220702209878079,0.30685207536718445,-2.6068414531338835,-0.5218470632523812,0.027,-0.0,-0.0049
0.0121,-0.035889,0.026123,1.487549,-5.004578,1.696228,-1.425018,0.02773177521394527,-0.00012170548810259453,0.0012120727053967458,0.2666286647570495,-2.531683797853812,-0.5483543569998254,0.03,-0.0,-0.0016
0.0116,0.05249,0.040527,1.193604,-0.396423,0.597595,-5.331268,0.03029219347009876,-0.00015376454798137065,0.0013377106192485882,0.3026909049788631,-2.548582792187681,-0.6246215429919966,0.033,-0.0,-0.0016
0.0122,0.030273,-0.058594,1.309814,-1.617126,-2.026917,-9.512177,0.03310753329798468,-0.0001730890452076096,0.0014625144645983813,0.23854406590016705,-2.5720700785763997,-0.7210464580584631,0.035,-0.0,-0.0032
0.0124,-0.077637,-0.066162,1.339111,-0.793152,-2.698303,-10.671844,0.03601452941365231,-0.00019784244229211634,0.001539296201966464,0.1812776933206275,-2.5162794310037815,-0.8347356857164847,0.038,-0.0,-0.0065
0.0113,-0.098633,-0.052734,1.210449,0.06134,-3.888489,-5.05661,0.03872676088721186,-0.00022691445735279915,0.0015864148214327005,0.13911725866246216,-2.4490408160502115,-0.8766583120805866,0.041,-0.0,-0.0065
0.013,0.004639,-0.041748,1.370605,-1.098328,-0.989319,-2.218475,0.04174032879134483,-0.00026537457877064493,0.001700897914794173,0.09512689072367445,-2.4412414071686985,-0.8949784881750866,0.043,-0.0,-0.0097
0.0112,-0.025879,-0.006348,1.299316,-0.304871,-1.35553,-4.324188,0.04419758300848203,-0.00030286418732131245,0.0017731782250106026,0.09111359144248933,-2.4120264779154126,-0.9424157220946467,0.047,-0.0,-0.0081
0.0123,0.013428,-0.030273,1.418701,1.037903,2.703308,-6.582489,0.04682143561776464,-0.0003405581870248457,0.0018734873784180222,0.08659536585545957,-2.3655326070017364,-1.0166684998947373,0.049,-0.0,-0.0097
0.0116,-0.030273,-0.042236,1.204834,-0.94574,0.139832,-4.568329,0.04921032916538385,-0.000373356758754927,0.0019340471370394353,0.04393357381374209,-2.316900904149095,-1.058553950884223,0.051,-0.0,-0.0113
0.0121,0.022461,-0.046875,1.265869,-1.739197,0.628113,-0.967255,0.05174899995682066,-0.0004106999859568161,0.0020348217238062415,-0.011792267427641563,-2.3071889226246434,-1.0595717917363492,0.054,-0.0,-0.013
0.0121,0.063965,0.043213,1.339111,0.976868,-1.813293,-0.967255,0.05428029548017516,-0.000468696721420038,0.0021617211552378574,0.03755052615582747,-2.357076712336188,-1.0831407604825019,0.056,-0.0,-0.0113
0.012,0.032227,-0.045654,1.318848,0.030823,0.750183,0.802765,0.056797682799150345,-0.0005066029846773646,0.0022686524969076707,0.004958515950215066,-2.3518243918844277,-1.0635817783667514,0.059,-0.0,-0.0113
0.0126,0.0271,0.017334,1.272461,-0.884705,-0.226379,-0.723114,0.059516414656635146,-0.0005626817336753129,0.002381354191559666,0.012044953200367872,-2.3556586092217144,-1.0781694844364036,0.061,-0.0,-0.013
0.0116,0.022461,0.001465,1.435303,-0.121765,2.398132,2.145538,0.06197332541763692,-0.0006101579698651172,0.002476739184755883,0.013867437414250781,-2.3221071058239953,-1.0544326656241085,0.063,-0.0,-0.013
0.0122,0.016113,0.007812,1.368652,0.641174,1.482605,3.335724,0.06458188305346617,-0.0006609570926021214,0.0025735099876716505,0.02904849849211566,-2.2952742351014184,-1.0162290695951877,0.066,-0.0,-0.013
0.0121,0.047852,-0.031494,1.291748,1.282043,3.496765,3.549347,0.06713787171346518,-0.0006993670472950522,0.002694955434861772,0.021375490089275136,-2.2707871336044194,-0.9671934349639035,0.068,-0.0,-0.0113
0.0142,0.029541,-0.037109,1.254639,1.861877,-0.165344,3.549347,0.07017376853267603,-0.0007412368269493558,0.002820171928807919,0.019232285173620602,-2.2775402725188094,-0.9089872008776068,0.072,-0.0,-0.0113
0.0096,0.025146,-0.010742,1.375732,2.350159,2.30658,2.053986,0.07221200033223986,-0.0007716969663822131,0.002899399690140038,0.03607811361549531,-2.2537946897264707,-0.8877399044615785,0.074,-0.0,-0.0097
0.0125,-0.065674,-0.032715,1.404297,2.472229,3.191589,4.312286,0.07476302115083108,-0.0008007033649421994,0.002923161291930544,0.04424727255843487,-2.148689209061081,-0.8258320645643175,0.076,-0.0,-0.0097
0.0112,0.026367,-0.007568,1.282715,4.486389,3.588318,5.441437,0.07705701489672658,-0.0008326905076511034,0.0030132940668147925,0.08878755139935356,-2.1119373559780223,-0.7639816395627838,0.079,-0.0,-0.0097
0.012,-0.04126,-0.006592,1.305664,3.662415,2.062439,6.265411,0.0794756067527086,-0.0008612606492480693,0.003043915727508611,0.12682938183084722,-2.039963528050393,-0.6861612891290607,0.081,-0.0,-0.0081
0.0123,-0.010742,-0.037109,1.341553,4.211731,2.55072,7.608185,0.08194136515120141,-0.0008800904808308745,0.0031019591815759184,0.14944001995912184,-1.985290240024577,-0.5850101242645959,0.084,-0.001,-0.0065
0.0119,-0.086426,-0.02124,1.386719,2.83844,1.024841,6.997833,0.08427635073714065,-0.0008938318034451913,0.0030848618340356725,0.16641566217577838,-1.8977417612241017,-0.4949681345977389,0.086,-0.001,-0.0065
0.0122,-0.008545,0.022705,1.357666,2.411194,2.855896,6.173859,0.08670984555170816,-0.0009190888288215055,0.0031389785449241476,0.21029379757210878,-1.843230647176347,-0.4223147200359852,0.088,-0.001,-0.0049
0.0114,-0.083496,0.043701,1.29541,2.380676,1.268982,8.249054,0.08879888687513117,-0.0009403329188749676,0.003105489185466045,0.26709720646236923,-1.7548730399198098,-0.3320128243915027,0.09,-0.001,-0.0032
0.0121,-0.00415,-0.002197,1.145264,2.136536,-3.522278,8.767853,0.09113990764493367,-0.0009525819169872912,0.0031573440762925537,0.2879853605168729,-1.7836247578981501,-0.22527623837291602,0.092,-0.001,-0.0016
0.0121,0.025391,0.072998,1.415771,0.82428,-0.928284,6.448517,0.09347974710750255,-0.0009767526269457945,0.0032349864220337296,0.3437256607774892,-1.7989811687916462,-0.15639892111660653,0.095,-0.001,-0.0016
0.0124,-0.003174,0.03125,1.324463,-0.304871,-1.904846,4.983673,0.09576720953881156,-0.0009891150085921771,0.003284868037313957,0.35932790381984303,-1.8078658255212503,-0.09838438625061337,0.097,-0.001,0.0016
0.0121,-0.047119,0.090576,1.377686,0.671692,0.353455,1.87088,0.0979284010100173,-0.0010102849744293382,0.0032865901725989887,0.42697105779710887,-1.7587558537795696,-0.08593255973830977,0.099,-0.001,-0.0
0.0121,0.01001,0.003418,1.200195,0.183411,-1.996399,4.281769,0.10022045840616853,-0.001013988426273762,0.0033520202077292026,0.428477338714157,-1.7799852224610901,-0.03443381735146016,0.101,-0.001,0.0016
0.0121,-0.01001,0.031738,1.411377,0.213928,-0.378967,2.725372,0.10239245590414964,-0.0010208373545572901,0.0033897999908792257,0.44869168759439515,-1.7653591505728756,-0.004590130407571549,0.103,-0.001,-0.0
0.0119,0.010742,-0.008057,1.243652,1.434631,-3.796936,2.694855,0.10467641353133592,-0.0010186415554940902,0.003454525919211181,0.45637621728052785,-1.8070588760506818,0.028441057208223763,0.106,-0.001,0.0016
0.0117,0.046875,-0.075195,1.320557,0.732727,1.696228,2.359161,0.10682702219520882,-0.0010014275849674922,0.0035556096418395407,0.4089927062357628,-1.8081870854558721,0.06494141694303454,0.108,-0.001,-0.0
0.0115,-0.041504,0.022461,1.239502,1.526184,-0.623108,0.680695,0.10890429476812347,-0.0010026541666423628,0.0035534044755316965,0.44114714885824186,-1.7729490843829547,0.07078310421996856,0.11,-0.001,-0.0
0.0129,0.040039,-0.017334,1.3396,1.587219,-1.996399,1.382599,0.11134676882139821,-0.000995740747986131,0.003653699446841359,0.4466432728485913,-1.8139857398436834,0.09046587930090208,0.113,-0.001,-0.0016
0.0115,0.066895,0.075928,1.411377,0.213928,0.170349,-0.478973,0.11336202758557122,-0.0010070101916137553,0.0037663085800047507,0.4957105868137632,-1.8420725921827463,0.07758829673520895,0.114,-0.001,-0.0016
0.0122,-0.000488,-0.019775,1.196045,-1.800232,-1.782776,6.54007,0.11552110727156405,-0.0009986294495853527,0.0038158722755694437,0.45382907813536255,-1.8524003834813956,0.15997932440995344,0.117,-0.001,-0.0
0.0122,0.07959,0.154053,1.501709,0.885315,-0.256897,3.091583,0.11784167058867552,-0.0010203572350894526,0.003946106476718399,0.5526641809770837,-1.8893048867839393,0.1837022252566876,0.119,-0.001,-0.0016
0.0121,-0.044678,-0.081299,1.275391,0.244446,-1.080872,3.76297,0.11998514386693589,-0.0009949970991490942,0.00394215160535095,0.49310472036863146,-1.8586725156031991,0.2381512383548244,0.121,-0.001,0.0016
0.0115,-0.056396,-0.059082,1.375488,-1.891785,4.473328,-1.9133,0.12201706097027057,-0.0009741337307071264,0.003923730375440632,0.43067666388141407,-1.7579549106446306,0.22247758889384384,0.123,-0.001,-0.0
0.0127,0.050781,0.057373,1.151855,0.641174,-0.867249,-4.324188,0.1243444063729004,-0.0009777255548410013,0.0040459877926295506,0.48338166207448735,-1.7978667591714992,0.16152633787523496,0.125,-0.001,-0.0
0.0119,-0.022949,-0.033936,1.357422,0.000305,-0.287415,1.382599,0.12645744128478487,-0.0009643957855105606,0.004064389934275765,0.4576812263180329,-1.7742483572743795,0.18136174495150087,0.127,-0.001,0.0016
0.0111,0.074463,0.108154,1.38916,0.335999,0.628113,-2.096405,0.12845756040972842,-0.0009774457447882493,0.004189043071745401,0.5284223648711297,-1.8024670301881551,0.14929432224798056,0.13,-0.001,-0.0016
0.0122,-0.025879,-0.126953,1.297119,-1.525574,0.078796,6.54007,0.13081916499908466,-0.000944135272591934,0.004212103771623712,0.41794779061346904,-1.7733418082827688,0.2413067972559307,0.132,-0.001,0.0016
0.0124,0.123779,0.080811,1.351562,0.610657,2.672791,-0.448456,0.13320644292627606,-0.0009506339147737033,0.004412434074734088,0.47608577886640874,-1.8091193589529693,0.22872468509320454,0.134,-0.001,-0.0
0.012,-0.061523,-0.131836,1.230225,-0.549011,-0.073792,4.525909,0.13559112451793376,-0.0009081101400475996,0.004387496493106553,0.37166503440846593,-1.7559712684163629,0.2973073054002201,0.136,-0.001,0.0016
0.0119,0.098633,0.057861,1.443848,1.617737,1.879333,2.237091,0.1381271638463241,-0.0009081032406224597,0.004555753005207737,0.42340913955977577,-1.781832974278104,0.31855018809404506,0.139,-0.001,0.0016
0.013,-0.064209,-0.046631,1.419922,-0.121765,4.56488,5.136261,0.14078145380174623,-0.0008807927833383048,0.004540898632904195,0.38878364458287923,-1.6719534406433414,0.3909487335017124,0.142,-0.001,0.0032
0.0109,-0.006348,0.025146,1.352295,-0.030212,2.703308,1.291046,0.143113984272578,-0.0008687859626823325,0.004581281694576219,0.4027506111622298,-1.6285072517489494,0.40362855286412586,0.144,-0.001,0.0032
0.0118,0.103271,0.023193,1.326172,-0.213318,4.076599,2.603302,0.14570468699878789,-0.0008572903541312389,0.004770246685632428,0.4129060722632321,-1.6392271622971544,0.432030150562563,0.147,-0.001,0.0032
0.0118,0.037109,0.001953,1.266602,-0.884705,4.625916,3.610382,0.14820987622521692,-0.000838901025067971,0.004875785473506791,0.40107493621592627,-1.6018836534227947,0.47484460125493066,0.15,-0.001,0.0032
0.0121,0.040527,0.083008,1.262451,0.885315,1.268982,3.091583,0.15091767706468687,-0.0008378511856444591,0.004989029166593277,0.46595459252984467,-1.6059552767468788,0.5041776977878519,0.152,-0.001,0.0049
0.0119,0.039795,0.028809,1.345215,0.549622,1.66571,2.664337,0.15368796810311267,-0.0008196148097734197,0.0051001199555930155,0.48759926850287666,-1.6028341345829733,0.5337402593884046,0.155,-0.0,0.0049
0.0122,0.012695,-0.035889,1.212646,-0.274353,-2.48468,3.335724,0.15651713098781875,-0.0007817450837349804,0.005181004624477777,0.4552130488951452,-1.6339873748662292,0.5784708071743848,0.158,-0.0,0.0065
0.0123,-0.019043,-0.035156,1.405273,-1.06781,-1.050354,2.938995,0.15929115115529552,-0.0007438027800000816,0.005214607241075777,0.41717480314740846,-1.625353021422274,0.6181686874738854,0.161,-0.0,0.0081
0.0125,-0.00415,0.03418,1.41333,2.258606,-4.865051,2.511749,0.1620408633337238,-0.0007212386618668227,0.005263768100701943,0.4629779076343608,-1.6731529097920104,0.6465394982782716,0.163,-0.0,0.0081
0.0117,-0.052246,-0.033447,1.418457,2.228088,-1.263977,5.197296,0.1646518799163624,-0.0006825054589888676,0.005249147927995851,0.46419194202683844,-1.646232488997343,0.7105549414922381,0.165,-0.0,0.0097
0.0122,-0.060303,-0.05127,1.28833,0.854797,-1.233459,4.678497,0.1672956474806861,-0.0006354445387386996,0.005217994025910313,0.4365693575396133,-1.6123971870940423,0.7725389505941813,0.169,-0.0,0.0113
0.0111,-0.031494,0.036865,1.369629,2.441711,1.268982,1.291046,0.16971094441099685,-0.0006075479571799555,0.005221251455330612,0.4837617510478651,-1.569492670399176,0.7853366968608732,0.171,-0.0,0.0113
0.012,-0.064697,-0.016846,1.35498,2.0755,-0.59259,2.694855,0.1722935467327388,-0.0005662136013188425,0.005181614167004524,0.49427632436007923,-1.5274147743347433,0.8196256712124592,0.174,-0.0,0.0113
0.0124,-0.068848,-0.008789,1.249023,0.549622,-5.414368,4.525909,0.17483865082691233,-0.0005247203364016122,0.005125232253781227,0.4910277718321309,-1.5400042614659726,0.8768613556906591,0.176,-0.0,0.0113
0.0118,-0.056641,0.02002,1.291016,1.06842,-4.37677,4.495392,0.17723648495104516,-0.0004870975668304957,0.005084892098601997,0.5126217386143178,-1.5463790555173784,0.9297151526362045,0.178,-0.0,0.0113
0.0121,-0.05835,-0.02417,1.445801,0.763245,-0.714661,5.65506,0.17977355102861145,-0.0004410852064477566,0.00505430602426215,0.5026416892814557,-1.5124067865970257,0.9996826573677949,0.181,-0.0,0.013
0.0126,-0.058838,0.041992,1.316162,0.641174,-0.287415,3.427277,0.18240296477373955,-0.0003944448408621235,0.005016702874368486,0.5336437868296598,-1.4707937779831977,1.042981914061414,0.183,-0.0,0.0113
0.0125,-0.017334,0.012207,1.369873,0.122375,3.740906,2.481232,0.1849718630176921,-0.00034708747778213427,0.005040560832850427,0.5386493631186746,-1.4064384705622843,1.0746097177656633,0.186,-0.0,0.0146
0.0107,-0.026123,0.002686,1.233887,0.732727,3.283142,3.610382,0.18715012471761044,-0.0003051937990093335,0.005038869268725495,0.5443275592650768,-1.348317561648764,1.113899078291538,0.188,-0.0,0.0113
0.0121,0.063965,0.046875,1.335205,0.610657,1.757263,-0.814667,0.18957236679490416,-0.0002599630078015356,0.005176420465442843,0.5779383123449142,-1.3611694041273703,1.1036291971376544,0.19,-0.0,0.013
0.0123,0.026855,-0.041016,1.445557,-1.342468,3.130554,0.924835,0.19184603066247857,-0.00021492078308837492,0.00525349716275924,0.5337452676743243,-1.3319590896953664,1.1158096418226757,0.193,-0.0,0.0146
0.0123,0.054932,0.046875,1.219482,0.335999,1.2995,0.98587,0.19410562830603434,-0.0001741746941630917,0.005383900521319368,0.566730321503317,-1.348821288302188,1.127068998565739,0.195,-0.0,0.0146
0.0113,0.179443,0.088379,1.158936,-0.487976,-1.935364,-3.805389,0.1963606466854441,-0.00013720064176563136,0.005728858611391181,0.6212095139288533,-1.4911148506951106,1.081461658093608,0.198,-0.0,0.013
0.0122,-0.071289,-0.052734,1.343506,-3.936462,-0.836731,-0.570526,0.19862057517074627,-8.884412069886746e-05,0.00566216045515783,0.537183631317598,-1.4494857829423782,1.076199147762198,0.2,0.0,0.013
0.0121,-0.03833,0.037842,1.390381,-1.464539,-0.653625,1.291046,0.2010176681295451,-4.7519904527428785e-05,0.005646777865085764,0.5386022723491084,-1.4269985562941168,1.0906207169471231,0.201,0.0,0.013
0.0124,0.032227,0.028564,1.343262,-0.915222,-0.317932,0.222931,0.20339628154607386,-3.837995563199373e-06,0.005737539891902267,0.5417664525823488,-1.443868480864138,1.0928341919174127,0.204,0.0,0.0113
0.0113,-0.096924,-0.143555,1.286621,-3.478699,-0.501038,4.312286,0.20562097707351953,4.9686977504811996e-05,0.005626983115450455,0.40740119580581247,-1.3818501820427378,1.145000183747543,0.206,0.0,0.013
0.0123,-0.032471,0.026855,1.354492,-0.091248,0.689148,3.183136,0.20800200665322255,9.774484786443445e-05,0.005617861638509301,0.4200252403887249,-1.3474241747771645,1.1842950334081481,0.209,0.0,0.0146
0.0123,0.085205,0.074219,1.340332,1.556702,2.215027,1.168976,0.21037719675384725,0.00014294791632424924,0.005789507698105027,0.4822308976552039,-1.366772776005165,1.1976754403628276,0.211,0.0,0.0146
0.0121,-0.023438,-0.065674,1.20874,-1.006775,-1.263977,3.396759,0.21268273088190812,0.00019562591021448822,0.005792416745433554,0.4222810375212812,-1.3611542785298405,1.2400508363690028,0.213,0.0,0.0146
0.0113,0.060059,0.005859,1.277588,0.82428,-2.148987,1.443634,0.21495020312494362,0.0002430102948688484,0.005929947083722754,0.43317743437297596,-1.4182226933412156,1.2557314303093354,0.216,0.0,0.0162
0.012,0.023193,-0.000732,1.434814,1.526184,2.703308,0.955353,0.21715048083005276,0.0002912738593171917,0.0060007999211661766,0.4484322539989196,-1.3921794451829033,1.267471577999548,0.218,0.0,0.0162
0.0123,-0.047119,-0.043457,1.175781,0.122375,-0.806213,1.99295,0.2195630272953502,0.0003504374622663902,0.005962157874038215,0.417314671674289,-1.3642168848944374,1.2935605662384173,0.221,0.0,0.0146
0.0117,0.090332,0.029541,1.348389,-0.06073,3.649353,-1.15036,0.22176332294481627,0.000394553419020315,0.006141327133206152,0.43298547841668417,-1.370361773938621,1.2789217116034202,0.223,0.0,0.0146
0.0127,-0.062256,-0.030029,1.226807,-1.006775,-1.141907,1.382599,0.22408363148939744,0.0004525431779859344,0.006074824205332365,0.39822028204891113,-1.3380140437375132,1.298040872154498,0.225,0.0,0.0178
0.0118,0.03125,0.028564,1.213379,-0.518494,-2.271057,1.87088,0.22659443687762823,0.0005065118047495047,0.006174465082454996,0.409603380464377,-1.3808142231616922,1.3191159480994514,0.228,0.0,0.0178
0.0118,-0.063721,-0.084717,1.436523,-1.464539,-0.317932,3.610382,0.2289860384238028,0.0005696001732835278,0.006120511132165223,0.3416663334376182,-1.3419261015818857,1.363936515399316,0.23,0.0,0.0162
0.0122,-0.024414,-0.022217,1.297852,-0.579529,-1.325012,2.87796,0.23153002170706075,0.0006337067660662352,0.006124628540203207,0.3190646341195497,-1.33724706592865,1.3998967409460044,0.233,0.001,0.0162
0.0121,0.004883,0.010254,1.378174,0.000305,1.513123,1.230011,0.23402749781110424,0.0006951320260134835,0.006174775352001686,0.3240188212552802,-1.3160758482269233,1.4149556812889228,0.235,0.001,0.0178
0.0121,0.008057,0.020752,1.209229,0.641174,-0.378967,2.176056,0.23642189513119005,0.0007540194576657599,0.0062312921251991785,0.3446106142459721,-1.321609811428987,1.4411402431925058,0.237,0.001,0.0178
0.0115,-0.064453,-0.054688,1.262207,1.465149,-3.674866,5.441437,0.23868986804988693,0.0008176908269082287,0.006158341207651501,0.32397365975406306,-1.317461327260299,1.5052277559278349,0.24,0.001,0.0178
0.0121,0.053223,0.017334,1.408691,1.922913,1.909851,2.237091,0.24126960868590752,0.0008814056271433273,0.006285180890376697,0.35545792789662894,-1.3193736175205217,1.5314439533975595,0.242,0.001,0.0178
0.0117,-0.027832,-0.016357,1.35498,-0.1828,1.391052,1.687775,0.2436333426902335,0.0009481661730536842,0.006279501846652464,0.34201367259270915,-1.281131777818558,1.5521723538921604,0.245,0.001,0.021
0.0122,-0.045166,0.033691,1.182373,0.671692,1.146912,-0.723114,0.2461661834228629,0.0010243655026947113,0.006239258432041816,0.37275383299924963,-1.2324296739558906,1.5450719272828597,0.247,0.001,0.0194
0.0126,0.074951,0.024658,1.38208,0.854797,6.395935,-0.967255,0.2485240120906364,0.0010830934282029846,0.006399583869765533,0.3966774815733078,-1.1915396043747741,1.5322817139977116,0.249,0.001,0.0178
0.0111,-0.000488,0.031982,1.176758,0.274963,-1.752258,0.161896,0.25080407441401353,0.0011454226524807774,0.006436384591991031,0.4204129952969206,-1.2075471482641653,1.5341658710377544,0.252,0.001,0.0178
0.0124,0.030029,0.00415,1.347656,-0.121765,0.841736,-0.601044,0.2533744433111261,0.0012128433821284965,0.00652904951316906,0.41975566143067006,-1.2107900842251296,1.5264729921691065,0.254,0.001,0.0178
0.0124,0.011719,-0.04834,1.306396,-0.243835,-0.043274,1.107941,0.25603858518228334,0.001282673837642633,0.006595803894328959,0.3850146771067037,-1.2145931472543916,1.540085818466765,0.257,0.001,0.0194
0.0115,0.008789,0.022217,1.303467,0.274963,1.360535,1.230011,0.2583831110948321,0.0013457513812566847,0.006649090719933055,0.40022175501296087,-1.2005097456841607,1.5542990305989672,0.26,0.001,0.0194
0.0121,0.031494,-0.005615,1.285645,-0.487976,0.750183,1.535187,0.26082454400241917,0.001409776629719346,0.006745972515763024,0.38906022713146726,-1.2075265962761976,1.5724867408428729,0.262,0.001,0.0178
0.0117,-0.004395,0.003418,1.408936,0.702209,3.649353,3.091583,0.26312277804201983,0.0014738194511406063,0.0067750878985091455,0.3968078472312191,-1.158317516385972,1.609158056570143,0.264,0.001,0.0178
0.0122,-0.022461,-0.005859,1.299072,1.129456,2.215027,1.718292,0.2656663558352032,0.0015476474358449776,0.006777822450164611,0.40496569100452257,-1.1143963085857038,1.6308270322634448,0.266,0.001,0.0194
0.0118,0.012451,-0.011963,1.334717,-0.976257,1.574158,1.413116,0.26809532680059134,0.001615860761094937,0.0068384449164180915,0.38448942328571695,-1.1004121538603975,1.647462833739389,0.27,0.001,0.0194
0.0135,-0.027344,-0.000488,1.291016,-1.434021,-0.317932,2.694855,0.2709842323194289,0.0017021393969178773,0.006836498423217907,0.3630572633494824,-1.0851057072433152,1.6844780046775967,0.272,0.001,0.021
0.0109,0.080078,0.078613,1.323975,0.519104,-2.057434,-0.02121,0.27326274941056794,0.0017643120233630215,0.007008547727939193,0.4146888521545371,-1.1525412612700325,1.6829626013522934,0.274,0.001,0.0194
0.0119,-0.057373,-0.074219,1.3125,-2.19696,0.078796,3.793488,0.2755907994281921,0.0018369406676650465,0.006945786478834453,0.3412613328687639,-1.1136386259575608,1.729142754380507,0.277,0.001,0.0178
0.0123,0.027832,0.008545,1.344727,-0.823669,0.719666,2.694855,0.2781157287918362,0.001911140929796993,0.007033964062592985,0.33475933332629554,-1.1183487142410589,1.76192946383018,0.279,0.001,0.0162
0.0121,-0.029297,-0.020996,1.46582,0.763245,3.496765,2.481232,0.2805719841459851,0.0019895169038793947,0.007024894342150363,0.3308106600873102,-1.0566534527164948,1.7927974093110304,0.281,0.001,0.0178
0.012,-0.043457,-0.045654,1.24292,-0.243835,-1.965881,2.725372,0.2830567592364668,0.0020710332085867793,0.006983349703394375,0.29749709676338426,-1.0503836658703776,1.8261857644171857,0.284,0.001,0.0178
0.0122,-0.009033,-0.023926,1.340088,-0.335388,1.330017,2.420197,0.2855871598227959,0.0021519492214249715,0.007007573675901121,0.27826388822575915,-1.0265648777919805,1.8558765235902326,0.286,0.001,0.0178
0.0115,-0.023682,0.013184,1.268555,0.854797,-1.019836,1.99295,0.2878927040965201,0.0022318715038249564,0.006998188200638277,0.29576598219058875,-1.021613393226688,1.8797316773090236,0.289,0.002,0.0162
0.012,-0.076172,0.0,1.374268,0.427551,-1.050354,1.62674,0.2903247964391819,0.002322779897627069,0.006901505885396859,0.29999294838117274,-0.9876727291079346,1.9013134075824705,0.291,0.002,0.0178
0.0117,-0.00415,0.022217,1.329346,1.190491,1.116394,0.98587,0.29280380148860014,0.002408948592220585,0.006931031351827583,0.3263895811008248,-0.970538006710366,1.9136410358189884,0.293,0.002,0.0178
0.0126,-0.092773,-0.061768,1.368408,0.519104,2.398132,3.610382,0.2953705659831499,0.00249822347641607,0.0068096156555239205,0.295609210046277,-0.8853539613943638,1.9599596922307743,0.296,0.002,0.0194
0.0122,0.018799,0.0271,1.314697,1.648254,0.567078,2.481232,0.2979237863650996,0.002587745269593919,0.006881077960024634,0.3310202058962583,-0.8894470362267753,1.9906823998895866,0.298,0.002,0.0178
0.012,-0.067627,-0.035156,1.397217,1.678772,2.581238,3.946075,0.3001872998333221,0.0026698500012907493,0.006798084588480918,0.329395249149484,-0.8195302461556454,2.0388199678934837,0.301,0.002,0.0178
0.0117,-0.01001,0.022461,1.26416,2.167053,-1.843811,2.450714,0.30254358135459797,0.00276051625595569,0.0068124981955874206,0.3675127890051303,-0.8352327690630139,2.0686254278937257,0.303,0.002,0.0178
0.0116,0.024658,0.026855,1.346191,0.94635,0.506042,2.267609,0.3048954409772571,0.0028473036510932217,0.006889801524182437,0.39255508551357854,-0.8438415848588235,2.0953256650522825,0.305,0.002,0.0178
0.0123,0.022949,-0.012695,1.270996,1.129456,-0.195862,1.779327,0.3074752953999822,0.002934800763533603,0.006973027319267458,0.39680096719359303,-0.8608756405887884,2.1159568486208107,0.308,0.002,0.0194
0.013,0.018555,0.016602,1.368408,1.617737,1.238464,1.199493,0.31005942347367244,0.0030302883133730167,0.007043061873138098,0.4254120574418438,-0.8551367981181915,2.1316740127708718,0.31,0.002,0.021
0.0113,0.012451,0.04541,1.300049,-0.030212,-0.104309,-0.082245,0.3123000680459571,0.0031201420609095064,0.007097771639915733,0.4509037372861235,-0.863679982429303,2.1318784544513627,0.313,0.002,0.0194
0.0113,0.006348,0.086182,1.313232,-0.396423,-0.195862,-1.363983,0.31452406669128274,0.0032173822240507666,0.00713878237023432,0.49618501478621757,-0.8691433744637708,2.118965830869219,0.315,0.002,0.021
0.0121,-0.000488,0.037354,1.348877,0.763245,-0.562073,-1.15036,0.31708728235329126,0.00331803586269508,0.007173382994513124,0.5247416559305892,-0.8748028561751519,2.105981085342772,0.317,0.002,0.0194
0.0121,-0.069092,-0.072754,1.392822,0.305481,3.100037,2.237091,0.3194662507597521,0.0033948677474126914,0.007088499933885322,0.48402429180536305,-0.7980196548745184,2.1315013034289243,0.32,0.002,0.021
0.0123,-0.003906,-0.044189,1.28418,2.106018,-0.34845,1.718292,0.3219306508643066,0.003475742747231214,0.007118937886345365,0.4799969518108559,-0.8006811050729662,2.150724928121762,0.322,0.002,0.021
0.0124,0.076904,0.009277,1.381348,1.007385,1.116394,-0.387421,0.32425036909940774,0.0035548402029827566,0.007289305695832001,0.49526138423166366,-0.830663582387216,2.1447112214950326,0.325,0.002,0.021
0.0112,-0.078125,-0.031982,1.307617,-0.152283,-1.294495,1.168976,0.3263187776737619,0.003635382485378343,0.007172113302797117,0.4717196897820697,-0.7982472524607362,2.158178105672667,0.327,0.002,0.021
0.0123,0.033203,0.076416,1.452393,3.540344,-0.165344,-2.03537,0.3288675515439052,0.003741864985878841,0.007260519037505732,0.5538407196395686,-0.8174334212960073,2.1348788557693807,0.329,0.002,0.021
0.012,-0.059326,-0.085205,1.406006,1.70929,2.916931,1.962433,0.3313042657687456,0.0038204488831342326,0.00719317772247504,0.5231018413713803,-0.7496218344056478,2.156690791237665,0.332,0.002,0.0227
0.0117,-0.02417,-0.035889,1.238525,0.82428,0.475525,0.375519,0.33360845204032397,0.003900419965883585,0.00718081543902229,0.5072619146892563,-0.7303010662030839,2.1599787151314493,0.334,0.002,0.0227
0.013,-0.067383,-0.01001,1.425049,0.915833,3.252625,-0.875702,0.3361247086177057,0.0040032055698166116,0.0070974366758259156,0.5108102115637652,-0.6515643285890477,2.1502227961670295,0.337,0.002,0.021
0.0117,0.019043,0.050049,1.193604,-0.94574,-0.195862,-1.089325,0.3383213587338535,0.0040961422169646065,0.007169622752523458,0.530458319336978,-0.6690216072120331,2.1392489097587615,0.339,0.003,0.021
0.012,-0.036865,0.044189,1.297363,-3.417664,1.330017,0.283966,0.34059504600197243,0.004198207429841255,0.007129723981627281,0.5136617726655095,-0.6327523252116759,2.145613012185431,0.341,0.003,0.021
0.0124,0.067383,0.0979,1.219482,-1.159363,-2.301575,-1.486053,0.3431500280617625,0.004314864586613358,0.007300862747959304,0.5595808458365917,-0.7065942961081605,2.1304729252741956,0.344,0.003,0.021
0.011,-0.08252,-0.06543,1.414062,-3.570251,1.055359,2.328644,0.34532439703807255,0.004383672893626185,0.007185538121831056,0.4809552409868253,-0.6504730521637224,2.154122680073014,0.346,0.003,0.0227
0.0121,0.013428,0.038818,1.218506,-1.861267,-3.033997,-1.669159,0.3478443856141651,0.00448831332885269,0.00724803080136398,0.4816903123843655,-0.6978698825502664,2.1352420384069806,0.349,0.003,0.021
0.0117,0.028076,0.0,1.429199,-1.281433,3.618835,0.558624,0.35006444335997566,0.004567746059434369,0.007328906871595142,0.464240047461224,-0.6721523093995976,2.1416285383048845,0.351,0.003,0.021
0.0128,-0.070312,-0.061768,1.222656,-0.304871,-3.064514,1.596222,0.3526258476240144,0.004650690635995401,0.007221689041870338,0.41880902810011117,-0.6685923521252533,2.1596157282082795,0.353,0.003,0.0194
0.0115,0.026367,0.044434,1.416504,1.343079,-0.226379,-2.065887,0.354905561130382,0.004745311119944222,0.007297980357451842,0.45697266461934677,-0.6866299893402873,2.1372422597043097,0.356,0.003,0.021
0.0122,-0.020264,-0.041992,1.387451,-0.701599,0.689148,-1.821747,0.35750304428934226,0.004831017324480426,0.0072970269329101145,0.4229286435212165,-0.6678227927042222,2.1132941029625543,0.358,0.003,0.0227
0.0125,0.04248,0.056152,1.268066,0.732727,1.635193,-4.659882,0.3600613953700631,0.004936077311524331,0.007418414135614938,0.46554098006001016,-0.6753685936067797,2.056924975304783,0.361,0.003,0.0227
0.0111,-0.021729,0.017822,1.299805,0.610657,0.445007,-3.652802,0.36226950322973234,0.005021095413338992,0.007407107323716309,0.4812685926695831,-0.6588417780870015,2.0172780523049783,0.363,0.003,0.021
0.0126,0.024902,0.023193,1.299805,-0.335388,-0.012756,-2.798309,0.36469204669997196,0.00510970534583788,0.007490139358188383,0.4891168425149466,-0.6756167500225669,1.9825568101798183,0.365,0.003,0.0194
0.0113,0.009033,-0.008057,1.398438,-2.593689,1.879333,-1.547089,0.36697268346859074,0.005184908182372022,0.007538496690803931,0.4532697442743893,-0.660652594128702,1.9646932900370366,0.368,0.003,0.0194
0.012,0.054688,0.027832,1.342041,-1.159363,0.261902,-2.401581,0.3694465739472819,0.005271513084387304,0.007677020336170297,0.45389303881651055,-0.6906913332136558,1.9362329328823666,0.37,0.003,0.0194
0.0121,-0.077637,-0.097656,1.375488,-1.159363,0.780701,1.321564,0.3719408621091717,0.005339916130691082,0.00756811251139314,0.3826909438803511,-0.6387956438823964,1.9498226072382412,0.373,0.003,0.021
0.0128,0.024414,0.000488,1.243896,0.06134,-1.935364,-0.234833,0.37458752345011564,0.005425688849633937,0.007656272830888813,0.3827087658958503,-0.6811709187984921,1.9460379210256664,0.375,0.003,0.0194
0.0118,-0.07373,-0.087158,1.479004,0.976868,2.520203,2.63382,0.3767719669486731,0.005489325279047046,0.007558288304109014,0.34644705860898173,-0.6138298824114953,1.9756623556067756,0.377,0.003,0.0194
0.0116,0.018311,0.024658,1.318115,2.655334,0.597595,-1.547089,0.3790431098511904,0.005569761256059744,0.007626115174409892,0.3907611843294165,-0.6199731757733948,1.9581008636491954,0.38,0.003,0.0178
0.012,-0.040527,-0.050537,1.340332,1.098938,2.764343,-2.03537,0.3814611596465829,0.005644751824934495,0.007582914046634152,0.37336353909874076,-0.5655411766302703,1.932705601863844,0.382,0.003,0.0194
0.0127,-0.003174,0.025391,1.170166,2.441711,-2.850891,-2.310028,0.38411997766620937,0.005741872044956639,0.007613360578556226,0.4203826700952666,-0.6029569547316788,1.9042084562873014,0.385,0.003,0.0194
0.012,-0.03833,0.005859,1.372314,1.06842,-1.141907,-1.821747,0.3865678169711412,0.005830617755218283,0.007572336543152266,0.43481410966687506,-0.5966326782519811,1.883275512294658,0.387,0.004,0.0194
0.0119,0.008301,0.03418,1.348145,-0.243835,-1.508118,-1.455536,0.38901717914213874,0.005918589188606496,0.007620439575924394,0.44992527472173377,-0.6213130086003168,1.8668985718968512,0.389,0.004,0.0194
0.0123,-0.009521,0.051514,1.376953,-0.915222,0.902771,-1.425018,0.39138358706516163,0.006010938354674453,0.007633647990044285,0.46590020312516733,-0.6066161732878187,1.8516244918025746,0.392,0.004,0.0162
0.0112,-0.003906,0.008301,1.266357,-0.426941,-0.897766,-0.601044,0.3937118044507212,0.006087804458011733,0.007658957693770479,0.4642834158479048,-0.6168335681070877,1.845038060298258,0.394,0.004,0.0178
0.0126,-0.099365,-0.099365,1.37915,-1.525574,2.30658,3.061066,0.3962469564592715,0.006150529055946342,0.007506688136212828,0.38700481870880843,-0.5345679902919634,1.881007352843165,0.397,0.004,0.0178
0.0111,0.022217,0.012939,1.228516,-0.823669,-1.508118,-0.082245,0.39859202545649386,0.0062259734370418655,0.007588300385134275,0.3850208236390043,-0.5689332103230541,1.8798036641048288,0.399,0.004,0.0194
0.0121,-0.00708,-0.037842,1.349854,-0.762634,1.54364,-0.295868,0.40087180744913425,0.0062872509416699845,0.007607231286227161,0.35284093947609296,-0.5489267245938622,1.8744272991661626,0.401,0.004,0.0194
0.0121,0.059326,0.032471,1.287354,0.152893,0.65863,-1.577606,0.40322729411393426,0.006360413625480803,0.007762019294161839,0.3734725333196569,-0.5797902291464658,1.854932461852939,0.404,0.004,0.0178
0.0128,0.049316,0.02417,1.450684,0.854797,2.062439,-2.065887,0.4056943647961626,0.006436299073049506,0.007883981686104906,0.39605121769866153,-0.5817384858196293,1.8281707962963576,0.406,0.004,0.0178
0.0114,-0.018066,0.009521,1.263916,0.641174,-0.378967,-0.845184,0.4080305544224627,0.0065153797940219514,0.007879714025861295,0.4079110686253481,-0.5778409820110153,1.8191064336280096,0.409,0.004,0.0178
0.0121,0.048096,0.019531,1.332031,1.159973,0.292419,-1.211395,0.4104955603363418,0.006588825465214395,0.008009215827350072,0.43173840066166513,-0.6047924779445194,1.8038710854029576,0.411,0.004,0.0178
0.0119,0.001953,-0.015869,1.237793,0.030823,-1.996399,0.192413,0.4129216248089371,0.006659775396589839,0.008048642526262579,0.4205481185391815,-0.632500522220035,1.8052691310063202,0.413,0.004,0.0178
0.0121,0.00708,-0.014893,1.386719,-0.365906,-0.714661,1.382599,0.4152613651841818,0.006728153722190087,0.008093777494396296,0.4058683202214049,-0.6468009032018027,1.8212422683269858,0.416,0.004,0.0162
0.0116,0.026855,0.0,1.342041,0.458069,-1.35553,1.504669,0.41756158349693384,0.006795156349533353,0.008178811089653156,0.40937743801955295,-0.6797617409272751,1.8377927988789131,0.418,0.004,0.0162
0.0124,0.009766,-0.025146,1.32251,1.495667,-1.447083,3.366241,0.4200645343452108,0.006868096652890364,0.008233527789538427,0.4109737135939786,-0.7051139224688705,1.8784889934505753,0.421,0.004,0.0162
0.0121,0.00415,-0.033203,1.331299,1.282043,-2.972961,5.136261,0.4225554739624402,0.0069425394358712525,0.008276229917714616,0.4046740591919836,-0.7448230930497131,1.9395117947911265,0.423,0.004,0.0162
0.0119,0.052734,-0.01416,1.367432,1.770325,-1.965881,2.267609,0.42497967332903186,0.0070093482433100885,0.008412730922844613,0.41559351117646187,-0.7985687216810117,1.9643863535680295,0.425,0.004,0.0178
0.0117,-0.024414,-0.010498,1.415039,0.366516,0.811218,2.389679,0.42729551722689396,0.007093208759551823,0.008398298345747726,0.41190939949216404,-0.775766438225849,1.9930310174461954,0.429,0.004,0.0178
0.0121,0.013672,0.156006,1.488525,2.350159,5.785583,-3.805389,0.42976156319100567,0.007193936555945833,0.008454626450158459,0.5189219160919925,-0.712674481998063,1.9491183149304971,0.431,0.004,0.0178
0.0121,-0.042725,0.048096,1.282715,1.526184,7.250427,-3.866425,0.432120925073863,0.0072859451715343426,0.008401851925128757,0.5639819298089086,-0.6011225432861442,1.9045282346918537,0.433,0.004,0.0194
0.0125,0.023438,0.054443,1.150391,0.702209,-2.057434,-5.026093,0.43463056383700127,0.0073751421275331025,0.00849412493661077,0.6070356031794067,-0.6453163082637384,1.8421089828590311,0.435,0.004,0.0178
0.0121,0.038574,-0.009521,1.397705,-0.030212,-1.202942,-6.735077,0.4370537560336677,0.007448795992783517,0.008600806651426618,0.5985745100743123,-0.68168595201606,1.7600046913337883,0.437,0.004,0.0178
0.0111,-0.039551,-0.103271,1.53125,-0.426941,1.696228,-3.744354,0.439329361622113,0.007511890335660321,0.008561131796968238,0.5386207240673155,-0.6431646888913642,1.7179660578828315,0.441,0.004,0.0146
0.0121,-0.083984,-0.054199,1.367676,-0.610046,2.337097,0.772247,0.4416603009973177,0.007587062635779856,0.008428781436499302,0.4977098691787194,-0.5696119464425793,1.7282446246176006,0.443,0.004,0.0146
0.0123,-0.007812,-0.014893,1.297852,0.152893,4.839539,2.145538,0.4441314750442391,0.007658260540178529,0.008449552491246164,0.4880311255320419,-0.5091801771686303,1.75473922556899,0.446,0.005,0.0146
0.0124,-0.026123,-0.009277,1.138916,1.343079,1.391052,3.366241,0.44657382600542006,0.007735323684851625,0.008426433581045518,0.4959042080472343,-0.47947905573090993,1.796887272959876,0.447,0.005,0.0178
0.0112,0.006592,0.030029,1.35376,1.70929,-3.339172,0.711212,0.44885135331060927,0.0078092743916350306,0.008469195630619906,0.5293419316939918,-0.5237518823393776,1.8048267485399474,0.45,0.005,0.0178
0.0121,-0.053711,-0.044434,1.441406,-1.372986,0.231384,0.100861,0.4512172993795332,0.007884325404913906,0.008398877755513958,0.48610253068419834,-0.49472940017979355,1.8061136163304004,0.453,0.005,0.0178
0.0122,0.023438,0.058105,1.123291,0.000305,-5.048157,-1.425018,0.45362411255908036,0.007967070247520589,0.008491029692667332,0.5241431803313824,-0.5765727102558702,1.7890013835713685,0.454,0.005,0.0146
0.0123,-0.06665,-0.001221,1.350342,1.83136,0.231384,-1.058807,0.45602957462333926,0.00805277468144,0.008389466232661576,0.543019850757922,-0.5379865107801244,1.7772434997401168,0.457,0.005,0.0146
0.0121,-0.066895,-0.007812,1.36084,0.885315,0.292419,-0.601044,0.458492724544653,0.00813783340353396,0.008288487785877357,0.546202303805401,-0.4992673210146528,1.771000165933857,0.459,0.005,0.0146
0.0121,-0.012207,-0.000732,1.338379,0.549622,-0.623108,-0.509491,0.4609540525832615,0.008213354568749416,0.008296621150991657,0.5493852725946546,-0.5029730319361062,1.7646893450396839,0.461,0.005,0.0162
0.0122,0.108643,0.071777,1.199951,-0.1828,-1.447083,-3.16452,0.4634187322890185,0.008286202917751954,0.008577453699942242,0.5904385778262928,-0.5934363755601589,1.7255814759987913,0.465,0.005,0.0162
0.0119,0.008057,0.000488,1.358887,-1.372986,1.330017,-2.27951,0.4657852368791168,0.008354669693600021,0.008626819027316256,0.5712967413741984,-0.5843156645982767,1.6983012769700527,0.466,0.005,0.0146
0.0119,-0.045166,-0.020508,1.333252,-0.640564,1.391052,-1.15036,0.4682011980343107,0.008427343909622216,0.008568051016252323,0.5487496690462542,-0.5441553714672718,1.6848956037399911,0.469,0.005,0.0146
0.012,-0.008057,-0.023438,1.405029,-0.701599,3.191589,0.589142,0.470600238942486,0.008492061606764894,0.00858551697199459,0.5243253006791677,-0.5043862839358901,1.6916592272157136,0.471,0.005,0.0162
0.012,0.040283,0.008789,1.148438,-0.549011,-1.935364,1.74881,0.4731052524650252,0.00855662780970977,0.008719954421154006,0.5211887420321537,-0.5592888089480663,1.7113747859023096,0.473,0.005,0.0162
0.0114,0.088867,0.036865,1.342041,-1.495056,-1.538635,-0.234833,0.4754721963924962,0.008615336953159317,0.008933409848273292,0.5226554614710609,-0.6300509356504793,1.7071542642692281,0.477,0.005,0.0162
0.0132,0.019531,-0.018311,1.451904,-0.457458,-0.897766,2.328644,0.47801787264985773,0.008686208379496874,0.009002994011220013,0.5036493315118645,-0.6537506246577988,1.7372832230133068,0.478,0.005,0.0162
0.0112,0.066406,0.018799,1.418945,0.458069,0.41449,1.474152,0.4802937708704241,0.008744587248229418,0.00916249247376902,0.5160121846942002,-0.686513159823502,1.7526106958890069,0.481,0.005,0.0146
0.0115,-0.015137,-0.047363,1.283691,-1.556091,4.168152,2.75589,0.48255265688732707,0.008815647888648687,0.009165615407952509,0.4670082517602765,-0.6320512044024066,1.7851019415879086,0.483,0.005,0.013
0.0124,0.003662,-0.005615,1.260254,-0.94574,0.841736,1.321564,0.485086804626896,0.008892707828272572,0.00921104582556644,0.44977984141945665,-0.6265774595906515,1.8013858769617543,0.485,0.005,0.0146
0.0123,0.000488,0.013428,1.389893,-2.013855,0.048279,-0.631561,0.48764368617012477,0.008972370388574156,0.00924597987880208,0.43067636011230026,-0.6278849338510816,1.7935121111354972,0.489,0.005,0.0146
0.0121,-0.006592,0.048096,1.371094,-3.143005,-0.836731,-1.058807,0.49013505199406565,0.009050981617476419,0.009265507756132866,0.41827263958166866,-0.6358831444410272,1.780572054041662,0.491,0.005,0.0146
0.0111,-0.051025,0.080566,1.294434,-1.098328,-0.745178,-1.730194,0.4923277151048825,0.009127360139601939,0.009187467097964391,0.4524384159627004,-0.6158785092621776,1.7619794599146716,0.493,0.005,0.013
0.0123,-0.044434,-0.030273,1.28833,-1.95282,0.872253,-1.211395,0.49490460330403757,0.009208618682355967,0.009128760956662443,0.40882757170535144,-0.581055367904225,1.7474067209866175,0.496,0.005,0.013
0.0124,-0.052979,-0.074951,1.362305,-3.539734,0.353455,0.192413,0.4974283472045942,0.009284807800377121,0.009055482920131086,0.32152384145821117,-0.549169212605289,1.7497888738641063,0.498,0.005,0.0146
0.0117,-0.008301,-0.001465,1.316406,-0.1828,-0.989319,-1.058807,0.4999134380712095,0.009361078758691237,0.009072009640431013,0.31804835322915653,-0.5586543505894868,1.7373749715340254,0.501,0.005,0.0146
0.0117,-0.082275,-0.120117,1.25,-1.891785,0.292419,1.840363,0.5021088620560287,0.00942645449735322,0.008924578522092214,0.22232928857481166,-0.5084586059258397,1.7588277156868222,0.503,0.005,0.0146
0.0125,0.005859,-0.015137,1.250244,-1.18988,-3.919006,2.145538,0.5045073496683048,0.009492904351598549,0.008971223686986522,0.1986261506190222,-0.5644791418179212,1.784684247108782,0.505,0.005,0.0146
0.0119,0.001221,0.01001,1.484863,-0.396423,-0.104309,1.809845,0.5067432053223783,0.009563111891237677,0.00900196245698253,0.1992840764764466,-0.5682233570991825,1.8062709372114998,0.507,0.005,0.0146
0.0119,0.000488,0.060791,1.32959,-2.654724,0.719666,-1.363983,0.5091096581235831,0.009648330262226583,0.009035801758829396,0.20387510709204715,-0.5626721094763267,1.791184248124884,0.51,0.005,0.0146
0.0124,0.002686,0.077881,1.249512,-3.143005,3.527283,-3.866425,0.5116001763347082,0.009739809506676553,0.009079071315239943,0.21426421673539467,-0.5242047541811692,1.7448453711109617,0.513,0.006,0.0162
0.0117,-0.005859,0.034668,1.234863,-2.532654,1.513123,-3.683319,0.5139447044504869,0.009818095338402822,0.009101432996330731,0.20756279971710204,-0.5067006970016169,1.702549378081813,0.515,0.006,0.0162
0.0123,0.013184,-0.00415,1.335449,-2.776794,-0.745178,-3.103485,0.5162677098252764,0.009884196955804602,0.009161282468201814,0.1722564740092133,-0.5265177874171596,1.664050268936169,0.517,0.006,0.0146
0.012,0.002686,-0.061279,1.311279,-3.600769,-2.515198,-0.967255,0.5185885479426621,0.00994146342417312,0.009199294104608874,0.09469598565162622,-0.5611018411851285,1.6513132410275178,0.519,0.006,0.0146
0.0123,-0.011475,-0.065674,1.295898,-1.372986,-3.980042,-0.234833,0.5210723800325983,0.01000544745185679,0.009208086407849862,0.040901469297031694,-0.6056416178763334,1.6475932146312933,0.521,0.006,0.0146
0.0113,0.001953,-0.074463,1.340576,-1.372986,-3.003479,1.87088,0.5233539426011554,0.01005944189171983,0.009243481017916406,-0.014982385311509732,-0.6424833462899032,1.6675590573172767,0.525,0.006,0.0162
0.0124,0.093506,0.049072,1.338623,0.732727,-2.210022,-1.241913,0.5259477718755162,0.010110843082833753,0.00947335626660234,0.0250283145855923,-0.724832542181811,1.6495012935022424,0.527,0.006,0.0146
0.0122,-0.031494,-0.03125,1.360352,1.037903,1.116394,-0.02121,0.5282410714809267,0.010183798689133645,0.009440886767143953,0.02229844969030894,-0.694366090383264,1.6500413948538375,0.529,0.006,0.0162
0.0112,0.014404,0.006592,1.236816,0.152893,-3.644348,-1.730194,0.5304514771141486,0.010242851268654244,0.009506161006121467,0.03100620666165181,-0.7456830189817338,1.6301247912182844,0.531,0.006,0.013
0.012,-0.011963,0.007324,1.439697,1.06842,-0.226379,-2.493134,0.5327786316735742,0.010312667929893054,0.00951344341495051,0.05016295422646009,-0.7421324504648352,1.6005521429775624,0.533,0.006,0.0146
0.012,-0.016846,-0.00293,1.30542,0.091858,-0.47052,-2.340546,0.5352918742338516,0.010387153281238598,0.009513050895954271,0.05212939703932249,-0.7387952036631498,1.5729026537769202,0.537,0.006,0.0146
0.0119,-0.035889,-0.02124,1.307373,-0.579529,0.139832,-2.27951,0.5376955638521567,0.010461118402848888,0.00947038576804556,0.03539981669272485,-0.7170799674428435,1.5466522872298847,0.539,0.006,0.0146
0.0122,-0.023682,0.017334,1.399658,0.305481,3.862976,-2.584686,0.5400984227753434,0.010534230714205287,0.009456936073974093,0.051168189243546776,-0.6581301640692117,1.5159603194248705,0.541,0.006,0.0146
0.0127,-0.000732,-0.027344,1.270996,-1.403503,2.398132,-3.011932,0.5424659520404153,0.010592670264146052,0.009491466591287691,0.019739008412993947,-0.6296214619001392,1.4773299925464258,0.543,0.006,0.013
0.0116,0.067627,0.02002,1.357178,-1.006775,2.947449,-2.92038,0.5447830752569052,0.010635033582888958,0.009665655697735852,0.022289778593925908,-0.6357997119702472,1.4416724894484783,0.545,0.006,0.0146
0.0122,-0.034668,-0.031738,1.339844,0.641174,2.245544,-0.02121,0.5471681480475464,0.010701781295084502,0.009626846692092699,0.014306672786892839,-0.5906833427277182,1.4421367187265726,0.548,0.006,0.013
0.0118,0.064697,-0.007324,1.256592,0.641174,-0.226379,-1.27243,0.5495724792475429,0.010740449215585212,0.00980776266632345,0.020221662271740798,-0.635658488637928,1.4249330242213092,0.55,0.006,0.013
0.0119,0.04834,-0.01416,1.181152,-0.152283,0.048279,-0.26535,0.5519856774000058,0.01078285191846883,0.009961563361467569,0.012137996119003834,-0.6694606451773969,1.4200334078426167,0.552,0.006,0.0113
0.0125,-0.030762,-0.005127,1.392822,1.282043,2.337097,0.894318,0.5545791659789968,0.010855408764491196,0.009934741672036312,0.02750021818329454,-0.6247990114242832,1.4320495895432646,0.555,0.006,0.0113
0.011,0.022461,0.016357,1.409668,2.746887,4.595398,0.8638,0.5569206498575106,0.01090565508220614,0.010013397512274062,0.0684621112933116,-0.5885975325598636,1.440738155881845,0.557,0.006,0.0113
0.0124,0.035156,-0.011719,1.210205,1.159973,2.916931,0.467072,0.559448095970632,0.010956899329724904,0.010135535231448195,0.07749978773708228,-0.5783807165156707,1.4453990868671123,0.561,0.006,0.0113
0.0122,0.0,-0.026367,1.248535,2.502747,0.628113,-0.082245,0.5619845541457191,0.01102204177907596,0.010172953434722559,0.09361290206181516,-0.573897275129462,1.444581896686476,0.563,0.006,0.0113
0.0124,0.001221,-0.012207,1.389404,3.998108,0.780701,-0.509491,0.5646060300507775,0.0110875909315806,0.01021038523152987,0.13761180735232031,-0.5672115185768027,1.438255681147552,0.565,0.006,0.013
0.0118,-0.013672,-0.019287,1.381104,2.472229,1.574158,-0.601044,0.5670656165193395,0.011154292250595006,0.010215886551490357,0.15700780473265635,-0.5435548997051375,1.431734539062565,0.568,0.006,0.0113
0.0121,0.003906,0.03125,1.264893,0.854797,1.2995,-2.004852,0.5695631959820076,0.011209371230729601,0.010261667924667227,0.1876122309322273,-0.5336696672080685,1.4067280664991193,0.57,0.006,0.0097
0.0122,0.02124,0.031494,1.348145,0.580139,1.482605,-3.103485,0.5720810256451379,0.011259243416246381,0.010341902183214307,0.21358277593706743,-0.5306563321541504,1.367705961584948,0.573,0.006,0.0097
0.0122,-0.029541,0.015869,1.303467,0.335999,-0.501038,-4.659882,0.5746367958553555,0.011324358102876025,0.010312537583021626,0.2280269885593285,-0.5223084465592766,1.3111618437232957,0.575,0.006,0.0113
0.0112,-0.009277,-0.021484,1.374023,-0.671082,0.933289,-2.706757,0.5769993323392154,0.011381794349784528,0.010325660669845603,0.2091210417978492,-0.5095248273876589,1.281253530370665,0.577,0.006,0.0113
0.0127,-0.027344,-0.033691,1.247803,1.892395,-1.904846,0.619659,0.5795708598239578,0.011449455946362956,0.010298737291663222,0.212830065827218,-0.5204990043750969,1.2900768690275914,0.58,0.006,0.0097
0.0117,-0.041016,-0.078125,1.419189,2.014465,2.611755,1.565704,0.5819401266483453,0.011519322202383366,0.010247836453532716,0.19420351514305714,-0.47079346131544575,1.3102202785888843,0.582,0.006,0.0097
0.012,-0.078369,0.00415,1.364258,0.122375,3.496765,-1.333466,0.5844790223124231,0.011604894476895344,0.010118290023990312,0.1986930837301416,-0.38862030541961934,1.2969240185250561,0.585,0.006,0.0097
0.0119,-0.01416,0.0271,1.272461,0.152893,3.924011,-0.478973,0.5870904513298659,0.011667298634164385,0.01012449202372103,0.2175941866504085,-0.3387785249031613,1.2916861002019664,0.588,0.006,0.0097
0.0117,-0.02417,0.025635,1.22876,4.028625,2.153992,-1.608124,0.5895997755326238,0.011730821050372266,0.010105493260067005,0.2809618734443275,-0.30442755715777137,1.2736078015713042,0.59,0.006,0.0113
0.0118,-0.026611,-0.052979,1.388916,1.373596,-0.287415,-0.662079,0.5920186176853768,0.01178649106519278,0.010081491994412077,0.2675312952217832,-0.2981085937822446,1.2659415450539229,0.593,0.007,0.0113
0.0128,-0.008301,0.026367,1.439209,-0.243835,1.116394,-1.211395,0.5945523046860416,0.011844186230133407,0.010096977503998461,0.27826804176936415,-0.284298214174271,1.2506661307116458,0.595,0.007,0.0081
0.0112,0.023926,0.05542,1.191162,1.251526,-0.562073,-3.347626,0.5967851512521737,0.011884907777248288,0.010191237323271972,0.3279688224409371,-0.31231446497981513,1.2124326935007297,0.598,0.007,0.0097
0.0125,-0.055908,-0.045898,1.275635,-1.037292,1.055359,0.345001,0.5993732647018325,0.011950919637464195,0.010100193984614073,0.28697964792616726,-0.27138044054942095,1.2177975847615166,0.6,0.007,0.0081
0.0123,-0.007568,0.000488,1.442627,-0.121765,1.238464,1.931915,0.6019617515986588,0.012005203781443232,0.010117068889625507,0.28515094176532546,-0.25749009333750367,1.2415706430931326,0.602,0.007,0.0097
0.012,0.047852,0.027588,1.316162,0.183411,-1.263977,0.253448,0.6041917919978207,0.012036873187400767,0.01025443151385861,0.3031306130890512,-0.30637341455884987,1.2430807265912334,0.605,0.007,0.0097
0.0114,-0.017822,-0.034912,1.318115,-0.213318,-0.409485,0.100861,0.6063175769948307,0.012084750644071763,0.010246808827541986,0.2800193341458544,-0.3061027560841139,1.2443744747168477,0.607,0.007,0.0081
0.0125,-0.054443,-0.004883,1.396973,-0.487976,3.496765,0.131378,0.6086867057748633,0.012150352130153872,0.010167142381496876,0.2709331270511454,-0.23792741218560873,1.2474594384893796,0.609,0.007,0.0081
0.0121,-0.001465,0.060303,1.354736,0.549622,3.618835,-3.286591,0.6110453173431915,0.01220330215622955,0.010198565025122317,0.31153433316740775,-0.19952349159507227,1.2081085555695608,0.611,0.007,0.0097
0.0112,0.011475,0.019775,1.208008,-0.915222,2.215027,-4.385223,0.6132617677215467,0.012244598427546343,0.010262854362301989,0.31381069111444515,-0.18937241823293394,1.1587025337586863,0.613,0.007,0.0097
0.0129,0.02124,0.032715,1.22583,-2.410583,0.597595,-5.636444,0.6158532336438001,0.01228966267841924,0.010350163407406734,0.30337797142953726,-0.20201600305786424,1.085468045022848,0.617,0.007,0.0097
0.0118,0.021729,0.028076,1.417969,-1.250916,0.811218,-6.06369,0.6181471469352807,0.01232688080581614,0.010425955796513084,0.3035608344002773,-0.20989240522064098,1.0134833676232697,0.618,0.007,0.0097
0.0114,-0.022705,-0.04541,1.330078,-1.006775,-1.721741,-2.798309,0.6203814414288753,0.012370566780793586,0.010407264223383481,0.26575710201994446,-0.22246078649630946,0.9818256802296983,0.621,0.007,0.0081
0.012,-0.018311,-0.054199,1.340088,-0.487976,1.42157,0.222931,0.6227152168250972,0.012413961348884592,0.010399901368102914,0.22895290544365263,-0.2013166194269042,0.9848471314480683,0.623,0.007,0.0081
0.0123,-0.011963,-0.075684,1.312012,1.526184,0.383972,2.420197,0.6250579842550908,0.012456292008556781,0.010405616947645633,0.2037318797138544,-0.19637712641300503,1.014782604467944,0.625,0.007,0.0081
0.0117,-0.031982,-0.077637,1.358398,1.373596,1.024841,3.88504,0.6272809934358203,0.012505103543453959,0.01036850444715131,0.17638465064850248,-0.17300240237898823,1.0610414415636547,0.628,0.007,0.0065
0.0118,0.006592,-0.006836,1.246338,1.159973,-1.019836,1.87088,0.6295399398964666,0.012537619726111457,0.010417934578866589,0.18672420952900293,-0.19639535011567938,1.0822733045476085,0.63,0.007,0.0065
0.0121,0.040039,0.022217,1.258545,2.0755,-3.552795,0.406036,0.6320008855603146,0.012557976431988402,0.010543696857660856,0.22596760431014287,-0.2703151636862573,1.0847741954364014,0.632,0.007,0.0065
0.0119,-0.037354,0.066406,1.442627,0.854797,2.520203,-1.058807,0.6342739238617565,0.012606528772580197,0.010500703555256282,0.2713338988395573,-0.22586242552137945,1.0727306624799142,0.635,0.007,0.0065
0.0123,-0.041992,0.043945,1.33374,1.83136,3.161072,-1.882782,0.6366603375055897,0.01265982156303105,0.010444465857823045,0.31872659046162355,-0.1693515747578444,1.0504753188841767,0.637,0.007,0.0065
0.012,0.04248,-0.002197,1.304688,0.763245,3.344177,-1.608124,0.6389507790457335,0.012684686475441319,0.010573560769432742,0.32602409859330433,-0.1614573413633225,1.0300165555902738,0.64,0.007,0.0049
0.0122,-0.018799,-0.023682,1.188232,-1.586609,1.574158,-2.371063,0.6411892031163319,0.012729467050984843,0.010564308368553415,0.2913242860821302,-0.1380946311024644,1.0015687582356865,0.641,0.007,0.0049
0.012,-0.033936,-0.049072,1.270752,-2.532654,-0.745178,1.291046,0.6434212164372739,0.012780354713108929,0.010519701284352909,0.2314817059119727,-0.13409644118664504,1.0179819854901522,0.643,0.007,0.0049
0.0117,0.023193,0.027832,1.366211,-0.854187,-0.714661,-0.295868,0.6456900558408357,0.01280521527185181,0.010600607331012852,0.23740066020784178,-0.16231816618244665,1.0132196760650871,0.646,0.007,0.0049
0.0124,-0.044922,-0.097656,1.372314,-1.739197,0.719666,4.159698,0.648046091443192,0.012867718284590652,0.0105368098139104,0.161818100659264,-0.13527512802132463,1.066527815896385,0.648,0.007,0.0065
0.0121,-0.031982,-0.026611,1.395264,-0.304871,-0.897766,1.901398,0.6505566776029847,0.012925053398389562,0.010501123081047194,0.14440186706833488,-0.13527922178857657,1.0903712747179861,0.651,0.007,0.0065
0.0122,0.037354,-0.038818,1.395508,1.648254,0.200867,0.98587,0.6530808694065526,0.012949640226279565,0.010610149605018066,0.14410528751962243,-0.1601676478852487,1.1004267014589333,0.653,0.007,0.0065
0.0119,-0.017334,-0.015381,1.244141,1.06842,-0.409485,0.558624,0.6553117528019579,0.012996954611990966,0.01060401048158093,0.14859370266412048,-0.1618303119531949,1.1074318136701256,0.655,0.007,0.0065
0.0122,0.042236,0.055664,1.268799,3.113098,-4.193665,-2.737274,0.6578725922305232,0.01300944549415612,0.010734179654902264,0.22106154748314294,-0.24511495859263502,1.0707513065265097,0.658,0.007,0.0049
0.0117,-0.043457,0.004883,1.435059,2.685852,0.261902,-0.784149,0.6602477403329852,0.013068225374792354,0.010676873499299418,0.2549897585000535,-0.22423157027929438,1.062777832716592,0.66,0.007,0.0065
0.0118,-0.008545,0.057373,1.358643,1.343079,-1.233459,-2.584686,0.6625720178424443,0.013104170437549805,0.010690871366426246,0.30302398123775554,-0.23972923009301503,1.0315532691222682,0.663,0.007,0.0049
0.0125,-0.052002,0.003662,1.313721,2.258606,-0.897766,-1.425018,0.6651410375831845,0.013166943196358959,0.010609404491171565,0.3327334533977278,-0.22658685638253082,1.0150219550992452,0.665,0.007,0.0065
0.011,-0.06665,0.001709,1.246826,0.427551,-0.928284,0.100861,0.6674351506316403,0.013230897170968347,0.01048824392982359,0.33782503694153204,-0.20260611988941296,1.017963903193693,0.667,0.007,0.0049
0.0149,-0.036133,0.015381,1.347656,-0.1828,-1.691223,0.375519,0.6704672124300601,0.013294923802057447,0.010444004857162254,0.3430098072683238,-0.21332247543989552,1.0242248013348825,0.67,0.007,0.0065
0.0093,-0.01001,-0.02124,1.38623,0.793762,0.445007,1.74881,0.6723920024115967,0.013327587665043024,0.010452867773273552,0.3375565021650282,-0.20980856359636,1.0403797361020661,0.672,0.007,0.0049
0.013,0.011475,0.026367,1.311768,0.427551,2.916931,-0.967255,0.6749001629938832,0.013365300694956207,0.010514274807493769,0.35772167563518265,-0.18544065302782023,1.0274036876016504,0.675,0.007,0.0065
0.0117,0.008057,-0.036865,1.269043,-1.342468,2.367615,-2.371063,0.6772218947703221,0.013398163825872215,0.010567802744904297,0.3191454087718195,-0.16981073141203873,0.9991398242866377,0.677,0.007,0.0065
0.012,0.003418,0.049561,1.368896,-0.793152,3.862976,-3.591766,0.6794653080309208,0.01343066418831795,0.010609330946589066,0.3368314955748056,-0.1321806138918742,0.9557799097720461,0.679,0.007,0.0065
0.0112,0.019531,0.057129,1.347412,1.251526,0.292419,-5.148163,0.6816541007487286,0.013454904134576251,0.010684701465161673,0.3823603518709772,-0.14674917258426365,0.8971775057267536,0.682,0.007,0.0049
0.0129,-0.030518,-0.151367,1.273438,-0.152283,1.207947,-0.387421,0.6843177369887292,0.013512229111333695,0.010648080312236087,0.2892197602146369,-0.12051116380224026,0.8935537300365244,0.684,0.007,0.0049
0.0121,0.009033,-0.001221,1.261475,-2.471619,0.719666,-3.500214,0.6866403375382792,0.013537111528212685,0.010703987770255457,0.2588160661741765,-0.12499794277792554,0.8503446914860573,0.687,0.007,0.0032
0.0121,0.033203,0.015381,1.255371,-1.037292,-1.172424,-2.310028,0.6891138914212717,0.013548913803193728,0.010816204043153395,0.25602269434639424,-0.1669893356186239,0.8203556647432559,0.689,0.007,0.0049
0.011,-0.035156,0.014648,1.341553,-2.746277,2.337097,-1.058807,0.6912920092702424,0.013588292647648763,0.010773065034034471,0.23450971987529945,-0.12818891782651481,0.8094542834673466,0.691,0.007,0.0032
0.0123,-0.056152,0.013184,1.317627,-2.410583,-0.836731,-0.173798,0.6938384941667175,0.013641831652571284,0.010681912164297922,0.21308862918486648,-0.11304407656579235,0.8086460684280037,0.694,0.007,0.0016
0.0118,-0.045898,-0.017822,1.306885,-0.304871,-1.050354,2.298126,0.6963462041933055,0.013692073150581196,0.010612034575311168,0.19956323442841847,-0.10605775053902144,0.8368607569761466,0.696,0.007,0.0032
0.0122,0.035645,-0.030273,1.27124,-0.976257,-2.728821,2.694855,0.6987425591282203,0.013705441055820939,0.010726819846412708,0.17028282634291364,-0.16843614082344874,0.8679327934558264,0.699,0.007,0.0049
0.0122,-0.024902,-0.042236,1.341064,-1.922302,-2.911926,1.474152,0.7011579888882107,0.013751550072896674,0.010703262305653957,0.12382910592351826,-0.19616179539338308,0.8865774958094332,0.702,0.007,0.0065
0.0117,-0.028076,-0.026611,1.443604,-0.06073,-0.501038,2.63382,0.70360899066327,0.01379907076566607,0.010676454035824352,0.11011681760462222,-0.19298619550764626,0.9181377810571918,0.704,0.007,0.0065
0.0123,-0.032471,0.017578,1.294922,1.098938,-1.019836,1.107941,0.7060689094702014,0.013849804723431029,0.010636957929248809,0.13545486867627235,-0.19301944621232686,0.9326280642990624,0.707,0.007,0.0049
0.0124,0.003906,0.030273,1.296631,0.183411,0.292419,-1.058807,0.7086351730696014,0.013883269413033712,0.010681132624882048,0.1569832833790794,-0.19850632706438806,0.9188591502769644,0.709,0.007,0.0065
0.0111,-0.013672,0.073975,1.397949,0.488586,2.947449,-2.676239,0.7108382769747668,0.013917672733631219,0.010685832479171146,0.20373488213058016,-0.16466171457930245,0.8891808419864341,0.712,0.007,0.0049
0.0127,-0.017334,0.052979,1.274902,0.427551,-0.531555,-4.324188,0.7132447245880019,0.013955869048098736,0.010681279831601066,0.24172123957899136,-0.16797089650021696,0.8342994622052672,0.714,0.007,0.0049
0.0121,-0.022949,0.033936,1.323242,-0.549011,-0.104309,-4.385223,0.7155980939643302,0.013992779024606536,0.010664204310181185,0.25511681651941603,-0.16258881390238164,0.781425428340372,0.715,0.007,0.0049
0.0112,0.03125,0.034668,1.221924,-1.403503,-3.278137,-6.124725,0.7178314998994356,0.014013139443647233,0.01077424480998961,0.26172537691329756,-0.22579434566588039,0.7119241771783895,0.718,0.007,0.0032
0.0123,-0.019287,-0.034424,1.324463,0.06134,-1.386047,-6.216278,0.7202914076362598,0.014047350677081105,0.010763641252583686,0.24289431657380403,-0.23742867597159997,0.6356917472530623,0.72,0.007,0.0016
0.0122,-0.091309,-0.182129,1.368164,-1.647644,2.916931,0.161896,0.722707953518994,0.014099627211769189,0.010599771643606393,0.12283440584863252,-0.1576613450693996,0.6397225556542595,0.723,0.007,0.0032
0.0116,-0.042969,-0.112305,1.421387,-0.243835,8.135437,2.542267,0.7248542546078629,0.014130531732029753,0.010543065813941568,0.06109811381954711,-0.047627847660159185,0.6697571131559511,0.725,0.007,0.0032
0.0123,-0.002441,-0.048584,1.148438,1.098938,2.855896,2.206573,0.7273571229632154,0.014145759775613763,0.01057542225973225,0.044633580667557175,-0.020696001319384733,0.6957568229162046,0.727,0.007,0.0016
0.0122,-0.000488,0.054443,1.275146,-0.487976,1.177429,1.718292,0.7297845450897456,0.014169420569895988,0.010610488526086972,0.07370692046427456,-0.014944323525462249,0.7164271331745498,0.731,0.007,0.0032
0.0121,0.022949,0.06665,1.443604,-0.976257,1.726746,0.345001,0.7321676920076058,0.014181541321502655,0.010689640528354727,0.09899637099357438,-0.014185065607553072,0.7194438200991307,0.732,0.007,0.0032
0.0115,0.024902,0.036621,1.237549,0.305481,-1.59967,0.497589,0.734467078752352,0.01418934420699255,0.010784273377032283,0.12694574001475975,-0.05685269867992921,0.7236325350089343,0.735,0.007,0.0032
0.0124,-0.028809,-0.031494,1.237549,-0.396423,-0.104309,-2.004852,0.7369408278639752,0.014229436990462621,0.010750667492270032,0.10421959768280063,-0.04887079376287068,0.6993885287464081,0.737,0.007,0.0032
0.0118,-0.005371,-0.070557,1.357178,-1.342468,2.184509,-0.295868,0.7394126162445949,0.01425788911872055,0.010771182411460925,0.05042275175427348,-0.02820122907985098,0.6957159166839972,0.74,0.007,0.0032
0.0124,-0.025635,-0.025146,1.287842,0.06134,-1.630188,-0.448456,0.7419111116237523,0.01429626488200022,0.010745433071297094,0.03850176196086267,-0.041510943645852026,0.6907044292580377,0.742,0.007,0.0032
0.0112,-0.00415,-0.037354,1.299072,1.190491,-1.996399,0.711212,0.744139660214468,0.014318351566027043,0.01076820439292033,0.03209067109859976,-0.06953411294761834,0.6982568994859213,0.745,0.007,0.0032
0.0131,0.013672,-0.006836,1.314453,0.458069,-1.080872,0.283966,0.7469295733877274,0.014334685220458825,0.010832390998062722,0.03645296745852146,-0.0994858500793728,0.7006483012566432,0.748,0.007,0.0049
0.0118,0.047852,0.047119,1.379883,0.732727,-0.653625,-2.340546,0.7494011918966458,0.014322604841822937,0.010967485088078393,0.07336162712111509,-0.1408378742949201,0.6698917424524922,0.75,0.007,0.0049
0.0116,0.011475,0.108398,1.43457,0.885315,2.337097,-7.162323,0.751703782711593,0.0143184362222817,0.011025063878326191,0.14293754620583188,-0.1264631420978912,0.5845417477313763,0.752,0.007,0.0049
0.0121,-0.046387,-0.020508,1.350586,-1.739197,6.640076,-2.432098,0.7541360183201318,0.014360066286590886,0.010959219404126136,0.11170636906361991,-0.027712963391687398,0.5564958379245037,0.755,0.007,0.0049
0.0122,0.002441,0.07373,1.274414,-0.518494,2.825378,-2.432098,0.7565149512323686,0.014362331992371715,0.01100276971414078,0.15124196203721382,-0.0036702615950444284,0.5254723824996104,0.757,0.007,0.0032
0.0122,-0.005859,-0.006348,1.325684,0.244446,-0.134827,-2.615204,0.7590523213588097,0.014383663842742138,0.011022800226499218,0.15167159596627855,-0.010403699129014924,0.4934301217557716,0.76,0.007,0.0049
0.0114,-0.025391,-0.067139,1.422119,-2.135925,3.130554,1.168976,0.7613435312791829,0.014418573359575469,0.011000894600982065,0.09247818781533042,0.03064225308314861,0.5078598527392983,0.762,0.007,0.0049
0.0121,-0.056885,0.014893,1.240234,-0.121765,-0.47052,-0.204315,0.763733690121897,0.014454314401854271,0.010900971207034314,0.10210552143086252,0.05059069053118126,0.5064122039984451,0.764,0.007,0.0065
0.0119,-0.057617,-0.024658,1.364258,-0.762634,1.146912,0.253448,0.7661615700320834,0.01449342329049278,0.010808225853380374,0.08087360953063066,0.08752568656872983,0.5106295984852228,0.767,0.008,0.0065
0.0122,-0.042725,0.03418,1.34375,-1.861267,3.31366,-0.448456,0.7686322354389724,0.014523812848948369,0.010749214936054375,0.07964646087287142,0.14246438268726697,0.5058881800497174,0.769,0.008,0.0065
0.0123,-0.030273,0.069824,1.254883,-0.793152,-2.454163,-3.195038,0.7711845249776373,0.014550338451448533,0.010713154648513355,0.11438022663615952,0.12050292341205578,0.4670440781778892,0.772,0.008,0.0049
0.012,-0.046387,-0.080078,1.342773,-0.457458,0.048279,-1.363983,0.7737168309994781,0.014576477863125019,0.01064129197272685,0.06488841628239034,0.13778427093737022,0.4507784845847134,0.774,0.008,0.0049
0.0118,-0.020752,0.0,1.411377,-2.013855,2.794861,-1.089325,0.7759764741919342,0.014595290436730302,0.010630550925262192,0.04320841658593528,0.17216925083015705,0.43803884494961276,0.776,0.008,0.0049
0.0117,-0.05127,0.023438,1.253906,-1.311951,-0.806213,-0.997772,0.7782816130219333,0.014626505347738333,0.010544984328595183,0.04465536043385171,0.18322224999268294,0.42738235760740173,0.779,0.008,0.0065
0.0125,-0.050049,-0.027344,1.352783,-0.091248,1.482605,1.077423,0.7807756636404306,0.014651309490884914,0.01046747175276849,0.03029404770283043,0.21953945464753657,0.44114298765755766,0.781,0.008,0.0049
0.0119,-0.051514,-0.00415,1.246094,1.098938,-1.233459,0.131378,0.7831261721998715,0.014680723558211116,0.010379541407393353,0.04324687993804583,0.22521560490767836,0.4434353043144229,0.784,0.008,0.0049
0.0115,-0.051758,-0.088135,1.329834,0.702209,0.048279,2.63382,0.7854842532601096,0.014690824804800011,0.01029536184099684,0.0031274365647176415,0.24454654463739783,0.47267729222121213,0.786,0.008,0.0049
0.0127,0.001709,-0.033203,1.2771,2.197571,0.078796,1.62674,0.787973353800096,0.014693256569616214,0.010332607048305935,0.013740095661840333,0.23302594998602538,0.49193694363060514,0.788,0.008,0.0049
0.0118,-0.004639,-0.026855,1.265381,3.570862,-1.538635,-0.540009,0.7902742744737741,0.01469994174409039,0.010355470349375923,0.04188719294595887,0.20642784307936315,0.48454153286870116,0.791,0.008,0.0049
0.0119,0.013672,-0.008789,1.368408,1.343079,-0.134827,-0.570526,0.7925945415299765,0.01470172801516405,0.010417290598441181,0.054969284739848204,0.18671296402560764,0.4765071928361157,0.793,0.008,0.0049
0.012,0.043457,0.037842,1.407959,0.94635,-0.012756,-1.791229,0.7949220574083996,0.014695990023736052,0.010541026693082378,0.08864096267525398,0.15297018633859555,0.453446662588933,0.796,0.008,0.0032
0.012,0.00415,0.0271,1.37207,2.899475,-0.531555,-2.126923,0.7972978159375191,0.014706805527543481,0.010582543121719332,0.13980068186841776,0.13448653895901838,0.42745430425925257,0.798,0.008,0.0032
0.0123,0.001953,-0.006104,1.286865,0.091858,-1.843811,-0.662079,0.7996715210981291,0.014716318507616054,0.010620309918043198,0.13861713083889823,0.10063320980872786,0.4186950083484455,0.799,0.008,0.0032
0.0121,0.017822,0.05542,1.337402,-0.884705,-1.447083,-2.27951,0.8019944369287002,0.014719007823704078,0.010693592794421133,0.1608661022296873,0.06361933852126982,0.3902164948897489,0.803,0.008,0.0049
0.0112,-0.00708,0.01001,1.357422,0.458069,-2.759338,-0.112762,0.8042791276731079,0.014731305403954946,0.01070977990029349,0.17254878168542395,0.027972318032708516,0.38866072015425673,0.805,0.008,0.0032
0.0123,-0.033936,0.004883,1.400879,-0.549011,0.811218,-0.936737,0.8067084687709211,0.01475250099717417,0.01066991027304718,0.169286093103849,0.04798320284355212,0.3774821847794623,0.807,0.008,0.0016
0.0121,-0.032471,-0.010254,1.303955,-0.610046,-0.745178,-1.089325,0.8092374484290558,0.014774394682061404,0.010629078996214686,0.15694873206550417,0.04890791912451965,0.36460499535142715,0.81,0.008,0.0032
0.0121,-0.015381,-0.049805,1.398682,1.098938,0.689148,-1.15036,0.8117360397629785,0.014790653428896846,0.010627050711230521,0.14382848216510621,0.05695378517409567,0.3506658743083549,0.812,0.008,0.0016
0.0123,-0.023193,-0.037598,1.23877,0.763245,-2.454163,-2.126923,0.8141222443665417,0.014808848077126006,0.010604833377005338,0.1312993134383951,0.031679122404254,0.3246199116197302,0.815,0.008,0.0032
0.0113,0.007812,-0.106689,1.250488,0.122375,-3.003479,1.077423,0.8163764537082393,0.014811242998999672,0.010654373571390107,0.06936142325213375,-0.01606930901582984,0.33591649522344813,0.817,0.008,0.0032
0.0127,0.001465,0.022949,1.274414,1.526184,-2.301575,-1.455536,0.8189735441201965,0.014815496022419515,0.010692218118479388,0.10441915020771313,-0.05462875977018229,0.31664822419418337,0.819,0.008,0.0016
0.0117,0.026367,-0.016602,1.395508,0.488586,-2.942444,-1.180878,0.8213484924457355,0.014808592544111472,0.010778553371729201,0.10249767491744557,-0.11070728218710556,0.3013957327066127,0.822,0.008,0.0016
0.0117,0.005371,-0.001709,1.424805,0.976868,1.146912,-0.875702,0.8236942680730555,0.014810999756786878,0.01082153979620586,0.11436644513190998,-0.10713293323149561,0.29049453209233206,0.823,0.008,0.0016
0.0119,-0.010986,-0.044189,1.26123,0.976868,0.078796,0.98587,0.8259610649123961,0.01482812833364548,0.010829561636571408,0.10076182576962298,-0.10748419195854904,0.30263948230258053,0.827,0.008,0.0032
0.0123,-0.006836,0.003418,1.330566,-0.213318,0.872253,0.100861,0.828421036819623,0.014836079400596806,0.010848471060989386,0.10177812268924691,-0.10038540114090434,0.30355122527508577,0.829,0.008,0.0032
0.0121,0.04126,0.025146,1.363037,-0.1828,2.520203,-0.692596,0.8308894117656609,0.014811152178385927,0.010973277123161837,0.1152615630953014,-0.1006154410429108,0.2926325012772135,0.831,0.008,0.0016
0.0119,-0.026611,0.044678,1.245117,-0.518494,0.445007,-2.981415,0.833192280149971,0.014817841318977228,0.010946835139136092,0.1382821789818932,-0.0870786225151199,0.2567862302395128,0.833,0.008,0.0
0.0121,0.002441,0.005127,1.236816,-0.274353,-2.026917,-0.204315,0.8356787746411782,0.014819115774201402,0.010988104982189122,0.1396369074856193,-0.12115804504510345,0.2535848929452764,0.835,0.008,0.0016
0.0119,-0.008301,0.02417,1.514648,-0.732117,2.611755,-1.333466,0.8379279324800847,0.014821149956794545,0.011002814341714486,0.14415382554934436,-0.09243507103529207,0.23724205908607765,0.839,0.008,0.0
0.0121,-0.036133,-0.049316,1.21875,-1.495056,-1.660706,0.161896,0.8403356945197642,0.014855243667948305,0.010948895531564466,0.09680336132127758,-0.09805422726744996,0.24080626776034034,0.841,0.008,0.0016
0.0123,-0.012207,-0.026611,1.373291,-1.647644,2.123474,0.467072,0.8428140317869749,0.014870042475737524,0.010955470700274764,0.06353360598321946,-0.07269249362893211,0.246889615190464,0.843,0.008,0.0016
0.0121,-0.013916,0.020508,1.300049,-1.617126,1.177429,-0.02121,0.8452159501848158,0.014874794105338136,0.010959049045696759,0.058334493021579045,-0.05841901265131665,0.24627279484387624,0.846,0.008,0.0016
0.0123,-0.00415,0.006836,1.308594,-1.647644,0.353455,-0.204315,0.8477927857888898,0.014878476815865146,0.010984293359327952,0.044421049363324576,-0.0597968733717859,0.24327524947461113,0.848,0.008,0.0
0.0122,0.004395,-0.002197,1.34668,-0.732117,-0.073792,-0.631561,0.8502876096212829,0.01488016876281542,0.011027285164922063,0.03655304408987735,-0.07103119283021288,0.23498502754611592,0.851,0.008,0.0016
0.012,-0.004883,-0.010498,1.297607,-0.884705,-0.684143,-2.615204,0.8526635295691447,0.014887556660589562,0.011049905070708951,0.022288704742607957,-0.08430800853439123,0.20344635727212934,0.853,0.008,0.0032
0.0122,0.001465,-0.055908,1.280518,-1.311951,0.292419,-1.15036,0.8552374129269814,0.01490458135826884,0.01108715002424322,-0.024333262173922825,-0.0896608904318747,0.18995103505009905,0.856,0.008,0.0032
0.0112,-0.059082,-0.019287,1.325928,-0.365906,0.811218,-1.760712,0.8574605980037002,0.014942029466832199,0.010987443800408092,-0.03651601749460252,-0.0542770001535746,0.17220528153329173,0.858,0.008,0.0032
0.0124,-0.078613,-0.013184,1.289062,1.221008,0.231384,-1.852264,0.8599716310740003,0.014990271846973841,0.010839935027667008,-0.026166142871462454,-0.013124295621296486,0.15189943108956025,0.86,0.008,0.0032
0.0125,-0.035889,-0.08374,1.321777,1.221008,0.902771,-0.204315,0.862515262540252,0.015018082712143175,0.01079085406920298,-0.0564333888334208,0.010319675772808496,0.15063564482074407,0.863,0.008,0.0032
0.0113,-0.001465,-0.033691,1.262939,1.95343,-2.576233,-1.363983,0.8647978466440563,0.015016087105567592,0.010820660780383594,-0.05154414346159519,-0.02673967893777088,0.1346941206609904,0.865,0.008,0.0032
0.0121,-0.00708,-0.038574,1.359131,2.258606,-1.080872,-2.432098,0.8673267112886097,0.015019685794852038,0.010836494665438063,-0.0429961954537001,-0.043819334350895155,0.10510158986418924,0.868,0.008,0.0049
0.0117,-0.039551,-0.077393,1.396484,0.030823,2.703308,-1.363983,0.869771821045538,0.015050990707061706,0.010783111046683818,-0.08187606659212021,0.0014038300771640618,0.09081332012797598,0.87,0.008,0.0032
0.012,-0.004395,0.015625,1.267334,0.488586,-0.317932,-2.493134,0.8721958958679592,0.015043005405869994,0.010808469525176717,-0.06296616251469378,-0.008769442478723828,0.06014950610946345,0.872,0.008,0.0016
0.012,0.013672,0.036621,1.322021,-1.281433,0.872253,-0.936737,0.8746740773691614,0.01501619649915117,0.010874940425620832,-0.05366421939754636,-0.01485275799286661,0.04701989354769845,0.875,0.008,0.0032
0.0131,-0.061523,-0.090576,1.30249,-3.356628,0.53656,2.145538,0.8773002967295754,0.015068698124126546,0.010765886686010414,-0.14688843481394984,0.019617706689693905,0.07828709295465074,0.877,0.008,0.0032
0.0111,-0.01123,-0.004639,1.372559,-0.243835,-0.378967,0.253448,0.8795203185228211,0.01506789623550212,0.010773855806556936,-0.14800231357796778,0.013211149780505112,0.08086598495416682,0.88,0.008,0.0032
0.0122,0.003906,-0.067383,1.269775,-2.013855,-1.630188,3.76297,0.8819786828342064,0.015056373623221021,0.010815744885619727,-0.20844808425181938,-0.017777372314392796,0.12577322655187026,0.882,0.008,0.0049
0.0124,-0.015137,-0.031494,1.26001,-3.631287,-1.59967,3.183136,0.8844214388821895,0.01506497065321979,0.010813834421294992,-0.2671221798111725,-0.036912007533343026,0.16550382286615048,0.884,0.008,0.0032
0.0116,-0.028076,0.009521,1.485107,-0.030212,2.611755,-0.387421,0.8868457538130878,0.01508334453726034,0.010788910663535257,-0.2573638472379628,0.00021646505456525956,0.1616337909326763,0.887,0.008,0.0032
0.0123,0.015869,0.004639,1.321777,-0.030212,0.048279,-0.784149,0.8893121393161699,0.015056765052875858,0.010859170675791476,-0.24964721950401295,-0.01706216414553137,0.1498430771495369,0.889,0.008,0.0049
0.0118,-0.003174,-0.040039,1.277832,0.732727,-0.928284,-0.601044,0.8916013542983404,0.015054964410718831,0.010885456815869743,-0.2596257687409831,-0.03476327040480266,0.14225774812780498,0.892,0.008,0.0049
0.0122,0.002686,0.011719,1.322754,2.441711,-1.691223,-4.080048,0.8939988219407679,0.01504012347073133,0.010925096250855705,-0.2179101812940175,-0.06521075285536466,0.0912461831490165,0.894,0.008,0.0032
0.0118,-0.021484,-0.007324,1.337158,0.854797,-0.043274,-3.469696,0.8963587652628173,0.015051567936578742,0.010910332120707453,-0.20711373721305537,-0.06141921685711608,0.05080036332362403,0.896,0.008,0.0049
0.0123,-0.027832,0.016846,1.451416,-0.213318,3.43573,-2.493134,0.8987879829506874,0.015062276883570853,0.010886057032363802,-0.19617658339290406,-0.012256080533097534,0.020553521167719822,0.899,0.008,0.0032
0.0116,-0.047119,-0.02417,1.33374,0.915833,3.283142,1.596222,0.9009395527109593,0.015095659802499066,0.010814688703815576,-0.19477367621980504,0.04409534221765617,0.04098895117812076,0.901,0.008,0.0032
0.0117,0.010742,0.006836,1.298584,1.190491,0.811218,0.131378,0.9031802993091083,0.015069313022192075,0.0108747606715983,-0.1721765604301288,0.03793542138893256,0.040750538787054286,0.904,0.008,0.0032
0.0131,-0.017822,-0.081299,1.256592,-1.434021,-0.836731,2.481232,0.905813242628066,0.015083333386423328,0.010865191608336334,-0.2354849599411669,0.02858866355393344,0.0739445158930926,0.906,0.008,0.0016
0.0112,-0.01001,0.043213,1.380615,-1.403503,2.367615,-0.14328,0.9080141761255439,0.015073819743731927,0.010878233852715472,-0.2220869092377307,0.051805140739816596,0.07154143583749513,0.908,0.008,0.0016
0.0119,-0.020996,0.048828,1.259277,0.274963,-1.630188,-1.241913,0.9104358958205279,0.015074709740291844,0.010864398865711134,-0.184108391792934,0.0356966606173047,0.05679690588440126,0.911,0.008,0.0032
0.012,-0.004395,-0.041748,1.393311,-0.091248,3.222107,0.558624,0.9128718983197792,0.015071056212275469,0.010887740193376856,-0.20358158666353876,0.06785152559456062,0.06293948248511165,0.913,0.008,0.0016
0.0119,-0.00708,-0.015869,1.250732,0.641174,-0.409485,-1.821747,0.915198385245532,0.015066096027705282,0.010906107495756281,-0.20076045536560597,0.05746837378937449,0.040795301157491685,0.916,0.008,0.0016
0.0124,0.040771,-0.083496,1.286621,0.854797,-0.775696,0.98587,0.9176599682431642,0.01502606179512461,0.011032985794606754,-0.23479500169691012,0.01444724463476813,0.05034902028176281,0.918,0.008,0.0016
0.0123,-0.00708,-0.03418,1.316895,0.152893,-0.104309,1.382599,0.920156834280569,0.015026347214314928,0.011050117982330035,-0.24760330588857668,0.00855718506643855,0.06721386594291255,0.92,0.008,0.0016
0.0113,-0.030762,0.03125,1.33252,1.06842,0.048279,0.436554,0.9224225073866542,0.01503517165481468,0.01101537468138043,-0.21247996093411867,0.018116025706057998,0.07257122607247193,0.923,0.008,0.0032
0.0124,0.020996,0.047119,1.38208,0.732727,0.445007,0.772247,0.924977374661356,0.01498982674225056,0.011094689157015215,-0.17265529496349583,0.0035700117678961803,0.07916627714534756,0.925,0.008,0.0016
0.0121,0.019287,0.04248,1.313721,0.122375,-0.836731,-0.753632,0.9273191708288504,0.014946210526254706,0.011173527850261487,-0.14197213319671806,-0.02640612285153667,0.06720725585090073,0.928,0.008,0.0032
0.0123,-0.047363,0.004883,1.29126,0.885315,-2.057434,-1.241913,0.9298221325289723,0.014972142884229347,0.011097299819600562,-0.12403324431332875,-0.03197635155784121,0.053407525642931504,0.93,0.008,0.0032
0.0109,-0.006836,-0.04126,1.344238,1.648254,-0.775696,-0.417938,0.9320020056258588,0.014978838090124399,0.011114067682798056,-0.12571959134960237,-0.04459625020239748,0.049155810287873,0.932,0.008,0.0032
0.0122,-0.014404,-0.018799,1.3479,0.732727,-0.104309,-0.509491,0.9344236467776359,0.014984868027260408,0.011114902801811153,-0.12355086069317121,-0.0456839693638983,0.04318558157297198,0.935,0.008,0.0016
0.012,-0.01123,-0.023682,1.340576,0.305481,-1.35553,1.168976,0.9369315813119201,0.014989753326713998,0.01112221849671557,-0.12946625812724943,-0.06336585162520021,0.0574342340664157,0.937,0.008,0.0032
0.0122,-0.020264,0.064697,1.475342,1.617737,1.787781,-2.03537,0.9391949473246908,0.014976942354568605,0.011113630470103065,-0.07268713537441672,-0.038407059832888876,0.031634173769875734,0.94,0.008,0.0016
0.0124,-0.022705,0.011963,1.222412,-0.701599,-1.660706,-2.096405,0.9416253979710437,0.014979547645452016,0.011094129723653815,-0.07009603920894317,-0.0535379258228865,0.005738246600174264,0.942,0.008,0.0016
0.0121,0.048828,0.01709,1.341064,-1.586609,1.818298,-1.577606,0.9439851855249488,0.014929845181443139,0.011238167704007063,-0.07594811310567301,-0.06752415622259311,-0.01640310388795265,0.944,0.008,0.0016
0.0112,-0.010254,0.022949,1.27002,1.282043,-0.806213,-2.004852,0.9462253705131995,0.014915098696059604,0.011249428902662582,-0.044299655674690804,-0.07858116999767509,-0.03972012552237715,0.947,0.008,0.0016
0.0133,-0.047852,-0.074951,1.362793,-0.152283,1.055359,0.436554,0.9489115181852471,0.014959444723084617,0.011176236125509434,-0.08520960873119734,-0.04539304047087293,-0.031112988544409945,0.949,0.008,0.0016
0.0119,-0.025635,-0.081055,1.217529,-0.549011,-0.226379,2.206573,0.9513148734994145,0.014994009628850898,0.011147808745445548,-0.13865064814706585,-0.04080781204260213,-0.002678348963590644,0.952,0.008,0.0016
0.0119,-0.012207,-0.0354,1.338379,2.014465,0.902771,1.413116,0.9537066574321466,0.015000672648128245,0.011153688509084802,-0.1310380906167901,-0.03125122135330595,0.014520326663292095,0.954,0.008,0.0016
0.0112,0.000244,-0.036377,1.295654,0.854797,-0.775696,0.619659,0.9560138171317729,0.014996963782066192,0.011187778138062397,-0.1388755413301425,-0.04843557429842353,0.021222901300845406,0.956,0.008,0.0032
0.0123,-0.01123,-0.04248,1.385986,-0.457458,0.902771,-0.875702,0.9584490718721753,0.015006299514269614,0.01119551720920519,-0.16381644142156715,-0.038988862462817846,0.010930181513762328,0.959,0.008,0.0016
0.0124,0.019775,0.059326,1.21167,1.129456,-1.843811,-2.859344,0.9608925347290306,0.01494463211245606,0.011282239303952635,-0.10791945878615855,-0.0831541301635933,-0.02821956297617128,0.961,0.008,0.0016
0.0112,0.027832,-0.025146,1.252686,-0.152283,-0.440002,-0.662079,0.9632110731273144,0.014913453613042457,0.01138405864434175,-0.12092818044953027,-0.11322010576665548,-0.0374078379999524,0.964,0.008,0.0016
0.0119,-0.011963,0.01001,1.318359,-1.281433,-2.545715,-1.974335,0.9655019458018484,0.014903143892060752,0.011389827011428256,-0.12618730504078185,-0.14377769350751732,-0.06138244933541806,0.966,0.008,0.0032
0.0124,-0.065918,-0.024902,1.35083,-1.708679,-2.850891,-0.204315,0.9681613089000558,0.01495438233936319,0.01127514784404644,-0.15725270046807202,-0.14843230167418345,-0.06057143613879125,0.968,0.008,0.0016
0.0123,-0.017334,-0.017334,1.409424,-1.617126,2.794861,1.779327,0.9706950242821847,0.01495887071855402,0.011271628980410644,-0.1822021866408461,-0.1114817373365326,-0.03835416315671923,0.971,0.008,0.0016
0.0121,-0.053711,-0.010742,1.2771,0.458069,1.879333,1.474152,0.9730784393059663,0.01499611429360076,0.011181041074844801,-0.17846699393085302,-0.06452817416235233,-0.018282855209951425,0.973,0.008,0.0016
0.012,-0.030762,-0.015137,1.403076,0.366516,0.170349,2.053986,0.9755443090951313,0.015011720535836659,0.011147036064617913,-0.1779706975690446,-0.053108794627496854,0.007327923205691899,0.976,0.008,0.0016
0.0114,0.012451,-0.044678,1.313965,0.152893,0.933289,1.443634,0.977755950684567,0.014996748445087287,0.011209249878883706,-0.1976268539537222,-0.057864624688413094,0.022848634761305983,0.978,0.008,0.0016
0.0122,0.015137,0.037354,1.224609,2.167053,-1.35553,-1.425018,0.9800987870758805,0.014952964126291343,0.01128333948379531,-0.14318563576441165,-0.09241543950475589,0.002863158146842327,0.98,0.008,0.0032
0.0126,0.007568,-0.043701,1.289795,-1.037292,-2.576233,0.802765,0.9826817133384405,0.014948373965089072,0.011334112807776527,-0.17775609245698504,-0.13686179034773244,0.012816257623933253,0.983,0.008,0.0049
0.011,-0.0354,0.076904,1.481201,-0.426941,-0.317932,-1.974335,0.9848655008425514,0.014938002015027813,0.011293563512494042,-0.13854623591657023,-0.12843645526602276,-0.00959254586641027,0.985,0.008,0.0016
0.0123,-0.04834,0.004395,1.320801,-1.128845,-1.508118,-0.723114,0.9873868955263433,0.014961269234006426,0.01121715202614608,-0.14556687026587303,-0.126142197191655,-0.017061976688495736,0.988,0.008,0.0016
0.0118,0.008789,0.018799,1.32251,-2.166443,2.245544,0.680695,0.9897352805006356,0.014936947503400721,0.011272730571049598,-0.15580314008338786,-0.11226863229106221,-0.010491503949929865,0.99,0.008,0.0016
0.013,0.004639,0.06543,1.302979,-2.166443,0.048279,-0.662079,0.9922966674291864,0.014900485433978143,0.011319799328643756,-0.1409612370611897,-0.12196480384913085,-0.021233453724909108,0.992,0.008,0.0032
0.0119,-0.010986,-0.04834,1.335449,-2.715759,2.947449,0.039825,0.9946824120587678,0.014912657441033043,0.01132933963014504,-0.19645109526530663,-0.08821817269853272,-0.02008612909026439,0.995,0.008,0.0016
0.0119,0.005371,-0.042969,1.174072,-1.372986,0.353455,-1.119843,0.9970027518754896,0.014913108574830487,0.011380673242283718,-0.23545590411414644,-0.09637115496231287,-0.033339021678998715,0.997,0.008,0.0016
0.0116,0.010986,-0.010986,1.219971,-0.762634,-5.322815,-2.493134,0.999299610099473,0.014895709379644354,0.011441932693387098,-0.24563342593556647,-0.17280273602135243,-0.06292730107632413,0.999,0.008,0.0016
0.0118,0.005127,-0.031982,1.276367,-1.250916,-6.635071,-2.737274,1.001665394900693,0.014892923304208891,0.011485508158900079,-0.273888461411447,-0.2606007719906786,-0.09485334665592841,1.002,0.008,0.0016
0.0122,-0.042969,-0.063477,1.463379,0.671692,0.872253,-2.615204,1.0040988363562031,0.01493354388533974,0.011427454562121638,-0.2934363141389379,-0.2328616283388687,-0.1241435319844629,1.004,0.008,0.0
0.012,-0.013428,-0.053223,1.286377,0.122375,-1.294495,-1.455536,1.0065705369958673,0.014949235853412514,0.011429695573993398,-0.3176499637067086,-0.24676276268298664,-0.14024456164351587,1.007,0.008,0.0016
0.0117,0.016113,-0.037598,1.362305,0.091858,2.245544,-0.845184,1.008887115440761,0.014930868777611824,0.011498588945932618,-0.3316693635269807,-0.23562064767963867,-0.15098075961802349,1.009,0.008,-0.0
0.012,-0.0271,0.01416,1.310547,0.94635,0.597595,-1.27243,1.0111791384482565,0.01492891400591864,0.01147117898633446,-0.30593465130577785,-0.21905659436140074,-0.16608513212038215,1.011,0.008,-0.0
0.012,-0.492676,-0.220459,1.349609,0.732727,-0.409485,11.57547,1.013179638926137,0.015375013633863148,0.010513454905720185,-0.40415012780864673,0.020980385614532204,-0.0011165070240102134,1.013,0.008,0.0016
0.0128,-0.432373,-0.316406,1.766357,-2.502136,6.853699,25.705109,1.014400240219277,0.01564473685619644,0.009854368217880272,-0.5576480271248814,0.2791926464908093,0.3418098330404844,1.013,0.008,0.0016
0.0112,-0.140869,-0.269775,0.632324,-2.654724,-10.968567,23.599396,1.0146276484758892,0.015517380260820696,0.009353934277756748,-0.8560139830406149,0.2882427222720263,0.5976243951988567,1.014,0.008,-0.0049
0.0124,-0.421875,0.06665,1.652832,1.373596,-18.628479,14.962921,1.0153790792442985,0.01645311544731222,0.008660811480186893,-0.7984262958404666,0.23897303265691078,0.840631424356409,1.015,0.008,-0.0032
0.0123,-0.172607,0.037109,1.765381,-0.030212,5.083679,12.368927,1.0168379680986976,0.016852989464597345,0.008405590786259616,-0.7717185541431221,0.3684357856367958,1.01399873166442,1.016,0.008,0.0049
0.0122,-0.114258,0.145752,1.142578,0.000305,2.276062,5.65506,1.0180668145751948,0.017571903770496822,0.008160039981004816,-0.6644693693389465,0.4585073348148994,1.1241290595788553,1.017,0.008,0.0113
0.0116,-0.143066,0.0625,1.312744,2.167053,-2.087952,3.366241,1.0181077106224417,0.018013358110311555,0.007895340569376484,-0.5935196964147439,0.5042490761397606,1.1893672880790327,1.016,0.008,0.0113
0.0119,-0.022217,0.074463,1.686035,0.427551,8.410095,-0.234833,1.0181286563036966,0.018211983399865114,0.007904415248749422,-0.5464859636853486,0.6013984001736651,1.1976273959574124,1.016,0.008,0.0097
0.0115,0.031738,0.070557,1.097656,-1.800232,-1.325012,-3.500214,1.018142981943832,0.01838835545726996,0.008043913312022054,-0.509643533253731,0.5475297833826702,1.1686287951549128,1.016,0.008,0.0097
0.0135,0.054199,0.068604,1.248047,-0.030212,-0.897766,-5.026093,1.0181745738966892,0.01850427211858362,0.008216304335261384,-0.46066513703123824,0.487160346965807,1.1083186833940595,1.016,0.008,0.0097
0.0112,-0.009277,0.008545,1.380615,-0.1828,0.689148,-1.730194,1.0182355818350983,0.01854000561405195,0.008245324920773954,-0.4507217270644488,0.48647202567959535,1.0910458153156475,1.017,0.008,0.013
0.0122,-0.021729,-0.13916,1.337891,-1.800232,-0.043274,4.586945,1.018349561063429,0.01824528267061531,0.008251239011448705,-0.5436291899212349,0.4851551409014351,1.1289867859933655,1.017,0.008,0.013
0.0118,-0.088867,-0.040771,1.28125,0.976868,3.222107,0.222931,1.0184439652892454,0.018273558922764624,0.008113994421545279,-0.5479735039505594,0.5617303239035629,1.1324729727729603,1.017,0.008,0.013
0.0116,0.015869,-0.064941,1.281738,2.929993,8.318542,0.283966,1.0185392152349952,0.018082891968783793,0.008202693676600262,-0.5445173455882835,0.6330848543152295,1.1233749954336352,1.017,0.008,0.013
0.0122,-0.02002,-0.104004,1.279541,1.892395,0.53656,-0.356903,1.0186034019339072,0.01785589603763388,0.00821642709456486,-0.5751455121359574,0.6359325428599735,1.1049970438470613,1.016,0.008,0.0146
0.0122,0.049072,0.001709,1.457275,-0.274353,1.940369,1.504669,1.0186590304213121,0.017775840261903528,0.008354619812625221,-0.5689854699131557,0.6194413339478421,1.1186948592314623,1.016,0.008,0.0146
0.0121,0.026855,0.086914,1.185303,1.70929,-6.787659,3.793488,1.0187110478660422,0.017924726615606613,0.008461904812743924,-0.48342292300762163,0.505491852731907,1.1748228321837926,1.016,0.008,0.0146
0.0113,0.007812,0.074219,1.287354,0.82428,-4.681946,1.87088,1.0187597746340316,0.01806214008611079,0.00852069979181576,-0.4223482062654513,0.43468980512526906,1.2048780614912387,1.016,0.008,0.0146
0.0122,-0.054199,-0.062256,1.44873,-3.936462,2.581238,3.76297,1.018772867212802,0.018010035610339176,0.00846868958383753,-0.4954200539204,0.48234954520817475,1.2471890882260013,1.016,0.008,0.0162
0.0121,-0.119629,-0.016357,1.311279,0.397034,3.496765,4.953156,1.0187778200402178,0.01812489574189854,0.008285790113938854,-0.4917086151806925,0.5804222624392377,1.3132173893241645,1.016,0.008,0.0146
0.0121,0.036133,-0.004883,1.37207,1.983948,12.041687,-1.760712,1.018784386983301,0.01806404906519224,0.00840318587833941,-0.4632475037267675,0.690030780621073,1.2873793527130764,1.016,0.008,0.0146
0.0122,0.006348,-0.087158,1.32373,0.976868,8.776306,-3.500214,1.018792999734208,0.017872813766559418,0.008471219139730328,-0.4947189121622519,0.7762305122458667,1.2321425659120877,1.016,0.008,0.0146
0.0118,-0.110352,-0.077393,1.637939,5.401917,48.388123,2.298126,1.0187995002628236,0.01785142521341932,0.008375062495714966,-0.45979499636567955,1.377693530866481,1.2523990343676232,1.016,0.008,0.0146
0.0119,1.082764,0.114258,0.474609,6.653137,-68.463684,7.455597,1.0187876188508878,0.016643731056780315,0.010162173259883587,-0.31721913028502624,-0.00030398116967002785,1.2790972549382595,1.016,0.008,0.0146
0.0123,0.242188,-0.731934,2.191895,0.915833,6.365417,0.467072,1.0188134038060157,0.01650691590730029,0.010431050045739338,-0.534213075775524,-0.004484886659070129,1.276474288977552,1.016,0.008,0.0162
0.0125,0.286621,0.001709,1.212891,1.434631,2.092957,-5.575409,1.0188458535182925,0.01586695633859533,0.010994129372575318,-0.5072763273515464,-0.1605594669926991,1.1695705970370553,1.016,0.008,0.0162
0.0112,-0.541748,0.098877,1.934814,-0.976257,1.391052,1.474152,1.0188616021099095,0.01645891609350589,0.010384747352565648,-0.47466901065749895,0.05272114933979266,1.220102119288665,1.016,0.008,0.0162
0.0118,0.07959,0.001953,1.121582,8.117981,3.771423,0.314484,1.0188875483546065,0.01625309822734928,0.010582375360768021,-0.37046433489374914,0.03222680792816851,1.2116236830196656,1.016,0.008,0.0162
0.0119,0.0896,-0.20752,-0.299805,0.488586,-17.346741,-1.486053,1.018906857450413,0.0160333629166314,0.011175096452757691,-0.737013613676134,-0.3661819725672518,1.1844945574818646,1.016,0.008,0.0162
0.0127,-0.250488,0.068604,2.315186,-2.319031,7.525085,-1.699677,1.018902505401575,0.016388406288974276,0.010935752842828005,-0.734545895719262,-0.19090978711169743,1.1822048453804692,1.016,0.008,0.0178
0.0113,-0.205566,-0.242676,2.192871,2.319641,6.823181,0.436554,1.018845724185585,0.016847585136678292,0.010741877422379103,-0.7826414872808575,-0.04701456504025746,1.2129496917493214,1.016,0.008,0.021
0.0121,0.138916,-0.14502,1.148682,4.272766,3.801941,1.138458,1.0187907320996046,0.016398855271313097,0.011035831964241788,-0.8143335024328465,-0.10064176729633907,1.200231993560521,1.015,0.008,0.021
0.0121,-0.030518,-0.08252,0.743896,-5.675964,-8.221985,4.068146,1.0187270780254785,0.01663273133230983,0.01098668633609957,-0.9531467723929344,-0.1813032331079318,1.264760640069405,1.015,0.008,0.021
0.0121,0.102295,0.150146,1.84082,1.282043,3.039001,1.443634,1.01867214742346,0.016210697950132736,0.011116938899509802,-0.8643738305408072,-0.19118006173760127,1.257026893790293,1.015,0.008,0.021
0.0121,-0.014893,0.01001,1.28418,5.829163,4.015564,2.450714,1.0186120231885178,0.016184594780283137,0.011111875914765774,-0.7769245973543945,-0.1407079482188467,1.2844971896588475,1.015,0.008,0.021
0.0124,0.022705,-0.08252,0.998535,-1.769714,-0.378967,4.068146,1.0185506010393799,0.016128329741216658,0.011189650415206481,-0.8498943743933056,-0.17184469827067048,1.3319380593938028,1.015,0.008,0.021
0.0118,0.000244,0.017578,1.431885,-2.898865,1.635193,2.969513,1.0184927253838538,0.01604470171727105,0.01120649786460787,-0.8631244874503707,-0.1585653965541472,1.3618585498540396,1.015,0.008,0.021
0.0119,0.005615,0.052246,1.484863,2.807922,1.207947,0.833282,1.0184350188888065,0.01591226250764168,0.011229395540752212,-0.7918657727867839,-0.15315986117725033,1.3638616560030798,1.015,0.008,0.021
0.0119,-0.020752,-0.027344,1.134766,1.007385,-1.050354,-1.699677,1.0183749331819412,0.015956675649767424,0.011214214325881367,-0.7869510496676732,-0.16024937115954457,1.3464914964018644,1.015,0.008,0.021
0.0128,-0.074463,-0.031006,1.213623,-2.532654,-0.806213,-1.760712,1.0183080310645303,0.01618332600602416,0.011109517126273326,-0.827350248633815,-0.1315494219830088,1.337380827678016,1.015,0.008,0.021
0.011,-0.045654,0.035645,1.477295,2.014465,0.383972,-0.02121,1.018252607925804,0.016222210047683358,0.011062634592391209,-0.7760136881632241,-0.1101124296151104,1.339370106840693,1.015,0.008,0.021
0.0125,-0.058838,-0.033691,1.329834,0.976868,0.963806,1.474152,1.0181819614118177,0.01637035555440205,0.01099419780233382,-0.7725392623589855,-0.07151417279584085,1.3663404634111818,1.015,0.008,0.021
0.0114,-0.046875,-0.036865,1.174561,-2.227478,-0.226379,1.016388,1.0181233066233704,0.01649887611614783,0.010938866480273278,-0.8105383778475816,-0.052349053909360656,1.385511170794573,1.015,0.008,0.021
0.0126,-0.024414,0.026367,1.380615,0.854797,-0.317932,-0.387421,1.0180604203644292,0.016493555836569713,0.010922778401558956,-0.7742684341056223,-0.05057663266030214,1.3804537585720418,1.015,0.008,0.021
0.0122,0.000977,-0.002441,1.368896,1.495667,-0.134827,-0.173798,1.018006223055851,0.01643920823239398,0.010943433911552534,-0.7468901544803719,-0.06059535069015461,1.3752708078910683,1.015,0.008,0.021
0.0115,-0.012695,-0.060547,1.244385,-1.861267,-0.043274,0.253448,1.017959791454355,0.016469376552132948,0.010946237535583657,-0.7945283543979801,-0.061755029659311955,1.3800270521491358,1.015,0.008,0.021
0.012,-0.030518,0.003418,1.321045,0.091858,0.261902,-0.417938,1.0179114382178658,0.016499107885813716,0.010921765481305152,-0.7804837250766881,-0.049031043830742485,1.3767555402622822,1.015,0.008,0.021
0.0125,-0.021973,0.002686,1.37793,2.014465,0.322937,-0.417938,1.0178613926470754,0.01650434248074234,0.010910489250150167,-0.7433430733080609,-0.04066986307951624,1.3718448676316033,1.015,0.008,0.021
0.0113,0.008057,-0.045166,1.279541,-0.335388,-0.012756,0.924835,1.017816718159189,0.01646032411420364,0.010943292538176943,-0.7634931143503646,-0.05395690324877295,1.3798147669412593,1.015,0.008,0.021
0.0126,-0.001953,-0.003906,1.299072,-0.518494,-0.043274,0.222931,1.0177732063806173,0.016414927964205895,0.010959838166667513,-0.761549806801576,-0.06153385112454944,1.3800498843805022,1.015,0.008,0.021
0.0113,-0.014404,0.016602,1.351562,1.343079,0.170349,-0.753632,1.0177396578559563,0.016389981744602735,0.010958243091167212,-0.726582895535027,-0.05939153096923743,1.3700893457778225,1.015,0.008,0.021
0.013,-0.006104,-0.037109,1.292969,-0.06073,-0.134827,0.039825,1.0176877211755833,0.016383125057452184,0.010969331083715225,-0.73895586628454,-0.06570253370342634,1.370316134199759,1.015,0.008,0.021
0.011,-0.005615,-0.030518,1.312256,-0.549011,0.109314,0.650177,1.0176438700126285,0.016370158527032393,0.01098055335174842,-0.7522718643333327,-0.06914254165512405,1.376767946488561,1.015,0.008,0.021
0.0126,-0.019531,0.000732,1.35083,0.854797,0.170349,-0.204315,1.0175997933720493,0.016369889025936255,0.01097247846572875,-0.7307110935570008,-0.06371246636437955,1.374199626722058,1.015,0.008,0.021
0.0115,0.002441,-0.027344,1.32251,0.671692,0.139832,0.100861,1.0175599730825957,0.01633485094900112,0.010993940741222478,-0.7285390020109617,-0.07146637780551669,1.373367402824299,1.015,0.008,0.021
0.0128,0.015381,-0.032471,1.295166,-0.213318,-0.073792,0.589142,1.0175159662779065,0.016270445635186433,0.011032663320287893,-0.7400470879720878,-0.08945038632087218,1.3772541728371652,1.015,0.008,0.021
0.0112,-0.00708,-0.00293,1.347656,0.702209,0.353455,-0.02121,1.017477145363144,0.016241733702795826,0.011040178189865019,-0.7235659731101777,-0.08904818859909969,1.3753378194458812,1.015,0.008,0.021
0.0122,-0.009521,-0.003906,1.319824,0.549622,0.200867,-0.417938,1.0174347354694693,0.01621995292524379,0.01104470185201818,-0.7089366822128784,-0.08888177705283216,1.3689885896910121,1.015,0.008,0.021
0.0123,0.0,-0.025879,1.315674,-0.396423,0.017761,0.283966,1.0173920078583392,0.016193427572778144,0.011061636219375118,-0.718687073922747,-0.09635988054277864,1.371006407881424,1.015,0.008,0.021
0.0124,-0.003906,-0.016846,1.336426,0.244446,-0.012756,0.406036,1.0173551064360757,0.01616972632023244,0.011072933466786306,-0.7151600391307803,-0.10174966515389113,1.3747163377801608,1.015,0.008,0.021
0.0118,-0.005127,-0.01709,1.339355,0.702209,0.383972,0.528107,1.0173199597479334,0.016149587666232597,0.011082587194174818,-0.7065961010218232,-0.10171532965140596,1.3797698646323577,1.015,0.008,0.021
0.0113,0.010742,-0.020752,1.306152,0.06134,0.170349,-0.051727,1.017286743930326,0.016094750217835796,0.01111202090962821,-0.7079407390462256,-0.11376375524595127,1.3760271823573746,1.015,0.008,0.021
0.0121,0.003906,-0.022705,1.319336,0.06134,0.200867,0.253448,1.0172508836231995,0.016059171515062826,0.011132348313393072,-0.7102672650230036,-0.12103318301979879,1.3770540550847632,1.015,0.008,0.021
0.0123,-0.006348,-0.008057,1.337646,0.397034,-0.134827,-0.051727,1.0172142992142996,0.016035051426862484,0.011139532354006151,-0.6999594716910321,-0.12631581951035933,1.3750730220941276,1.015,0.008,0.021
0.0121,-0.00293,-0.012207,1.313721,0.335999,0.139832,0.100861,1.0171783560444652,0.016007150002208165,0.011150919614257246,-0.6930195785168608,-0.13028420929023388,1.374693271477905,1.015,0.008,0.021
0.0122,0.003418,-0.018555,1.326416,0.030823,0.261902,-0.02121,1.0171422002404498,0.015971571484399896,0.011169495111617059,-0.6934137630496086,-0.13633591615927418,1.372380920003126,1.015,0.008,0.021
0.0121,0.002197,-0.016602,1.328857,0.427551,0.200867,0.345001,1.0171123750869602,0.01593775071838971,0.011186265914498594,-0.6879289913634301,-0.14230768949137879,1.374600624540556,1.015,0.008,0.021
0.0122,-0.003174,-0.01123,1.321045,0.366516,0.445007,0.100861,1.0170822200930683,0.015910897135716997,0.011196670369665611,-0.6801206931483154,-0.14223557271119322,1.3742366259823493,1.015,0.008,0.021
0.0111,0.002686,-0.015381,1.319336,0.030823,0.261902,0.039825,1.0170549107239486,0.01587590199682606,0.011213649137511017,-0.6788895163490356,-0.14806271258467857,1.3726453912669483,1.015,0.008,0.021
0.0123,-0.006836,-0.019531,1.324463,0.000305,0.292419,0.436554,1.0170242794410702,0.01586609001404445,0.011219708848818283,-0.6803893926751852,-0.1475542091050463,1.3774494947867189,1.015,0.008,0.021
0.0124,-0.002197,-0.014648,1.32666,0.274963,0.109314,0.375519,1.0169935881657897,0.01584170555292408,0.011230676362999454,-0.6756739572559494,-0.15194937308474812,1.3807104751233754,1.015,0.008,0.021
0.0122,-0.001953,-0.009277,1.321777,0.274963,0.383972,-0.082245,1.0169695742409552,0.01581178720595513,0.011241742082732799,-0.6679607914985596,-0.1532429040078728,1.3779311685068698,1.015,0.008,0.021
0.0114,0.000488,-0.011719,1.318359,0.183411,0.292419,-0.14328,1.0169528795036966,0.015780001350758112,0.011255389581360282,-0.6630028067837049,-0.15729452309862466,1.3744245330481073,1.015,0.008,0.021
0.0118,-0.001953,-0.012939,1.330811,0.183411,0.078796,0.528107,1.0169531891588928,0.01575570485512015,0.011266086992265206,-0.6587083728365682,-0.1621037316686425,1.379224299656329,1.015,0.008,0.021
0.0122,-0.003174,-0.014893,1.326904,0.519104,-0.043274,-0.02121,1.0169534316252513,0.015736502786503452,0.01127534002626157,-0.6514539442892447,-0.16769876234521353,1.3778515229287571,1.015,0.008,0.021
0.012,0.001221,-0.015625,1.31665,0.000305,0.475525,0.406036,1.0169537705860476,0.015709458378496063,0.01128924816073796,-0.651022604728599,-0.1696128055736335,1.3810848874453516,1.015,0.008,0.021
0.0119,-0.001953,-0.021973,1.325928,0.122375,0.078796,0.192413,1.016953927625897,0.015696145430526248,0.01129959239592656,-0.6527639668756485,-0.1743554771105344,1.3826033920234635,1.015,0.008,0.021
0.0124,-0.004395,-0.010742,1.329346,0.519104,0.261902,0.161896,1.0169541927302563,0.01567567113393518,0.011307063472389004,-0.6430773913038517,-0.17534995368687617,1.3833695237682984,1.015,0.008,0.021
0.0114,-0.000977,-0.015625,1.322266,0.122375,0.41449,-0.02121,1.0169544614175134,0.015654224310550992,0.01131808086306984,-0.6413153999340616,-0.17689829036421956,1.3818264571013101,1.015,0.008,0.021
0.0123,-0.001709,-0.014893,1.320068,0.274963,0.200867,0.283966,1.0169547189158887,0.015633757691451915,0.011328190306921854,-0.6372036469214555,-0.18021296853431132,1.3840983784440886,1.015,0.008,0.021
0.0124,-0.005615,-0.012451,1.325928,0.213928,0.170349,0.100861,1.016954917749038,0.015618322574923453,0.011334152604274481,-0.6324157921367409,-0.18158988264518683,1.3844184635227574,1.015,0.008,0.021
0.0111,-0.001465,-0.016357,1.319336,0.244446,0.231384,0.070343,1.01695514742376,0.015599844773556281,0.011344245324610043,-0.6299010401539271,-0.18492887144749173,1.3840978187029331,1.015,0.008,0.021
0.0121,-0.003662,-0.010742,1.316895,0.091858,0.597595,0.253448,1.0169554139423889,0.015579187883780085,0.011352038719169075,-0.6257622032817998,-0.18233738889760492,1.3858701652796435,1.015,0.008,0.021
0.0123,-0.003174,-0.013916,1.323242,0.427551,0.078796,0.070343,1.016955633678249,0.015561812987911082,0.011360158619258815,-0.6193694204012922,-0.18624480116828696,1.3857095833336392,1.015,0.008,0.021
0.0118,-0.000244,-0.013428,1.320557,0.183411,0.139832,0.375519,1.0169559214632782,0.015539021194264478,0.011370955145397344,-0.6158455084867448,-0.1911069048474759,1.388791369905555,1.015,0.008,0.021
0.0127,-0.006348,-0.013672,1.314209,0.366516,0.139832,-0.112762,1.0169560660740646,0.015527678124938098,0.011375830324248347,-0.6100405216614686,-0.1923523807118463,1.3866753708650952,1.015,0.008,0.021
0.012,-0.004883,-0.011719,1.32666,0.122375,0.261902,0.253448,1.0169562705943185,0.015511796864846841,0.011381915203447506,-0.6062889573018218,-0.19298344241000567,1.388748667674727,1.015,0.008,0.021
0.0119,-0.003174,-0.013672,1.321045,0.397034,0.200867,0.192413,1.016956475451494,0.015495571617825058,0.011389568057844959,-0.6004992822248635,-0.19537299486322285,1.3900648013502486,1.015,0.008,0.021
0.0117,0.001221,-0.016113,1.317871,0.274963,0.078796,0.222931,1.0169567278916685,0.015475132899272492,0.011401178888510624,-0.597690458557196,-0.20174900319520347,1.3914779249063107,1.015,0.008,0.021
0.0126,-0.004883,-0.014404,1.327637,0.183411,0.200867,0.222931,1.016956876781468,0.015463294688499534,0.011406950192644177,-0.5947767075840623,-0.20288644812163328,1.3935691758524045,1.015,0.008,0.021
0.0117,-0.005371,-0.016113,1.327148,0.488586,0.139832,0.039825,1.0169569837722174,0.015454557940020331,0.01141222356304755,-0.5895021052706984,-0.20464010284988213,1.3935129745757902,1.015,0.008,0.021
0.0125,-0.002441,-0.017334,1.327393,0.030823,0.109314,-0.234833,1.0169571278304803,0.015442652206163228,0.011420014488322828,-0.5902484884505184,-0.20836748679697947,1.3898781731117842,1.015,0.008,0.021
0.0117,-0.005127,-0.016602,1.320068,0.122375,0.170349,0.131378,1.0169572276334993,0.01543441218648218,0.01142536513809162,-0.5895835706775734,-0.20987141128126582,1.3909201379624612,1.015,0.008,0.021
0.0121,-0.003418,-0.013428,1.326172,0.335999,0.078796,0.100861,1.016957410198338,0.015419974464954512,0.011432014068985603,-0.5844558002501403,-0.2133526837056575,1.3912855531407544,1.015,0.008,0.021
0.0113,-0.000977,-0.01416,1.325195,0.244446,0.109314,0.314484,1.01695762422112,0.015402874108156718,0.0114406570158053,-0.5811062872872507,-0.21790187921002013,1.3938291710150577,1.015,0.008,0.021
0.0127,-0.001709,-0.013672,1.326904,0.183411,0.231384,0.222931,1.0169578279209204,0.015386668966386713,0.011448523961966838,-0.5779286303635562,-0.220300460662579,1.3956836746478598,1.015,0.008,0.021
