# WaveFront *.obj file (generated by Autodesk ATF)

mtllib robot.mtl

g Body1

v -7.500000 18.500000 5.200000
v -7.500000 10.500000 5.200000
v -7.500000 2.500000 5.200000
v -7.500000 2.500000 13.200000
v -7.500000 10.500000 13.200000
v -7.500000 18.500000 13.200000
v 0.000000 2.500000 5.200000
v 7.500000 2.500000 5.200000
v 7.500000 2.500000 13.200000
v 0.000000 2.500000 13.200000
v 7.500000 10.500000 13.200000
v 7.500000 18.500000 13.200000
v 0.000000 18.500000 13.200000
v 0.000000 10.500000 13.200000
v 7.500000 18.500000 5.200000
v 0.000000 18.500000 5.200000
v 7.500000 10.500000 5.200000
v 0.000000 10.500000 5.200000
vt 4.000000 8.000000 0.000000
vt -4.000000 8.000000 0.000000
vt 4.000000 0.000000 0.000000
vt -4.000000 0.000000 0.000000
vt 4.000000 -8.000000 0.000000
vt -4.000000 -8.000000 0.000000
vt 0.000000 -7.500000 0.000000
vt 8.000000 -7.500000 0.000000
vt -0.000000 0.000000 0.000000
vt 8.000000 0.000000 0.000000
vt -0.000000 7.500000 0.000000
vt 8.000000 7.500000 0.000000
vt 8.000000 -7.500000 0.000000
vt 16.000000 -7.500000 0.000000
vt 8.000000 0.000000 0.000000
vt 16.000000 0.000000 0.000000
vt 8.000000 7.500000 0.000000
vt 16.000000 7.500000 0.000000
vt 0.000000 7.500000 0.000000
vt -0.000000 0.000000 0.000000
vt 0.000000 -7.500000 0.000000
vt -0.000000 -7.500000 0.000000
vt 8.000000 -7.500000 0.000000
vt -0.000000 0.000000 0.000000
vt 8.000000 0.000000 0.000000
vt -0.000000 7.500000 0.000000
vt 8.000000 7.500000 0.000000
vt 8.000000 -7.500000 0.000000
vt 16.000000 -7.500000 0.000000
vt 8.000000 0.000000 0.000000
vt 16.000000 0.000000 0.000000
vt 8.000000 7.500000 0.000000
vt 16.000000 7.500000 0.000000
vt 0.000000 7.500000 0.000000
vt 0.000000 0.000000 0.000000
vt 0.000000 -7.500000 0.000000
vt -4.000000 -8.000000 0.000000
vt 4.000000 -8.000000 0.000000
vt -4.000000 0.000000 0.000000
vt 4.000000 0.000000 0.000000
vt -4.000000 8.000000 0.000000
vt 4.000000 8.000000 0.000000
vn -1.000000 0.000000 0.000000
vn -1.000000 0.000000 0.000000
vn -1.000000 0.000000 0.000000
vn -1.000000 0.000000 0.000000
vn -1.000000 0.000000 0.000000
vn -1.000000 0.000000 0.000000
vn 0.000000 -1.000000 0.000000
vn 0.000000 -1.000000 0.000000
vn 0.000000 -1.000000 0.000000
vn 0.000000 -1.000000 0.000000
vn 0.000000 -1.000000 0.000000
vn 0.000000 -1.000000 0.000000
vn 0.000000 -0.000000 1.000000
vn 0.000000 -0.000000 1.000000
vn 0.000000 -0.000000 1.000000
vn 0.000000 -0.000000 1.000000
vn 0.000000 -0.000000 1.000000
vn 0.000000 -0.000000 1.000000
vn 0.000000 -0.000000 1.000000
vn 0.000000 -0.000000 1.000000
vn 0.000000 -0.000000 1.000000
vn -0.000000 1.000000 0.000000
vn -0.000000 1.000000 0.000000
vn -0.000000 1.000000 0.000000
vn -0.000000 1.000000 0.000000
vn -0.000000 1.000000 0.000000
vn -0.000000 1.000000 0.000000
vn 0.000000 0.000000 -1.000000
vn 0.000000 0.000000 -1.000000
vn 0.000000 0.000000 -1.000000
vn 0.000000 0.000000 -1.000000
vn 0.000000 0.000000 -1.000000
vn 0.000000 0.000000 -1.000000
vn 0.000000 0.000000 -1.000000
vn 0.000000 0.000000 -1.000000
vn 0.000000 0.000000 -1.000000
vn 1.000000 0.000000 0.000000
vn 1.000000 0.000000 0.000000
vn 1.000000 0.000000 0.000000
vn 1.000000 0.000000 0.000000
vn 1.000000 0.000000 0.000000
vn 1.000000 0.000000 0.000000
usemtl Plastic_-_Matte_(Gray)
f 6/1/1 1/2/2 5/3/3
f 5/3/3 1/2/2 2/4/4
f 5/3/3 2/4/4 4/5/5
f 4/5/5 2/4/4 3/6/6
f 4/7/7 3/8/8 10/9/9
f 10/9/9 3/8/8 7/10/10
f 10/9/9 7/10/10 9/11/11
f 9/11/11 7/10/10 8/12/12
f 5/13/13 4/14/14 14/15/15
f 14/15/15 4/14/14 10/16/16
f 14/15/15 10/16/16 11/17/17
f 11/17/17 10/16/16 9/18/18
f 11/17/17 12/19/19 14/15/15
f 14/15/15 12/19/19 13/20/20
f 14/15/15 13/20/20 5/13/13
f 5/13/13 13/20/20 6/21/21
f 1/22/22 6/23/23 16/24/24
f 16/24/24 6/23/23 13/25/25
f 16/24/24 13/25/25 15/26/26
f 15/26/26 13/25/25 12/27/27
f 2/28/28 1/29/29 18/30/30
f 18/30/30 1/29/29 16/31/31
f 18/30/30 16/31/31 17/32/32
f 17/32/32 16/31/31 15/33/33
f 17/32/32 8/34/34 18/30/30
f 18/30/30 8/34/34 7/35/35
f 18/30/30 7/35/35 2/28/28
f 2/28/28 7/35/35 3/36/36
f 9/37/37 8/38/38 11/39/39
f 11/39/39 8/38/38 17/40/40
f 11/39/39 17/40/40 12/41/41
f 12/41/41 17/40/40 15/42/42
g Body2

v -11.000000 -1.720219 6.395489
v -11.000000 -1.960519 6.847427
v -11.000000 -2.084347 7.344074
v -11.000000 -2.084347 7.855926
v -11.000000 -1.960519 8.352573
v -11.000000 -1.720219 8.804511
v -11.000000 -0.883129 10.000000
v -11.000000 2.500000 10.000000
v -11.000000 2.500000 5.200000
v -11.000000 -0.883129 5.200000
v 0.000000 -1.720219 8.804511
v 11.000000 -1.720219 8.804511
v 11.000000 -0.883129 10.000000
v 0.000000 -0.883129 10.000000
v 11.000000 2.500000 10.000000
v 0.000000 2.500000 10.000000
v 11.000000 2.500000 5.200000
v 0.000000 2.500000 5.200000
v 11.000000 -0.883129 5.200000
v 0.000000 -0.883129 5.200000
v 11.000000 -1.720219 6.395489
v 0.000000 -1.720219 6.395489
v 11.000000 -1.960519 6.847427
v 11.000000 -2.084347 7.344074
v 11.000000 -2.084347 7.855926
v 11.000000 -1.960519 8.352573
v 0.000000 -1.960519 6.847427
v 0.000000 -2.084347 7.344074
v 0.000000 -2.084347 7.855926
v 0.000000 -1.960519 8.352573
vt 2.160519 -0.752573 0.000000
vt 1.920219 1.204511 0.000000
vt 1.920219 -1.204511 0.000000
vt -2.300000 -2.400000 0.000000
vt 1.083129 -2.400000 0.000000
vt 2.160519 0.752573 0.000000
vt 2.284347 -0.255926 0.000000
vt 2.284347 0.255926 0.000000
vt 1.083129 2.400000 0.000000
vt -2.300000 2.400000 0.000000
vt 0.000000 -11.000000 0.000000
vt 1.459423 -11.000000 0.000000
vt -0.000000 0.000000 0.000000
vt 1.459423 0.000000 0.000000
vt -0.000000 11.000000 0.000000
vt 1.459423 11.000000 0.000000
vt 0.000000 -11.000000 0.000000
vt 3.383129 -11.000000 0.000000
vt 0.000000 0.000000 0.000000
vt 3.383129 0.000000 0.000000
vt 0.000000 11.000000 0.000000
vt 3.383129 11.000000 0.000000
vt 0.000000 -11.000000 0.000000
vt 4.800000 -11.000000 0.000000
vt 0.000000 0.000000 0.000000
vt 4.800000 0.000000 0.000000
vt 0.000000 11.000000 0.000000
vt 4.800000 11.000000 0.000000
vt -0.000000 -11.000000 0.000000
vt 3.383129 -11.000000 0.000000
vt -0.000000 0.000000 0.000000
vt 3.383129 0.000000 0.000000
vt -0.000000 11.000000 0.000000
vt 3.383129 11.000000 0.000000
vt 0.000000 -11.000000 0.000000
vt 1.459423 -11.000000 0.000000
vt 0.000000 0.000000 0.000000
vt 1.459423 0.000000 0.000000
vt 0.000000 11.000000 0.000000
vt 1.459423 11.000000 0.000000
vt 11.000000 2.565634 0.000000
vt -0.000000 2.565634 0.000000
vt 11.000000 2.052507 0.000000
vt 0.000000 2.052507 0.000000
vt 11.000000 1.539380 0.000000
vt 0.000000 1.539380 0.000000
vt 11.000000 1.026254 0.000000
vt 0.000000 1.026254 0.000000
vt 11.000000 0.513127 0.000000
vt 0.000000 0.513127 0.000000
vt 11.000000 0.000000 0.000000
vt -0.000000 0.000000 0.000000
vt -11.000000 0.513127 0.000000
vt -11.000000 0.000000 0.000000
vt -11.000000 2.565634 0.000000
vt -11.000000 2.052507 0.000000
vt -11.000000 1.539380 0.000000
vt -11.000000 1.026254 0.000000
vt -2.160519 0.752573 0.000000
vt -2.160519 -0.752573 0.000000
vt -1.920219 1.204511 0.000000
vt -1.920219 -1.204511 0.000000
vt 2.300000 -2.400000 0.000000
vt -1.083129 -2.400000 0.000000
vt -2.284347 0.255926 0.000000
vt -2.284347 -0.255926 0.000000
vt 2.300000 2.400000 0.000000
vt -1.083129 2.400000 0.000000
vn -1.000000 -0.000000 -0.000000
vn -1.000000 -0.000000 -0.000000
vn -1.000000 -0.000000 -0.000000
vn -1.000000 -0.000000 -0.000000
vn -1.000000 -0.000000 -0.000000
vn -1.000000 -0.000000 -0.000000
vn -1.000000 -0.000000 -0.000000
vn -1.000000 -0.000000 -0.000000
vn -1.000000 -0.000000 -0.000000
vn -1.000000 -0.000000 -0.000000
vn 0.000000 -0.819152 0.573576
vn 0.000000 -0.819152 0.573576
vn 0.000000 -0.819152 0.573576
vn 0.000000 -0.819152 0.573576
vn 0.000000 -0.819152 0.573576
vn 0.000000 -0.819152 0.573576
vn -0.000000 0.000000 1.000000
vn -0.000000 0.000000 1.000000
vn -0.000000 0.000000 1.000000
vn -0.000000 0.000000 1.000000
vn -0.000000 0.000000 1.000000
vn -0.000000 0.000000 1.000000
vn 0.000000 1.000000 0.000000
vn 0.000000 1.000000 0.000000
vn 0.000000 1.000000 0.000000
vn 0.000000 1.000000 0.000000
vn 0.000000 1.000000 0.000000
vn 0.000000 1.000000 0.000000
vn 0.000000 0.000000 -1.000000
vn 0.000000 0.000000 -1.000000
vn 0.000000 0.000000 -1.000000
vn 0.000000 0.000000 -1.000000
vn 0.000000 0.000000 -1.000000
vn 0.000000 0.000000 -1.000000
vn 0.000000 -0.819152 -0.573576
vn 0.000000 -0.819152 -0.573576
vn 0.000000 -0.819152 -0.573576
vn 0.000000 -0.819152 -0.573576
vn 0.000000 -0.819152 -0.573576
vn 0.000000 -0.819152 -0.573576
vn 0.000000 -0.933580 -0.358368
vn 0.000000 -0.933580 -0.358368
vn 0.000000 -0.992546 -0.121869
vn 0.000000 -0.992546 -0.121869
vn -0.000000 -0.992546 0.121869
vn -0.000000 -0.992546 0.121869
vn -0.000000 -0.933580 0.358368
vn -0.000000 -0.933580 0.358368
vn -0.000000 -0.933580 0.358368
vn 0.000000 -0.933580 -0.358368
vn 0.000000 -0.992546 -0.121869
vn -0.000000 -0.992546 0.121869
vn 1.000000 0.000000 0.000000
vn 1.000000 0.000000 0.000000
vn 1.000000 0.000000 0.000000
vn 1.000000 0.000000 0.000000
vn 1.000000 0.000000 0.000000
vn 1.000000 0.000000 0.000000
vn 1.000000 0.000000 0.000000
vn 1.000000 0.000000 0.000000
vn 1.000000 0.000000 0.000000
vn 1.000000 0.000000 0.000000
f 20/43/43 24/44/44 19/45/45
f 19/45/45 24/44/44 27/46/46
f 19/45/45 27/46/46 28/47/47
f 24/44/44 20/43/43 23/48/48
f 23/48/48 20/43/43 21/49/49
f 23/48/48 21/49/49 22/50/50
f 24/44/44 25/51/51 27/46/46
f 27/46/46 25/51/51 26/52/52
f 25/53/53 24/54/54 32/55/55
f 32/55/55 24/54/54 29/56/56
f 32/55/55 29/56/56 31/57/57
f 31/57/57 29/56/56 30/58/58
f 26/59/59 25/60/60 34/61/61
f 34/61/61 25/60/60 32/62/62
f 34/61/61 32/62/62 33/63/63
f 33/63/63 32/62/62 31/64/64
f 27/65/65 26/66/66 36/67/67
f 36/67/67 26/66/66 34/68/68
f 36/67/67 34/68/68 35/69/69
f 35/69/69 34/68/68 33/70/70
f 28/71/71 27/72/72 38/73/73
f 38/73/73 27/72/72 36/74/74
f 38/73/73 36/74/74 37/75/75
f 37/75/75 36/74/74 35/76/76
f 19/77/77 28/78/78 40/79/79
f 40/79/79 28/78/78 38/80/80
f 40/79/79 38/80/80 39/81/81
f 39/81/81 38/80/80 37/82/82
f 19/83/77 40/84/79 20/85/83
f 20/85/83 40/84/79 45/86/84
f 20/85/83 45/86/84 21/87/85
f 21/87/85 45/86/84 46/88/86
f 21/87/85 46/88/86 22/89/87
f 22/89/87 46/88/86 47/90/88
f 22/89/87 47/90/88 23/91/89
f 23/91/89 47/90/88 48/92/90
f 23/91/89 48/92/90 24/93/54
f 24/93/54 48/92/90 29/94/56
f 29/94/56 48/92/90 44/95/91
f 29/94/56 44/95/91 30/96/58
f 40/84/79 39/97/81 45/86/84
f 45/86/84 39/97/81 41/98/92
f 45/86/84 41/98/92 46/88/86
f 46/88/86 41/98/92 42/99/93
f 46/88/86 42/99/93 47/90/88
f 47/90/88 42/99/93 43/100/94
f 47/90/88 43/100/94 48/92/90
f 48/92/90 43/100/94 44/95/91
f 44/101/95 41/102/96 30/103/97
f 30/103/97 41/102/96 39/104/98
f 30/103/97 39/104/98 35/105/99
f 35/105/99 39/104/98 37/106/100
f 43/107/101 42/108/102 44/101/95
f 44/101/95 42/108/102 41/102/96
f 33/109/103 31/110/104 35/105/99
f 35/105/99 31/110/104 30/103/97
g Body3

v 11.300000 -7.600000 7.600000
v 11.300000 -7.515114 6.467279
v 11.300000 -7.262353 5.359861
v 11.300000 -6.847363 4.302484
v 11.300000 -6.279415 3.318768
v 11.300000 -5.571194 2.430687
v 11.300000 -4.738522 1.658081
v 11.300000 -3.800000 1.018207
v 11.300000 -2.776592 0.525360
v 11.300000 -1.691159 0.190548
v 11.300000 -0.567949 0.021251
v 11.300000 0.567949 0.021251
v 11.300000 1.691159 0.190548
v 11.300000 2.776592 0.525360
v 11.300000 3.800000 1.018207
v 11.300000 4.738522 1.658081
v 11.300000 5.571194 2.430687
v 11.300000 6.279415 3.318768
v 11.300000 6.847363 4.302484
v 11.300000 7.262353 5.359861
v 11.300000 7.515114 6.467279
v 11.300000 7.600000 7.600000
v 11.300000 7.515114 8.732721
v 11.300000 7.262353 9.840139
v 11.300000 6.847363 10.897516
v 11.300000 6.279415 11.881232
v 11.300000 5.571194 12.769313
v 11.300000 4.738522 13.541919
v 11.300000 3.800000 14.181793
v 11.300000 2.776592 14.674640
v 11.300000 1.691159 15.009452
v 11.300000 0.567949 15.178749
v 11.300000 -0.567949 15.178749
v 11.300000 -1.691159 15.009452
v 11.300000 -2.776592 14.674640
v 11.300000 -3.800000 14.181793
v 11.300000 -4.738522 13.541919
v 11.300000 -5.571194 12.769313
v 11.300000 -6.279415 11.881232
v 11.300000 -6.847363 10.897516
v 11.300000 -7.262353 9.840139
v 11.300000 -7.515114 8.732721
v 12.500000 -7.600000 7.600000
v 12.500000 -7.515114 8.732721
v 12.500000 -7.262353 9.840139
v 12.500000 -6.847363 10.897516
v 12.500000 -6.279415 11.881232
v 12.500000 -5.571194 12.769313
v 12.500000 -4.738522 13.541919
v 12.500000 -3.800000 14.181793
v 12.500000 -2.776592 14.674640
v 12.500000 -1.691159 15.009452
v 12.500000 -0.567949 15.178749
v 12.500000 0.567949 15.178749
v 12.500000 1.691159 15.009452
v 12.500000 2.776592 14.674640
v 12.500000 3.800000 14.181793
v 12.500000 4.738522 13.541919
v 12.500000 5.571194 12.769313
v 12.500000 6.279415 11.881232
v 12.500000 6.847363 10.897516
v 12.500000 7.262353 9.840139
v 12.500000 7.515114 8.732721
v 12.500000 7.600000 7.600000
v 12.500000 7.515114 6.467279
v 12.500000 7.262353 5.359861
v 12.500000 6.847363 4.302484
v 12.500000 6.279415 3.318768
v 12.500000 5.571194 2.430687
v 12.500000 4.738522 1.658081
v 12.500000 3.800000 1.018207
v 12.500000 2.776592 0.525360
v 12.500000 1.691159 0.190548
v 12.500000 0.567949 0.021251
v 12.500000 -0.567949 0.021251
v 12.500000 -1.691159 0.190548
v 12.500000 -2.776592 0.525360
v 12.500000 -3.800000 1.018207
v 12.500000 -4.738522 1.658081
v 12.500000 -5.571194 2.430687
v 12.500000 -6.279415 3.318768
v 12.500000 -6.847363 4.302484
v 12.500000 -7.262353 5.359861
v 12.500000 -7.515114 6.467279
v 12.500000 0.000000 7.600000
v 11.300000 0.000000 7.600000
vt -1.200000 22.739147 0.000000
vt 0.000000 22.739147 0.000000
vt -1.200000 23.876104 0.000000
vt 0.000000 23.876104 0.000000
vt -1.200000 -23.876104 0.000000
vt 0.000000 -23.876104 0.000000
vt -1.200000 -22.739147 0.000000
vt -0.000000 -22.739147 0.000000
vt -1.200000 -21.602189 0.000000
vt -0.000000 -21.602189 0.000000
vt -1.200000 -20.465232 0.000000
vt -0.000000 -20.465232 0.000000
vt -1.200000 -19.328275 0.000000
vt -0.000000 -19.328275 0.000000
vt -1.200000 -18.191317 0.000000
vt -0.000000 -18.191317 0.000000
vt -1.200000 -17.054360 0.000000
vt -0.000000 -17.054360 0.000000
vt -1.200000 -15.917403 0.000000
vt -0.000000 -15.917403 0.000000
vt -1.200000 -14.780445 0.000000
vt -0.000000 -14.780445 0.000000
vt -1.200000 -13.643488 0.000000
vt -0.000000 -13.643488 0.000000
vt -1.200000 -12.506531 0.000000
vt -0.000000 -12.506531 0.000000
vt -1.200000 -11.369573 0.000000
vt -0.000000 -11.369573 0.000000
vt -1.200000 -10.232616 0.000000
vt -0.000000 -10.232616 0.000000
vt -1.200000 -9.095659 0.000000
vt -0.000000 -9.095659 0.000000
vt -1.200000 -7.958701 0.000000
vt -0.000000 -7.958701 0.000000
vt -1.200000 -6.821744 0.000000
vt -0.000000 -6.821744 0.000000
vt -1.200000 -5.684787 0.000000
vt -0.000000 -5.684787 0.000000
vt -1.200000 -4.547829 0.000000
vt -0.000000 -4.547829 0.000000
vt -1.200000 -3.410872 0.000000
vt -0.000000 -3.410872 0.000000
vt -1.200000 -2.273915 0.000000
vt -0.000000 -2.273915 0.000000
vt -1.200000 -1.136957 0.000000
vt -0.000000 -1.136957 0.000000
vt -1.200000 0.000000 0.000000
vt -0.000000 0.000000 0.000000
vt -1.200000 1.136957 0.000000
vt -0.000000 1.136957 0.000000
vt -1.200000 2.273915 0.000000
vt -0.000000 2.273915 0.000000
vt -1.200000 3.410872 0.000000
vt -0.000000 3.410872 0.000000
vt -1.200000 4.547829 0.000000
vt -0.000000 4.547829 0.000000
vt -1.200000 5.684787 0.000000
vt -0.000000 5.684787 0.000000
vt -1.200000 6.821744 0.000000
vt -0.000000 6.821744 0.000000
vt -1.200000 7.958701 0.000000
vt -0.000000 7.958701 0.000000
vt -1.200000 9.095659 0.000000
vt -0.000000 9.095659 0.000000
vt -1.200000 10.232616 0.000000
vt -0.000000 10.232616 0.000000
vt -1.200000 11.369573 0.000000
vt -0.000000 11.369573 0.000000
vt -1.200000 12.506531 0.000000
vt 0.000000 12.506531 0.000000
vt -1.200000 13.643488 0.000000
vt 0.000000 13.643488 0.000000
vt -1.200000 14.780445 0.000000
vt 0.000000 14.780445 0.000000
vt -1.200000 15.917403 0.000000
vt 0.000000 15.917403 0.000000
vt -1.200000 17.054360 0.000000
vt -0.000000 17.054360 0.000000
vt -1.200000 18.191317 0.000000
vt 0.000000 18.191317 0.000000
vt -1.200000 19.328275 0.000000
vt 0.000000 19.328275 0.000000
vt -1.200000 20.465232 0.000000
vt 0.000000 20.465232 0.000000
vt -1.200000 21.602189 0.000000
vt 0.000000 21.602189 0.000000
vt -7.515114 1.132721 0.000000
vt -7.600000 -0.000000 0.000000
vt 0.000000 -0.000000 0.000000
vt -7.515114 -1.132721 0.000000
vt -7.262353 -2.240139 0.000000
vt -6.847363 -3.297516 0.000000
vt -6.279415 -4.281232 0.000000
vt -5.571194 -5.169313 0.000000
vt -4.738522 -5.941919 0.000000
vt -3.800000 -6.581793 0.000000
vt -2.776592 -7.074640 0.000000
vt -1.691159 -7.409452 0.000000
vt -0.567949 -7.578749 0.000000
vt 0.567949 -7.578749 0.000000
vt 1.691159 -7.409452 0.000000
vt 2.776592 -7.074640 0.000000
vt 3.800000 -6.581793 0.000000
vt 4.738522 -5.941919 0.000000
vt 5.571194 -5.169313 0.000000
vt 6.279415 -4.281232 0.000000
vt 6.847363 -3.297516 0.000000
vt 7.262353 -2.240139 0.000000
vt 7.515114 -1.132721 0.000000
vt 7.600000 0.000000 0.000000
vt 7.515114 1.132721 0.000000
vt 7.262353 2.240139 0.000000
vt 6.847363 3.297516 0.000000
vt 6.279415 4.281232 0.000000
vt 5.571194 5.169313 0.000000
vt 4.738522 5.941919 0.000000
vt 3.800000 6.581793 0.000000
vt 2.776592 7.074640 0.000000
vt 1.691159 7.409452 0.000000
vt 0.567949 7.578749 0.000000
vt -0.567949 7.578749 0.000000
vt -1.691159 7.409452 0.000000
vt -2.776592 7.074640 0.000000
vt -3.800000 6.581793 0.000000
vt -4.738522 5.941919 0.000000
vt -5.571194 5.169313 0.000000
vt -6.279415 4.281232 0.000000
vt -6.847363 3.297516 0.000000
vt -7.262353 2.240139 0.000000
vt 7.515114 -1.132721 0.000000
vt 7.600000 -0.000000 0.000000
vt 0.000000 -0.000000 0.000000
vt 7.515114 1.132721 0.000000
vt 7.262353 2.240139 0.000000
vt 6.847363 3.297516 0.000000
vt 6.279415 4.281232 0.000000
vt 5.571194 5.169313 0.000000
vt 4.738522 5.941919 0.000000
vt 3.800000 6.581793 0.000000
vt 2.776592 7.074640 0.000000
vt 1.691159 7.409452 0.000000
vt 0.567949 7.578749 0.000000
vt -0.567949 7.578749 0.000000
vt -1.691159 7.409452 0.000000
vt -2.776592 7.074640 0.000000
vt -3.800000 6.581793 0.000000
vt -4.738522 5.941919 0.000000
vt -5.571194 5.169313 0.000000
vt -6.279415 4.281232 0.000000
vt -6.847363 3.297516 0.000000
vt -7.262353 2.240139 0.000000
vt -7.515114 1.132721 0.000000
vt -7.600000 0.000000 0.000000
vt -7.515114 -1.132721 0.000000
vt -7.262353 -2.240139 0.000000
vt -6.847363 -3.297516 0.000000
vt -6.279415 -4.281232 0.000000
vt -5.571194 -5.169313 0.000000
vt -4.738522 -5.941919 0.000000
vt -3.800000 -6.581793 0.000000
vt -2.776592 -7.074640 0.000000
vt -1.691159 -7.409452 0.000000
vt -0.567949 -7.578749 0.000000
vt 0.567949 -7.578749 0.000000
vt 1.691159 -7.409452 0.000000
vt 2.776592 -7.074640 0.000000
vt 3.800000 -6.581793 0.000000
vt 4.738522 -5.941919 0.000000
vt 5.571194 -5.169313 0.000000
vt 6.279415 -4.281232 0.000000
vt 6.847363 -3.297516 0.000000
vt 7.262353 -2.240139 0.000000
vn -0.000000 -0.988831 -0.149042
vn -0.000000 -0.988831 -0.149042
vn -0.000000 -1.000000 -0.000000
vn -0.000000 -1.000000 -0.000000
vn -0.000000 -0.988831 0.149042
vn -0.000000 -0.988831 0.149042
vn -0.000000 -0.955573 0.294755
vn -0.000000 -0.955573 0.294755
vn -0.000000 -0.900969 0.433884
vn -0.000000 -0.900969 0.433884
vn -0.000000 -0.826239 0.563320
vn -0.000000 -0.826239 0.563320
vn -0.000000 -0.733052 0.680173
vn -0.000000 -0.733052 0.680173
vn -0.000000 -0.623490 0.781831
vn -0.000000 -0.623490 0.781831
vn -0.000000 -0.500000 0.866025
vn -0.000000 -0.500000 0.866025
vn -0.000000 -0.365341 0.930874
vn -0.000000 -0.365341 0.930874
vn -0.000000 -0.222521 0.974928
vn -0.000000 -0.222521 0.974928
vn -0.000000 -0.074730 0.997204
vn -0.000000 -0.074730 0.997204
vn 0.000000 0.074730 0.997204
vn 0.000000 0.074730 0.997204
vn 0.000000 0.222521 0.974928
vn 0.000000 0.222521 0.974928
vn 0.000000 0.365341 0.930874
vn 0.000000 0.365341 0.930874
vn 0.000000 0.500000 0.866025
vn 0.000000 0.500000 0.866025
vn 0.000000 0.623490 0.781831
vn 0.000000 0.623490 0.781831
vn 0.000000 0.733052 0.680173
vn 0.000000 0.733052 0.680173
vn 0.000000 0.826239 0.563320
vn 0.000000 0.826239 0.563320
vn 0.000000 0.900969 0.433884
vn 0.000000 0.900969 0.433884
vn 0.000000 0.955573 0.294755
vn 0.000000 0.955573 0.294755
vn 0.000000 0.988831 0.149042
vn 0.000000 0.988831 0.149042
vn 0.000000 1.000000 0.000000
vn 0.000000 1.000000 0.000000
vn -0.000000 0.988831 -0.149042
vn -0.000000 0.988831 -0.149042
vn -0.000000 0.955573 -0.294755
vn -0.000000 0.955573 -0.294755
vn -0.000000 0.900969 -0.433884
vn -0.000000 0.900969 -0.433884
vn -0.000000 0.826239 -0.563320
vn -0.000000 0.826239 -0.563320
vn -0.000000 0.733052 -0.680173
vn -0.000000 0.733052 -0.680173
vn -0.000000 0.623490 -0.781831
vn -0.000000 0.623490 -0.781831
vn -0.000000 0.500000 -0.866025
vn -0.000000 0.500000 -0.866025
vn -0.000000 0.365341 -0.930874
vn -0.000000 0.365341 -0.930874
vn -0.000000 0.222521 -0.974928
vn -0.000000 0.222521 -0.974928
vn -0.000000 0.074730 -0.997204
vn -0.000000 0.074730 -0.997204
vn -0.000000 -0.074730 -0.997204
vn -0.000000 -0.074730 -0.997204
vn -0.000000 -0.222521 -0.974928
vn -0.000000 -0.222521 -0.974928
vn -0.000000 -0.365341 -0.930874
vn -0.000000 -0.365341 -0.930874
vn -0.000000 -0.500000 -0.866025
vn -0.000000 -0.500000 -0.866025
vn -0.000000 -0.623490 -0.781831
vn -0.000000 -0.623490 -0.781831
vn -0.000000 -0.733052 -0.680173
vn -0.000000 -0.733052 -0.680173
vn -0.000000 -0.826239 -0.563320
vn -0.000000 -0.826239 -0.563320
vn -0.000000 -0.900969 -0.433884
vn -0.000000 -0.900969 -0.433884
vn -0.000000 -0.955573 -0.294755
vn -0.000000 -0.955573 -0.294755
vn 1.000000 0.000000 0.000000
vn 1.000000 0.000000 0.000000
vn 1.000000 0.000000 0.000000
vn 1.000000 0.000000 0.000000
vn 1.000000 0.000000 0.000000
vn 1.000000 0.000000 0.000000
vn 1.000000 0.000000 0.000000
vn 1.000000 0.000000 0.000000
vn 1.000000 0.000000 0.000000
vn 1.000000 0.000000 0.000000
vn 1.000000 0.000000 0.000000
vn 1.000000 0.000000 0.000000
vn 1.000000 0.000000 0.000000
vn 1.000000 0.000000 0.000000
vn 1.000000 0.000000 0.000000
vn 1.000000 0.000000 0.000000
vn 1.000000 0.000000 0.000000
vn 1.000000 0.000000 0.000000
vn 1.000000 0.000000 0.000000
vn 1.000000 0.000000 0.000000
vn 1.000000 0.000000 0.000000
vn 1.000000 0.000000 0.000000
vn 1.000000 0.000000 0.000000
vn 1.000000 0.000000 0.000000
vn 1.000000 0.000000 0.000000
vn 1.000000 0.000000 0.000000
vn 1.000000 0.000000 0.000000
vn 1.000000 0.000000 0.000000
vn 1.000000 0.000000 0.000000
vn 1.000000 0.000000 0.000000
vn 1.000000 0.000000 0.000000
vn 1.000000 0.000000 0.000000
vn 1.000000 0.000000 0.000000
vn 1.000000 0.000000 0.000000
vn 1.000000 0.000000 0.000000
vn 1.000000 0.000000 0.000000
vn 1.000000 0.000000 0.000000
vn 1.000000 0.000000 0.000000
vn 1.000000 0.000000 0.000000
vn 1.000000 0.000000 0.000000
vn 1.000000 0.000000 0.000000
vn 1.000000 0.000000 0.000000
vn 1.000000 0.000000 0.000000
vn -1.000000 -0.000000 -0.000000
vn -1.000000 -0.000000 -0.000000
vn -1.000000 -0.000000 -0.000000
vn -1.000000 -0.000000 -0.000000
vn -1.000000 -0.000000 -0.000000
vn -1.000000 -0.000000 -0.000000
vn -1.000000 -0.000000 -0.000000
vn -1.000000 -0.000000 -0.000000
vn -1.000000 -0.000000 -0.000000
vn -1.000000 -0.000000 -0.000000
vn -1.000000 -0.000000 -0.000000
vn -1.000000 -0.000000 -0.000000
vn -1.000000 -0.000000 -0.000000
vn -1.000000 -0.000000 -0.000000
vn -1.000000 -0.000000 -0.000000
vn -1.000000 -0.000000 -0.000000
vn -1.000000 -0.000000 -0.000000
vn -1.000000 -0.000000 -0.000000
vn -1.000000 -0.000000 -0.000000
vn -1.000000 -0.000000 -0.000000
vn -1.000000 -0.000000 -0.000000
vn -1.000000 -0.000000 -0.000000
vn -1.000000 -0.000000 -0.000000
vn -1.000000 -0.000000 -0.000000
vn -1.000000 -0.000000 -0.000000
vn -1.000000 -0.000000 -0.000000
vn -1.000000 -0.000000 -0.000000
vn -1.000000 -0.000000 -0.000000
vn -1.000000 -0.000000 -0.000000
vn -1.000000 -0.000000 -0.000000
vn -1.000000 -0.000000 -0.000000
vn -1.000000 -0.000000 -0.000000
vn -1.000000 -0.000000 -0.000000
vn -1.000000 -0.000000 -0.000000
vn -1.000000 -0.000000 -0.000000
vn -1.000000 -0.000000 -0.000000
vn -1.000000 -0.000000 -0.000000
vn -1.000000 -0.000000 -0.000000
vn -1.000000 -0.000000 -0.000000
vn -1.000000 -0.000000 -0.000000
vn -1.000000 -0.000000 -0.000000
vn -1.000000 -0.000000 -0.000000
vn -1.000000 -0.000000 -0.000000
usemtl Plastic_-_Matte_(Red)
f 50/111/105 132/112/106 49/113/107
f 49/113/107 132/112/106 91/114/108
f 49/115/107 91/116/108 90/117/109
f 90/117/109 91/116/108 92/118/110
f 90/117/109 92/118/110 89/119/111
f 89/119/111 92/118/110 93/120/112
f 89/119/111 93/120/112 88/121/113
f 88/121/113 93/120/112 94/122/114
f 88/121/113 94/122/114 87/123/115
f 87/123/115 94/122/114 95/124/116
f 87/123/115 95/124/116 86/125/117
f 86/125/117 95/124/116 96/126/118
f 86/125/117 96/126/118 85/127/119
f 85/127/119 96/126/118 97/128/120
f 85/127/119 97/128/120 84/129/121
f 84/129/121 97/128/120 98/130/122
f 84/129/121 98/130/122 83/131/123
f 83/131/123 98/130/122 99/132/124
f 83/131/123 99/132/124 82/133/125
f 82/133/125 99/132/124 100/134/126
f 82/133/125 100/134/126 81/135/127
f 81/135/127 100/134/126 101/136/128
f 81/135/127 101/136/128 80/137/129
f 80/137/129 101/136/128 102/138/130
f 80/137/129 102/138/130 79/139/131
f 79/139/131 102/138/130 103/140/132
f 79/139/131 103/140/132 78/141/133
f 78/141/133 103/140/132 104/142/134
f 78/141/133 104/142/134 77/143/135
f 77/143/135 104/142/134 105/144/136
f 77/143/135 105/144/136 76/145/137
f 76/145/137 105/144/136 106/146/138
f 76/145/137 106/146/138 75/147/139
f 75/147/139 106/146/138 107/148/140
f 75/147/139 107/148/140 74/149/141
f 74/149/141 107/148/140 108/150/142
f 74/149/141 108/150/142 73/151/143
f 73/151/143 108/150/142 109/152/144
f 73/151/143 109/152/144 72/153/145
f 72/153/145 109/152/144 110/154/146
f 72/153/145 110/154/146 71/155/147
f 71/155/147 110/154/146 111/156/148
f 71/155/147 111/156/148 70/157/149
f 70/157/149 111/156/148 112/158/150
f 70/157/149 112/158/150 69/159/151
f 69/159/151 112/158/150 113/160/152
f 69/159/151 113/160/152 68/161/153
f 68/161/153 113/160/152 114/162/154
f 68/161/153 114/162/154 67/163/155
f 67/163/155 114/162/154 115/164/156
f 67/163/155 115/164/156 66/165/157
f 66/165/157 115/164/156 116/166/158
f 66/165/157 116/166/158 65/167/159
f 65/167/159 116/166/158 117/168/160
f 65/167/159 117/168/160 64/169/161
f 64/169/161 117/168/160 118/170/162
f 64/169/161 118/170/162 63/171/163
f 63/171/163 118/170/162 119/172/164
f 63/171/163 119/172/164 62/173/165
f 62/173/165 119/172/164 120/174/166
f 62/173/165 120/174/166 61/175/167
f 61/175/167 120/174/166 121/176/168
f 61/175/167 121/176/168 60/177/169
f 60/177/169 121/176/168 122/178/170
f 60/177/169 122/178/170 59/179/171
f 59/179/171 122/178/170 123/180/172
f 59/179/171 123/180/172 58/181/173
f 58/181/173 123/180/172 124/182/174
f 58/181/173 124/182/174 57/183/175
f 57/183/175 124/182/174 125/184/176
f 57/183/175 125/184/176 56/185/177
f 56/185/177 125/184/176 126/186/178
f 56/185/177 126/186/178 55/187/179
f 55/187/179 126/186/178 127/188/180
f 55/187/179 127/188/180 54/189/181
f 54/189/181 127/188/180 128/190/182
f 54/189/181 128/190/182 53/191/183
f 53/191/183 128/190/182 129/192/184
f 53/191/183 129/192/184 52/193/185
f 52/193/185 129/192/184 130/194/186
f 52/193/185 130/194/186 51/195/187
f 51/195/187 130/194/186 131/196/188
f 51/195/187 131/196/188 50/111/105
f 50/111/105 131/196/188 132/112/106
f 92/197/189 91/198/190 133/199/191
f 133/199/191 91/198/190 132/200/192
f 133/199/191 132/200/192 131/201/193
f 131/201/193 130/202/194 133/199/191
f 133/199/191 130/202/194 129/203/195
f 133/199/191 129/203/195 128/204/196
f 128/204/196 127/205/197 133/199/191
f 133/199/191 127/205/197 126/206/198
f 133/199/191 126/206/198 125/207/199
f 125/207/199 124/208/200 133/199/191
f 133/199/191 124/208/200 123/209/201
f 133/199/191 123/209/201 122/210/202
f 122/210/202 121/211/203 133/199/191
f 133/199/191 121/211/203 120/212/204
f 133/199/191 120/212/204 119/213/205
f 119/213/205 118/214/206 133/199/191
f 133/199/191 118/214/206 117/215/207
f 133/199/191 117/215/207 116/216/208
f 116/216/208 115/217/209 133/199/191
f 133/199/191 115/217/209 114/218/210
f 133/199/191 114/218/210 113/219/211
f 113/219/211 112/220/212 133/199/191
f 133/199/191 112/220/212 111/221/213
f 133/199/191 111/221/213 110/222/214
f 110/222/214 109/223/215 133/199/191
f 133/199/191 109/223/215 108/224/216
f 133/199/191 108/224/216 107/225/217
f 107/225/217 106/226/218 133/199/191
f 133/199/191 106/226/218 105/227/219
f 133/199/191 105/227/219 104/228/220
f 104/228/220 103/229/221 133/199/191
f 133/199/191 103/229/221 102/230/222
f 133/199/191 102/230/222 101/231/223
f 101/231/223 100/232/224 133/199/191
f 133/199/191 100/232/224 99/233/225
f 133/199/191 99/233/225 98/234/226
f 98/234/226 97/235/227 133/199/191
f 133/199/191 97/235/227 96/236/228
f 133/199/191 96/236/228 95/237/229
f 95/237/229 94/238/230 133/199/191
f 133/199/191 94/238/230 93/239/231
f 133/199/191 93/239/231 92/197/189
f 50/240/232 49/241/233 134/242/234
f 134/242/234 49/241/233 90/243/235
f 134/242/234 90/243/235 89/244/236
f 89/244/236 88/245/237 134/242/234
f 134/242/234 88/245/237 87/246/238
f 134/242/234 87/246/238 86/247/239
f 86/247/239 85/248/240 134/242/234
f 134/242/234 85/248/240 84/249/241
f 134/242/234 84/249/241 83/250/242
f 83/250/242 82/251/243 134/242/234
f 134/242/234 82/251/243 81/252/244
f 134/242/234 81/252/244 80/253/245
f 80/253/245 79/254/246 134/242/234
f 134/242/234 79/254/246 78/255/247
f 134/242/234 78/255/247 77/256/248
f 77/256/248 76/257/249 134/242/234
f 134/242/234 76/257/249 75/258/250
f 134/242/234 75/258/250 74/259/251
f 74/259/251 73/260/252 134/242/234
f 134/242/234 73/260/252 72/261/253
f 134/242/234 72/261/253 71/262/254
f 71/262/254 70/263/255 134/242/234
f 134/242/234 70/263/255 69/264/256
f 134/242/234 69/264/256 68/265/257
f 68/265/257 67/266/258 134/242/234
f 134/242/234 67/266/258 66/267/259
f 134/242/234 66/267/259 65/268/260
f 65/268/260 64/269/261 134/242/234
f 134/242/234 64/269/261 63/270/262
f 134/242/234 63/270/262 62/271/263
f 62/271/263 61/272/264 134/242/234
f 134/242/234 61/272/264 60/273/265
f 134/242/234 60/273/265 59/274/266
f 59/274/266 58/275/267 134/242/234
f 134/242/234 58/275/267 57/276/268
f 134/242/234 57/276/268 56/277/269
f 56/277/269 55/278/270 134/242/234
f 134/242/234 55/278/270 54/279/271
f 134/242/234 54/279/271 53/280/272
f 53/280/272 52/281/273 134/242/234
f 134/242/234 52/281/273 51/282/274
f 134/242/234 51/282/274 50/240/232
g Body4

v -11.300000 -7.600000 7.600000
v -11.300000 -7.515114 8.732721
v -11.300000 -7.262353 9.840139
v -11.300000 -6.847363 10.897516
v -11.300000 -6.279415 11.881232
v -11.300000 -5.571194 12.769313
v -11.300000 -4.738522 13.541919
v -11.300000 -3.800000 14.181793
v -11.300000 -2.776592 14.674640
v -11.300000 -1.691159 15.009452
v -11.300000 -0.567949 15.178749
v -11.300000 0.567949 15.178749
v -11.300000 1.691159 15.009452
v -11.300000 2.776592 14.674640
v -11.300000 3.800000 14.181793
v -11.300000 4.738522 13.541919
v -11.300000 5.571194 12.769313
v -11.300000 6.279415 11.881232
v -11.300000 6.847363 10.897516
v -11.300000 7.262353 9.840139
v -11.300000 7.515114 8.732721
v -11.300000 7.600000 7.600000
v -11.300000 7.515114 6.467279
v -11.300000 7.262353 5.359861
v -11.300000 6.847363 4.302484
v -11.300000 6.279415 3.318768
v -11.300000 5.571194 2.430687
v -11.300000 4.738522 1.658081
v -11.300000 3.800000 1.018207
v -11.300000 2.776592 0.525360
v -11.300000 1.691159 0.190548
v -11.300000 0.567949 0.021251
v -11.300000 -0.567949 0.021251
v -11.300000 -1.691159 0.190548
v -11.300000 -2.776592 0.525360
v -11.300000 -3.800000 1.018207
v -11.300000 -4.738522 1.658081
v -11.300000 -5.571194 2.430687
v -11.300000 -6.279415 3.318768
v -11.300000 -6.847363 4.302484
v -11.300000 -7.262353 5.359861
v -11.300000 -7.515114 6.467279
v -12.500000 -7.600000 7.600000
v -12.500000 -7.515114 6.467279
v -12.500000 -7.262353 5.359861
v -12.500000 -6.847363 4.302484
v -12.500000 -6.279415 3.318768
v -12.500000 -5.571194 2.430687
v -12.500000 -4.738522 1.658081
v -12.500000 -3.800000 1.018207
v -12.500000 -2.776592 0.525360
v -12.500000 -1.691159 0.190548
v -12.500000 -0.567949 0.021251
v -12.500000 0.567949 0.021251
v -12.500000 1.691159 0.190548
v -12.500000 2.776592 0.525360
v -12.500000 3.800000 1.018207
v -12.500000 4.738522 1.658081
v -12.500000 5.571194 2.430687
v -12.500000 6.279415 3.318768
v -12.500000 6.847363 4.302484
v -12.500000 7.262353 5.359861
v -12.500000 7.515114 6.467279
v -12.500000 7.600000 7.600000
v -12.500000 7.515114 8.732721
v -12.500000 7.262353 9.840139
v -12.500000 6.847363 10.897516
v -12.500000 6.279415 11.881232
v -12.500000 5.571194 12.769313
v -12.500000 4.738522 13.541919
v -12.500000 3.800000 14.181793
v -12.500000 2.776592 14.674640
v -12.500000 1.691159 15.009452
v -12.500000 0.567949 15.178749
v -12.500000 -0.567949 15.178749
v -12.500000 -1.691159 15.009452
v -12.500000 -2.776592 14.674640
v -12.500000 -3.800000 14.181793
v -12.500000 -4.738522 13.541919
v -12.500000 -5.571194 12.769313
v -12.500000 -6.279415 11.881232
v -12.500000 -6.847363 10.897516
v -12.500000 -7.262353 9.840139
v -12.500000 -7.515114 8.732721
v -12.500000 0.000000 7.600000
v -11.300000 0.000000 7.600000
vt 1.200000 -22.739147 0.000000
vt -0.000000 -22.739147 0.000000
vt 1.200000 -23.876104 0.000000
vt -0.000000 -23.876104 0.000000
vt 1.200000 23.876104 0.000000
vt -0.000000 23.876104 0.000000
vt 1.200000 22.739147 0.000000
vt -0.000000 22.739147 0.000000
vt 1.200000 21.602189 0.000000
vt -0.000000 21.602189 0.000000
vt 1.200000 20.465232 0.000000
vt -0.000000 20.465232 0.000000
vt 1.200000 19.328275 0.000000
vt -0.000000 19.328275 0.000000
vt 1.200000 18.191317 0.000000
vt -0.000000 18.191317 0.000000
vt 1.200000 17.054360 0.000000
vt -0.000000 17.054360 0.000000
vt 1.200000 15.917403 0.000000
vt -0.000000 15.917403 0.000000
vt 1.200000 14.780445 0.000000
vt -0.000000 14.780445 0.000000
vt 1.200000 13.643488 0.000000
vt -0.000000 13.643488 0.000000
vt 1.200000 12.506531 0.000000
vt -0.000000 12.506531 0.000000
vt 1.200000 11.369573 0.000000
vt -0.000000 11.369573 0.000000
vt 1.200000 10.232616 0.000000
vt -0.000000 10.232616 0.000000
vt 1.200000 9.095659 0.000000
vt -0.000000 9.095659 0.000000
vt 1.200000 7.958701 0.000000
vt -0.000000 7.958701 0.000000
vt 1.200000 6.821744 0.000000
vt -0.000000 6.821744 0.000000
vt 1.200000 5.684787 0.000000
vt -0.000000 5.684787 0.000000
vt 1.200000 4.547829 0.000000
vt -0.000000 4.547829 0.000000
vt 1.200000 3.410872 0.000000
vt -0.000000 3.410872 0.000000
vt 1.200000 2.273915 0.000000
vt -0.000000 2.273915 0.000000
vt 1.200000 1.136957 0.000000
vt -0.000000 1.136957 0.000000
vt 1.200000 0.000000 0.000000
vt -0.000000 0.000000 0.000000
vt 1.200000 -1.136957 0.000000
vt -0.000000 -1.136957 0.000000
vt 1.200000 -2.273915 0.000000
vt -0.000000 -2.273915 0.000000
vt 1.200000 -3.410872 0.000000
vt -0.000000 -3.410872 0.000000
vt 1.200000 -4.547829 0.000000
vt 0.000000 -4.547829 0.000000
vt 1.200000 -5.684787 0.000000
vt -0.000000 -5.684787 0.000000
vt 1.200000 -6.821744 0.000000
vt -0.000000 -6.821744 0.000000
vt 1.200000 -7.958701 0.000000
vt -0.000000 -7.958701 0.000000
vt 1.200000 -9.095659 0.000000
vt -0.000000 -9.095659 0.000000
vt 1.200000 -10.232616 0.000000
vt -0.000000 -10.232616 0.000000
vt 1.200000 -11.369573 0.000000
vt -0.000000 -11.369573 0.000000
vt 1.200000 -12.506531 0.000000
vt -0.000000 -12.506531 0.000000
vt 1.200000 -13.643488 0.000000
vt -0.000000 -13.643488 0.000000
vt 1.200000 -14.780445 0.000000
vt -0.000000 -14.780445 0.000000
vt 1.200000 -15.917403 0.000000
vt -0.000000 -15.917403 0.000000
vt 1.200000 -17.054360 0.000000
vt -0.000000 -17.054360 0.000000
vt 1.200000 -18.191317 0.000000
vt -0.000000 -18.191317 0.000000
vt 1.200000 -19.328275 0.000000
vt -0.000000 -19.328275 0.000000
vt 1.200000 -20.465232 0.000000
vt -0.000000 -20.465232 0.000000
vt 1.200000 -21.602189 0.000000
vt -0.000000 -21.602189 0.000000
vt 7.515114 -1.132721 0.000000
vt 7.600000 -0.000000 0.000000
vt 0.000000 -0.000000 0.000000
vt 7.515114 1.132721 0.000000
vt 7.262353 2.240139 0.000000
vt 6.847363 3.297516 0.000000
vt 6.279415 4.281232 0.000000
vt 5.571194 5.169313 0.000000
vt 4.738522 5.941919 0.000000
vt 3.800000 6.581793 0.000000
vt 2.776592 7.074640 0.000000
vt 1.691159 7.409452 0.000000
vt 0.567949 7.578749 0.000000
vt -0.567949 7.578749 0.000000
vt -1.691159 7.409452 0.000000
vt -2.776592 7.074640 0.000000
vt -3.800000 6.581793 0.000000
vt -4.738522 5.941919 0.000000
vt -5.571194 5.169313 0.000000
vt -6.279415 4.281232 0.000000
vt -6.847363 3.297516 0.000000
vt -7.262353 2.240139 0.000000
vt -7.515114 1.132721 0.000000
vt -7.600000 0.000000 0.000000
vt -7.515114 -1.132721 0.000000
vt -7.262353 -2.240139 0.000000
vt -6.847363 -3.297516 0.000000
vt -6.279415 -4.281232 0.000000
vt -5.571194 -5.169313 0.000000
vt -4.738522 -5.941919 0.000000
vt -3.800000 -6.581793 0.000000
vt -2.776592 -7.074640 0.000000
vt -1.691159 -7.409452 0.000000
vt -0.567949 -7.578749 0.000000
vt 0.567949 -7.578749 0.000000
vt 1.691159 -7.409452 0.000000
vt 2.776592 -7.074640 0.000000
vt 3.800000 -6.581793 0.000000
vt 4.738522 -5.941919 0.000000
vt 5.571194 -5.169313 0.000000
vt 6.279415 -4.281232 0.000000
vt 6.847363 -3.297516 0.000000
vt 7.262353 -2.240139 0.000000
vt -7.515114 1.132721 0.000000
vt -7.600000 -0.000000 0.000000
vt 0.000000 -0.000000 0.000000
vt -7.515114 -1.132721 0.000000
vt -7.262353 -2.240139 0.000000
vt -6.847363 -3.297516 0.000000
vt -6.279415 -4.281232 0.000000
vt -5.571194 -5.169313 0.000000
vt -4.738522 -5.941919 0.000000
vt -3.800000 -6.581793 0.000000
vt -2.776592 -7.074640 0.000000
vt -1.691159 -7.409452 0.000000
vt -0.567949 -7.578749 0.000000
vt 0.567949 -7.578749 0.000000
vt 1.691159 -7.409452 0.000000
vt 2.776592 -7.074640 0.000000
vt 3.800000 -6.581793 0.000000
vt 4.738522 -5.941919 0.000000
vt 5.571194 -5.169313 0.000000
vt 6.279415 -4.281232 0.000000
vt 6.847363 -3.297516 0.000000
vt 7.262353 -2.240139 0.000000
vt 7.515114 -1.132721 0.000000
vt 7.600000 0.000000 0.000000
vt 7.515114 1.132721 0.000000
vt 7.262353 2.240139 0.000000
vt 6.847363 3.297516 0.000000
vt 6.279415 4.281232 0.000000
vt 5.571194 5.169313 0.000000
vt 4.738522 5.941919 0.000000
vt 3.800000 6.581793 0.000000
vt 2.776592 7.074640 0.000000
vt 1.691159 7.409452 0.000000
vt 0.567949 7.578749 0.000000
vt -0.567949 7.578749 0.000000
vt -1.691159 7.409452 0.000000
vt -2.776592 7.074640 0.000000
vt -3.800000 6.581793 0.000000
vt -4.738522 5.941919 0.000000
vt -5.571194 5.169313 0.000000
vt -6.279415 4.281232 0.000000
vt -6.847363 3.297516 0.000000
vt -7.262353 2.240139 0.000000
vn 0.000000 -0.988831 0.149042
vn 0.000000 -0.988831 0.149042
vn 0.000000 -1.000000 0.000000
vn 0.000000 -1.000000 0.000000
vn 0.000000 -0.988831 -0.149042
vn 0.000000 -0.988831 -0.149042
vn 0.000000 -0.955573 -0.294755
vn 0.000000 -0.955573 -0.294755
vn 0.000000 -0.900969 -0.433884
vn 0.000000 -0.900969 -0.433884
vn 0.000000 -0.826239 -0.563320
vn 0.000000 -0.826239 -0.563320
vn 0.000000 -0.733052 -0.680173
vn 0.000000 -0.733052 -0.680173
vn 0.000000 -0.623490 -0.781831
vn 0.000000 -0.623490 -0.781831
vn 0.000000 -0.500000 -0.866025
vn 0.000000 -0.500000 -0.866025
vn 0.000000 -0.365341 -0.930874
vn 0.000000 -0.365341 -0.930874
vn 0.000000 -0.222521 -0.974928
vn 0.000000 -0.222521 -0.974928
vn 0.000000 -0.074730 -0.997204
vn 0.000000 -0.074730 -0.997204
vn 0.000000 0.074730 -0.997204
vn 0.000000 0.074730 -0.997204
vn 0.000000 0.222521 -0.974928
vn 0.000000 0.222521 -0.974928
vn 0.000000 0.365341 -0.930874
vn 0.000000 0.365341 -0.930874
vn 0.000000 0.500000 -0.866025
vn 0.000000 0.500000 -0.866025
vn 0.000000 0.623490 -0.781831
vn 0.000000 0.623490 -0.781831
vn 0.000000 0.733052 -0.680173
vn 0.000000 0.733052 -0.680173
vn 0.000000 0.826239 -0.563320
vn 0.000000 0.826239 -0.563320
vn 0.000000 0.900969 -0.433884
vn 0.000000 0.900969 -0.433884
vn 0.000000 0.955573 -0.294755
vn 0.000000 0.955573 -0.294755
vn 0.000000 0.988831 -0.149042
vn 0.000000 0.988831 -0.149042
vn -0.000000 1.000000 0.000000
vn -0.000000 1.000000 0.000000
vn -0.000000 0.988831 0.149042
vn -0.000000 0.988831 0.149042
vn -0.000000 0.955573 0.294755
vn -0.000000 0.955573 0.294755
vn -0.000000 0.900969 0.433884
vn -0.000000 0.900969 0.433884
vn -0.000000 0.826239 0.563320
vn -0.000000 0.826239 0.563320
vn -0.000000 0.733052 0.680173
vn -0.000000 0.733052 0.680173
vn -0.000000 0.623490 0.781831
vn -0.000000 0.623490 0.781831
vn -0.000000 0.500000 0.866025
vn -0.000000 0.500000 0.866025
vn -0.000000 0.365341 0.930874
vn -0.000000 0.365341 0.930874
vn -0.000000 0.222521 0.974928
vn -0.000000 0.222521 0.974928
vn -0.000000 0.074730 0.997204
vn -0.000000 0.074730 0.997204
vn 0.000000 -0.074730 0.997204
vn 0.000000 -0.074730 0.997204
vn 0.000000 -0.222521 0.974928
vn 0.000000 -0.222521 0.974928
vn 0.000000 -0.365341 0.930874
vn 0.000000 -0.365341 0.930874
vn 0.000000 -0.500000 0.866025
vn 0.000000 -0.500000 0.866025
vn 0.000000 -0.623490 0.781831
vn 0.000000 -0.623490 0.781831
vn 0.000000 -0.733052 0.680173
vn 0.000000 -0.733052 0.680173
vn 0.000000 -0.826239 0.563320
vn 0.000000 -0.826239 0.563320
vn 0.000000 -0.900969 0.433884
vn 0.000000 -0.900969 0.433884
vn 0.000000 -0.955573 0.294755
vn 0.000000 -0.955573 0.294755
vn -1.000000 0.000000 0.000000
vn -1.000000 0.000000 0.000000
vn -1.000000 0.000000 0.000000
vn -1.000000 0.000000 0.000000
vn -1.000000 0.000000 0.000000
vn -1.000000 0.000000 0.000000
vn -1.000000 0.000000 0.000000
vn -1.000000 0.000000 0.000000
vn -1.000000 0.000000 0.000000
vn -1.000000 0.000000 0.000000
vn -1.000000 0.000000 0.000000
vn -1.000000 0.000000 0.000000
vn -1.000000 0.000000 0.000000
vn -1.000000 0.000000 0.000000
vn -1.000000 0.000000 0.000000
vn -1.000000 0.000000 0.000000
vn -1.000000 0.000000 0.000000
vn -1.000000 0.000000 0.000000
vn -1.000000 0.000000 0.000000
vn -1.000000 0.000000 0.000000
vn -1.000000 0.000000 0.000000
vn -1.000000 0.000000 0.000000
vn -1.000000 0.000000 0.000000
vn -1.000000 0.000000 0.000000
vn -1.000000 0.000000 0.000000
vn -1.000000 0.000000 0.000000
vn -1.000000 0.000000 0.000000
vn -1.000000 0.000000 0.000000
vn -1.000000 0.000000 0.000000
vn -1.000000 0.000000 0.000000
vn -1.000000 0.000000 0.000000
vn -1.000000 0.000000 0.000000
vn -1.000000 0.000000 0.000000
vn -1.000000 0.000000 0.000000
vn -1.000000 0.000000 0.000000
vn -1.000000 0.000000 0.000000
vn -1.000000 0.000000 0.000000
vn -1.000000 0.000000 0.000000
vn -1.000000 0.000000 0.000000
vn -1.000000 0.000000 0.000000
vn -1.000000 0.000000 0.000000
vn -1.000000 0.000000 0.000000
vn -1.000000 0.000000 0.000000
vn 1.000000 -0.000000 -0.000000
vn 1.000000 -0.000000 -0.000000
vn 1.000000 -0.000000 -0.000000
vn 1.000000 -0.000000 -0.000000
vn 1.000000 -0.000000 -0.000000
vn 1.000000 -0.000000 -0.000000
vn 1.000000 -0.000000 -0.000000
vn 1.000000 -0.000000 -0.000000
vn 1.000000 -0.000000 -0.000000
vn 1.000000 -0.000000 -0.000000
vn 1.000000 -0.000000 -0.000000
vn 1.000000 -0.000000 -0.000000
vn 1.000000 -0.000000 -0.000000
vn 1.000000 -0.000000 -0.000000
vn 1.000000 -0.000000 -0.000000
vn 1.000000 -0.000000 -0.000000
vn 1.000000 -0.000000 -0.000000
vn 1.000000 -0.000000 -0.000000
vn 1.000000 -0.000000 -0.000000
vn 1.000000 -0.000000 -0.000000
vn 1.000000 -0.000000 -0.000000
vn 1.000000 -0.000000 -0.000000
vn 1.000000 -0.000000 -0.000000
vn 1.000000 -0.000000 -0.000000
vn 1.000000 -0.000000 -0.000000
vn 1.000000 -0.000000 -0.000000
vn 1.000000 -0.000000 -0.000000
vn 1.000000 -0.000000 -0.000000
vn 1.000000 -0.000000 -0.000000
vn 1.000000 -0.000000 -0.000000
vn 1.000000 -0.000000 -0.000000
vn 1.000000 -0.000000 -0.000000
vn 1.000000 -0.000000 -0.000000
vn 1.000000 -0.000000 -0.000000
vn 1.000000 -0.000000 -0.000000
vn 1.000000 -0.000000 -0.000000
vn 1.000000 -0.000000 -0.000000
vn 1.000000 -0.000000 -0.000000
vn 1.000000 -0.000000 -0.000000
vn 1.000000 -0.000000 -0.000000
vn 1.000000 -0.000000 -0.000000
vn 1.000000 -0.000000 -0.000000
vn 1.000000 -0.000000 -0.000000
usemtl Plastic_-_Matte_(Green)
f 136/283/275 218/284/276 135/285/277
f 135/285/277 218/284/276 177/286/278
f 135/287/277 177/288/278 176/289/279
f 176/289/279 177/288/278 178/290/280
f 176/289/279 178/290/280 175/291/281
f 175/291/281 178/290/280 179/292/282
f 175/291/281 179/292/282 174/293/283
f 174/293/283 179/292/282 180/294/284
f 174/293/283 180/294/284 173/295/285
f 173/295/285 180/294/284 181/296/286
f 173/295/285 181/296/286 172/297/287
f 172/297/287 181/296/286 182/298/288
f 172/297/287 182/298/288 171/299/289
f 171/299/289 182/298/288 183/300/290
f 171/299/289 183/300/290 170/301/291
f 170/301/291 183/300/290 184/302/292
f 170/301/291 184/302/292 169/303/293
f 169/303/293 184/302/292 185/304/294
f 169/303/293 185/304/294 168/305/295
f 168/305/295 185/304/294 186/306/296
f 168/305/295 186/306/296 167/307/297
f 167/307/297 186/306/296 187/308/298
f 167/307/297 187/308/298 166/309/299
f 166/309/299 187/308/298 188/310/300
f 166/309/299 188/310/300 165/311/301
f 165/311/301 188/310/300 189/312/302
f 165/311/301 189/312/302 164/313/303
f 164/313/303 189/312/302 190/314/304
f 164/313/303 190/314/304 163/315/305
f 163/315/305 190/314/304 191/316/306
f 163/315/305 191/316/306 162/317/307
f 162/317/307 191/316/306 192/318/308
f 162/317/307 192/318/308 161/319/309
f 161/319/309 192/318/308 193/320/310
f 161/319/309 193/320/310 160/321/311
f 160/321/311 193/320/310 194/322/312
f 160/321/311 194/322/312 159/323/313
f 159/323/313 194/322/312 195/324/314
f 159/323/313 195/324/314 158/325/315
f 158/325/315 195/324/314 196/326/316
f 158/325/315 196/326/316 157/327/317
f 157/327/317 196/326/316 197/328/318
f 157/327/317 197/328/318 156/329/319
f 156/329/319 197/328/318 198/330/320
f 156/329/319 198/330/320 155/331/321
f 155/331/321 198/330/320 199/332/322
f 155/331/321 199/332/322 154/333/323
f 154/333/323 199/332/322 200/334/324
f 154/333/323 200/334/324 153/335/325
f 153/335/325 200/334/324 201/336/326
f 153/335/325 201/336/326 152/337/327
f 152/337/327 201/336/326 202/338/328
f 152/337/327 202/338/328 151/339/329
f 151/339/329 202/338/328 203/340/330
f 151/339/329 203/340/330 150/341/331
f 150/341/331 203/340/330 204/342/332
f 150/341/331 204/342/332 149/343/333
f 149/343/333 204/342/332 205/344/334
f 149/343/333 205/344/334 148/345/335
f 148/345/335 205/344/334 206/346/336
f 148/345/335 206/346/336 147/347/337
f 147/347/337 206/346/336 207/348/338
f 147/347/337 207/348/338 146/349/339
f 146/349/339 207/348/338 208/350/340
f 146/349/339 208/350/340 145/351/341
f 145/351/341 208/350/340 209/352/342
f 145/351/341 209/352/342 144/353/343
f 144/353/343 209/352/342 210/354/344
f 144/353/343 210/354/344 143/355/345
f 143/355/345 210/354/344 211/356/346
f 143/355/345 211/356/346 142/357/347
f 142/357/347 211/356/346 212/358/348
f 142/357/347 212/358/348 141/359/349
f 141/359/349 212/358/348 213/360/350
f 141/359/349 213/360/350 140/361/351
f 140/361/351 213/360/350 214/362/352
f 140/361/351 214/362/352 139/363/353
f 139/363/353 214/362/352 215/364/354
f 139/363/353 215/364/354 138/365/355
f 138/365/355 215/364/354 216/366/356
f 138/365/355 216/366/356 137/367/357
f 137/367/357 216/366/356 217/368/358
f 137/367/357 217/368/358 136/283/275
f 136/283/275 217/368/358 218/284/276
f 178/369/359 177/370/360 219/371/361
f 219/371/361 177/370/360 218/372/362
f 219/371/361 218/372/362 217/373/363
f 217/373/363 216/374/364 219/371/361
f 219/371/361 216/374/364 215/375/365
f 219/371/361 215/375/365 214/376/366
f 214/376/366 213/377/367 219/371/361
f 219/371/361 213/377/367 212/378/368
f 219/371/361 212/378/368 211/379/369
f 211/379/369 210/380/370 219/371/361
f 219/371/361 210/380/370 209/381/371
f 219/371/361 209/381/371 208/382/372
f 208/382/372 207/383/373 219/371/361
f 219/371/361 207/383/373 206/384/374
f 219/371/361 206/384/374 205/385/375
f 205/385/375 204/386/376 219/371/361
f 219/371/361 204/386/376 203/387/377
f 219/371/361 203/387/377 202/388/378
f 202/388/378 201/389/379 219/371/361
f 219/371/361 201/389/379 200/390/380
f 219/371/361 200/390/380 199/391/381
f 199/391/381 198/392/382 219/371/361
f 219/371/361 198/392/382 197/393/383
f 219/371/361 197/393/383 196/394/384
f 196/394/384 195/395/385 219/371/361
f 219/371/361 195/395/385 194/396/386
f 219/371/361 194/396/386 193/397/387
f 193/397/387 192/398/388 219/371/361
f 219/371/361 192/398/388 191/399/389
f 219/371/361 191/399/389 190/400/390
f 190/400/390 189/401/391 219/371/361
f 219/371/361 189/401/391 188/402/392
f 219/371/361 188/402/392 187/403/393
f 187/403/393 186/404/394 219/371/361
f 219/371/361 186/404/394 185/405/395
f 219/371/361 185/405/395 184/406/396
f 184/406/396 183/407/397 219/371/361
f 219/371/361 183/407/397 182/408/398
f 219/371/361 182/408/398 181/409/399
f 181/409/399 180/410/400 219/371/361
f 219/371/361 180/410/400 179/411/401
f 219/371/361 179/411/401 178/369/359
f 136/412/402 135/413/403 220/414/404
f 220/414/404 135/413/403 176/415/405
f 220/414/404 176/415/405 175/416/406
f 175/416/406 174/417/407 220/414/404
f 220/414/404 174/417/407 173/418/408
f 220/414/404 173/418/408 172/419/409
f 172/419/409 171/420/410 220/414/404
f 220/414/404 171/420/410 170/421/411
f 220/414/404 170/421/411 169/422/412
f 169/422/412 168/423/413 220/414/404
f 220/414/404 168/423/413 167/424/414
f 220/414/404 167/424/414 166/425/415
f 166/425/415 165/426/416 220/414/404
f 220/414/404 165/426/416 164/427/417
f 220/414/404 164/427/417 163/428/418
f 163/428/418 162/429/419 220/414/404
f 220/414/404 162/429/419 161/430/420
f 220/414/404 161/430/420 160/431/421
f 160/431/421 159/432/422 220/414/404
f 220/414/404 159/432/422 158/433/423
f 220/414/404 158/433/423 157/434/424
f 157/434/424 156/435/425 220/414/404
f 220/414/404 156/435/425 155/436/426
f 220/414/404 155/436/426 154/437/427
f 154/437/427 153/438/428 220/414/404
f 220/414/404 153/438/428 152/439/429
f 220/414/404 152/439/429 151/440/430
f 151/440/430 150/441/431 220/414/404
f 220/414/404 150/441/431 149/442/432
f 220/414/404 149/442/432 148/443/433
f 148/443/433 147/444/434 220/414/404
f 220/414/404 147/444/434 146/445/435
f 220/414/404 146/445/435 145/446/436
f 145/446/436 144/447/437 220/414/404
f 220/414/404 144/447/437 143/448/438
f 220/414/404 143/448/438 142/449/439
f 142/449/439 141/450/440 220/414/404
f 220/414/404 141/450/440 140/451/441
f 220/414/404 140/451/441 139/452/442
f 139/452/442 138/453/443 220/414/404
f 220/414/404 138/453/443 137/454/444
f 220/414/404 137/454/444 136/412/402
g Body5

v -8.500000 21.500000 7.000000
v -1.000000 21.500000 5.600000
v -1.000000 19.000000 5.600000
v -8.500000 19.000000 7.000000
v 8.500000 19.000000 7.000000
v 1.000000 19.000000 5.600000
v 1.000000 21.500000 5.600000
v 8.500000 21.500000 7.000000
v -11.000000 19.000000 7.000000
v -11.000000 21.500000 7.000000
v 11.000000 21.500000 7.000000
v 11.000000 19.000000 7.000000
v -11.000000 19.000000 9.000000
v -11.000000 21.500000 9.000000
v 11.000000 19.000000 9.000000
v 0.000000 19.000000 9.000000
v 11.000000 21.500000 9.000000
v 0.000000 21.500000 9.000000
vt 3.814774 1.875000 0.000000
vt -3.814774 1.875000 0.000000
vt 3.814774 -0.625000 0.000000
vt -3.814774 -0.625000 0.000000
vt -3.814774 -0.625000 0.000000
vt 3.814774 -0.625000 0.000000
vt -3.814774 1.875000 0.000000
vt 3.814774 1.875000 0.000000
vt 2.500000 1.000000 0.000000
vt 0.000000 1.000000 0.000000
vt 2.500000 -1.000000 0.000000
vt 0.000000 -1.000000 0.000000
vt 2.500000 -8.500000 0.000000
vt 0.000000 -8.500000 0.000000
vt 2.500000 -11.000000 0.000000
vt 0.000000 -11.000000 0.000000
vt 0.000000 8.500000 0.000000
vt 2.500000 8.500000 0.000000
vt 0.000000 11.000000 0.000000
vt 2.500000 11.000000 0.000000
vt -1.000000 -1.250000 0.000000
vt 1.000000 -1.250000 0.000000
vt -1.000000 1.250000 0.000000
vt 1.000000 1.250000 0.000000
vt 2.000000 11.000000 0.000000
vt -0.000000 11.000000 0.000000
vt 2.000000 8.500000 0.000000
vt -0.000000 0.000000 0.000000
vt 3.400000 1.000000 0.000000
vt 3.400000 -1.000000 0.000000
vt 2.000000 -8.500000 0.000000
vt 0.000000 -11.000000 0.000000
vt 2.000000 -11.000000 0.000000
vt 0.000000 -11.000000 0.000000
vt 2.500000 -11.000000 0.000000
vt 0.000000 0.000000 0.000000
vt 2.500000 0.000000 0.000000
vt 0.000000 11.000000 0.000000
vt 2.500000 11.000000 0.000000
vt 0.000000 -11.000000 0.000000
vt 2.000000 -11.000000 0.000000
vt 0.000000 -8.500000 0.000000
vt 2.000000 0.000000 0.000000
vt -1.400000 -1.000000 0.000000
vt -1.400000 1.000000 0.000000
vt 0.000000 8.500000 0.000000
vt 2.000000 11.000000 0.000000
vt 0.000000 11.000000 0.000000
vt 1.000000 1.250000 0.000000
vt -1.000000 1.250000 0.000000
vt 1.000000 -1.250000 0.000000
vt -1.000000 -1.250000 0.000000
vn -0.183497 -0.000000 -0.983020
vn -0.183497 -0.000000 -0.983020
vn -0.183497 -0.000000 -0.983020
vn -0.183497 -0.000000 -0.983020
vn 0.183497 -0.000000 -0.983020
vn 0.183497 -0.000000 -0.983020
vn 0.183497 -0.000000 -0.983020
vn 0.183497 -0.000000 -0.983020
vn 0.000000 -0.000000 -1.000000
vn 0.000000 -0.000000 -1.000000
vn 0.000000 -0.000000 -1.000000
vn 0.000000 -0.000000 -1.000000
vn 0.000000 -0.000000 -1.000000
vn 0.000000 -0.000000 -1.000000
vn 0.000000 -0.000000 -1.000000
vn 0.000000 -0.000000 -1.000000
vn 0.000000 -0.000000 -1.000000
vn 0.000000 -0.000000 -1.000000
vn 0.000000 -0.000000 -1.000000
vn 0.000000 -0.000000 -1.000000
vn -1.000000 0.000000 0.000000
vn -1.000000 0.000000 0.000000
vn -1.000000 0.000000 0.000000
vn -1.000000 0.000000 0.000000
vn 0.000000 -1.000000 0.000000
vn 0.000000 -1.000000 0.000000
vn 0.000000 -1.000000 0.000000
vn 0.000000 -1.000000 0.000000
vn 0.000000 -1.000000 0.000000
vn 0.000000 -1.000000 0.000000
vn 0.000000 -1.000000 0.000000
vn 0.000000 -1.000000 0.000000
vn 0.000000 -1.000000 0.000000
vn -0.000000 0.000000 1.000000
vn -0.000000 0.000000 1.000000
vn -0.000000 0.000000 1.000000
vn -0.000000 0.000000 1.000000
vn -0.000000 0.000000 1.000000
vn -0.000000 0.000000 1.000000
vn -0.000000 1.000000 0.000000
vn -0.000000 1.000000 0.000000
vn -0.000000 1.000000 0.000000
vn -0.000000 1.000000 0.000000
vn -0.000000 1.000000 0.000000
vn -0.000000 1.000000 0.000000
vn -0.000000 1.000000 0.000000
vn -0.000000 1.000000 0.000000
vn -0.000000 1.000000 0.000000
vn 1.000000 0.000000 0.000000
vn 1.000000 0.000000 0.000000
vn 1.000000 0.000000 0.000000
vn 1.000000 0.000000 0.000000
usemtl Plastic_-_Matte_(Gray)
f 221/455/445 222/456/446 224/457/447
f 224/457/447 222/456/446 223/458/448
f 225/459/449 226/460/450 228/461/451
f 228/461/451 226/460/450 227/462/452
f 227/463/453 226/464/454 222/465/455
f 222/465/455 226/464/454 223/466/456
f 221/467/457 224/468/458 230/469/459
f 230/469/459 224/468/458 229/470/460
f 225/471/461 228/472/462 232/473/463
f 232/473/463 228/472/462 231/474/464
f 229/475/465 233/476/466 230/477/467
f 230/477/467 233/476/466 234/478/468
f 232/479/469 235/480/470 225/481/471
f 225/481/471 235/480/470 236/482/472
f 225/481/471 236/482/472 226/483/473
f 226/483/473 236/482/472 223/484/474
f 223/484/474 236/482/472 224/485/475
f 224/485/475 236/482/472 233/486/476
f 224/485/475 233/486/476 229/487/477
f 234/488/478 233/489/479 238/490/480
f 238/490/480 233/489/479 236/491/481
f 238/490/480 236/491/481 237/492/482
f 237/492/482 236/491/481 235/493/483
f 230/494/484 234/495/485 221/496/486
f 221/496/486 234/495/485 238/497/487
f 221/496/486 238/497/487 222/498/488
f 222/498/488 238/497/487 227/499/489
f 227/499/489 238/497/487 228/500/490
f 228/500/490 238/497/487 237/501/491
f 228/500/490 237/501/491 231/502/492
f 231/503/493 237/504/494 232/505/495
f 232/505/495 237/504/494 235/506/496
g Body6

v 10.500000 19.535230 5.570460
v 10.500000 19.535230 7.000000
v 9.000000 19.535230 7.000000
v 9.000000 19.535230 5.570460
v 10.500000 22.147208 2.053741
v 9.000000 22.147208 2.053741
v 10.500000 23.752792 3.246259
v 10.500000 23.865345 3.052672
v 10.500000 23.931998 2.838892
v 10.500000 23.949410 2.615641
v 10.500000 23.916707 2.394113
v 10.500000 23.835529 2.185416
v 10.500000 23.709948 2.000016
v 10.500000 23.546259 1.847208
v 10.500000 23.352672 1.734655
v 10.500000 23.138892 1.668002
v 10.500000 22.915641 1.650590
v 10.500000 22.694113 1.683293
v 10.500000 22.485416 1.764471
v 10.500000 22.300016 1.890052
v 9.000000 22.300016 1.890052
v 9.000000 22.485416 1.764471
v 9.000000 22.694113 1.683293
v 9.000000 22.915641 1.650590
v 9.000000 23.138892 1.668002
v 9.000000 23.352672 1.734655
v 9.000000 23.546259 1.847208
v 9.000000 23.709948 2.000016
v 9.000000 23.835529 2.185416
v 9.000000 23.916707 2.394113
v 9.000000 23.949410 2.615641
v 9.000000 23.931998 2.838892
v 9.000000 23.865345 3.052672
v 9.000000 23.752792 3.246259
v 10.500000 20.964770 7.000000
v 9.000000 20.964770 7.000000
vt 0.000000 0.000000 0.000000
vt 1.429540 0.000000 0.000000
vt 0.000000 1.500000 0.000000
vt 1.429540 1.500000 0.000000
vt 0.000000 0.000000 0.000000
vt 4.380610 0.000000 0.000000
vt 0.000000 1.500000 0.000000
vt 4.380610 1.500000 0.000000
vt -1.500000 -3.141593 0.000000
vt -0.000000 -3.141593 0.000000
vt -1.500000 -2.917193 0.000000
vt -0.000000 -2.917193 0.000000
vt -1.500000 -2.692794 0.000000
vt -0.000000 -2.692794 0.000000
vt -1.500000 -2.468394 0.000000
vt -0.000000 -2.468394 0.000000
vt -1.500000 -2.243995 0.000000
vt -0.000000 -2.243995 0.000000
vt -1.500000 -2.019595 0.000000
vt -0.000000 -2.019595 0.000000
vt -1.500000 -1.795196 0.000000
vt -0.000000 -1.795196 0.000000
vt -1.500000 -1.570796 0.000000
vt -0.000000 -1.570796 0.000000
vt -1.500000 -1.346397 0.000000
vt -0.000000 -1.346397 0.000000
vt -1.500000 -1.121997 0.000000
vt -0.000000 -1.121997 0.000000
vt -1.500000 -0.897598 0.000000
vt 0.000000 -0.897598 0.000000
vt -1.500000 -0.673198 0.000000
vt 0.000000 -0.673198 0.000000
vt -1.500000 -0.448799 0.000000
vt -0.000000 -0.448799 0.000000
vt -1.500000 -0.224399 0.000000
vt -0.000000 -0.224399 0.000000
vt -1.500000 -0.000000 0.000000
vt 0.000000 -0.000000 0.000000
vt 0.000000 0.000000 0.000000
vt 4.675857 0.000000 0.000000
vt 0.000000 1.500000 0.000000
vt 4.675857 1.500000 0.000000
vt 0.000000 0.000000 0.000000
vt 1.429540 0.000000 0.000000
vt 0.000000 1.500000 0.000000
vt 1.429540 1.500000 0.000000
vt -2.675000 -2.207385 0.000000
vt -1.245460 -2.207385 0.000000
vt -2.675000 -0.777845 0.000000
vt 2.271259 0.404593 0.000000
vt 1.078741 2.010177 0.000000
vt 2.434948 0.557401 0.000000
vt 2.560529 0.742801 0.000000
vt 2.641707 0.951498 0.000000
vt 2.674410 1.173026 0.000000
vt 2.656998 1.396277 0.000000
vt 2.590345 1.610057 0.000000
vt 2.477792 1.803644 0.000000
vt 2.324984 1.967333 0.000000
vt 2.139584 2.092914 0.000000
vt 1.272328 2.122730 0.000000
vt 1.930887 2.174092 0.000000
vt 1.486108 2.189383 0.000000
vt 1.709359 2.206795 0.000000
vt 2.675000 -2.207385 0.000000
vt 2.675000 -0.777845 0.000000
vt 1.245460 -2.207385 0.000000
vt -2.271259 0.404593 0.000000
vt -1.078741 2.010177 0.000000
vt -2.434948 0.557401 0.000000
vt -2.560529 0.742801 0.000000
vt -2.641707 0.951498 0.000000
vt -2.674410 1.173026 0.000000
vt -2.656998 1.396277 0.000000
vt -2.590345 1.610057 0.000000
vt -2.477792 1.803644 0.000000
vt -2.324984 1.967333 0.000000
vt -2.139584 2.092914 0.000000
vt -1.272328 2.122730 0.000000
vt -1.930887 2.174092 0.000000
vt -1.486108 2.189383 0.000000
vt -1.709359 2.206795 0.000000
vn -0.000000 -1.000000 -0.000000
vn -0.000000 -1.000000 -0.000000
vn -0.000000 -1.000000 -0.000000
vn -0.000000 -1.000000 -0.000000
vn -0.000000 -0.802792 -0.596259
vn -0.000000 -0.802792 -0.596259
vn -0.000000 -0.802792 -0.596259
vn -0.000000 -0.802792 -0.596259
vn 0.000000 0.802792 0.596259
vn 0.000000 0.802792 0.596259
vn 0.000000 0.915345 0.402672
vn 0.000000 0.915345 0.402672
vn 0.000000 0.981998 0.188892
vn 0.000000 0.981998 0.188892
vn -0.000000 0.999410 -0.034359
vn -0.000000 0.999410 -0.034359
vn -0.000000 0.966707 -0.255887
vn -0.000000 0.966707 -0.255887
vn -0.000000 0.885529 -0.464584
vn -0.000000 0.885529 -0.464584
vn -0.000000 0.759948 -0.649984
vn -0.000000 0.759948 -0.649984
vn -0.000000 0.596259 -0.802792
vn -0.000000 0.596259 -0.802792
vn -0.000000 0.402672 -0.915345
vn -0.000000 0.402672 -0.915345
vn -0.000000 0.188892 -0.981998
vn -0.000000 0.188892 -0.981998
vn -0.000000 -0.034359 -0.999410
vn -0.000000 -0.034359 -0.999410
vn -0.000000 -0.255887 -0.966707
vn -0.000000 -0.255887 -0.966707
vn -0.000000 -0.464584 -0.885529
vn -0.000000 -0.464584 -0.885529
vn -0.000000 -0.649984 -0.759948
vn -0.000000 -0.649984 -0.759948
vn 0.000000 0.802792 0.596259
vn 0.000000 0.802792 0.596259
vn 0.000000 0.000000 1.000000
vn 0.000000 0.000000 1.000000
vn 0.000000 0.000000 1.000000
vn 0.000000 0.000000 1.000000
vn 1.000000 0.000000 0.000000
vn 1.000000 0.000000 0.000000
vn 1.000000 0.000000 0.000000
vn 1.000000 0.000000 0.000000
vn 1.000000 0.000000 0.000000
vn 1.000000 0.000000 0.000000
vn 1.000000 0.000000 0.000000
vn 1.000000 0.000000 0.000000
vn 1.000000 0.000000 0.000000
vn 1.000000 0.000000 0.000000
vn 1.000000 0.000000 0.000000
vn 1.000000 0.000000 0.000000
vn 1.000000 0.000000 0.000000
vn 1.000000 0.000000 0.000000
vn 1.000000 0.000000 0.000000
vn 1.000000 0.000000 0.000000
vn 1.000000 0.000000 0.000000
vn 1.000000 0.000000 0.000000
vn -1.000000 -0.000000 -0.000000
vn -1.000000 -0.000000 -0.000000
vn -1.000000 -0.000000 -0.000000
vn -1.000000 -0.000000 -0.000000
vn -1.000000 -0.000000 -0.000000
vn -1.000000 -0.000000 -0.000000
vn -1.000000 -0.000000 -0.000000
vn -1.000000 -0.000000 -0.000000
vn -1.000000 -0.000000 -0.000000
vn -1.000000 -0.000000 -0.000000
vn -1.000000 -0.000000 -0.000000
vn -1.000000 -0.000000 -0.000000
vn -1.000000 -0.000000 -0.000000
vn -1.000000 -0.000000 -0.000000
vn -1.000000 -0.000000 -0.000000
vn -1.000000 -0.000000 -0.000000
vn -1.000000 -0.000000 -0.000000
vn -1.000000 -0.000000 -0.000000
f 239/507/497 240/508/498 242/509/499
f 242/509/499 240/508/498 241/510/500
f 243/511/501 239/512/502 244/513/503
f 244/513/503 239/512/502 242/514/504
f 272/515/505 245/516/506 271/517/507
f 271/517/507 245/516/506 246/518/508
f 271/517/507 246/518/508 270/519/509
f 270/519/509 246/518/508 247/520/510
f 270/519/509 247/520/510 269/521/511
f 269/521/511 247/520/510 248/522/512
f 269/521/511 248/522/512 268/523/513
f 268/523/513 248/522/512 249/524/514
f 268/523/513 249/524/514 267/525/515
f 267/525/515 249/524/514 250/526/516
f 267/525/515 250/526/516 266/527/517
f 266/527/517 250/526/516 251/528/518
f 266/527/517 251/528/518 265/529/519
f 265/529/519 251/528/518 252/530/520
f 265/529/519 252/530/520 264/531/521
f 264/531/521 252/530/520 253/532/522
f 264/531/521 253/532/522 263/533/523
f 263/533/523 253/532/522 254/534/524
f 263/533/523 254/534/524 262/535/525
f 262/535/525 254/534/524 255/536/526
f 262/535/525 255/536/526 261/537/527
f 261/537/527 255/536/526 256/538/528
f 261/537/527 256/538/528 260/539/529
f 260/539/529 256/538/528 257/540/530
f 260/539/529 257/540/530 259/541/531
f 259/541/531 257/540/530 258/542/532
f 259/541/531 258/542/532 244/543/503
f 244/543/503 258/542/532 243/544/501
f 273/545/533 245/546/506 274/547/534
f 274/547/534 245/546/506 272/548/505
f 240/549/535 273/550/536 241/551/537
f 241/551/537 273/550/536 274/552/538
f 240/553/539 239/554/540 273/555/541
f 273/555/541 239/554/540 243/556/542
f 273/555/541 243/556/542 245/557/543
f 245/557/543 243/556/542 258/558/544
f 245/557/543 258/558/544 257/559/545
f 257/559/545 256/560/546 245/557/543
f 245/557/543 256/560/546 255/561/547
f 245/557/543 255/561/547 254/562/548
f 254/562/548 253/563/549 245/557/543
f 245/557/543 253/563/549 252/564/550
f 245/557/543 252/564/550 251/565/551
f 251/565/551 250/566/552 245/557/543
f 245/557/543 250/566/552 246/567/553
f 246/567/553 250/566/552 249/568/554
f 246/567/553 249/568/554 247/569/555
f 247/569/555 249/568/554 248/570/556
f 241/571/557 274/572/558 242/573/559
f 242/573/559 274/572/558 244/574/560
f 244/574/560 274/572/558 272/575/561
f 244/574/560 272/575/561 259/576/562
f 259/576/562 272/575/561 260/577/563
f 260/577/563 272/575/561 261/578/564
f 261/578/564 272/575/561 262/579/565
f 262/579/565 272/575/561 263/580/566
f 263/580/566 272/575/561 264/581/567
f 264/581/567 272/575/561 265/582/568
f 265/582/568 272/575/561 266/583/569
f 266/583/569 272/575/561 267/584/570
f 267/584/570 272/575/561 271/585/571
f 267/584/570 271/585/571 268/586/572
f 268/586/572 271/585/571 270/587/573
f 268/586/572 270/587/573 269/588/574
g Body7

v 9.500000 20.300000 2.650000
v 9.500000 20.329598 2.255038
v 9.500000 20.417732 1.868899
v 9.500000 20.562433 1.500208
v 9.500000 20.760467 1.157202
v 9.500000 21.007413 0.847542
v 9.500000 21.297752 0.578147
v 9.500000 21.625000 0.355033
v 9.500000 21.981846 0.183185
v 9.500000 22.360320 0.066441
v 9.500000 22.751965 0.007410
v 9.500000 23.148035 0.007410
v 9.500000 23.539680 0.066441
v 9.500000 23.918154 0.183185
v 9.500000 24.275000 0.355033
v 9.500000 24.602248 0.578147
v 9.500000 24.892587 0.847542
v 9.500000 25.139533 1.157202
v 9.500000 25.337567 1.500208
v 9.500000 25.482268 1.868899
v 9.500000 25.570402 2.255038
v 9.500000 25.600000 2.650000
v 9.500000 25.570402 3.044962
v 9.500000 25.482268 3.431101
v 9.500000 25.337567 3.799792
v 9.500000 25.139533 4.142798
v 9.500000 24.892587 4.452458
v 9.500000 24.602248 4.721853
v 9.500000 24.275000 4.944967
v 9.500000 23.918154 5.116815
v 9.500000 23.539680 5.233559
v 9.500000 23.148035 5.292590
v 9.500000 22.751965 5.292590
v 9.500000 22.360320 5.233559
v 9.500000 21.981846 5.116815
v 9.500000 21.625000 4.944967
v 9.500000 21.297752 4.721853
v 9.500000 21.007413 4.452458
v 9.500000 20.760467 4.142798
v 9.500000 20.562433 3.799792
v 9.500000 20.417732 3.431101
v 9.500000 20.329598 3.044962
v 10.000000 20.300000 2.650000
v 10.000000 20.329598 3.044962
v 10.000000 20.417732 3.431101
v 10.000000 20.562433 3.799792
v 10.000000 20.760467 4.142798
v 10.000000 21.007413 4.452458
v 10.000000 21.297752 4.721853
v 10.000000 21.625000 4.944967
v 10.000000 21.981846 5.116815
v 10.000000 22.360320 5.233559
v 10.000000 22.751965 5.292590
v 10.000000 23.148035 5.292590
v 10.000000 23.539680 5.233559
v 10.000000 23.918154 5.116815
v 10.000000 24.275000 4.944967
v 10.000000 24.602248 4.721853
v 10.000000 24.892587 4.452458
v 10.000000 25.139533 4.142798
v 10.000000 25.337567 3.799792
v 10.000000 25.482268 3.431101
v 10.000000 25.570402 3.044962
v 10.000000 25.600000 2.650000
v 10.000000 25.570402 2.255038
v 10.000000 25.482268 1.868899
v 10.000000 25.337567 1.500208
v 10.000000 25.139533 1.157202
v 10.000000 24.892587 0.847542
v 10.000000 24.602248 0.578147
v 10.000000 24.275000 0.355033
v 10.000000 23.918154 0.183185
v 10.000000 23.539680 0.066441
v 10.000000 23.148035 0.007410
v 10.000000 22.751965 0.007410
v 10.000000 22.360320 0.066441
v 10.000000 21.981846 0.183185
v 10.000000 21.625000 0.355033
v 10.000000 21.297752 0.578147
v 10.000000 21.007413 0.847542
v 10.000000 20.760467 1.157202
v 10.000000 20.562433 1.500208
v 10.000000 20.417732 1.868899
v 10.000000 20.329598 2.255038
vt -0.500000 7.928781 0.000000
vt 0.000000 7.928781 0.000000
vt -0.500000 8.325221 0.000000
vt -0.000000 8.325221 0.000000
vt -0.500000 -8.325221 0.000000
vt -0.000000 -8.325221 0.000000
vt -0.500000 -7.928781 0.000000
vt -0.000000 -7.928781 0.000000
vt -0.500000 -7.532342 0.000000
vt -0.000000 -7.532342 0.000000
vt -0.500000 -7.135903 0.000000
vt -0.000000 -7.135903 0.000000
vt -0.500000 -6.739464 0.000000
vt -0.000000 -6.739464 0.000000
vt -0.500000 -6.343025 0.000000
vt -0.000000 -6.343025 0.000000
vt -0.500000 -5.946586 0.000000
vt -0.000000 -5.946586 0.000000
vt -0.500000 -5.550147 0.000000
vt -0.000000 -5.550147 0.000000
vt -0.500000 -5.153708 0.000000
vt -0.000000 -5.153708 0.000000
vt -0.500000 -4.757269 0.000000
vt -0.000000 -4.757269 0.000000
vt -0.500000 -4.360830 0.000000
vt -0.000000 -4.360830 0.000000
vt -0.500000 -3.964391 0.000000
vt -0.000000 -3.964391 0.000000
vt -0.500000 -3.567952 0.000000
vt -0.000000 -3.567952 0.000000
vt -0.500000 -3.171513 0.000000
vt -0.000000 -3.171513 0.000000
vt -0.500000 -2.775074 0.000000
vt -0.000000 -2.775074 0.000000
vt -0.500000 -2.378634 0.000000
vt -0.000000 -2.378634 0.000000
vt -0.500000 -1.982195 0.000000
vt -0.000000 -1.982195 0.000000
vt -0.500000 -1.585756 0.000000
vt -0.000000 -1.585756 0.000000
vt -0.500000 -1.189317 0.000000
vt -0.000000 -1.189317 0.000000
vt -0.500000 -0.792878 0.000000
vt -0.000000 -0.792878 0.000000
vt -0.500000 -0.396439 0.000000
vt -0.000000 -0.396439 0.000000
vt -0.500000 0.000000 0.000000
vt -0.000000 0.000000 0.000000
vt -0.500000 0.396439 0.000000
vt -0.000000 0.396439 0.000000
vt -0.500000 0.792878 0.000000
vt -0.000000 0.792878 0.000000
vt -0.500000 1.189317 0.000000
vt -0.000000 1.189317 0.000000
vt -0.500000 1.585756 0.000000
vt -0.000000 1.585756 0.000000
vt -0.500000 1.982195 0.000000
vt -0.000000 1.982195 0.000000
vt -0.500000 2.378634 0.000000
vt -0.000000 2.378634 0.000000
vt -0.500000 2.775074 0.000000
vt -0.000000 2.775074 0.000000
vt -0.500000 3.171513 0.000000
vt -0.000000 3.171513 0.000000
vt -0.500000 3.567952 0.000000
vt -0.000000 3.567952 0.000000
vt -0.500000 3.964391 0.000000
vt -0.000000 3.964391 0.000000
vt -0.500000 4.360830 0.000000
vt 0.000000 4.360830 0.000000
vt -0.500000 4.757269 0.000000
vt 0.000000 4.757269 0.000000
vt -0.500000 5.153708 0.000000
vt 0.000000 5.153708 0.000000
vt -0.500000 5.550147 0.000000
vt -0.000000 5.550147 0.000000
vt -0.500000 5.946586 0.000000
vt 0.000000 5.946586 0.000000
vt -0.500000 6.343025 0.000000
vt 0.000000 6.343025 0.000000
vt -0.500000 6.739464 0.000000
vt 0.000000 6.739464 0.000000
vt -0.500000 7.135903 0.000000
vt 0.000000 7.135903 0.000000
vt -0.500000 7.532342 0.000000
vt -0.000000 7.532342 0.000000
vt -0.000000 -2.650000 0.000000
vt 0.394962 -2.620402 0.000000
vt -0.394962 -2.620402 0.000000
vt -0.781101 -2.532268 0.000000
vt 0.781101 -2.532268 0.000000
vt -1.149792 -2.387567 0.000000
vt 1.149792 -2.387567 0.000000
vt -1.492798 -2.189533 0.000000
vt 1.492798 -2.189533 0.000000
vt -1.802458 -1.942587 0.000000
vt 1.802458 -1.942587 0.000000
vt -2.071853 -1.652248 0.000000
vt 2.071853 -1.652248 0.000000
vt -2.294967 -1.325000 0.000000
vt 2.294967 -1.325000 0.000000
vt -2.466815 -0.968154 0.000000
vt -2.583559 -0.589680 0.000000
vt -2.642590 -0.198035 0.000000
vt -2.642590 0.198035 0.000000
vt -2.583559 0.589680 0.000000
vt -2.466815 0.968154 0.000000
vt -2.294967 1.325000 0.000000
vt -2.071853 1.652248 0.000000
vt -1.802458 1.942587 0.000000
vt -1.492798 2.189533 0.000000
vt -1.149792 2.387567 0.000000
vt -0.781101 2.532268 0.000000
vt -0.394962 2.620402 0.000000
vt -0.000000 2.650000 0.000000
vt 0.394962 2.620402 0.000000
vt 0.781101 2.532268 0.000000
vt 1.149792 2.387567 0.000000
vt 1.492798 2.189533 0.000000
vt 1.802458 1.942587 0.000000
vt 2.466815 -0.968154 0.000000
vt 2.071853 1.652248 0.000000
vt 2.294967 1.325000 0.000000
vt 2.466815 0.968154 0.000000
vt 2.583559 -0.589680 0.000000
vt 2.583559 0.589680 0.000000
vt 2.642590 -0.198035 0.000000
vt 2.642590 0.198035 0.000000
vt 0.000000 -2.650000 0.000000
vt 0.394962 -2.620402 0.000000
vt -0.394962 -2.620402 0.000000
vt -0.781101 -2.532268 0.000000
vt 0.781101 -2.532268 0.000000
vt -1.149792 -2.387567 0.000000
vt 1.149792 -2.387567 0.000000
vt -1.492798 -2.189533 0.000000
vt 1.492798 -2.189533 0.000000
vt -1.802458 -1.942587 0.000000
vt 1.802458 -1.942587 0.000000
vt -2.071853 -1.652248 0.000000
vt 2.071853 -1.652248 0.000000
vt -2.294967 -1.325000 0.000000
vt 2.294967 -1.325000 0.000000
vt -2.466815 -0.968154 0.000000
vt -2.583559 -0.589680 0.000000
vt -2.642590 -0.198035 0.000000
vt -2.642590 0.198035 0.000000
vt -2.583559 0.589680 0.000000
vt -2.466815 0.968154 0.000000
vt -2.294967 1.325000 0.000000
vt -2.071853 1.652248 0.000000
vt -1.802458 1.942587 0.000000
vt -1.492798 2.189533 0.000000
vt -1.149792 2.387567 0.000000
vt -0.781101 2.532268 0.000000
vt -0.394962 2.620402 0.000000
vt 0.000000 2.650000 0.000000
vt 0.394962 2.620402 0.000000
vt 0.781101 2.532268 0.000000
vt 1.149792 2.387567 0.000000
vt 1.492798 2.189533 0.000000
vt 1.802458 1.942587 0.000000
vt 2.466815 -0.968154 0.000000
vt 2.071853 1.652248 0.000000
vt 2.294967 1.325000 0.000000
vt 2.466815 0.968154 0.000000
vt 2.583559 -0.589680 0.000000
vt 2.583559 0.589680 0.000000
vt 2.642590 -0.198035 0.000000
vt 2.642590 0.198035 0.000000
vn -0.000000 -0.988831 -0.149042
vn -0.000000 -0.988831 -0.149042
vn -0.000000 -1.000000 -0.000000
vn -0.000000 -1.000000 -0.000000
vn -0.000000 -0.988831 0.149042
vn -0.000000 -0.988831 0.149042
vn -0.000000 -0.955573 0.294755
vn -0.000000 -0.955573 0.294755
vn -0.000000 -0.900969 0.433884
vn -0.000000 -0.900969 0.433884
vn -0.000000 -0.826239 0.563320
vn -0.000000 -0.826239 0.563320
vn -0.000000 -0.733052 0.680173
vn -0.000000 -0.733052 0.680173
vn -0.000000 -0.623490 0.781831
vn -0.000000 -0.623490 0.781831
vn -0.000000 -0.500000 0.866025
vn -0.000000 -0.500000 0.866025
vn -0.000000 -0.365341 0.930874
vn -0.000000 -0.365341 0.930874
vn -0.000000 -0.222521 0.974928
vn -0.000000 -0.222521 0.974928
vn -0.000000 -0.074730 0.997204
vn -0.000000 -0.074730 0.997204
vn 0.000000 0.074730 0.997204
vn 0.000000 0.074730 0.997204
vn 0.000000 0.222521 0.974928
vn 0.000000 0.222521 0.974928
vn 0.000000 0.365341 0.930874
vn 0.000000 0.365341 0.930874
vn 0.000000 0.500000 0.866025
vn 0.000000 0.500000 0.866025
vn 0.000000 0.623490 0.781831
vn 0.000000 0.623490 0.781831
vn 0.000000 0.733052 0.680173
vn 0.000000 0.733052 0.680173
vn 0.000000 0.826239 0.563320
vn 0.000000 0.826239 0.563320
vn 0.000000 0.900969 0.433884
vn 0.000000 0.900969 0.433884
vn 0.000000 0.955573 0.294755
vn 0.000000 0.955573 0.294755
vn 0.000000 0.988831 0.149042
vn 0.000000 0.988831 0.149042
vn 0.000000 1.000000 0.000000
vn 0.000000 1.000000 0.000000
vn -0.000000 0.988831 -0.149042
vn -0.000000 0.988831 -0.149042
vn -0.000000 0.955573 -0.294755
vn -0.000000 0.955573 -0.294755
vn -0.000000 0.900969 -0.433884
vn -0.000000 0.900969 -0.433884
vn -0.000000 0.826239 -0.563320
vn -0.000000 0.826239 -0.563320
vn -0.000000 0.733052 -0.680173
vn -0.000000 0.733052 -0.680173
vn -0.000000 0.623490 -0.781831
vn -0.000000 0.623490 -0.781831
vn -0.000000 0.500000 -0.866025
vn -0.000000 0.500000 -0.866025
vn -0.000000 0.365341 -0.930874
vn -0.000000 0.365341 -0.930874
vn -0.000000 0.222521 -0.974928
vn -0.000000 0.222521 -0.974928
vn -0.000000 0.074730 -0.997204
vn -0.000000 0.074730 -0.997204
vn -0.000000 -0.074730 -0.997204
vn -0.000000 -0.074730 -0.997204
vn -0.000000 -0.222521 -0.974928
vn -0.000000 -0.222521 -0.974928
vn -0.000000 -0.365341 -0.930874
vn -0.000000 -0.365341 -0.930874
vn -0.000000 -0.500000 -0.866025
vn -0.000000 -0.500000 -0.866025
vn -0.000000 -0.623490 -0.781831
vn -0.000000 -0.623490 -0.781831
vn -0.000000 -0.733052 -0.680173
vn -0.000000 -0.733052 -0.680173
vn -0.000000 -0.826239 -0.563320
vn -0.000000 -0.826239 -0.563320
vn -0.000000 -0.900969 -0.433884
vn -0.000000 -0.900969 -0.433884
vn -0.000000 -0.955573 -0.294755
vn -0.000000 -0.955573 -0.294755
vn 1.000000 0.000000 0.000000
vn 1.000000 0.000000 0.000000
vn 1.000000 0.000000 0.000000
vn 1.000000 0.000000 0.000000
vn 1.000000 0.000000 0.000000
vn 1.000000 0.000000 0.000000
vn 1.000000 0.000000 0.000000
vn 1.000000 0.000000 0.000000
vn 1.000000 0.000000 0.000000
vn 1.000000 0.000000 0.000000
vn 1.000000 0.000000 0.000000
vn 1.000000 0.000000 0.000000
vn 1.000000 0.000000 0.000000
vn 1.000000 0.000000 0.000000
vn 1.000000 0.000000 0.000000
vn 1.000000 0.000000 0.000000
vn 1.000000 0.000000 0.000000
vn 1.000000 0.000000 0.000000
vn 1.000000 0.000000 0.000000
vn 1.000000 0.000000 0.000000
vn 1.000000 0.000000 0.000000
vn 1.000000 0.000000 0.000000
vn 1.000000 0.000000 0.000000
vn 1.000000 0.000000 0.000000
vn 1.000000 0.000000 0.000000
vn 1.000000 0.000000 0.000000
vn 1.000000 0.000000 0.000000
vn 1.000000 0.000000 0.000000
vn 1.000000 0.000000 0.000000
vn 1.000000 0.000000 0.000000
vn 1.000000 0.000000 0.000000
vn 1.000000 0.000000 0.000000
vn 1.000000 0.000000 0.000000
vn 1.000000 0.000000 0.000000
vn 1.000000 0.000000 0.000000
vn 1.000000 0.000000 0.000000
vn 1.000000 0.000000 0.000000
vn 1.000000 0.000000 0.000000
vn 1.000000 0.000000 0.000000
vn 1.000000 0.000000 0.000000
vn 1.000000 0.000000 0.000000
vn 1.000000 0.000000 0.000000
vn -1.000000 -0.000000 -0.000000
vn -1.000000 -0.000000 -0.000000
vn -1.000000 -0.000000 -0.000000
vn -1.000000 -0.000000 -0.000000
vn -1.000000 -0.000000 -0.000000
vn -1.000000 -0.000000 -0.000000
vn -1.000000 -0.000000 -0.000000
vn -1.000000 -0.000000 -0.000000
vn -1.000000 -0.000000 -0.000000
vn -1.000000 -0.000000 -0.000000
vn -1.000000 -0.000000 -0.000000
vn -1.000000 -0.000000 -0.000000
vn -1.000000 -0.000000 -0.000000
vn -1.000000 -0.000000 -0.000000
vn -1.000000 -0.000000 -0.000000
vn -1.000000 -0.000000 -0.000000
vn -1.000000 -0.000000 -0.000000
vn -1.000000 -0.000000 -0.000000
vn -1.000000 -0.000000 -0.000000
vn -1.000000 -0.000000 -0.000000
vn -1.000000 -0.000000 -0.000000
vn -1.000000 -0.000000 -0.000000
vn -1.000000 -0.000000 -0.000000
vn -1.000000 -0.000000 -0.000000
vn -1.000000 -0.000000 -0.000000
vn -1.000000 -0.000000 -0.000000
vn -1.000000 -0.000000 -0.000000
vn -1.000000 -0.000000 -0.000000
vn -1.000000 -0.000000 -0.000000
vn -1.000000 -0.000000 -0.000000
vn -1.000000 -0.000000 -0.000000
vn -1.000000 -0.000000 -0.000000
vn -1.000000 -0.000000 -0.000000
vn -1.000000 -0.000000 -0.000000
vn -1.000000 -0.000000 -0.000000
vn -1.000000 -0.000000 -0.000000
vn -1.000000 -0.000000 -0.000000
vn -1.000000 -0.000000 -0.000000
vn -1.000000 -0.000000 -0.000000
vn -1.000000 -0.000000 -0.000000
vn -1.000000 -0.000000 -0.000000
vn -1.000000 -0.000000 -0.000000
usemtl Plastic_-_Matte_(Red)
f 276/589/575 358/590/576 275/591/577
f 275/591/577 358/590/576 317/592/578
f 275/593/577 317/594/578 316/595/579
f 316/595/579 317/594/578 318/596/580
f 316/595/579 318/596/580 315/597/581
f 315/597/581 318/596/580 319/598/582
f 315/597/581 319/598/582 314/599/583
f 314/599/583 319/598/582 320/600/584
f 314/599/583 320/600/584 313/601/585
f 313/601/585 320/600/584 321/602/586
f 313/601/585 321/602/586 312/603/587
f 312/603/587 321/602/586 322/604/588
f 312/603/587 322/604/588 311/605/589
f 311/605/589 322/604/588 323/606/590
f 311/605/589 323/606/590 310/607/591
f 310/607/591 323/606/590 324/608/592
f 310/607/591 324/608/592 309/609/593
f 309/609/593 324/608/592 325/610/594
f 309/609/593 325/610/594 308/611/595
f 308/611/595 325/610/594 326/612/596
f 308/611/595 326/612/596 307/613/597
f 307/613/597 326/612/596 327/614/598
f 307/613/597 327/614/598 306/615/599
f 306/615/599 327/614/598 328/616/600
f 306/615/599 328/616/600 305/617/601
f 305/617/601 328/616/600 329/618/602
f 305/617/601 329/618/602 304/619/603
f 304/619/603 329/618/602 330/620/604
f 304/619/603 330/620/604 303/621/605
f 303/621/605 330/620/604 331/622/606
f 303/621/605 331/622/606 302/623/607
f 302/623/607 331/622/606 332/624/608
f 302/623/607 332/624/608 301/625/609
f 301/625/609 332/624/608 333/626/610
f 301/625/609 333/626/610 300/627/611
f 300/627/611 333/626/610 334/628/612
f 300/627/611 334/628/612 299/629/613
f 299/629/613 334/628/612 335/630/614
f 299/629/613 335/630/614 298/631/615
f 298/631/615 335/630/614 336/632/616
f 298/631/615 336/632/616 297/633/617
f 297/633/617 336/632/616 337/634/618
f 297/633/617 337/634/618 296/635/619
f 296/635/619 337/634/618 338/636/620
f 296/635/619 338/636/620 295/637/621
f 295/637/621 338/636/620 339/638/622
f 295/637/621 339/638/622 294/639/623
f 294/639/623 339/638/622 340/640/624
f 294/639/623 340/640/624 293/641/625
f 293/641/625 340/640/624 341/642/626
f 293/641/625 341/642/626 292/643/627
f 292/643/627 341/642/626 342/644/628
f 292/643/627 342/644/628 291/645/629
f 291/645/629 342/644/628 343/646/630
f 291/645/629 343/646/630 290/647/631
f 290/647/631 343/646/630 344/648/632
f 290/647/631 344/648/632 289/649/633
f 289/649/633 344/648/632 345/650/634
f 289/649/633 345/650/634 288/651/635
f 288/651/635 345/650/634 346/652/636
f 288/651/635 346/652/636 287/653/637
f 287/653/637 346/652/636 347/654/638
f 287/653/637 347/654/638 286/655/639
f 286/655/639 347/654/638 348/656/640
f 286/655/639 348/656/640 285/657/641
f 285/657/641 348/656/640 349/658/642
f 285/657/641 349/658/642 284/659/643
f 284/659/643 349/658/642 350/660/644
f 284/659/643 350/660/644 283/661/645
f 283/661/645 350/660/644 351/662/646
f 283/661/645 351/662/646 282/663/647
f 282/663/647 351/662/646 352/664/648
f 282/663/647 352/664/648 281/665/649
f 281/665/649 352/664/648 353/666/650
f 281/665/649 353/666/650 280/667/651
f 280/667/651 353/666/650 354/668/652
f 280/667/651 354/668/652 279/669/653
f 279/669/653 354/668/652 355/670/654
f 279/669/653 355/670/654 278/671/655
f 278/671/655 355/670/654 356/672/656
f 278/671/655 356/672/656 277/673/657
f 277/673/657 356/672/656 357/674/658
f 277/673/657 357/674/658 276/589/575
f 276/589/575 357/674/658 358/590/576
f 317/675/659 358/676/660 318/677/661
f 318/677/661 358/676/660 319/678/662
f 319/678/662 358/676/660 357/679/663
f 319/678/662 357/679/663 320/680/664
f 320/680/664 357/679/663 356/681/665
f 320/680/664 356/681/665 321/682/666
f 321/682/666 356/681/665 355/683/667
f 321/682/666 355/683/667 322/684/668
f 322/684/668 355/683/667 354/685/669
f 322/684/668 354/685/669 323/686/670
f 323/686/670 354/685/669 353/687/671
f 323/686/670 353/687/671 324/688/672
f 324/688/672 353/687/671 352/689/673
f 324/688/672 352/689/673 325/690/674
f 325/690/674 352/689/673 326/691/675
f 326/691/675 352/689/673 327/692/676
f 327/692/676 352/689/673 328/693/677
f 328/693/677 352/689/673 329/694/678
f 329/694/678 352/689/673 330/695/679
f 330/695/679 352/689/673 331/696/680
f 331/696/680 352/689/673 332/697/681
f 332/697/681 352/689/673 333/698/682
f 333/698/682 352/689/673 334/699/683
f 334/699/683 352/689/673 335/700/684
f 335/700/684 352/689/673 336/701/685
f 336/701/685 352/689/673 337/702/686
f 337/702/686 352/689/673 338/703/687
f 338/703/687 352/689/673 339/704/688
f 339/704/688 352/689/673 340/705/689
f 340/705/689 352/689/673 341/706/690
f 341/706/690 352/689/673 342/707/691
f 342/707/691 352/689/673 343/708/692
f 343/708/692 352/689/673 351/709/693
f 343/708/692 351/709/693 344/710/694
f 344/710/694 351/709/693 345/711/695
f 345/711/695 351/709/693 346/712/696
f 346/712/696 351/709/693 350/713/697
f 346/712/696 350/713/697 347/714/698
f 347/714/698 350/713/697 349/715/699
f 347/714/698 349/715/699 348/716/700
f 275/717/701 316/718/702 276/719/703
f 276/719/703 316/718/702 277/720/704
f 277/720/704 316/718/702 315/721/705
f 277/720/704 315/721/705 278/722/706
f 278/722/706 315/721/705 314/723/707
f 278/722/706 314/723/707 279/724/708
f 279/724/708 314/723/707 313/725/709
f 279/724/708 313/725/709 280/726/710
f 280/726/710 313/725/709 312/727/711
f 280/726/710 312/727/711 281/728/712
f 281/728/712 312/727/711 311/729/713
f 281/728/712 311/729/713 282/730/714
f 282/730/714 311/729/713 310/731/715
f 282/730/714 310/731/715 283/732/716
f 283/732/716 310/731/715 284/733/717
f 284/733/717 310/731/715 285/734/718
f 285/734/718 310/731/715 286/735/719
f 286/735/719 310/731/715 287/736/720
f 287/736/720 310/731/715 288/737/721
f 288/737/721 310/731/715 289/738/722
f 289/738/722 310/731/715 290/739/723
f 290/739/723 310/731/715 291/740/724
f 291/740/724 310/731/715 292/741/725
f 292/741/725 310/731/715 293/742/726
f 293/742/726 310/731/715 294/743/727
f 294/743/727 310/731/715 295/744/728
f 295/744/728 310/731/715 296/745/729
f 296/745/729 310/731/715 297/746/730
f 297/746/730 310/731/715 298/747/731
f 298/747/731 310/731/715 299/748/732
f 299/748/732 310/731/715 300/749/733
f 300/749/733 310/731/715 301/750/734
f 301/750/734 310/731/715 309/751/735
f 301/750/734 309/751/735 302/752/736
f 302/752/736 309/751/735 303/753/737
f 303/753/737 309/751/735 304/754/738
f 304/754/738 309/751/735 308/755/739
f 304/754/738 308/755/739 305/756/740
f 305/756/740 308/755/739 307/757/741
f 305/756/740 307/757/741 306/758/742
g Body8

v -10.500000 19.535230 7.000000
v -10.500000 19.535230 5.570460
v -9.000000 19.535230 5.570460
v -9.000000 19.535230 7.000000
v -10.500000 22.147208 2.053741
v -9.000000 22.147208 2.053741
v -10.500000 22.300016 1.890052
v -10.500000 22.485416 1.764471
v -10.500000 22.694113 1.683293
v -10.500000 22.915641 1.650590
v -10.500000 23.138892 1.668002
v -10.500000 23.352672 1.734655
v -10.500000 23.546259 1.847208
v -10.500000 23.709948 2.000016
v -10.500000 23.835529 2.185416
v -10.500000 23.916707 2.394113
v -10.500000 23.949410 2.615641
v -10.500000 23.931998 2.838892
v -10.500000 23.865345 3.052672
v -10.500000 23.752792 3.246259
v -9.000000 23.752792 3.246259
v -9.000000 23.865345 3.052672
v -9.000000 23.931998 2.838892
v -9.000000 23.949410 2.615641
v -9.000000 23.916707 2.394113
v -9.000000 23.835529 2.185416
v -9.000000 23.709948 2.000016
v -9.000000 23.546259 1.847208
v -9.000000 23.352672 1.734655
v -9.000000 23.138892 1.668002
v -9.000000 22.915641 1.650590
v -9.000000 22.694113 1.683293
v -9.000000 22.485416 1.764471
v -9.000000 22.300016 1.890052
v -10.500000 20.964770 7.000000
v -9.000000 20.964770 7.000000
vt -1.429540 0.000000 0.000000
vt -0.000000 0.000000 0.000000
vt -1.429540 1.500000 0.000000
vt -0.000000 1.500000 0.000000
vt -4.380610 0.000000 0.000000
vt -0.000000 0.000000 0.000000
vt -4.380610 1.500000 0.000000
vt -0.000000 1.500000 0.000000
vt 1.500000 -0.000000 0.000000
vt -0.000000 -0.000000 0.000000
vt 1.500000 -0.224399 0.000000
vt -0.000000 -0.224399 0.000000
vt 1.500000 -0.448799 0.000000
vt -0.000000 -0.448799 0.000000
vt 1.500000 -0.673198 0.000000
vt -0.000000 -0.673198 0.000000
vt 1.500000 -0.897598 0.000000
vt -0.000000 -0.897598 0.000000
vt 1.500000 -1.121997 0.000000
vt -0.000000 -1.121997 0.000000
vt 1.500000 -1.346397 0.000000
vt -0.000000 -1.346397 0.000000
vt 1.500000 -1.570796 0.000000
vt -0.000000 -1.570796 0.000000
vt 1.500000 -1.795196 0.000000
vt -0.000000 -1.795196 0.000000
vt 1.500000 -2.019595 0.000000
vt -0.000000 -2.019595 0.000000
vt 1.500000 -2.243995 0.000000
vt -0.000000 -2.243995 0.000000
vt 1.500000 -2.468394 0.000000
vt -0.000000 -2.468394 0.000000
vt 1.500000 -2.692794 0.000000
vt 0.000000 -2.692794 0.000000
vt 1.500000 -2.917193 0.000000
vt 0.000000 -2.917193 0.000000
vt 1.500000 -3.141593 0.000000
vt -0.000000 -3.141593 0.000000
vt -4.675857 0.000000 0.000000
vt -0.000000 0.000000 0.000000
vt -4.675857 1.500000 0.000000
vt -0.000000 1.500000 0.000000
vt -1.429540 0.000000 0.000000
vt -0.000000 0.000000 0.000000
vt -1.429540 1.500000 0.000000
vt -0.000000 1.500000 0.000000
vt 2.675000 -2.207385 0.000000
vt 2.675000 -0.777845 0.000000
vt 1.245460 -2.207385 0.000000
vt -2.271259 0.404593 0.000000
vt -1.078741 2.010177 0.000000
vt -2.434948 0.557401 0.000000
vt -2.560529 0.742801 0.000000
vt -2.641707 0.951498 0.000000
vt -2.674410 1.173026 0.000000
vt -2.656998 1.396277 0.000000
vt -2.590345 1.610057 0.000000
vt -2.477792 1.803644 0.000000
vt -2.324984 1.967333 0.000000
vt -2.139584 2.092914 0.000000
vt -1.272328 2.122730 0.000000
vt -1.930887 2.174092 0.000000
vt -1.486108 2.189383 0.000000
vt -1.709359 2.206795 0.000000
vt -2.675000 -2.207385 0.000000
vt -1.245460 -2.207385 0.000000
vt -2.675000 -0.777845 0.000000
vt 2.271259 0.404593 0.000000
vt 1.078741 2.010177 0.000000
vt 2.434948 0.557401 0.000000
vt 2.560529 0.742801 0.000000
vt 2.641707 0.951498 0.000000
vt 2.674410 1.173026 0.000000
vt 2.656998 1.396277 0.000000
vt 2.590345 1.610057 0.000000
vt 2.477792 1.803644 0.000000
vt 2.324984 1.967333 0.000000
vt 2.139584 2.092914 0.000000
vt 1.272328 2.122730 0.000000
vt 1.930887 2.174092 0.000000
vt 1.486108 2.189383 0.000000
vt 1.709359 2.206795 0.000000
vn 0.000000 -1.000000 -0.000000
vn 0.000000 -1.000000 -0.000000
vn 0.000000 -1.000000 -0.000000
vn 0.000000 -1.000000 -0.000000
vn 0.000000 -0.802792 -0.596259
vn 0.000000 -0.802792 -0.596259
vn 0.000000 -0.802792 -0.596259
vn 0.000000 -0.802792 -0.596259
vn 0.000000 -0.649984 -0.759948
vn 0.000000 -0.649984 -0.759948
vn 0.000000 -0.464584 -0.885529
vn 0.000000 -0.464584 -0.885529
vn 0.000000 -0.255887 -0.966707
vn 0.000000 -0.255887 -0.966707
vn 0.000000 -0.034359 -0.999410
vn 0.000000 -0.034359 -0.999410
vn 0.000000 0.188892 -0.981998
vn 0.000000 0.188892 -0.981998
vn 0.000000 0.402672 -0.915345
vn 0.000000 0.402672 -0.915345
vn 0.000000 0.596259 -0.802792
vn 0.000000 0.596259 -0.802792
vn 0.000000 0.759948 -0.649984
vn 0.000000 0.759948 -0.649984
vn 0.000000 0.885529 -0.464584
vn 0.000000 0.885529 -0.464584
vn 0.000000 0.966707 -0.255887
vn 0.000000 0.966707 -0.255887
vn 0.000000 0.999410 -0.034359
vn 0.000000 0.999410 -0.034359
vn -0.000000 0.981998 0.188892
vn -0.000000 0.981998 0.188892
vn -0.000000 0.915345 0.402672
vn -0.000000 0.915345 0.402672
vn -0.000000 0.802792 0.596259
vn -0.000000 0.802792 0.596259
vn 0.000000 0.802792 0.596259
vn 0.000000 0.802792 0.596259
vn 0.000000 0.000000 1.000000
vn 0.000000 0.000000 1.000000
vn 0.000000 0.000000 1.000000
vn 0.000000 0.000000 1.000000
vn -1.000000 0.000000 0.000000
vn -1.000000 0.000000 0.000000
vn -1.000000 0.000000 0.000000
vn -1.000000 0.000000 0.000000
vn -1.000000 0.000000 0.000000
vn -1.000000 0.000000 0.000000
vn -1.000000 0.000000 0.000000
vn -1.000000 0.000000 0.000000
vn -1.000000 0.000000 0.000000
vn -1.000000 0.000000 0.000000
vn -1.000000 0.000000 0.000000
vn -1.000000 0.000000 0.000000
vn -1.000000 0.000000 0.000000
vn -1.000000 0.000000 0.000000
vn -1.000000 0.000000 0.000000
vn -1.000000 0.000000 0.000000
vn -1.000000 0.000000 0.000000
vn -1.000000 0.000000 0.000000
vn 1.000000 -0.000000 -0.000000
vn 1.000000 -0.000000 -0.000000
vn 1.000000 -0.000000 -0.000000
vn 1.000000 -0.000000 -0.000000
vn 1.000000 -0.000000 -0.000000
vn 1.000000 -0.000000 -0.000000
vn 1.000000 -0.000000 -0.000000
vn 1.000000 -0.000000 -0.000000
vn 1.000000 -0.000000 -0.000000
vn 1.000000 -0.000000 -0.000000
vn 1.000000 -0.000000 -0.000000
vn 1.000000 -0.000000 -0.000000
vn 1.000000 -0.000000 -0.000000
vn 1.000000 -0.000000 -0.000000
vn 1.000000 -0.000000 -0.000000
vn 1.000000 -0.000000 -0.000000
vn 1.000000 -0.000000 -0.000000
vn 1.000000 -0.000000 -0.000000
usemtl Plastic_-_Matte_(Gray)
f 359/759/743 360/760/744 362/761/745
f 362/761/745 360/760/744 361/762/746
f 360/763/747 363/764/748 361/765/749
f 361/765/749 363/764/748 364/766/750
f 364/767/750 363/768/748 392/769/751
f 392/769/751 363/768/748 365/770/752
f 392/769/751 365/770/752 391/771/753
f 391/771/753 365/770/752 366/772/754
f 391/771/753 366/772/754 390/773/755
f 390/773/755 366/772/754 367/774/756
f 390/773/755 367/774/756 389/775/757
f 389/775/757 367/774/756 368/776/758
f 389/775/757 368/776/758 388/777/759
f 388/777/759 368/776/758 369/778/760
f 388/777/759 369/778/760 387/779/761
f 387/779/761 369/778/760 370/780/762
f 387/779/761 370/780/762 386/781/763
f 386/781/763 370/780/762 371/782/764
f 386/781/763 371/782/764 385/783/765
f 385/783/765 371/782/764 372/784/766
f 385/783/765 372/784/766 384/785/767
f 384/785/767 372/784/766 373/786/768
f 384/785/767 373/786/768 383/787/769
f 383/787/769 373/786/768 374/788/770
f 383/787/769 374/788/770 382/789/771
f 382/789/771 374/788/770 375/790/772
f 382/789/771 375/790/772 381/791/773
f 381/791/773 375/790/772 376/792/774
f 381/791/773 376/792/774 380/793/775
f 380/793/775 376/792/774 377/794/776
f 380/793/775 377/794/776 379/795/777
f 379/795/777 377/794/776 378/796/778
f 378/797/778 393/798/779 379/799/777
f 379/799/777 393/798/779 394/800/780
f 393/801/781 359/802/782 394/803/783
f 394/803/783 359/802/782 362/804/784
f 359/805/785 393/806/786 360/807/787
f 360/807/787 393/806/786 363/808/788
f 363/808/788 393/806/786 378/809/789
f 363/808/788 378/809/789 365/810/790
f 365/810/790 378/809/789 366/811/791
f 366/811/791 378/809/789 367/812/792
f 367/812/792 378/809/789 368/813/793
f 368/813/793 378/809/789 369/814/794
f 369/814/794 378/809/789 370/815/795
f 370/815/795 378/809/789 371/816/796
f 371/816/796 378/809/789 372/817/797
f 372/817/797 378/809/789 373/818/798
f 373/818/798 378/809/789 377/819/799
f 373/818/798 377/819/799 374/820/800
f 374/820/800 377/819/799 376/821/801
f 374/820/800 376/821/801 375/822/802
f 362/823/803 361/824/804 394/825/805
f 394/825/805 361/824/804 364/826/806
f 394/825/805 364/826/806 379/827/807
f 379/827/807 364/826/806 392/828/808
f 379/827/807 392/828/808 391/829/809
f 391/829/809 390/830/810 379/827/807
f 379/827/807 390/830/810 389/831/811
f 379/827/807 389/831/811 388/832/812
f 388/832/812 387/833/813 379/827/807
f 379/827/807 387/833/813 386/834/814
f 379/827/807 386/834/814 385/835/815
f 385/835/815 384/836/816 379/827/807
f 379/827/807 384/836/816 380/837/817
f 380/837/817 384/836/816 383/838/818
f 380/837/817 383/838/818 381/839/819
f 381/839/819 383/838/818 382/840/820
g Body9

v -9.500000 20.300000 2.650000
v -9.500000 20.329598 3.044962
v -9.500000 20.417732 3.431101
v -9.500000 20.562433 3.799792
v -9.500000 20.760467 4.142798
v -9.500000 21.007413 4.452458
v -9.500000 21.297752 4.721853
v -9.500000 21.625000 4.944967
v -9.500000 21.981846 5.116815
v -9.500000 22.360320 5.233559
v -9.500000 22.751965 5.292590
v -9.500000 23.148035 5.292590
v -9.500000 23.539680 5.233559
v -9.500000 23.918154 5.116815
v -9.500000 24.275000 4.944967
v -9.500000 24.602248 4.721853
v -9.500000 24.892587 4.452458
v -9.500000 25.139533 4.142798
v -9.500000 25.337567 3.799792
v -9.500000 25.482268 3.431101
v -9.500000 25.570402 3.044962
v -9.500000 25.600000 2.650000
v -9.500000 25.570402 2.255038
v -9.500000 25.482268 1.868899
v -9.500000 25.337567 1.500208
v -9.500000 25.139533 1.157202
v -9.500000 24.892587 0.847542
v -9.500000 24.602248 0.578147
v -9.500000 24.275000 0.355033
v -9.500000 23.918154 0.183185
v -9.500000 23.539680 0.066441
v -9.500000 23.148035 0.007410
v -9.500000 22.751965 0.007410
v -9.500000 22.360320 0.066441
v -9.500000 21.981846 0.183185
v -9.500000 21.625000 0.355033
v -9.500000 21.297752 0.578147
v -9.500000 21.007413 0.847542
v -9.500000 20.760467 1.157202
v -9.500000 20.562433 1.500208
v -9.500000 20.417732 1.868899
v -9.500000 20.329598 2.255038
v -10.000000 20.300000 2.650000
v -10.000000 20.329598 2.255038
v -10.000000 20.417732 1.868899
v -10.000000 20.562433 1.500208
v -10.000000 20.760467 1.157202
v -10.000000 21.007413 0.847542
v -10.000000 21.297752 0.578147
v -10.000000 21.625000 0.355033
v -10.000000 21.981846 0.183185
v -10.000000 22.360320 0.066441
v -10.000000 22.751965 0.007410
v -10.000000 23.148035 0.007410
v -10.000000 23.539680 0.066441
v -10.000000 23.918154 0.183185
v -10.000000 24.275000 0.355033
v -10.000000 24.602248 0.578147
v -10.000000 24.892587 0.847542
v -10.000000 25.139533 1.157202
v -10.000000 25.337567 1.500208
v -10.000000 25.482268 1.868899
v -10.000000 25.570402 2.255038
v -10.000000 25.600000 2.650000
v -10.000000 25.570402 3.044962
v -10.000000 25.482268 3.431101
v -10.000000 25.337567 3.799792
v -10.000000 25.139533 4.142798
v -10.000000 24.892587 4.452458
v -10.000000 24.602248 4.721853
v -10.000000 24.275000 4.944967
v -10.000000 23.918154 5.116815
v -10.000000 23.539680 5.233559
v -10.000000 23.148035 5.292590
v -10.000000 22.751965 5.292590
v -10.000000 22.360320 5.233559
v -10.000000 21.981846 5.116815
v -10.000000 21.625000 4.944967
v -10.000000 21.297752 4.721853
v -10.000000 21.007413 4.452458
v -10.000000 20.760467 4.142798
v -10.000000 20.562433 3.799792
v -10.000000 20.417732 3.431101
v -10.000000 20.329598 3.044962
vt 0.500000 -7.928781 0.000000
vt -0.000000 -7.928781 0.000000
vt 0.500000 -8.325221 0.000000
vt -0.000000 -8.325221 0.000000
vt 0.500000 8.325221 0.000000
vt -0.000000 8.325221 0.000000
vt 0.500000 7.928781 0.000000
vt -0.000000 7.928781 0.000000
vt 0.500000 7.532342 0.000000
vt -0.000000 7.532342 0.000000
vt 0.500000 7.135903 0.000000
vt -0.000000 7.135903 0.000000
vt 0.500000 6.739464 0.000000
vt -0.000000 6.739464 0.000000
vt 0.500000 6.343025 0.000000
vt -0.000000 6.343025 0.000000
vt 0.500000 5.946586 0.000000
vt -0.000000 5.946586 0.000000
vt 0.500000 5.550147 0.000000
vt -0.000000 5.550147 0.000000
vt 0.500000 5.153708 0.000000
vt -0.000000 5.153708 0.000000
vt 0.500000 4.757269 0.000000
vt -0.000000 4.757269 0.000000
vt 0.500000 4.360830 0.000000
vt -0.000000 4.360830 0.000000
vt 0.500000 3.964391 0.000000
vt -0.000000 3.964391 0.000000
vt 0.500000 3.567952 0.000000
vt -0.000000 3.567952 0.000000
vt 0.500000 3.171513 0.000000
vt -0.000000 3.171513 0.000000
vt 0.500000 2.775074 0.000000
vt -0.000000 2.775074 0.000000
vt 0.500000 2.378634 0.000000
vt -0.000000 2.378634 0.000000
vt 0.500000 1.982195 0.000000
vt -0.000000 1.982195 0.000000
vt 0.500000 1.585756 0.000000
vt -0.000000 1.585756 0.000000
vt 0.500000 1.189317 0.000000
vt -0.000000 1.189317 0.000000
vt 0.500000 0.792878 0.000000
vt -0.000000 0.792878 0.000000
vt 0.500000 0.396439 0.000000
vt -0.000000 0.396439 0.000000
vt 0.500000 0.000000 0.000000
vt -0.000000 0.000000 0.000000
vt 0.500000 -0.396439 0.000000
vt -0.000000 -0.396439 0.000000
vt 0.500000 -0.792878 0.000000
vt 0.000000 -0.792878 0.000000
vt 0.500000 -1.189317 0.000000
vt -0.000000 -1.189317 0.000000
vt 0.500000 -1.585756 0.000000
vt -0.000000 -1.585756 0.000000
vt 0.500000 -1.982195 0.000000
vt 0.000000 -1.982195 0.000000
vt 0.500000 -2.378634 0.000000
vt 0.000000 -2.378634 0.000000
vt 0.500000 -2.775074 0.000000
vt 0.000000 -2.775074 0.000000
vt 0.500000 -3.171513 0.000000
vt 0.000000 -3.171513 0.000000
vt 0.500000 -3.567952 0.000000
vt -0.000000 -3.567952 0.000000
vt 0.500000 -3.964391 0.000000
vt -0.000000 -3.964391 0.000000
vt 0.500000 -4.360830 0.000000
vt -0.000000 -4.360830 0.000000
vt 0.500000 -4.757269 0.000000
vt -0.000000 -4.757269 0.000000
vt 0.500000 -5.153708 0.000000
vt -0.000000 -5.153708 0.000000
vt 0.500000 -5.550147 0.000000
vt -0.000000 -5.550147 0.000000
vt 0.500000 -5.946586 0.000000
vt -0.000000 -5.946586 0.000000
vt 0.500000 -6.343025 0.000000
vt -0.000000 -6.343025 0.000000
vt 0.500000 -6.739464 0.000000
vt -0.000000 -6.739464 0.000000
vt 0.500000 -7.135903 0.000000
vt -0.000000 -7.135903 0.000000
vt 0.500000 -7.532342 0.000000
vt -0.000000 -7.532342 0.000000
vt 0.000000 -2.650000 0.000000
vt 0.394962 -2.620402 0.000000
vt -0.394962 -2.620402 0.000000
vt -0.781101 -2.532268 0.000000
vt 0.781101 -2.532268 0.000000
vt -1.149792 -2.387567 0.000000
vt 1.149792 -2.387567 0.000000
vt -1.492798 -2.189533 0.000000
vt 1.492798 -2.189533 0.000000
vt -1.802458 -1.942587 0.000000
vt 1.802458 -1.942587 0.000000
vt -2.071853 -1.652248 0.000000
vt 2.071853 -1.652248 0.000000
vt -2.294967 -1.325000 0.000000
vt 2.294967 -1.325000 0.000000
vt -2.466815 -0.968154 0.000000
vt -2.583559 -0.589680 0.000000
vt -2.642590 -0.198035 0.000000
vt -2.642590 0.198035 0.000000
vt -2.583559 0.589680 0.000000
vt -2.466815 0.968154 0.000000
vt -2.294967 1.325000 0.000000
vt -2.071853 1.652248 0.000000
vt -1.802458 1.942587 0.000000
vt -1.492798 2.189533 0.000000
vt -1.149792 2.387567 0.000000
vt -0.781101 2.532268 0.000000
vt -0.394962 2.620402 0.000000
vt 0.000000 2.650000 0.000000
vt 0.394962 2.620402 0.000000
vt 0.781101 2.532268 0.000000
vt 1.149792 2.387567 0.000000
vt 1.492798 2.189533 0.000000
vt 1.802458 1.942587 0.000000
vt 2.466815 -0.968154 0.000000
vt 2.071853 1.652248 0.000000
vt 2.294967 1.325000 0.000000
vt 2.466815 0.968154 0.000000
vt 2.583559 -0.589680 0.000000
vt 2.583559 0.589680 0.000000
vt 2.642590 -0.198035 0.000000
vt 2.642590 0.198035 0.000000
vt -0.000000 -2.650000 0.000000
vt 0.394962 -2.620402 0.000000
vt -0.394962 -2.620402 0.000000
vt -0.781101 -2.532268 0.000000
vt 0.781101 -2.532268 0.000000
vt -1.149792 -2.387567 0.000000
vt 1.149792 -2.387567 0.000000
vt -1.492798 -2.189533 0.000000
vt 1.492798 -2.189533 0.000000
vt -1.802458 -1.942587 0.000000
vt 1.802458 -1.942587 0.000000
vt -2.071853 -1.652248 0.000000
vt 2.071853 -1.652248 0.000000
vt -2.294967 -1.325000 0.000000
vt 2.294967 -1.325000 0.000000
vt -2.466815 -0.968154 0.000000
vt -2.583559 -0.589680 0.000000
vt -2.642590 -0.198035 0.000000
vt -2.642590 0.198035 0.000000
vt -2.583559 0.589680 0.000000
vt -2.466815 0.968154 0.000000
vt -2.294967 1.325000 0.000000
vt -2.071853 1.652248 0.000000
vt -1.802458 1.942587 0.000000
vt -1.492798 2.189533 0.000000
vt -1.149792 2.387567 0.000000
vt -0.781101 2.532268 0.000000
vt -0.394962 2.620402 0.000000
vt -0.000000 2.650000 0.000000
vt 0.394962 2.620402 0.000000
vt 0.781101 2.532268 0.000000
vt 1.149792 2.387567 0.000000
vt 1.492798 2.189533 0.000000
vt 1.802458 1.942587 0.000000
vt 2.466815 -0.968154 0.000000
vt 2.071853 1.652248 0.000000
vt 2.294967 1.325000 0.000000
vt 2.466815 0.968154 0.000000
vt 2.583559 -0.589680 0.000000
vt 2.583559 0.589680 0.000000
vt 2.642590 -0.198035 0.000000
vt 2.642590 0.198035 0.000000
vn 0.000000 -0.988831 0.149042
vn 0.000000 -0.988831 0.149042
vn 0.000000 -1.000000 0.000000
vn 0.000000 -1.000000 0.000000
vn 0.000000 -0.988831 -0.149042
vn 0.000000 -0.988831 -0.149042
vn 0.000000 -0.955573 -0.294755
vn 0.000000 -0.955573 -0.294755
vn 0.000000 -0.900969 -0.433884
vn 0.000000 -0.900969 -0.433884
vn 0.000000 -0.826239 -0.563320
vn 0.000000 -0.826239 -0.563320
vn 0.000000 -0.733052 -0.680173
vn 0.000000 -0.733052 -0.680173
vn 0.000000 -0.623490 -0.781831
vn 0.000000 -0.623490 -0.781831
vn 0.000000 -0.500000 -0.866025
vn 0.000000 -0.500000 -0.866025
vn 0.000000 -0.365341 -0.930874
vn 0.000000 -0.365341 -0.930874
vn 0.000000 -0.222521 -0.974928
vn 0.000000 -0.222521 -0.974928
vn 0.000000 -0.074730 -0.997204
vn 0.000000 -0.074730 -0.997204
vn 0.000000 0.074730 -0.997204
vn 0.000000 0.074730 -0.997204
vn 0.000000 0.222521 -0.974928
vn 0.000000 0.222521 -0.974928
vn 0.000000 0.365341 -0.930874
vn 0.000000 0.365341 -0.930874
vn 0.000000 0.500000 -0.866025
vn 0.000000 0.500000 -0.866025
vn 0.000000 0.623490 -0.781831
vn 0.000000 0.623490 -0.781831
vn 0.000000 0.733052 -0.680173
vn 0.000000 0.733052 -0.680173
vn 0.000000 0.826239 -0.563320
vn 0.000000 0.826239 -0.563320
vn 0.000000 0.900969 -0.433884
vn 0.000000 0.900969 -0.433884
vn 0.000000 0.955573 -0.294755
vn 0.000000 0.955573 -0.294755
vn 0.000000 0.988831 -0.149042
vn 0.000000 0.988831 -0.149042
vn -0.000000 1.000000 0.000000
vn -0.000000 1.000000 0.000000
vn -0.000000 0.988831 0.149042
vn -0.000000 0.988831 0.149042
vn -0.000000 0.955573 0.294755
vn -0.000000 0.955573 0.294755
vn -0.000000 0.900969 0.433884
vn -0.000000 0.900969 0.433884
vn -0.000000 0.826239 0.563320
vn -0.000000 0.826239 0.563320
vn -0.000000 0.733052 0.680173
vn -0.000000 0.733052 0.680173
vn -0.000000 0.623490 0.781831
vn -0.000000 0.623490 0.781831
vn -0.000000 0.500000 0.866025
vn -0.000000 0.500000 0.866025
vn -0.000000 0.365341 0.930874
vn -0.000000 0.365341 0.930874
vn -0.000000 0.222521 0.974928
vn -0.000000 0.222521 0.974928
vn -0.000000 0.074730 0.997204
vn -0.000000 0.074730 0.997204
vn 0.000000 -0.074730 0.997204
vn 0.000000 -0.074730 0.997204
vn 0.000000 -0.222521 0.974928
vn 0.000000 -0.222521 0.974928
vn 0.000000 -0.365341 0.930874
vn 0.000000 -0.365341 0.930874
vn 0.000000 -0.500000 0.866025
vn 0.000000 -0.500000 0.866025
vn 0.000000 -0.623490 0.781831
vn 0.000000 -0.623490 0.781831
vn 0.000000 -0.733052 0.680173
vn 0.000000 -0.733052 0.680173
vn 0.000000 -0.826239 0.563320
vn 0.000000 -0.826239 0.563320
vn 0.000000 -0.900969 0.433884
vn 0.000000 -0.900969 0.433884
vn 0.000000 -0.955573 0.294755
vn 0.000000 -0.955573 0.294755
vn -1.000000 0.000000 0.000000
vn -1.000000 0.000000 0.000000
vn -1.000000 0.000000 0.000000
vn -1.000000 0.000000 0.000000
vn -1.000000 0.000000 0.000000
vn -1.000000 0.000000 0.000000
vn -1.000000 0.000000 0.000000
vn -1.000000 0.000000 0.000000
vn -1.000000 0.000000 0.000000
vn -1.000000 0.000000 0.000000
vn -1.000000 0.000000 0.000000
vn -1.000000 0.000000 0.000000
vn -1.000000 0.000000 0.000000
vn -1.000000 0.000000 0.000000
vn -1.000000 0.000000 0.000000
vn -1.000000 0.000000 0.000000
vn -1.000000 0.000000 0.000000
vn -1.000000 0.000000 0.000000
vn -1.000000 0.000000 0.000000
vn -1.000000 0.000000 0.000000
vn -1.000000 0.000000 0.000000
vn -1.000000 0.000000 0.000000
vn -1.000000 0.000000 0.000000
vn -1.000000 0.000000 0.000000
vn -1.000000 0.000000 0.000000
vn -1.000000 0.000000 0.000000
vn -1.000000 0.000000 0.000000
vn -1.000000 0.000000 0.000000
vn -1.000000 0.000000 0.000000
vn -1.000000 0.000000 0.000000
vn -1.000000 0.000000 0.000000
vn -1.000000 0.000000 0.000000
vn -1.000000 0.000000 0.000000
vn -1.000000 0.000000 0.000000
vn -1.000000 0.000000 0.000000
vn -1.000000 0.000000 0.000000
vn -1.000000 0.000000 0.000000
vn -1.000000 0.000000 0.000000
vn -1.000000 0.000000 0.000000
vn -1.000000 0.000000 0.000000
vn -1.000000 0.000000 0.000000
vn -1.000000 0.000000 0.000000
vn 1.000000 -0.000000 -0.000000
vn 1.000000 -0.000000 -0.000000
vn 1.000000 -0.000000 -0.000000
vn 1.000000 -0.000000 -0.000000
vn 1.000000 -0.000000 -0.000000
vn 1.000000 -0.000000 -0.000000
vn 1.000000 -0.000000 -0.000000
vn 1.000000 -0.000000 -0.000000
vn 1.000000 -0.000000 -0.000000
vn 1.000000 -0.000000 -0.000000
vn 1.000000 -0.000000 -0.000000
vn 1.000000 -0.000000 -0.000000
vn 1.000000 -0.000000 -0.000000
vn 1.000000 -0.000000 -0.000000
vn 1.000000 -0.000000 -0.000000
vn 1.000000 -0.000000 -0.000000
vn 1.000000 -0.000000 -0.000000
vn 1.000000 -0.000000 -0.000000
vn 1.000000 -0.000000 -0.000000
vn 1.000000 -0.000000 -0.000000
vn 1.000000 -0.000000 -0.000000
vn 1.000000 -0.000000 -0.000000
vn 1.000000 -0.000000 -0.000000
vn 1.000000 -0.000000 -0.000000
vn 1.000000 -0.000000 -0.000000
vn 1.000000 -0.000000 -0.000000
vn 1.000000 -0.000000 -0.000000
vn 1.000000 -0.000000 -0.000000
vn 1.000000 -0.000000 -0.000000
vn 1.000000 -0.000000 -0.000000
vn 1.000000 -0.000000 -0.000000
vn 1.000000 -0.000000 -0.000000
vn 1.000000 -0.000000 -0.000000
vn 1.000000 -0.000000 -0.000000
vn 1.000000 -0.000000 -0.000000
vn 1.000000 -0.000000 -0.000000
vn 1.000000 -0.000000 -0.000000
vn 1.000000 -0.000000 -0.000000
vn 1.000000 -0.000000 -0.000000
vn 1.000000 -0.000000 -0.000000
vn 1.000000 -0.000000 -0.000000
vn 1.000000 -0.000000 -0.000000
usemtl Plastic_-_Matte_(Green)
f 396/841/821 478/842/822 395/843/823
f 395/843/823 478/842/822 437/844/824
f 395/845/823 437/846/824 436/847/825
f 436/847/825 437/846/824 438/848/826
f 436/847/825 438/848/826 435/849/827
f 435/849/827 438/848/826 439/850/828
f 435/849/827 439/850/828 434/851/829
f 434/851/829 439/850/828 440/852/830
f 434/851/829 440/852/830 433/853/831
f 433/853/831 440/852/830 441/854/832
f 433/853/831 441/854/832 432/855/833
f 432/855/833 441/854/832 442/856/834
f 432/855/833 442/856/834 431/857/835
f 431/857/835 442/856/834 443/858/836
f 431/857/835 443/858/836 430/859/837
f 430/859/837 443/858/836 444/860/838
f 430/859/837 444/860/838 429/861/839
f 429/861/839 444/860/838 445/862/840
f 429/861/839 445/862/840 428/863/841
f 428/863/841 445/862/840 446/864/842
f 428/863/841 446/864/842 427/865/843
f 427/865/843 446/864/842 447/866/844
f 427/865/843 447/866/844 426/867/845
f 426/867/845 447/866/844 448/868/846
f 426/867/845 448/868/846 425/869/847
f 425/869/847 448/868/846 449/870/848
f 425/869/847 449/870/848 424/871/849
f 424/871/849 449/870/848 450/872/850
f 424/871/849 450/872/850 423/873/851
f 423/873/851 450/872/850 451/874/852
f 423/873/851 451/874/852 422/875/853
f 422/875/853 451/874/852 452/876/854
f 422/875/853 452/876/854 421/877/855
f 421/877/855 452/876/854 453/878/856
f 421/877/855 453/878/856 420/879/857
f 420/879/857 453/878/856 454/880/858
f 420/879/857 454/880/858 419/881/859
f 419/881/859 454/880/858 455/882/860
f 419/881/859 455/882/860 418/883/861
f 418/883/861 455/882/860 456/884/862
f 418/883/861 456/884/862 417/885/863
f 417/885/863 456/884/862 457/886/864
f 417/885/863 457/886/864 416/887/865
f 416/887/865 457/886/864 458/888/866
f 416/887/865 458/888/866 415/889/867
f 415/889/867 458/888/866 459/890/868
f 415/889/867 459/890/868 414/891/869
f 414/891/869 459/890/868 460/892/870
f 414/891/869 460/892/870 413/893/871
f 413/893/871 460/892/870 461/894/872
f 413/893/871 461/894/872 412/895/873
f 412/895/873 461/894/872 462/896/874
f 412/895/873 462/896/874 411/897/875
f 411/897/875 462/896/874 463/898/876
f 411/897/875 463/898/876 410/899/877
f 410/899/877 463/898/876 464/900/878
f 410/899/877 464/900/878 409/901/879
f 409/901/879 464/900/878 465/902/880
f 409/901/879 465/902/880 408/903/881
f 408/903/881 465/902/880 466/904/882
f 408/903/881 466/904/882 407/905/883
f 407/905/883 466/904/882 467/906/884
f 407/905/883 467/906/884 406/907/885
f 406/907/885 467/906/884 468/908/886
f 406/907/885 468/908/886 405/909/887
f 405/909/887 468/908/886 469/910/888
f 405/909/887 469/910/888 404/911/889
f 404/911/889 469/910/888 470/912/890
f 404/911/889 470/912/890 403/913/891
f 403/913/891 470/912/890 471/914/892
f 403/913/891 471/914/892 402/915/893
f 402/915/893 471/914/892 472/916/894
f 402/915/893 472/916/894 401/917/895
f 401/917/895 472/916/894 473/918/896
f 401/917/895 473/918/896 400/919/897
f 400/919/897 473/918/896 474/920/898
f 400/919/897 474/920/898 399/921/899
f 399/921/899 474/920/898 475/922/900
f 399/921/899 475/922/900 398/923/901
f 398/923/901 475/922/900 476/924/902
f 398/923/901 476/924/902 397/925/903
f 397/925/903 476/924/902 477/926/904
f 397/925/903 477/926/904 396/841/821
f 396/841/821 477/926/904 478/842/822
f 437/927/905 478/928/906 438/929/907
f 438/929/907 478/928/906 439/930/908
f 439/930/908 478/928/906 477/931/909
f 439/930/908 477/931/909 440/932/910
f 440/932/910 477/931/909 476/933/911
f 440/932/910 476/933/911 441/934/912
f 441/934/912 476/933/911 475/935/913
f 441/934/912 475/935/913 442/936/914
f 442/936/914 475/935/913 474/937/915
f 442/936/914 474/937/915 443/938/916
f 443/938/916 474/937/915 473/939/917
f 443/938/916 473/939/917 444/940/918
f 444/940/918 473/939/917 472/941/919
f 444/940/918 472/941/919 445/942/920
f 445/942/920 472/941/919 446/943/921
f 446/943/921 472/941/919 447/944/922
f 447/944/922 472/941/919 448/945/923
f 448/945/923 472/941/919 449/946/924
f 449/946/924 472/941/919 450/947/925
f 450/947/925 472/941/919 451/948/926
f 451/948/926 472/941/919 452/949/927
f 452/949/927 472/941/919 453/950/928
f 453/950/928 472/941/919 454/951/929
f 454/951/929 472/941/919 455/952/930
f 455/952/930 472/941/919 456/953/931
f 456/953/931 472/941/919 457/954/932
f 457/954/932 472/941/919 458/955/933
f 458/955/933 472/941/919 459/956/934
f 459/956/934 472/941/919 460/957/935
f 460/957/935 472/941/919 461/958/936
f 461/958/936 472/941/919 462/959/937
f 462/959/937 472/941/919 463/960/938
f 463/960/938 472/941/919 471/961/939
f 463/960/938 471/961/939 464/962/940
f 464/962/940 471/961/939 465/963/941
f 465/963/941 471/961/939 466/964/942
f 466/964/942 471/961/939 470/965/943
f 466/964/942 470/965/943 467/966/944
f 467/966/944 470/965/943 469/967/945
f 467/966/944 469/967/945 468/968/946
f 395/969/947 436/970/948 396/971/949
f 396/971/949 436/970/948 397/972/950
f 397/972/950 436/970/948 435/973/951
f 397/972/950 435/973/951 398/974/952
f 398/974/952 435/973/951 434/975/953
f 398/974/952 434/975/953 399/976/954
f 399/976/954 434/975/953 433/977/955
f 399/976/954 433/977/955 400/978/956
f 400/978/956 433/977/955 432/979/957
f 400/978/956 432/979/957 401/980/958
f 401/980/958 432/979/957 431/981/959
f 401/980/958 431/981/959 402/982/960
f 402/982/960 431/981/959 430/983/961
f 402/982/960 430/983/961 403/984/962
f 403/984/962 430/983/961 404/985/963
f 404/985/963 430/983/961 405/986/964
f 405/986/964 430/983/961 406/987/965
f 406/987/965 430/983/961 407/988/966
f 407/988/966 430/983/961 408/989/967
f 408/989/967 430/983/961 409/990/968
f 409/990/968 430/983/961 410/991/969
f 410/991/969 430/983/961 411/992/970
f 411/992/970 430/983/961 412/993/971
f 412/993/971 430/983/961 413/994/972
f 413/994/972 430/983/961 414/995/973
f 414/995/973 430/983/961 415/996/974
f 415/996/974 430/983/961 416/997/975
f 416/997/975 430/983/961 417/998/976
f 417/998/976 430/983/961 418/999/977
f 418/999/977 430/983/961 419/1000/978
f 419/1000/978 430/983/961 420/1001/979
f 420/1001/979 430/983/961 421/1002/980
f 421/1002/980 430/983/961 429/1003/981
f 421/1002/980 429/1003/981 422/1004/982
f 422/1004/982 429/1003/981 423/1005/983
f 423/1005/983 429/1003/981 424/1006/984
f 424/1006/984 429/1003/981 428/1007/985
f 424/1006/984 428/1007/985 425/1008/986
f 425/1008/986 428/1007/985 427/1009/987
f 425/1008/986 427/1009/987 426/1010/988
g Body10

v 7.500000 18.500000 10.200000
v 8.000000 18.500000 10.200000
v 8.000000 10.500000 10.200000
v 8.000000 2.500000 10.200000
v 7.500000 2.500000 10.200000
v 7.500000 10.500000 10.200000
v 8.000000 18.500000 21.200000
v 8.000000 18.500000 32.200000
v 8.000000 10.500000 32.200000
v 8.000000 2.500000 32.200000
v 8.000000 2.500000 21.200000
v 8.000000 10.500000 21.200000
v 7.500000 2.500000 32.200000
v 7.500000 2.500000 21.200000
v 7.500000 10.500000 32.200000
v 7.500000 18.500000 32.200000
v 7.500000 18.500000 21.200000
v 7.500000 10.500000 21.200000
vt -7.500000 8.000000 0.000000
vt -8.000000 8.000000 0.000000
vt -7.500000 0.000000 0.000000
vt -8.000000 0.000000 0.000000
vt -7.500000 -8.000000 0.000000
vt -8.000000 -8.000000 0.000000
vt 8.000000 -3.000000 0.000000
vt 16.000000 -3.000000 0.000000
vt 8.000000 8.000000 0.000000
vt 16.000000 8.000000 0.000000
vt 8.000000 19.000000 0.000000
vt 16.000000 19.000000 0.000000
vt 0.000000 19.000000 0.000000
vt 0.000000 8.000000 0.000000
vt -0.000000 -3.000000 0.000000
vt 0.000000 -3.000000 0.000000
vt 0.500000 -3.000000 0.000000
vt 0.000000 8.000000 0.000000
vt 0.500000 8.000000 0.000000
vt 0.000000 19.000000 0.000000
vt 0.500000 19.000000 0.000000
vt 8.000000 -3.000000 0.000000
vt 16.000000 -3.000000 0.000000
vt 8.000000 8.000000 0.000000
vt 16.000000 8.000000 0.000000
vt 8.000000 19.000000 0.000000
vt 16.000000 19.000000 0.000000
vt -0.000000 19.000000 0.000000
vt -0.000000 8.000000 0.000000
vt 0.000000 -3.000000 0.000000
vt 0.000000 -3.000000 0.000000
vt 0.500000 -3.000000 0.000000
vt 0.000000 8.000000 0.000000
vt 0.500000 8.000000 0.000000
vt 0.000000 19.000000 0.000000
vt 0.500000 19.000000 0.000000
vt 8.000000 8.000000 0.000000
vt 7.500000 8.000000 0.000000
vt 8.000000 0.000000 0.000000
vt 7.500000 0.000000 0.000000
vt 8.000000 -8.000000 0.000000
vt 7.500000 -8.000000 0.000000
vn 0.000000 0.000000 -1.000000
vn 0.000000 0.000000 -1.000000
vn 0.000000 0.000000 -1.000000
vn 0.000000 0.000000 -1.000000
vn 0.000000 0.000000 -1.000000
vn 0.000000 0.000000 -1.000000
vn 1.000000 0.000000 -0.000000
vn 1.000000 0.000000 -0.000000
vn 1.000000 0.000000 -0.000000
vn 1.000000 0.000000 -0.000000
vn 1.000000 0.000000 -0.000000
vn 1.000000 0.000000 -0.000000
vn 1.000000 0.000000 -0.000000
vn 1.000000 0.000000 -0.000000
vn 1.000000 0.000000 -0.000000
vn 0.000000 -1.000000 0.000000
vn 0.000000 -1.000000 0.000000
vn 0.000000 -1.000000 0.000000
vn 0.000000 -1.000000 0.000000
vn 0.000000 -1.000000 0.000000
vn 0.000000 -1.000000 0.000000
vn -1.000000 0.000000 0.000000
vn -1.000000 0.000000 0.000000
vn -1.000000 0.000000 0.000000
vn -1.000000 0.000000 0.000000
vn -1.000000 0.000000 0.000000
vn -1.000000 0.000000 0.000000
vn -1.000000 0.000000 0.000000
vn -1.000000 0.000000 0.000000
vn -1.000000 0.000000 0.000000
vn 0.000000 1.000000 -0.000000
vn 0.000000 1.000000 -0.000000
vn 0.000000 1.000000 -0.000000
vn 0.000000 1.000000 -0.000000
vn 0.000000 1.000000 -0.000000
vn 0.000000 1.000000 -0.000000
vn 0.000000 0.000000 1.000000
vn 0.000000 0.000000 1.000000
vn 0.000000 0.000000 1.000000
vn 0.000000 0.000000 1.000000
vn 0.000000 0.000000 1.000000
vn 0.000000 0.000000 1.000000
usemtl Plastic_-_Matte_(Black)
f 479/1011/989 480/1012/990 484/1013/991
f 484/1013/991 480/1012/990 481/1014/992
f 484/1013/991 481/1014/992 483/1015/993
f 483/1015/993 481/1014/992 482/1016/994
f 481/1017/995 480/1018/996 490/1019/997
f 490/1019/997 480/1018/996 485/1020/998
f 490/1019/997 485/1020/998 487/1021/999
f 487/1021/999 485/1020/998 486/1022/1000
f 487/1021/999 488/1023/1001 490/1019/997
f 490/1019/997 488/1023/1001 489/1024/1002
f 490/1019/997 489/1024/1002 481/1017/995
f 481/1017/995 489/1024/1002 482/1025/1003
f 483/1026/1004 482/1027/1005 492/1028/1006
f 492/1028/1006 482/1027/1005 489/1029/1007
f 492/1028/1006 489/1029/1007 491/1030/1008
f 491/1030/1008 489/1029/1007 488/1031/1009
f 484/1032/1010 483/1033/1011 496/1034/1012
f 496/1034/1012 483/1033/1011 492/1035/1013
f 496/1034/1012 492/1035/1013 493/1036/1014
f 493/1036/1014 492/1035/1013 491/1037/1015
f 493/1036/1014 494/1038/1016 496/1034/1012
f 496/1034/1012 494/1038/1016 495/1039/1017
f 496/1034/1012 495/1039/1017 484/1032/1010
f 484/1032/1010 495/1039/1017 479/1040/1018
f 480/1041/1019 479/1042/1020 485/1043/1021
f 485/1043/1021 479/1042/1020 495/1044/1022
f 485/1043/1021 495/1044/1022 486/1045/1023
f 486/1045/1023 495/1044/1022 494/1046/1024
f 486/1047/1025 494/1048/1026 487/1049/1027
f 487/1049/1027 494/1048/1026 493/1050/1028
f 487/1049/1027 493/1050/1028 488/1051/1029
f 488/1051/1029 493/1050/1028 491/1052/1030
g Body11

v -7.500000 2.500000 10.200000
v -8.000000 2.500000 10.200000
v -8.000000 10.500000 10.200000
v -8.000000 18.500000 10.200000
v -7.500000 18.500000 10.200000
v -7.500000 10.500000 10.200000
v -8.000000 2.500000 21.200000
v -8.000000 2.500000 32.200000
v -8.000000 10.500000 32.200000
v -8.000000 18.500000 32.200000
v -8.000000 18.500000 21.200000
v -8.000000 10.500000 21.200000
v -7.500000 18.500000 32.200000
v -7.500000 18.500000 21.200000
v -7.500000 10.500000 32.200000
v -7.500000 2.500000 32.200000
v -7.500000 2.500000 21.200000
v -7.500000 10.500000 21.200000
vt 7.500000 -8.000000 0.000000
vt 8.000000 -8.000000 0.000000
vt 7.500000 0.000000 0.000000
vt 8.000000 0.000000 0.000000
vt 7.500000 8.000000 0.000000
vt 8.000000 8.000000 0.000000
vt 8.000000 -3.000000 0.000000
vt 16.000000 -3.000000 0.000000
vt 8.000000 8.000000 0.000000
vt 16.000000 8.000000 0.000000
vt 8.000000 19.000000 0.000000
vt 16.000000 19.000000 0.000000
vt -0.000000 19.000000 0.000000
vt -0.000000 8.000000 0.000000
vt 0.000000 -3.000000 0.000000
vt -0.000000 -3.000000 0.000000
vt 0.500000 -3.000000 0.000000
vt 0.000000 8.000000 0.000000
vt 0.500000 8.000000 0.000000
vt 0.000000 19.000000 0.000000
vt 0.500000 19.000000 0.000000
vt 8.000000 -3.000000 0.000000
vt 16.000000 -3.000000 0.000000
vt 8.000000 8.000000 0.000000
vt 16.000000 8.000000 0.000000
vt 8.000000 19.000000 0.000000
vt 16.000000 19.000000 0.000000
vt 0.000000 19.000000 0.000000
vt 0.000000 8.000000 0.000000
vt -0.000000 -3.000000 0.000000
vt 0.000000 -3.000000 0.000000
vt 0.500000 -3.000000 0.000000
vt 0.000000 8.000000 0.000000
vt 0.500000 8.000000 0.000000
vt 0.000000 19.000000 0.000000
vt 0.500000 19.000000 0.000000
vt -8.000000 -8.000000 0.000000
vt -7.500000 -8.000000 0.000000
vt -8.000000 0.000000 0.000000
vt -7.500000 0.000000 0.000000
vt -8.000000 8.000000 0.000000
vt -7.500000 8.000000 0.000000
vn 0.000000 0.000000 -1.000000
vn 0.000000 0.000000 -1.000000
vn 0.000000 0.000000 -1.000000
vn 0.000000 0.000000 -1.000000
vn 0.000000 0.000000 -1.000000
vn 0.000000 0.000000 -1.000000
vn -1.000000 0.000000 0.000000
vn -1.000000 0.000000 0.000000
vn -1.000000 0.000000 0.000000
vn -1.000000 0.000000 0.000000
vn -1.000000 0.000000 0.000000
vn -1.000000 0.000000 0.000000
vn -1.000000 0.000000 0.000000
vn -1.000000 0.000000 0.000000
vn -1.000000 0.000000 0.000000
vn -0.000000 1.000000 0.000000
vn -0.000000 1.000000 0.000000
vn -0.000000 1.000000 0.000000
vn -0.000000 1.000000 0.000000
vn -0.000000 1.000000 0.000000
vn -0.000000 1.000000 0.000000
vn 1.000000 0.000000 -0.000000
vn 1.000000 0.000000 -0.000000
vn 1.000000 0.000000 -0.000000
vn 1.000000 0.000000 -0.000000
vn 1.000000 0.000000 -0.000000
vn 1.000000 0.000000 -0.000000
vn 1.000000 0.000000 -0.000000
vn 1.000000 0.000000 -0.000000
vn 1.000000 0.000000 -0.000000
vn 0.000000 -1.000000 0.000000
vn 0.000000 -1.000000 0.000000
vn 0.000000 -1.000000 0.000000
vn 0.000000 -1.000000 0.000000
vn 0.000000 -1.000000 0.000000
vn 0.000000 -1.000000 0.000000
vn 0.000000 0.000000 1.000000
vn 0.000000 0.000000 1.000000
vn 0.000000 0.000000 1.000000
vn 0.000000 0.000000 1.000000
vn 0.000000 0.000000 1.000000
vn 0.000000 0.000000 1.000000
f 497/1053/1031 498/1054/1032 502/1055/1033
f 502/1055/1033 498/1054/1032 499/1056/1034
f 502/1055/1033 499/1056/1034 501/1057/1035
f 501/1057/1035 499/1056/1034 500/1058/1036
f 499/1059/1037 498/1060/1038 508/1061/1039
f 508/1061/1039 498/1060/1038 503/1062/1040
f 508/1061/1039 503/1062/1040 505/1063/1041
f 505/1063/1041 503/1062/1040 504/1064/1042
f 505/1063/1041 506/1065/1043 508/1061/1039
f 508/1061/1039 506/1065/1043 507/1066/1044
f 508/1061/1039 507/1066/1044 499/1059/1037
f 499/1059/1037 507/1066/1044 500/1067/1045
f 501/1068/1046 500/1069/1047 510/1070/1048
f 510/1070/1048 500/1069/1047 507/1071/1049
f 510/1070/1048 507/1071/1049 509/1072/1050
f 509/1072/1050 507/1071/1049 506/1073/1051
f 502/1074/1052 501/1075/1053 514/1076/1054
f 514/1076/1054 501/1075/1053 510/1077/1055
f 514/1076/1054 510/1077/1055 511/1078/1056
f 511/1078/1056 510/1077/1055 509/1079/1057
f 511/1078/1056 512/1080/1058 514/1076/1054
f 514/1076/1054 512/1080/1058 513/1081/1059
f 514/1076/1054 513/1081/1059 502/1074/1052
f 502/1074/1052 513/1081/1059 497/1082/1060
f 498/1083/1061 497/1084/1062 503/1085/1063
f 503/1085/1063 497/1084/1062 513/1086/1064
f 503/1085/1063 513/1086/1064 504/1087/1065
f 504/1087/1065 513/1086/1064 512/1088/1066
f 504/1089/1067 512/1090/1068 505/1091/1069
f 505/1091/1069 512/1090/1068 511/1092/1070
f 505/1091/1069 511/1092/1070 506/1093/1071
f 506/1093/1071 511/1092/1070 509/1094/1072
g Body12

v 8.000000 4.500000 32.200000
v 8.000000 11.000000 32.200000
v 8.000000 17.500000 32.200000
v 8.000000 17.500000 38.200000
v 8.000000 17.500000 44.200000
v 8.000000 11.000000 44.200000
v 8.000000 4.500000 44.200000
v 8.000000 4.500000 38.200000
v 7.500000 4.500000 32.200000
v 7.500000 4.500000 44.200000
v 7.500000 4.500000 38.200000
v 7.500000 17.500000 32.200000
v 7.500000 11.000000 32.200000
v 7.500000 11.000000 44.200000
v 7.500000 17.500000 44.200000
v 7.500000 17.500000 38.200000
vt 0.000000 0.000000 0.000000
vt 6.500000 0.000000 0.000000
vt 0.000000 6.000000 0.000000
vt 6.500000 12.000000 0.000000
vt 0.000000 12.000000 0.000000
vt 13.000000 0.000000 0.000000
vt 13.000000 6.000000 0.000000
vt 13.000000 12.000000 0.000000
vt 0.000000 0.000000 0.000000
vt 0.500000 0.000000 0.000000
vt 0.000000 6.000000 0.000000
vt 0.500000 6.000000 0.000000
vt 0.000000 12.000000 0.000000
vt 0.500000 12.000000 0.000000
vt 0.000000 0.000000 0.000000
vt 6.500000 0.000000 0.000000
vt 0.000000 6.000000 0.000000
vt 6.500000 12.000000 0.000000
vt 0.000000 12.000000 0.000000
vt 13.000000 0.000000 0.000000
vt 13.000000 6.000000 0.000000
vt 13.000000 12.000000 0.000000
vt 0.000000 0.000000 0.000000
vt 0.500000 0.000000 0.000000
vt 0.000000 6.000000 0.000000
vt 0.500000 6.000000 0.000000
vt 0.000000 12.000000 0.000000
vt 0.500000 12.000000 0.000000
vt 8.000000 6.500000 0.000000
vt 7.500000 6.500000 0.000000
vt 8.000000 0.000000 0.000000
vt 7.500000 0.000000 0.000000
vt 8.000000 -6.500000 0.000000
vt 7.500000 -6.500000 0.000000
vt -7.500000 6.500000 0.000000
vt -8.000000 6.500000 0.000000
vt -7.500000 0.000000 0.000000
vt -8.000000 0.000000 0.000000
vt -7.500000 -6.500000 0.000000
vt -8.000000 -6.500000 0.000000
vn 1.000000 0.000000 -0.000000
vn 1.000000 0.000000 -0.000000
vn 1.000000 0.000000 -0.000000
vn 1.000000 0.000000 -0.000000
vn 1.000000 0.000000 -0.000000
vn 1.000000 0.000000 -0.000000
vn 1.000000 0.000000 -0.000000
vn 1.000000 0.000000 -0.000000
vn 0.000000 -1.000000 0.000000
vn 0.000000 -1.000000 0.000000
vn 0.000000 -1.000000 0.000000
vn 0.000000 -1.000000 0.000000
vn 0.000000 -1.000000 0.000000
vn 0.000000 -1.000000 0.000000
vn -1.000000 0.000000 0.000000
vn -1.000000 0.000000 0.000000
vn -1.000000 0.000000 0.000000
vn -1.000000 0.000000 0.000000
vn -1.000000 0.000000 0.000000
vn -1.000000 0.000000 0.000000
vn -1.000000 0.000000 0.000000
vn -1.000000 0.000000 0.000000
vn 0.000000 1.000000 -0.000000
vn 0.000000 1.000000 -0.000000
vn 0.000000 1.000000 -0.000000
vn 0.000000 1.000000 -0.000000
vn 0.000000 1.000000 -0.000000
vn 0.000000 1.000000 -0.000000
vn 0.000000 0.000000 1.000000
vn 0.000000 0.000000 1.000000
vn 0.000000 0.000000 1.000000
vn 0.000000 0.000000 1.000000
vn 0.000000 0.000000 1.000000
vn 0.000000 0.000000 1.000000
vn -0.000000 -0.000000 -1.000000
vn -0.000000 -0.000000 -1.000000
vn -0.000000 -0.000000 -1.000000
vn -0.000000 -0.000000 -1.000000
vn -0.000000 -0.000000 -1.000000
vn -0.000000 -0.000000 -1.000000
f 515/1095/1073 516/1096/1074 522/1097/1075
f 522/1097/1075 516/1096/1074 520/1098/1076
f 522/1097/1075 520/1098/1076 521/1099/1077
f 517/1100/1078 518/1101/1079 516/1096/1074
f 516/1096/1074 518/1101/1079 520/1098/1076
f 518/1101/1079 519/1102/1080 520/1098/1076
f 523/1103/1081 515/1104/1082 525/1105/1083
f 525/1105/1083 515/1104/1082 522/1106/1084
f 525/1105/1083 522/1106/1084 524/1107/1085
f 524/1107/1085 522/1106/1084 521/1108/1086
f 526/1109/1087 527/1110/1088 530/1111/1089
f 530/1111/1089 527/1110/1088 528/1112/1090
f 530/1111/1089 528/1112/1090 529/1113/1091
f 523/1114/1092 525/1115/1093 527/1110/1088
f 527/1110/1088 525/1115/1093 528/1112/1090
f 525/1115/1093 524/1116/1094 528/1112/1090
f 517/1117/1095 526/1118/1096 518/1119/1097
f 518/1119/1097 526/1118/1096 530/1120/1098
f 518/1119/1097 530/1120/1098 519/1121/1099
f 519/1121/1099 530/1120/1098 529/1122/1100
f 519/1123/1101 529/1124/1102 520/1125/1103
f 520/1125/1103 529/1124/1102 528/1126/1104
f 520/1125/1103 528/1126/1104 521/1127/1105
f 521/1127/1105 528/1126/1104 524/1128/1106
f 526/1129/1107 517/1130/1108 527/1131/1109
f 527/1131/1109 517/1130/1108 516/1132/1110
f 527/1131/1109 516/1132/1110 523/1133/1111
f 523/1133/1111 516/1132/1110 515/1134/1112
g Body13

v -8.000000 17.500000 32.200000
v -8.000000 11.000000 32.200000
v -8.000000 4.500000 32.200000
v -8.000000 4.500000 38.200000
v -8.000000 4.500000 44.200000
v -8.000000 11.000000 44.200000
v -8.000000 17.500000 44.200000
v -8.000000 17.500000 38.200000
v -7.500000 17.500000 32.200000
v -7.500000 17.500000 44.200000
v -7.500000 17.500000 38.200000
v -7.500000 4.500000 32.200000
v -7.500000 11.000000 32.200000
v -7.500000 11.000000 44.200000
v -7.500000 4.500000 44.200000
v -7.500000 4.500000 38.200000
vt 0.000000 0.000000 0.000000
vt 6.500000 0.000000 0.000000
vt 0.000000 6.000000 0.000000
vt 6.500000 12.000000 0.000000
vt 0.000000 12.000000 0.000000
vt 13.000000 0.000000 0.000000
vt 13.000000 6.000000 0.000000
vt 13.000000 12.000000 0.000000
vt 0.000000 0.000000 0.000000
vt 0.500000 0.000000 0.000000
vt 0.000000 6.000000 0.000000
vt 0.500000 6.000000 0.000000
vt 0.000000 12.000000 0.000000
vt 0.500000 12.000000 0.000000
vt 0.000000 0.000000 0.000000
vt 6.500000 0.000000 0.000000
vt 0.000000 6.000000 0.000000
vt 6.500000 12.000000 0.000000
vt 0.000000 12.000000 0.000000
vt 13.000000 0.000000 0.000000
vt 13.000000 6.000000 0.000000
vt 13.000000 12.000000 0.000000
vt 0.000000 0.000000 0.000000
vt 0.500000 0.000000 0.000000
vt 0.000000 6.000000 0.000000
vt 0.500000 6.000000 0.000000
vt 0.000000 12.000000 0.000000
vt 0.500000 12.000000 0.000000
vt -8.000000 -6.500000 0.000000
vt -7.500000 -6.500000 0.000000
vt -8.000000 0.000000 0.000000
vt -7.500000 0.000000 0.000000
vt -8.000000 6.500000 0.000000
vt -7.500000 6.500000 0.000000
vt 7.500000 -6.500000 0.000000
vt 8.000000 -6.500000 0.000000
vt 7.500000 0.000000 0.000000
vt 8.000000 0.000000 0.000000
vt 7.500000 6.500000 0.000000
vt 8.000000 6.500000 0.000000
vn -1.000000 0.000000 0.000000
vn -1.000000 0.000000 0.000000
vn -1.000000 0.000000 0.000000
vn -1.000000 0.000000 0.000000
vn -1.000000 0.000000 0.000000
vn -1.000000 0.000000 0.000000
vn -1.000000 0.000000 0.000000
vn -1.000000 0.000000 0.000000
vn 0.000000 1.000000 -0.000000
vn 0.000000 1.000000 -0.000000
vn 0.000000 1.000000 -0.000000
vn 0.000000 1.000000 -0.000000
vn 0.000000 1.000000 -0.000000
vn 0.000000 1.000000 -0.000000
vn 1.000000 0.000000 -0.000000
vn 1.000000 0.000000 -0.000000
vn 1.000000 0.000000 -0.000000
vn 1.000000 0.000000 -0.000000
vn 1.000000 0.000000 -0.000000
vn 1.000000 0.000000 -0.000000
vn 1.000000 0.000000 -0.000000
vn 1.000000 0.000000 -0.000000
vn 0.000000 -1.000000 0.000000
vn 0.000000 -1.000000 0.000000
vn 0.000000 -1.000000 0.000000
vn 0.000000 -1.000000 0.000000
vn 0.000000 -1.000000 0.000000
vn 0.000000 -1.000000 0.000000
vn 0.000000 0.000000 1.000000
vn 0.000000 0.000000 1.000000
vn 0.000000 0.000000 1.000000
vn 0.000000 0.000000 1.000000
vn 0.000000 0.000000 1.000000
vn 0.000000 0.000000 1.000000
vn -0.000000 -0.000000 -1.000000
vn -0.000000 -0.000000 -1.000000
vn -0.000000 -0.000000 -1.000000
vn -0.000000 -0.000000 -1.000000
vn -0.000000 -0.000000 -1.000000
vn -0.000000 -0.000000 -1.000000
f 531/1135/1113 532/1136/1114 538/1137/1115
f 538/1137/1115 532/1136/1114 536/1138/1116
f 538/1137/1115 536/1138/1116 537/1139/1117
f 533/1140/1118 534/1141/1119 532/1136/1114
f 532/1136/1114 534/1141/1119 536/1138/1116
f 534/1141/1119 535/1142/1120 536/1138/1116
f 539/1143/1121 531/1144/1122 541/1145/1123
f 541/1145/1123 531/1144/1122 538/1146/1124
f 541/1145/1123 538/1146/1124 540/1147/1125
f 540/1147/1125 538/1146/1124 537/1148/1126
f 542/1149/1127 543/1150/1128 546/1151/1129
f 546/1151/1129 543/1150/1128 544/1152/1130
f 546/1151/1129 544/1152/1130 545/1153/1131
f 539/1154/1132 541/1155/1133 543/1150/1128
f 543/1150/1128 541/1155/1133 544/1152/1130
f 541/1155/1133 540/1156/1134 544/1152/1130
f 533/1157/1135 542/1158/1136 534/1159/1137
f 534/1159/1137 542/1158/1136 546/1160/1138
f 534/1159/1137 546/1160/1138 535/1161/1139
f 535/1161/1139 546/1160/1138 545/1162/1140
f 535/1163/1141 545/1164/1142 536/1165/1143
f 536/1165/1143 545/1164/1142 544/1166/1144
f 536/1165/1143 544/1166/1144 537/1167/1145
f 537/1167/1145 544/1166/1144 540/1168/1146
f 542/1169/1147 533/1170/1148 543/1171/1149
f 543/1171/1149 533/1170/1148 532/1172/1150
f 543/1171/1149 532/1172/1150 539/1173/1151
f 539/1173/1151 532/1172/1150 531/1174/1152
g Body14

v -7.500000 5.000000 39.200000
v 0.000000 5.000000 39.200000
v 7.500000 5.000000 39.200000
v 7.500000 5.000000 30.200000
v 0.000000 5.000000 30.200000
v -7.500000 5.000000 30.200000
v -7.500000 4.500000 39.200000
v 0.000000 4.500000 39.200000
v 7.500000 4.500000 39.200000
v 7.500000 17.000000 39.200000
v 0.000000 17.000000 39.200000
v -7.500000 17.000000 39.200000
v -7.500000 17.000000 30.200000
v 0.000000 17.000000 30.200000
v 7.500000 17.000000 30.200000
v -7.500000 17.500000 39.200000
v 7.500000 17.500000 39.200000
v 0.000000 17.500000 39.200000
v -7.500000 17.500000 29.700000
v -7.500000 11.000000 29.700000
v -7.500000 4.500000 29.700000
v -7.500000 11.000000 30.200000
v 7.500000 17.500000 29.700000
v 0.000000 17.500000 29.700000
v 7.500000 4.500000 29.700000
v 7.500000 11.000000 29.700000
v 7.500000 11.000000 30.200000
v 0.000000 4.500000 29.700000
v 0.000000 11.000000 29.700000
vt 15.000000 9.000000 0.000000
vt 7.500000 9.000000 0.000000
vt 15.000000 0.000000 0.000000
vt 7.500000 0.000000 0.000000
vt -0.000000 9.000000 0.000000
vt -0.000000 0.000000 0.000000
vt -7.500000 -6.500000 0.000000
vt 0.000000 -6.500000 0.000000
vt -7.500000 -6.000000 0.000000
vt 0.000000 -6.000000 0.000000
vt 7.500000 -6.500000 0.000000
vt 7.500000 -6.000000 0.000000
vt 15.000000 9.000000 0.000000
vt 7.500000 9.000000 0.000000
vt 15.000000 0.000000 0.000000
vt 7.500000 0.000000 0.000000
vt 0.000000 9.000000 0.000000
vt 0.000000 0.000000 0.000000
vt -7.500000 6.000000 0.000000
vt 0.000000 6.000000 0.000000
vt -7.500000 6.500000 0.000000
vt 0.000000 6.500000 0.000000
vt 7.500000 6.000000 0.000000
vt 7.500000 6.500000 0.000000
vt 0.000000 9.500000 0.000000
vt 0.000000 0.000000 0.000000
vt 0.500000 0.500000 0.000000
vt 6.500000 0.000000 0.000000
vt 6.500000 0.500000 0.000000
vt 12.500000 0.500000 0.000000
vt 13.000000 0.000000 0.000000
vt 13.000000 9.500000 0.000000
vt 12.500000 9.500000 0.000000
vt 0.500000 9.500000 0.000000
vt 0.000000 0.000000 0.000000
vt 7.500000 0.000000 0.000000
vt 0.000000 9.500000 0.000000
vt 7.500000 9.500000 0.000000
vt 15.000000 0.000000 0.000000
vt 15.000000 9.500000 0.000000
vt 0.000000 9.500000 0.000000
vt 0.000000 0.000000 0.000000
vt 0.500000 0.500000 0.000000
vt 6.500000 0.000000 0.000000
vt 6.500000 0.500000 0.000000
vt 12.500000 0.500000 0.000000
vt 13.000000 0.000000 0.000000
vt 13.000000 9.500000 0.000000
vt 12.500000 9.500000 0.000000
vt 0.500000 9.500000 0.000000
vt 0.000000 0.000000 0.000000
vt 7.500000 0.000000 0.000000
vt 0.000000 9.500000 0.000000
vt 7.500000 9.500000 0.000000
vt 15.000000 0.000000 0.000000
vt 15.000000 9.500000 0.000000
vt -7.500000 -6.000000 0.000000
vt 0.000000 -6.000000 0.000000
vt -7.500000 0.000000 0.000000
vt 0.000000 6.000000 0.000000
vt -7.500000 6.000000 0.000000
vt 7.500000 -6.000000 0.000000
vt 7.500000 0.000000 0.000000
vt 7.500000 6.000000 0.000000
vt -7.500000 -6.500000 0.000000
vt -0.000000 -6.500000 0.000000
vt -7.500000 0.000000 0.000000
vt 0.000000 0.000000 0.000000
vt -7.500000 6.500000 0.000000
vt -0.000000 6.500000 0.000000
vt 7.500000 0.000000 0.000000
vt 7.500000 6.500000 0.000000
vt 7.500000 -6.500000 0.000000
vn 0.000000 1.000000 0.000000
vn 0.000000 1.000000 0.000000
vn 0.000000 1.000000 0.000000
vn 0.000000 1.000000 0.000000
vn 0.000000 1.000000 0.000000
vn 0.000000 1.000000 0.000000
vn 0.000000 0.000000 1.000000
vn 0.000000 0.000000 1.000000
vn 0.000000 0.000000 1.000000
vn 0.000000 0.000000 1.000000
vn 0.000000 0.000000 1.000000
vn 0.000000 0.000000 1.000000
vn 0.000000 -1.000000 0.000000
vn 0.000000 -1.000000 0.000000
vn 0.000000 -1.000000 0.000000
vn 0.000000 -1.000000 0.000000
vn 0.000000 -1.000000 0.000000
vn 0.000000 -1.000000 0.000000
vn 0.000000 0.000000 1.000000
vn 0.000000 0.000000 1.000000
vn 0.000000 0.000000 1.000000
vn 0.000000 0.000000 1.000000
vn 0.000000 0.000000 1.000000
vn 0.000000 0.000000 1.000000
vn -1.000000 0.000000 0.000000
vn -1.000000 0.000000 0.000000
vn -1.000000 0.000000 0.000000
vn -1.000000 0.000000 0.000000
vn -1.000000 0.000000 0.000000
vn -1.000000 0.000000 0.000000
vn -1.000000 0.000000 0.000000
vn -1.000000 0.000000 0.000000
vn -1.000000 0.000000 0.000000
vn -1.000000 0.000000 0.000000
vn 0.000000 1.000000 -0.000000
vn 0.000000 1.000000 -0.000000
vn 0.000000 1.000000 -0.000000
vn 0.000000 1.000000 -0.000000
vn 0.000000 1.000000 -0.000000
vn 0.000000 1.000000 -0.000000
vn 1.000000 0.000000 -0.000000
vn 1.000000 0.000000 -0.000000
vn 1.000000 0.000000 -0.000000
vn 1.000000 0.000000 -0.000000
vn 1.000000 0.000000 -0.000000
vn 1.000000 0.000000 -0.000000
vn 1.000000 0.000000 -0.000000
vn 1.000000 0.000000 -0.000000
vn 1.000000 0.000000 -0.000000
vn 1.000000 0.000000 -0.000000
vn 0.000000 -1.000000 0.000000
vn 0.000000 -1.000000 0.000000
vn 0.000000 -1.000000 0.000000
vn 0.000000 -1.000000 0.000000
vn 0.000000 -1.000000 0.000000
vn 0.000000 -1.000000 0.000000
vn 0.000000 0.000000 1.000000
vn 0.000000 0.000000 1.000000
vn 0.000000 0.000000 1.000000
vn 0.000000 0.000000 1.000000
vn 0.000000 0.000000 1.000000
vn 0.000000 0.000000 1.000000
vn 0.000000 0.000000 1.000000
vn 0.000000 0.000000 1.000000
vn -0.000000 -0.000000 -1.000000
vn -0.000000 -0.000000 -1.000000
vn -0.000000 -0.000000 -1.000000
vn -0.000000 -0.000000 -1.000000
vn -0.000000 -0.000000 -1.000000
vn -0.000000 -0.000000 -1.000000
vn -0.000000 -0.000000 -1.000000
vn -0.000000 -0.000000 -1.000000
vn -0.000000 -0.000000 -1.000000
f 547/1175/1153 548/1176/1154 552/1177/1155
f 552/1177/1155 548/1176/1154 551/1178/1156
f 551/1178/1156 548/1176/1154 549/1179/1157
f 551/1178/1156 549/1179/1157 550/1180/1158
f 553/1181/1159 554/1182/1160 547/1183/1161
f 547/1183/1161 554/1182/1160 548/1184/1162
f 548/1184/1162 554/1182/1160 555/1185/1163
f 548/1184/1162 555/1185/1163 549/1186/1164
f 556/1187/1165 557/1188/1166 561/1189/1167
f 561/1189/1167 557/1188/1166 560/1190/1168
f 560/1190/1168 557/1188/1166 558/1191/1169
f 560/1190/1168 558/1191/1169 559/1192/1170
f 558/1193/1171 557/1194/1172 562/1195/1173
f 562/1195/1173 557/1194/1172 564/1196/1174
f 564/1196/1174 557/1194/1172 556/1197/1175
f 564/1196/1174 556/1197/1175 563/1198/1176
f 562/1199/1177 565/1200/1178 559/1201/1179
f 559/1201/1179 565/1200/1178 566/1202/1180
f 559/1201/1179 566/1202/1180 568/1203/1181
f 568/1203/1181 566/1202/1180 552/1204/1182
f 552/1204/1182 566/1202/1180 567/1205/1183
f 552/1204/1182 567/1205/1183 553/1206/1184
f 553/1206/1184 547/1207/1185 552/1204/1182
f 559/1201/1179 558/1208/1186 562/1199/1177
f 569/1209/1187 570/1210/1188 563/1211/1189
f 563/1211/1189 570/1210/1188 564/1212/1190
f 564/1212/1190 570/1210/1188 565/1213/1191
f 564/1212/1190 565/1213/1191 562/1214/1192
f 555/1215/1193 571/1216/1194 550/1217/1195
f 550/1217/1195 571/1216/1194 572/1218/1196
f 550/1217/1195 572/1218/1196 573/1219/1197
f 573/1219/1197 572/1218/1196 561/1220/1198
f 561/1220/1198 572/1218/1196 569/1221/1199
f 561/1220/1198 569/1221/1199 563/1222/1200
f 563/1222/1200 556/1223/1201 561/1220/1198
f 550/1217/1195 549/1224/1202 555/1215/1193
f 567/1225/1203 574/1226/1204 553/1227/1205
f 553/1227/1205 574/1226/1204 554/1228/1206
f 554/1228/1206 574/1226/1204 571/1229/1207
f 554/1228/1206 571/1229/1207 555/1230/1208
f 552/1231/1209 551/1232/1210 568/1233/1211
f 568/1233/1211 551/1232/1210 560/1234/1212
f 568/1233/1211 560/1234/1212 559/1235/1213
f 550/1236/1214 573/1237/1215 551/1232/1210
f 551/1232/1210 573/1237/1215 560/1234/1212
f 573/1237/1215 561/1238/1216 560/1234/1212
f 571/1239/1217 574/1240/1218 572/1241/1219
f 572/1241/1219 574/1240/1218 575/1242/1220
f 572/1241/1219 575/1242/1220 569/1243/1221
f 569/1243/1221 575/1242/1220 570/1244/1222
f 570/1244/1222 575/1242/1220 566/1245/1223
f 570/1244/1222 566/1245/1223 565/1246/1224
f 574/1240/1218 567/1247/1225 575/1242/1220
f 575/1242/1220 567/1247/1225 566/1245/1223
g Body15

v 7.500000 12.000000 42.200000
v 7.500000 6.500000 44.700000
v 4.000000 6.500000 44.700000
v 1.500000 12.000000 42.200000
v 7.500000 12.500000 42.200000
v 7.500000 12.500000 45.200000
v 7.500000 6.500000 45.200000
v -1.500000 12.000000 42.200000
v -7.500000 12.000000 42.200000
v -7.500000 12.500000 42.200000
v 0.000000 12.500000 42.200000
v -7.500000 6.500000 44.700000
v -4.000000 6.500000 44.700000
v -7.500000 6.500000 45.200000
v -7.500000 12.500000 45.200000
v 0.000000 12.500000 45.200000
v -4.000000 6.500000 45.200000
v -1.500000 12.000000 45.200000
v 1.500000 12.000000 45.200000
v 4.000000 6.500000 45.200000
vt -3.750000 -3.020761 0.000000
vt -0.250000 -3.020761 0.000000
vt -3.750000 3.020761 0.000000
vt 2.250000 3.020761 0.000000
vt 6.000000 0.000000 0.000000
vt 6.000000 0.500000 0.000000
vt 0.000000 0.000000 0.000000
vt 0.500000 3.000000 0.000000
vt 0.000000 3.000000 0.000000
vt -7.500000 2.500000 0.000000
vt -1.500000 2.500000 0.000000
vt -7.500000 3.000000 0.000000
vt 0.000000 3.000000 0.000000
vt 1.500000 2.500000 0.000000
vt 7.500000 3.000000 0.000000
vt 7.500000 2.500000 0.000000
vt 5.500000 -3.020761 0.000000
vt 5.500000 3.020761 0.000000
vt 2.000000 -3.020761 0.000000
vt -0.500000 3.020761 0.000000
vt 6.000000 3.000000 0.000000
vt 5.500000 3.000000 0.000000
vt 6.000000 0.000000 0.000000
vt 0.000000 0.500000 0.000000
vt 0.000000 0.000000 0.000000
vt 0.000000 0.000000 0.000000
vt 7.500000 0.000000 0.000000
vt 0.000000 3.000000 0.000000
vt 7.500000 3.000000 0.000000
vt 15.000000 0.000000 0.000000
vt 15.000000 3.000000 0.000000
vt 3.500000 0.500000 0.000000
vt 0.000000 0.500000 0.000000
vt 3.500000 0.000000 0.000000
vt 0.000000 0.000000 0.000000
vt -0.000000 3.000000 0.000000
vt 0.000000 -0.000000 0.000000
vt 6.041523 0.500000 0.000000
vt 6.041523 0.000000 0.000000
vt 0.000000 0.000000 0.000000
vt 3.000000 0.000000 0.000000
vt -0.000000 3.000000 0.000000
vt 3.000000 3.000000 0.000000
vt 6.041523 3.000000 0.000000
vt 0.000000 0.500000 0.000000
vt 6.041523 0.000000 0.000000
vt 0.000000 0.000000 0.000000
vt 3.500000 0.500000 0.000000
vt 0.000000 0.500000 0.000000
vt 3.500000 0.000000 0.000000
vt 0.000000 0.000000 0.000000
vt 7.500000 -3.000000 0.000000
vt 7.500000 3.000000 0.000000
vt 4.000000 -3.000000 0.000000
vt 1.500000 2.500000 0.000000
vt 0.000000 3.000000 0.000000
vt -1.500000 2.500000 0.000000
vt -7.500000 3.000000 0.000000
vt -4.000000 -3.000000 0.000000
vt -7.500000 -3.000000 0.000000
vn -0.000000 -0.413803 -0.910366
vn -0.000000 -0.413803 -0.910366
vn -0.000000 -0.413803 -0.910366
vn -0.000000 -0.413803 -0.910366
vn 1.000000 0.000000 0.000000
vn 1.000000 0.000000 0.000000
vn 1.000000 0.000000 0.000000
vn 1.000000 0.000000 0.000000
vn 1.000000 0.000000 0.000000
vn 0.000000 0.000000 -1.000000
vn 0.000000 0.000000 -1.000000
vn 0.000000 0.000000 -1.000000
vn 0.000000 0.000000 -1.000000
vn 0.000000 0.000000 -1.000000
vn 0.000000 0.000000 -1.000000
vn 0.000000 0.000000 -1.000000
vn -0.000000 -0.413803 -0.910366
vn -0.000000 -0.413803 -0.910366
vn -0.000000 -0.413803 -0.910366
vn -0.000000 -0.413803 -0.910366
vn -1.000000 0.000000 0.000000
vn -1.000000 0.000000 0.000000
vn -1.000000 0.000000 0.000000
vn -1.000000 0.000000 0.000000
vn -1.000000 0.000000 0.000000
vn 0.000000 1.000000 0.000000
vn 0.000000 1.000000 0.000000
vn 0.000000 1.000000 0.000000
vn 0.000000 1.000000 0.000000
vn 0.000000 1.000000 0.000000
vn 0.000000 1.000000 0.000000
vn -0.000000 -1.000000 -0.000000
vn -0.000000 -1.000000 -0.000000
vn -0.000000 -1.000000 -0.000000
vn -0.000000 -1.000000 -0.000000
vn 0.910366 -0.413803 0.000000
vn 0.910366 -0.413803 0.000000
vn 0.910366 -0.413803 0.000000
vn 0.910366 -0.413803 0.000000
vn -0.000000 -1.000000 -0.000000
vn -0.000000 -1.000000 -0.000000
vn -0.000000 -1.000000 -0.000000
vn -0.000000 -1.000000 -0.000000
vn -0.910366 -0.413803 -0.000000
vn -0.910366 -0.413803 -0.000000
vn -0.910366 -0.413803 -0.000000
vn -0.910366 -0.413803 -0.000000
vn -0.000000 -1.000000 -0.000000
vn -0.000000 -1.000000 -0.000000
vn -0.000000 -1.000000 -0.000000
vn -0.000000 -1.000000 -0.000000
vn 0.000000 0.000000 1.000000
vn 0.000000 0.000000 1.000000
vn 0.000000 0.000000 1.000000
vn 0.000000 0.000000 1.000000
vn 0.000000 0.000000 1.000000
vn 0.000000 0.000000 1.000000
vn 0.000000 0.000000 1.000000
vn 0.000000 0.000000 1.000000
vn 0.000000 0.000000 1.000000
f 577/1248/1226 578/1249/1227 576/1250/1228
f 576/1250/1228 578/1249/1227 579/1251/1229
f 582/1252/1230 577/1253/1231 581/1254/1232
f 581/1254/1232 577/1253/1231 576/1255/1233
f 581/1254/1232 576/1255/1233 580/1256/1234
f 576/1257/1235 579/1258/1236 580/1259/1237
f 580/1259/1237 579/1258/1236 586/1260/1238
f 586/1260/1238 579/1258/1236 583/1261/1239
f 586/1260/1238 583/1261/1239 585/1262/1240
f 585/1262/1240 583/1261/1239 584/1263/1241
f 587/1264/1242 584/1265/1243 588/1266/1244
f 588/1266/1244 584/1265/1243 583/1267/1245
f 585/1268/1246 584/1269/1247 590/1270/1248
f 590/1270/1248 584/1269/1247 587/1271/1249
f 590/1270/1248 587/1271/1249 589/1272/1250
f 590/1273/1251 591/1274/1252 585/1275/1253
f 585/1275/1253 591/1274/1252 586/1276/1254
f 586/1276/1254 591/1274/1252 581/1277/1255
f 586/1276/1254 581/1277/1255 580/1278/1256
f 587/1279/1257 588/1280/1258 589/1281/1259
f 589/1281/1259 588/1280/1258 592/1282/1260
f 583/1283/1261 593/1284/1262 588/1285/1263
f 588/1285/1263 593/1284/1262 592/1286/1264
f 594/1287/1265 593/1288/1266 579/1289/1267
f 579/1289/1267 593/1288/1266 583/1290/1268
f 579/1291/1269 578/1292/1270 594/1293/1271
f 594/1293/1271 578/1292/1270 595/1294/1272
f 578/1295/1273 577/1296/1274 595/1297/1275
f 595/1297/1275 577/1296/1274 582/1298/1276
f 582/1299/1277 581/1300/1278 595/1301/1279
f 595/1301/1279 581/1300/1278 594/1302/1280
f 594/1302/1280 581/1300/1278 591/1303/1281
f 594/1302/1280 591/1303/1281 593/1304/1282
f 593/1304/1282 591/1303/1281 590/1305/1283
f 593/1304/1282 590/1305/1283 592/1306/1284
f 592/1306/1284 590/1305/1283 589/1307/1285
g Body16

v 9.000000 -0.883129 10.000000
v 9.000000 2.500000 10.000000
v 9.000000 2.500000 10.500000
v 9.000000 -0.883129 10.500000
v 2.500000 -2.500000 10.000000
v 2.500000 -2.500000 10.500000
v 2.500000 -5.500000 10.000000
v 2.500000 -5.500000 10.500000
v -2.500000 -5.500000 10.000000
v -2.500000 -5.500000 10.500000
v -2.500000 -2.500000 10.000000
v -2.500000 -2.500000 10.500000
v -9.000000 -0.883129 10.000000
v -9.000000 -0.883129 10.500000
v -9.000000 2.500000 10.000000
v -9.000000 2.500000 10.500000
v 0.000000 2.500000 10.000000
v 0.000000 2.500000 10.500000
vt 0.000000 0.000000 0.000000
vt 3.383129 0.000000 0.000000
vt 0.000000 0.500000 0.000000
vt 3.383129 0.500000 0.000000
vt 0.000000 0.000000 0.000000
vt 6.698080 0.000000 0.000000
vt -0.000000 0.500000 0.000000
vt 6.698080 0.500000 0.000000
vt 0.000000 0.000000 0.000000
vt 3.000000 0.000000 0.000000
vt 0.000000 0.500000 0.000000
vt 3.000000 0.500000 0.000000
vt 0.000000 0.000000 0.000000
vt 5.000000 0.000000 0.000000
vt 0.000000 0.500000 0.000000
vt 5.000000 0.500000 0.000000
vt 0.000000 0.000000 0.000000
vt 3.000000 0.000000 0.000000
vt 0.000000 0.500000 0.000000
vt 3.000000 0.500000 0.000000
vt 0.000000 0.000000 0.000000
vt 6.698080 0.000000 0.000000
vt 0.000000 0.500000 0.000000
vt 6.698080 0.500000 0.000000
vt 0.000000 0.000000 0.000000
vt 3.383129 0.000000 0.000000
vt 0.000000 0.500000 0.000000
vt 3.383129 0.500000 0.000000
vt 0.000000 0.000000 0.000000
vt 9.000000 0.000000 0.000000
vt 0.000000 0.500000 0.000000
vt 9.000000 0.500000 0.000000
vt 18.000000 0.000000 0.000000
vt 18.000000 0.500000 0.000000
vt 9.000000 0.616871 0.000000
vt 9.000000 4.000000 0.000000
vt 2.500000 -1.000000 0.000000
vt 0.000000 4.000000 0.000000
vt -2.500000 -1.000000 0.000000
vt -9.000000 4.000000 0.000000
vt -9.000000 0.616871 0.000000
vt -2.500000 -4.000000 0.000000
vt 2.500000 -4.000000 0.000000
vt -9.000000 -0.616871 0.000000
vt -9.000000 -4.000000 0.000000
vt -2.500000 1.000000 0.000000
vt -0.000000 -4.000000 0.000000
vt 2.500000 1.000000 0.000000
vt 9.000000 -4.000000 0.000000
vt 9.000000 -0.616871 0.000000
vt 2.500000 4.000000 0.000000
vt -2.500000 4.000000 0.000000
vn 1.000000 0.000000 -0.000000
vn 1.000000 0.000000 -0.000000
vn 1.000000 0.000000 -0.000000
vn 1.000000 0.000000 -0.000000
vn 0.241393 -0.970427 0.000000
vn 0.241393 -0.970427 0.000000
vn 0.241393 -0.970427 0.000000
vn 0.241393 -0.970427 0.000000
vn 1.000000 0.000000 -0.000000
vn 1.000000 0.000000 -0.000000
vn 1.000000 0.000000 -0.000000
vn 1.000000 0.000000 -0.000000
vn -0.000000 -1.000000 0.000000
vn -0.000000 -1.000000 0.000000
vn -0.000000 -1.000000 0.000000
vn -0.000000 -1.000000 0.000000
vn -1.000000 -0.000000 0.000000
vn -1.000000 -0.000000 0.000000
vn -1.000000 -0.000000 0.000000
vn -1.000000 -0.000000 0.000000
vn -0.241393 -0.970427 0.000000
vn -0.241393 -0.970427 0.000000
vn -0.241393 -0.970427 0.000000
vn -0.241393 -0.970427 0.000000
vn -1.000000 0.000000 0.000000
vn -1.000000 0.000000 0.000000
vn -1.000000 0.000000 0.000000
vn -1.000000 0.000000 0.000000
vn 0.000000 1.000000 -0.000000
vn 0.000000 1.000000 -0.000000
vn 0.000000 1.000000 -0.000000
vn 0.000000 1.000000 -0.000000
vn 0.000000 1.000000 -0.000000
vn 0.000000 1.000000 -0.000000
vn 0.000000 0.000000 1.000000
vn 0.000000 0.000000 1.000000
vn 0.000000 0.000000 1.000000
vn 0.000000 0.000000 1.000000
vn 0.000000 0.000000 1.000000
vn 0.000000 0.000000 1.000000
vn 0.000000 0.000000 1.000000
vn 0.000000 0.000000 1.000000
vn 0.000000 0.000000 1.000000
vn -0.000000 -0.000000 -1.000000
vn -0.000000 -0.000000 -1.000000
vn -0.000000 -0.000000 -1.000000
vn -0.000000 -0.000000 -1.000000
vn -0.000000 -0.000000 -1.000000
vn -0.000000 -0.000000 -1.000000
vn -0.000000 -0.000000 -1.000000
vn -0.000000 -0.000000 -1.000000
vn -0.000000 -0.000000 -1.000000
usemtl Plastic_-_Matte_(Gray)
f 596/1308/1286 597/1309/1287 599/1310/1288
f 599/1310/1288 597/1309/1287 598/1311/1289
f 600/1312/1290 596/1313/1291 601/1314/1292
f 601/1314/1292 596/1313/1291 599/1315/1293
f 602/1316/1294 600/1317/1295 603/1318/1296
f 603/1318/1296 600/1317/1295 601/1319/1297
f 604/1320/1298 602/1321/1299 605/1322/1300
f 605/1322/1300 602/1321/1299 603/1323/1301
f 606/1324/1302 604/1325/1303 607/1326/1304
f 607/1326/1304 604/1325/1303 605/1327/1305
f 608/1328/1306 606/1329/1307 609/1330/1308
f 609/1330/1308 606/1329/1307 607/1331/1309
f 610/1332/1310 608/1333/1311 611/1334/1312
f 611/1334/1312 608/1333/1311 609/1335/1313
f 597/1336/1314 612/1337/1315 598/1338/1316
f 598/1338/1316 612/1337/1315 613/1339/1317
f 613/1339/1317 612/1337/1315 610/1340/1318
f 613/1339/1317 610/1340/1318 611/1341/1319
f 599/1342/1320 598/1343/1321 601/1344/1322
f 601/1344/1322 598/1343/1321 613/1345/1323
f 601/1344/1322 613/1345/1323 607/1346/1324
f 607/1346/1324 613/1345/1323 611/1347/1325
f 607/1346/1324 611/1347/1325 609/1348/1326
f 605/1349/1327 603/1350/1328 607/1346/1324
f 607/1346/1324 603/1350/1328 601/1344/1322
f 608/1351/1329 610/1352/1330 606/1353/1331
f 606/1353/1331 610/1352/1330 612/1354/1332
f 606/1353/1331 612/1354/1332 600/1355/1333
f 600/1355/1333 612/1354/1332 597/1356/1334
f 600/1355/1333 597/1356/1334 596/1357/1335
f 602/1358/1336 604/1359/1337 600/1355/1333
f 600/1355/1333 604/1359/1337 606/1353/1331
# 613 vertices
# 1359 texture params
# 1337 normals
# 1162 facets

# 16 groups
