dt,acc_x,acc_y,acc_z,gyro_x,gyro_y,gyro_z,fused_x,fused_y,fused_z,roll,pitch,yaw,pose_x,pose_y,pose_yaw
0.0121,-0.018799,-0.006104,1.317627,0.274963,0.231384,0.100861,0.0,0.0,0.0,-0.012895155640901738,0.04545563934910783,0.0012136680832812578,0.004,-0.0,0.0146
0.0118,-0.010254,-0.012207,1.300049,0.366516,0.048279,0.131378,0.0,0.0,0.0,-0.07751255002466098,-0.005160840059811066,0.0027310708793121673,0.004,-0.0,0.0146
0.0118,-0.01001,0.000488,1.317627,0.366516,0.200867,0.375519,0.0,0.0,0.0,-0.021591787761416497,-0.041196794274204966,0.007119785382155852,0.004,-0.0,0.0146
0.0122,-0.012207,-0.003662,1.305908,0.580139,0.078796,-0.051727,0.0,0.0,0.0,-0.005422313740214796,-0.054105971044378615,0.006477509355431856,0.004,-0.0,0.0146
0.0123,-0.019043,-0.013916,1.311279,0.549622,0.445007,0.131378,0.0,0.0,0.0,-0.056094397543037855,-0.017483343229248056,0.008152513953635527,0.004,-0.0,0.0146
0.0112,-0.011475,0.00293,1.309326,0.458069,0.078796,0.070343,0.0,0.0,0.0,-0.0030850640704712475,-0.034145353846501136,0.00890113201141625,0.004,-0.0,0.0146
0.0122,-0.013184,-0.003174,1.3125,0.549622,0.170349,0.314484,0.0,0.0,0.0,0.011057196816560012,-0.03788482783014776,0.012730886800840824,0.004,-0.0,0.0146
0.0122,-0.021484,-0.009521,1.308105,0.519104,0.048279,0.192413,0.0,0.0,0.0,-0.0066586996625977194,-0.003323830270099932,0.01509187782691336,0.004,-0.0,0.0146
0.0116,-0.008545,-0.000732,1.312256,0.397034,0.506042,0.100861,0.0,0.0,0.0,0.015234768392726241,-0.025084043262876065,0.016253800475314387,0.004,-0.0,0.0146
0.0121,-0.014404,-0.008789,1.317627,0.519104,0.078796,0.192413,0.0,0.0,0.0,0.003629106038121456,-0.02438312054505802,0.01859750887977659,0.0,0.0,0.0
0.0126,-0.020264,-0.007324,1.320801,0.549622,0.261902,-0.02121,0.0,0.0,0.0,6.968927993807428e-05,0.00031689294645911967,0.018342904497609763,0.0,0.0,0.0
0.0122,-0.008789,-0.00415,1.309326,0.427551,0.170349,-0.051727,0.0,0.0,0.0,0.006893782567600075,-0.01931651027283479,0.017700525365658595,0.0,0.0,0.0
0.0111,-0.008545,0.000488,1.309814,0.274963,0.078796,0.009308,0.0,0.0,0.0,0.02659472580265514,-0.03846483085237131,0.01777809320200602,0.0,0.0,0.0
0.0121,-0.015869,-0.00708,1.305664,0.519104,0.292419,0.345001,0.0,0.0,0.0,0.02352776543233417,-0.029916163894558496,0.021969525890602717,0.0,0.0,0.0
0.0121,-0.019287,-0.010986,1.30835,0.305481,0.170349,-0.112762,0.0,0.0,0.0,0.007016616862017565,-0.013280257557478933,0.020635505374261575,0.0,0.0,0.0
0.0123,-0.001221,-0.000977,1.303467,0.458069,0.261902,-0.173798,0.0,0.0,0.0,0.022621902097103273,-0.04853506623359728,0.018452814807574984,0.0,0.0,0.0
0.0124,-0.00293,0.000977,1.310303,0.549622,0.017761,0.161896,0.0,0.0,0.0,0.04336875597993418,-0.07835748233622482,0.020402851880633913,0.0,0.0,0.0
0.0113,-0.02002,-0.006836,1.305664,0.549622,0.445007,0.253448,0.0,0.0,0.0,0.04174727501744585,-0.056665575429432506,0.023303404952809446,0.0,0.0,0.0
0.0122,-0.018066,-0.010498,1.319092,0.549622,-0.043274,0.070343,0.0,0.0,0.0,0.032044889509032316,-0.04687673624912138,0.02421584654539772,0.0,0.0,0.0
0.0124,-0.007324,0.0,1.303223,0.305481,0.353455,0.100861,0.0,0.0,0.0,0.04554875591961512,-0.058805025992253644,0.025426268216346172,0.0,0.0,0.0
0.0112,-0.020996,-0.005859,1.296631,0.274963,0.261902,0.192413,0.0,0.0,0.0,0.043964923883593965,-0.03951091855644001,0.02760944088596524,0.0,0.0,0.0
0.0124,-0.023438,-0.009521,1.321289,0.580139,0.170349,0.192413,0.0,0.0,0.0,0.0386164998254263,-0.017282084173418123,0.03004151978634559,0.0,0.0,0.0
0.012,-0.014893,-0.000977,1.315186,0.519104,0.200867,-0.051727,0.0,0.0,0.0,0.051027267147275346,-0.014322142805204701,0.029417054839661654,0.0,0.0,0.0
0.0123,-0.00415,0.003174,1.303467,0.397034,0.200867,0.009308,0.0,0.0,0.0,0.07011342389362919,-0.033604115019064996,0.02949336806223201,0.0,0.0,0.0
0.0123,-0.023926,-0.009033,1.310059,0.397034,0.170349,0.009308,0.0,0.0,0.0,0.06372875419710955,-0.012457628138168022,0.029643107999141216,0.0,0.0,0.0
0.0115,-0.018555,-0.002197,1.320068,0.580139,-0.226379,0.161896,0.0,0.0,0.0,0.07276293497825209,-0.007566201963815619,0.03150689586651795,0.0,0.0,0.0
0.0123,-0.005127,-0.002441,1.302979,0.305481,0.567078,0.161896,0.0,0.0,0.0,0.07821126528202538,-0.01891261888976822,0.03349056693440606,0.0,0.0,0.0
0.0113,-0.017334,-0.005615,1.307129,0.519104,0.41449,-0.082245,0.0,0.0,0.0,0.07969930580605696,-0.009349141411067718,0.03257879660005643,0.0,0.0,0.0
0.0122,-0.019775,-0.006836,1.315674,0.549622,0.200867,0.161896,0.0,0.0,0.0,0.07994602577898186,0.0018613492088457694,0.03457414720177091,0.0,0.0,0.0
0.0122,-0.01001,-0.005371,1.307861,0.183411,0.353455,0.222931,0.0,0.0,0.0,0.07852111588351235,-0.0024089519791108314,0.037290095766421616,0.0,0.0,0.0
0.0122,-0.008301,0.001953,1.302246,0.397034,0.353455,0.192413,0.0,0.0,0.0,0.09204775829028732,-0.00922967490716879,0.03961487312005489,0.0,0.0,0.0
0.0114,-0.026123,-0.011963,1.324463,0.641174,0.170349,0.009308,0.0,0.0,0.0,0.0848034292384581,0.010961436941833566,0.03977043370310721,0.0,0.0,0.0
0.0124,-0.020264,-0.007324,1.317383,0.458069,0.261902,0.039825,0.0,0.0,0.0,0.08378732066605302,0.022263197578318305,0.040287794101883406,0.0,0.0,0.0
0.0123,-0.01416,0.000488,1.314209,0.458069,0.200867,0.039825,0.0,0.0,0.0,0.09495733679140034,0.022908306175117424,0.040778631606957855,0.0,0.0,0.0
0.0115,-0.016602,-0.004883,1.310059,0.610657,0.231384,0.161896,0.0,0.0,0.0,0.09895380694079403,0.02744930032419721,0.042648197248393555,0.0,0.0,0.0
0.0121,-0.010254,-0.002441,1.310059,0.732727,0.322937,-0.26535,0.0,0.0,0.0,0.10831387427952895,0.0236698900632695,0.039427081553459135,0.0,0.0,0.0
0.0121,-0.008057,0.001709,1.312012,0.274963,-0.195862,0.161896,0.0,0.0,0.0,0.11801381256483474,0.01086877650221385,0.041355661143433656,0.0,0.0,0.0
0.0124,-0.015137,-0.010742,1.314941,0.580139,0.750183,0.253448,0.0,0.0,0.0,0.11352515109561029,0.01998928852848668,0.04453067051926758,0.0,0.0,0.0
0.0115,-0.018311,-0.005371,1.317627,0.641174,0.170349,0.009308,0.0,0.0,0.0,0.11698433827395584,0.02610605381577589,0.04465681895494252,0.0,0.0,0.0
0.012,-0.008301,0.003418,1.299805,0.335999,0.53656,-0.082245,0.0,0.0,0.0,0.12919732193366334,0.022723390389823902,0.04364901480664882,0.0,0.0,0.0
0.0123,-0.023193,-0.006348,1.311523,0.274963,-0.104309,0.070343,0.0,0.0,0.0,0.12723485279392743,0.0319659564925892,0.044542983400825964,0.0,0.0,0.0
0.0122,-0.029297,-0.012939,1.326172,0.549622,0.292419,0.161896,0.0,0.0,0.0,0.12017696137593951,0.05329360350923361,0.04657783376404408,0.0,0.0,0.0
0.0121,-0.006836,-0.004883,1.302002,0.427551,0.078796,0.314484,0.0,0.0,0.0,0.12224693806633864,0.04258159916166428,0.05033582349170722,0.0,0.0,0.0
0.012,-0.010742,-0.004639,1.308838,0.335999,0.383972,0.161896,0.0,0.0,0.0,0.12351708960473572,0.04087659375772029,0.05226186646647552,0.0,0.0,0.0
0.0114,-0.018799,-0.009277,1.320068,0.274963,-0.59259,-0.02121,0.0,0.0,0.0,0.11822893306436198,0.03815925746816774,0.052026695390441725,0.0,0.0,0.0
0.0122,-0.024414,-0.002441,1.321533,0.274963,0.109314,0.467072,0.0,0.0,0.0,0.12167271786792763,0.050106437429075286,0.057781888978327735,0.0,0.0,0.0
0.0123,-0.008057,-0.001709,1.29834,0.305481,0.261902,0.161896,0.0,0.0,0.0,0.12636650434129965,0.04391326549056777,0.05973359217957764,0.0,0.0,0.0
0.0121,-0.018066,-0.009521,1.303955,0.458069,0.170349,0.345001,0.0,0.0,0.0,0.12342915521947889,0.04874780078783684,0.0639246687391039,0.0,0.0,0.0
0.0116,-0.013916,-0.006592,1.306396,0.427551,0.261902,-0.082245,0.0,0.0,0.0,0.12353026697179535,0.04957162077918946,0.06296195192018696,0.0,0.0,0.0
0.0114,-0.010498,-0.000244,1.313232,0.397034,0.506042,0.039825,0.0,0.0,0.0,0.13052366573210322,0.049198554480985535,0.06339153757293996,0.0,0.0,0.0
0.0128,-0.008301,-0.000977,1.313232,0.580139,0.383972,-0.26535,0.0,0.0,0.0,0.13935672400486354,0.04562459351509451,0.05995604044358715,0.0,0.0,0.0
0.0113,-0.026611,-0.013428,1.300293,0.427551,0.261902,-0.02121,0.0,0.0,0.0,0.13158804463029775,0.06070374433606001,0.05980648450871587,0.0,0.0,0.0
0.0121,-0.020264,-0.011475,1.31665,0.580139,0.200867,0.436554,0.0,0.0,0.0,0.12854151340089634,0.06772493384590582,0.06512282503509544,0.0,0.0,0.0
0.0124,-0.006836,-0.000244,1.311768,0.519104,0.017761,0.131378,0.0,0.0,0.0,0.137182672861248,0.05794856294844828,0.06667430844635358,0.0,0.0,0.0
0.0123,-0.026611,-0.007568,1.310791,0.366516,0.017761,-0.051727,0.0,0.0,0.0,0.1359491926889291,0.06952091989494709,0.06612744925808943,0.0,0.0,0.0
0.0121,-0.021973,-0.010254,1.313232,0.458069,-0.073792,0.283966,0.0,0.0,0.0,0.13302408288600032,0.07474574970947281,0.06960231831871097,0.0,0.0,0.0
0.0126,-0.005859,-0.001221,1.312256,0.366516,0.292419,0.161896,0.0,0.0,0.0,0.1387007583885108,0.06760804004189448,0.07155377738500733,0.0,0.0,0.0
0.0114,-0.006592,-0.005127,1.317139,0.549622,0.078796,-0.02121,0.0,0.0,0.0,0.14188272017095802,0.05879270563302768,0.07122537190475176,0.0,0.0,0.0
0.0115,-0.021973,-0.010742,1.308838,0.610657,0.53656,0.161896,0.0,0.0,0.0,0.1401062418276895,0.07094508033291305,0.07316313447385808,0.0,0.0,0.0
0.012,-0.015381,-0.003906,1.319824,0.305481,0.231384,0.253448,0.0,0.0,0.0,0.14200043893624045,0.07287717385764994,0.07620236918430807,0.0,0.0,0.0
0.0117,-0.016602,0.001465,1.305908,0.244446,0.109314,0.161896,0.0,0.0,0.0,0.1484170246710298,0.07453095332248925,0.07810432888421134,0.0,0.0,0.0
0.0121,-0.027344,-0.003418,1.312988,0.641174,0.261902,-0.112762,0.0,0.0,0.0,0.15470221110017243,0.08847008041952169,0.07685435705539718,0.0,0.0,0.0
0.0125,-0.015869,0.000488,1.294678,0.610657,-0.287415,0.161896,0.0,0.0,0.0,0.16461147269109708,0.08435631114115856,0.07886679385572035,0.0,0.0,0.0
0.0122,-0.010986,-0.004639,1.322266,0.458069,0.292419,0.375519,0.0,0.0,0.0,0.16736282496095725,0.08270585201339505,0.08340354585250767,0.0,0.0,0.0
0.0111,-0.011475,-0.005615,1.303467,0.274963,0.017761,0.161896,0.0,0.0,0.0,0.16667677296258077,0.07824875492771602,0.08515139322437222,0.0,0.0,0.0
0.0124,-0.022217,-0.009766,1.31958,0.122375,0.567078,-0.112762,0.0,0.0,0.0,0.16068182456731323,0.09065576841309096,0.08382562519453217,0.0,0.0,0.0
0.0122,-0.010254,-0.005859,1.289062,0.427551,-0.073792,0.375519,0.0,0.0,0.0,0.1620734150612074,0.08388707673421172,0.08833435377245119,0.0,0.0,0.0
0.012,-0.018066,-0.003418,1.327148,0.458069,-0.165344,-0.051727,0.0,0.0,0.0,0.1659884415322085,0.08343056153002133,0.08772511654332388,0.0,0.0,0.0
0.0121,-0.028564,-0.009277,1.309082,0.519104,0.41449,0.192413,0.0,0.0,0.0,0.16532240919361313,0.09942421364476473,0.09019196187112866,0.0,0.0,0.0
0.0113,-0.013184,-0.00708,1.300781,0.274963,0.383972,0.222931,0.0,0.0,0.0,0.1635778460972634,0.10053804810313394,0.09267216286325726,0.0,0.0,0.0
0.0123,-0.003418,0.002686,1.312256,0.427551,0.078796,0.009308,0.0,0.0,0.0,0.17272281099615905,0.08968062831623043,0.09264137325800201,0.0,0.0,0.0
0.0121,-0.015137,0.000244,1.313965,0.366516,0.078796,0.222931,0.0,0.0,0.0,0.17872369090157691,0.08940662455840248,0.09532667842827135,0.0,0.0,0.0
0.012,-0.014893,-0.013916,1.30249,0.427551,0.41449,0.161896,0.0,0.0,0.0,0.17287304574838908,0.09289461285226683,0.09726679611824225,0.0,0.0,0.0
0.0121,-0.008301,0.003174,1.308594,0.488586,-0.073792,0.314484,0.0,0.0,0.0,0.1828639517098305,0.08483220194570334,0.1009710322756723,0.0,0.0,0.0
0.0125,-0.013672,-0.000977,1.3125,0.305481,0.445007,0.314484,0.0,0.0,0.0,0.18702039163768502,0.08793807727423002,0.10488799701651169,0.0,0.0,0.0
0.0114,-0.027832,-0.013916,1.306641,0.244446,0.261902,0.253448,0.0,0.0,0.0,0.17903725451689703,0.10059452721685229,0.10792600383108615,0.0,0.0,0.0
0.0123,-0.010498,0.000977,1.303467,0.366516,-0.043274,-0.14328,0.0,0.0,0.0,0.18560115116778694,0.09480923312755044,0.10608735523820476,0.0,0.0,0.0
0.0122,-0.002197,0.004639,1.318115,0.366516,-0.073792,0.070343,0.0,0.0,0.0,0.19502417011489243,0.08188914158543152,0.10677237240482855,0.0,0.0,0.0
0.0112,-0.020752,-0.010498,1.311035,0.671692,0.383972,0.192413,0.0,0.0,0.0,0.19471304501351555,0.08977315840716048,0.10900902534257795,0.0,0.0,0.0
0.0124,-0.020752,-0.008789,1.329346,0.641174,0.292419,-0.112762,0.0,0.0,0.0,0.19633681880408518,0.09679653238236693,0.107682853853917,0.0,0.0,0.0
0.0124,-0.006836,0.003418,1.296631,0.580139,0.322937,0.039825,0.0,0.0,0.0,0.20728664924957502,0.09262807510618902,0.10806457436568662,0.0,0.0,0.0
0.0112,-0.018799,-0.004639,1.321777,0.366516,-0.104309,0.009308,0.0,0.0,0.0,0.2083678283825296,0.09327896336293415,0.10819813478607931,0.0,0.0,0.0
0.0124,-0.014648,-0.000732,1.308105,0.671692,0.628113,-0.14328,0.0,0.0,0.0,0.2167812434722175,0.09940991711284927,0.10642604427383422,0.0,0.0,0.0
0.0122,-0.007812,-0.001465,1.305908,0.519104,-0.073792,0.222931,0.0,0.0,0.0,0.22252788594825626,0.09136798663435444,0.10904125992294801,0.0,0.0,0.0
0.0122,-0.013916,-0.000488,1.301025,0.580139,0.170349,0.100861,0.0,0.0,0.0,0.22972334669006322,0.09131781271768197,0.11024907771426809,0.0,0.0,0.0
0.0117,-0.019531,-0.004395,1.315918,0.549622,0.048279,0.253448,0.0,0.0,0.0,0.23305698405187203,0.0942280851245927,0.11326192186847397,0.0,0.0,0.0
0.0123,-0.02124,-0.01001,1.303223,0.427551,0.139832,0.131378,0.0,0.0,0.0,0.2307571860078127,0.09961741209525402,0.11496338902082952,0.0,0.0,0.0
0.0112,-0.012207,-0.000732,1.31665,0.335999,0.170349,0.131378,0.0,0.0,0.0,0.23433837539828833,0.0980040352205128,0.11638817126782734,0.0,0.0,0.0
0.0123,-0.015381,-0.001221,1.307617,0.366516,0.048279,0.222931,0.0,0.0,0.0,0.238247500457427,0.09759272836895228,0.11911916598411557,0.0,0.0,0.0
0.0119,-0.021729,-0.013184,1.325928,0.458069,0.048279,-0.112762,0.0,0.0,0.0,0.23385104075951246,0.10203707880528236,0.11787176769599085,0.0,0.0,0.0
0.0127,-0.004639,-0.001709,1.300293,0.427551,0.322937,-0.082245,0.0,0.0,0.0,0.23831329314298322,0.09672966071476148,0.11668806919079856,0.0,0.0,0.0
0.0111,-0.014893,-0.003906,1.309082,0.397034,0.200867,0.039825,0.0,0.0,0.0,0.24001911035785758,0.09760283823021969,0.11712765440394801,0.0,0.0,0.0
0.0121,-0.024902,-0.009521,1.313965,0.458069,0.353455,0.192413,0.0,0.0,0.0,0.2385834789738697,0.1080676385178751,0.11960925934749415,0.0,0.0,0.0
0.0121,-0.009033,-0.001465,1.287842,0.335999,0.506042,0.039825,0.0,0.0,0.0,0.24186549278299863,0.10813731636082793,0.1200095505974096,0.0,0.0,0.0
0.0121,-0.02124,-0.007324,1.310059,0.519104,-0.073792,0.100861,0.0,0.0,0.0,0.24284741373664756,0.11056793256015526,0.12130737471300738,0.0,0.0,0.0
0.0122,-0.022461,-0.01001,1.317871,0.549622,0.200867,0.222931,0.0,0.0,0.0,0.24227897453579217,0.1171216616697764,0.1241387858736223,0.0,0.0,0.0
0.0122,-0.01123,-0.002686,1.302002,0.305481,0.292419,0.100861,0.0,0.0,0.0,0.2442500153008582,0.11633223420140346,0.12530282176345792,0.0,0.0,0.0
0.0119,-0.004883,-0.001953,1.311768,0.213928,0.139832,0.161896,0.0,0.0,0.0,0.24557119688269524,0.10902146398612261,0.12706202978217945,0.0,0.0,0.0
0.0114,-0.012939,0.000488,1.311035,0.488586,0.383972,0.161896,0.0,0.0,0.0,0.2516627023363877,0.11045858296219671,0.12886566116642564,0.0,0.0,0.0
0.012,-0.013672,-0.006104,1.305908,0.213928,0.139832,-0.082245,0.0,0.0,0.0,0.24987340515681283,0.1097727021340878,0.12786180903045155,0.0,0.0,0.0
0.0125,-0.015137,-0.004883,1.318604,0.427551,0.292419,0.345001,0.0,0.0,0.0,0.25177137544736666,0.11210449683521216,0.13218272378604123,0.0,0.0,0.0
0.0121,-0.013184,-0.001709,1.30542,0.519104,0.078796,0.253448,0.0,0.0,0.0,0.2568949071101893,0.11032854909903339,0.13520413362494021,0.0,0.0,0.0
0.0123,-0.017578,-0.015381,1.326904,0.488586,-0.256897,-0.02121,0.0,0.0,0.0,0.25188510860677804,0.10769991933183043,0.13500643320778555,0.0,0.0,0.0
0.0111,-0.012695,-0.00415,1.314697,0.610657,0.872253,0.192413,0.0,0.0,0.0,0.2557432050349839,0.11428612951673359,0.13713328450590118,0.0,0.0,0.0
0.0123,-0.010742,0.00293,1.306396,0.427551,0.170349,0.131378,0.0,0.0,0.0,0.2631506659250517,0.11189981314376096,0.13864418828710437,0.0,0.0,0.0
0.012,-0.023193,-0.003906,1.308838,0.335999,0.109314,0.009308,0.0,0.0,0.0,0.26434981858741013,0.11769117455090465,0.13888023742075953,0.0,0.0,0.0
0.0124,-0.016357,-0.008057,1.305176,0.397034,-0.012756,0.131378,0.0,0.0,0.0,0.26346804241600524,0.11707493180575512,0.14053343381709335,0.0,0.0,0.0
0.0121,-0.017822,-0.007568,1.312744,0.274963,0.078796,0.253448,0.0,0.0,0.0,0.26140657116999183,0.11858820659793526,0.1436501708146375,0.0,0.0,0.0
0.0112,-0.006836,0.00415,1.307373,0.488586,-0.104309,0.131378,0.0,0.0,0.0,0.269773706956863,0.11024773735066064,0.14492816451948076,0.0,0.0,0.0
0.0121,-0.020508,-0.004639,1.310791,0.427551,0.231384,0.253448,0.0,0.0,0.0,0.2715547171948935,0.11555038753586593,0.1480904456880669,0.0,0.0,0.0
0.0743,-0.006348,-0.001221,1.30835,0.488586,0.261902,0.070343,0.0,0.0,0.0,0.3060192701866215,0.12488226589777297,0.15324330342930675,0.0,0.0,0.0
0.0004,-0.011963,-0.003174,1.3125,0.458069,0.506042,0.100861,0.0,0.0,0.0,0.30263446479160705,0.12040776541290564,0.15322052777006068,0.0,0.0,0.0
0.0006,-0.018799,-0.013428,1.317139,0.488586,0.139832,0.192413,0.0,0.0,0.0,0.2903732992286559,0.12203237351668254,0.15344400952189707,0.0,0.0,0.0
0.0004,-0.010254,-0.008789,1.306396,0.244446,0.322937,0.192413,0.0,0.0,0.0,0.2823270612143202,0.11616101348533532,0.1534501709543576,0.0,0.0,0.0
0.0004,-0.007812,-0.003662,1.30249,0.274963,-0.073792,0.161896,0.0,0.0,0.0,0.27898653995253725,0.10818210880552814,0.15336950332278643,0.0,0.0,0.0
0.0004,-0.019775,-0.005371,1.307129,0.519104,0.292419,0.161896,0.0,0.0,0.0,0.2743843216962608,0.11081221830244886,0.1535293454838588,0.0,0.0,0.0
0.0082,-0.022705,-0.006348,1.323486,0.213928,0.078796,0.100861,0.0,0.0,0.0,0.2706260704750507,0.11627910562738736,0.15451065608168243,0.0,0.0,0.0
0.0112,-0.005127,-0.003418,1.300049,0.549622,0.475525,0.253448,0.0,0.0,0.0,0.2737490644154848,0.11157355085141756,0.1571644632795862,0.0,0.0,0.0
0.0121,-0.018555,-0.01001,1.307129,0.458069,-0.104309,0.100861,0.0,0.0,0.0,0.2707681580762023,0.11170874347085488,0.15848363273805552,0.0,0.0,0.0
0.0122,-0.015137,-0.006104,1.300049,0.397034,0.078796,-0.02121,0.0,0.0,0.0,0.2704099273672865,0.11121627688182162,0.15823629888368637,0.0,0.0,0.0
0.0124,-0.01123,-0.005371,1.32373,0.397034,-0.043274,0.100861,0.0,0.0,0.0,0.2707857792732401,0.10609870894733704,0.1594079521607141,0.0,0.0,0.0
0.012,-0.018555,-0.002197,1.296875,0.427551,0.41449,0.070343,0.0,0.0,0.0,0.27397821835972264,0.11245465648403831,0.16032839196489637,0.0,0.0,0.0
0.012,-0.020508,-0.010742,1.33374,0.458069,-0.317932,0.039825,0.0,0.0,0.0,0.270689294996177,0.11151055644008932,0.1609372801420773,0.0,0.0,0.0
0.0123,-0.017334,0.000488,1.304932,0.641174,0.383972,0.131378,0.0,0.0,0.0,0.27876944388162916,0.11652140097459594,0.16258223310578085,0.0,0.0,0.0
0.0111,-0.012939,-0.009766,1.319824,0.366516,0.475525,-0.051727,0.0,0.0,0.0,0.27484490795865435,0.11853464691097766,0.16200982116668905,0.0,0.0,0.0
0.0124,-0.020264,-0.009033,1.292725,0.213928,0.170349,-0.14328,0.0,0.0,0.0,0.2701273000372277,0.12324534882524159,0.16037518476753398,0.0,0.0,0.0
0.0122,-0.011719,-0.001709,1.323242,0.366516,0.506042,0.039825,0.0,0.0,0.0,0.27308132042365635,0.1251383048487568,0.1607802784515741,0.0,0.0,0.0
0.0123,-0.009766,-0.001465,1.302246,0.671692,0.322937,0.009308,0.0,0.0,0.0,0.27996850521889133,0.12328998997621651,0.1607597219022603,0.0,0.0,0.0
0.0111,-0.019043,-0.003662,1.306641,0.427551,0.445007,-0.051727,0.0,0.0,0.0,0.2815885616974401,0.1296763054155107,0.1602792677161051,0.0,0.0,0.0
0.0122,-0.023926,-0.010986,1.305176,0.549622,-0.043274,-0.02121,0.0,0.0,0.0,0.27948365779772016,0.13434725444778006,0.16024366175230248,0.0,0.0,0.0
0.0124,-0.017334,-0.007812,1.30835,0.335999,0.017761,0.345001,0.0,0.0,0.0,0.2774035038711488,0.1345750392275459,0.16457176351609695,0.0,0.0,0.0
0.0113,-0.010498,-0.000244,1.311035,0.183411,0.261902,0.406036,0.0,0.0,0.0,0.27908169874343275,0.1323031269544783,0.1690175446032153,0.0,0.0,0.0
0.0122,-0.021729,-0.010498,1.310547,0.366516,0.170349,-0.14328,0.0,0.0,0.0,0.2753418676251208,0.13773958327007615,0.16745048238811572,0.0,0.0,0.0
0.0122,-0.013672,-0.003174,1.306641,0.519104,0.322937,0.100861,0.0,0.0,0.0,0.2790489133722563,0.138845819880228,0.16863096079005002,0.0,0.0,0.0
0.0121,-0.01123,-0.002441,1.316895,0.213928,-0.104309,0.039825,0.0,0.0,0.0,0.27956058194489913,0.13301216110193534,0.16897848491395595,0.0,0.0,0.0
0.0123,-0.015381,0.001953,1.297363,0.427551,0.53656,0.161896,0.0,0.0,0.0,0.28604308381189253,0.13810862652317074,0.17094416997728235,0.0,0.0,0.0
0.0121,-0.016602,-0.008057,1.313721,0.519104,0.109314,-0.14328,0.0,0.0,0.0,0.28597520100136664,0.13885475704047226,0.16925503453191312,0.0,0.0,0.0
0.0122,-0.011475,0.001709,1.314941,0.152893,0.017761,-0.051727,0.0,0.0,0.0,0.28876100827821793,0.13472773598020035,0.1684771749211253,0.0,0.0,0.0
0.0115,-0.011963,-0.00415,1.3125,0.397034,0.628113,-0.051727,0.0,0.0,0.0,0.28989065519853,0.1379465093660128,0.16782441633602607,0.0,0.0,0.0
0.0121,-0.024414,-0.013672,1.299316,0.397034,0.109314,0.222931,0.0,0.0,0.0,0.2842606901327604,0.14444525687554066,0.17079953960605881,0.0,0.0,0.0
0.0122,-0.011963,-0.001953,1.320068,0.488586,0.322937,0.375519,0.0,0.0,0.0,0.2884517118172424,0.14431989544929955,0.17528101716019104,0.0,0.0,0.0
0.0122,-0.007568,0.004639,1.310303,0.610657,-0.226379,-0.082245,0.0,0.0,0.0,0.2988359126400372,0.1344306370967129,0.17399587677746173,0.0,0.0,0.0
0.0116,-0.023438,-0.01123,1.314941,0.458069,0.048279,0.161896,0.0,0.0,0.0,0.29556389914820674,0.13937214350712304,0.17611369777657346,0.0,0.0,0.0
0.0121,-0.017822,-0.003418,1.30957,0.458069,0.048279,-0.082245,0.0,0.0,0.0,0.29817254499213763,0.1402672038968462,0.1751610124847831,0.0,0.0,0.0
0.0122,-0.005371,-0.00293,1.303467,0.580139,0.322937,0.222931,0.0,0.0,0.0,0.30263972497330244,0.13551753706269182,0.17763056282706377,0.0,0.0,0.0
0.0121,-0.014893,-0.008545,1.311768,0.213928,0.170349,0.009308,0.0,0.0,0.0,0.2986263618238542,0.13582823865967303,0.17776798007829414,0.0,0.0,0.0
0.0111,-0.023926,-0.009033,1.316406,0.763245,0.383972,0.192413,0.0,0.0,0.0,0.300178948449411,0.1446653921207381,0.1801660826087147,0.0,0.0,0.0
0.0119,-0.015869,0.000244,1.304932,0.366516,0.170349,0.070343,0.0,0.0,0.0,0.30421178873042254,0.14552992585526373,0.18097541516125587,0.0,0.0,0.0
0.0129,-0.016113,-0.001709,1.307861,0.305481,0.078796,0.283966,0.0,0.0,0.0,0.30640453586584293,0.14554400556633804,0.1846270116652695,0.0,0.0,0.0
0.0121,-0.019775,-0.00415,1.30542,0.335999,0.231384,0.192413,0.0,0.0,0.0,0.3069859718483277,0.14990347812507196,0.18706287482684086,0.0,0.0,0.0
0.0111,-0.012939,-0.006592,1.299805,0.458069,0.109314,0.039825,0.0,0.0,0.0,0.3068676914215584,0.14786111647520878,0.18744588732958947,0.0,0.0,0.0
0.0121,-0.022705,-0.006348,1.32666,0.519104,0.200867,0.558624,0.0,0.0,0.0,0.30816090070515395,0.15374345697688027,0.19439886235831985,0.0,0.0,0.0
0.0127,-0.015625,-0.000244,1.289551,0.610657,0.109314,0.100861,0.0,0.0,0.0,0.3151521173341986,0.15371912096183998,0.1956422851804404,0.0,0.0,0.0
0.0119,-0.016846,-0.01416,1.313721,0.274963,0.292419,0.345001,0.0,0.0,0.0,0.30801548937580253,0.15658185129184618,0.19984639638279564,0.0,0.0,0.0
0.0117,-0.014648,-0.002441,1.314697,0.549622,-0.134827,-0.051727,0.0,0.0,0.0,0.3121379510285835,0.15293602829626388,0.19917504284434512,0.0,0.0,0.0
0.012,-0.007568,0.001221,1.310303,0.427551,0.41449,0.070343,0.0,0.0,0.0,0.31744915809289204,0.15095938787433505,0.19977536689650688,0.0,0.0,0.0
0.0131,-0.013916,-0.009033,1.299561,0.274963,0.261902,0.009308,0.0,0.0,0.0,0.3141541589105137,0.1518302707790947,0.19989552189659546,0.0,0.0,0.0
0.0112,-0.013672,-0.001465,1.32373,0.732727,-0.043274,0.253448,0.0,0.0,0.0,0.3206341362475793,0.1486664645217845,0.2026468918375607,0.0,0.0,0.0
0.012,0.000244,0.005371,1.303467,0.335999,0.292419,0.100861,0.0,0.0,0.0,0.3276055278578001,0.1400076657702568,0.2033642505710022,0.0,0.0,0.0
0.0116,-0.022461,-0.013672,1.318115,0.549622,0.292419,0.009308,0.0,0.0,0.0,0.3239336684912656,0.14674859091711812,0.20376264996556612,0.0,0.0,0.0
0.0126,-0.013916,-0.01001,1.29834,0.610657,0.078796,0.070343,0.0,0.0,0.0,0.3240314474642163,0.14529102890121834,0.20465862655863143,0.0,0.0,0.0
0.0118,-0.017822,-0.003418,1.317383,0.702209,-0.104309,-0.356903,0.0,0.0,0.0,0.3291805525976435,0.14430987729698808,0.20049225700091547,0.0,0.0,0.0
0.0116,-0.02002,-0.010986,1.297119,0.549622,0.048279,0.314484,0.0,0.0,0.0,0.3273081691290872,0.14658168472006336,0.20432623797676358,0.0,0.0,0.0
0.012,-0.020264,-0.010498,1.31665,0.580139,0.261902,0.192413,0.0,0.0,0.0,0.32644470449054364,0.15149200682723893,0.20683002023318195,0.0,0.0,0.0
0.0121,-0.005615,-0.00415,1.30542,0.305481,0.139832,0.406036,0.0,0.0,0.0,0.32660147300647874,0.14513309968256277,0.21144900892144566,0.0,0.0,0.0
0.0122,-0.018066,-0.005615,1.31665,0.549622,0.292419,-0.173798,0.0,0.0,0.0,0.3287482547327351,0.14904341179959818,0.20942676009601252,0.0,0.0,0.0
0.0121,-0.02002,-0.008301,1.32373,0.458069,0.353455,0.131378,0.0,0.0,0.0,0.32798440374956717,0.1548565767773306,0.21119480000819454,0.0,0.0,0.0
0.0121,-0.012939,-0.004883,1.306641,0.397034,0.353455,0.131378,0.0,0.0,0.0,0.3287494321524717,0.15594941320391242,0.21271941531183583,0.0,0.0,0.0
0.0121,-0.020508,-0.001221,1.307129,0.488586,-0.134827,0.192413,0.0,0.0,0.0,0.33303035522203184,0.15619502727505422,0.21514576957269205,0.0,0.0,0.0
0.0115,-0.024658,-0.005371,1.311768,0.488586,0.353455,0.039825,0.0,0.0,0.0,0.3342412482049877,0.16478169277942648,0.21588875041624092,0.0,0.0,0.0
0.0123,-0.013428,-0.003174,1.319092,0.549622,0.048279,-0.326385,0.0,0.0,0.0,0.3379958595000563,0.16250618803961098,0.21178157331195133,0.0,0.0,0.0
0.012,-0.008057,-0.003662,1.311523,0.580139,0.139832,0.283966,0.0,0.0,0.0,0.3416214620736309,0.15777789256258437,0.21494862363764577,0.0,0.0,0.0
0.0122,-0.010742,-0.00415,1.316162,0.549622,0.597595,0.039825,0.0,0.0,0.0,0.3446308270759758,0.16044247459321637,0.21531570487680246,0.0,0.0,0.0
0.0112,-0.010254,-0.00293,1.298584,0.458069,0.41449,0.100861,0.0,0.0,0.0,0.3468685806841308,0.16011427301597636,0.21628495030216888,0.0,0.0,0.0
0.0122,-0.019531,-0.006836,1.314941,0.305481,-0.287415,-0.082245,0.0,0.0,0.0,0.34515225960469703,0.15779593071409728,0.21539677995978343,0.0,0.0,0.0
0.0123,-0.015381,-0.000977,1.314453,0.397034,0.353455,-0.051727,0.0,0.0,0.0,0.3483924384341517,0.1605835733835014,0.21473742409446597,0.0,0.0,0.0
0.0122,-0.015625,-0.008545,1.296631,0.366516,0.017761,0.039825,0.0,0.0,0.0,0.3462830597582673,0.15941662715393398,0.21525682761644716,0.0,0.0,0.0
0.0122,-0.016602,-0.010254,1.323242,0.427551,0.322937,0.375519,0.0,0.0,0.0,0.3439161165150727,0.16253631776446475,0.21993644599053186,0.0,0.0,0.0
0.011,-0.002197,0.000488,1.299072,0.366516,0.109314,-0.02121,0.0,0.0,0.0,0.34732094280365144,0.15362211453566813,0.21922667770580412,0.0,0.0,0.0
0.0122,-0.020752,-0.013184,1.314941,0.458069,0.200867,-0.112762,0.0,0.0,0.0,0.3434380566542682,0.15803802124660637,0.21811854911312958,0.0,0.0,0.0
0.012,-0.02002,-0.01123,1.303223,0.335999,0.231384,0.406036,0.0,0.0,0.0,0.3393065737393532,0.162246370386897,0.22321144949706562,0.0,0.0,0.0
0.0121,-0.012451,0.005615,1.309082,0.183411,0.078796,0.039825,0.0,0.0,0.0,0.3442322451294155,0.15976658016788506,0.2234823113877576,0.0,0.0,0.0
0.0122,-0.025635,-0.009277,1.307617,0.366516,0.170349,0.253448,0.0,0.0,0.0,0.34181254764572205,0.16685142168753872,0.2269479078880689,0.0,0.0,0.0
0.0123,-0.021973,-0.009521,1.324707,0.702209,-0.104309,0.009308,0.0,0.0,0.0,0.3434241934943682,0.16814568644560168,0.22728925799215893,0.0,0.0,0.0
0.0121,-0.008789,-0.00415,1.29541,0.488586,0.078796,0.131378,0.0,0.0,0.0,0.3457288611311717,0.1632353188251468,0.2286334304726162,0.0,0.0,0.0
0.0114,-0.011963,-0.010498,1.312744,0.580139,0.383972,0.192413,0.0,0.0,0.0,0.3446871722870568,0.16384134178076923,0.23077448224440253,0.0,0.0,0.0
0.0122,-0.009277,-0.008057,1.29834,0.519104,0.475525,0.131378,0.0,0.0,0.0,0.3449100209760399,0.16411862428113919,0.23221663281367547,0.0,0.0,0.0
0.012,-0.015869,-0.001465,1.322754,0.458069,0.200867,0.192413,0.0,0.0,0.0,0.34848551176290826,0.16524259353697213,0.23450399113206472,0.0,0.0,0.0
0.0121,-0.022461,-0.00415,1.29834,0.335999,0.506042,0.039825,0.0,0.0,0.0,0.3489297089744802,0.17425191851181338,0.23523778960855354,0.0,0.0,0.0
0.0121,-0.030762,-0.013184,1.315918,0.458069,-0.104309,-0.02121,0.0,0.0,0.0,0.34515605898123347,0.18100716884622822,0.2355499971778136,0.0,0.0,0.0
0.0118,-0.013916,0.000244,1.304443,0.244446,0.292419,0.222931,0.0,0.0,0.0,0.3472661137915071,0.18174771618471328,0.23806395926947188,0.0,0.0,0.0
0.0119,-0.006836,-0.000244,1.32373,0.427551,-0.104309,0.192413,0.0,0.0,0.0,0.35118307570078705,0.17345280428030618,0.23997800718706286,0.0,0.0,0.0
0.0122,-0.016357,-0.008301,1.292969,0.763245,0.597595,0.070343,0.0,0.0,0.0,0.3541715648569745,0.1796416195327231,0.24091983590075042,0.0,0.0,0.0
0.0119,-0.018555,-0.009277,1.325928,0.458069,0.017761,0.131378,0.0,0.0,0.0,0.35277464196068914,0.18009678803034185,0.24260496674345847,0.0,0.0,0.0
0.0124,-0.005859,0.004639,1.304688,0.519104,0.231384,-0.082245,0.0,0.0,0.0,0.3610676771340753,0.1752443129579195,0.24114222442474978,0.0,0.0,0.0
0.0113,-0.02417,-0.009277,1.317139,0.397034,0.078796,0.253448,0.0,0.0,0.0,0.35864848452854653,0.17991351491183305,0.24433660367907098,0.0,0.0,0.0
0.012,-0.020996,-0.011475,1.295898,0.427551,0.109314,-0.051727,0.0,0.0,0.0,0.35546091744326047,0.18305742995598567,0.24395696382760107,0.0,0.0,0.0
0.0121,-0.018311,-0.000244,1.326416,0.549622,0.078796,0.009308,0.0,0.0,0.0,0.3608293983265588,0.18406392007005246,0.24409799599554127,0.0,0.0,0.0
0.0127,-0.000732,0.001953,1.29126,0.274963,0.383972,0.192413,0.0,0.0,0.0,0.36448667156895437,0.17787623776442765,0.2459434212511268,0.0,0.0,0.0
0.0112,-0.01416,-0.01416,1.310547,0.335999,0.353455,0.436554,0.0,0.0,0.0,0.35831513647251984,0.17933161138531292,0.25088871412624336,0.0,0.0,0.0
0.0126,-0.005859,-0.00708,1.305664,0.458069,0.292419,0.314484,0.0,0.0,0.0,0.3585866552955192,0.17533315252698803,0.25452867692837533,0.0,0.0,0.0
0.012,-0.016357,0.0,1.313232,0.213928,-0.195862,0.283966,0.0,0.0,0.0,0.3600764432540345,0.17194950336498746,0.2578830421631703,0.0,0.0,0.0
0.0121,-0.028076,-0.01123,1.303223,0.488586,0.53656,0.009308,0.0,0.0,0.0,0.35788135787036696,0.18467361775956045,0.25854861120256956,0.0,0.0,0.0
0.0112,-0.02124,-0.005615,1.306152,0.397034,0.078796,-0.051727,0.0,0.0,0.0,0.3577668292749301,0.1874438774161456,0.25816401770499225,0.0,0.0,0.0
0.0123,-0.006836,0.003418,1.321289,0.580139,-0.34845,0.161896,0.0,0.0,0.0,0.36585948458331125,0.17619245739380002,0.25969986527296757,0.0,0.0,0.0
0.0121,-0.016846,-0.01001,1.312012,0.427551,0.109314,0.253448,0.0,0.0,0.0,0.36369244482103935,0.1767422385754175,0.26286253705094964,0.0,0.0,0.0
0.012,-0.018311,-0.009277,1.307617,0.213928,0.383972,0.009308,0.0,0.0,0.0,0.35941240698290833,0.1814624878441795,0.26313206359880265,0.0,0.0,0.0
0.0121,-0.012451,-0.007324,1.305664,0.641174,0.170349,0.192413,0.0,0.0,0.0,0.36152895271045504,0.1799831442471245,0.26535970937202924,0.0,0.0,0.0
0.0123,-0.009277,0.005127,1.307861,0.366516,0.109314,0.161896,0.0,0.0,0.0,0.3680808820380307,0.17586168792384863,0.2669907801284168,0.0,0.0,0.0
0.0116,-0.025635,-0.003906,1.318848,0.366516,0.261902,0.161896,0.0,0.0,0.0,0.36874505431549465,0.18347503674864424,0.26923128299795696,0.0,0.0,0.0
0.0122,-0.014404,-0.003662,1.310547,0.610657,0.017761,-0.051727,0.0,0.0,0.0,0.3727138409548294,0.18138192317745852,0.26852467409602615,0.0,0.0,0.0
0.0121,-0.006592,-0.000488,1.311035,0.427551,0.322937,0.283966,0.0,0.0,0.0,0.37634742133166404,0.1781536277878161,0.2715865191788211,0.0,0.0,0.0
0.0118,-0.013184,-0.006104,1.313232,0.488586,0.292419,0.009308,0.0,0.0,0.0,0.37708558713581924,0.17857365311210127,0.2716352004618915,0.0,0.0,0.0
0.0121,-0.010986,-0.007568,1.302979,0.519104,0.689148,0.100861,0.0,0.0,0.0,0.3774275930574151,0.18245969780619511,0.27275992958390916,0.0,0.0,0.0
0.0116,-0.018555,-0.008789,1.310547,0.488586,0.017761,0.345001,0.0,0.0,0.0,0.3764418390763476,0.18288180184755462,0.27691432137510175,0.0,0.0,0.0
0.0126,-0.014893,0.001953,1.30542,0.458069,0.292419,0.161896,0.0,0.0,0.0,0.38213348688226695,0.18451639902828457,0.27885461554940794,0.0,0.0,0.0
0.0112,-0.021484,-0.009766,1.30835,0.244446,0.017761,-0.051727,0.0,0.0,0.0,0.37759878121249535,0.18672912617909485,0.2785472745711923,0.0,0.0,0.0
0.0126,-0.015625,-0.007568,1.307373,0.519104,0.109314,0.131378,0.0,0.0,0.0,0.37822102400118995,0.1864948621980475,0.280228512437998,0.0,0.0,0.0
0.0115,-0.012939,-0.006592,1.312256,0.549622,0.53656,0.222931,0.0,0.0,0.0,0.3792314041835224,0.18936830402091334,0.2827320177493618,0.0,0.0,0.0
0.012,-0.018066,-0.00708,1.316406,0.397034,0.383972,0.039825,0.0,0.0,0.0,0.3783974425609344,0.1937855666500691,0.28334112945578843,0.0,0.0,0.0
0.012,-0.009521,0.003418,1.313477,0.335999,0.170349,0.222931,0.0,0.0,0.0,0.3832125510499436,0.19043399105836384,0.28567143340004764,0.0,0.0,0.0
0.0121,-0.009521,0.003662,1.306641,0.335999,0.41449,-0.02121,0.0,0.0,0.0,0.3881725507646435,0.19006356323391946,0.2850906725564936,0.0,0.0,0.0
0.0121,-0.032471,-0.013672,1.31665,0.305481,0.048279,-0.082245,0.0,0.0,0.0,0.38221824750967076,0.19919237657262992,0.2848388147074397,0.0,0.0,0.0
0.0124,-0.02124,-0.008545,1.310791,0.458069,-0.226379,0.009308,0.0,0.0,0.0,0.38137619588322275,0.19810313850673514,0.2851718882496215,0.0,0.0,0.0
0.012,-0.011475,-0.000732,1.312012,0.397034,-0.012756,0.131378,0.0,0.0,0.0,0.38437450249031013,0.1937296274253563,0.28651043642395957,0.0,0.0,0.0
0.0122,-0.015625,-0.013428,1.299805,0.274963,0.261902,0.131378,0.0,0.0,0.0,0.3782250332390741,0.1952316954818875,0.28821362446368803,0.0,0.0,0.0
0.0121,-0.010498,-0.005371,1.325195,0.549622,0.506042,0.345001,0.0,0.0,0.0,0.38033666008660005,0.19652190207296935,0.2922045232803056,0.0,0.0,0.0
0.0119,-0.006104,-0.000732,1.30957,0.519104,0.200867,0.314484,0.0,0.0,0.0,0.3847601205691091,0.19142433925992727,0.29550912271350527,0.0,0.0,0.0
0.0116,-0.016113,-0.000488,1.313232,0.519104,0.41449,-0.112762,0.0,0.0,0.0,0.38910628377105827,0.19485865756990448,0.2941797875519316,0.0,0.0,0.0
0.0121,-0.021729,-0.007568,1.293701,0.641174,0.109314,0.131378,0.0,0.0,0.0,0.3908485204334872,0.19823215048811707,0.29604454572271255,0.0,0.0,0.0
0.0121,-0.019287,-0.008789,1.331055,0.641174,0.139832,0.345001,0.0,0.0,0.0,0.3919094649040782,0.20034997039718222,0.3004023893593605,0.0,0.0,0.0
0.0128,-0.007324,0.000244,1.300781,0.671692,-0.043274,-0.02121,0.0,0.0,0.0,0.39920109311294966,0.1930446254471236,0.29970584962004937,0.0,0.0,0.0
0.0122,-0.016113,-0.005859,1.31543,0.213928,0.170349,0.345001,0.0,0.0,0.0,0.3968078598311077,0.1937240275097101,0.30394954176579336,0.0,0.0,0.0
0.0113,-0.017822,-0.008789,1.307373,0.397034,0.261902,0.314484,0.0,0.0,0.0,0.3945327215433879,0.19631083224459214,0.3076501069176966,0.0,0.0,0.0
0.0123,-0.01001,-0.001465,1.311523,0.335999,0.322937,-0.051727,0.0,0.0,0.0,0.39632934877229975,0.19519737887517066,0.3067502562214749,0.0,0.0,0.0
0.0123,-0.005615,-0.002441,1.3125,0.458069,0.200867,0.039825,0.0,0.0,0.0,0.39900942399633377,0.18996645247847507,0.30680873285745913,0.0,0.0,0.0
0.0114,-0.02002,-0.011963,1.303955,0.305481,0.292419,0.558624,0.0,0.0,0.0,0.3938184384191148,0.19427646365043374,0.31347860806546274,0.0,0.0,0.0
0.0124,-0.015869,-0.005371,1.310303,0.458069,-0.012756,-0.082245,0.0,0.0,0.0,0.39481184825501175,0.1926277236195373,0.3124662932523046,0.0,0.0,0.0
0.0123,-0.005859,-0.000488,1.303955,0.488586,-0.012756,0.009308,0.0,0.0,0.0,0.3990703464003344,0.18495138635015929,0.31210664522867765,0.0,0.0,0.0
0.0121,0.002197,-0.004883,1.307129,0.488586,0.017761,-0.387421,0.0,0.0,0.0,0.40052353454011674,0.17292908526283882,0.3066968747884066,0.0,0.0,0.0
0.0115,0.0,-0.001465,1.311279,0.274963,0.41449,-0.387421,0.0,0.0,0.0,0.40129516240756036,0.16690187094595413,0.3016002150892654,0.0,-0.0,-0.0016
0.0126,-0.010498,-0.001709,1.313232,0.183411,0.109314,-0.356903,0.0,0.0,0.0,0.4010655189723666,0.16387603145082394,0.29688610339516525,0.0,-0.0,-0.0032
0.0113,-0.020264,-0.00415,1.322998,0.549622,-0.012756,-0.387421,0.0,0.0,0.0,0.4032402661321603,0.1651947601201728,0.2927278073279747,0.001,-0.0,-0.0049
0.012,-0.022217,-0.015381,1.290527,0.549622,-9.41217,-8.596649,5.399906557432276e-05,2.764499155848119e-07,-1.593209383680086e-07,0.39877996759940476,0.056865407984349116,0.18938105671800567,0.001,-0.0,-0.0097
0.0123,0.347412,0.263428,1.048096,0.732727,2.703308,-16.439667,0.001240949980769918,3.72591514210768e-06,3.77230753063427e-06,0.5793501641337246,-0.14665511848297277,-0.034773999627291295,0.003,-0.0,-0.0081
0.0117,0.144775,-0.063232,1.526123,-4.058533,-9.137512,-7.162323,0.003124634849400025,2.6149713342205927e-06,1.2808338483988868e-05,0.4968012514003772,-0.33118055956195097,-0.11898031104594059,0.005,-0.0,0.0049
0.0124,0.298096,-0.214111,1.045166,1.098938,6.701111,-6.460419,0.00436457008622549,5.758712582091292e-07,3.565243499407554e-05,0.3633943911550376,-0.45791110190067635,-0.19101356436773922,0.006,-0.0,0.0016
0.0121,0.181641,0.129639,1.760742,2.899475,-0.989319,-14.425507,0.005435347684899158,-4.318894135934421e-06,5.1735345769168667e-05,0.4545850855311781,-0.5498705590235792,-0.37968671865336145,0.007,-0.0,-0.0032
0.0114,0.308105,0.098145,1.123291,0.152893,-7.092834,-5.514374,0.008267860132675702,-2.6310032709008222e-05,0.00010755452597928832,0.519226510588888,-0.83341217373116,-0.4656274436001789,0.01,-0.0,-0.0032
0.012,0.531982,-0.155029,1.452393,1.312561,5.20575,-7.040253,0.011201060864639026,-4.9090068515740444e-05,0.00019872056647965916,0.4585640446227052,-1.0256207070606136,-0.5436015943562899,0.012,-0.0,-0.0049
0.0125,0.327148,-0.015381,1.582275,0.152893,4.44281,-2.065887,0.01379391669718445,-7.529034096950075e-05,0.0002807086794203004,0.45108349395518804,-1.1224735642699977,-0.5753390697108453,0.016,-0.0,-0.0049
0.0119,0.188232,-0.12915,0.824951,2.258606,-7.703186,3.213654,0.016999661393636834,-0.00010026783697989009,0.0003915300752318764,0.3615363849239596,-1.3822639649312625,-0.5124270832195059,0.019,-0.0,-0.0049
0.0124,0.573486,-0.052734,1.412354,-0.335388,2.703308,0.711212,0.021913107246262383,-0.00015002718830365742,0.0006110614843479424,0.3304471777133218,-1.6220195843979535,-0.5175559692912043,0.025,-0.0,-0.0081
0.0121,0.532471,-0.035889,1.360107,-1.586609,3.374695,0.009308,0.026494928619906363,-0.00019940829259591458,0.0008581941930286969,0.2925019020655239,-1.844157758332969,-0.5334292546528426,0.029,-0.0,-0.0081
0.0114,0.261719,-0.036865,1.058594,0.213928,0.048279,2.023468,0.03176832671674036,-0.0002515420383430157,0.001120854466700676,0.2687557495179855,-2.017125805690612,-0.5149260709394841,0.034,-0.0,-0.0081
0.0122,0.449951,0.061035,1.423096,0.06134,4.168152,0.131378,0.037812345332498436,-0.0003303243026103322,0.0014699060221729367,0.3005370165034385,-2.1800398342342118,-0.5494851655020357,0.041,-0.0,-0.0097
0.0113,0.397461,-0.031982,1.239502,0.122375,-2.850891,0.833282,0.04402990904039209,-0.00039807356864699736,0.001865821792368415,0.2828918436660802,-2.4268295195699046,-0.5496562105535902,0.046,-0.0,-0.0113
0.0123,0.202148,0.041504,1.426025,3.357239,9.539246,6.295929,0.05146826628232988,-0.0004888048530997168,0.002260159245790646,0.3427466659142162,-2.4011853557580687,-0.49282819146565143,0.056,-0.0,-0.013
0.0124,0.11792,-0.09668,1.549072,7.355042,-1.416565,4.220734,0.05875187744021011,-0.000524568194879915,0.002605212508302468,0.3807548632272705,-2.4594557357513644,-0.4138023269860694,0.062,-0.0,-0.013
0.012,0.049072,-0.002686,1.21167,4.486389,7.036804,0.528107,0.0660943961817053,-0.0005772154929924902,0.0029379359011055834,0.43097533158484463,-2.390776855983129,-0.4064376724611399,0.068,-0.001,-0.013
0.0124,0.095703,-0.02002,1.228027,-1.617126,9.447693,1.565704,0.07384195678008779,-0.0006274987921957665,0.00331691880831375,0.396016107256214,-2.319071131774978,-0.38228904290414456,0.077,-0.001,-0.013
0.0113,0.150391,-0.005859,1.146484,-3.112488,6.640076,0.467072,0.0808609020492358,-0.0006833768004379628,0.003716348562676138,0.3561761483802868,-2.330170139261743,-0.38258489726147193,0.083,-0.001,-0.013
0.012,0.037842,0.030518,1.159668,-2.105408,5.541443,-2.828827,0.08903725027959489,-0.0007590040511677911,0.004065652812025939,0.352590095272386,-2.2747176647289553,-0.4296957339078581,0.093,-0.001,-0.013
0.0126,0.003174,-0.051514,1.477539,-4.180603,2.642273,0.650177,0.09732227369542655,-0.0007898772077068841,0.004372149183022145,0.27139660767798424,-2.227354257366284,-0.40289428808174993,0.1,-0.001,-0.0146
0.0114,-0.036377,0.085205,0.884766,-1.769714,-1.813293,2.816925,0.10483654185126695,-0.0009180284589649857,0.004592850774762596,0.3264944091623937,-2.2062764895955675,-0.412316288676253,0.106,-0.001,-0.0162
0.0125,-0.013184,0.098877,1.425293,-7.812195,5.755066,3.274689,0.11304987354511258,-0.0010357652724729482,0.0048701081156639955,0.2817545071405371,-2.113156584962487,-0.40083361072899387,0.116,-0.001,-0.0178
0.0117,-0.024414,-0.074707,1.303955,-5.584412,0.811218,3.457794,0.12059332114469672,-0.001031106738769671,0.005094571642851787,0.17052914006015293,-2.076132572681575,-0.333025110844717,0.122,-0.001,-0.021
0.0125,-0.095703,-0.057129,1.254883,5.707092,2.276062,2.511749,0.1287994726395337,-0.0010214753195413007,0.005245542707865762,0.2054362478192011,-1.97687280456255,-0.2761376938962308,0.133,-0.002,-0.0243
0.0109,0.033203,-0.042236,1.62915,-0.549011,-4.37677,-0.173798,0.13595649721425768,-0.0010306384651235152,0.005495846510726019,0.17937068550197605,-2.026046314562055,-0.26749815708430463,0.139,-0.002,-0.0259
0.0123,0.008057,-0.151123,0.719482,-6.74408,-3.980042,-0.540009,0.14395994384792574,-0.0008617312767650752,0.005785394262497871,-0.058496716911480354,-2.077280889563703,-0.19174631783229687,0.146,-0.002,-0.0275
0.0124,-0.014648,-0.049072,1.492188,2.441711,11.3703,-3.835907,0.15217763242346344,-0.0008503156111080278,0.006034885526358049,-0.049592436597856636,-1.916040054888002,-0.22483831718881137,0.155,-0.002,-0.0259
0.0116,-0.004639,0.064453,1.111084,0.091858,-5.811096,-8.07785,0.15983581377670464,-0.0009460047468271045,0.006256806718517137,0.0036556570226633327,-1.9700145110312621,-0.3421972746760081,0.162,-0.002,-0.0259
0.0121,0.102295,0.049072,1.277832,-6.194763,8.745789,-10.214081,0.1678361016544609,-0.0010606899936746043,0.006665459929058072,-0.03370441544164355,-1.9150836852143993,-0.48866862839320047,0.172,-0.003,-0.0243
0.012,-0.030762,-0.008789,1.952393,-3.08197,-0.653625,-1.516571,0.17575993381870653,-0.001118151824479235,0.00685798166189317,-0.07101575216553302,-1.8964940521141704,-0.5036251179103689,0.179,-0.003,-0.0227
0.0124,-0.122559,0.062012,0.721191,-0.671082,-12.494446,-7.223358,0.18405695334257716,-0.001261007733892398,0.006753147104070587,-0.005095164712537967,-1.9186434537626385,-0.6153549626408995,0.185,-0.003,-0.0259
0.0115,-0.186279,-0.000244,1.298096,-3.631287,-9.778381,-6.18576,0.19194787058086535,-0.0013147478725211588,0.006657976371538272,-0.041406837077251527,-1.9100730328231903,-0.6774890037316293,0.195,-0.003,-0.0275
0.0121,-0.084961,-0.079346,1.215088,-0.854187,4.656433,-7.589569,0.19986371319868965,-0.0013175591346740942,0.006726099960282066,-0.09586083848905623,-1.7902021378257655,-0.7433778250811948,0.201,-0.003,-0.0291
0.0124,-0.092529,0.083984,1.623291,-4.485779,0.261902,-12.686005,0.207627224269145,-0.001465960784321757,0.006794440161315773,-0.10269719686534282,-1.7320738495141588,-0.9141293273093325,0.212,-0.004,-0.0308
0.0123,-0.056641,-0.02417,0.983154,-7.476501,-4.041077,-6.246796,0.21532853753306652,-0.0015526897114436862,0.0068590823135097215,-0.2057076586528916,-1.7305960911344351,-0.9812970274271146,0.218,-0.004,-0.0324
0.0115,-0.091553,-0.09082,0.933594,2.899475,-5.078674,-6.918182,0.22249339798364917,-0.0015451121722296404,0.006800818808350325,-0.23906345955407257,-1.708057187061444,-1.027057338597714,0.224,-0.004,-0.034
0.0122,0.159912,0.096436,1.854736,0.000305,1.604675,-9.359589,0.22991763365731296,-0.0017646950144699109,0.007211775574944076,-0.19115265066248316,-1.7434630303293837,-1.1629789941858728,0.233,-0.004,-0.034
0.0117,-0.026123,-0.107422,1.537842,-2.441101,-0.745178,-7.223358,0.2368606594633732,-0.001820821460016565,0.0073362596733978986,-0.26657059506476805,-1.7283909676383749,-1.2268276506336266,0.238,-0.005,-0.0372
0.0123,-0.11084,-0.024658,0.947998,7.263489,-4.224182,-8.474579,0.24404505042863958,-0.0019126899002898069,0.0072048306708560805,-0.18851978931216512,-1.6850150456800692,-1.3165485880586563,0.248,-0.005,-0.0405
0.0123,-0.162598,0.05835,0.938965,10.681458,-1.660706,-9.115448,0.2513319555652885,-0.002097842256278202,0.006917659073979169,-0.002452673859208548,-1.5700124436145824,-1.4332220998876188,0.254,-0.005,-0.0405
0.012,-0.005127,-0.048828,1.550781,1.861877,11.461853,-10.183563,0.25829485798680524,-0.002237467404855916,0.007068503819106191,0.000784355950932334,-1.4222376113767727,-1.5477799119259388,0.259,-0.005,-0.0421
0.0115,0.003906,-0.036377,1.793457,-2.83783,-4.773499,-10.000458,0.26485815682745273,-0.002393212161865127,0.007201848391126075,-0.04232037895343415,-1.4697212516570686,-1.6581298293614894,0.267,-0.006,-0.0437
0.0121,-0.07666,0.02124,0.851074,1.587219,-6.451965,-11.556854,0.2718135702766301,-0.0025969847230950904,0.00709894754984454,0.004212352639044236,-1.4762073481243945,-1.798716363298652,0.273,-0.006,-0.047
0.0126,-0.014893,0.056152,1.157715,2.441711,-2.545715,-10.519257,0.2792868652013541,-0.0028794652914078426,0.007231577871097398,0.07865842906317759,-1.4924959250399052,-1.9412679506296449,0.283,-0.007,-0.0518
0.0112,-0.030273,-0.048828,1.181641,-1.922302,-7.825256,-10.305634,0.28571404719254856,-0.0030477844395615074,0.007287158307554518,0.030729436284925898,-1.5534660024701634,-2.0468499733374865,0.288,-0.007,-0.0534
0.012,-0.031982,-0.047607,1.49292,-1.434021,3.069519,-10.824432,0.2925810721406405,-0.003253331341515937,0.007367847451806071,-0.005396862486611025,-1.4918943286473347,-2.1689474580600776,0.294,-0.007,-0.055
0.0123,0.0625,-0.009766,0.975586,2.624817,-8.130432,-9.634247,0.2996337751053776,-0.003533918788148213,0.007739400924839063,0.02578749754019256,-1.6359325865443932,-2.289924124952328,0.302,-0.008,-0.0567
0.0118,0.025879,0.013672,0.855713,-1.311951,-2.271057,-10.763397,0.30639562562777145,-0.003835809770607089,0.008017964208354152,0.030389341381667278,-1.6818561766538571,-2.4229230291115105,0.309,-0.008,-0.0599
0.0121,-0.069824,-0.037354,1.500488,0.397034,-3.827454,-5.880585,0.31342365873697364,-0.004088507092549495,0.008018274868740988,0.020105055783021422,-1.6820329998042352,-2.4860305078259772,0.315,-0.008,-0.0631
0.0122,-0.124023,-0.095947,1.507324,6.592102,-13.654114,-5.972137,0.3204597656175931,-0.004292894811964556,0.007883853822301296,0.05522482105329108,-1.7742501613292863,-2.54098211721686,0.323,-0.009,-0.0648
0.0116,0.039307,-0.006836,1.121094,4.120178,-2.972961,-8.901825,0.3272157393604778,-0.004598881318113883,0.008176103531508706,0.10367337883970547,-1.8267173229942313,-2.645300267472925,0.328,-0.009,-0.0664
0.0125,-0.099121,-0.10498,1.448242,-2.135925,1.696228,-10.580292,0.3345344092302696,-0.004829519534894979,0.008108190826038917,0.02714461426060927,-1.7422505350927713,-2.759054884123297,0.338,-0.01,-0.068
0.0116,-0.113281,-0.038574,1.374023,0.915833,-3.583313,-12.014618,0.34128698961115816,-0.005084935310972712,0.00796480051690361,0.022645201120636407,-1.7105932584734422,-2.8870332028616863,0.344,-0.01,-0.0712
0.0119,-0.015137,0.091309,1.281006,-0.915222,-10.17511,-13.113251,0.34820839493222305,-0.005490873040700208,0.008089171549766178,0.07395145209132326,-1.8125141488247503,-3.0532975152677726,0.35,-0.011,-0.0729
0.0125,0.012207,0.009521,1.10791,-5.340271,-1.294495,-9.054413,0.3554754432633515,-0.0058899871643649454,0.008319494719245714,0.020584305117936987,-1.828280775320562,-3.168509067693454,0.358,-0.011,-0.0745
0.0114,0.038574,-0.003174,1.375732,-5.035095,6.884216,-7.894745,0.36194686626782463,-0.006256110618051185,0.008583417027042455,-0.032791419330088695,-1.7613035207540717,-3.259751146629622,0.363,-0.012,-0.0745
0.0127,-0.038818,-0.003418,1.362305,-2.471619,-13.348938,-9.08493,0.36909404671018015,-0.006645715006155325,0.008635300788250356,-0.05910708149479086,-1.8973787057304734,-3.372617820984308,0.372,-0.012,-0.0729
0.0119,-0.013672,-0.085938,1.177734,-1.159363,0.170349,-9.023895,0.3759615400885262,-0.006977333089510613,0.008757033037702531,-0.12163058922594532,-1.8765005935896375,-3.468389042428868,0.378,-0.013,-0.0761
0.0119,0.168945,-0.098877,1.434814,-2.624207,4.107117,-7.681122,0.3825797568615139,-0.007372696932809856,0.009364802806273755,-0.19809304241444284,-1.9054002679665611,-3.5578575687171066,0.384,-0.013,-0.0777
0.0123,0.126221,-0.072266,1.024658,-1.06781,-8.954407,-9.298553,0.38943122339919856,-0.007797892321160999,0.01001551499836201,-0.25506470551169375,-2.0985042186216103,-3.6702218051051005,0.392,-0.014,-0.0793
0.0118,0.050293,-0.040039,1.481445,2.228088,-1.782776,-9.359589,0.39646693382141607,-0.008235613490684805,0.010331517780405707,-0.24070666070335608,-2.1314783376896123,-3.778293157178929,0.398,-0.014,-0.081
0.0116,0.115723,-0.009766,1.504639,1.526184,-5.689026,-5.697479,0.40317316997392677,-0.008715366954643726,0.01081308274371327,-0.2207551672683051,-2.2408105644817753,-3.848905072690918,0.407,-0.015,-0.081
0.012,-0.091553,-0.058105,0.935303,1.526184,2.825378,-8.444061,0.41041790002327766,-0.009063952245991467,0.010626760805097932,-0.2401562687179682,-2.1224581937813793,-3.9313234058568107,0.413,-0.016,-0.0826
0.0122,0.10376,0.04834,1.424805,-0.976257,-4.834534,-9.634247,0.41769997362507866,-0.009647348659032546,0.011128038622490503,-0.21654495945600324,-2.2225698546724355,-4.060153934278209,0.419,-0.016,-0.0842
0.0115,0.086914,-0.035645,1.119141,-6.835632,-5.017639,-9.054413,0.42438572653392914,-0.010135610574098597,0.011636539994608184,-0.3091324075893698,-2.325908271201957,-4.164992395516161,0.427,-0.017,-0.0842
0.012,0.079346,0.05542,1.071045,-0.823669,4.44281,-10.153046,0.4314596511399236,-0.010764964947940402,0.012179051941503944,-0.26796783189305395,-2.3164177356984585,-4.302763402483087,0.433,-0.017,-0.0842
0.0127,-0.043701,0.146729,1.67041,3.326721,-3.980042,-7.162323,0.4392328757219048,-0.011438655754232785,0.012298473982002964,-0.15030520463818836,-2.3301369525728703,-4.4071482692277755,0.443,-0.018,-0.0858
0.0112,-0.006592,-0.118164,1.265869,-0.152283,-5.841614,-3.835907,0.44610844949436135,-0.011843601349720645,0.012447510019090549,-0.21722839791384113,-2.3758286380856926,-4.432819908795079,0.449,-0.019,-0.0874
0.0127,0.09082,-0.059814,1.417969,1.648254,-6.024719,-6.521454,0.4536559679152191,-0.012411383500153573,0.012936778750315368,-0.22055633517605774,-2.483648787622091,-4.512152375883148,0.455,-0.019,-0.0874
0.0114,0.005859,-0.05835,1.245361,6.408997,-7.184387,-5.300751,0.460439400283463,-0.012879949893637376,0.013141071929735567,-0.17644018308147436,-2.5518256136081696,-4.563585207836941,0.463,-0.02,-0.0874
0.0121,0.020996,-0.084961,1.286133,4.547424,0.292419,-2.371063,0.46776975326907594,-0.01338134954147407,0.013425253557129898,-0.1667393991744612,-2.5431286262887554,-4.581116973783584,0.469,-0.02,-0.0858
0.0126,-0.008301,-0.059082,1.235352,6.225891,5.144714,-7.620087,0.4753494060630174,-0.01390896181595194,0.013622896247579166,-0.11708029191294679,-2.456902964289556,-4.667458250061468,0.479,-0.021,-0.089
0.0112,-0.031494,0.060791,1.583008,7.294006,-0.684143,-6.82663,0.48189648568435056,-0.014457589350051958,0.013709217552834685,-3.303542103903842e-05,-2.4312834165974992,-4.746838955158231,0.485,-0.022,-0.089
0.0122,0.000488,-0.066162,0.983643,-2.380066,-11.975647,-3.988495,0.48906402447390374,-0.014959307854431345,0.013909705855067504,-0.07458678067393452,-2.562650204799007,-4.783824779607334,0.49,-0.022,-0.0907
0.0127,0.044189,-0.085693,0.687744,-3.08197,-0.134827,-4.598846,0.49679134972535877,-0.015513652452647035,0.014469752331019459,-0.19905342076615015,-2.60237419353288,-4.828939748868943,0.499,-0.023,-0.0874
0.0115,0.060303,0.143555,1.658691,1.556702,4.961609,-2.462616,0.503664164251371,-0.01622259103277433,0.014853986200598522,-0.10978065445193916,-2.553532754059795,-4.873451189147338,0.505,-0.024,-0.0874
0.0123,-0.050537,-0.00708,1.604248,0.122375,-7.703186,-0.540009,0.5109974705861797,-0.016790433358230678,0.01489971691660175,-0.10805536952944024,-2.604105153008303,-4.874392567228145,0.515,-0.024,-0.0874
0.0114,0.005859,-0.076416,0.885986,-1.372986,-3.980042,-0.448456,0.5179316967374032,-0.01727148220216228,0.0151374602641756,-0.1840740316905921,-2.639864817145436,-4.866010458170189,0.521,-0.025,-0.0858
0.0121,0.064941,-0.08252,1.387695,4.364319,8.074402,-0.112762,0.525204153691834,-0.017848691207257374,0.01557471358648007,-0.17267687485483507,-2.559386786703384,-4.861845794805408,0.527,-0.025,-0.0858
0.0126,-0.002197,-0.014648,1.53418,6.317444,-1.172424,-2.645721,0.5326352462212071,-0.018442968052844986,0.01577341631291783,-0.09565166381332456,-2.5539001362391476,-4.891450850495579,0.536,-0.026,-0.0842
0.0114,-0.052734,0.024658,1.337402,3.876038,-8.099915,-1.882782,0.5394792256339274,-0.018981034693601004,0.015761757659092643,-0.033200099239423915,-2.597578019324206,-4.909194784476113,0.542,-0.027,-0.0842
0.0118,-0.088623,-0.087646,1.052979,2.167053,4.961609,1.382599,0.5467119985320527,-0.01939143104849722,0.01554916528282933,-0.06837466150452595,-2.4604604150263736,-4.871306685268778,0.548,-0.027,-0.0826
0.0124,-0.030762,-0.003418,1.432617,1.892395,-3.339172,1.443634,0.5542952890381297,-0.019982563660690195,0.01564555035618756,-0.04458163970144296,-2.467588262633831,-4.8483881313250965,0.557,-0.028,-0.0826
0.0117,0.076416,0.026123,1.063965,3.96759,8.135437,-0.02121,0.5613281235203091,-0.020673931390103234,0.01622948819578374,0.0239948481309595,-2.412715376992564,-4.857940543975802,0.563,-0.028,-0.081
0.0124,0.00293,-0.021973,1.858154,3.631897,1.146912,1.962433,0.5688827448961402,-0.02127696660594801,0.016426830019470814,0.06012663385410573,-2.380995174752503,-4.829858943305962,0.572,-0.029,-0.081
0.0117,-0.002441,-0.042725,1.199951,-5.401306,-3.552795,0.98587,0.5759253861719276,-0.02181115887562194,0.016595916789161887,-0.027854057339721097,-2.4054332927991466,-4.81220556744786,0.579,-0.03,-0.0793
0.0126,-0.015137,-0.009033,1.359131,-2.471619,11.858582,4.129181,0.5836290680464531,-0.02241821127261558,0.01675687546563738,-0.06295334538552853,-2.232456350879248,-4.756558403526176,0.585,-0.03,-0.0777
0.0114,-0.047363,0.090088,1.696777,3.174133,3.161072,2.969513,0.5904154914936325,-0.022975561027284385,0.016772742468011175,0.0149272388853485,-2.159165761836335,-4.723185293161273,0.593,-0.031,-0.0777
0.0125,-0.048584,-0.011475,1.068604,0.06134,-4.865051,4.678497,0.5979187462188118,-0.02351580201830841,0.016724470157144265,0.008398413170436173,-2.173046738061122,-4.657769511946149,0.599,-0.031,-0.0777
0.0122,-0.080322,-0.068115,1.163818,-0.030212,4.44281,9.073029,0.6054329965666468,-0.023981937714574166,0.01654390276509165,-0.037877363386358005,-2.054407560949899,-4.533680160070303,0.609,-0.032,-0.0729
0.0113,0.011719,-0.008545,1.52417,5.340881,1.66571,5.471954,0.6122070091995677,-0.024504037867927285,0.016731397527408914,0.018112152317217783,-2.0277637945214666,-4.470496706428323,0.615,-0.033,-0.0729
0.0123,0.073486,0.0271,1.07959,2.014465,2.001404,9.835968,0.6196002939797067,-0.025171195759263385,0.01729535311281231,0.060740612738951746,-2.044488296593983,-4.357305715833582,0.621,-0.033,-0.0712
0.0123,-0.057617,-0.129639,1.252197,-3.417664,3.5578,10.202179,0.6269613956339276,-0.025580908502131544,0.01720999866729954,-0.06184622211108389,-1.9545318103759761,-4.217774322845671,0.629,-0.034,-0.0696
0.0117,-0.012451,0.079102,1.341064,-1.311951,-4.620911,8.188019,0.6340151984853863,-0.026108060829210928,0.017317600369571674,-0.03190119482433716,-1.9890546107838563,-4.123329733518281,0.635,-0.034,-0.0664
0.0126,-0.046875,-0.010742,1.248047,1.739807,3.466248,12.338409,0.6417531367943866,-0.026595796049106467,0.01729486889401401,-0.018909175145167607,-1.9055772247494933,-3.962027016461557,0.645,-0.035,-0.0631
0.012,-0.021973,0.035156,1.449707,-0.426941,8.440613,10.751495,0.6490105876193523,-0.027076156029448385,0.01737360665791447,-0.006834454142718114,-1.7817283700379338,-3.831432580363949,0.651,-0.035,-0.0615
0.0113,0.026611,-0.085449,1.319824,-2.19696,-0.287415,13.223419,0.655681780767181,-0.027501385451718315,0.017617310172717383,-0.08266506359973874,-1.7903872133012897,-3.679606654567906,0.657,-0.035,-0.0583
0.0124,-0.068359,-0.001465,1.338379,3.082581,-3.308655,14.749298,0.66316938581795,-0.02789765992980865,0.01748233629115763,-0.047884459470254895,-1.7817438463617359,-3.489803750465217,0.665,-0.036,-0.055
0.0122,-0.010742,0.026611,1.58667,3.692932,-5.536438,14.627228,0.6705995805015802,-0.02832868839959012,0.017585043347948002,0.006729281238047196,-1.8319599258807897,-3.309684096005749,0.671,-0.036,-0.0534
0.0111,0.029053,-0.05542,1.136719,-2.654724,-6.818176,17.770538,0.6772536080242243,-0.028713870228799444,0.01787044761795914,-0.06296222755596914,-1.9172723941929595,-3.1118595155769464,0.681,-0.037,-0.0486
0.0124,0.000244,-0.060303,1.169189,-1.098328,-0.104309,15.115509,0.6848128359660389,-0.029088758907437822,0.01804743528017738,-0.11839781659585437,-1.9083377786456155,-2.9210363710704597,0.687,-0.037,-0.0453
0.0116,0.014648,0.118652,1.877686,-0.396423,2.001404,14.505157,0.6918136371228035,-0.02945523523516087,0.018221759705656846,-0.07709179577754426,-1.877180843436583,-2.754179308220791,0.693,-0.037,-0.0421
0.0128,-0.04248,0.008789,1.207031,-1.525574,-7.489563,18.594513,0.6993150466067367,-0.0297522460182317,0.01817472573587615,-0.0949954741091252,-1.9347981645192553,-2.5113065310592537,0.701,-0.038,-0.0389
0.0119,-0.04248,0.004395,0.982422,0.244446,0.139832,20.150909,0.7065181655143343,-0.029997732777423458,0.01809565360907412,-0.09207523926637437,-1.891297611828882,-2.266320500718385,0.707,-0.038,-0.0356
0.0114,0.079346,0.060059,1.299805,-0.94574,-6.879211,19.754181,0.713131620168088,-0.030327559685132302,0.018579561774787524,-0.07134343975110154,-2.0038149280728756,-2.0463774309995166,0.717,-0.038,-0.0308
0.0124,-0.109131,-0.099121,1.042969,-1.83075,2.977966,22.40921,0.7204948383968769,-0.030427621393012708,0.018156166832985415,-0.17117766673485624,-1.8784946311069572,-1.7557606460710455,0.723,-0.038,-0.0259
0.0125,-0.044678,-0.028564,1.665771,5.646057,10.698914,19.967804,0.7279986791398619,-0.03060066836155467,0.018153947296882682,-0.11835780576417936,-1.712386568347887,-1.502118707966948,0.729,-0.038,-0.0227
0.0111,0.006104,-0.001953,1.141113,11.169739,-4.956604,19.082794,0.7342557121893666,-0.030756812932391044,0.018306494329124345,0.0010402266707827364,-1.7628633491000218,-1.2895879658284966,0.738,-0.039,-0.0178
0.0122,-0.051758,-0.069092,1.049805,9.613342,8.379578,22.500763,0.7416649482010702,-0.030847135029205684,0.018197417490235464,0.06212152420829412,-1.617179094854114,-1.0091484526055958,0.744,-0.039,-0.013
0.0122,0.067871,-0.189453,1.718262,6.378479,9.600281,20.730743,0.7488802937641893,-0.031027769027416437,0.01859077211596813,0.05014811381408163,-1.5217611344233586,-0.7598059549771861,0.75,-0.039,-0.0081
0.0115,0.133057,0.031006,1.417236,-0.976257,-2.820374,20.913849,0.7555641652866515,-0.031249724860049278,0.019267047227016214,0.051277973990759826,-1.61724766571245,-0.5289499552926415,0.758,-0.039,-0.0032
0.0121,-0.031738,0.038818,1.277344,0.213928,-4.559875,23.324738,0.7630431500744583,-0.031262526038181145,0.019248419021743648,0.07134569747054512,-1.645172120085877,-0.24278415681805823,0.764,-0.039,-0.0
0.0122,0.082275,0.155518,1.331543,2.929993,5.968689,22.592316,0.7704202269066046,-0.03136987783304618,0.019740670788077192,0.18909171981535325,-1.611170458386958,0.027394180441205996,0.774,-0.039,0.0065
0.0122,0.029541,0.076416,1.12085,-4.546814,1.940369,26.925812,0.7776659924465222,-0.03139482751421796,0.02003346432815338,0.17832373777437655,-1.6018846208991004,0.35389119197906194,0.78,-0.039,0.013
0.0118,-0.122314,-0.035889,1.281738,-4.821472,-7.245422,29.550323,0.7849009794478299,-0.031221281293965796,0.01958212322333263,0.09169846004617248,-1.6073704648299485,0.7113996569796491,0.786,-0.039,0.0162
0.0121,-0.023193,0.119141,1.538086,4.608459,5.419373,24.911652,0.7923595879405316,-0.031088282163191414,0.01959690410076964,0.19909230700671426,-1.5221392921910124,1.0157156308301263,0.795,-0.038,0.0227
0.0121,0.063721,0.033203,1.115723,3.174133,-0.378967,24.789581,0.7995068756776971,-0.031009382859217165,0.020085518308153305,0.2530478271021064,-1.5654753600629243,1.312474612466333,0.801,-0.038,0.0275
0.0121,0.000977,-0.095947,1.065186,-0.549011,6.151794,25.888214,0.8067982577233127,-0.030842429436661677,0.020289403612379627,0.17030192541026395,-1.488546146317499,1.6262145742028018,0.81,-0.038,0.0356
0.0116,0.004883,-0.053223,1.661865,6.256409,3.496765,22.866974,0.8137371349582299,-0.03063871106790559,0.020435038728750823,0.2112603866353159,-1.4430573805105715,1.8921582740874796,0.816,-0.038,0.0372
0.012,0.027588,0.139893,1.621582,6.256409,-1.050354,22.16507,0.8208291612912273,-0.030405141239783353,0.02061303550619196,0.3445347704308516,-1.461296594482327,2.158143374060373,0.822,-0.038,0.0437
0.0122,-0.066406,-0.059082,1.18457,2.685852,-2.545715,26.223907,0.8282788231446965,-0.0300612233887673,0.02042176985137682,0.33013585025484615,-1.4459637041965276,2.48213303692637,0.831,-0.037,0.0486
0.0124,0.038086,0.001221,1.137695,-0.518494,-8.527161,24.881134,0.8356842660309683,-0.029769304663606264,0.020771607221474923,0.3163448425030913,-1.572805513184141,2.7882677882427775,0.837,-0.037,0.0534
0.0117,-0.060059,-0.006836,0.991699,3.357239,0.841736,27.597198,0.842879974011719,-0.029343339591446745,0.020542202921019177,0.34150230084680966,-1.5139153775460688,3.1162066852007624,0.846,-0.036,0.0599
0.0118,-0.020264,0.111084,1.687012,6.683655,11.339783,26.437531,0.8500843622257303,-0.028908562800303614,0.02055325299013801,0.46055407324171393,-1.3651196667862115,3.4320714163076103,0.852,-0.036,0.0664
0.0121,-0.009521,0.199707,1.706299,1.526184,-0.440002,26.834259,0.8570835551917285,-0.02843662649049529,0.020550051493484007,0.5571166279281509,-1.3607940071375013,3.7604711640484463,0.858,-0.036,0.068
0.0123,-0.042236,0.066406,0.993164,-7.720642,-4.681946,25.979767,0.8642079288524623,-0.02790828126269746,0.020372335997577408,0.5042893105954529,-1.385266582505186,4.083504666513324,0.866,-0.035,0.0761
0.0118,-0.007568,-0.03418,1.131104,-2.135925,-1.233459,25.43045,0.8712578172775894,-0.027412627813448966,0.0204830066989139,0.4469106810372709,-1.3928849285222236,4.38300302208625,0.872,-0.034,0.081
0.0116,0.030273,0.11499,1.433838,0.854797,1.238464,25.216827,0.8782014060743727,-0.026850012942235532,0.02068032767931562,0.5085683037358046,-1.3901084831740684,4.677711593635929,0.882,-0.034,0.0874
0.0127,0.061523,0.000977,1.467773,-3.539734,5.968689,28.848419,0.885697121537801,-0.026254896834902244,0.021088898329623226,0.4531622682403547,-1.34343349379386,5.043667660383415,0.888,-0.033,0.0939
0.0113,0.068115,-0.061768,1.189209,-2.013855,0.719666,26.529083,0.8922604287511542,-0.0257238787100449,0.021623510641990303,0.38248789263216926,-1.3769746527862698,5.340565405496129,0.894,-0.033,0.0988
0.0122,-0.022705,0.104004,1.405518,6.256409,-3.24762,26.407013,0.899633996388907,-0.024997418143315752,0.021580541426756132,0.5052040983483745,-1.3997303070670266,5.664784105575534,0.902,-0.032,0.1052
0.0123,-0.006592,-0.040527,1.257812,2.167053,2.031921,28.32962,0.9069588277345161,-0.02427810538465805,0.02170916307233075,0.49614301318457366,-1.3687434923929136,6.013093179713918,0.908,-0.031,0.1101
0.0123,-0.031738,-0.101318,1.442871,4.059143,6.182312,27.139435,0.9142999401988647,-0.023518246796014677,0.02175436353956643,0.4815579531655385,-1.273726974030109,6.346765121352273,0.917,-0.03,0.1166
0.0122,0.034912,-0.048584,1.381836,8.056946,-3.674866,25.369415,0.9214825171637637,-0.022749227441169625,0.022070632193813954,0.5425727783224649,-1.3353953052471719,6.654072973197389,0.923,-0.029,0.1231
0.0117,0.027588,0.000244,0.990723,1.70929,-1.172424,24.362335,0.9285055208934747,-0.021949661734711894,0.022401894717787117,0.5539160023774761,-1.3705357757886332,6.9378534656725,0.929,-0.029,0.1263
0.0116,-0.072998,-0.096924,1.297119,-2.013855,5.053162,26.925812,0.935516270909376,-0.02107764721313295,0.022224023254799146,0.46365168503612675,-1.2676024074352783,7.251943491555356,0.938,-0.027,0.1328
0.0124,0.03125,0.134766,1.630615,6.592102,3.161072,24.606476,0.9428033371640823,-0.02012157911788006,0.0223892467709993,0.5982590284461099,-1.23943326261069,7.55925768545384,0.943,-0.027,0.1376
0.0113,0.049805,0.248779,1.395996,3.113098,-6.574036,29.580841,0.9495235209252956,-0.019169316603628868,0.022556495664018062,0.7547520290082479,-1.3374232371940982,7.8963427111968825,0.953,-0.025,0.1457
0.0127,-0.112793,-0.15332,1.251709,-6.652527,3.161072,31.900177,0.9572486364791383,-0.018118660041091413,0.02222652026717555,0.5646172697542898,-1.2307806380362274,8.3008182702172,0.959,-0.024,0.1506
0.0119,0.069336,0.006592,1.301025,3.753967,0.170349,27.841339,0.9643248622749541,-0.017116085325391644,0.022705069735797705,0.602531500242114,-1.2686759815756732,8.630447861501983,0.965,-0.023,0.1554
0.0118,-0.023193,0.127686,1.681152,8.392639,1.2995,25.979767,0.9713250632838488,-0.016002834270847217,0.022637857612567588,0.7475903874971864,-1.2396356895719713,8.940186052947556,0.973,-0.022,0.1651
0.0122,0.038818,-0.076416,1.18042,0.122375,2.825378,26.620636,0.9784244865145442,-0.014940978006515712,0.023068917957398884,0.6880988391088074,-1.231924457137424,9.262270184487207,0.979,-0.021,0.1684
0.0119,0.019287,-0.013428,1.006592,3.601379,-3.705383,25.033722,0.9854946454789614,-0.01380798889890617,0.023357145598846288,0.7102529056288874,-1.292424319959072,9.558551038205811,0.989,-0.019,0.1765
0.0118,-0.020996,0.071533,1.288818,5.157776,-8.069397,25.338898,0.9924876512245595,-0.012590760404865228,0.02329878801672062,0.8013489211286575,-1.373142775717102,9.858491034381338,0.995,-0.018,0.1797
0.0122,-0.039795,-0.011719,1.41333,0.427551,-2.301575,28.20755,0.9997350899770832,-0.011320352779260086,0.023240124843220824,0.7860969176506519,-1.3780654485562092,10.202960070984107,1.0,-0.017,0.1862
0.0122,0.05835,0.049561,1.029785,-0.121765,-0.440002,29.855499,1.0069574360525047,-0.010022483971636085,0.02372496482251197,0.8078879236055844,-1.4277485134196366,10.566916123371785,1.009,-0.016,0.1927
0.0114,0.039795,0.137451,1.394775,3.753967,6.365417,30.618439,1.013443056752398,-0.008774167180524173,0.023920485427776608,0.9106927836073697,-1.3752412067749646,10.918864990500978,1.015,-0.015,0.1991
0.0126,-0.249756,-0.18457,1.451904,-2.593689,6.548523,49.600372,1.019232833709904,-0.007682673972567726,0.023031961199332988,0.7628218573576001,-1.1704950168534636,11.544147484259181,1.022,-0.013,0.2218
0.0123,-0.266602,-0.165771,1.365479,-5.523376,-0.714661,43.313751,1.0270587104337905,-0.006094928646345947,0.02202305109524661,0.589985236006529,-1.038948267256154,12.076538548744884,1.029,-0.012,0.2218
0.0121,0.098389,0.126709,1.204102,5.127258,-11.945129,36.966095,1.0348071081740693,-0.00436053839789215,0.022562048795786292,0.719038929981794,-1.246340339280455,12.526144886344662,1.035,-0.01,0.2234
0.0116,0.190186,0.142822,1.471924,-3.875427,9.264587,39.468536,1.0411533007181133,-0.002908783886936129,0.02341638320580844,0.7327030053862245,-1.2363334474800716,12.987246526378918,1.044,-0.008,0.2364
0.0124,-0.055664,-0.010986,1.272705,0.122375,0.628113,38.614044,1.0477708121478497,-0.0013804913102872444,0.02324501456272606,0.7125591500346684,-1.1973848092241415,13.466420208288788,1.049,-0.007,0.2445
0.0114,0.076172,0.094482,1.137207,4.394836,-16.278625,37.210236,1.054488878472881,0.00028799753013397726,0.023696345289533006,0.8113989737262716,-1.434062119904974,13.890920458338492,1.055,-0.005,0.2493
0.0119,0.023438,-0.048096,1.417725,2.136536,-5.566956,35.806427,1.061588193401287,0.002004446570270981,0.023989481315928877,0.7939152934127716,-1.5116134918466984,14.31446932320822,1.063,-0.003,0.2591
0.0121,0.090332,-0.054688,1.063965,3.540344,7.433533,31.503448,1.0682557992685684,0.0036346503634779944,0.0248123793671984,0.7827941797653467,-1.4874679693274862,14.69375351611421,1.069,-0.002,0.2655
0.0125,-0.009033,0.154053,1.869873,4.913635,2.825378,32.266388,1.075320665427451,0.005545575320201514,0.024768277921681577,0.8898469701990054,-1.4446684689558293,15.10001869246971,1.078,0.001,0.2736
0.0114,0.113037,0.081543,1.099854,-5.950623,0.017761,30.435333,1.081585273531067,0.007269216248398926,0.025490309463754447,0.8639704942036724,-1.5216772153123073,15.44800336956971,1.083,0.002,0.2801
0.0126,-0.050293,0.019287,1.343994,-7.140808,0.292419,33.975372,1.088540039562564,0.009194738577450054,0.025339087688587576,0.7683175579727202,-1.488116062682828,15.876396752085926,1.089,0.004,0.2866
0.0117,0.105469,0.143799,1.363037,-0.030212,-5.170227,32.296906,1.0957232710124816,0.011302751104482818,0.02583360050893559,0.8322539381747626,-1.6034406463826427,16.25556921304608,1.097,0.006,0.2931
0.012,0.093994,0.05957,1.123779,-3.539734,-10.327698,34.829865,1.1022437909860505,0.0132487938847053,0.026455190359933163,0.8129625093163608,-1.7881683799787318,16.673337847710695,1.102,0.008,0.3012
0.0118,-0.012939,-0.112793,1.223877,-8.849792,4.015564,37.362823,1.109165170860016,0.015285227395475944,0.026696964441909884,0.6205636522723273,-1.730318890244006,17.114722388466834,1.112,0.011,0.3109
0.0121,0.016357,0.031494,1.441895,-3.539734,-11.212708,34.646759,1.1164257595858864,0.017525822515495896,0.02686819113166781,0.5779132358848081,-1.8673527627440296,17.532684346980552,1.118,0.013,0.3157
0.0117,0.036377,0.034424,1.27002,-0.884705,-4.651428,38.217316,1.122879615956507,0.019576454070714202,0.027145943402605538,0.5705431985410628,-1.9367870675651655,17.979614881341845,1.123,0.015,0.3222
0.0119,-0.032471,-0.115967,1.563721,-3.936462,2.398132,36.233673,1.1296214755273835,0.02172857201059005,0.027268386751175936,0.4497176205493714,-1.884438136078087,18.411058375696545,1.131,0.018,0.3303
0.0127,0.256836,0.091797,1.012939,-2.990417,3.985046,27.963409,1.1367384130581204,0.02415985666414848,0.028976417709057838,0.4648399505525011,-2.009946029346357,18.767376408293618,1.137,0.019,0.3368
0.0122,-0.028564,-0.120361,1.584229,2.167053,-3.095032,33.059845,1.1433287059730255,0.026403131722238724,0.02911467471191849,0.4163436594776339,-2.0236872320599204,19.172651413442804,1.145,0.023,0.3449
0.0112,0.010498,0.112793,0.822998,3.235168,-9.656311,32.937775,1.1497477978908863,0.028618468327721542,0.029104384416313082,0.542049253061593,-2.135351510019024,19.537185858293917,1.151,0.025,0.3497
0.0125,0.133301,0.069824,1.438721,0.671692,7.189392,34.280548,1.1569360430823823,0.031205937496333318,0.02983044787727771,0.5684808309987495,-2.1057100609993653,19.96716584924973,1.157,0.027,0.3562
0.0116,-0.021729,0.043457,2.005859,2.350159,3.039001,33.761749,1.163498708395034,0.03356330827812945,0.02982922982511523,0.5937342943928159,-2.050288936263383,20.35792966748079,1.165,0.03,0.3627
0.0125,0.022949,0.07666,0.862305,9.704895,0.41449,32.846222,1.1702449156080081,0.03606190377034767,0.03002851806913692,0.7646986303109473,-2.061265626278824,20.76644928772497,1.17,0.032,0.3692
0.0112,-0.003174,0.003906,1.217285,18.677063,10.302185,30.435333,1.1767012195528141,0.03849487818458501,0.030168464713830105,0.9572720521692836,-1.9382040101465596,21.10875850338476,1.179,0.035,0.3756
0.013,0.026123,-0.063721,1.281982,7.324524,3.588318,31.930695,1.1840607872052695,0.04134770152595285,0.030603629173832,0.9925949892907024,-1.9039553764810864,21.526956841385147,1.185,0.038,0.3821
0.0114,-0.184814,-0.261963,1.471191,-5.065613,-6.14679,35.226593,1.1904918811317549,0.043800543431678315,0.030230356818601478,0.7827032230868924,-1.8775104615849392,21.929335365639567,1.191,0.04,0.387
0.0116,0.086426,0.116455,1.57959,8.117981,-4.041077,30.587921,1.1970553585722865,0.046470559944305954,0.030594136495106228,0.9143494337430746,-1.9575085476013718,22.282899232548548,1.198,0.043,0.3934
0.0122,0.116211,0.232666,1.192871,12.146301,2.794861,33.029327,1.203869319548615,0.0493395739011373,0.03104015196220786,1.1844144068808264,-1.9896878655841304,22.684213897919136,1.204,0.045,0.3967
0.0126,-0.01416,-0.058594,1.060059,-6.347351,-1.630188,35.714874,1.2108693908950632,0.052238531866119216,0.03125462417132439,1.0385407278693914,-1.9993965811005174,23.135045274665327,1.213,0.049,0.4064
0.0114,0.10498,0.083252,1.454102,-0.365906,3.5578,35.074005,1.217094270341017,0.05494567911816653,0.03178479892460448,1.0558241918719125,-2.007545675731822,23.53608408520276,1.218,0.051,0.4113
0.0121,0.027832,0.253418,1.956055,15.259094,-1.019836,30.893097,1.2237778103497496,0.057850107298680106,0.03174668127402443,1.3141224233124347,-2.0218314268318474,23.905529626851198,1.224,0.054,0.4161
0.0121,-0.031982,-0.155029,0.560059,1.007385,-9.992004,34.372101,1.2304696088707892,0.06072814757399158,0.03220704673253406,1.104245385697543,-2.1122173428764692,24.325904924750994,1.232,0.057,0.4226
0.0122,0.154785,-0.052002,0.978516,-7.964783,16.008972,28.451691,1.2371239343492675,0.06379257947327553,0.03364571658307277,0.9485897932851675,-2.032920673231122,24.68011923051768,1.238,0.06,0.4274
0.0116,0.138672,0.260986,2.209717,8.087463,0.902771,25.30838,1.2432846613098696,0.06660780088928754,0.03394384954530607,1.111940262801272,-2.0578216798870623,24.96914685278807,1.246,0.064,0.4339
0.0125,-0.084717,0.011963,0.91333,4.181213,-11.395813,27.963409,1.2501502142853458,0.06973097378216217,0.03344519240243333,1.1532355304670836,-2.1266969528958812,25.31402761530422,1.251,0.066,0.4388
0.0114,-0.047607,-0.163818,0.929199,-5.126648,6.487488,26.376495,1.2565696489063982,0.07273008465626044,0.03368431597092958,0.9448982743653972,-2.0134839070922386,25.62220678210432,1.257,0.069,0.4404
0.0125,0.072754,0.081055,1.194336,-1.098328,5.144714,26.07132,1.2632498904854295,0.07594469011719596,0.03414220065043742,0.9648342287150207,-1.9892308490025477,25.94721940425868,1.265,0.073,0.4485
0.0117,-0.173584,0.040039,1.865234,10.467834,0.353455,26.040802,1.269693016500172,0.0790521088800163,0.03356307922015628,1.0837856029761672,-1.9057149096850456,26.251705541249013,1.271,0.076,0.4533
0.0118,-0.035645,0.027832,0.870361,3.815002,-13.31842,23.629913,1.2762754631568958,0.08229054828440996,0.03337889301353003,1.1361230235940016,-2.028582249650826,26.527058382922725,1.276,0.079,0.455
0.0127,0.007324,-0.108643,1.261475,-6.194763,19.121765,24.148712,1.28310447454357,0.08563802003497027,0.03382813468689578,0.9734897756985476,-1.7873467675577865,26.839489367518244,1.284,0.082,0.4614
0.0117,0.197754,0.197266,1.994629,2.624817,1.482605,17.526398,1.289202806443921,0.08877795458333106,0.0344247077162059,1.0637274280852351,-1.8344529385593955,27.04335585381113,1.289,0.085,0.4663
0.0123,-0.031494,0.074219,1.410889,0.732727,-4.987122,20.059357,1.2957107487411301,0.09210528267531778,0.034287539514132576,1.0963544303062043,-1.8713988582245904,27.287964219633974,1.298,0.089,0.4695
0.0116,-0.022461,0.031982,1.371094,-8.300476,3.130554,18.319855,1.3021225577038968,0.09540627747222133,0.03426943371260868,1.0032715976228177,-1.8156025118851806,27.50070679565964,1.303,0.092,0.4728
0.0123,0.029785,-0.057617,1.370605,-2.929382,11.400818,17.465363,1.3085714347996533,0.09873614285486827,0.034693604520315544,0.9211508244571281,-1.6868950776321683,27.71865706196035,1.309,0.095,0.476
0.0117,0.006104,0.145264,1.396484,7.294006,1.268982,18.50296,1.3146733171312182,0.10199812204661489,0.03461891907840295,1.0711212868837237,-1.6690054124628046,27.934312499071638,1.316,0.098,0.4793
0.0126,-0.024902,0.022217,1.230713,-4.546814,-8.679749,17.190704,1.321675796062182,0.10569664093446512,0.0345935307878103,1.013600556045959,-1.7575202913357992,28.14835066916152,1.321,0.101,0.4809
0.0117,-0.029541,-0.188721,1.427979,-0.854187,10.36322,19.113312,1.3278933370136732,0.10889807143852265,0.03491063778596455,0.8894073770313612,-1.6168054712903157,28.374453478968444,1.33,0.106,0.4857
0.0115,-0.022949,0.08667,1.405273,11.841125,-0.958801,16.36673,1.3339447993339344,0.11221177020205379,0.034779365739860534,1.0591804536360023,-1.6093020368418678,28.562494192792887,1.335,0.109,0.489
0.0124,-0.020752,-0.00708,1.485596,6.073303,-2.148987,14.962921,1.3405666523051407,0.11579042565971902,0.034838828905787,1.1162568041407033,-1.6196048308532154,28.747397471435097,1.34,0.111,0.4906
0.0123,-0.043945,-0.196533,1.342529,-0.365906,-2.423645,16.793976,1.347007772329187,0.11912617035293525,0.03509720894906075,0.9870000794619659,-1.6216821399799808,28.952529425243537,1.348,0.115,0.4954
0.0112,0.026367,0.034668,1.110107,4.120178,-10.907532,13.528595,1.3528898587325855,0.12240633609679663,0.03533491358887615,1.0451152047971106,-1.7564624033582628,29.101887409417845,1.353,0.118,0.4971
0.0127,0.016357,0.161865,0.965088,7.507629,16.28363,9.378204,1.3596605599851654,0.12638558417010956,0.03529161024174984,1.254114688806782,-1.5588851073773848,29.22624295559179,1.361,0.123,0.5019
0.0119,0.137939,0.187012,2.134521,0.854797,4.931091,10.751495,1.3658562555420477,0.12996551334592718,0.035689316593864685,1.3157573630552586,-1.5409340228672006,29.356400925933944,1.367,0.126,0.5035
0.0116,-0.175293,-0.012207,0.696289,-0.640564,-11.212708,12.552032,1.3717316989506774,0.13309003075071318,0.03413965238640923,1.2834189603205854,-1.4895472087272608,29.495120466745675,1.372,0.128,0.5052
0.0126,0.03125,0.095947,1.052979,1.312561,16.680359,19.632111,1.3770639316213886,0.13627849607296508,0.03430993987031672,1.352905003165431,-1.304219844953315,29.750430572566383,1.378,0.132,0.5197
0.0113,-0.226074,-0.249512,1.408691,-3.509216,-1.4776,18.472443,1.3835709112465528,0.13952916578957153,0.03372238594675411,1.1680487535456874,-1.2043022872728355,29.94887182566176,1.383,0.135,0.5197
0.0121,-0.220459,-0.17334,1.36377,-4.882507,-10.358215,9.774933,1.3905319264368912,0.1432066472877243,0.032992758921600765,1.0035320768109535,-1.2078811146535564,30.057674663582723,1.392,0.14,0.5149
0.0125,0.056152,0.108643,1.693604,-2.135925,15.917419,10.843048,1.3966399216426195,0.14688219041592948,0.0332242733003542,1.0149749597400899,-1.0323882902038688,30.20033374337958,1.397,0.143,0.5181
0.0113,0.059814,0.100586,1.294434,2.258606,-5.048157,13.7117,1.4021007551745706,0.15023826488214576,0.03349741820228534,1.0885599647385635,-1.1242094600472512,30.3586383911837,1.402,0.146,0.523
0.0129,-0.050049,0.054688,0.815186,1.373596,-13.776184,11.728058,1.4088614849420726,0.15436690095593925,0.03306680667686252,1.1471163580313157,-1.2580771655978886,30.51048853066976,1.409,0.15,0.5294
0.012,0.251221,0.204834,1.379395,4.303284,12.163757,-4.04953,1.4156920036173524,0.15880022476748626,0.03421039240218863,1.2985588348431942,-1.239957535023682,30.475218241234217,1.414,0.153,0.5262
0.0111,-0.025391,-0.049072,1.59668,4.150696,-1.691223,5.227814,1.4207771390042288,0.16165732508119568,0.034265643422294656,1.308228934220602,-1.24234506658808,30.53002855604722,1.422,0.157,0.5343
0.0128,-0.099854,-0.087646,0.564697,1.678772,3.31366,4.037628,1.42727766970598,0.16499987575151845,0.033583311311044195,1.2067941497527195,-1.0792077067472978,30.571706673387467,1.427,0.16,0.5359
0.0118,0.094727,0.049561,1.276855,-1.464539,-5.353333,-1.882782,1.4338790366852474,0.16896560840213157,0.03419324134348585,1.2099114402466986,-1.1950734190825416,30.54964197315356,1.433,0.164,0.5311
0.012,0.049316,-0.07251,1.601318,-2.746277,4.503845,8.188019,1.44003325190894,0.17241925756593837,0.034655437303525154,1.130465288600534,-1.16224757510782,30.645266625185915,1.44,0.168,0.5359
0.0122,-0.007812,-0.015625,1.279297,-1.647644,-5.170227,8.920441,1.4463028911841158,0.1760702582805416,0.034771385445070455,1.090055636448521,-1.2190597290460987,30.751610460823418,1.445,0.171,0.5375
0.0122,0.040283,0.062012,1.197754,0.152893,-3.613831,9.103546,1.4528247957875968,0.1800572505685385,0.03506003053918838,1.1206369530877998,-1.2869178903016805,30.863817983430604,1.454,0.176,0.5375
0.0114,0.011719,0.071289,1.421143,4.913635,7.158875,6.082306,1.4587834165784288,0.18372449594103063,0.035151522212808865,1.2036394093482783,-1.2081741153498269,30.93680971105876,1.459,0.179,0.5375
0.0122,0.000488,0.01709,1.107422,3.174133,-3.339172,6.570587,1.4649660039374008,0.18743850613210708,0.0352737076375346,1.2427828956183233,-1.2481893396936468,31.016256050371044,1.464,0.182,0.5392
0.0114,0.02002,-0.019775,1.145508,-0.274353,2.703308,7.425079,1.4709139455321207,0.1909251141647817,0.03559484995678314,1.2149378643453224,-1.2300354857745814,31.099956511430104,1.472,0.187,0.5424
0.0122,0.03418,-0.02417,1.187012,2.258606,-0.59259,6.234894,1.4773355014738774,0.1946970979705317,0.03601295659500714,1.215483816880305,-1.2578228760791597,31.17406457250576,1.477,0.19,0.5424
0.0129,0.068115,-0.004883,1.368408,3.937073,2.184509,7.425079,1.4839235647935411,0.198617464534746,0.0365523003453873,1.250957522229166,-1.2653499917525883,31.2692141864187,1.485,0.195,0.5456
0.0111,0.001465,0.075439,1.503906,2.106018,-5.048157,7.150421,1.4895737584953765,0.2021480752611492,0.036567834346495284,1.299934729780204,-1.3173783362024432,31.348804396070918,1.49,0.198,0.5473
0.012,0.078125,0.046631,0.86377,0.94635,-8.801819,9.744415,1.4957945801000705,0.20604655211616488,0.03731528045685369,1.3398862658674582,-1.491791032477202,31.46420737501937,1.495,0.201,0.5489
0.0128,-0.018066,-0.030762,1.365967,-4.638367,11.095642,10.965118,1.5024524766560587,0.2100345868936175,0.037436639787162815,1.2490974594195878,-1.337443447797773,31.606910497626185,1.503,0.206,0.5505
0.0113,0.019531,0.026367,1.330078,-3.417664,-3.49176,8.55423,1.5081637832637023,0.21356476183843917,0.03763305920069258,1.2134666695209824,-1.3843256893805345,31.702875527040614,1.508,0.209,0.5537
0.0123,-0.023438,0.075928,1.403076,6.897278,-5.444885,9.469757,1.5144316346093953,0.2175349189404539,0.03752952210253321,1.325764772694831,-1.4337934642753725,31.819028874195936,1.513,0.212,0.5553
0.0122,-0.027344,-0.009277,1.304199,11.596985,-0.501038,11.361847,1.5207287594287653,0.22137125122324788,0.037539020145848465,1.4458817664150516,-1.4211961418851633,31.95681579628163,1.521,0.217,0.5586
0.0117,-0.000244,-0.092773,1.467041,7.385559,-9.442688,11.514435,1.5266894740754737,0.22484148475191243,0.037796348150006764,1.4673974022589646,-1.5276211957463894,32.086216144687214,1.526,0.22,0.5602
0.0116,-0.025879,-0.113037,0.82666,-1.922302,-5.109192,10.843048,1.5326372646699338,0.22812259223700843,0.038024896230891,1.328393046783042,-1.5652076516721067,32.206367487167185,1.534,0.225,0.5634
0.0123,0.050537,0.063965,1.452393,-2.288513,1.116394,5.746613,1.5388885992319432,0.23213392989396628,0.038350082238168486,1.3208085204371938,-1.5709905283798467,32.27759406980413,1.539,0.228,0.5651
0.0123,0.042969,0.194824,1.338135,2.929993,-5.994202,2.237091,1.544984125685232,0.23635983578103428,0.03844484331213217,1.453881513073485,-1.6597567631463466,32.306637731412785,1.544,0.232,0.5683
0.0122,-0.0979,0.050049,1.134033,-0.976257,3.862976,5.258331,1.5511467227076123,0.24033353512731767,0.03786415713947436,1.4618813003346969,-1.5418949237010575,32.37387178863045,1.551,0.236,0.5715
0.0112,-0.081787,-0.017578,1.721924,-8.239441,3.740906,11.69754,1.5568520053110828,0.24386036933655397,0.03763882671581917,1.3462495296839105,-1.4583079853287906,32.50526449377567,1.556,0.239,0.5732
0.0127,-0.026367,0.039551,1.218018,-4.302673,2.031921,11.667023,1.5630044753987078,0.247846686095261,0.037561668416325654,1.3021807411131576,-1.4136829684548047,32.655288657156056,1.564,0.244,0.5748
0.0119,-0.023438,0.040771,1.342773,5.920715,3.100037,14.322052,1.5689201421545305,0.25169484140144305,0.037508864970347736,1.3800682782565878,-1.3614565980965994,32.827605602390776,1.569,0.248,0.578
0.0121,0.010986,-0.018066,1.253906,8.270569,2.092957,12.948761,1.5750888764647346,0.2555540098437144,0.037763909393029066,1.4529704584826382,-1.342130755842091,32.98313084850003,1.574,0.251,0.5796
0.0123,0.037598,-0.112549,1.382812,8.850403,2.42865,14.291534,1.5807628748016063,0.25883174654881413,0.03827566074864483,1.4824741892670534,-1.3330137069935706,33.15392549866967,1.58,0.255,0.5845
0.0112,0.031494,-0.100586,1.331787,9.674377,-12.830139,9.225616,1.586458282595169,0.26216619995274704,0.038734126156152085,1.5173773823590455,-1.4914753763377095,33.2483348987303,1.585,0.259,0.5845
0.0122,0.195312,0.039062,1.264404,3.784485,11.278748,4.983673,1.5926590402055063,0.2661421623443856,0.040027096115603136,1.571852492289761,-1.4656665182284707,33.308325352730286,1.594,0.264,0.5877
0.012,-0.023682,-0.080078,1.629639,-3.448181,7.830261,5.197296,1.5985935893652412,0.2698407033181819,0.04015343458831165,1.4778178934198047,-1.3557013460048764,33.3721233370634,1.599,0.267,0.5894
0.0121,-0.011963,0.16626,1.092041,1.159973,1.848816,2.694855,1.6045859807598248,0.2742653880596714,0.03994241124521277,1.592881749629711,-1.321321938160929,33.41019690188913,1.604,0.271,0.5894
0.0115,0.071777,0.187012,1.340576,-1.403503,-0.256897,5.410919,1.610377445013667,0.2784767931255098,0.040227664421441746,1.665992213678148,-1.3597062978528451,33.47526173259523,1.611,0.275,0.591
0.0122,-0.096924,-0.013428,1.552246,-4.882507,1.207947,11.789093,1.6168856194212122,0.28270193491076295,0.03990885651370766,1.5821594744268772,-1.2950773790703922,33.61919214868707,1.616,0.279,0.5926
0.0122,-0.064697,0.012695,1.385498,-1.495056,1.513123,12.155304,1.6228090770711165,0.2866292379876892,0.03966812794493183,1.5539515118484197,-1.240020457126681,33.768175693935405,1.623,0.284,0.5974
0.0155,-0.083496,0.013916,1.585205,5.035706,-6.787659,13.192902,1.630671270455147,0.2918597271490676,0.039407455291081035,1.6194751523008315,-1.3036281391692544,33.96992897720621,1.629,0.288,0.6023
0.0084,-0.024658,-0.106445,0.933594,0.488586,-0.531555,12.70462,1.6350700999181775,0.2942781172965155,0.03955966794901462,1.5221201773159703,-1.290851605019187,34.07013679716098,1.634,0.291,0.6039
0.0122,0.055176,-0.037109,1.425781,2.258606,8.013367,11.483917,1.6412666331747043,0.29824323540439673,0.04007098808167739,1.5132280594782006,-1.2223521399937036,34.20942303764841,1.641,0.296,0.6055
0.0121,-0.002686,0.04541,1.630615,9.460754,-3.980042,8.126984,1.6467421758791931,0.30201465384670656,0.040118112612116334,1.632139064152539,-1.2655654606802458,34.307202678859134,1.645,0.299,0.6104
0.0115,-0.330811,-0.1875,1.03833,-0.1828,11.644958,12.674103,1.6514094399788117,0.30479588801365687,0.038301737193910404,1.4890265937174783,-0.9142686024642691,34.45687295636837,1.651,0.303,0.6104
0.0121,-0.282227,-0.259521,1.424316,4.181213,7.891296,5.990753,1.6566553497949426,0.30780186624519756,0.03728845603016967,1.3936255025692672,-0.6775385282842984,34.524450707969976,1.656,0.306,0.6104
0.012,-0.111816,0.214844,0.974365,6.500549,0.383972,13.650665,1.6612669216034062,0.31262143606040044,0.036166794949024306,1.6191397655470086,-0.5959926660117112,34.72132636350951,1.66,0.309,0.6136
0.0123,-0.432373,-0.076416,1.208008,-0.121765,6.670593,14.322052,1.6661125033033366,0.3163692236221765,0.03385926419832573,1.5590857919940067,-0.2724977725611025,34.90702525613725,1.665,0.313,0.6136
0.0124,-0.141113,0.386963,1.316162,-0.915222,6.426453,1.107941,1.670294219043512,0.3218062349888029,0.03267826089552063,1.7437881577565892,-0.12123051741201105,34.97700358448603,1.67,0.316,0.6153
0.0111,-0.292725,0.007324,1.188721,-2.990417,6.670593,14.413605,1.6742588229509348,0.3250510035503606,0.030969271304201195,1.700365656472532,0.12031805044523317,35.14275420338269,1.674,0.32,0.6185
0.0121,-0.240479,0.201416,1.370117,-3.295593,5.785583,-4.598846,1.6774465272162968,0.32898585620164267,0.029521501488003216,1.7538881489927727,0.3122314895635579,35.12245482813769,1.677,0.322,0.6153
0.012,-0.240967,0.210449,1.195557,-0.671082,-5.444885,-1.943817,1.680921307464669,0.33344048943831134,0.02785870126955058,1.8583665805494982,0.38349660399284535,35.13684541875277,1.681,0.324,0.6201
0.0122,-0.354736,-0.147705,1.134033,-2.380066,-5.902649,3.824005,1.6844069572013023,0.33474409788830184,0.025996935760666823,1.7222180785554893,0.5187429450306659,35.139743404924644,1.685,0.327,0.6153
0.0121,-0.147949,0.20752,1.519775,-0.396423,2.215027,-12.014618,1.6867769125461547,0.3380503605776401,0.025160524975432422,1.8029231207333059,0.610364531273195,35.031983093422525,1.687,0.329,0.6136
0.0122,-0.610596,-0.292236,1.429443,0.671692,-15.271545,3.732452,1.6905623658683258,0.33880227301538796,0.02277298005163777,1.661628741708561,0.6931577181934743,35.006936638767755,1.69,0.331,0.6185
0.012,0.035889,-0.029053,0.91333,5.340881,-20.795227,-2.401581,1.6938959212939806,0.34026193745628286,0.023283127519022662,1.6870780291672267,0.39731058069982406,34.95097613694438,1.693,0.333,0.6153
0.012,-0.099609,-0.021973,1.351318,-0.1828,14.666199,-9.176483,1.6956339474927922,0.3411422865446455,0.022918921170487917,1.656561903351096,0.6182613783213676,34.8350063242969,1.694,0.334,0.6136
0.0121,-0.438232,-0.044678,1.329102,0.854797,-16.09552,-6.521454,1.6979305746106557,0.3428583298228318,0.020797330116759112,1.6282453746167078,0.6473495013310611,34.74313523297953,1.698,0.336,0.6136
0.0121,-0.023193,0.147461,1.044678,4.333801,-9.351135,-6.033173,1.700102090449776,0.34622783806015356,0.02055350831982613,1.7726506720794082,0.5370517831039305,34.71480639856435,1.7,0.338,0.6169
0.0121,-0.036133,0.033203,1.640381,-1.06781,15.062927,-2.798309,1.7023061319045225,0.34775046648400326,0.02050658556045234,1.758751479561196,0.7226648411589087,34.68631548692656,1.701,0.339,0.6169
0.0112,-0.123047,-0.053711,1.011719,-3.631287,-7.031799,-0.631561,1.7040321550145776,0.3481245535696788,0.019883989263401996,1.6632331303225578,0.7182463799478858,34.651467705798076,1.703,0.34,0.6185
0.012,-0.080322,0.041748,1.34375,-2.83783,2.642273,-1.486053,1.705522727725867,0.3494637085130785,0.0195592442019153,1.6383629721600836,0.7797927104328934,34.640840579372735,1.704,0.341,0.6185
0.0123,-0.001465,0.003418,1.567383,-3.143005,8.135437,-0.509491,1.7072860262374383,0.3503601431497313,0.01970746708319286,1.5869396487306977,0.8642450141898073,34.63001651080189,1.707,0.343,0.612
0.0119,-0.053711,-0.071533,1.075928,-2.288513,-4.468323,0.955353,1.7094720576376892,0.35070471344208487,0.019624714081104142,1.4960092396978208,0.8297264937697711,34.60784943972453,1.709,0.344,0.6104
0.0121,-0.004395,-0.01416,1.188477,0.427551,-2.393127,-1.882782,1.7116983951197193,0.35174748256893446,0.019774258442744483,1.4790567281704199,0.7862252217754083,34.57217129012629,1.71,0.345,0.612
0.0122,0.075928,0.016846,1.57373,-0.152283,2.184509,3.518829,1.7137470425815429,0.3528128696300828,0.020241192252080625,1.4729986235627683,0.7592726490843026,34.6099034881683,1.712,0.346,0.6153
0.0121,-0.026855,-0.046387,1.211914,0.671692,-3.613831,-0.692596,1.7157140055001427,0.35339564874148593,0.020295921393709736,1.4391227982902914,0.7157799473458991,34.580021778349106,1.714,0.347,0.6136
0.0123,0.07251,0.027344,1.29248,1.648254,1.635193,-3.683319,1.717644273016928,0.35450033874629694,0.020805710671675633,1.4627131863627412,0.6778145883609673,34.53262273445698,1.716,0.349,0.6136
0.0111,0.04541,-0.00708,1.383301,-0.884705,-0.378967,-6.246796,1.719610493315345,0.35536733775151413,0.021181204413042515,1.4356924594401959,0.6350301343289725,34.45262056423869,1.718,0.351,0.6153
0.0129,0.083252,0.029785,1.206055,0.183411,1.177429,-5.483856,1.7218258228051777,0.3566665098594928,0.021765190077665864,1.44428020159583,0.5832854096529251,34.380038878647674,1.72,0.352,0.6153
0.0115,0.033447,0.008301,1.309082,1.434631,1.635193,-3.652802,1.7238752016382655,0.35777712679458745,0.02206826660974975,1.4527925798092052,0.5686229903449166,34.33268735099257,1.722,0.353,0.6136
0.0122,0.081543,0.037598,1.363037,-1.434021,-1.050354,-0.601044,1.7260267139831487,0.35910442151417127,0.02256465348340984,1.4440924669408128,0.4963437963566695,34.324090336379506,1.724,0.355,0.6153
0.0121,-0.014648,-0.154053,1.275146,-1.434021,1.787781,0.589142,1.728585748810358,0.35923518876313787,0.02278366804255027,1.3233266472326157,0.512043941304752,34.29072793561233,1.727,0.357,0.612
0.012,0.163086,0.019043,1.218262,1.556702,-2.881409,0.619659,1.731075950266608,0.36033885961562107,0.023782061155945507,1.3431294282211146,0.36247266177519005,34.28652576531226,1.729,0.358,0.6136
0.0113,0.062744,-0.071045,1.239014,0.152893,-2.515198,-1.27243,1.733552322852638,0.36100354355057984,0.024320012620054503,1.2901667744864045,0.2831094502116085,34.24729316603966,1.731,0.36,0.612
0.0121,0.065186,-0.000244,1.359863,0.641174,0.689148,2.115021,1.7361794606525411,0.3623878988449438,0.02474982972958459,1.2871117906588168,0.2428866323557996,34.26417955826697,1.734,0.362,0.6136
0.0121,0.040283,0.020264,1.449707,0.122375,3.985046,-3.408661,1.73873019205791,0.36394638832584375,0.025020840165048398,1.2881844575866388,0.2598936793705369,34.22040975775906,1.736,0.363,0.6136
0.0124,-0.023193,0.088623,1.361816,0.82428,4.412292,-6.613007,1.741178278484784,0.3661061700940669,0.02492695555457209,1.3367341929809446,0.31789973318353704,34.151814060790414,1.739,0.365,0.612
0.0118,-0.009766,0.02832,1.24707,-0.487976,2.55072,-6.155243,1.7436543451186923,0.36782974790384826,0.024958653837024756,1.3369493631783809,0.3429034171295096,34.08119074991164,1.741,0.367,0.612
0.0116,0.029053,0.021484,1.361572,0.976868,1.757263,-6.033173,1.746095278116177,0.3693391150810927,0.02518788117657204,1.3485635399450233,0.33646118401755987,34.009144848832506,1.743,0.368,0.6104
0.0121,-0.006836,0.00293,1.237061,-1.18988,-0.378967,-2.065887,1.7487772093541383,0.37099471577316057,0.025257756139427736,1.32486751268279,0.323988703097582,33.980556285729335,1.746,0.37,0.6104
0.0121,-0.017578,-0.074463,1.261719,-1.739197,1.116394,-0.601044,1.7515447581539627,0.3721947423261058,0.02534850315165776,1.2481223522288665,0.33563189457542947,33.95741058289611,1.749,0.372,0.6088
0.012,-0.031006,-0.027832,1.396484,1.983948,1.391052,0.192413,1.7542306829604641,0.3737316146166821,0.02532811636745499,1.2460593206827812,0.357357918503923,33.95329459915097,1.752,0.374,0.6088
0.012,-0.020508,0.004639,1.439453,3.296204,-4.742981,-0.692596,1.7568280060552122,0.3753813385870562,0.025323685324810566,1.2771410256312368,0.3004663758200767,33.941341156182,1.754,0.376,0.6088
0.0122,-0.008789,-0.081299,1.280029,0.030823,2.520203,0.894318,1.759640321081104,0.3765525460275474,0.02546165576290418,1.218744134351195,0.32372916598465123,33.93570684073861,1.756,0.377,0.6088
0.0121,-0.025635,-0.048828,1.293213,3.143616,2.733826,-0.906219,1.7623550186001147,0.3779490961152858,0.02548339561882252,1.2176019763568746,0.3595670428765075,33.91505454498385,1.759,0.379,0.6088
0.0121,0.009521,0.061523,1.347656,3.662415,-2.576233,-4.354706,1.764886491104659,0.37981596097938364,0.025572143690785108,1.2859747059609303,0.31233088542041615,33.865953515726794,1.762,0.381,0.6088
0.0117,0.008789,0.024902,1.288818,0.82428,1.879333,-3.957977,1.7674285821033247,0.3814561432440083,0.02569717164122507,1.2994423753225164,0.3178188250398693,33.81895398701145,1.765,0.383,0.6072
0.012,0.030273,0.065918,1.25708,1.251526,3.008484,-2.462616,1.7699433901849047,0.38326504313602383,0.02589695580491739,1.3434408477738862,0.32357548705830086,33.79378421302768,1.767,0.385,0.6072
0.0121,-0.03125,0.027344,1.277344,0.580139,-1.325012,-2.126923,1.772459248626903,0.38504313877837576,0.025817142668955663,1.3554127366427073,0.31474234158610054,33.76972229994959,1.769,0.386,0.6072
0.0122,-0.007324,0.02002,1.283691,-1.342468,2.184509,-0.662079,1.7751336820629053,0.38679154268140825,0.025865577234382285,1.339781878873395,0.3335011233895594,33.76152533867526,1.772,0.388,0.6072
0.0121,-0.069092,-0.037109,1.429443,-0.1828,1.146912,1.657257,1.7777364350084839,0.3883538127052436,0.02568303167427186,1.3064783491067833,0.3722021210688804,33.77725423809532,1.774,0.39,0.6072
0.0121,-0.037109,0.011963,1.184082,0.305481,-1.538635,-0.173798,1.7801944270031083,0.39003280037448523,0.025579938120378246,1.307263217395888,0.36429825188081477,33.77531074865137,1.776,0.391,0.6072
0.0121,0.007812,0.014404,1.271973,0.488586,3.527283,-2.523651,1.782694332866593,0.3915691512399041,0.025711233658020687,1.3108193223992788,0.3897434506967314,33.74305889122796,1.779,0.393,0.6055
0.0112,-0.01001,-0.033936,1.468262,1.007385,3.008484,-1.699677,1.7851473428800293,0.39286214870109804,0.02578942684076823,1.293075213194902,0.4168466059357499,33.717019953849714,1.781,0.395,0.6055
0.0121,-0.00293,-0.051025,1.218262,2.380676,-1.233459,-1.638641,1.7878067915180362,0.3941205784518004,0.025921690247884696,1.2790737478486014,0.3905933881721567,33.68533237489712,1.785,0.397,0.6055
0.0121,0.014893,0.025635,1.296631,2.350159,1.146912,-3.286591,1.7902375979083163,0.3956358638376441,0.02607288038795367,1.311531017433723,0.3835904145430084,33.643929218004764,1.787,0.398,0.6055
0.0119,-0.007812,-0.019531,1.289795,-0.884705,0.963806,-1.27243,1.7927841708415244,0.3970552001762594,0.02615024227457564,1.278636396663468,0.387033682244788,33.62299670368943,1.789,0.4,0.6055
0.0124,0.000732,0.052979,1.29834,-0.396423,0.902771,-2.004852,1.795425395571799,0.3989185937584594,0.026208558671704733,1.294201562455315,0.3854695391161328,33.60106342275714,1.792,0.402,0.6055
0.0121,0.019775,0.072266,1.361572,3.540344,1.024841,-0.356903,1.797928061427237,0.40070472514105687,0.026338729364698152,1.3661934313916475,0.37445371703521146,33.60015021062108,1.794,0.403,0.6055
0.0122,-0.180664,-0.095703,1.443848,11.139221,-9.045959,16.61087,1.800460910972894,0.4022654770387216,0.02573057605628481,1.4402901242730932,0.3429282751298066,33.79740853431064,1.797,0.405,0.6072
0.0121,-0.509521,-0.302002,1.519775,20.935364,-13.07428,33.181915,1.8029567156064108,0.4035650289244469,0.024144291513007534,1.5453650907995113,0.3958767255808578,34.191015392597315,1.799,0.407,0.6104
0.011,-0.494629,-0.36792,1.316162,24.719543,-13.532043,36.599884,1.805134505727275,0.403970394845033,0.022510244165585686,1.621897691616471,0.4731618214955524,34.574557918196675,1.8,0.408,0.612
0.0122,-0.186523,-0.322021,1.032227,16.144104,-13.806702,35.531769,1.8077789975604286,0.4029991784904271,0.02192086921403746,1.5903752698067737,0.4045607289172302,34.9501948853093,1.803,0.409,0.6169
0.0121,0.107178,-0.228271,1.137451,15.014954,-2.24054,28.848419,1.8102651546997752,0.4010889623932614,0.022780732206787124,1.6120430937016985,0.2839979280588388,35.219109015173565,1.804,0.41,0.6217
0.012,-0.024658,0.019043,1.422607,17.212219,-11.945129,30.435333,1.811714860397496,0.4020504552686263,0.02275064465563467,1.8137192938248667,0.13366503424318407,35.57900414796473,1.806,0.412,0.6282
0.0122,-0.075439,0.085693,1.477539,23.590393,-16.736389,30.404816,1.8132381917002305,0.4039032507788,0.02246211067338214,2.1265332154862535,-0.05087786955472209,35.960191587806115,1.807,0.413,0.6331
0.0121,0.119629,0.337891,1.481934,27.435608,-7.092834,28.97049,1.8145819890071055,0.40702041643263825,0.022753209294558808,2.601041465891337,-0.215014011337527,36.33561362190827,1.809,0.414,0.6331
0.0121,0.062744,0.127441,1.050537,15.289612,-3.125549,34.066925,1.8171119293382998,0.4097514919196628,0.023073727462063702,2.8496971739662387,-0.3247945025606211,36.75292244135495,1.812,0.416,0.6266
0.0121,0.020752,0.081543,0.97583,-1.403503,1.330017,37.179718,1.819851502445646,0.4123445485208862,0.023222605207700107,2.8675783346586132,-0.3552271164329779,37.20861384720447,1.815,0.418,0.6201
0.0112,0.155029,0.134766,1.377686,7.995911,-8.344055,31.045685,1.8218597732102442,0.4142029032030814,0.023835437528038454,2.999541772504622,-0.5536367098360327,37.545490549856716,1.817,0.42,0.6234
0.0121,0.149414,0.246338,1.634277,7.355042,-7.336975,28.817902,1.823492970282768,0.4166490493610473,0.024245629348372773,3.166643753310104,-0.7284938469400091,37.89665142379919,1.819,0.421,0.6314
0.0122,-0.318359,0.0271,1.248047,-6.98822,-23.541809,2.176056,1.825258573331844,0.41839988014118,0.022875987456965518,3.070473166955664,-0.829318447067159,37.93758153392506,1.82,0.422,0.6314
0.012,0.045898,0.32959,1.341309,-8.178406,-29.462219,-15.76828,1.826564656033781,0.42221847394720474,0.02284283214426239,3.125787218583712,-1.1931715279985216,37.7668089789336,1.823,0.424,0.6314
0.0127,-0.007324,0.094482,1.275635,-6.438904,-11.914612,-8.474579,1.8283601311866176,0.4241229301975454,0.022781563931086525,3.0739107296416237,-1.3290018248327293,37.65956691581583,1.824,0.425,0.6298
0.0114,0.017578,0.119141,1.153076,2.96051,-17.835022,-2.706757,1.8299874099237776,0.42629280192668634,0.022804538560620074,3.157240915500669,-1.5356715887005106,37.62949087240216,1.827,0.427,0.6298
0.0122,0.066406,0.026611,1.111816,5.035706,-12.036682,1.474152,1.832265261604329,0.42787815606789936,0.02318369103483139,3.2061870030804225,-1.7214394556407286,37.63177065059645,1.829,0.428,0.6298
0.0121,0.012695,-0.045654,1.4375,-1.586609,-7.092834,-0.936737,1.8344860320447542,0.4285909090421402,0.023307102152922376,3.1332854011962366,-1.802625967896605,37.603441633635846,1.83,0.429,0.625
0.0114,-0.02832,0.032471,1.520996,-11.535339,-15.698792,-3.286591,1.8361520413544017,0.4296073732665158,0.023185076020965187,2.9912378269331965,-1.952106899847283,37.55725215022798,1.833,0.431,0.6185
0.0125,0.169189,0.02002,0.953125,-8.453064,-17.316223,-0.692596,1.8381917346953267,0.4312844239884182,0.024189461286311612,2.8747595605592178,-2.2887678601312142,37.51862693073464,1.834,0.432,0.6153
0.0117,0.12085,0.001465,1.57666,-7.568054,-12.006165,9.011993,1.8404848875535447,0.4327630065204757,0.024636914279927785,2.7559899752273838,-2.474420656663504,37.606576961753795,1.837,0.435,0.6136
0.0121,0.077637,-0.097412,1.192871,-15.044861,-12.18927,17.526398,1.843002263918881,0.4335855826281065,0.02511842446886952,2.4797897434023444,-2.6635316624145844,37.79218262919831,1.839,0.436,0.612
0.0122,0.168213,0.030762,1.183838,-11.90155,-20.032288,11.026154,1.8450011178149681,0.4354189066221783,0.025878085592839824,2.325721912597055,-2.998827400112237,37.902247778749256,1.841,0.437,0.6104
0.0122,0.156006,0.135254,1.746094,-7.293396,-21.89386,14.47464,1.8467331896457098,0.43740251987573175,0.026242620314227666,2.264200650261737,-3.3122527573266853,38.06685311212192,1.844,0.439,0.6153
0.0122,0.136475,-0.043945,1.058838,-10.986023,-15.332581,22.378693,1.8489068224174792,0.4389600472454235,0.027000469660166317,2.0636420494440246,-3.5805609224281465,38.31632578750043,1.845,0.44,0.6169
0.0112,0.210205,0.093262,1.238037,-11.138611,-16.21759,18.014679,1.8509943663210904,0.44157369118170436,0.02783282355514237,1.9631858216584783,-3.863939568228292,38.50017191858826,1.848,0.442,0.6153
0.0121,0.178467,-0.006348,1.2854,-11.840515,-10.205627,17.953644,1.8536509784651884,0.44402512201156463,0.028627058462115478,1.784291119918768,-4.065343127388323,38.70152202039341,1.851,0.444,0.612
0.0123,0.184082,-0.037842,1.273682,-7.781677,-7.672668,15.725861,1.8562130686406682,0.44634940851907423,0.029468835625101848,1.6366561674117026,-4.238722018173374,38.87926006888475,1.853,0.446,0.612
0.0124,0.184814,0.088623,1.43457,-5.035095,-12.219788,16.4888,1.8584459880946291,0.44880406492049524,0.0300769362104186,1.5904932501118139,-4.453803288662636,39.071166685746675,1.856,0.448,0.6169
0.0111,0.088623,-0.09082,1.108643,-6.805115,-11.30426,19.876251,1.860664927488759,0.45039697575024945,0.03058372006822744,1.4232599959980432,-4.608260008214983,39.28486717814885,1.859,0.45,0.6185
0.012,0.158691,-0.006592,1.196289,-8.117371,-10.541321,17.740021,1.8633554004301367,0.45302634488031224,0.031337318086913014,1.2926272993151515,-4.798582414515016,39.485140576878074,1.861,0.452,0.6201
0.0123,0.31665,0.090576,1.251709,-0.121765,-8.862854,13.986359,1.8658809538467571,0.4564859417228594,0.03261250387714363,1.3154513981588203,-5.049315734836485,39.630047128558935,1.865,0.454,0.6234
0.0121,0.169434,-0.008057,1.304443,-1.372986,-5.444885,14.932404,1.8684434255787625,0.4590709692382423,0.03333298247323062,1.2664165964409146,-5.171209658450571,39.80210733830008,1.867,0.456,0.625
0.0122,0.219482,-0.040527,1.344971,1.282043,-1.538635,10.080109,1.8711159243988689,0.4619454041611623,0.034277053145968406,1.2361782839371622,-5.267121770512805,39.91488051102213,1.871,0.458,0.6282
0.0121,0.191895,0.012451,1.243652,3.631897,-0.775696,12.246857,1.8737842977011727,0.46481764231317474,0.035128468723452884,1.2621073893183226,-5.347444664220019,40.05173654167345,1.873,0.46,0.6298
0.0114,0.11499,-0.008057,1.244385,1.007385,-2.332092,12.094269,1.8764237601019902,0.4672417379163389,0.03565069587314083,1.2450533012310736,-5.399598681036509,40.18723999351002,1.876,0.462,0.6314
0.0123,0.250977,0.047607,1.346191,2.350159,2.520203,9.80545,1.879044017222205,0.47029518705324935,0.036633770587035354,1.2763170440602052,-5.459146598138893,40.29151695477081,1.879,0.465,0.6331
0.0121,0.030029,-0.068604,1.306152,3.72345,0.963806,13.162384,1.8818297576564456,0.47236743699815664,0.03683807229320486,1.255960867454412,-5.422139357517503,40.46363392827007,1.882,0.466,0.6331
0.012,0.155762,0.041748,1.228027,2.472229,-2.545715,10.812531,1.8844824072289674,0.4750626734094493,0.03750334494286179,1.287596447366969,-5.501733737149277,40.582760755458864,1.886,0.469,0.6331
0.0122,0.15625,-0.028076,1.273682,2.0755,8.288025,14.871368,1.8870396813300507,0.4776472230680774,0.038209060327508336,1.2671867607713516,-5.4484570027331065,40.76315334804346,1.887,0.47,0.6314
0.0122,0.051758,0.082031,1.325439,9.247131,18.084167,5.746613,1.8883808997253657,0.47867738675735916,0.038202926140461946,1.4088958353658378,-5.213859789482924,40.836397546127614,1.888,0.471,0.6331
0.0121,-0.446289,0.366211,1.149414,1.70929,13.109802,5.044708,1.88992811275373,0.4778781955087648,0.0360031640484315,1.6264439200239609,-4.779590737311157,40.9229536734977,1.89,0.472,0.6347
0.0111,-0.249268,0.084961,1.149902,-2.044373,-10.571838,-0.967255,1.892648363797408,0.47852947956537634,0.0348037981152008,1.6509651853550387,-4.7045171179110525,40.9289146399188,1.892,0.474,0.6347
0.0122,-0.024902,0.025879,0.969727,1.282043,-10.449768,-10.214081,1.8964664348093436,0.4813123506767801,0.03478864742337873,1.685329316270809,-4.772211222561045,40.805977795428205,1.896,0.477,0.6217
0.0126,0.13916,0.322754,1.213135,2.807922,2.276062,-19.55246,1.898089222459866,0.48412617194615243,0.035047350617230404,1.9154835589707773,-4.777419350597149,40.55477060501358,1.897,0.478,0.6234
0.0121,0.051758,0.000977,1.115234,-4.424744,-3.735901,-12.533417,1.899686428068611,0.4853556030628278,0.03521068253828566,1.8593548811869087,-4.813321517518852,40.40166319130563,1.898,0.479,0.6217
0.0121,0.015625,0.065186,1.569336,-2.654724,-9.961487,-23.519745,1.902086847657764,0.48706214697521555,0.03519363780390037,1.8674808198993664,-4.889356058618927,40.11415818064321,1.901,0.481,0.6088
0.011,0.289062,0.383545,1.187744,-1.220398,0.475525,-35.574188,1.903268624226601,0.4906142814560635,0.03599536919983988,2.086297378110444,-4.991799006692937,39.71285830373599,1.903,0.481,0.6039
0.0129,0.008301,-0.124756,1.152588,-6.683044,3.008484,-30.843964,1.9054155052587687,0.49145460111284894,0.03609765569715926,1.935891645402479,-4.905402703756364,39.319372113145754,1.905,0.483,0.5974
0.0113,0.226074,0.101807,1.469482,-5.584412,3.130554,-42.654266,1.907021531920452,0.493779489953236,0.03675805014348678,1.946258296837271,-4.9233120546357085,38.833803421114794,1.907,0.485,0.5894
0.0121,0.395264,0.144775,1.376465,-5.553894,4.44281,-41.860809,1.9082211129043276,0.4968807235865324,0.03799820344386319,1.975789688202658,-5.009110735159121,38.32100410645337,1.908,0.485,0.5813
0.012,0.177002,0.104736,1.168457,-4.638367,-5.353333,-52.05368,1.909960078129061,0.49926008761230173,0.03864760538979042,2.0225954882936867,-5.118846736587479,37.68691338559713,1.912,0.487,0.5683
0.0122,0.366211,0.212158,1.325195,-9.795837,0.597595,-58.798065,1.9117109177099638,0.5027252113014037,0.03985193005379103,2.0583980164061475,-5.2321038127246915,36.95735358023512,1.913,0.489,0.5586
0.0122,0.196045,-0.029053,1.291504,-9.612732,-9.869934,-56.631317,1.9137847355157056,0.5052673985447634,0.04060918639226976,1.9685698906968387,-5.39268626544695,36.26646713537479,1.916,0.491,0.544
0.0122,0.20752,0.071289,1.394531,-5.553894,2.153992,-66.091766,1.9160996053984864,0.5078509734350496,0.04132871687634136,1.994820724034998,-5.399961935794383,35.45574807388439,1.919,0.492,0.5343
0.012,0.196533,-0.040039,1.40625,-5.98114,-1.141907,-64.810028,1.9182920613369254,0.51028383833874,0.042027098828770676,1.9552443220071845,-5.441630549892391,34.68281481971973,1.921,0.493,0.523
0.0112,-0.015625,-0.028809,1.019287,-4.638367,-8.557678,-65.328827,1.9208972217694988,0.5113402438738504,0.04193689021076952,1.9372063504714703,-5.457638179956426,33.95153251393538,1.925,0.495,0.5052
0.0124,0.202637,0.034424,1.430908,-4.760437,6.548523,-66.610565,1.9234103841299497,0.5138120896314813,0.0426495389370254,1.9544770518103605,-5.40463694153285,33.12536558036868,1.927,0.496,0.4938
0.0118,0.022217,-0.114258,1.341797,-5.035095,-5.627991,-64.932098,1.925908476333924,0.5151389231804915,0.04271836226959978,1.8868490159267108,-5.411785725176441,32.369167214961784,1.929,0.497,0.4825
0.0125,0.052979,0.053223,1.01709,-5.950623,-12.708069,-72.775116,1.9285096206266181,0.5166476593705084,0.042952157879365904,1.9240237981252797,-5.533851525162916,31.44638193612113,1.932,0.499,0.4647
0.0112,0.164062,-0.024902,1.081055,-8.239441,7.006287,-69.57077,1.9309009568637137,0.5190549423879818,0.0437193622745639,1.8703713760677412,-5.494301789598819,30.6722082621492,1.934,0.5,0.4533
0.0123,0.130859,-0.106689,1.701172,-8.575134,-0.775696,-67.800751,1.9336468767442005,0.5209773901843705,0.04409952111847549,1.7800836187746572,-5.484941142489121,29.846826415007403,1.938,0.502,0.4372
0.012,-0.025146,-0.045166,1.155029,-9.429626,-1.447083,-63.497772,1.9364234035216032,0.5219554404919116,0.0439626499614571,1.6974001837882546,-5.4184628472080005,29.091561777447815,1.94,0.503,0.4226
0.0121,0.263428,0.087158,1.026611,-11.748962,-0.195862,-74.941864,1.9387674190219626,0.52469047679863,0.04520776047685794,1.6843285741882943,-5.528665956331686,28.167476456246174,1.942,0.504,0.408
0.0123,0.088379,-0.062744,1.501465,-13.702087,4.656433,-69.662323,1.9410882326507934,0.5261047381843263,0.045433125579282925,1.5518282571914028,-5.442832979763864,27.318394400748556,1.945,0.505,0.3951
0.0121,0.078369,0.013428,0.997803,-7.293396,-5.322815,-71.279755,1.943653035559174,0.5276011252570227,0.04580612346525012,1.5434672625167563,-5.497229713341806,26.450552292024486,1.948,0.506,0.3853
0.0122,0.112549,0.034912,1.310059,-6.683044,-11.334778,-70.120087,1.9466127614419217,0.5292221148406715,0.046234286347310555,1.5518709287246568,-5.627167796574219,25.585664885414253,1.952,0.508,0.3627
0.011,0.170166,-0.110107,1.403076,-11.321716,7.189392,-69.57077,1.9489052897519095,0.5312030332324562,0.04676227065168261,1.4279679796578555,-5.567556955543768,24.833258940411465,1.954,0.509,0.3497
0.0123,0.079102,-0.0979,1.216309,-8.941345,-5.689026,-69.357147,1.951455669969055,0.5328365342764677,0.04701753200110024,1.3285039647968206,-5.616559435149887,23.990802203091786,1.956,0.509,0.3416
0.0119,0.074951,-0.085693,1.568115,-7.232361,1.360535,-71.58493,1.9541315187437795,0.5342180503209817,0.04718669474493591,1.2728797712314854,-5.566745694500081,23.14810646997869,1.96,0.511,0.3271
0.0121,0.11792,-0.104248,1.230225,-7.690125,-1.172424,-69.906464,1.9567362898301475,0.536051326410016,0.0475934530446276,1.1866434096847667,-5.584525351698428,22.31255536705189,1.962,0.511,0.3141
0.0121,0.08252,-0.035645,1.14502,-7.812195,-4.010559,-68.777313,1.959467637912379,0.5374612962073045,0.04790813678390248,1.1404912872398707,-5.621636884856337,21.48231194918499,1.966,0.513,0.2963
0.012,0.073486,0.001465,1.454834,-7.415466,5.419373,-66.54953,1.9621870268625745,0.5384915796464063,0.04811388383634184,1.121229234534943,-5.529941629142187,20.684315595571086,1.968,0.513,0.285
0.0121,0.105713,-0.048584,1.200928,-9.00238,-2.60675,-63.955536,1.9647859053279157,0.539924681672997,0.048482337500323554,1.0472536462581317,-5.563848488982976,19.913262773827274,1.97,0.514,0.2736
0.0123,0.094727,-0.06665,1.4021,-10.192566,-0.47052,-62.673798,1.9675124936876263,0.5412706960666488,0.0487448287481716,0.9523197745171735,-5.557021579438436,19.148450202852352,1.974,0.515,0.2591
0.012,0.17334,-0.087158,1.382812,-10.528259,0.567078,-61.971893,1.9700472731021919,0.542961163165676,0.04926534764824834,0.8416599333027345,-5.580474940319241,18.40882571684745,1.976,0.515,0.2493
0.0118,0.08667,-0.088867,1.247803,-10.253601,-1.35553,-61.6362,1.972620203082745,0.5443742619701206,0.04950721986244196,0.7313470873134507,-5.588841761148158,17.69140278834465,1.98,0.516,0.2331
0.0123,0.128906,0.035156,1.429199,-10.802917,-0.684143,-59.74411,1.9754656649353397,0.5452833979438535,0.04993236523926245,0.6841870708625991,-5.605911863450142,16.947286971077325,1.982,0.517,0.2218
0.0113,0.097656,-0.133545,1.303711,-9.093933,-1.630188,-60.049286,1.9779676603094094,0.546878474722199,0.05016191543156493,0.565179565300818,-5.621808451458244,16.28392899077793,1.985,0.517,0.2137
0.0128,0.134033,-0.064209,1.358643,-7.171326,5.083679,-59.652557,1.9808285127192098,0.5482690877206159,0.05058328832561778,0.5075225026466649,-5.572753811397537,15.52319309658296,1.988,0.518,0.1975
0.0115,0.075928,-0.023682,1.334717,-8.788757,-2.087952,-61.666718,1.98331824771966,0.5490836283573499,0.05077852529407767,0.4599099456108674,-5.584346257866004,14.815293114249846,1.99,0.519,0.1878
0.0119,0.077148,-0.010742,1.104248,-5.950623,-2.576233,-63.162079,1.985413090343866,0.5497640286259038,0.0510134179565438,0.45344553952456423,-5.613587793400933,14.061306296657165,1.993,0.519,0.1813
0.0121,-0.015137,-0.033447,1.284912,-5.218201,1.818298,-57.485809,1.988343800502583,0.5503535862762945,0.05091355632475709,0.43827772005470605,-5.530272782178352,13.376467966413449,1.995,0.52,0.17
0.0122,0.099609,0.033936,0.92627,-10.497742,5.968689,-43.539276,1.99172954805184,0.5510859168998132,0.051517241944941665,0.3883108647497539,-5.489529859934087,12.831540554299677,1.998,0.52,0.1538
0.0121,-0.35791,-0.737061,1.307373,-1.647644,13.231873,-2.03537,1.9940667143397244,0.5539589331908513,0.050085901162545424,0.03146476205422491,-5.130557047796463,12.914892757597263,2.002,0.521,0.1425
0.0116,-0.696045,-0.952393,1.824951,7.75177,25.042175,39.834747,1.995375598073568,0.5566355739984739,0.048257655010717805,-0.22581361314959547,-4.58365364742798,13.488756675488618,2.003,0.521,0.1425
0.0126,-0.335205,-0.476807,1.749756,12.207336,34.624695,45.541534,1.9963893437953548,0.5587250048173352,0.047116487319436975,-0.30521364292774483,-3.976640617464552,14.12937246899619,2.005,0.521,0.149
0.0113,0.067383,-0.062744,1.18457,1.678772,18.206238,43.924103,1.9976273919322634,0.5591318409250139,0.04724822343725661,-0.3543784774092729,-3.7808280702023906,14.622542588453896,2.007,0.521,0.1506
0.0121,0.15918,0.188721,1.237061,0.458069,16.405701,26.468048,2.0005036968814895,0.5587283783893395,0.047967797277645344,-0.24914736263739612,-3.6499008387237386,14.914616858248317,2.009,0.522,0.1425
0.0121,0.39917,0.494141,1.009277,1.251526,5.022644,5.563507,2.004242033247896,0.5566345664536145,0.049770030145909035,0.05788180784413264,-3.805430604819554,14.89976407540767,2.012,0.522,0.1247
0.0122,0.318359,0.346191,1.324463,1.587219,8.074402,-6.155243,2.006938238413138,0.5555431751611125,0.05096162495826123,0.2661360045967501,-3.8473419613330977,14.771837779598444,2.014,0.522,0.1231
0.0123,0.100586,0.269043,1.709473,0.885315,26.629089,-11.404266,2.0093383328533148,0.5552197364150488,0.05133375695068894,0.4041907344116861,-3.5359182220661522,14.61325705358974,2.017,0.523,0.1231
0.011,0.01001,0.175293,1.536621,1.159973,28.673767,-15.341034,2.011716622525185,0.5552611921095543,0.05145282961438009,0.5121153579409048,-3.2002316452485506,14.437531987579229,2.019,0.523,0.115
0.0121,-0.068848,0.094727,1.285156,-0.152283,26.537537,-21.841278,2.0148693659462382,0.5558976356583859,0.05133701286556861,0.5783231435551202,-2.8164241044144966,14.17646298610873,2.022,0.523,0.102
0.0126,0.238037,0.066895,1.227295,-3.356628,22.783875,-33.987274,2.0180836695757742,0.5559439145052494,0.0522681908092721,0.5938482058423936,-2.6523640200345104,13.732582848838927,2.025,0.524,0.0793
0.0122,0.459229,0.095947,1.003662,-2.715759,7.403015,-45.614471,2.0207962510558577,0.5550695364482292,0.05409090563288039,0.6471203307374351,-2.84210050938957,13.139862663318938,2.027,0.524,0.0696
0.0121,0.294678,0.075195,1.397949,-0.640564,11.553406,-45.675507,2.0230668576163264,0.5548269910813614,0.05501767552133763,0.701923313725762,-2.832200960618636,12.569587773603274,2.03,0.524,0.0567
0.011,0.403809,0.000244,1.284912,1.007385,4.473328,-46.407928,2.025615376116695,0.554924683245968,0.05629129693304983,0.7336557629149919,-2.979321931396844,12.046202029355515,2.032,0.524,0.047
0.0123,0.371338,-0.006348,1.092041,-1.95282,-3.857971,-54.281464,2.0290099396835,0.5553416611958737,0.057693752710573976,0.7361569673596291,-3.2346612012289615,11.36494218047183,2.035,0.524,0.0389
0.0124,0.227783,0.10376,1.341309,-1.06781,6.243347,-60.201874,2.032777331383082,0.5551619971353826,0.058553241193947336,0.8174081509600414,-3.2502830889474,10.593004345763122,2.04,0.524,0.0194
0.0121,0.2146,0.135498,1.196289,-2.257996,4.229187,-65.66452,2.036771974055154,0.5546004836013197,0.059499398038994435,0.9136767577573902,-3.297632741148323,9.763185374556034,2.043,0.524,0.0097
0.0121,0.185059,0.131592,1.219238,-4.638367,-1.721741,-66.091766,2.040838598775626,0.5541173517045702,0.060333578103839984,0.9785478929656872,-3.394724214919416,8.929807928286875,2.048,0.524,-0.0065
0.0113,0.147217,0.017334,1.244141,-4.668884,5.236267,-63.162079,2.044405952706819,0.5546859692455649,0.06091450505509877,0.9708496993915512,-3.387075379916152,8.214534530612898,2.051,0.524,-0.021
0.0123,0.128418,0.003662,1.412354,-0.06073,4.534363,-63.009491,2.0481563081317424,0.5553815903941923,0.06137056380475804,1.009159067324495,-3.3600959140548285,7.442188905164459,2.054,0.524,-0.034
0.0124,0.016113,-0.165527,1.10498,-1.800232,2.337097,-60.903778,2.0512616940462736,0.55785856746414,0.06130497914208691,0.9086167459368194,-3.3025981667835156,6.739460558568872,2.059,0.524,-0.0567
0.0121,0.025879,-0.098877,1.221436,-4.424744,5.632996,-63.436737,2.054559542821207,0.5594340213772231,0.06134822672565192,0.829418384664988,-3.2129363758779066,6.001415711679588,2.062,0.524,-0.0712
0.0116,0.070801,-0.0354,1.314941,-4.729919,1.391052,-65.908661,2.0581879341819507,0.5602721468090396,0.06160351400252812,0.7904003071062311,-3.201693680339183,5.2467867529999355,2.066,0.523,-0.0842
0.0123,0.069336,-0.058594,1.299316,-3.387146,2.42865,-66.702118,2.061910348119333,0.5613111875465745,0.06183915790566476,0.7535704156267508,-3.176024263996588,4.442126100234202,2.069,0.523,-0.0939
0.0117,0.051514,-0.064453,1.638184,-2.532654,3.710388,-64.565887,2.065322599287072,0.5622105975495811,0.06196030794574101,0.728889361756019,-3.120216148545697,3.7015020514211203,2.072,0.523,-0.1036
0.0121,-0.026123,-0.003174,1.215332,-3.997498,-1.35553,-62.551727,2.068776402318275,0.5625697590015638,0.06191997077282481,0.7152263274126902,-3.087428535206292,2.947533562294257,2.077,0.522,-0.1198
0.0122,-0.171875,-0.219238,1.321289,-5.798035,24.09613,-51.870575,2.07199263400645,0.5651117611091335,0.06123631209653292,0.5466646204509896,-2.666435024238019,2.3720853813268565,2.08,0.522,-0.1295
0.0118,-0.135498,-0.219971,1.759277,-1.678162,39.72113,-51.504364,2.075176615533171,0.5671677160694119,0.06080695455210868,0.4519454847153814,-2.1145521660881204,1.8074823286946686,2.083,0.521,-0.1425
0.0123,-0.165527,-0.097168,1.73877,-0.335388,38.683533,-44.851532,2.078174823573429,0.5685273640335432,0.06039410988147311,0.41843930033117527,-1.548995402306364,1.2803230574785525,2.087,0.521,-0.1554
0.012,-0.009521,0.067627,1.067627,-0.94574,25.10321,-48.513641,2.0812584916362202,0.5679520553597629,0.06052442219965093,0.4693702386090486,-1.2354619725682887,0.6870475510393341,2.089,0.521,-0.1635
0.0112,0.002686,0.097168,0.926758,-4.821472,14.391541,-47.384491,2.0839700113940753,0.5667691211788873,0.06076157953232827,0.5066481848287407,-1.0756277281743065,0.13463626557739036,2.092,0.52,-0.1781
0.0121,0.076904,0.079102,1.298096,-3.539734,14.574646,-60.079803,2.0870721515256405,0.5657779245606508,0.06114240001112784,0.522363456135397,-0.9398582147971575,-0.6052789589056827,2.095,0.52,-0.1927
0.0122,0.138428,0.077881,1.52002,-2.654724,16.131042,-61.361542,2.090211050190905,0.5646808862606298,0.06162403726561766,0.53939590102456,-0.8081036784041847,-1.364402738530821,2.097,0.519,-0.1991
0.0121,0.019043,-0.017822,1.200439,-2.685242,10.11908,-61.392059,2.093140171080475,0.5647261661795077,0.061709260014141516,0.502830606167334,-0.6934463570033673,-2.1021459296739744,2.1,0.518,-0.2137
0.0121,0.043457,0.014648,1.013428,1.495667,4.992126,-68.197479,2.0962718957375404,0.5642033708682337,0.06195710440797311,0.5406548793501991,-0.6643744680177069,-2.9299468066416536,2.103,0.518,-0.2283
0.0121,-0.012207,-0.03125,1.408936,2.594299,4.778503,-63.192596,2.099111681022941,0.5644164913584193,0.061918837892468125,0.5593897803504314,-0.593652067132332,-3.6876667739008377,2.107,0.517,-0.2396
0.012,-0.07666,-0.166992,1.212158,0.580139,-2.087952,-61.269989,2.101821661614815,0.5662171826645217,0.06147290760208235,0.46382310634008356,-0.5629987592532764,-4.390479417567429,2.109,0.516,-0.2429
0.012,0.016846,-0.12207,1.084473,-0.274353,3.893494,-51.595917,2.104628353583758,0.567213982211352,0.061378204628976085,0.3778802023821443,-0.5264302841310898,-4.984771831398982,2.112,0.516,-0.2445
0.0122,-0.237793,-0.323486,1.451416,-2.929382,-4.468323,-44.363251,2.1070661346396338,0.5704549491651034,0.06043226751027224,0.17844068968234028,-0.4535675776929305,-5.474054818299096,2.116,0.515,-0.2574
0.0122,0.028809,-0.070068,1.342041,-3.387146,-3.400208,-42.410126,2.1101406411906103,0.5705607319015861,0.060461034035541726,0.10221554593415833,-0.5127791495645377,-5.983469805954452,2.119,0.514,-0.2639
0.0111,-0.038818,-0.133057,1.592773,-2.166443,5.083679,-34.567108,2.112747623721864,0.5713774415239365,0.06025534489235827,0.017391929530095784,-0.4375100327587992,-6.349709397917704,2.122,0.513,-0.272
0.0124,-0.152344,-0.076904,1.241455,-1.250916,-4.346252,-30.782928,2.1156426676424545,0.5725514474035867,0.05973564007504368,-0.04195813042041744,-0.3994510554938214,-6.711097846898,2.125,0.512,-0.2752
0.0124,-0.07251,-0.08667,1.203613,-3.265076,1.757263,-26.632538,2.1185228134423983,0.5733398562415977,0.05943505564837921,-0.1333175851698433,-0.3353680400408017,-7.025438855160252,2.127,0.511,-0.2785
0.0118,-0.089844,-0.085938,1.473633,0.213928,0.963806,-24.58786,2.121183622191886,0.5740073333887786,0.05914678106136271,-0.17163105984024157,-0.28053643285689384,-7.30186708672659,2.131,0.51,-0.2866
0.0118,0.004395,-0.094482,1.24292,0.488586,-0.226379,-22.45163,2.1238241309012555,0.5742959681737725,0.05907407881023137,-0.21893792883781954,-0.29165797270131544,-7.557570714281999,2.133,0.51,-0.2882
0.0124,0.003662,-0.124023,1.310303,-0.640564,2.55072,-18.209686,2.126639048194915,0.5747416959909504,0.0589666901192992,-0.2940659671166021,-0.26738982678849454,-7.771636521681542,2.137,0.509,-0.2931
0.012,0.026611,-0.191162,1.170166,0.641174,-5.048157,-11.465302,2.1297414332745936,0.5756418670063977,0.058815656992374246,-0.4042937273206044,-0.34928931970950133,-7.889835641978585,2.14,0.508,-0.2947
0.0123,0.133301,-0.099365,1.282959,1.404114,0.383972,-2.096405,2.133653818497842,0.5748202239280795,0.05912519732132837,-0.43819055173718185,-0.42869329024171504,-7.920976665697313,2.143,0.507,-0.2979
0.0116,0.109131,-0.092529,1.415527,-0.671082,0.53656,2.572784,2.1374487213037,0.5741559064216123,0.05935880002262256,-0.48849210539125026,-0.484417853004945,-7.894177558860213,2.148,0.505,-0.3028
0.0123,0.070068,-0.135498,1.182373,-1.128845,-0.501038,5.502472,2.1413716834865553,0.5741762079035626,0.0594549679230335,-0.5821612711635001,-0.5379964122666074,-7.818407381064725,2.151,0.504,-0.3028
0.012,0.120361,-0.010254,1.244141,-0.152283,4.625916,8.432159,2.1455825102881443,0.5725653016107896,0.059882196873666686,-0.5809106105568634,-0.5606207763732963,-7.735784766356927,2.155,0.503,-0.3012
0.0117,0.183838,0.009033,1.317627,0.335999,1.818298,8.737335,2.1500533052808968,0.5703815309742221,0.060490167945960314,-0.5622003505382837,-0.64875825248677,-7.661201191163657,2.159,0.502,-0.3012
0.012,0.175049,-0.020996,1.323975,1.221008,-1.233459,11.483917,2.1548335846864886,0.568565161806179,0.06104085775383754,-0.5513067706747713,-0.7653111689272432,-7.544076757405704,2.162,0.501,-0.2979
0.0123,0.092529,-0.043213,1.4021,0.702209,0.506042,8.859406,2.1596918795642757,0.567577249022465,0.06132685922324886,-0.5589753917268777,-0.8090559692343329,-7.441295280106853,2.168,0.499,-0.2947
0.0121,0.085449,0.023438,1.166016,1.83136,0.322937,10.141144,2.1647959341665075,0.5658164960903793,0.06173772938172218,-0.5133226984660978,-0.862882451162062,-7.338657957035816,2.172,0.498,-0.2931
0.0113,0.026367,-0.087891,1.306396,2.411194,-1.172424,10.598907,2.169196306598516,0.5658328420991798,0.06179152471870175,-0.5319631717523864,-0.8891170381738157,-7.207524413001129,2.178,0.496,-0.2914
0.0122,0.056885,0.008301,1.317627,1.892395,0.292419,10.934601,2.1743704794363707,0.5645731342304318,0.06206410518058931,-0.49743882664666955,-0.9176603195518626,-7.085480112286182,2.182,0.495,-0.2882
0.0127,0.029297,-0.026367,1.398438,-0.579529,-0.256897,11.636505,2.179624805708119,0.5638654581633161,0.06221119842892742,-0.5136757941689833,-0.9343022564898565,-6.938574529287265,2.185,0.494,-0.2882
0.011,-0.024658,0.020264,1.178955,-0.762634,2.337097,10.293732,2.184232267273891,0.5631114669212378,0.06224711390147771,-0.5020537796204854,-0.8921049494389603,-6.829434576712528,2.192,0.492,-0.2833
0.0122,0.067871,0.044189,1.276611,-0.152283,4.44281,9.134064,2.189577772873428,0.5614141447347695,0.0626095926323865,-0.47006311688558133,-0.8792639176277108,-6.738087204008678,2.196,0.491,-0.2801
0.0121,0.034424,0.102783,1.362305,0.427551,0.65863,7.974396,2.1949794920420467,0.5594567008181709,0.06291327163704397,-0.4001864811588968,-0.8910180903255782,-6.666906393392344,2.202,0.489,-0.2785
0.0122,0.074219,0.041504,1.283447,-2.166443,1.146912,6.479034,2.2002990626131163,0.5578296793883256,0.06328802382955337,-0.394898214054109,-0.9218105091106861,-6.606420956312571,2.206,0.488,-0.2752
0.0123,0.00415,0.078613,1.435059,-0.457458,-1.111389,4.007111,2.2056481133439934,0.5563655044818967,0.06346603663552583,-0.3520010044389715,-0.9367568007595408,-6.573759935429308,2.21,0.487,-0.2736
0.0121,0.035156,0.022217,1.191406,1.526184,-1.538635,8.859406,2.210877821875339,0.555200033228442,0.06370889403666653,-0.3139546796641164,-0.9777531250610864,-6.476945897432823,2.216,0.485,-0.2688
0.012,-0.15332,-0.131104,1.363037,3.052063,-5.902649,10.659943,2.2157090293853825,0.5565666872065352,0.06319886558585756,-0.34854201769156334,-0.9578099292144233,-6.31259472221265,2.22,0.484,-0.2671
0.0117,0.054688,-0.037109,1.364258,3.662415,-2.637268,9.225616,2.2208765950967484,0.555959596152593,0.06341591892048583,-0.322387935940031,-1.0167977547328613,-6.204451636938486,2.227,0.482,-0.2639
0.0122,-0.059326,-0.062988,1.578369,3.448792,2.337097,11.819611,2.2258977289136666,0.5561231728148749,0.0632874788236197,-0.3087627392196605,-0.9547367392146245,-6.046966431061181,2.231,0.481,-0.2623
0.012,-0.029053,-0.012451,1.236816,2.014465,-2.026917,10.415802,2.2309394399265794,0.5558030227529301,0.0632641180306246,-0.288713409127572,-0.9591452188212198,-5.918004544662238,2.235,0.48,-0.2607
0.0112,-0.020508,0.023438,1.231934,2.685852,4.839539,14.169464,2.235648226284496,0.5551405831107339,0.06330552197869871,-0.24091859195079443,-0.8915015760535352,-5.763372758737741,2.241,0.478,-0.2574
0.0125,-0.049805,0.020508,1.262207,1.526184,0.475525,14.138947,2.2407591606048225,0.5546641283881332,0.0632447621890759,-0.20706842520159247,-0.8543779779067618,-5.586760499072923,2.245,0.477,-0.2558
0.0124,-0.031738,-0.017334,1.151855,-0.243835,-2.301575,17.923126,2.245766492924478,0.5544567746183577,0.06319517053275685,-0.21988933633113997,-0.8613146876094787,-5.359385884068532,2.251,0.476,-0.251
0.0119,-0.025146,-0.027832,1.263916,1.648254,-2.820374,20.639191,2.2505748182546763,0.5543173885998997,0.0631612389080062,-0.21617865709854064,-0.8780243593097934,-5.107888792201161,2.255,0.475,-0.2461
0.0143,-0.033447,-0.058838,1.223145,3.72345,0.017761,26.864777,2.256347750280826,0.5544290528477155,0.06308298279123717,-0.20149507706819308,-0.8548608467557568,-4.7118027952042025,2.259,0.474,-0.2429
0.0091,-0.163818,-0.17041,1.393799,2.71637,2.916931,28.878937,2.2595905746374174,0.5561835777481646,0.062495303607432294,-0.2693859916886796,-0.7362403262258741,-4.41173661176648,2.265,0.472,-0.2348
0.0123,-0.041992,-0.059814,1.487793,1.06842,-1.538635,30.648956,2.2644688237267556,0.5563536869712148,0.06239611756954148,-0.2871310893273081,-0.7309292773883451,-4.024657260703515,2.269,0.471,-0.2283
0.0115,-0.071289,-0.097168,1.239502,2.929993,1.146912,36.569366,2.2688389971645964,0.5571462904125464,0.062134198344630846,-0.31349221532693644,-0.6722999789536189,-3.58413361988503,2.275,0.47,-0.2202
0.0125,-0.012451,-0.010986,1.241211,2.655334,-0.775696,39.529572,2.273953935810042,0.5569013547062668,0.06216067617743401,-0.28707283430166586,-0.6737419272406209,-3.0885838060087596,2.279,0.469,-0.2105
0.0122,0.023193,-0.064697,1.246826,2.71637,3.710388,45.541534,2.2787826992558964,0.5568030144707773,0.06227351671864062,-0.2943546031200749,-0.642420873425267,-2.5300637707339795,2.283,0.468,-0.204
0.0115,-0.06543,-0.008057,1.398682,0.427551,-0.745178,48.196564,2.2833376142202924,0.5570085858202269,0.06212350527293994,-0.29467890404141944,-0.6132784063371503,-1.968475493527008,2.289,0.467,-0.1927
0.0123,0.047852,-0.006836,1.18042,1.221008,0.872253,51.004181,2.2884770182734226,0.5563922808377014,0.062384158972747204,-0.28444882210810774,-0.6342882212128701,-1.3489160840484666,2.293,0.466,-0.1846
0.0116,-0.064941,-0.001709,1.48999,3.174133,3.008484,54.849396,2.292990799404835,0.5566389545459025,0.06224840926186471,-0.2504782326352043,-0.5640827008616133,-0.7066827045979375,2.297,0.466,-0.1732
0.0123,-0.084473,-0.04541,1.231201,0.793762,-2.942444,58.175812,2.297698991828568,0.5574046134959849,0.06197738021291233,-0.2710164918653702,-0.5468502502914919,0.023582442584346903,2.303,0.464,-0.1587
0.012,-0.078613,-0.081299,1.243408,4.700012,-0.195862,57.412872,2.3023635898125594,0.5583601961854915,0.06171333887877671,-0.266211326686801,-0.5004011330391104,0.7293336010919367,2.307,0.464,-0.1473
0.0123,0.050537,0.010254,1.508057,5.676575,2.215027,58.114777,2.3073723566951148,0.5579730443676929,0.06193613504890231,-0.19255882587276238,-0.4990541606501096,1.4361917806056435,2.313,0.463,-0.1344
0.0142,-0.044922,-0.054688,1.303955,2.899475,-1.325012,61.410675,2.312848427857703,0.5586261832549311,0.06182423661208876,-0.18705685482589812,-0.49152955719605596,2.317448701417164,2.317,0.463,-0.1231
0.0091,-0.050293,-0.025635,1.218262,4.547424,-3.24762,64.218292,2.3164058928512747,0.5592216970856406,0.06167846121626638,-0.1625611428845386,-0.49122308722793573,2.9099159633546323,2.321,0.462,-0.1101
0.0127,-0.001953,0.014648,1.253906,6.408997,-0.195862,65.988312,2.3213433034002877,0.5593519190493689,0.06174483339672828,-0.07558031165119426,-0.4947871596933816,3.7457884739202236,2.327,0.461,-0.0939
0.0121,0.018555,0.063232,1.368408,3.448792,-4.315735,69.28421,2.326233563796021,0.559263372333691,0.061884736298757834,-0.0029723441218530234,-0.5595839423998527,4.57663246134122,2.331,0.461,-0.0826
0.0121,-0.022217,0.010986,1.275146,-0.426941,3.130554,72.854767,2.3309942230535,0.5597133314799915,0.06187387147297188,-0.006886341539312862,-0.5116274670733332,5.45923682175006,2.336,0.461,-0.0648
0.0121,0.023193,0.108154,1.471436,1.312561,1.848816,71.695099,2.335886482048178,0.5596608940494873,0.06202392045567152,0.06000866930379829,-0.5043960024995948,6.317150435918224,2.34,0.461,-0.0518
0.0112,-0.033447,0.03418,1.234375,2.563782,2.916931,73.465118,2.340149213264506,0.5602111706048912,0.061963382304217766,0.10489555562048207,-0.45619098670969566,7.140775307763866,2.344,0.46,-0.0389
0.0122,0.000488,0.014648,1.28833,3.448792,2.947449,73.739777,2.344888982772673,0.5606975574912992,0.06203183811431013,0.1501347485667193,-0.42700249177531463,8.038542902521842,2.35,0.46,-0.0178
0.0122,0.05249,-0.00293,1.169434,3.448792,-3.003479,73.434601,2.3497019193647737,0.5609051040397947,0.06231364558769522,0.1845960726470726,-0.5060010747329946,8.926899161275898,2.354,0.46,-0.0049
0.012,-0.008545,-0.047852,1.37915,3.540344,-2.728821,72.763214,2.354410463228624,0.5617903629129118,0.06234527407227731,0.1928540786658483,-0.5396201763736036,9.80317468594798,2.36,0.46,0.013
0.0115,0.055664,0.006104,1.36792,1.526184,5.022644,70.138702,2.3589644214043584,0.5621326696167388,0.06260428254960444,0.2072176386552113,-0.519499211363327,10.602799187833082,2.364,0.46,0.0259
0.0123,0.060791,0.013672,1.413818,0.549622,2.459167,69.528351,2.3637210544013816,0.562543441581172,0.06287145271440786,0.2143093540092855,-0.5286367196965577,11.450286598888187,2.367,0.46,0.0389
0.0121,0.010742,0.163818,1.198242,3.021545,1.726746,69.772491,2.3684911668498603,0.5629109059113574,0.0629462857579268,0.34671076423671116,-0.5222222110196262,12.280861327992294,2.374,0.461,0.0583
0.012,0.050049,0.108398,1.28125,1.892395,2.489685,70.840607,2.3732595063503252,0.5633051950370517,0.06317275257020316,0.4252381186541634,-0.5313975758496491,13.118451578169056,2.377,0.461,0.0712
0.0122,0.014404,0.078125,1.227295,1.373596,-3.552795,71.29837,2.3779578436673843,0.5640762236247687,0.0632690641318587,0.48055623305710793,-0.5935419970773939,13.980522150679457,2.383,0.461,0.0874
0.0122,0.020508,0.043457,1.300293,2.289124,2.916931,69.558868,2.382793563112643,0.5650368325162408,0.06340091639188354,0.5230565805750518,-0.5803130087329531,14.824602424096682,2.387,0.462,0.1004
0.012,0.079102,0.068848,1.361084,3.265686,1.207947,68.826447,2.3875820214834977,0.5657055198177173,0.06372221276018092,0.5894443562909402,-0.6207406870298696,15.640138312176244,2.391,0.462,0.1117
0.0114,0.001221,0.003906,1.2146,1.83136,0.292419,69.345245,2.3919085672001725,0.56688535882551,0.06379469327438027,0.6008837084474369,-0.6293101929769445,16.430355476748822,2.397,0.463,0.1311
0.0125,-0.006104,0.026123,1.344238,2.83844,2.276062,66.629181,2.396685552850794,0.568266180758785,0.06383123409440424,0.6383628448354646,-0.608380736587973,17.26226669003491,2.401,0.463,0.1409
0.0118,-0.000488,0.058838,1.314453,2.533264,-1.416565,66.873322,2.401262059507717,0.569568308182816,0.06386502609938015,0.6897669252901316,-0.6357069358586035,18.04716088954357,2.408,0.464,0.1603
0.0121,0.034912,0.0896,1.350098,2.83844,2.733826,66.415558,2.4059876641176037,0.5707627357067285,0.06401202914069681,0.7611763979681389,-0.6342827644873973,18.84298742628363,2.412,0.465,0.17
0.0114,0.023438,0.060547,1.274658,0.854797,2.764343,67.727814,2.410407865769046,0.5720271306797371,0.0641353590589714,0.7936585335887678,-0.6296483484182812,19.60978600097115,2.416,0.466,0.1797
0.0121,-0.010254,0.049561,1.276123,0.610657,-3.796936,67.178497,2.417047522703283,0.5743549150598176,0.06415637915579822,0.8159416115734073,-0.6822740481317668,20.419253827515398,2.421,0.467,0.1927
0.0124,-0.022217,0.03418,1.269287,2.563782,1.024841,67.300568,2.421647762537584,0.5761215033389459,0.06412262218893275,0.8524716493734527,-0.6698715227008283,21.253128202524906,2.425,0.468,0.204
0.0121,-0.049805,0.006836,1.36084,-5.09613,2.062439,78.10379,2.4250396925129607,0.5776603071268371,0.06399815155583209,0.778164140224984,-0.631594095721277,22.20104182902265,2.43,0.469,0.2315
0.0122,-0.223389,-0.044678,0.942871,-2.410583,-3.308655,71.450958,2.4291974030000425,0.5808103633297623,0.06301995569006247,0.6999458880519526,-0.5123469979873699,23.091688248926886,2.434,0.47,0.238
0.0116,0.122314,0.109863,1.57373,-0.1828,-3.857971,62.845001,2.434063753549557,0.5823471866953145,0.06338052377054143,0.7390456366780795,-0.6265396593712842,23.811062692773735,2.438,0.471,0.2445
0.0125,0.285889,0.242432,1.449951,0.000305,1.787781,63.546906,2.438843023591194,0.5831978649492847,0.06417651916629569,0.8468942121691239,-0.7594556437882298,24.58387456161777,2.443,0.472,0.2607
0.0111,-0.125977,-0.002686,1.218506,-2.685242,-4.468323,66.446075,2.4423657406523356,0.5853144440918493,0.0637430411377832,0.7997409260169849,-0.7412966322257633,25.32615844997792,2.447,0.473,0.272
0.012,-0.051758,0.046143,1.199707,-0.121765,-2.698303,66.842804,2.446526261575972,0.5874529546539572,0.06355995539751642,0.8117072603968373,-0.7527519909611151,26.12748514720855,2.45,0.474,0.2833
0.012,0.022217,0.063721,1.464844,1.70929,1.66571,59.060822,2.4508264917529425,0.5894688357104853,0.06364917183648239,0.8500543773817498,-0.7544163155146313,26.833538854543878,2.457,0.476,0.2979
0.0125,0.094727,0.039307,1.260986,-3.020935,-0.256897,61.654816,2.4550045905974427,0.5912240828613069,0.06404678615082021,0.820335741359885,-0.8272540509559723,27.59969986331835,2.46,0.477,0.3092
0.0123,-0.044434,0.028076,1.159668,0.06134,1.604675,62.967072,2.459291256728422,0.5936040194569029,0.06391397845008656,0.8231078875781133,-0.7902028941319427,28.3744229451132,2.465,0.479,0.3222
0.0121,0.090576,0.140381,1.325195,4.089661,0.109314,62.814484,2.4636490959476443,0.5956104122173607,0.06416670462481382,0.9358311387003496,-0.8518049990587377,29.125447836728227,2.469,0.48,0.3335
0.0116,-0.077637,-0.051025,1.48584,1.922913,-2.454163,67.880402,2.4674760434271206,0.597966240611527,0.06403680907642578,0.9124801711457284,-0.8516096009147874,29.91698154939626,2.473,0.481,0.3465
0.012,0.010254,-0.074707,1.273682,7.324524,-3.735901,63.058624,2.4716525645643204,0.6003568395782272,0.06425217569014662,0.936555547779782,-0.9151002160422647,30.677685934149316,2.479,0.483,0.3611
0.0121,0.147217,0.069824,1.351318,10.010071,11.3703,63.577423,2.4756666610563522,0.6022571188640549,0.06477936668166856,1.0771224520964833,-0.8736820339884043,31.44248025749991,2.482,0.485,0.374
0.0122,-0.0625,-0.080811,1.420654,6.317444,4.198669,63.211212,2.4797704829507943,0.6049764741551199,0.06475274371903181,1.089891557593287,-0.8033934226426146,32.222007747599854,2.487,0.487,0.3886
0.0117,0.084961,0.106445,1.29834,3.204651,7.128357,60.647736,2.4836282078692387,0.6070841762994537,0.06501446616962525,1.1711560463001212,-0.7842446990710318,32.92490302528495,2.491,0.488,0.3999
0.0125,0.082764,0.122559,1.344238,2.594299,-0.653625,61.807404,2.487802339985286,0.6095110449221172,0.06523791413580121,1.2522405576038766,-0.8547478773779399,33.688404695585106,2.494,0.49,0.4113
0.0119,0.086182,0.078613,1.012207,3.235168,-5.50592,62.845001,2.4918279356517203,0.611869953425401,0.06560587936650693,1.328119459280425,-1.0024666368059403,34.426512012497305,2.5,0.492,0.4274
0.0113,0.025635,0.016113,1.338135,2.136536,2.30658,66.079865,2.495556673163967,0.614374789527644,0.06576970597238523,1.3372027057634355,-1.0067128747490193,35.173797034660076,2.504,0.494,0.4372
0.0126,-0.012207,0.066406,1.439941,0.488586,-2.087952,66.598663,2.4997886611712286,0.6173745303226215,0.06574245052941946,1.352183040597027,-1.0426262055248217,36.00887670716852,2.509,0.497,0.4517
0.0112,0.065918,0.115479,1.211426,1.037903,-3.033997,64.920197,2.5035583850517744,0.6199377591055302,0.06591661225814034,1.4113371644874924,-1.13232467994319,36.72560693409135,2.513,0.498,0.4614
0.0129,0.02832,0.002686,1.465088,-1.06781,3.527283,69.070587,2.507528032406633,0.6228762641313345,0.0661098753717475,1.3696030697663504,-1.1197698857131864,37.619208810984844,2.516,0.5,0.4744
0.0112,-0.060303,-0.040039,1.155518,3.84552,1.268982,65.347443,2.511083797150194,0.6257783200793035,0.06604038532014923,1.3604541992179333,-1.0818366830012942,38.357507788371485,2.522,0.503,0.489
0.0127,0.094482,0.097656,1.304443,7.171936,4.137634,62.143097,2.5151912611914704,0.628825440927712,0.06634339110684699,1.4814727835013184,-1.1009700809834313,39.14062299726055,2.525,0.505,0.5019
0.0113,0.016113,0.039551,1.5979,3.692932,1.024841,60.983429,2.5187725827998064,0.6317279153832488,0.06643753991493458,1.5153636428425252,-1.110619383518021,39.829047935550875,2.531,0.508,0.5165
0.0128,0.008545,0.025146,1.308594,3.692932,-1.752258,58.999786,2.52271938247517,0.6350144040929918,0.06654383545161824,1.5490493511029284,-1.1548998800603187,40.58329224281395,2.534,0.51,0.5262
0.0112,-0.028809,0.074219,1.155273,7.599182,-0.684143,61.837921,2.5261487078907487,0.6380322657899187,0.06640481151294128,1.6552383347421442,-1.1595763904028105,41.27020991769703,2.538,0.512,0.5359
0.0123,0.046875,0.062012,1.467285,3.509827,0.53656,59.762726,2.529803864311077,0.6412041247877532,0.06657553600118704,1.7006221924697955,-1.1941132972077049,42.00269371551078,2.543,0.515,0.5505
0.0126,-0.011719,0.060547,1.330566,0.671692,-0.836731,59.762726,2.533505108316375,0.644580893041232,0.06655532047839706,1.7130200082340945,-1.2156036341361396,42.75213979592104,2.546,0.517,0.5602
0.0114,-0.024658,0.109863,1.322998,0.580139,-0.47052,58.45047,2.5368712016935437,0.6477876778031632,0.06639913125712908,1.753479931204943,-1.2214630260634916,43.41081466078122,2.551,0.52,0.5732
0.0127,0.021729,0.108887,1.289551,-3.783875,0.628113,59.488068,2.540567403315803,0.6513370860737944,0.06641319842968772,1.7386671880524396,-1.2441851331859333,44.15933664362095,2.554,0.523,0.5829
0.011,0.021729,0.070557,1.111572,-0.030212,-0.928284,58.175812,2.5437470837132614,0.6544614427753277,0.06647955761863267,1.7579011800887538,-1.2850741092654592,44.79417360480548,2.558,0.525,0.5926
0.0125,0.001709,0.112305,1.357422,2.441711,2.062439,57.351837,2.547363923764377,0.6581246666949242,0.06642572134525637,1.819478434485733,-1.2765722298696,45.50452921241943,2.563,0.529,0.6104
0.0116,0.036377,-0.005371,1.407471,1.007385,1.268982,55.368195,2.5506389614708063,0.6614247760126674,0.06667648507254527,1.7975773988307155,-1.2971239800171126,46.15055667691668,2.566,0.531,0.6185
0.0128,-0.041016,-0.00708,1.282227,1.251526,-0.073792,54.300079,2.5541860654477797,0.6650887074848143,0.06667940774874734,1.7775753463706625,-1.2907490043650383,46.847403741395375,2.572,0.535,0.6331
0.011,0.005859,0.040283,1.231934,3.631897,2.489685,52.377472,2.55721982469373,0.6683447997376952,0.06674786854460808,1.8136751136742322,-1.280754124912631,47.42295964963174,2.575,0.537,0.6428
0.0127,0.027344,0.096924,1.445312,2.991028,0.322937,55.124054,2.560575848250228,0.6720767073396477,0.06680133819036485,1.870365393331632,-1.3071410938731485,48.118338652468665,2.578,0.539,0.6541
0.0115,-0.038574,0.002686,1.218994,1.892395,-6.635071,55.642853,2.563629285779731,0.6754318551197579,0.06677795492206837,1.8621494416686486,-1.3750362967999472,48.75667524637423,2.583,0.543,0.6671
0.0123,-0.000977,0.064209,1.09082,0.213928,-2.179504,54.757843,2.5668812710672513,0.6792240096975076,0.06677239216419872,1.877279654669137,-1.4180405431196341,49.42503478250874,2.586,0.545,0.6768
0.0122,0.020264,0.056152,1.388916,-0.121765,3.985046,55.734406,2.570039607058498,0.6829579776453862,0.06687512108720625,1.8731853486731576,-1.3962270967114407,50.10468675802073,2.591,0.549,0.693
0.013,-0.018555,0.013184,1.425049,0.091858,-1.996399,56.222687,2.573301714656602,0.6868155963638056,0.06693064609955823,1.846525258562754,-1.4290134103249612,50.83524848605071,2.594,0.552,0.7011
0.0107,-0.012451,0.061523,1.20166,0.213928,5.907654,56.131134,2.57597174358948,0.6901653560090566,0.0668838461505885,1.8569653880829275,-1.37183251005675,51.43431161016314,2.597,0.554,0.7124
0.0117,0.022217,0.040283,1.366455,2.106018,3.466248,54.239044,2.578860737432841,0.6938131662698139,0.06701470546156674,1.872207328534945,-1.3585058265486079,52.069604168964084,2.601,0.558,0.727
0.0122,-0.012939,0.00415,1.101074,2.868958,-4.2547,56.405792,2.581829762652766,0.6975585325304265,0.06709579562324042,1.8769629242823804,-1.4196168231385802,52.75709774523829,2.604,0.561,0.7399
0.0128,0.026855,0.004395,1.252197,3.570862,2.916931,57.290802,2.585008607899556,0.7016839614356742,0.06733794421110968,1.890290049940982,-1.417631535977312,53.49361631190689,2.607,0.564,0.7496
0.011,-0.001221,0.013428,1.57251,1.648254,3.527283,55.948029,2.5877279292292643,0.7053105906145088,0.06744261903118437,1.8823773519187994,-1.3914195347532479,54.11132242343175,2.611,0.568,0.7675
0.0125,0.060547,0.035156,1.354004,0.885315,-4.49884,58.45047,2.590629241678536,0.7093426019622503,0.06770997210714556,1.8782070118679026,-1.498778585992044,54.84022352078157,2.614,0.571,0.7804
0.0123,0.002686,0.004883,1.047607,4.394836,3.100037,59.121857,2.5933997458513067,0.71321843314881,0.06786603485746429,1.9003727791406753,-1.482323201636926,55.570171876114244,2.618,0.575,0.7982
0.0114,-0.00293,0.074219,1.346924,3.662415,1.330017,60.525665,2.595943685400506,0.7170438801254866,0.06784517973951314,1.9488692003617543,-1.481001733551528,56.25710544255831,2.621,0.578,0.8095
0.0125,0.005371,0.016113,1.308105,0.030823,-0.287415,60.312042,2.598767224014257,0.7212298233934371,0.06798265091541096,1.9216576973589923,-1.5063565604026892,57.01162671270937,2.624,0.58,0.8225
0.0114,0.049072,0.045166,1.356201,1.373596,2.733826,61.258087,2.6012038179512866,0.7250295059761444,0.06818732866413767,1.9270739072825225,-1.518881412885075,57.710244023784526,2.628,0.585,0.8436
0.012,0.044434,0.034912,1.092529,3.570862,0.41449,61.837921,2.603607535672146,0.7288824965465707,0.06842386860419193,1.9574982596497938,-1.5643029992434587,58.45185162602867,2.63,0.588,0.8549
0.0121,0.041504,0.026367,1.281494,2.929993,0.506042,65.500031,2.6060488123779586,0.7328603366699692,0.06865506825714067,1.9691787117211133,-1.6025065828008946,59.24506988703918,2.634,0.592,0.8743
0.0125,-0.087646,-0.088623,1.347168,3.601379,0.933289,66.720734,2.608699181736318,0.736924714748044,0.06872622442323255,1.922753160013965,-1.5630556099406752,60.087948642628334,2.637,0.595,0.8856
0.0123,-0.005127,0.03418,1.305176,3.601379,-3.339172,65.37796,2.6112258064753564,0.7413339030460284,0.06879217556937961,1.9471987961682535,-1.6199026205015292,60.89022992535769,2.639,0.599,0.897
0.0116,0.015137,-0.068115,1.386475,1.556702,4.412292,70.474396,2.613582760201432,0.7452066071579146,0.06913540050091879,1.8871749517856236,-1.5974956199057972,61.716147002643204,2.643,0.604,0.9164
0.0121,-0.010254,-0.013916,1.459717,1.221008,-2.301575,72.18338,2.615885345960555,0.7493411566723495,0.06928188258563459,1.8528057661036155,-1.6396651966797045,62.591768475067134,2.646,0.607,0.9294
0.0115,-0.027832,0.045654,1.040039,1.617737,-4.559875,76.822052,2.6180599988062836,0.7536845138646228,0.06919903784752462,1.8633129241028392,-1.6928835743303394,63.47194458549943,2.649,0.611,0.9472
0.0118,0.036377,0.024414,1.349121,0.244446,0.41449,78.317413,2.6202426618678114,0.7580290800708889,0.06941437133284578,1.8360454492137488,-1.7290257282160233,64.39622986080671,2.651,0.615,0.9601
0.0125,0.074951,0.061768,1.234131,0.885315,1.024841,80.636749,2.6224120464322622,0.7627000820330202,0.0696805596579938,1.838636248876578,-1.7851074879392095,65.40117645637797,2.654,0.618,0.9763
0.0122,-0.059326,0.021484,1.42627,2.624817,1.513123,82.589874,2.624523489073069,0.7672787539420721,0.0696303319173313,1.8340159349766707,-1.7565840118097662,66.41069775409726,2.657,0.624,0.9974
0.0122,0.032715,0.02417,1.297119,3.692932,5.541443,83.596954,2.6264966100241023,0.7717705725026917,0.06984416042514154,1.8458205011978286,-1.731937338176939,67.43272121230285,2.66,0.627,1.0136
0.0118,-0.048828,-0.05542,1.32251,3.906555,-1.111389,84.054718,2.6284193126227198,0.7759715086344177,0.06999030160664242,1.812874123261427,-1.7400138642218963,68.43039143320001,2.663,0.632,1.0346
0.0122,0.041748,-0.102051,1.095215,5.951233,-7.123352,85.122833,2.6304249224591443,0.780129666620382,0.07061073654772726,1.7662313651563502,-1.8817825732743136,69.47444821190096,2.665,0.636,1.0476
0.012,-0.04834,-0.022949,1.365479,7.263489,1.604675,84.695587,2.6322183849706318,0.7846890675992391,0.07069862660844871,1.7906521569123033,-1.8565158759338247,70.49683741961675,2.667,0.639,1.0621
0.0117,0.032227,0.068115,1.506592,4.608459,1.757263,84.085236,2.6337661801875676,0.7892645163623417,0.07079802451312854,1.8306496836345685,-1.8709765088371684,71.4792324241426,2.67,0.645,1.0848
0.0121,0.043457,0.112793,1.210938,2.777405,0.231384,85.763702,2.6351843195668514,0.7941560102869172,0.07080506454449186,1.8848072952682695,-1.9170511998247506,72.51066110834343,2.672,0.648,1.101
0.0113,-0.081543,0.024658,1.510986,5.188293,4.809021,85.366974,2.6365630457391456,0.7985344609719709,0.07071062207484502,1.9062427246718172,-1.8415688551762237,73.48014513223562,2.674,0.653,1.1204
0.0121,-0.001221,0.130615,1.3396,2.685852,-2.148987,87.625275,2.637800257230892,0.8036063465565496,0.07055621526288752,1.9610976882378228,-1.8897312378183477,74.53514223659266,2.676,0.657,1.1366
0.0121,0.019531,0.03833,0.982666,0.854797,-0.104309,91.684113,2.639039209182982,0.8083111974716454,0.07068770109033484,1.9477939611133122,-1.9350704341457317,75.64307153507764,2.677,0.661,1.1528
0.0124,-0.009033,-0.022705,1.428711,0.732727,3.832458,90.066681,2.6403502231913807,0.8128996634384116,0.07090592964604456,1.889522279674607,-1.9089871925808153,76.76449750566204,2.68,0.666,1.1787
0.0123,0.063477,0.036865,1.466309,-1.922302,-2.545715,88.907013,2.6414565383396127,0.8176627417704172,0.0711543563591756,1.8314714685693398,-1.9958811094014726,77.85602955076567,2.681,0.67,1.1933
0.0116,0.04248,-0.009766,1.138428,-0.091248,-2.454163,89.120636,2.6424681470779636,0.8219704859229299,0.07149619525569317,1.7717909019676428,-2.0744834610609475,78.89020072395775,2.684,0.676,1.2192
0.0117,-0.033447,0.052734,1.439453,4.425354,1.116394,90.738068,2.643357148077204,0.8266932538430551,0.07146273352791443,1.7968483855737107,-2.0626383911843273,79.95283209407063,2.685,0.68,1.2354
0.0125,0.096436,0.078857,1.333984,2.746887,3.588318,88.022003,2.6441147166665666,0.8316985493615572,0.07169924585140872,1.8206924600709473,-2.093574481610922,81.0505207473505,2.686,0.683,1.2499
0.0115,-0.00293,0.035889,1.260742,-1.403503,-0.195862,89.212189,2.6448068222023906,0.8361892772314611,0.07176608864927313,1.7729789291261413,-2.1129776652660164,82.07655206709558,2.688,0.689,1.2742
0.0123,-0.01416,-0.061768,1.195801,1.83136,-3.980042,88.052521,2.6456307044678393,0.8405278003747865,0.07209965553397298,1.6999916660965801,-2.1740938822136524,83.16382566371018,2.689,0.692,1.2888
0.0125,0.052979,0.060547,1.294922,1.922913,-3.430725,89.059601,2.6461658179884378,0.8457141426450966,0.07226668164935209,1.702117537163623,-2.265866110179543,84.27358880579057,2.69,0.696,1.3018
0.0113,0.024658,0.023438,1.260254,-2.746277,-1.050354,90.371857,2.6466190730937202,0.8502367657226975,0.07244585008750733,1.6304292571661854,-2.307373204349647,85.29479463969379,2.692,0.702,1.3277
0.0125,0.057373,0.11499,1.301025,-0.793152,-3.461243,89.547882,2.6468640298726553,0.8555040317335882,0.07246142952132834,1.628408338291679,-2.398274009553772,86.40809045734736,2.693,0.706,1.3455
0.0116,0.037598,0.098145,1.286865,-0.640564,-4.529358,89.029083,2.647030012484471,0.8604099613080107,0.07246134777213442,1.6216052875529956,-2.4840954975134517,87.43573333628376,2.694,0.712,1.3649
0.0124,0.038574,0.041016,1.31665,-3.753357,0.292419,88.144073,2.647222402950246,0.8655421586617554,0.07264962175796517,1.538069657078285,-2.5151422857568795,88.52834698688645,2.695,0.716,1.3779
0.0126,0.050781,0.068359,1.284912,-0.762634,0.261902,86.007843,2.6472655819988136,0.8708699836749301,0.07279009390153321,1.5087044763838378,-2.5523344509403714,89.60998426913388,2.695,0.72,1.3924
0.0115,0.074219,0.139893,1.365723,1.465149,0.353455,84.90921,2.6470988849815664,0.8758918837340296,0.07276824910937164,1.546834700317479,-2.5951441771646104,90.58076338185434,2.696,0.726,1.4151
0.0121,0.033691,0.044434,1.289062,-0.487976,-0.989319,86.587677,2.6470159008425576,0.880645585471189,0.07291796340232196,1.5067317393296897,-2.6359908599804442,91.62749679268333,2.697,0.73,1.4297
0.0122,0.07959,0.012695,1.335205,2.594299,0.139832,85.000763,2.6468393528959897,0.885557413495647,0.07327593603618063,1.4848757831728936,-2.6875440899048715,92.66589971201896,2.698,0.735,1.4491
0.0112,0.078857,0.054199,1.308594,7.6297,-4.102112,83.749542,2.6465286979203277,0.8902680152968703,0.0734995060809029,1.5442961887700462,-2.7833462931154025,93.60137483186658,2.698,0.739,1.462
0.0127,0.078125,0.020508,1.369141,6.74469,2.459167,85.458527,2.6461734258432563,0.895295476346619,0.07384314918688865,1.5748507464022061,-2.8043705846657705,94.68873582895844,2.699,0.743,1.475
0.0112,0.015381,0.037354,1.364502,8.972473,3.679871,86.099396,2.6458174323534944,0.8997295497890552,0.073980796334493,1.6348024222585862,-2.778010326638214,95.654127734413,2.699,0.749,1.4993
0.0126,0.088135,0.093994,1.355225,8.392639,10.180115,80.484161,2.645164702164893,0.9049927030939257,0.07414595123392846,1.7299875308042272,-2.7080517429292983,96.66828652398009,2.699,0.753,1.5155
0.0115,0.101807,0.04248,1.37793,1.343079,4.107117,80.911407,2.6445467715241944,0.9096384841300326,0.07445508704383462,1.7099958395039074,-2.7246408242912676,97.60015012701882,2.7,0.759,1.5333
0.0128,0.009766,0.018799,1.144775,3.509827,-8.801819,79.629669,2.643907178850282,0.9146383111173555,0.07465828196838957,1.703235063300857,-2.854397786987122,98.6169226249595,2.7,0.763,1.5462
0.0113,0.063232,0.123535,1.230225,6.225891,2.153992,80.819855,2.6429800542957125,0.9197704868349712,0.07465430624295452,1.7892618978644677,-2.874301317934742,99.52362273155845,2.7,0.767,1.5592
0.0121,0.046631,0.131592,1.506348,3.204651,-1.630188,83.90213,2.642013405609507,0.9249574557977439,0.07464975215455706,1.8271655530415511,-2.9250982467958564,100.53200360374183,2.7,0.773,1.5819
0.0118,0.046387,0.058594,1.209229,-0.94574,-3.919006,84.878693,2.641073421596237,0.9297346489959453,0.07480628317755893,1.7858995127894088,-3.0094977249714203,101.53015304485739,2.7,0.777,1.5948
0.0127,-0.000488,-0.001465,1.401367,3.601379,-0.317932,81.918488,2.6402969211373866,0.9338896218870905,0.07504215529865933,1.7597812884936002,-3.0226765360586185,102.57285348313073,2.7,0.783,1.6126
0.0113,0.047852,0.036133,1.379395,5.85968,0.994324,79.934845,2.639282829482034,0.938383484793361,0.07527288478938761,1.7822972489256594,-3.0422704294886684,103.47680793089964,2.699,0.787,1.624
0.012,0.056641,0.057129,1.337402,2.136536,5.724548,79.293976,2.6380908668809235,0.9431876660717872,0.07547336148629083,1.7746651020192732,-3.0120045628010774,104.42925673660147,2.699,0.791,1.6369
0.0137,-0.020508,0.014404,1.234619,4.486389,0.689148,80.423126,2.63692133031657,0.9479653058097149,0.07565912607634187,1.771144798476443,-3.002109682909469,105.53211670374131,2.699,0.797,1.658
0.0113,0.122559,0.185791,1.272461,4.455872,-2.759338,75.143585,2.6351831214366395,0.9535107837585282,0.07560231663910179,1.8706382978697287,-3.1059300287247065,106.37001940712153,2.698,0.801,1.6709
0.0112,0.083008,0.06543,1.333984,-0.457458,3.924011,76.944122,2.6337633330314354,0.9581467328503219,0.07582032695807384,1.8400624196241822,-3.112622999830856,107.23214582358636,2.698,0.806,1.6887
0.0122,-0.031982,0.055176,1.343994,0.122375,-0.958801,74.716339,2.6323983399672812,0.9626562811895714,0.0758676913638572,1.807123712848936,-3.11085673913893,108.13954667893604,2.697,0.81,1.7033
0.0134,0.068115,0.159668,1.199707,1.556702,0.261902,74.19754,2.6303152230524853,0.968657886426416,0.0758046836908494,1.8590439911394852,-3.155837646673456,109.12393358827583,2.697,0.814,1.7146
0.0108,0.014648,0.08374,1.357422,-0.762634,0.048279,74.502716,2.628831147646595,0.9728957720554005,0.07583661346565707,1.8373271614174809,-3.164011040845296,109.92357411857672,2.696,0.821,1.7341
0.0119,0.009521,0.078125,1.318848,-0.274353,-2.210022,72.18338,2.627167720718308,0.977459288912861,0.07589108952564691,1.81569513108138,-3.1976553323974355,110.77680518536964,2.695,0.825,1.7486
0.0121,0.003906,0.073486,1.249268,3.357239,-0.195862,69.467316,2.625335184282168,0.9822702147933655,0.07595989988940817,1.8382192393471897,-3.204112215501448,111.61219435741238,2.694,0.831,1.7664
0.012,0.092529,0.087402,1.384766,3.509827,3.618835,64.615021,2.6232709650053647,0.9873781420474553,0.0761642990817359,1.868623919438493,-3.2102785518537336,112.38788236786345,2.693,0.835,1.7794
0.0116,-0.00293,-0.001709,1.452637,1.770325,-1.630188,66.1409,2.621749052156151,0.9911370411149026,0.07641598278767134,1.8281401173037293,-3.2272811340284466,113.15514809333955,2.692,0.839,1.7907
0.0126,-0.016113,0.045654,1.220947,5.61554,1.360535,61.013947,2.6199039808052147,0.9954641573322381,0.07652367947385741,1.8677200700017933,-3.200555378672368,113.92046394482152,2.691,0.844,1.8053
0.0121,0.071777,0.090088,1.458252,3.84552,-1.59967,61.776886,2.6177918471991943,1.0001841601795165,0.07667762773418578,1.902402498786779,-3.2548706268286036,114.66525365571827,2.69,0.848,1.8166
0.012,0.011719,0.00293,1.159668,2.71637,-8.313538,55.581818,2.6159581727143046,1.0041966495438432,0.07696452582265188,1.8817555956452658,-3.359695705724565,115.32996279040016,2.688,0.854,1.8312
0.0113,0.151611,0.181396,1.223145,2.868958,-2.148987,56.192169,2.6129169496616105,1.0105467632694347,0.07703014977521139,1.970735507661803,-3.4674207695857033,115.95843633530569,2.687,0.858,1.8409
0.0123,0.012939,0.056152,1.376221,1.770325,2.703308,57.870636,2.610891627908597,1.0146910476980298,0.07718592343868297,1.9629214785513784,-3.437934705340487,116.6679044920873,2.686,0.862,1.8506
0.0122,-0.133545,0.033936,1.418945,1.404114,-0.501038,56.222687,2.60933045061119,1.0177393401625892,0.07714794963760653,1.939286628629918,-3.3695469184261078,117.34305259824156,2.685,0.867,1.8636
0.012,0.075195,0.131348,1.351562,1.06842,6.029724,52.377472,2.606919657840879,1.0224104616417096,0.07718777715279876,1.9718385745468419,-3.3327606810324655,117.96977211953431,2.683,0.871,1.8733
0.0132,-0.009766,0.008301,1.357422,2.319641,0.53656,50.424347,2.6048461290047507,1.0262765374056035,0.07743727665756645,1.9503942008573654,-3.3172839093947895,118.6339875931442,2.682,0.877,1.8879
0.0108,0.060303,0.087646,1.065186,3.418274,-2.545715,49.173126,2.6026159167890146,1.0303999246900282,0.07750656430212657,2.002013654773612,-3.380027847272305,119.16152675991486,2.68,0.88,1.896
0.0113,0.030029,0.072998,1.352783,4.547424,-0.623108,44.076691,2.5994433442663767,1.0360762098724596,0.07774242063639124,2.046717453964186,-3.39399824009468,119.65574612484752,2.679,0.884,1.9041
0.0121,0.139893,0.034424,1.4646,3.235168,4.870056,49.112091,2.596831995922429,1.0407441650956792,0.07817422056291781,2.0497761014797082,-3.4010003797465664,120.25894082033602,2.677,0.889,1.9203
0.0128,-0.16333,-0.088867,1.26416,2.441711,-1.263977,48.166046,2.5958160645636537,1.0422067859837774,0.07836725837448166,1.9727516517480084,-3.319340376585253,120.8691351432717,2.676,0.892,1.9316
0.0117,-0.014893,0.005127,1.213379,0.122375,-2.393127,51.187286,2.5933827710775654,1.0461971656770992,0.07862707467022617,1.9251970256071915,-3.333579937585302,121.46531998009979,2.674,0.899,1.9316
0.0124,0.142822,0.020752,1.237793,2.258606,3.832458,41.635284,2.5904646861695664,1.0510850278698132,0.07913781643777883,1.918936199759459,-3.364762284885802,121.99080808561637,2.672,0.903,1.9413
0.0113,-0.067139,-0.067383,1.609619,-0.884705,1.024841,48.959503,2.5890296598482445,1.0532041822435858,0.07940230589839528,1.8269507743950462,-3.313951624183737,122.54449310300701,2.671,0.906,1.9526
0.0126,0.007568,0.106201,1.201904,2.71637,-1.508118,52.163849,2.5861241104131767,1.057781100720914,0.0793903679435637,1.8743496177038352,-3.332294952531706,123.19496923817604,2.669,0.911,1.9656
0.0121,0.005127,0.107422,1.355225,2.441711,-0.34845,48.440704,2.5831080313719834,1.062400684179882,0.07941943803861949,1.9133802031006575,-3.331278757028742,123.77508869850355,2.667,0.915,1.9721
0.0114,0.217529,0.158203,1.180664,-1.83075,2.520203,49.905548,2.5795374198140433,1.068171121033616,0.07965109250459568,1.9419197523757583,-3.428056334312644,124.35044078067972,2.665,0.921,1.9915
0.0121,-0.131348,-0.114746,1.153809,0.366516,1.879333,50.332794,2.578311237776388,1.069489110319727,0.07997362533723021,1.8181400776025658,-3.318925283765998,124.95750354443665,2.663,0.924,2.0028
0.0121,-0.0625,0.000244,1.35083,5.676575,-2.942444,53.140411,2.5759549468152425,1.072649504492268,0.08013470560229327,1.8327768629254606,-3.31442734556125,125.59514231007256,2.661,0.928,2.0125
0.0123,-0.020264,-0.000732,1.432617,2.777405,2.916931,55.948029,2.573295861307017,1.0762186069791686,0.08038848989743927,1.8101210599748017,-3.2642449009351053,126.28282807303853,2.659,0.933,2.0287
0.0118,0.005615,0.01001,1.337158,1.190491,2.30658,54.42215,2.5707326372499195,1.0796196482278861,0.08062887619739863,1.7772955022058035,-3.2355523880465635,126.92517680877847,2.657,0.937,2.0401
0.012,0.048828,0.051758,1.249023,3.418274,-2.087952,52.896271,2.5678001557850125,1.0835796667866116,0.08083521417366551,1.7982435462910087,-3.2846081513394965,127.55925436551637,2.655,0.94,2.0514
0.0122,0.020996,0.046387,1.254883,3.692932,-3.24762,56.497345,2.5649910603585404,1.0872253673275487,0.08100145963246456,1.815822837726319,-3.332748322722184,128.24600820751778,2.652,0.946,2.0708
0.0116,0.074219,-0.043457,1.305176,2.228088,-1.386047,59.57962,2.562503617921934,1.0903145526476559,0.08149333852328408,1.7598225197294528,-3.388420850375724,128.9419058238775,2.651,0.949,2.0805
0.0121,0.093506,0.034668,1.29126,2.533264,-4.620911,61.288605,2.5593303742564975,1.094354993406334,0.08183901971163923,1.7513122750132786,-3.4942122788617715,129.68467278841462,2.648,0.954,2.0967
0.0121,0.064209,0.005859,1.295166,3.937073,2.703308,61.258087,2.556348110150445,1.0979500536786326,0.08221265623397105,1.7416773213790788,-3.4946547948718663,130.42979158650706,2.646,0.957,2.1081
0.012,0.082031,0.046631,1.518066,5.066223,1.909851,60.861359,2.5532833235069963,1.1016177517399244,0.08249475144038786,1.7654092541391753,-3.505946901459711,131.16214126012846,2.644,0.96,2.121
0.0113,0.042969,-0.007812,1.203369,5.310364,1.696228,64.004669,2.5505718873913854,1.1046514970924315,0.08285227165409445,1.7605096107225957,-3.509904306606507,131.88892653667105,2.641,0.966,2.1404
0.0127,0.049072,-0.069824,1.22876,3.84552,4.290222,67.39212,2.5476541375986885,1.1077156848026142,0.08342807733192295,1.6981288731100987,-3.486772215254518,132.75348689082557,2.639,0.969,2.1534
0.0121,-0.033447,-0.018066,1.298828,4.303284,-5.231262,68.429718,2.54483523186917,1.1104860999783597,0.08368611121082573,1.673466227084679,-3.5279948756587327,133.58058853318022,2.635,0.974,2.1728
0.0121,0.043945,-0.05835,1.204346,2.014465,-2.026917,69.406281,2.5420426111847005,1.1132217932114774,0.08419565542443372,1.5944326193515188,-3.5782783056998615,134.4254224434654,2.632,0.978,2.1842
0.0111,0.052734,0.03833,1.43335,-0.396423,4.229187,70.779572,2.5387345133144836,1.1166201749242706,0.08445376632040857,1.547932445657081,-3.551709656923282,135.21294215457408,2.63,0.981,2.1971
0.0126,0.069824,0.102051,1.279053,-0.915222,4.381775,72.580109,2.534734629337953,1.1208317261867395,0.08459721784359289,1.5280698068403535,-3.5329938604375,136.12666036852877,2.627,0.986,2.2133
0.012,-0.032471,0.098145,1.315918,-0.091248,5.663513,70.260773,2.5312393531996364,1.1241777406666353,0.08455562662089937,1.5194913771400789,-3.440495474391391,136.96659281223725,2.624,0.989,2.2279
0.0122,0.029053,0.055908,1.162598,-1.220398,0.750183,76.638947,2.5274899739105847,1.1277529005631883,0.0847220284474903,1.4730949743191444,-3.4479547516569937,137.9008130152298,2.62,0.994,2.2473
0.0112,0.034912,0.035645,1.313965,2.533264,0.963806,71.359406,2.524087524538421,1.1308314962719916,0.08493874734838479,1.4615954550522634,-3.4504314428137994,138.70037940228022,2.617,0.997,2.2586
0.0124,0.064209,-0.002441,1.349609,2.685852,-0.562073,70.474396,2.520221100959579,1.1342059727983766,0.08533901986355742,1.4282561582316724,-3.4882425421063474,139.5770293472475,2.615,1.001,2.2716
0.0121,-0.019531,-0.054932,1.386963,3.265686,1.268982,69.864044,2.516903567422233,1.1366381150983877,0.08571854343234644,1.3734471242874933,-3.456678675294912,140.4251075052461,2.611,1.005,2.2878
0.0122,0.016602,0.107666,1.283936,2.472229,-1.141907,67.849884,2.5127118950705007,1.1402789228610073,0.0857412163600543,1.4061526224829444,-3.4717953178870804,141.24909696634106,2.608,1.008,2.3007
0.0122,-0.001221,0.08252,1.210449,3.296204,-0.958801,66.26297,2.5086079187071433,1.1436388068932988,0.08578967453099834,1.4376991350583872,-3.474956476375247,142.05387093948704,2.604,1.013,2.3153
0.0112,-0.039307,0.063965,1.371582,2.868958,2.55072,64.737091,2.505109603986002,1.1462220208049185,0.08581909715165736,1.4492215826934132,-3.4151921188861953,142.7756172447012,2.601,1.016,2.3234
0.0123,0.002197,0.098145,1.272705,1.495667,1.787781,63.302765,2.500889160103457,1.149564222578006,0.08583994298726844,1.4680818344099793,-3.3867879786660864,143.55149589516688,2.598,1.019,2.3315
0.0121,0.030762,0.133545,1.206787,0.976868,0.261902,60.708771,2.4964803239918814,1.1532277543486484,0.08579168595311713,1.5084905342046697,-3.3940790748118426,144.28321180999185,2.594,1.023,2.3412
0.0138,0.004883,0.0979,1.270264,-0.243835,-4.620911,60.067902,2.4918019406754057,1.1567204396840256,0.08584431401769249,1.5021526837791017,-3.45420542660422,145.10683991076763,2.591,1.026,2.3493
0.0102,0.065918,0.144531,1.205811,1.373596,-2.667786,55.886993,2.48775604292863,1.160162642131013,0.08579079904837526,1.559982234790953,-3.5085844593634015,145.67523226216818,2.587,1.031,2.3622
0.0124,0.214355,0.121094,1.081055,0.152893,-6.757141,56.131134,2.481980915601757,1.165523855421783,0.08615428964633037,1.589216466093686,-3.7259497424344135,146.38237771798484,2.584,1.033,2.3703
0.0121,-0.066895,-0.017578,1.641357,-1.281433,4.961609,51.461945,2.4786305561404065,1.1670794931800925,0.08638074874735231,1.5111001435562508,-3.6220312358178255,147.00018039280272,2.581,1.036,2.3784
0.0112,0.092773,0.088623,1.476318,-1.220398,5.022644,51.828156,2.474517061843652,1.1701046171124423,0.08657325276196899,1.4938658752650722,-3.5979637982532213,147.5834440098871,2.577,1.04,2.3914
0.0122,-0.000244,0.023682,1.269287,-1.250916,-3.919006,52.194366,2.470930612773609,1.1721374079626397,0.0867616990125009,1.4403708095992593,-3.6332049748141144,148.21547338032897,2.575,1.042,2.4011
0.0124,-0.008057,0.102783,1.237061,-0.487976,-4.2547,46.640167,2.4666052823963156,1.1748245755057731,0.08675527158108648,1.4491322992297573,-3.665513364605061,148.78477490257444,2.57,1.047,2.4124
0.0121,0.115479,0.114258,1.4104,-3.112488,4.107117,50.027618,2.4618210600443855,1.1783262233056209,0.08694929001713358,1.4226831772568382,-3.661387020838317,149.39447300655667,2.567,1.049,2.4221
0.0119,-0.058105,-0.013428,1.330322,-1.769714,-1.172424,53.628693,2.458609195525141,1.179501106596032,0.08713428161625865,1.3412684466322995,-3.6291767061444924,150.02399475442857,2.564,1.052,2.4319
0.0114,-0.083008,0.016602,1.179199,0.030823,0.322937,53.720245,2.4554441897630293,1.1805514774415358,0.08717386823806728,1.3028111423620397,-3.559287932385346,150.6240386693733,2.559,1.056,2.4464
0.0127,-0.000488,0.025635,1.428711,0.458069,5.114197,54.483185,2.4511910466531823,1.1827014113299446,0.08739418037401912,1.2688206620467586,-3.481383250545215,151.31369673044517,2.556,1.058,2.4561
0.0117,-0.017822,-0.046143,1.253662,1.617737,-0.34845,55.5513,2.4478754713171416,1.183897941211537,0.08771481150443282,1.209598465162831,-3.4629423511987474,151.95959515754194,2.551,1.062,2.4723
0.012,0.002686,-0.009766,1.079834,6.653137,-0.623108,56.863556,2.443999298995901,1.1856260204260896,0.08800189486016989,1.231307488343988,-3.461923296979462,152.63967868977593,2.548,1.065,2.4837
0.0117,0.0271,-0.038818,1.409912,7.416077,0.53656,60.861359,2.4401669198414573,1.187246180773276,0.08838186756814909,1.243005304404071,-3.4587581951408697,153.35180760026128,2.545,1.067,2.4966
0.0124,0.037598,-0.13208,1.324219,6.439514,5.32782,60.34256,2.4366625357289062,1.1882777170196288,0.08901685093404159,1.1912255369062916,-3.4060491147261787,154.10395532134365,2.54,1.07,2.5128
0.0116,0.073486,-0.034912,1.29541,6.62262,4.168152,56.43631,2.4328468252182716,1.1900195028559484,0.08945628136707318,1.1985942577544482,-3.3889194237801767,154.7633579559988,2.537,1.073,2.5225
0.0123,0.033936,0.052734,1.47168,2.929993,5.663513,55.67337,2.4284351364585515,1.1921652537295075,0.08963954752227227,1.2117864320873708,-3.3239423545948656,155.44907806994033,2.532,1.076,2.542
0.0125,0.037842,0.162109,1.388672,0.854797,0.475525,56.31424,2.4231064986659727,1.1951800772251813,0.08959668059953252,1.2605794132190544,-3.325344224694308,156.15120419165152,2.529,1.079,2.5565
0.0113,0.009766,0.139404,1.123535,3.570862,-3.064514,59.45755,2.4182771667037315,1.1978520241787187,0.08946486262292316,1.3458349515438146,-3.3548937955095037,156.8182807673396,2.526,1.081,2.5695
0.0125,0.072266,0.124756,1.431885,2.655334,0.994324,65.988312,2.4130919118412897,1.2006475558194631,0.08956577922576507,1.3857228807843753,-3.371615361854637,157.64468774304706,2.52,1.084,2.5889
0.0112,-0.023193,-0.036377,1.251465,-4.150085,-3.186584,64.798126,2.409528313167319,1.2014354491329469,0.08984776245777011,1.2631034853040368,-3.3849615654107716,158.36513868564916,2.517,1.086,2.6002
0.0123,-0.012939,0.029785,1.296875,-1.037292,-3.888489,65.530548,2.4051622769172325,1.202890845610516,0.09000457150434744,1.2100359347293332,-3.415703861804688,159.16579709820752,2.513,1.088,2.6132
0.0124,-0.178711,0.049072,1.531982,6.958313,7.433533,67.575226,2.401354963668461,1.2033555034788135,0.08990240223286211,1.2602183030618994,-3.2273753592632524,159.98865645703444,2.508,1.091,2.6278
0.0118,-0.014404,-0.184814,1.258789,1.70929,6.182312,70.382843,2.3986539942058394,1.2028492212629662,0.09054916143501997,1.1127140108110345,-3.143396588216954,160.81583785578064,2.505,1.093,2.6391
0.0116,0.101562,-0.062988,1.070068,8.270569,0.65863,75.540314,2.3945666397771217,1.2041486199180824,0.09116003741105656,1.1071655064333294,-3.2034400448798963,161.6992554139685,2.499,1.096,2.6618
0.0121,-0.029785,0.034424,1.516113,10.284729,-0.47052,70.230255,2.390159609861929,1.2053377060562906,0.09128251947316822,1.1912129244274325,-3.1853942858390623,162.5453204501039,2.496,1.098,2.6731
0.0125,0.06543,0.070068,1.292969,2.655334,1.452087,69.253693,2.3848065104621523,1.2074759898263532,0.09148138002476287,1.2082915845662952,-3.1984113628241095,163.41419814910387,2.492,1.1,2.686
0.0116,-0.008545,-0.053223,1.168945,1.373596,-2.759338,69.680939,2.381160171925241,1.2078296507723847,0.09182648280727226,1.1343682448896686,-3.2190505778092158,164.21951920659936,2.487,1.102,2.7022
0.012,-0.010742,0.131836,1.070557,4.303284,-1.782776,70.16922,2.375736709900684,1.2100043264315516,0.0916721719034436,1.2234527452196902,-3.2250086525685844,165.05874509878464,2.483,1.104,2.7136
0.0126,0.022949,0.162842,1.325439,1.312561,1.207947,69.497833,2.3699002254414525,1.212384839864582,0.09159399908381487,1.274369195141775,-3.2147503536248974,165.93462921338335,2.477,1.107,2.7314
0.0113,0.010498,0.103027,1.385742,0.519104,-0.623108,68.03299,2.3650881356706512,1.2139206635145818,0.09160817484963496,1.2834828111887218,-3.218147398464736,166.70138473201504,2.473,1.108,2.7427
0.0122,0.029297,0.077148,1.151855,1.83136,2.215027,64.798126,2.3598123226867203,1.215607339636047,0.09171102509813853,1.3026738454477838,-3.2036565843555542,167.49307837476377,2.47,1.11,2.754
0.0123,0.069336,0.070801,1.32666,1.465149,-1.843811,63.913116,2.3543946595217378,1.2173317412350897,0.09191586687718112,1.3067770089577617,-3.2577407780567484,168.28233226644048,2.464,1.112,2.7686
0.0121,-0.013672,0.017334,1.240967,1.129456,1.726746,63.150177,2.35002659691465,1.217857219258056,0.0920902374987887,1.2771219873416617,-3.221325768639274,169.04193479905257,2.461,1.113,2.7783
0.0115,-0.001465,0.002197,1.397217,1.770325,3.222107,59.823761,2.345449340907398,1.2183334084511397,0.09233423963782064,1.249363341110503,-3.1740566780266897,169.7269247546423,2.455,1.115,2.7913
0.0124,0.014893,0.061768,1.410645,1.037903,1.146912,58.999786,2.340543156099962,1.2193151934727198,0.09246209176663514,1.245020655437167,-3.158342760364286,170.4568680525631,2.451,1.117,2.8026
0.0114,-0.009277,0.013428,1.262695,1.159973,2.764343,58.938751,2.3365015983122333,1.2196381075530336,0.09262593638060318,1.2193875187081287,-3.112359196984126,171.12492454231594,2.448,1.118,2.8123
0.0122,0.032715,0.036133,1.33667,2.441711,-0.104309,61.197052,2.3317261294625675,1.22045800591029,0.0928261032996622,1.219289833043884,-3.123883151398416,171.87156212887461,2.442,1.12,2.8285
0.0127,-0.018066,0.005371,1.160889,1.95343,-5.322815,65.805206,2.3273883897909395,1.220573831404823,0.09300767933862661,1.1919259367892663,-3.1741105668290412,172.70043226993317,2.439,1.121,2.8399
0.0115,0.041748,0.013428,1.359131,-1.708679,-12.433411,64.279327,2.322953615481898,1.2210848814079387,0.09325616617833263,1.1288379621617977,-3.3292543479961085,173.43724862870226,2.433,1.123,2.8577
0.0123,0.012451,0.11084,1.267578,2.319641,-1.813293,66.476593,2.317419034390719,1.2222115201612795,0.09326930909962365,1.1676827777299597,-3.3480274669230217,174.25282707731358,2.429,1.124,2.869
0.012,-0.033447,0.049561,1.800537,3.84552,14.02533,64.706573,2.313139840999762,1.2222591280111383,0.09337516472430872,1.1800379339893536,-3.1546790497808175,175.02603779616496,2.425,1.125,2.8819
0.0126,-0.024902,-0.047119,1.477295,2.991028,10.607361,68.979034,2.309504150775713,1.221663116033944,0.09364730186565438,1.13598480854156,-3.0031495307297313,175.8911334389603,2.42,1.126,2.8998
0.011,0.213135,-0.007568,1.142822,3.387756,-2.454163,68.551788,2.3044994228249642,1.2232437222207921,0.09424986622753118,1.1204648715363896,-3.1611365982321757,176.66706470355624,2.417,1.127,2.9111
0.0118,0.137207,-0.068115,1.171875,6.073303,-5.078674,71.847687,2.299802297002747,1.2236496599173985,0.09490024491616016,1.0921951145547761,-3.3026451229152447,177.5271943387534,2.41,1.128,2.9321
0.0121,0.117188,-0.05835,1.511963,3.72345,2.398132,71.29837,2.2951349831711907,1.2237743250192643,0.0954196733002804,1.0491658616782087,-3.322774237748829,178.39838664400705,2.406,1.129,2.9467
0.0122,0.067627,0.046387,1.336426,1.312561,-2.148987,74.258575,2.2899601998881356,1.224301669606648,0.09566223716788957,1.031108229806165,-3.3767383354949296,179.30620574521416,2.403,1.13,2.9613
0.0124,0.062744,0.028076,1.12793,2.228088,3.31366,76.486359,2.2848560069039427,1.2247351780440339,0.09594902935821825,1.0148580557969922,-3.3695645307837716,-179.74104362804675,2.397,1.131,2.9839
0.0114,-0.158447,-0.000488,1.485352,5.951233,6.823181,85.855255,2.28149673365053,1.2232253065492888,0.09594532172608639,1.0164993489121648,-3.2033427786691067,-178.77600351142445,2.393,1.131,2.9985
0.0123,0.070312,0.016113,1.206055,-0.06073,4.656433,83.230743,2.276090691696837,1.223408990188979,0.09628095832281656,0.9620824470667083,-3.1843491613964883,-177.74669525724318,2.386,1.132,3.0196
0.0118,0.194092,0.029053,1.293945,-0.335388,0.231384,81.674347,2.270147793064707,1.2244161673137255,0.09676418660522433,0.9151815310157639,-3.284195364662198,-176.7682053866792,2.382,1.133,3.0358
0.0124,0.008545,-0.015869,1.284912,0.94635,2.703308,87.228546,2.2653273840494697,1.2236927255514798,0.09706841699612634,0.84907962116086,-3.247987412216682,-175.68649960205073,2.378,1.133,3.0503
0.0113,0.031982,-0.043701,1.113037,2.746887,0.841736,84.054718,2.2609696699323734,1.2229072127824236,0.09747431128678134,0.7905253712822471,-3.2514949293674276,-174.73298625957003,2.371,1.134,3.073
0.012,0.010986,0.014648,1.178955,4.150696,-2.087952,84.329376,2.2560538884995833,1.2222787998285884,0.09769618405846905,0.7868735040247201,-3.2730863763437403,-173.72261335505956,2.367,1.134,3.0908
0.0122,-0.087891,-0.063721,1.33374,5.401917,3.801941,80.270538,2.252287569901555,1.2203399434962936,0.09794136946761767,0.7542080632673047,-3.1668779940618172,-172.74886010277848,2.363,1.134,3.1021
0.014,0.070312,0.129639,1.364258,1.587219,1.330017,78.317413,2.245489060446728,1.2205538240577243,0.09804456429493516,0.783912185627175,-3.1753493739564655,-171.65225901266848,2.357,1.134,3.1183
0.01,0.085693,0.115479,1.195068,0.122375,-3.003479,78.775177,2.240259947225312,1.2211159633312123,0.09809068333729415,0.8102862956298923,-3.244369921131319,-170.86343374219294,2.353,1.134,3.1297
0.0121,0.032471,0.15332,1.312012,2.655334,-2.637268,78.805695,2.2345475973185485,1.221217260260758,0.09802317686810685,0.8716994429404741,-3.281177110982783,-169.91586773316448,2.347,1.134,-3.1373
0.4831,0.009277,0.092773,1.167725,2.868958,2.703308,79.416046,2.0457020146504474,1.1883204003811187,0.10864790863706228,1.2691648549209933,-2.248489237302451,-132.88655735113724,2.343,1.134,-3.1276
0.002,-0.017822,0.071777,1.441162,2.136536,2.489685,76.85257,2.0449028427442024,1.1876799685277337,0.10850864067944342,1.6266310360876914,-1.9188652241353155,-132.757359585895,2.338,1.134,-3.1179
0.0005,0.019775,0.071045,1.307373,2.441711,3.466248,70.352325,2.044165538569841,1.1879125810842956,0.10841979765835912,1.9420884436645018,-1.9205867269657757,-132.7322532638261,2.333,1.134,-3.1033
0.0004,0.050781,0.055908,1.435303,2.71637,4.534363,69.070587,2.0436261881221265,1.1881828542429977,0.10841669309592647,2.066330639841661,-2.073354345851852,-132.70163474903285,2.329,1.134,-3.0904
0.0004,-0.00708,0.013916,1.232178,4.272766,-6.787659,68.917999,2.043908461968783,1.1876971589738496,0.10842033559624847,1.9740172379770449,-1.9209651827678522,-132.67840083680048,2.323,1.134,-3.071
0.0004,-0.037354,-0.029541,1.184082,2.807922,-3.400208,70.413361,2.044776083720406,1.1867297797687864,0.1084629254480466,1.66345490245605,-1.6311747424104108,-132.654889886345,2.318,1.133,-3.0596
0.0003,-0.009521,0.056152,1.489258,3.509827,4.900574,69.650421,2.0445631037624312,1.1866750404125448,0.10841214334576554,1.77223376251936,-1.519206213787513,-132.63913468269578,2.314,1.133,-3.0467
0.0005,0.029297,0.094482,1.405029,1.526184,2.123474,70.993195,2.043830530409948,1.1870085059212017,0.10835129388448421,2.026941867810035,-1.5775890292435744,-132.60318691851654,2.309,1.132,-3.0289
0.0003,-0.037109,0.068848,1.300293,1.922913,5.57196,70.352325,2.043609541597872,1.1868800283454313,0.1082713437776335,2.1747951157929077,-1.3788360673609104,-132.59386580647876,2.305,1.132,-3.0175
0.0005,0.044189,0.064453,1.305664,3.418274,0.322937,71.908722,2.0430709250896335,1.1871492424235597,0.10826781024995348,2.2869638175707925,-1.506107216869863,-132.54992859524046,2.299,1.131,-2.9981
0.0032,-0.009277,0.005615,1.124268,4.333801,-3.613831,70.871124,2.0425616715866997,1.1859119499798456,0.10831453008338846,2.1954936621766725,-1.455838367412536,-132.3278494139369,2.295,1.13,-2.9851
0.0007,0.049805,0.020508,1.429443,2.319641,-2.179504,69.803009,2.042393983969613,1.1857759675946333,0.10836110996719928,2.143991521067097,-1.5668763902345528,-132.27228914597106,2.291,1.13,-2.9738
0.0004,0.040527,0.001221,1.3479,0.763245,-2.087952,68.826447,2.0424401938449304,1.1856119513389622,0.10841315596656798,2.0443471862680926,-1.6481228576012776,-132.23903020230202,2.285,1.129,-2.9544
0.0017,0.012207,0.014893,1.459473,0.915833,-0.745178,68.887482,2.0421285484281015,1.1850083998287275,0.10844533906399043,1.9878606569762725,-1.6386663269659616,-132.1217287690504,2.281,1.128,-2.943
0.0012,0.008301,0.109375,1.121826,4.638977,3.527283,66.446075,2.041227015857706,1.1850568358441114,0.10837650805573434,2.257916436376893,-1.630488029470879,-132.0467246563554,2.281,1.128,-2.943
0.0125,-0.007568,-0.046631,1.359131,2.929993,2.42865,68.673859,2.0374477690087662,1.179697470214243,0.1086064718168474,2.05724022838557,-1.5765717449814551,-131.18760945167193,2.163,1.078,-2.5415
0.0116,-0.035156,0.020264,1.277588,3.631897,4.351257,70.932159,2.034919094881163,1.1763902733842186,0.10867724988967577,2.047919809530258,-1.4334313055263528,-130.36901768365027,2.16,1.076,-2.5189
0.0125,-0.143311,0.019531,1.393555,1.922913,-0.256897,75.326691,2.0326965757716247,1.1728674199974347,0.10861800627923443,2.0148735015060164,-1.1170601161019535,-129.44486757898648,2.155,1.073,-2.4978
0.0122,0.149902,0.148193,1.224121,3.692932,-6.39093,70.718536,2.028145791369715,1.169724782953086,0.10883106923100733,2.3299741795205984,-1.5747147632967369,-128.55925418544172,2.152,1.07,-2.493
0.0112,0.290283,0.240967,1.415771,-1.159363,4.32074,61.929474,2.023257158093251,1.1676465680057493,0.10919242798192838,2.6900786080119192,-2.090255200953114,-127.82778232411516,2.149,1.068,-2.48
0.0125,-0.0271,0.081299,1.462158,-2.532654,-2.576233,68.3992,2.020749254085443,1.164056330512064,0.10924714661442506,2.691542355083143,-2.0550139598653776,-126.99171172431285,2.145,1.064,-2.4606
0.0116,-0.084229,0.068115,1.296387,-1.006775,0.353455,71.206818,2.0185702775115404,1.1600274203133156,0.10920326355117926,2.7043677279368494,-1.866332743242228,-126.19628901516478,2.142,1.062,-2.4509
0.0124,-0.066895,0.028564,1.023682,1.373596,2.947449,59.33548,2.0160406429592617,1.155312543033503,0.10919629775683948,2.686168051092593,-1.6637507958889899,-125.4844754771583,2.137,1.058,-2.4347
0.012,0.057129,-0.03125,1.453369,-1.18988,-0.897766,63.028107,2.0139273089857768,1.1516956688475342,0.10943111642568745,2.5114730292814773,-1.7774080440826379,-124.71893327004096,2.134,1.055,-2.425
0.0136,0.005615,0.016846,1.078125,6.805725,-9.106995,52.591095,2.0109849984773156,1.1470681765995696,0.10959537365687476,2.5435546363400583,-1.9149491597999573,-124.01054637201285,2.131,1.053,-2.4169
0.0121,0.275146,0.129639,1.341797,1.892395,4.259705,55.520782,2.0070684017146307,1.1447717459323403,0.11017411219679232,2.693979007240268,-2.330570132793192,-123.2955484250149,2.127,1.049,-2.4071
0.0103,-0.137207,-0.081787,1.544922,2.868958,-1.630188,52.896271,2.0063757864923146,1.1403526407954214,0.11010204573021375,2.5011309779563966,-2.1159553714953296,-122.76498761796977,2.125,1.047,-2.4007
0.0122,0.044189,0.22583,1.275879,3.784485,3.374695,45.694122,2.0025510839349443,1.1369152556008428,0.1102064397993471,2.8485778872149043,-2.136301871157875,-122.21922455421372,2.12,1.043,-2.3845
0.0113,0.001709,0.106934,1.32251,3.204651,-1.294495,43.313751,1.9998233835197265,1.1331388935142608,0.11028855455793798,2.965567626790372,-2.1369667436700057,-121.74209469721501,2.117,1.04,-2.378
0.0124,0.075439,0.152832,1.11377,2.441711,-2.332092,37.973175,1.995901472919328,1.129707117432036,0.1105476245501823,3.1894348523327185,-2.296554203127706,-121.26912047881757,2.114,1.037,-2.3715
0.0119,0.059814,0.140137,1.43335,-0.1828,-2.301575,38.339386,1.9926468132239814,1.1259566814969062,0.11075992663324635,3.2882226522124247,-2.389801458174944,-120.81664379287022,2.11,1.033,-2.3602
0.012,-0.030762,0.007568,1.090576,2.777405,-3.766418,36.935577,1.9908892002271446,1.121121244068116,0.11083598980111825,3.2343630612236565,-2.362519707882347,-120.38985204253653,2.107,1.03,-2.3553
0.0123,0.050781,0.146484,1.301514,1.678772,3.5578,37.637482,1.9874732830164439,1.1172326923453597,0.11104850664262426,3.3771908571618376,-2.380073950654489,-119.92838026785067,2.102,1.025,-2.344
0.0114,0.02417,-0.043213,1.330078,2.71637,2.855896,38.675079,1.9859650518793706,1.1128022088519451,0.1112914199128321,3.2441409817935445,-2.369191466091055,-119.47521469033141,2.1,1.022,-2.3375
0.0122,0.013916,-0.021729,1.340088,2.350159,6.701111,37.393341,1.984199111848819,1.1082303951496777,0.1115044270689523,3.145712191921375,-2.295248867943336,-119.00950418064342,2.097,1.02,-2.3311
0.0122,-0.024902,-0.029053,1.42749,3.96759,2.703308,37.942657,1.9826341827382512,1.1034505497333542,0.1116158352493873,3.063462100516899,-2.2174027740489803,-118.5482153836941,2.093,1.015,-2.3213
0.012,0.006348,-0.059326,1.126953,4.486389,1.604675,40.292511,1.9812542396765205,1.0987248538339034,0.11183687736935466,2.933764991710689,-2.2046974406113056,-118.05611759639332,2.09,1.012,-2.3116
0.0125,0.026367,0.019775,1.292236,4.486389,-3.033997,43.100128,1.978987987043472,1.0940177817278025,0.11205983200658617,2.9305125961395837,-2.2723848929695625,-117.5169441993578,2.087,1.009,-2.3003
0.0112,-0.088379,-0.024658,1.330566,1.739807,-3.796936,47.982941,1.977747128880929,1.089268306701629,0.1119726368056835,2.8328065002522593,-2.1903407764982115,-116.99219283386418,2.083,1.004,-2.2792
0.0119,-0.026123,-0.04541,1.385986,1.70929,1.238464,50.149689,1.9762984118512894,1.084487626129376,0.11207649285459868,2.713740702179841,-2.1402914313369736,-116.39665238382047,2.08,1.001,-2.2695
0.0121,-0.075928,0.045898,1.328125,0.793762,1.818298,53.567657,1.9743375755545551,1.0799409822532908,0.11197711179953604,2.7013107225603314,-2.0218293095305935,-115.75656216673742,2.076,0.996,-2.2485
0.0126,-0.083252,-0.016846,1.283936,1.983948,3.740906,57.32132,1.9726092670711906,1.0747562202701098,0.11190337407845534,2.6243839862540463,-1.8754700760486296,-115.04207640741036,2.074,0.993,-2.2372
0.0121,0.052979,0.097656,1.280029,0.549622,-1.996399,60.495148,1.9699749731722556,1.070327454651627,0.11213294517706929,2.678552247675782,-1.975768453708836,-114.30714907472168,2.071,0.989,-2.2226
0.0113,0.013916,-0.14624,1.266602,0.427551,0.597595,62.173615,1.9694669126756883,1.065423259673202,0.11241183581688596,2.4248824675361096,-1.9963655140715135,-113.60894511280665,2.068,0.985,-2.208
0.0121,0.015137,0.002197,1.395752,2.472229,-3.24762,65.13382,1.9677121769783468,1.0607195527808835,0.11258770885195346,2.3826659711236946,-2.0587431075753555,-112.82369668580954,2.065,0.982,-2.1967
0.0133,0.033203,-0.148193,1.238037,2.899475,1.818298,65.744171,1.9668048360079797,1.0550205189279336,0.112976569494155,2.1622877981160937,-2.0890212212007166,-111.95222826643807,2.062,0.977,-2.1772
0.0112,0.005127,0.056152,1.497314,6.042786,0.994324,66.537628,1.965047163435144,1.0508911650188897,0.11306913242925383,2.218876046910415,-2.0827173031804476,-111.20567061415034,2.059,0.973,-2.1659
0.0116,-0.019531,-0.063232,1.06958,5.554504,-1.416565,72.397003,1.9640627255380776,1.0461041092800578,0.11320191896963341,2.1245601112367716,-2.082716569860168,-110.3675730415305,2.057,0.97,-2.153
0.0122,-0.00415,-0.071289,1.274414,6.378479,1.452087,73.312531,1.963029404932379,1.0411126497330818,0.11339315569128022,2.048976081184189,-2.0695938859477736,-109.47454270737637,2.054,0.965,-2.1368
0.0137,0.02417,-0.011475,1.406738,3.96759,-4.37677,78.439484,1.9614593129102305,1.0357526042060827,0.1136244057172867,2.015605577164841,-2.165839689795739,-108.4035695563992,2.052,0.962,-2.1222
0.0102,-0.038574,0.020508,1.290527,3.570862,-2.576233,79.660187,1.9602333303158432,1.0318205856198268,0.11359524392136938,2.009547191400808,-2.1508015117555166,-107.58614599118938,2.049,0.956,-2.1012
0.0123,0.071289,0.046631,1.321289,1.587219,-3.125549,83.749542,1.958600091140469,1.027059585545994,0.11391004837152857,2.00630855165444,-2.274380552333218,-106.56076669843978,2.047,0.953,-2.085
0.0122,0.000244,-0.030029,1.172607,2.411194,1.146912,85.79422,1.9576339089598394,1.0221566520756489,0.1140924161628967,1.925760754025148,-2.2717194073494547,-105.51406997160373,2.045,0.949,-2.072
0.0111,0.062012,0.041016,1.365967,5.73761,4.503845,82.498322,1.9564096008842349,1.0179792750893855,0.11435924303508228,1.9626216314928282,-2.287926838630749,-104.59941326556748,2.042,0.944,-2.0542
0.012,0.06958,0.074707,1.44458,3.509827,3.954529,78.256378,1.954978276159114,1.0135405829616577,0.1146200173849208,2.0054335601511384,-2.3096871097764216,-103.66045578357141,2.04,0.941,-2.0412
0.0125,0.033447,0.037842,1.247559,1.83136,0.628113,75.021515,1.9537482561380795,1.0087753237470525,0.11483749213642717,1.9996788175879046,-2.3437583632559402,-102.72270725970073,2.037,0.935,-2.0234
0.0123,0.003906,0.090332,1.282715,2.441711,-2.393127,72.580109,1.9522529492086924,1.0041760134189488,0.11489857925955557,2.054896102704753,-2.379668018306902,-101.82724840807636,2.036,0.932,-2.0105
0.0119,0.048096,0.099121,1.336426,3.052063,-6.26886,69.131622,1.9507355966250213,0.9995407689054628,0.11508875607359131,2.1211626772084773,-2.500381918607838,-101.00612594370834,2.034,0.928,-2.0056
0.0114,0.303711,0.236816,1.35498,-0.640564,1.787781,63.913116,1.9482440273049448,0.9961123177960846,0.11584908604351662,2.2634225088469506,-2.748682125773365,-100.28287097860563,2.032,0.923,-1.9927
0.0122,-0.154541,0.086182,1.418945,1.83136,1.818298,65.438995,1.9476234338880887,0.9917810257248352,0.11544205063440692,2.28999821789415,-2.5850466287975706,-99.48512499333793,2.03,0.92,-1.9862
0.0117,0.135254,0.190674,1.344238,1.922913,8.562683,54.788361,1.9455878395945585,0.9879908055836252,0.11579108442886515,2.424474988790691,-2.6045136763809387,-98.83776839735822,2.028,0.914,-1.9765
0.0121,0.193115,0.251221,1.555664,-1.006775,5.999207,53.65921,1.9433690809764441,0.9843253372611677,0.1161984110666957,2.542247842919597,-2.676867876595239,-98.18258715833852,2.026,0.911,-1.9652
0.0125,-0.085938,0.039795,1.042725,4.577942,-9.778381,47.586212,1.9428598217277049,0.9779352220258852,0.11602129457544261,2.580789218549975,-2.693722239463769,-97.6055584319551,2.025,0.907,-1.9571
0.0123,0.272705,0.270508,1.223389,2.655334,7.921814,47.311554,1.939653568218402,0.9742946182460442,0.11677304320495259,2.8004288811771594,-2.84569285672806,-97.0028844276862,2.023,0.901,-1.9457
0.0114,-0.150391,-0.070068,1.391602,0.183411,-8.496643,43.222198,1.9408226048977446,0.968483024869019,0.11655359348673111,2.6764015999145614,-2.8023480431491237,-96.53029764624321,2.021,0.897,-1.9376
0.012,0.137451,0.17041,1.286133,-0.426941,2.001404,39.468536,1.9387817174372566,0.9641262460065022,0.11699132006956567,2.7647909969685958,-2.8925862620637983,-96.04926696449499,2.019,0.891,-1.9231
0.0124,-0.16748,-0.080811,1.562988,-1.037292,3.283142,47.61673,1.9398593471001584,0.958060069967079,0.11679499481767604,2.6214406449339474,-2.7201956031108723,-95.474170666446,2.017,0.887,-1.9166
0.0121,-0.145996,-0.0354,0.98291,3.082581,-0.562073,43.100128,1.9407683063055503,0.952091781243817,0.11640840912136739,2.5562516598369993,-2.5532221079587956,-94.9756253344863,2.016,0.883,-1.9117
0.0113,0.026123,0.147461,1.364502,0.274963,4.931091,44.83963,1.9394898182695668,0.9480593230668932,0.11646849236162891,2.6255096195841263,-2.513805062253905,-94.46418253382299,2.014,0.878,-1.8988
0.012,-0.10083,-0.074219,1.303711,-0.823669,-3.095032,48.440704,1.9404194850368428,0.9423183644011935,0.11638942615433928,2.488177477136625,-2.462255572086293,-93.90276853557434,2.013,0.874,-1.8891
0.0125,-0.056152,-0.017822,1.240234,0.244446,-3.217102,50.119171,1.940740758343572,0.9369234005913681,0.11638017637905176,2.413489982692044,-2.452302352475974,-93.28900040136733,2.011,0.868,-1.8745
0.0115,-0.016357,-0.024414,1.303223,-0.732117,1.757263,52.072296,1.9410725295301625,0.9320657581624315,0.11650091507919261,2.3253771386000572,-2.4183698262335143,-92.69732378523037,2.01,0.864,-1.8631
0.0125,-0.06958,-0.013916,1.158936,-0.426941,-1.569153,52.957306,1.9413989886450402,0.9269156775171096,0.11641692450245286,2.247779722505974,-2.373965975744784,-92.04687643896823,2.009,0.861,-1.8518
0.0121,-0.020996,0.055908,1.422607,0.274963,-0.104309,52.224884,1.9411432355773328,0.9223050371290098,0.11642749692958207,2.238515973328376,-2.3582475816258346,-91.41583419485713,2.007,0.856,-1.8308
0.0121,-0.052246,0.048828,1.353516,-1.525574,-2.637268,59.488068,1.941000707784026,0.91727597381408,0.11635269103954728,2.200868038512005,-2.3505428661422916,-90.70027856617907,2.006,0.852,-1.8178
0.0123,-0.062256,-0.108398,1.217773,-3.936462,0.231384,59.396515,1.9421597414240221,0.9111718912236513,0.11645944389511853,1.997407524589718,-2.29844563089294,-89.99388468920458,2.004,0.845,-1.7968
0.0114,0.011963,0.009033,1.313477,-3.051453,-1.263977,59.823761,1.9423126585062072,0.9064586440299129,0.11662315035149458,1.9176568641816987,-2.323931315250879,-89.3157088586528,2.004,0.841,-1.7838
0.0121,-0.106934,-0.007324,1.218994,-1.678162,-3.613831,67.880402,1.942739736728295,0.9012376895873191,0.11640346680871917,1.8338204433508516,-2.278027698798378,-88.50475810075687,2.003,0.837,-1.7725
0.0123,0.02832,-0.039307,1.225342,-2.410583,-1.508118,67.666779,1.9432934481136745,0.896236669167942,0.11670339241315547,1.7143173939714524,-2.3271210904372803,-87.68444749834909,2.002,0.832,-1.7579
0.0118,0.044678,0.006836,1.278809,-0.854187,-2.271057,73.983917,1.9435682297653385,0.8916146527146783,0.11697628736854415,1.6537322795143465,-2.3949187015454863,-86.81466596627662,2.001,0.828,-1.7433
0.0118,-0.060791,-0.076416,1.497314,2.228088,2.703308,74.19754,1.944436608046178,0.8864871399701436,0.11703528972833528,1.5688343073507376,-2.321832143754131,-85.95354516631323,2.0,0.822,-1.7239
0.0125,0.079834,0.005127,1.422363,3.631897,2.825378,75.540314,1.9448835822002635,0.8815897350438854,0.11741107707840263,1.560646772869271,-2.349520537902842,-85.0113944134574,1.999,0.818,-1.711
0.012,-0.002197,-0.144531,1.120605,7.263489,1.513123,82.376251,1.9465392707115816,0.8759459641496163,0.11781192370507482,1.4550073287244383,-2.338581417807092,-84.05250140547048,1.999,0.814,-1.6964
0.0113,0.09375,-0.07373,1.245117,11.474915,2.459167,83.108673,1.9476949332968019,0.8709380969062338,0.11838854853297505,1.467213608508748,-2.39349389998056,-83.131209184839,1.998,0.808,-1.6786
0.0122,0.086182,-0.032715,1.303467,7.690735,-3.430725,89.303741,1.948646630166621,0.8657563400292132,0.11887056161951767,1.4714283155275925,-2.509422643452118,-82.05334420509642,1.998,0.804,-1.6624
0.0123,-0.048584,-0.122314,1.281982,1.159973,0.963806,91.653595,1.9503789670162457,0.8601926031172701,0.1190711784935584,1.322338895184783,-2.4654546962344814,-80.93920762747209,1.997,0.799,-1.643
0.0121,0.062256,0.065674,1.550293,4.272766,2.520203,88.388214,1.9509203307082135,0.8554213533269943,0.11929406006247999,1.3558787680766033,-2.4759536336342403,-79.86490676278571,1.997,0.794,-1.6219
0.0118,0.02124,0.127197,1.300049,6.592102,4.503845,88.540802,1.9509740775256874,0.8512540248247158,0.11929266570783768,1.471955630637344,-2.441271834371857,-78.80253434266761,1.997,0.79,-1.6073
0.0115,0.006592,0.083496,1.237793,-0.213318,3.649353,93.72879,1.9513510748719751,0.8470980032671445,0.11930408363053151,1.4758644072327793,-2.41012847496112,-77.71243708881606,1.997,0.783,-1.5814
0.0123,-0.042236,0.025635,1.213623,-0.304871,-7.245422,94.766388,1.9523835924310047,0.8423825491232706,0.11925674732420723,1.4276525600568115,-2.4714874472424047,-76.54497470134189,1.997,0.78,-1.5669
0.0124,0.061768,0.169189,1.333984,5.646057,-2.972961,92.47757,1.9523528238366725,0.8383091251505402,0.11930590588605884,1.5564424858685508,-2.558208749825614,-75.37734384471803,1.997,0.775,-1.5507
0.0116,0.126465,0.13623,1.415527,1.861877,-1.660706,87.655792,1.95253338593799,0.8344351792836582,0.11958929046681877,1.6091769188024247,-2.666606587094755,-74.34546087389565,1.997,0.77,-1.5345
0.0122,-0.015381,-0.017822,1.468262,2.441711,7.525085,84.90921,1.954276305084457,0.829443444299186,0.11974505922462168,1.560927472772932,-2.5688509671146904,-73.31266016622435,1.997,0.766,-1.5248
0.0124,-0.027588,0.049316,1.428955,5.493469,3.527283,81.216583,1.9555339715302147,0.8248155078548058,0.1197453314102855,1.5999151596496533,-2.5096629604233636,-72.30232666027793,1.997,0.76,-1.5069
0.011,0.145264,0.193848,1.153564,6.805725,-2.210022,78.134308,1.954824257160106,0.8220460288057825,0.11997712973982966,1.7776350061565462,-2.6536570525928354,-71.41314776655214,1.998,0.756,-1.494
0.0125,0.036621,-0.028809,1.276123,4.120178,-1.660706,68.887482,1.9569166403726037,0.8172796066250884,0.12031813376483952,1.7469151399110778,-2.705376193855824,-70.55796578461835,1.998,0.752,-1.4859
0.0124,0.199951,0.195557,1.509277,2.71637,1.848816,62.906036,1.9568654677219228,0.813641549674315,0.12069852945729038,1.8460052221947771,-2.8032875548366203,-69.75480842993271,1.999,0.747,-1.4713
0.0119,-0.036865,0.020996,1.202637,4.700012,-3.919006,61.563263,1.9586997148676102,0.8091796824562785,0.12069646599001434,1.8618159295078116,-2.818580495667792,-69.02979080084063,1.999,0.743,-1.4632
0.0112,-0.009277,0.166992,1.265625,2.71637,0.628113,56.222687,1.9589141451966874,0.8054159310261835,0.12051618369326975,1.965140287445016,-2.7978633089149914,-68.3909769729651,2.0,0.736,-1.4454
0.0126,0.064697,0.106934,1.437256,-2.471619,1.360535,60.678253,1.9599693516462173,0.8011249735278266,0.12070144270204392,1.945603635511596,-2.8217067459613543,-67.61686586583622,2.0,0.732,-1.4357
0.0122,-0.093262,0.09375,1.114746,2.258606,0.261902,55.581818,1.9613415611511955,0.7964975035028101,0.12035261951194953,1.9977027284369433,-2.738126221580371,-66.94878187821956,2.001,0.728,-1.426
0.0116,0.067383,0.127441,1.30542,0.213928,-0.897766,51.889191,1.962020815698557,0.7927281564188912,0.12049508570111066,2.0406549339430233,-2.7915765055599504,-66.33222890969385,2.002,0.723,-1.413
0.0124,0.044678,-0.00415,1.207764,-0.396423,-3.064514,51.553497,1.9644456158974986,0.7878958429075619,0.12085586604575388,1.9791284106014897,-2.8623952542188498,-65.69519127518734,2.002,0.719,-1.4033
0.0113,0.05249,0.071289,1.257324,0.274963,3.222107,51.370392,1.9658037378832884,0.7839523014118052,0.12106150444384967,1.9847171869020521,-2.859036888832566,-65.10628240681574,2.003,0.712,-1.3871
0.0122,-0.206543,-0.138428,1.465332,1.06842,3.618835,55.154572,1.9710030938661827,0.7762545652816706,0.1210210805283871,1.8563402019975879,-2.6857190417706645,-64.47788745495606,2.004,0.709,-1.3758
0.0117,-0.053711,0.010254,1.364258,-0.121765,5.602478,59.823761,1.973291518762328,0.7718229527843127,0.12100932734537785,1.8093424159792013,-2.583118910561762,-63.788579193014016,2.005,0.705,-1.3596
0.0124,-0.255127,-0.085449,1.22168,0.915833,1.757263,72.94632,1.9766639841052924,0.7669041608246207,0.12051460861953428,1.6987050048935766,-2.3837565659017685,-62.93572474870179,2.006,0.7,-1.3353
0.0121,-0.17334,-0.159912,0.999512,0.671692,-7.703186,65.957794,1.9815697834145733,0.7606692122012912,0.12042525256280505,1.5144595643120136,-2.332357279622195,-62.207513757615935,2.007,0.696,-1.324
0.0116,0.097412,0.053223,1.543457,-0.610046,-3.003479,63.974152,1.9837497293633644,0.756258074153224,0.12075258271781575,1.4928233965135906,-2.4230292699432834,-61.45721212915515,2.009,0.69,-1.3062
0.0125,0.121582,-0.009521,1.193848,-0.976257,-6.085754,66.38504,1.9863427389732449,0.7517241409242144,0.12135131649081189,1.4234167762258203,-2.5929103032395457,-60.62752266226393,2.01,0.686,-1.2916
0.0115,0.079834,0.066162,1.27002,4.822083,-1.59967,64.553986,1.9878651277538615,0.7483794377933417,0.12160129847291563,1.4777994839373787,-2.664312663784304,-59.872823678660836,2.011,0.682,-1.2754
0.0121,0.040527,0.145996,1.706299,8.728333,1.787781,72.427521,1.9891512076744122,0.7450909739915084,0.12160864187351661,1.6033706480686623,-2.6612924242340044,-58.98072455345515,2.012,0.677,-1.256
0.0123,-0.233154,-0.551514,1.440674,3.174133,9.47821,67.697296,1.9970963990783237,0.7378490977575248,0.12214111021915344,1.2813026902241278,-2.4246940257375424,-58.24463132235183,2.014,0.673,-1.2447
0.0125,0.023438,-0.005127,1.17749,-1.250916,0.231384,68.490753,1.9998318389228018,0.7336392828031073,0.12238862244846922,1.2138171132494155,-2.4401555205617087,-57.39250414752864,2.016,0.668,-1.2268
0.0113,0.041992,0.073486,1.265381,5.462952,-2.60675,70.504913,2.001548663947003,0.7303988000807824,0.12248963454643383,1.2815931740612778,-2.4959258032424323,-56.58384077249559,2.017,0.664,-1.2123
0.012,0.068359,0.05542,1.290039,3.84552,2.245544,76.150665,2.003532665284056,0.7270067159331207,0.1227177457695107,1.3139336713024683,-2.516270274415175,-55.66011112887454,2.018,0.661,-1.1961
0.0118,-0.070801,-0.077637,1.255371,-1.464539,-2.637268,80.545197,2.0073905622499923,0.7223520406097484,0.12283401508905295,1.1873887909527339,-2.499285376349066,-54.73215935292893,2.02,0.656,-1.1783
0.0121,0.150391,0.122314,1.392334,4.059143,1.879333,75.540314,2.009129871163313,0.7190205216885704,0.12315770935722893,1.2623667552964497,-2.5683626216126667,-53.794674311849604,2.022,0.651,-1.1621
0.0125,0.112061,0.033691,1.388428,1.892395,7.250427,81.186066,2.0118314613088075,0.7151979322048062,0.12356567384768663,1.2505620089199079,-2.5502221606059097,-52.7709104464944,2.024,0.648,-1.1459
0.0119,-0.054443,-0.089844,1.323486,-1.311951,-1.569153,83.078156,2.015869832271555,0.7107609368716623,0.12376273982051876,1.1193131335266677,-2.5338442465051956,-51.80331816158152,2.026,0.642,-1.1281
0.0122,0.054932,0.076172,1.379395,2.0755,-1.233459,83.719025,2.018386268013983,0.7071519278304194,0.12391561152690139,1.1376416880761246,-2.581723102482898,-50.770942938458866,2.028,0.639,-1.1119
0.0113,0.011475,-0.034912,1.327148,2.991028,3.740906,85.092316,2.0218312878511893,0.7032850351841324,0.12418011508953819,1.0946124168307476,-2.545886984135257,-49.81699140522522,2.031,0.633,-1.0876
0.0123,0.094971,0.000244,1.26123,2.014465,-0.134827,85.79422,2.025105864411216,0.6994582318836016,0.12462752868859674,1.0629593223087097,-2.6129462558121235,-48.7599591229501,2.033,0.629,-1.0714
0.012,0.032471,-0.024658,1.182617,4.242249,0.689148,87.198029,2.0287796109430682,0.6955265634334351,0.12496396295868864,1.0384859373607112,-2.6283194451577057,-47.718305884273114,2.035,0.626,-1.0568
0.0124,0.029053,0.057861,1.313477,3.509827,1.848816,87.014923,2.031734232399304,0.6920112534195655,0.12508547488652444,1.0618341831807818,-2.622386991440552,-46.6318676206144,2.038,0.621,-1.0358
0.0127,-0.024902,-0.002197,1.5,-0.152283,-3.705383,89.242706,2.0356528218549386,0.6880090666202998,0.1252059913513385,0.9967851145621853,-2.6524948234117844,-45.50355191316867,2.04,0.617,-1.0196
0.0108,-0.030029,0.037354,1.187256,2.136536,-0.562073,90.921173,2.0386340195935158,0.6848840463979392,0.1251657899563582,0.9934274132632187,-2.6326829890393366,-44.52000003516106,2.043,0.612,-0.9953
0.0121,0.068359,0.125488,1.209717,2.83844,-2.087952,92.538605,2.0408665604731944,0.6820597765276755,0.12522211330723862,1.0568532317048498,-2.7033036973165814,-43.37860419440348,2.046,0.608,-0.9791
0.0121,-0.008301,0.030273,1.20166,3.448792,2.581238,90.646515,2.0443573366075305,0.6786804526288178,0.12529777208393797,1.059716120721937,-2.665184396630675,-42.28092705198477,2.048,0.605,-0.9629
0.0119,0.018311,0.0354,1.54248,4.8526,3.405212,87.014923,2.0478044230879475,0.6754740013417153,0.12543518367347609,1.0792933874443216,-2.631297159782911,-41.24337053360057,2.051,0.6,-0.9419
0.0123,-0.010742,0.00293,1.321777,1.983948,1.2995,86.770782,2.051766183020081,0.6720463857665965,0.12557587390645272,1.047137428457805,-2.607273128483388,-40.18059959422962,2.054,0.597,-0.9273
0.0122,0.068848,-0.008545,1.231934,1.037903,0.475525,87.075958,2.055659567050601,0.6688578725366507,0.12596455848131455,0.9968325852428472,-2.6482742289481322,-39.11641203933601,2.058,0.592,-0.9014
0.0121,-0.067383,0.004395,1.220947,5.218811,-7.947327,85.122833,2.059914948198261,0.6654739972861077,0.12593211807412388,1.0058251213045513,-2.6940796920178407,-38.09801992721783,2.06,0.589,-0.8884
0.0118,0.044434,0.044189,1.272705,2.83844,-1.172424,85.336456,2.0632888553764785,0.6627091987584579,0.12611097943909333,1.0130207455559237,-2.733082169449675,-37.084433771224035,2.063,0.586,-0.8787
0.0123,0.051758,0.039307,1.336182,1.06842,3.527283,83.566437,2.0668538442099424,0.6599293115625234,0.12632572805387637,0.9940930343686828,-2.7182125242241715,-36.049520230761075,2.066,0.581,-0.8658
0.0114,-0.000488,0.149414,1.380127,2.472229,6.121277,78.073273,2.069111488793511,0.6578631083266463,0.1261359023509088,1.0634977939566947,-2.640591757844529,-35.144017259363245,2.069,0.578,-0.8544
0.0121,0.059814,0.156738,1.428711,2.71637,5.053162,79.538116,2.0711880124332414,0.6560271185501153,0.12608024055203834,1.135398898630368,-2.609733070052862,-34.15952954903744,2.073,0.574,-0.835
0.0122,0.082764,0.096191,1.044678,1.587219,-3.766418,75.662384,2.073539565767476,0.6541999002235215,0.12621794328272007,1.1806123244486262,-2.7197902041718987,-33.21204067985283,2.075,0.571,-0.8237
0.0113,0.166016,0.112305,1.242432,3.448792,-1.965881,70.993195,2.075549980658859,0.6527577268162994,0.12653226926824077,1.2460755305199396,-2.8456769689706296,-32.37519221798411,2.078,0.568,-0.8107
0.0125,0.011719,0.039795,1.519531,0.915833,-0.897766,71.725616,2.0796989654562865,0.6500235047988286,0.1266686220597752,1.2234927880059676,-2.857744553568783,-31.48196022870107,2.082,0.564,-0.7945
0.0121,-0.066406,0.001221,1.374512,3.326721,-5.475403,69.589386,2.08464061890162,0.6469070188419102,0.12670094345778768,1.2105677096819734,-2.877453033179243,-30.66083896791666,2.085,0.561,-0.7816
0.0122,-0.002197,0.045166,1.246826,4.150696,2.092957,69.619904,2.088640274100463,0.6443832355218102,0.12677696564272406,1.2382112798481526,-2.845385534907074,-29.81433632690514,2.09,0.557,-0.7622
0.0122,0.025635,0.084717,1.376221,3.479309,2.947449,68.15506,2.092197843263227,0.6421475865664414,0.1268396274494372,1.2797859214475793,-2.818971167724677,-28.97774481487429,2.092,0.554,-0.7508
0.0113,0.101562,0.132812,1.313965,0.702209,0.628113,66.232452,2.0943211426504256,0.6408210573549261,0.12693710894191493,1.3234327786467914,-2.867782738687407,-28.205321625765308,2.095,0.551,-0.7379
0.0121,-0.036133,0.056152,1.372803,-0.152283,-0.195862,65.774689,2.0984662046064106,0.6383295431073789,0.12691569034704772,1.3039511199731717,-2.8423144321641756,-27.421797085384966,2.1,0.547,-0.7217
0.0121,0.067627,0.155029,1.240479,2.411194,-0.653625,63.760529,2.1007730121129815,0.6368942201630471,0.12689152983598348,1.3862108862457605,-2.8879938464236408,-26.63023205967555,2.103,0.545,-0.712
0.0123,0.021484,0.071533,1.240479,-1.83075,-0.440002,65.805206,2.1044207818058944,0.6348949778996741,0.1269618512736585,1.358856678498156,-2.903157226546412,-25.819501965364964,2.107,0.541,-0.6942
0.0112,-0.017578,0.07373,1.270752,-3.265076,-0.684143,62.47879,2.1080061617585155,0.6328684161280428,0.12691211838154534,1.323279783866687,-2.8916071231246465,-25.129140048070187,2.11,0.538,-0.6828
0.0125,-0.037598,0.036621,1.37085,-1.861267,-2.36261,61.593781,2.112683966241757,0.630393640917192,0.12693982158322964,1.271479238798134,-2.8916426251552374,-24.377192349024508,2.114,0.536,-0.6731
0.0116,0.079834,0.092773,1.291504,-0.396423,-0.34845,57.962189,2.115713869072895,0.6290804847227668,0.12708947364447176,1.281224209421667,-2.9368150514863802,-23.686613099325406,2.118,0.532,-0.6569
0.0122,0.103027,0.079834,1.22876,-1.495056,0.017761,59.57962,2.118916295395762,0.6278650839000393,0.12734404035558453,1.2684786952198221,-2.9968488257556167,-22.93463997344172,2.122,0.529,-0.6456
0.0123,-0.004883,0.005371,1.33374,0.183411,-0.745178,57.473907,2.123727766535003,0.6256705787446158,0.12751763255441936,1.225833546845861,-2.9939925417389617,-22.240162634649202,2.125,0.527,-0.6343
0.0122,0.030273,0.137939,1.202393,-0.121765,-3.583313,54.940948,2.1266815035285394,0.6242993892766713,0.12742906270702162,1.2726878222660218,-3.046821751642497,-21.56427039198891,2.129,0.524,-0.6213
0.0122,0.046875,0.027588,1.402344,-1.586609,-0.317932,54.269562,2.131134638750845,0.6225440483607497,0.12767697508997577,1.223309829396895,-3.066822906271558,-20.900187346148545,2.133,0.521,-0.6116
0.0113,-0.005615,0.031006,1.330811,1.434631,2.611755,54.696808,2.13544649958792,0.6206825132818212,0.12777441774785242,1.2149377785285682,-3.0220202628186943,-20.293503251953148,2.138,0.518,-0.5986
0.0124,0.001221,0.093506,1.452393,2.502747,5.632996,56.222687,2.139352324229108,0.6190095912759946,0.12777000002047417,1.2513062342847214,-2.9421945243405574,-19.60214659446904,2.141,0.516,-0.5889
0.0121,-0.039062,0.02124,1.307617,3.387756,1.482605,54.788361,2.144121641301549,0.6169292456388706,0.1278181410047253,1.260289124595875,-2.8910084164989085,-18.96131164516473,2.144,0.514,-0.5808
0.0121,0.006836,-0.016357,1.177734,6.408997,1.42157,54.788361,2.149156566712591,0.6150757895310167,0.12807857381774795,1.2815822805223143,-2.8721003995015293,-18.307703996380145,2.149,0.511,-0.5679
0.0112,0.061768,0.022705,1.31665,7.568665,-0.653625,54.025421,2.1533021624915776,0.6138247682579429,0.12835666103355406,1.3380870872450321,-2.9084035227587486,-17.69475173853068,2.152,0.508,-0.5582
0.0124,-0.013184,-0.102051,1.343994,4.059143,-1.386047,57.779083,2.159895615867577,0.6115140140861203,0.12877721006868414,1.2776072896429325,-2.912771280217731,-16.998256049841405,2.158,0.505,-0.5436
0.0124,-0.05249,-0.060547,1.385986,2.533264,4.56488,55.703888,2.1661320779480433,0.6092071469368533,0.1290122118151933,1.2267585733335906,-2.8189963810246397,-16.332994584267208,2.161,0.503,-0.5339
0.0123,0.035156,0.054932,1.540283,2.71637,5.785583,56.802521,2.170516607222547,0.6078984776406964,0.12916884401825834,1.2440093108895283,-2.7582250589854698,-15.632155676599284,2.165,0.501,-0.5225
0.0118,-0.036865,0.027344,1.262939,2.746887,1.330017,60.861359,2.175064927601112,0.6062885119184,0.12919293825043218,1.2485778060418586,-2.7134564588831314,-14.931312757771485,2.169,0.498,-0.508
0.0115,-0.026855,0.037598,1.122559,2.289124,-3.522278,60.983429,2.179469215334942,0.6048288031884984,0.12919843080132148,1.2581582140342285,-2.7297632690193865,-14.245159149724797,2.173,0.496,-0.4982
0.0124,0.072266,0.09668,1.255371,2.136536,-0.745178,62.143097,2.1830383469578303,0.6041996499329136,0.1293325132445143,1.2993190476732435,-2.780206772303216,-13.45749943864278,2.179,0.493,-0.4804
0.0121,0.02124,-0.02417,1.480469,2.258606,-4.926086,61.593781,2.1884428368012996,0.602774303839742,0.12962331702872665,1.264989900110794,-2.845506124536166,-12.720325054838288,2.182,0.491,-0.4707
0.0114,0.0354,0.037354,1.230469,3.631897,0.750183,58.145294,2.1926457090283082,0.6018607471069017,0.1298061493699464,1.2870609090114522,-2.8529304795558,-12.054752876576854,2.186,0.49,-0.461
0.0126,-0.092773,0.013672,1.343506,2.899475,5.022644,58.999786,2.1982680082962625,0.5999998056413474,0.1297784243212543,1.2833919288386033,-2.7292493748304896,-11.343386389946657,2.191,0.487,-0.4448
0.0118,-0.042236,0.040039,1.252686,2.411194,2.398132,58.45047,2.2027624876935263,0.5987302246922381,0.12976100166021295,1.2936756524908932,-2.6688012560837326,-10.67151232036292,2.195,0.486,-0.4351
0.0121,0.042236,0.090332,1.297852,1.770325,0.231384,57.840118,2.2064069876205123,0.5982285296259667,0.12983047976385723,1.3273428695451062,-2.686694589084861,-9.963139354351192,2.2,0.483,-0.4189
0.0115,0.076904,0.100098,1.266357,2.289124,1.024841,58.023224,2.2096056395119654,0.5980862293599573,0.12995288352956397,1.3742749351716046,-2.7176032699919883,-9.276543641542581,2.204,0.481,-0.4092
0.0123,0.045166,0.098633,1.241943,-0.579529,1.879333,58.45047,2.21326339927089,0.5977299130329997,0.13001895638031166,1.3852410073405999,-2.7193469560196863,-8.54762989298014,2.208,0.48,-0.3979
0.0116,-0.060303,0.033447,1.267334,-1.403503,-0.317932,58.389435,2.2182486851673473,0.5964125304990219,0.12999081770849447,1.3460587509944504,-2.6804317740784698,-7.898057625011339,2.213,0.478,-0.3833
0.0121,0.078613,0.072266,1.287354,0.82428,1.391052,58.633575,2.2223095429975954,0.5962653493425027,0.13020423286488464,1.3563246661535235,-2.708062551672676,-7.170290198357582,2.217,0.476,-0.3736
0.0121,-0.005371,-0.018066,1.410645,0.793762,-0.317932,63.882599,2.227562549681934,0.5952673077979291,0.13041809848500835,1.3069378176500124,-2.7061829669574093,-6.410684758051125,2.223,0.474,-0.3558
0.0122,-0.069336,-0.057373,1.266113,3.082581,-4.742981,62.021027,2.235038632876426,0.5935634521486683,0.13064120113197256,1.2603985853540332,-2.7180124198171085,-5.689863888940144,2.226,0.472,-0.3461
0.0114,0.129883,0.035645,1.363525,4.455872,0.078796,61.22757,2.238842163575516,0.5937851112287633,0.13101998230511605,1.2878533429999335,-2.7867069963634203,-4.9647980041925015,2.23,0.471,-0.3347
0.0121,0.049316,0.017578,1.38916,4.059143,0.933289,61.197052,2.243424298988748,0.5934492196623419,0.1312746240157097,1.299560254469205,-2.798654046433852,-4.220404559043531,2.235,0.469,-0.3169
0.0122,-0.012695,0.052246,1.315918,3.357239,-1.59967,60.067902,2.2481038534268034,0.5928804899815779,0.13132399357143346,1.3248372114046534,-2.805008925947027,-3.5000571413917703,2.239,0.468,-0.304
0.0118,-0.035156,0.073242,1.359131,3.692932,-3.430725,60.403595,2.2526724059690184,0.5922829769752329,0.13128122121978844,1.3643673638182694,-2.8186230064610007,-2.8060627156228417,2.245,0.466,-0.2878
0.0125,0.011719,0.033936,1.306641,3.052063,-0.684143,60.128937,2.257699995867093,0.5919182891637726,0.13144332476917833,1.3740949559272542,-2.830272070919668,-2.0604470575823233,2.249,0.465,-0.2764
0.0122,0.025635,0.088135,1.297119,1.190491,-0.745178,58.389435,2.2617050127530383,0.5919341793171724,0.13150010266407175,1.3956086081363335,-2.849238442533908,-1.348100772077507,2.253,0.464,-0.2635
0.0113,-0.039307,0.07251,1.317627,1.465149,0.445007,58.816681,2.265822492506866,0.5914773562494745,0.1314260884905143,1.4105939501192062,-2.814168469054733,-0.7035044499609999,2.258,0.463,-0.2457
0.0126,-0.047363,0.015869,1.304199,1.129456,1.085876,61.929474,2.271279469683999,0.5907853933732894,0.1314898331156002,1.3837396481877848,-2.769478343855368,0.05236404696049408,2.262,0.462,-0.2376
0.0115,0.001709,0.045166,1.27832,2.563782,-3.308655,60.983429,2.275502461862765,0.5906499762450138,0.13156490354735634,1.3950671327872406,-2.803913008581544,0.7445523796968839,2.268,0.46,-0.2198
0.0122,0.073975,0.018066,1.176514,4.211731,-4.987122,62.082062,2.2800445666510987,0.5910697095394256,0.13190891061974236,1.4091547768417756,-2.9117168466114696,1.5154541333921783,2.272,0.459,-0.2084
0.012,0.069092,0.015625,1.455322,3.631897,0.53656,62.600861,2.2846586512791096,0.5913422861557293,0.13221536533559736,1.4102908763991093,-2.93792029004456,2.2743348013173343,2.276,0.459,-0.1971
0.0124,0.031982,-0.015381,1.44043,1.983948,2.459167,60.312042,2.290046761080234,0.5913350943126696,0.13252271062870857,1.375462612112639,-2.9204887087244993,3.0200306193767363,2.282,0.458,-0.1744
0.0113,0.039551,0.04834,1.387451,3.876038,8.165955,60.006866,2.294133291070235,0.5916657538655552,0.13269245632930488,1.4004013087972607,-2.8445578004641696,3.7016958500810775,2.286,0.457,-0.1647
0.0123,0.056641,0.033447,1.276855,5.707092,4.686951,61.837921,2.2985952746166185,0.5921921394525567,0.13295103542237532,1.4412712074253222,-2.81947819381364,4.4714237139467015,2.291,0.456,-0.1501
0.0121,0.039551,0.039307,1.195068,0.976868,-4.224182,60.34256,2.3028161034308616,0.592688773257106,0.13314317264266784,1.430690312220208,-2.8932716208683873,5.203463627985571,2.295,0.455,-0.1388
0.0122,0.043701,0.05957,1.276367,0.732727,-2.087952,62.936554,2.307754799451587,0.5933856862853361,0.13334829818709273,1.4253716814068136,-2.94165737622644,5.973648157347317,2.299,0.455,-0.1259
0.0124,0.106445,0.095459,1.377197,2.167053,0.200867,63.180695,2.3110487524681496,0.594562700375951,0.13356808059409087,1.4540988757102513,-2.994600641056521,6.7757875108262065,2.305,0.454,-0.108
0.0113,-0.047852,0.073486,1.297852,3.082581,3.222107,65.896759,2.3151634708794866,0.5945577219305447,0.13348182324524038,1.4819159741090626,-2.924645691662485,7.49486724761066,2.309,0.454,-0.0935
0.012,0.019043,0.03833,1.326904,2.228088,5.602478,66.476593,2.3197172114472417,0.5950843416071588,0.13364634889146412,1.4779649141570967,-2.8670061463163474,8.289333056004377,2.313,0.453,-0.0821
0.0122,0.008545,0.041016,1.293213,2.83844,-1.447083,64.920197,2.324435733826794,0.5956289212952478,0.13378321550673797,1.4847601747881545,-2.8878990002238685,9.072655903755935,2.319,0.453,-0.0676
0.0123,0.050781,0.051758,1.305664,0.915833,-1.172424,62.722931,2.328899278671818,0.5966266562421189,0.1339979039409809,1.4754212902338755,-2.929802965512548,9.848267476091356,2.323,0.453,-0.0546
0.0116,0.043213,0.01001,1.288574,2.289124,1.970886,62.47879,2.3337003458559926,0.5974614198832043,0.1342817477374268,1.4581528247966034,-2.929795407246989,10.57666917771117,2.329,0.453,-0.0352
0.0121,-0.052979,0.059326,1.337646,5.768127,3.252625,64.157257,2.3384934164376667,0.5977525958537449,0.13425297264525005,1.5099329324829531,-2.8566017715586693,11.326420421642208,2.333,0.452,-0.0239
0.0121,0.001465,0.077881,1.267822,4.364319,0.170349,64.218292,2.3427696586325486,0.5986456770778918,0.13429692020810885,1.5587864148597739,-2.853648316972666,12.092472749871037,2.337,0.452,-0.0141
0.0122,0.016846,0.018311,1.29248,3.174133,-1.294495,63.791046,2.347732314763326,0.5994963621146436,0.13450808251157556,1.5557557067701335,-2.8790664656330986,12.864942139558353,2.343,0.452,0.0021
0.0114,-0.002686,0.082275,1.383057,3.204651,-1.263977,64.920197,2.3516568975007957,0.6003630790274097,0.13452798236330327,1.5876430498991163,-2.8886033952927828,13.591604116147955,2.347,0.452,0.015
0.0121,-0.109131,-0.006592,1.342285,2.014465,-2.179504,64.981232,2.3579076062389737,0.6002452182567252,0.13453268180689898,1.5537877681545638,-2.851439688646758,14.333133953212565,2.354,0.452,0.0312
0.012,0.021973,0.09375,1.251953,0.976868,-0.256897,62.814484,2.3618632067044496,0.60168274458177,0.13459107799346604,1.5731852486222082,-2.8660344342653397,15.08338245819134,2.358,0.453,0.0344
0.0124,0.024658,0.088135,1.164795,3.84552,0.200867,52.072296,2.3656769819568564,0.6032158449018437,0.13466045201667973,1.6340008187275235,-2.87599711576915,15.727080202343382,2.362,0.453,0.0377
0.0123,0.064453,0.094238,1.439941,4.455872,-3.461243,56.527863,2.368714478993463,0.6047518657041207,0.13478274883592112,1.6898330697492334,-2.949148843468342,16.427439692959133,2.367,0.453,0.049
0.0113,-0.069336,-0.029297,1.130615,6.256409,0.109314,50.729523,2.3748019048819353,0.6048000228310191,0.1348929325618992,1.6950222566753441,-2.8972230871710223,16.96415002403504,2.371,0.453,0.0506
0.0121,0.231934,0.19873,1.4021,4.425354,5.663513,41.452179,2.3758836429188843,0.608234532309153,0.13517429245979798,1.8155027020456818,-2.9437263610764086,17.522486430599155,2.378,0.454,0.0571
0.0123,-0.034912,0.053955,1.353271,0.519104,2.062439,44.351349,2.3807703246971856,0.6091853632411558,0.1352219639179177,1.8085787160813662,-2.8924566620447916,18.044078840067648,2.382,0.454,0.0684
0.0121,-0.016113,0.073486,1.173828,-1.128845,0.872253,39.376984,2.3850945151923133,0.6104745057617739,0.13524218608468366,1.8040300400941747,-2.864341560370734,18.50182374660353,2.386,0.454,0.0749
0.0118,0.164062,0.262695,1.35083,0.885315,1.268982,33.822784,2.38539495412001,0.613770219792556,0.1352618312215481,1.924946342123543,-2.9277724499896176,18.937477750792922,2.392,0.455,0.0814
0.0121,0.098145,0.19043,1.188965,1.343079,-1.721741,30.557404,2.388535040185761,0.6172031083796129,0.1353884402816415,2.0274220571677883,-2.999167191341189,19.325273067428355,2.396,0.455,0.0862
0.0113,0.054443,0.198975,1.313965,-0.304871,0.078796,34.707794,2.390004650150225,0.6193017835860064,0.1353073101739266,2.1012097173211877,-3.017848232859984,19.71447257116445,2.402,0.456,0.0976
0.0122,-0.070801,0.05249,1.270752,-0.1828,-2.332092,27.932892,2.395192342223529,0.6198192162142143,0.13526922616782014,2.0938245877000865,-2.991771620475362,20.00655575532919,2.407,0.456,0.0992
0.0121,0.320068,0.311279,1.152344,1.221008,7.158875,20.242462,2.393278002668453,0.6255378295870994,0.13559085511342575,2.2665745179256898,-3.082859999428945,20.363556461167935,2.411,0.456,0.1057
0.0122,-0.08374,-0.067139,1.594727,1.343079,1.604675,21.463165,2.4001181178967004,0.6256897836903149,0.13578177902663596,2.2142427483120697,-3.009399486205395,20.584261339617104,2.416,0.457,0.1105
0.0124,0.055908,0.140137,1.049561,3.998108,4.107117,9.134064,2.4022926487967995,0.6281990670147621,0.13584449843272003,2.3399212259671462,-2.980790170063765,20.70419007632881,2.42,0.457,0.1122
0.0113,0.093506,0.043701,1.390381,0.183411,1.909851,12.674103,2.4061186190238506,0.630368802662859,0.13618456157787012,2.3368364732183498,-2.994083641420629,20.870225960563605,2.427,0.458,0.117
0.0124,-0.077637,-0.003174,1.182617,1.221008,-4.773499,1.565704,2.412467376314298,0.6306595143118692,0.13624004938711443,2.327167033464375,-2.9812307476963587,20.835360300901673,2.431,0.459,0.1186
0.012,0.05835,0.180664,1.503174,1.129456,-1.813293,1.260529,2.4151130715888725,0.6328674981120783,0.13629129826839964,2.4100992763786935,-3.0071058962293993,20.84552199250979,2.435,0.459,0.1186
0.0115,-0.059814,-0.023193,1.213623,-2.166443,-2.637268,2.572784,2.421248547660305,0.6331574999049637,0.13641008778339267,2.3466473805946544,-2.9789576550399848,20.83224608361819,2.442,0.46,0.117
0.0122,0.020508,0.155273,1.249512,-2.563171,3.344177,-1.27243,2.4239918857378693,0.6351091261531467,0.13638961559539142,2.3899370710312775,-2.9261220270768904,20.80489872367419,2.446,0.46,0.1186
0.0124,0.035645,0.035156,1.369385,-2.166443,2.42865,1.138458,2.4286097773314297,0.6367797540749436,0.13663682764380441,2.359902693973713,-2.8946694587952893,20.818947391365672,2.451,0.461,0.117
0.0122,-0.014648,0.044922,1.212891,-1.281433,0.048279,-4.812469,2.433161530168795,0.6379015467215223,0.13672649543549417,2.3541418827219465,-2.860896467980997,20.73679306804802,2.455,0.462,0.1186
0.0112,0.017334,0.03833,1.206787,-3.96698,0.41449,-4.842987,2.437476167348897,0.6393638201949499,0.13690626054503235,2.315611736397092,-2.844451390628709,20.67542811004082,2.459,0.462,0.1186
0.0123,0.005127,-0.043457,1.372803,-3.326111,2.153992,-7.162323,2.443398588448264,0.6405109220345435,0.13721658450423316,2.2331105470360377,-2.7972995308898434,20.57752253051443,2.466,0.463,0.1138
0.0124,-0.058105,-0.004883,1.281006,0.000305,-0.317932,-7.772675,2.449115161579709,0.6410887359570961,0.13729183925526642,2.2140777931086206,-2.742244842635912,20.44245000525477,2.469,0.463,0.1138
0.0121,-0.036133,-0.026611,1.393555,-3.631287,4.931091,-7.498016,2.454777333198896,0.64185226822923,0.13745760267201182,2.1391690341932788,-2.6397751721267526,20.326798212576737,2.473,0.464,0.1122
0.0114,0.035645,0.008301,1.2854,-0.487976,-2.911926,-11.251678,2.4592544668016636,0.6433432389221283,0.1377168511462345,2.1249021671671176,-2.670824952083599,20.198834706113914,2.479,0.464,0.1089
0.0121,-0.054199,0.050293,1.205078,-0.396423,0.261902,-8.688202,2.4637596289746346,0.6441153261239978,0.1376605011922462,2.1377979165019396,-2.6099746161081256,20.058561608153436,2.483,0.465,0.1073
0.0123,-0.063721,-0.061279,1.502441,-2.715759,-0.043274,-9.634247,2.4698650210847855,0.6445594543295741,0.137801539945716,2.058458458800956,-2.554563243358045,19.90421192911602,2.489,0.465,0.1041
0.0123,-0.00293,0.060791,1.245605,-1.83075,-3.522278,-8.505096,2.4739992876283,0.6459530987024679,0.13786391517413538,2.059800582256886,-2.573696767668843,19.786391270171205,2.493,0.466,0.1024
0.0112,-0.067139,-0.042725,1.239014,-0.030212,-3.217102,-7.83371,2.4796533348655165,0.6461611351060023,0.137925158630064,2.018076895164834,-2.5474327754747272,19.65711037299555,2.497,0.466,0.1024
0.0125,0.076416,-0.011963,1.375977,-3.356628,-1.691223,-8.810272,2.484563074387,0.6479981390865684,0.13832458402646475,1.956251247812599,-2.5895141188725805,19.558716203992045,2.502,0.467,0.0992
0.0124,-0.082275,-0.064209,1.255615,-2.319031,-4.804016,-8.352509,2.490733138012816,0.6481072800954805,0.13838137023615438,1.8754408115926484,-2.5774481046731914,19.40874873565297,2.506,0.467,0.0976
0.0113,0.018066,-0.004395,1.324463,1.373596,0.475525,-7.620087,2.495364628724935,0.6493155576142824,0.1386007945478093,1.8750629993883805,-2.561788529888921,19.31643323217095,2.512,0.468,0.096
0.0121,-0.028809,-0.018555,1.442383,1.159973,0.963806,-4.812469,2.5004282094326076,0.6501116045980385,0.1387194739541854,1.8643108762780942,-2.514408654654927,19.237256025238665,2.516,0.468,0.0943
0.0126,-0.02124,-0.04126,1.254395,-0.365906,-0.409485,-8.474579,2.5058993830927325,0.6509070726394945,0.13889969704267394,1.8222183503026537,-2.486429937141573,19.109422670855388,2.519,0.468,0.0927
0.0113,-0.011963,-0.037354,1.361572,-0.640564,-0.989319,-6.704559,2.5108499500181933,0.6516864211917768,0.13907366216546738,1.7806334130290098,-2.4712622868923977,19.01608620593769,2.525,0.469,0.0911
0.0125,0.030029,-0.016602,1.237305,3.601379,-2.850891,-7.589569,2.515854973928263,0.6530421451568912,0.13935993909593303,1.8031700986863708,-2.50605407300052,18.91709509849676,2.529,0.469,0.0895
0.0113,0.029541,0.016113,1.34082,1.495667,0.567078,-6.490936,2.5199644413071076,0.6543348353748021,0.139559469118686,1.8160886181530176,-2.4967619366638774,18.84260581313934,2.535,0.47,0.0895
0.0122,-0.021484,-0.050049,1.2854,1.556702,1.726746,-4.751434,2.5254851256753192,0.6551031912326737,0.13974173006845392,1.791056350242016,-2.4447528800256357,18.765482161819236,2.539,0.47,0.0879
0.0124,0.050781,0.013428,1.438965,3.72345,6.945251,-6.979218,2.5300409641121098,0.6566448472012957,0.1400168990034145,1.8311460697936988,-2.366542407168077,18.684646587087762,2.542,0.47,0.0846
0.0113,-0.085938,-0.032227,1.384277,3.235168,2.031921,-5.422821,2.535065814401868,0.6569998845660717,0.13996984563908565,1.8352257783947323,-2.27816307215231,18.592327345434516,2.548,0.471,0.0846
0.0122,0.0354,-0.037842,1.219727,2.380676,3.588318,-5.697479,2.5403599147932567,0.6582513056458801,0.140303204216855,1.8265180625482376,-2.2412287302089724,18.520688061774205,2.552,0.471,0.083
0.0125,0.037842,-0.05249,1.302246,4.181213,1.879333,-6.490936,2.5458218649699456,0.6594279606032141,0.14064880459618853,1.8339894457418136,-2.223956189525399,18.43549079186676,2.558,0.472,0.0814
0.0114,-0.013916,-0.010254,1.330322,2.197571,-0.073792,-8.108368,2.550655560851781,0.66045309880376,0.14076828926212168,1.8398457296195911,-2.1994304906235516,18.331364498891322,2.562,0.472,0.0814
0.0123,0.037598,-0.018311,1.354004,0.82428,0.322937,-6.521454,2.5558188095794425,0.6618171998263971,0.1410565240021842,1.825919099746453,-2.2002135837447296,18.249081412897695,2.566,0.472,0.0798
0.0123,0.018311,0.023926,1.280273,0.915833,0.65863,-5.666962,2.560493662289475,0.6632983984898397,0.14123352866627698,1.8377587802092585,-2.186906842326038,18.17830907450095,2.571,0.473,0.0765
0.0113,0.015625,0.078125,1.337402,-1.861267,-1.569153,-3.744354,2.5643141775363834,0.6649205828326413,0.14131225001923417,1.8468346095603974,-2.1972441173789816,18.138248825046436,2.575,0.473,0.0765
0.013,0.008789,0.043213,1.239502,-1.891785,-2.118469,-2.340546,2.5691929267674216,0.666588000812186,0.14144702955362842,1.834060841438354,-2.214979272266585,18.105828713393905,2.582,0.474,0.0749
0.0116,0.020752,0.015869,1.402344,-1.525574,2.489685,-2.676239,2.5737761374077746,0.6679407820171891,0.14162824049310502,1.8097565654338703,-2.181889391037002,18.073312543589992,2.586,0.474,0.0749
0.0122,-0.03125,-0.026611,1.531738,-1.678162,2.642273,-3.195038,2.579082632267361,0.6689565759669659,0.14172695418123535,1.7608958316906045,-2.118087565135618,18.02043920075053,2.59,0.474,0.0749
0.0113,0.069824,0.000244,1.275879,-1.647644,4.686951,-5.239716,2.5835772984361576,0.6704524669237286,0.1420794947161631,1.7291942404938199,-2.093001347351791,17.96919588336064,2.596,0.475,0.0733
0.0126,0.000244,-0.056152,1.241699,0.82428,-0.012756,-5.453339,2.589095101702201,0.6714441353456607,0.1423057670847866,1.6920156726194633,-2.0792951322655124,17.888500432067005,2.6,0.475,0.0717
0.0122,0.013428,-0.013184,1.26001,2.899475,-1.080872,-7.406464,2.594191593309401,0.6727296308094477,0.14251240606748494,1.7073768316566138,-2.085510054622747,17.79257352702082,2.606,0.475,0.0701
0.0115,0.062012,-0.022217,1.37793,1.526184,-1.050354,-5.239716,2.598904251828818,0.6740143492350417,0.14284685868808036,1.6993867772155211,-2.1171557411542934,17.73274311529114,2.61,0.476,0.0717
0.012,-0.034668,-0.067383,1.182373,1.922913,-0.409485,-4.690399,2.6044067637725514,0.6747289850071543,0.14296104143536087,1.6658692408961535,-2.0862576786219247,17.65867335974592,2.614,0.476,0.0701
0.0117,0.003174,0.009521,1.317627,1.221008,3.496765,-5.239716,2.6090636697863685,0.676018224038955,0.143095048839309,1.6730009323772626,-2.032828993538168,17.594607916335967,2.62,0.476,0.0684
0.0125,-0.009766,0.053223,1.298828,0.885315,0.109314,-4.1716,2.613522755334521,0.677552408193953,0.14313860447853996,1.7024874670007404,-2.0114407324602364,17.541508984226038,2.624,0.477,0.0668
0.0123,-0.006348,0.060059,1.233154,-0.335388,2.398132,-4.019012,2.617867477066817,0.6791472733659547,0.14318283523308706,1.7225426962114008,-1.964721844197091,17.49362661432089,2.628,0.477,0.0684
0.0111,-0.005859,0.062744,1.45166,1.648254,-1.782776,-4.720917,2.6218543330707367,0.6805516494699577,0.14321485306178727,1.7600395631318437,-1.9666721671679195,17.440222894263304,2.634,0.477,0.0668
0.0124,-0.023438,0.013916,1.347168,1.770325,-2.698303,-3.500214,2.626610905554053,0.68176726864273,0.14325662203676043,1.7754554681245456,-1.9730345294410168,17.388393207005645,2.638,0.478,0.0668
0.0123,0.010498,-0.049805,1.379395,1.282043,0.872253,-3.561249,2.6319952131374134,0.6827787310311789,0.14347596660816794,1.7489045950526285,-1.9552029377292732,17.334950696840842,2.644,0.478,0.0652
0.0114,-0.013672,-0.049316,1.281006,2.197571,-0.714661,-6.002655,2.6370261402965647,0.6835857097940559,0.1436083415173006,1.7310558674117695,-1.9421024800022273,17.253448796340038,2.648,0.478,0.0668
0.012,0.001221,-0.01123,1.218994,0.091858,1.238464,-6.796112,2.6418526980490262,0.6847170526212624,0.14375477296459285,1.712653736989633,-1.9150923171591137,17.166034149719593,2.652,0.478,0.0652
0.0136,0.011719,0.042969,1.265869,-0.243835,1.238464,-6.582489,2.646941733403637,0.6864300873598458,0.14389782773045787,1.7232969139285985,-1.8917233751584075,17.078643881900533,2.657,0.479,0.0652
0.0107,0.0354,0.0896,1.385498,-0.243835,0.53656,-6.338348,2.650533356853651,0.6880514365095468,0.1440216899625451,1.7569647439607385,-1.8916208421157532,17.0193590561219,2.661,0.479,0.0652
0.0124,-0.070801,0.048584,1.31958,-0.304871,-1.019836,-5.483856,2.655086119180741,0.6893719001521693,0.1438711793680257,1.7679761826796854,-1.8495397947443917,16.943887151013424,2.668,0.48,0.0652
0.012,-0.008057,0.000977,1.244873,-0.854187,-0.501038,-4.232635,2.6599026879493572,0.6905511562696199,0.14396811193119055,1.7444592771049503,-1.838951051493471,16.8867862894151,2.672,0.48,0.0636
0.0117,-0.016846,-0.04248,1.302002,-0.06073,-1.263977,-4.019012,2.6648942167718537,0.6913856656870029,0.14407197328412868,1.7047872751478772,-1.8322602700925352,16.82657008952489,2.676,0.48,0.0636
0.0122,0.013916,-0.035156,1.269287,-0.030212,-1.050354,-3.195038,2.6700304259811385,0.6924073922223023,0.14427911914317443,1.6694735771814224,-1.8425024325688382,16.77854377132257,2.681,0.48,0.0636
0.0116,0.003174,-0.075928,1.362793,-1.159363,2.611755,-4.110565,2.675117798283438,0.6931004375396952,0.14447367275014905,1.6002498343622371,-1.8027758784251278,16.717279240671235,2.685,0.481,0.0636
0.0121,0.037109,-0.003906,1.359619,-0.549011,2.398132,-5.605927,2.6799306778814453,0.6943468791514907,0.14471355565806704,1.57950708626539,-1.7829113192034027,16.647720749272946,2.691,0.481,0.0636
0.0132,0.006836,0.102539,1.346191,-1.098328,1.604675,-5.026093,2.68440702620262,0.6962724592733653,0.14476775256173297,1.6116029679514465,-1.7534055501583612,16.591407642868734,2.695,0.481,0.0636
0.0114,-0.010498,0.031982,1.236328,-2.044373,-1.935364,-5.605927,2.688619107928388,0.6975666753096297,0.14480454189063102,1.5964034745567257,-1.7577425927800483,16.526293510480457,2.699,0.482,0.062
0.0112,0.039307,0.053223,1.32251,-0.243835,-0.897766,-3.195038,2.6926962305527486,0.6990402092458867,0.14498767710283142,1.611663550570883,-1.779581477395152,16.4957653791407,2.705,0.482,0.0603
0.0122,-0.027344,-0.027344,1.427734,0.82428,-2.515198,-1.02829,2.6976810071590087,0.7000463170678238,0.14503731619431554,1.5930268050877807,-1.7845620962674997,16.4725450634896,2.709,0.482,0.0603
0.0123,-0.029541,-0.041992,1.220459,0.213928,-3.003479,-2.187958,2.7028484648340707,0.7009518359384443,0.1450901534216288,1.5564330716442336,-1.7928965046563041,16.432107755534304,2.715,0.482,0.0603
0.0114,0.002197,-0.056152,1.287598,2.350159,-0.134827,-1.516571,2.707808152327168,0.7017487917811994,0.145258376226537,1.5366853437189214,-1.785901084035939,16.402651484571,2.719,0.483,0.0603
0.0123,0.012451,-0.043701,1.371826,3.296204,0.628113,-3.561249,2.7128182880488403,0.7026914338990824,0.14544656588330032,1.5403490028121265,-1.7741212041485273,16.349633223713354,2.723,0.483,0.0603
0.0123,0.003906,0.013428,1.311279,0.305481,2.581238,-4.568329,2.717530742562526,0.7039917225731303,0.14556326393261085,1.5402546433523276,-1.7337170779090372,16.292540915048303,2.729,0.483,0.0587
0.0121,0.120605,0.010742,1.24707,-1.220398,1.879333,-5.17868,2.722253895477349,0.7053319125491188,0.146096851382589,1.5210145183364483,-1.7744078606857712,16.232625282626895,2.732,0.484,0.0587
0.0114,-0.049072,-0.004883,1.27002,-0.854187,2.642273,-4.995575,2.7266486378942227,0.7063890001738344,0.14603024026020506,1.4970832414337445,-1.7040541544818761,16.171074571028644,2.739,0.484,0.0587
0.0126,-0.000488,0.024414,1.314697,0.000305,2.55072,-1.608124,2.7315274793209494,0.7078195877377704,0.14612703677525557,1.4989865465448355,-1.6622975032145573,16.151523445951668,2.743,0.484,0.0571
0.0117,-0.011963,-0.002686,1.268066,-0.213318,0.933289,-1.547089,2.7362063602592035,0.7089906242247422,0.14619449282429073,1.4825824301399813,-1.6355276318940069,16.12969185611495,2.747,0.484,0.0555
0.0128,0.029541,0.049072,1.259521,-0.152283,-7.459045,-1.180878,2.741004289091649,0.7106006384112685,0.14637051004372342,1.4983872154571154,-1.739395991021772,16.11639741012705,2.753,0.485,0.0571
0.0118,0.0354,0.013184,1.304932,1.343079,-0.958801,0.619659,2.7457102965712656,0.7119012208163601,0.146592117895821,1.5087323352641957,-1.7622241165960402,16.122735092293055,2.757,0.485,0.0587
0.0115,-0.005371,-0.065186,1.61792,2.807922,-2.667786,-0.234833,2.7505910650806196,0.7127381265331517,0.1467104208380889,1.4964691150580536,-1.7790560030221385,16.109154928242194,2.763,0.485,0.062
0.0117,-0.004395,0.000488,1.208252,2.777405,0.353455,-2.737274,2.7552426130452257,0.7139184368504251,0.14680252987130402,1.5172864282996237,-1.7623271410463757,16.074259038037052,2.767,0.486,0.0652
0.0123,0.061523,0.015625,1.372803,4.455872,4.778503,-4.537811,2.760721525834355,0.7154220452167216,0.14713190997698694,1.5686863658739847,-1.7269988457737955,16.019339604527683,2.771,0.486,0.0668
0.0121,0.009521,-0.004395,1.220947,5.279846,-1.141907,-3.072968,2.767272194371172,0.7170857308006059,0.1473359225959716,1.6168747250507856,-1.7371153250292817,15.978345593365894,2.777,0.486,0.0684
0.0123,0.036621,0.04248,1.286865,0.610657,6.395935,4.403839,2.771011448467517,0.7182863775456042,0.14752366516516616,1.633841941982812,-1.673242653884268,16.037093275827917,2.781,0.487,0.0749
0.0115,-0.088623,0.056641,1.231201,2.136536,-4.773499,9.317169,2.7747934956101417,0.7196633252622959,0.14723252610055046,1.6759911287027316,-1.6672021429989206,16.14589148630938,2.787,0.487,0.0733
0.0122,0.197998,0.136475,1.305176,2.472229,-4.834534,6.601105,2.779308639023437,0.7218351526891251,0.1479480069896078,1.7668693153300568,-1.8317036810025957,16.24024655507744,2.791,0.487,0.0733
0.0118,0.036621,-0.063232,1.439453,2.136536,2.367615,6.173859,2.784829953107679,0.7228242049203056,0.1482255144876132,1.740183574909773,-1.8152171293517245,16.30627083293153,2.795,0.488,0.0733
0.0124,0.015869,0.092529,1.285156,2.136536,-4.407288,5.136261,2.789096858194698,0.7245591152520967,0.14832641202076252,1.8039222569416946,-1.8701039110490911,16.374387272759563,2.802,0.488,0.0782
0.0122,0.0,-0.010498,1.430908,2.441711,4.44281,7.79129,2.7941286758321517,0.7257469399080134,0.14844648379624562,1.8084402232350847,-1.8081936308897824,16.467296407852604,2.806,0.488,0.0798
0.0113,0.026123,-0.019775,1.290283,3.509827,4.870056,3.549347,2.798825722737827,0.7267746588532987,0.14865999894387047,1.818716259216736,-1.7608796011603771,16.504974773481493,2.81,0.489,0.083
0.0126,0.047852,0.001953,1.292969,7.049866,1.360535,5.563507,2.804226041414595,0.728163034706874,0.14896184707637186,1.8895367006588741,-1.7652052885130065,16.573699696227127,2.816,0.489,0.0846
0.012,0.084473,-0.07666,1.354492,8.728333,3.862976,4.068146,2.810055386432061,0.7290599171786661,0.1494242524855557,1.931929135914387,-1.7595528262011666,16.61654703216399,2.82,0.49,0.0846
0.0114,0.05835,0.029541,1.250732,12.268372,6.487488,8.096466,2.814837236459179,0.7304326684518535,0.14974510744185043,2.068344215893713,-1.716072688118262,16.71114252567465,2.827,0.49,0.0895
0.0122,-0.016357,-0.056152,1.220459,21.210022,12.285828,10.263214,2.821100176432683,0.7315368785818811,0.1498597947460132,2.2672491604540035,-1.5548252545792816,16.83700931096298,2.831,0.491,0.0895
0.0122,0.085693,0.014648,1.46582,34.546204,15.764832,7.272491,2.8268799849332003,0.732813673538142,0.1502565793124279,2.6686305392474745,-1.4053505039795413,16.931810392302502,2.836,0.491,0.0911
0.0116,0.046875,-0.085938,1.342285,43.670959,17.93158,8.096466,2.8344255546723223,0.7334424946319225,0.1505834448775836,3.0947670655871713,-1.2275583726032908,17.032023968615146,2.842,0.492,0.0943
0.0127,0.066406,-0.123291,1.291016,50.537415,18.389343,7.272491,2.84435487813587,0.7337243959505385,0.15099775527635861,3.62793580336635,-1.0418406919824448,17.13488825871456,2.846,0.492,0.0976
0.0116,0.075439,-0.144287,1.267334,63.263245,24.492859,3.6409,2.8560580622307894,0.7334688477118572,0.1514238151541228,4.235231711502613,-0.8138347888065433,17.19666194161079,2.854,0.493,0.1024
0.012,-0.005615,-0.042969,1.312256,76.752014,34.777283,-1.363983,2.8656984091951223,0.7341118555214402,0.1515210986022647,5.081638947983883,-0.4019843780322254,17.220248030483532,2.858,0.493,0.1041
0.012,0.003174,-0.015625,1.23877,88.196106,47.808289,-8.260956,2.8762515275511786,0.7345548930492346,0.15162318827306653,6.0712916102150745,0.1607125493305308,17.183875450633334,2.863,0.494,0.1057
0.0117,0.030518,0.034912,1.199463,63.232727,37.218689,-10.214081,2.886091937949436,0.7349679461638935,0.151790570893073,6.766753787670268,0.5672332702178969,17.115510510038067,2.87,0.494,0.1089
0.0125,-0.013916,-0.38208,0.283447,2.411194,12.316345,0.467072,2.934135097246317,0.7274887698730605,0.15150557285950156,6.261483152514423,0.6752542590546022,17.228750585337597,2.874,0.495,0.1089
0.0122,-0.180664,0.326416,2.770508,-14.80072,-33.73468,-8.566132,2.936190032146363,0.7302833842329463,0.15120291766034794,6.1060857817767165,0.3225164234171269,17.093122911327903,2.881,0.496,0.1073
0.0113,0.485596,0.551514,1.382324,16.540833,21.929382,-28.768768,2.9356606064711706,0.7302697431969949,0.15257761889268284,6.485759215214446,0.37607767126638475,16.683974672373864,2.886,0.496,0.1105
0.0128,0.288086,0.018311,0.495117,19.256897,-3.919006,-13.937225,2.955219097024416,0.7254710957342605,0.15469887863354745,6.709770641090365,-0.03925245386785767,16.40366088997304,2.891,0.497,0.1138
0.0114,-0.239258,0.320068,0.857666,-7.171326,11.797546,6.601105,2.9427092870606657,0.7310909634386642,0.15374326095460775,6.807789452444398,0.2746741848828515,16.465210798857065,2.898,0.498,0.1138
0.012,-0.545166,0.243652,2.700439,0.915833,-8.130432,26.223907,2.944682760238011,0.7347618730008083,0.15284983785791817,6.816977869022256,0.2875254523013146,16.79781115560258,2.903,0.498,0.1138
0.0124,-0.14502,0.32666,2.071533,-2.257996,10.790466,35.836945,2.946006236702234,0.7377588015522697,0.15257483202490582,6.838764105619115,0.4152367440939773,17.250666292011264,2.911,0.499,0.117
0.0122,-0.109863,0.093262,0.799561,-0.1828,-3.613831,32.815704,2.9480522616212745,0.7409789927452161,0.15201782267754274,6.8583766053317925,0.4128104139057686,17.65395717058379,2.916,0.5,0.1186
0.012,-0.010986,0.005859,0.970703,-6.469421,4.900574,24.636993,2.958068780467421,0.7418338830556147,0.15200735940835114,6.723322719831016,0.4245534365829719,17.965560793001174,2.921,0.5,0.1219
0.011,-0.031982,-0.028564,1.18042,-8.239441,-8.069397,17.831573,2.968536053352915,0.7425367112947885,0.15190484498801432,6.55288249286646,0.31678037172748996,18.168386054133986,2.927,0.501,0.1251
0.0121,-0.151367,-0.083496,1.302246,-2.654724,1.757263,14.108429,2.979529784821614,0.7441238980941232,0.15138837851198733,6.412583811949697,0.3901702897695726,18.379936391581666,2.932,0.502,0.1267
0.0122,-0.017334,0.124756,1.639648,1.983948,7.891296,12.70462,2.985836662058282,0.7458888287651732,0.1513694025765635,6.431478121382306,0.46428889520626926,18.544730444964678,2.94,0.503,0.1316
0.0125,-0.131104,0.145752,1.42041,-3.356628,1.452087,15.634308,2.9893303196766836,0.7489640561119333,0.1509672012832896,6.403511938005428,0.5195094073620985,18.75471832621168,2.945,0.503,0.1332
0.0121,-0.115967,0.179443,1.276855,-0.762634,8.776306,14.383087,2.99104256175251,0.7523587793561815,0.15058472358028252,6.435644303712387,0.6619716551924405,18.948612827036044,2.95,0.504,0.1348
0.0121,0.029297,0.19043,1.232422,-0.274353,3.466248,10.934601,2.9945052391715343,0.7545247816276511,0.150727816287114,6.484708927568314,0.6564707273350381,19.071994828650336,2.958,0.505,0.1381
0.0119,0.028564,0.131836,1.238525,-9.88739,0.597595,8.767853,3.0000543834455966,0.7562202342856054,0.1508677341766983,6.385564916073273,0.61852294604533,19.167549998786416,2.963,0.506,0.1397
0.0114,-0.015625,0.078857,1.325684,-13.183289,5.480408,7.089386,3.0066795529825003,0.7578171781414951,0.1508476007433719,6.220273156974768,0.6642681535277867,19.25521400649089,2.97,0.507,0.1397
0.0123,0.077881,0.167725,1.27002,-15.655212,7.921814,9.56131,3.0122279391821665,0.7594225890615193,0.15116340833923436,6.068797284544736,0.6861892584859268,19.36576147842969,2.975,0.507,0.1413
0.0121,0.000244,0.1604,1.07373,-31.097107,17.962097,9.927521,3.0160566092211245,0.7618204497499019,0.1511965027786286,5.749420216716167,0.8718978123370855,19.497841576889122,2.98,0.508,0.1397
0.0122,-0.045166,0.077148,1.343262,-43.365173,21.19696,14.169464,3.0221971194217465,0.763950015443303,0.15106824360541593,5.216002200188494,1.1182671593390616,19.69619313452419,2.988,0.509,0.1397
0.0114,-0.02832,0.126465,0.92041,-44.891052,24.065613,12.826691,3.025570425389511,0.7662683428697771,0.15094246006724069,4.764903978267695,1.3770907364013625,19.86156283104791,2.993,0.51,0.1397
0.0122,-0.032471,0.270752,1.290283,-57.76947,30.962585,14.566193,3.0285804190712513,0.7689913094928135,0.1507441287798414,4.179515342132921,1.7344086875957272,20.063954473285435,2.998,0.511,0.1397
0.0121,-0.032715,0.168701,1.138916,-69.915466,34.8078,18.716583,3.0338149752480876,0.771459355545571,0.15052126216468847,3.4212846857114947,2.1301653394951745,20.318174221759115,3.006,0.512,0.1348
0.0123,-0.032715,0.233154,1.153076,-76.873474,43.413757,27.353058,3.0399974674028765,0.7738625834246592,0.1501891585041144,2.6184144870147064,2.630649594754504,20.689009258303727,3.011,0.513,0.1316
0.0115,-0.186035,0.042725,1.08667,-67.962341,31.206726,28.543243,3.0414387701375185,0.7772532690227637,0.1493526599651376,1.862961114905851,3.0669906732190615,21.023514359883137,3.02,0.514,0.1267
0.0122,0.616943,0.609131,2.477783,3.174133,1.574158,19.662628,3.0585295028914383,0.7772453485106635,0.1499906610669946,2.0802249096494743,2.8634266844223752,21.304990524099242,3.025,0.514,0.1267
0.012,-0.345947,0.00293,3.547119,19.775696,-12.494446,18.899689,3.0623569697596302,0.7799450369971813,0.1494497371646493,2.3037685866387534,2.7491704752195822,21.518805092163806,3.031,0.515,0.1283
0.0122,0.077148,-0.374512,-0.291748,-8.453064,19.304871,40.078888,3.0766248614920024,0.7809870856621318,0.15051359316434176,1.746409315342312,2.852554147920044,22.025449018164753,3.038,0.516,0.1251
0.0115,-0.042725,-0.099854,0.897217,-12.023621,-22.77887,18.197784,3.0825831011737375,0.7835830179484558,0.15037580668068118,1.520610855520093,2.581513913557857,22.227882716875623,3.044,0.517,0.1219
0.0126,0.205322,0.377686,1.231445,18.310852,-42.249084,-8.566132,3.0942196838091722,0.783147736839205,0.1506906956532844,1.951130915043337,1.9042847743376137,22.081982579035444,3.053,0.518,0.1267
0.012,-0.09082,-0.226318,1.562012,2.0755,-55.707336,-18.972626,3.10147847481192,0.7870939035297493,0.1504453350505459,1.8418574330934807,1.2682838183080205,21.84689085956796,3.06,0.519,0.1267
0.0115,-0.080811,-0.429688,1.166504,-0.671082,-35.809875,-21.078339,3.1079662902604483,0.7913534012953619,0.15046861712042386,1.5597237325873636,0.8960881735036016,21.622988437087972,3.066,0.52,0.1186
0.0127,-0.017822,0.105713,1.321289,-3.234558,-59.033752,-31.881561,3.115332054153166,0.7940617278498985,0.150273980377484,1.562714704201706,0.1574801817685046,21.193639604811853,3.075,0.52,0.1122
0.0114,-0.168213,0.387207,1.214355,-0.457458,-9.045959,-25.59494,3.121039466687944,0.797103859934452,0.14931625512527136,1.7667602444554817,0.15072217881230462,20.901376620957222,3.081,0.521,0.1122
0.0122,-0.581055,-0.064697,2.317139,1.800842,-6.207825,-13.571014,3.1247832450402213,0.8015131037784329,0.14805240473038933,1.7494291370776947,0.25939245800441146,20.764582996026334,3.091,0.522,0.1041
0.0122,-0.416016,0.087402,0.66748,2.289124,16.466736,-24.893036,3.124255810433261,0.8080199284463813,0.1453405736827671,1.8382546710543812,0.8299137001244902,20.528048411527937,3.096,0.523,0.0943
0.0121,-0.013916,0.129883,0.686768,-13.274841,3.588318,-32.583466,3.130780433959495,0.8109124884004357,0.14515652306747284,1.800823175522165,0.8751889321182272,20.15859900388509,3.102,0.523,0.0895
0.0113,-0.065674,0.020508,1.410156,-2.135925,6.548523,-38.1987,3.136037803547857,0.813121974920373,0.14494297875333245,1.7646934987606844,0.9802464940734849,19.729743373626622,3.109,0.524,0.083
0.0122,-0.04248,0.093262,1.49292,14.282532,-3.522278,-40.762177,3.1421800341166026,0.815581111292434,0.14476686254658974,1.9604102548400184,0.9575512003916143,19.2370393162086,3.114,0.524,0.0749
0.0123,0.033203,-0.070557,1.533691,3.96759,-1.080872,-41.464081,3.1495898279937116,0.8172729477440768,0.1449523508576446,1.9477395557861654,0.9276202861460686,18.715097965570468,3.123,0.525,0.062
0.0116,-0.075928,-0.15625,0.89502,-5.675964,1.757263,-34.963837,3.154878491665135,0.8189879481039881,0.14467742333801653,1.7293107066596838,1.0028384509255504,18.289674072295718,3.129,0.525,0.0555
0.0122,-0.12915,-0.161133,0.937256,5.005188,-0.958801,-39.08371,3.1597546697035974,0.8212992658680404,0.14407981324428815,1.6391659613040126,1.0863206821464337,17.79863750418848,3.134,0.526,0.0474
0.0122,-0.042725,-0.061523,1.670654,8.423157,-1.843811,-37.985077,3.1662930460334677,0.8231324638585085,0.14397191763373132,1.6890583292209724,1.0789633738597575,17.325584662094332,3.142,0.526,0.0377
0.012,0.063232,-0.058105,1.386963,1.95343,1.970886,-42.440643,3.1741393689773916,0.8241240606525068,0.1442843485487731,1.656553262879053,1.0626683900721032,16.79487465758632,3.148,0.526,0.0312
0.0123,0.129639,0.074219,1.391602,-4.546814,7.036804,-42.22702,3.1827194806587715,0.8248727748301639,0.14482550812870687,1.6186841771798268,1.0725513146717078,16.26093873877361,3.157,0.526,0.0182
0.0117,-0.10498,-0.041992,1.237793,-3.326111,5.44989,-36.794891,3.1879310523774644,0.8271815184819489,0.14439664433882404,1.5314299842411632,1.1920984824523468,15.836589721649132,3.163,0.526,0.0118
0.0122,0.089111,0.068604,1.310547,3.570862,6.731628,-40.823212,3.1964375056578676,0.8280807308935235,0.14479719319661677,1.5919258377846863,1.2134651677582202,15.327378598185938,3.169,0.526,0.0021
0.012,0.169189,0.09082,1.54126,-3.631287,-1.080872,-36.855927,3.2052984847709363,0.8284455848939482,0.14542651184702068,1.5717765372298396,1.1092414979142275,14.865267669294287,3.176,0.526,-0.0077
0.0119,0.00708,-0.042969,1.173584,-0.06073,-4.285217,-41.586151,3.2127326055549776,0.8298989628685325,0.14549989377775313,1.5207657386067657,1.0461740456732584,14.360566781612238,3.183,0.526,-0.0158
0.0113,0.091553,0.04248,1.626221,6.103821,7.555603,-42.532196,3.2206442589168907,0.8306891591346416,0.14585411989989733,1.5873443762978352,1.0823922750718686,13.86856896436928,3.192,0.526,-0.0255
0.0122,-0.055176,-0.151611,1.66748,2.929993,-7.825256,-44.393768,3.2275472391238478,0.8325915155733733,0.14567000290521914,1.5293976591944438,1.0101754727748278,13.324130607587852,3.198,0.526,-0.0336
0.0121,0.252197,0.092041,0.507568,-4.85199,-29.981018,-48.513641,3.240081935998953,0.8294531774970021,0.1481850193524529,1.5724543078600905,0.3280430869757051,12.637678495131095,3.204,0.526,-0.0433
0.0118,-0.037109,-0.026123,0.925049,-5.309753,-53.510071,-56.326141,3.2474811592628163,0.8315820561627038,0.14796658832950238,1.4759851020115942,-0.26384806271331607,11.966550966816762,3.215,0.525,-0.0579
0.0124,-0.029541,0.158936,1.19873,-0.94574,-69.684387,-62.124481,3.256317351211635,0.83305515575535,0.14783176868761658,1.5618283533863055,-1.0873318605228535,11.167526329999777,3.222,0.525,-0.0659
0.0123,-0.110596,0.13916,1.012695,5.127258,-60.620667,-57.790985,3.265682370380904,0.8346716355281968,0.14721512408690043,1.7342204087213058,-1.7239406314381112,10.447930211967092,3.231,0.524,-0.074
0.012,0.281494,-0.183838,2.342285,4.944153,19.030212,-51.473846,3.2726982384187635,0.8360036421454377,0.1481372446692844,1.7337415749736471,-1.5564465418116433,9.827507407411384,3.238,0.524,-0.0838
0.0112,-0.212158,-0.643066,2.27124,12.604065,-2.057434,-52.786102,3.2806925851717628,0.8386513119772905,0.14756265478414987,1.6725082155113564,-1.4836366681502082,9.291879332426443,3.244,0.523,-0.0919
0.0124,-0.067383,-0.14917,2.563965,3.815002,23.028015,-49.703827,3.2884793513032315,0.8403831530520159,0.14748982621039478,1.6731554765209287,-1.1520186774801806,8.701122987341067,3.254,0.522,-0.1064
0.0118,0.094727,-0.199463,1.431152,-0.1828,16.680359,-49.276581,3.2953049829928167,0.841309741663552,0.14798604609643695,1.5621290669162546,-0.986143126280394,8.12092434947148,3.26,0.521,-0.1145
0.012,0.023438,0.008301,0.869385,6.683655,-23.084045,-51.473846,3.302178403103099,0.842083185888506,0.14828718370708943,1.6485890382907518,-1.2664233301093055,7.487708353938781,3.266,0.521,-0.121
0.0121,0.123291,0.008545,1.571777,-0.396423,8.623718,-50.070038,3.3094484791989136,0.8424511555719946,0.14893409719558884,1.6454373923445997,-1.1996585000782134,6.863938027108367,3.274,0.52,-0.1307
0.0127,0.143555,0.062988,1.691406,-2.593689,-3.033997,-44.180145,3.317289243248503,0.8426514508853368,0.14963722633490179,1.6376271971750107,-1.2806936650232659,6.275367182672806,3.281,0.519,-0.1388
0.0116,-0.006104,0.009766,0.93042,-0.030212,-12.280823,-41.952362,3.324577101469559,0.8435658707966633,0.149728516423144,1.6435598654954755,-1.4016778900377203,5.788826674753625,3.291,0.517,-0.1469
0.012,-0.05542,-0.02417,0.942627,2.929993,-2.576233,-39.541473,3.3323745842955437,0.8450645875479428,0.1494515391626916,1.6574335308043995,-1.3711606752891952,5.339597591541892,3.297,0.516,-0.155
0.0122,-0.097168,-0.188721,1.85376,5.340881,-2.820374,-38.686981,3.3406359532347096,0.8468653876676802,0.1491123767413436,1.6412942852897288,-1.343511513423594,4.903804002181424,3.304,0.515,-0.1599
0.0112,0.010254,-0.178711,1.222168,4.913635,12.194275,-35.238495,3.3478638392398237,0.8480274720253345,0.149178178596952,1.5806305772671396,-1.1986543368889173,4.531930700773171,3.312,0.514,-0.1663
0.0126,0.157959,-0.150879,1.157227,0.152893,6.243347,-34.261932,3.354924328786561,0.8476433942608828,0.1501138569654778,1.481001696813153,-1.207912664186697,4.071660439801475,3.318,0.513,-0.1728
0.0122,0.144775,-0.056396,0.86377,-3.08197,-2.36261,-37.039032,3.3618246045324685,0.8465046374260567,0.15133931642187967,1.3933188429395085,-1.3503151389113432,3.564866419557745,3.328,0.511,-0.1809
0.0115,0.126709,-0.007812,1.138184,0.397034,2.184509,-34.902802,3.3687330083730713,0.8457117920868065,0.1522256378294082,1.3903397232614154,-1.3959951608822863,3.1240085986328343,3.334,0.51,-0.1858
0.0125,0.134277,0.126221,1.809082,3.021545,-1.050354,-34.017792,3.3766181928077357,0.8449039287315598,0.15291156677679205,1.4783380506303163,-1.4468712153202437,2.659722903909828,3.341,0.509,-0.1906
0.0118,0.173584,0.134521,1.303711,-5.645447,-2.850891,-30.172577,3.3839627174126483,0.8430033789455904,0.15404435937020133,1.4857245225072517,-1.5645901938638096,2.2323146464931387,3.35,0.507,-0.1971
0.0121,-0.070801,-0.155029,1.064209,-2.349548,-2.393127,-25.289764,3.3921719730847464,0.8457084472623265,0.15359270660406119,1.344652504816966,-1.5295379122741746,1.9977696685997492,3.356,0.506,-0.2003
0.0113,-0.040771,0.014893,1.905029,8.087463,5.083679,-25.106659,3.400000432896252,0.8464975242455929,0.1535509374788863,1.4363522127395254,-1.4395088590147291,1.7317778727602589,3.367,0.503,-0.2036
0.0123,0.117188,0.052734,1.574463,-0.06073,-4.132629,-22.299042,3.407838498345055,0.8457816221462693,0.15422290422109092,1.4552246224785008,-1.5318985799971967,1.425968020342226,3.374,0.502,-0.2068
0.0119,0.210449,-0.128906,0.666016,-5.798035,5.388855,-22.543182,3.414389279624223,0.8440958980169744,0.15628598912367245,1.2514797795524724,-1.6791845672538843,1.0937486104775158,3.38,0.501,-0.2084
0.0122,0.005127,-0.118896,1.106201,2.777405,12.438416,-18.78952,3.422547521913239,0.8457584278125191,0.15638916992729468,1.1997737610554369,-1.5199521872275645,0.9091722279163651,3.39,0.499,-0.21
0.012,-0.09082,-0.052002,1.241455,-1.281433,-9.625793,-19.644012,3.431208552341485,0.8478162067896924,0.15595733332885497,1.149586817912495,-1.5666497537392052,0.7279049151058492,3.397,0.497,-0.2133
0.0119,-0.155273,-0.118164,1.518311,-8.178406,-2.454163,-10.336151,3.440210164666994,0.8507074525515299,0.15528958105717697,0.9882840592565041,-1.5065418967452433,0.6848524770376372,3.408,0.495,-0.2149
0.0169,0.01416,-0.118652,1.304199,-1.037292,-2.087952,-8.413544,3.4517990527302227,0.8518841824795784,0.15551167597547605,0.8970211571629915,-1.5400054946132973,0.5683836344039629,3.415,0.493,-0.2181
0.0069,0.010498,0.186768,1.42334,5.371399,-9.015442,-1.302948,3.4573980030018436,0.850745884889967,0.15574206075399902,1.0267646843082607,-1.599477374751404,0.5282818575146861,3.422,0.492,-0.2181
0.012,0.023193,-0.138428,0.927979,-5.309753,7.250427,5.8992,3.465355070359539,0.8521071218633433,0.15597770860618257,0.8421990531776844,-1.5285511148293285,0.6315598309919297,3.434,0.489,-0.2198
0.0133,-0.019531,-0.168945,1.59375,-6.835632,1.482605,3.030548,3.474304305633073,0.8538204382919767,0.15595201534737574,0.6635124366682824,-1.490913833378484,0.7130802646699951,3.441,0.488,-0.2165
0.0108,-0.053711,-0.0896,1.586914,4.700012,-7.611633,5.807648,3.482045567105595,0.8554044340476691,0.15575856123367043,0.6641333421019218,-1.5383030622914968,0.8150889680112343,3.451,0.485,-0.2149
0.0125,0.022949,-0.006592,1.146729,6.195374,6.3349,5.380402,3.491065882065532,0.8554006781646809,0.15609027088664437,0.7307507132130883,-1.4700152000107263,0.8789835954095424,3.458,0.484,-0.2149
0.0117,0.100586,-0.09375,1.884277,-8.300476,-7.733704,12.368927,3.4991708045404466,0.855337951766263,0.15656064251703958,0.5869655224748765,-1.5926600661458887,1.0140149614977891,3.465,0.482,-0.2117
0.0124,0.063965,-0.212891,0.948242,-3.875427,-1.752258,13.7117,3.50636708798145,0.8566092888899385,0.15706741025265636,0.3665690243239272,-1.66013538149735,1.2032041898731287,3.476,0.48,-0.2084
0.0118,-0.018311,0.149414,1.302734,3.815002,-8.008362,13.620148,3.5161721062946825,0.8561433987136807,0.157214537889811,0.49283632595124377,-1.7360622755014614,1.3515726966462178,3.484,0.478,-0.2052
0.0118,0.001953,0.046875,1.700195,-3.234558,4.534363,15.908966,3.5252140420325855,0.8563585377818804,0.1574009878175526,0.46771935218463045,-1.6741881877501692,1.5415042001045602,3.494,0.476,-0.2003
0.0116,0.050293,0.01123,1.089111,-1.647644,-0.928284,14.413605,3.533240366981633,0.8557755249811,0.15792721237286486,0.4502547780359072,-1.7146425738617015,1.68618892217518,3.5,0.475,-0.1987
0.0126,0.104492,0.076416,1.045654,-4.85199,-4.2547,19.693146,3.5425603859051744,0.8536036627747139,0.15893832401545854,0.4364603616655008,-1.838707513563645,1.8683100228102443,3.508,0.473,-0.1955
0.0129,0.123291,-0.005615,1.281738,-9.246521,0.139832,17.404327,3.551414731845561,0.8524604221631363,0.1598733927899852,0.3060989672502609,-1.9015025733219584,2.0506042830781386,3.519,0.471,-0.1906
0.0113,-0.037109,0.04126,1.493652,-7.934265,-2.972961,20.822296,3.5601430612700424,0.8531650287420108,0.15984022930045275,0.23019127312799856,-1.9046474938073177,2.300347052563572,3.527,0.47,-0.1874
0.0122,-0.150391,-0.006836,1.135498,3.204651,-6.451965,23.813019,3.5700042919450112,0.8561525837014273,0.1589957885446979,0.25565257040664835,-1.8733168035616923,2.667380320747498,3.537,0.468,-0.1825
0.0112,-0.049805,0.033691,0.89502,8.392639,-0.928284,22.683868,3.578997223196282,0.8573164108942023,0.15877831076758916,0.37085717439462046,-1.8356919733913393,2.9466960352366707,3.544,0.466,-0.1793
0.0121,0.043701,-0.13208,1.138916,0.488586,10.546326,24.514923,3.5872041160677672,0.8583174534721573,0.1592374533544854,0.2786425107216304,-1.730824080897403,3.252273949212822,3.552,0.465,-0.1744
0.0127,-0.014648,-0.177002,1.801758,-2.166443,6.701111,21.341095,3.595960378550371,0.8601593809866153,0.15930652731048225,0.16743093850308127,-1.62938954015653,3.553685642530921,3.563,0.463,-0.1712
0.012,-0.020508,0.05835,1.527588,12.054749,-10.602356,18.014679,3.60527259102524,0.8609365817176469,0.1593556436593811,0.33430546863219185,-1.7364449058445899,3.7775734037093955,3.571,0.462,-0.168
0.0122,0.004395,0.071533,0.807373,11.688538,0.048279,19.38797,3.6150309656632724,0.8608656179987161,0.15967465283039992,0.536983134066938,-1.7380129408728877,3.9986707130440946,3.581,0.46,-0.1647
0.0112,-0.140625,-0.160156,1.151611,-11.321716,2.947449,21.371613,3.6232637565448416,0.8648684520701275,0.15884429903069264,0.29777407020968544,-1.6069972090395779,4.325917720421548,3.589,0.459,-0.1631
0.0123,-0.01416,0.057861,1.535889,-10.101013,-8.557678,18.38089,3.632953597745789,0.8657566009827388,0.1589313085894503,0.19660588153131828,-1.6957764882781325,4.558849117076973,3.596,0.458,-0.1599
0.0124,0.080811,0.118896,1.339844,8.362122,2.30658,16.885529,3.6428023370153317,0.8650775326869137,0.1596287665007972,0.3612452048953357,-1.705456632905818,4.733173270196187,3.608,0.456,-0.1566
0.012,-0.031494,0.130371,1.778564,2.441711,-4.041077,19.754181,3.652517674028211,0.8659733325914121,0.15964772737321672,0.4376394553721491,-1.7303048437121387,4.97671053896742,3.616,0.454,-0.155
0.012,-0.01709,-0.052246,1.084229,-7.232361,9.630798,17.61795,3.6613048465981235,0.8674577209313199,0.1597139942401458,0.30739507841262564,-1.5975587370070898,5.205802669968379,3.626,0.453,-0.1501
0.0114,0.202393,0.094971,1.331543,-0.671082,5.816101,13.34549,3.6697871344377355,0.8653919158486373,0.16110225385070903,0.34850337504398865,-1.638821916865022,5.286335569684922,3.634,0.452,-0.1469
0.0123,0.006104,0.01709,1.443604,0.366516,-14.752747,12.185822,3.6792186777641396,0.8663493707733553,0.16128623086458072,0.356497760026851,-1.8133623561703884,5.438291728575766,3.641,0.451,-0.1453
0.0121,0.212402,-0.018555,0.874756,4.364319,7.738708,13.58963,3.6875731611571774,0.8637086882814934,0.16344907082701982,0.3884095188241195,-1.892766049064592,5.50758838816185,3.654,0.449,-0.1437
0.0118,-0.018311,0.137451,1.844971,8.789368,6.945251,5.594025,3.696955196672119,0.8643834273121452,0.16353457858605827,0.5438388114581885,-1.7913468445860374,5.571847602055146,3.661,0.448,-0.142
0.0124,0.010742,0.005371,0.99292,-6.347351,-9.198547,6.78421,3.706344122918278,0.8652664917868822,0.163828180948121,0.46540538579115087,-1.906047510432709,5.654334497305689,3.672,0.446,-0.142
0.0113,0.050781,-0.027344,0.738037,-10.131531,2.276062,5.044708,3.7147772308257823,0.8654915957460028,0.1646559126960574,0.32189543292494227,-1.9287272711551287,5.691864917515532,3.68,0.445,-0.142
0.0119,0.181152,0.26123,1.683838,3.784485,2.581238,4.525909,3.7244917304209073,0.8636626479224814,0.16572448100367687,0.47907512624779186,-1.96613816691385,5.679181212127773,3.687,0.444,-0.142
0.0126,-0.114502,0.070557,1.685547,1.282043,-6.055237,8.615265,3.7351123187098048,0.8654695475742257,0.16532982905414526,0.5207025013876682,-1.977341692941473,5.811921794421186,3.7,0.442,-0.142
0.0115,0.046387,-0.045166,1.117188,-1.891785,3.43573,8.523712,3.7438895966136596,0.8664031125645743,0.16588737824050107,0.462632085478946,-1.960195251332532,5.90842054105582,3.708,0.441,-0.1437
0.0119,0.067383,0.100586,1.530029,3.326721,-0.653625,4.89212,3.753404111051213,0.8664350813086306,0.16644273337464577,0.5475178865908262,-1.9891485249858698,5.943956837587636,3.719,0.439,-0.1453
0.0121,0.010986,0.016113,0.849609,3.113098,0.53656,3.915558,3.762991705860987,0.8672290870088406,0.16680634018711904,0.5962310952479254,-1.9858090082994146,5.986709324941772,3.727,0.438,-0.1453
0.0123,0.108643,0.015625,1.208008,1.556702,3.374695,-0.173798,3.772624582978747,0.8672294734764351,0.16780591344676135,0.6217599744821806,-2.001689243485588,5.9571830387249785,3.735,0.437,-0.1469
0.012,-0.133545,-0.018799,2.039307,8.88092,4.656433,0.497589,3.7825225207662396,0.8694680763501648,0.1674051460905731,0.7153463124772177,-1.8813156467761682,5.996451156112936,3.747,0.435,-0.1485
0.0116,-0.0354,0.147705,1.05957,2.167053,9.264587,1.931915,3.792445627317339,0.8698620756077444,0.1673534523949575,0.8406310707516638,-1.7417393424515497,6.00765877637324,3.755,0.434,-0.1485
0.0122,0.076416,0.019775,1.167725,-6.896667,-3.339172,-0.295868,3.8023501051382467,0.8702164180722374,0.16813225202174334,0.7646852886782134,-1.8234069404679023,5.9853283592071085,3.767,0.432,-0.1518
0.0124,0.052979,0.05542,0.977051,1.434631,2.001404,-1.394501,3.812569670427683,0.8703389705256986,0.16885733699220837,0.8217412710068285,-1.8325885491571743,5.944870795986232,3.775,0.431,-0.1534
0.0117,-0.077881,0.076172,1.943115,10.376282,0.963806,-4.141083,3.822484014705765,0.8716956164629039,0.16866601359199618,0.9667586015510491,-1.7770169871270751,5.906229727303697,3.783,0.43,-0.1534
0.0127,-0.043213,-0.125,1.72998,-5.920105,-5.597473,-3.988495,3.8332581630706923,0.8739188082017143,0.168624454800559,0.8308167028100709,-1.8155299747672662,5.881930306859282,3.797,0.428,-0.155
0.0121,-0.030029,-0.041016,0.267822,-7.9953,-1.325012,-4.659882,3.843338466076936,0.8770154035571358,0.16822016804426246,0.626078050033509,-1.7692461870231457,5.87464077826808,3.805,0.426,-0.1566
0.0116,0.074463,0.087158,1.035156,1.190491,-0.989319,-9.176483,3.853157980416788,0.8766790118560887,0.1690818744432855,0.7037535983915454,-1.8265972562090316,5.73577389488578,3.819,0.424,-0.1582
0.0124,-0.018311,0.002197,1.90918,2.136536,2.337097,-11.343231,3.8637488057794083,0.8780886006268805,0.16918107701590718,0.7298106084696008,-1.7757650919528405,5.604300372821802,3.827,0.423,-0.1615
0.0116,0.179688,0.052246,1.582031,-0.426941,4.259705,-11.404266,3.873268011253308,0.8777097531184404,0.17037682914479643,0.7485262639426822,-1.7997710987254882,5.439681878985227,3.835,0.421,-0.1631
0.0116,-0.069824,0.013672,0.777344,-1.250916,3.252625,-13.601532,3.88317630186179,0.8795636933566375,0.16982577776625815,0.7493792959438118,-1.6880800149408457,5.306220675268519,3.847,0.42,-0.1663
0.012,0.135986,0.060791,0.880859,3.662415,1.909851,-22.634735,3.8933680373532495,0.8784700597895899,0.17146496928012303,0.8484540147239643,-1.7720153295126433,4.985068662586641,3.856,0.418,-0.1696
0.0125,0.074219,0.004639,1.473633,-10.741882,11.12616,-19.857635,3.9039061233074444,0.8790318491072674,0.17214290839262417,0.7188072748526082,-1.658725102503338,4.729817358183453,3.864,0.417,-0.1712
0.0123,0.056152,0.032227,1.570801,-11.047058,-8.527161,-21.322479,3.914457774241608,0.8795362881844431,0.17264825485875382,0.6026390716619421,-1.7768616458045812,4.45772910987217,3.877,0.414,-0.1777
0.0112,0.043701,0.202881,0.735596,0.06134,1.42157,-24.252167,3.925042609836029,0.8771732624156853,0.17349988972577143,0.8085927341338818,-1.7986009606820743,4.119270525331138,3.886,0.413,-0.1841
0.0122,-0.037354,0.162598,1.440186,5.493469,11.644958,-24.557343,3.9361556407856293,0.8771357223298821,0.17352551791542117,0.9636354462805753,-1.6235382599890493,3.804763616442604,3.898,0.41,-0.1906
0.0122,0.006348,-0.000244,1.29541,-3.356628,2.672791,-22.665253,3.9466651627359193,0.8779582633158602,0.17377234832189956,0.9233341248682031,-1.5823699703491587,3.5314546821762907,3.906,0.409,-0.1939
0.0119,-0.224609,-0.207764,1.210449,0.458069,-0.165344,-21.780243,3.9567454613601645,0.8813785252818513,0.1722402686958034,0.8038006635915483,-1.4376502868351646,3.3353843762486677,3.915,0.407,-0.1971
0.0124,0.153076,0.012695,1.252441,11.688538,14.635681,-26.754608,3.9676429605632633,0.8810648511986267,0.17358860104265844,0.9571845508986173,-1.339471413262333,2.9861399744039616,3.928,0.404,-0.2052
0.012,-0.011719,-0.059082,1.539551,8.728333,1.238464,-27.181854,3.9777847176786523,0.8821577161590303,0.1736497815629721,1.0312707180668301,-1.3066398666435137,2.672702240402025,3.937,0.403,-0.2084
0.0113,-0.018311,-0.220947,0.929443,-10.986023,-17.163635,-32.339325,3.9869113500477655,0.884845256495804,0.1735105440449078,0.7361267498411346,-1.4763376633394893,2.352641013282422,3.949,0.4,-0.2165
0.0127,-0.034424,-0.24292,2.014893,-5.737,-7.367493,-32.156219,3.9977876647714634,0.8867305619096172,0.1734317311860065,0.577428345173948,-1.5410716596432243,1.9729454994787925,3.957,0.398,-0.2198
0.0118,0.023438,0.180176,1.642822,9.308167,-10.358215,-33.102264,4.008694395668096,0.8862441463605707,0.17379489434700757,0.7764277441904934,-1.659721762818285,1.5629460325196698,3.966,0.396,-0.2262
0.0122,0.174316,0.030518,0.640137,-5.09613,-3.613831,-29.775848,4.018824942233502,0.8835610830595395,0.1765752868513132,0.7570554551651847,-1.8932980597081577,1.1284474039357002,3.98,0.393,-0.236
0.0113,-0.024658,-0.12085,0.498047,-17.272644,-9.930969,-28.890839,4.027644799189558,0.8868409339043015,0.17629069411438156,0.39579780303667167,-1.9666220298448132,0.8655047396434435,3.988,0.391,-0.2424
0.0123,-0.040283,-0.006348,2.041992,1.495667,2.733826,-31.606903,4.038649027846935,0.887543750119201,0.17628443984286107,0.42236969478055836,-1.900635447954429,0.4895662155896809,4.001,0.388,-0.2489
0.0123,-0.064453,-0.01416,2.26001,7.202454,8.898376,-31.484833,4.049604453638681,0.8883160098354984,0.17618704221732617,0.5147530635588558,-1.7526054476172082,0.11862474108021197,4.009,0.386,-0.2554
0.0122,0.036133,-0.095703,1.189209,-2.135925,-0.378967,-31.454315,4.059657022123472,0.8889381030699458,0.1766161263746721,0.43677857929541525,-1.7679743983572374,-0.2543422378540194,4.017,0.383,-0.2602
0.0112,0.020996,-0.057617,0.854736,7.721252,0.65863,-35.482635,4.068934306103016,0.8893623446005883,0.17702025789927908,0.4826201848102937,-1.77071669342602,-0.6432064383783405,4.031,0.38,-0.2732
0.0125,0.095459,0.046631,1.778809,16.723938,-1.59967,-39.968719,4.079867788291488,0.8885375871111263,0.1777482214244578,0.7218566319508459,-1.814275592811191,-1.1591087627431853,4.039,0.377,-0.278
0.0124,-0.031982,-0.152588,1.731445,-3.875427,-7.855774,-39.633026,4.090655339462452,0.8897813605993067,0.17763522095212886,0.6174746001781618,-1.8781671025914979,-1.619825140904713,4.051,0.374,-0.2861
0.0111,-0.037842,-0.147705,0.885986,-6.072693,-5.750061,-44.058075,4.10012963133555,0.8919306467304232,0.1772549860958688,0.4394907981504195,-1.8973419160630711,-2.0577044571560665,4.06,0.371,-0.2926
0.012,0.134766,0.280762,0.96167,1.800842,0.780701,-48.02536,4.111477244698839,0.8870345461551619,0.17913040949764952,0.6846906412146976,-1.9752700822910974,-2.730767081811496,4.068,0.369,-0.3007
0.0121,-0.036865,0.118896,1.560303,-9.338074,-1.59967,-46.0112,4.12277936968238,0.8862039904190119,0.1791943286571784,0.6453767628723895,-1.9574425484559834,-3.2924772086171368,4.082,0.364,-0.3153
0.0123,-0.012451,-0.073975,1.10791,-21.545105,7.250427,-42.349091,4.133508462626604,0.886595058796202,0.17924872075355014,0.34568181421293653,-1.8455987934422013,-3.792282179449075,4.09,0.362,-0.3234
0.0124,-0.200195,0.02417,1.147949,4.150696,-17.316223,-37.832489,4.14553795791598,0.8878059274360665,0.17777378295257076,0.42833600237474506,-1.91589169351634,-4.214198886589451,4.102,0.358,-0.3331
0.0119,-0.188965,0.163818,1.631836,22.857971,-11.151672,-42.349091,4.157196606469402,0.8877178080213237,0.17694894072936226,0.7887003920773389,-1.9430281305837849,-4.699022550867689,4.11,0.355,-0.3412
0.0113,0.195312,-0.02002,1.408936,1.495667,-11.487366,-47.170868,4.166492558602504,0.8858785689848767,0.17845528961664314,0.8072948848046885,-2.1556980410825584,-5.261058240209563,4.119,0.352,-0.3509
0.0124,-0.135498,-0.369141,0.511475,-20.843201,-11.334778,-46.194305,4.176838360676034,0.8911481286950068,0.1760296436824497,0.17344541701192345,-2.1411971796163782,-5.698059628458677,4.132,0.347,-0.3622
0.0126,-0.055664,-0.143066,0.612549,-3.265076,-17.133118,-53.549042,4.187635634595246,0.8929351113751611,0.1751087165410742,-0.008668638988857207,-2.282165813207732,-6.311836853964386,4.141,0.343,-0.372
0.0109,-0.300537,-0.158447,1.843018,22.461243,-30.408264,-53.518524,4.198920171708989,0.8955719211142729,0.1734321699652185,0.19698175513498797,-2.4705622131888147,-6.8046358491446375,4.154,0.338,-0.3865
0.0124,-0.102783,-0.201416,0.903564,6.256409,-0.165344,-52.05368,4.210634560274909,0.8972114859264253,0.17221667469047436,0.140316884104319,-2.373797727053952,-7.380004378950429,4.163,0.334,-0.3979
0.0121,-0.166748,-0.463379,1.660156,-10.528259,-2.728821,-56.814423,4.221251641739777,0.8987975823868705,0.17094624382478954,-0.1568772479698223,-2.3159912878177886,-8.00172210916389,4.171,0.331,-0.4076
0.0119,-0.060547,-0.073486,0.194336,6.256409,-4.193665,-64.65744,4.232149798190629,0.9032658666620519,0.1682925675589062,-0.287804157931436,-2.1866325240691173,-8.637919005853785,4.182,0.326,-0.4205
0.012,0.19873,0.10083,1.62085,3.72345,10.546326,-72.59201,4.242419938953328,0.8989147617465733,0.16989367587238266,-0.1599130282547327,-2.1422909987684706,-9.570496944228797,4.191,0.322,-0.4319
0.0125,0.206055,-0.077148,1.759277,-14.068298,0.017761,-66.183319,4.252135697804127,0.8946019441005694,0.1711825216551156,-0.3331138238528455,-2.21833850352986,-10.456162861117894,4.198,0.319,-0.4416
0.0121,0.042725,0.063965,0.535156,0.763245,-17.011047,-70.211639,4.2628361375502255,0.8904388273348974,0.17266736729970836,-0.19038738414560727,-2.4851449922994786,-11.352665267810902,4.211,0.312,-0.4594
0.0112,0.15918,0.215332,1.269775,6.012268,1.54364,-70.730438,4.272687567631998,0.8854449006869441,0.17456738830901053,0.039654074739453,-2.5463808665625076,-12.211497797344148,4.219,0.308,-0.4707
0.0123,0.070801,-0.040771,1.283936,-4.638367,0.567078,-69.753876,4.28293189987687,0.8825403702774858,0.17530611658007794,-0.0010875303719686175,-2.5633077420351804,-13.084842763603183,4.23,0.303,-0.4853
0.0118,0.007324,-0.189209,0.864258,-10.131531,-3.735901,-71.859589,4.291966070414145,0.8815361410692344,0.17509336698598985,-0.23939436384416254,-2.5999125813022212,-13.908795550087602,4.238,0.299,-0.4966
0.0123,-0.103271,-0.246338,1.283447,1.282043,9.203552,-72.653046,4.302438077553783,0.8824398436597759,0.1740407613321133,-0.32170707396318865,-2.4129326023407653,-14.729249078123441,4.246,0.294,-0.508
0.0124,-0.184326,-0.109131,1.74585,2.441711,0.017761,-80.40451,4.31378870682901,0.8834216348576268,0.1730142835216317,-0.291893118723519,-2.318680419637369,-15.644720482761237,4.258,0.287,-0.5274
0.0121,0.035645,-0.237793,0.892578,-5.828552,-12.677551,-71.981659,4.322034007975671,0.880960898797504,0.17288303546168068,-0.5124968837057486,-2.492397068975835,-16.5152575083939,4.266,0.283,-0.5371
0.0111,0.018555,-0.003906,0.158691,6.683655,-17.590881,-81.472626,4.329929587463446,0.8730310115561308,0.17507616938694795,-0.3899682681618783,-2.823697100736799,-17.53260150040451,4.277,0.276,-0.5549
0.0123,0.308838,-0.067139,1.355957,-2.380066,16.985535,-82.144012,4.338358006500218,0.8642159544296739,0.17746370672669964,-0.4012245572472675,-2.7699227849306407,-18.667914740787076,4.285,0.271,-0.5695
0.0119,0.116699,-0.129883,1.883545,-7.415466,3.527283,-78.207245,4.34769817351831,0.8604461858878323,0.17809604205361929,-0.49074134407400094,-2.7591964390370944,-19.610465631050758,4.292,0.266,-0.5808
0.0126,-0.037109,-0.099365,1.576904,2.563782,0.475525,-73.660126,4.35841327355274,0.8588330513608452,0.17791383344701872,-0.4553777166377537,-2.7205827604786665,-20.49466879125504,4.304,0.258,-0.6019
0.0121,-0.052246,-0.047119,1.017578,0.305481,0.750183,-69.998016,4.369032326806442,0.8576769108111164,0.17754639086386462,-0.43910961168944834,-2.6611736739853575,-21.286657166952583,4.311,0.253,-0.6164
0.0113,0.15918,-0.185547,1.175293,-11.504822,8.654236,-67.251434,4.376302674216005,0.852119526468477,0.1785682041695165,-0.642786961175304,-2.6525446242653548,-22.095655974701653,4.321,0.246,-0.631
0.0118,-0.236328,-0.17041,1.44165,2.411194,-1.59967,-70.760956,4.387011421111246,0.8553227562194954,0.17678806860285518,-0.6553676618996699,-2.5376004699005152,-22.782332014317724,4.329,0.241,-0.644
0.0128,0.02417,-0.075684,1.255127,3.387756,-6.635071,-72.073212,4.397233432837926,0.8515370533963521,0.17704960883956114,-0.6077495123639998,-2.628402490460303,-23.693116505464154,4.336,0.235,-0.6569
0.0121,0.209473,-0.05957,0.798584,-8.239441,10.851501,-70.059052,4.4049186941473,0.8399757088583555,0.17963858122644155,-0.7117736090294612,-2.6842969383816535,-24.695179404659047,4.347,0.226,-0.6747
0.0114,-0.161377,-0.269287,1.743896,-4.08905,3.801941,-73.934784,4.4141338617502575,0.841529751944544,0.1783659721226017,-0.825735646550731,-2.5599108658672987,-25.423423388410843,4.354,0.221,-0.6877
0.0126,-0.137207,-0.125,1.544189,-2.380066,5.297302,-75.948944,4.424525307554026,0.8415129050113698,0.17746497437311498,-0.8644192728110724,-2.4196249480644347,-26.28661699519283,4.364,0.213,-0.7023
0.0112,-0.154785,-0.302002,1.344971,-7.262878,0.383972,-72.744598,4.432487540198029,0.8441274570005497,0.1757138950405739,-1.064217858237061,-2.3250941171605986,-26.968800457111342,4.371,0.207,-0.7152
0.0122,0.080322,-0.150635,0.950684,-2.929382,-0.440002,-70.974579,4.4405253551871535,0.8380426821686693,0.17621409735970708,-1.1682103705582243,-2.3966062106862953,-27.86349286294213,4.377,0.201,-0.7265
0.0122,0.007324,0.058105,1.728271,7.660217,8.806824,-73.599091,4.451055273224288,0.8329195739911096,0.17673264510742367,-0.9991812256303565,-2.2925891569355175,-28.75917614563251,4.388,0.191,-0.746
0.0124,-0.039551,-0.121338,1.581055,-6.622009,-13.013245,-72.042694,4.460539828692145,0.8301783284838663,0.17641644487831037,-1.0899313381993299,-2.4313551725693148,-29.601130828624203,4.395,0.185,-0.7589
0.0115,-0.041016,-0.298828,0.35791,-11.504822,3.527283,-72.714081,4.4639610577042,0.834634744479397,0.17351756665726364,-1.6111602095575035,-2.3450418132572306,-30.278657824487016,4.404,0.176,-0.7735
0.012,0.099854,-0.199951,1.200195,4.425354,1.391052,-75.826874,4.471197824581466,0.8280656020495627,0.17389910624980226,-1.6260309758592173,-2.39972961246863,-31.21973217367974,4.41,0.17,-0.7832
0.0126,0.060303,-0.017334,1.735596,6.439514,1.452087,-78.787079,4.480814551248301,0.8216282607671812,0.17453268002072767,-1.4930445309299163,-2.416877960178434,-32.22562242005499,4.417,0.163,-0.7962
0.0116,0.128174,-0.286133,1.509277,-10.345154,-3.36969,-69.509735,4.487281848308324,0.8156001773045074,0.1747529364437871,-1.7003064314948992,-2.521389811401526,-33.04918214703884,4.427,0.153,-0.8156
0.0116,0.070068,-0.198486,1.402344,-2.07489,8.47113,-70.211639,4.4945593558286925,0.8102813954358669,0.17490903484040213,-1.7752826172949057,-2.466488874166015,-33.86438375380534,4.433,0.146,-0.8285
0.0122,-0.006104,-0.124756,2.004639,1.098938,-1.782776,-71.615448,4.503494222789398,0.8061306491747126,0.17491359206644796,-1.7519440280479546,-2.4911255756157615,-34.70090715941089,4.443,0.135,-0.848
0.012,0.069336,-0.179932,1.144043,-15.838318,-9.992004,-68.227997,4.510132969781632,0.8003966172656886,0.1750874563346992,-2.0003454102140914,-2.663796006166637,-35.51855195019465,4.449,0.128,-0.8593
0.012,-0.085449,-0.192871,1.285156,-6.713562,17.93158,-63.375702,4.518095107241551,0.8001564348806162,0.1741770061538331,-2.1360743444225503,-2.405745408652797,-36.174709089655586,4.455,0.121,-0.8723
0.0124,0.279297,0.212402,2.354248,12.604065,6.182312,-62.490692,4.528290408727176,0.7870194804647376,0.17613040128176827,-1.8574461249976602,-2.429714625788985,-37.06847883494319,4.463,0.112,-0.8868
0.0122,0.0354,-0.025391,1.897705,-6.499939,-12.036682,-63.284149,4.537122022052934,0.7807083244107443,0.17658039004031328,-1.8916241677532366,-2.5950815790853343,-37.83226617316399,4.468,0.105,-0.8982
0.0119,-0.063477,-0.411865,0.375488,-23.986511,3.5578,-52.084198,4.5366260083730685,0.7901704747292839,0.17287534822016953,-2.618634672821496,-2.4883583524264488,-38.192339621310126,4.474,0.098,-0.9079
0.0111,-0.383301,-0.081055,2.223145,14.190979,3.832458,-55.71579,4.545865192753934,0.794512489221165,0.1714676470935533,-2.436973633703274,-2.3201484043888936,-38.61342123471904,4.483,0.086,-0.9273
0.0128,-0.550781,-0.267334,1.569824,18.005676,-0.958801,-61.697235,4.555243537892526,0.8073023375055952,0.1680899739033462,-2.2711387950795823,-2.0980992922175097,-39.03686664719877,4.488,0.079,-0.9386
0.0118,-0.008057,-0.259766,0.703857,0.366516,-1.904846,-57.760468,4.5593795102976395,0.8050634015194893,0.16665778865392766,-2.470826497784307,-2.1293953285658613,-39.65228778228387,4.495,0.069,-0.95
0.0119,0.227539,-0.078857,1.887451,5.829163,10.36322,-58.431854,4.567164804578541,0.792479760254293,0.1679481017480107,-2.3803261432232437,-2.113930541146818,-40.4574471761521,4.501,0.061,-0.9613
0.0122,0.029541,-0.099854,1.807373,3.418274,13.720154,-60.293427,4.57517589408947,0.7858331857661364,0.16821026915834597,-2.3282109011798493,-1.9746262476202052,-41.193101868288466,4.506,0.054,-0.9743
0.0123,-0.126953,-0.121826,1.866943,-14.495544,-6.970764,-63.436737,4.583437559788471,0.7840333681106464,0.1676118451395506,-2.5016308637345777,-2.023025608432373,-41.8717771258137,4.514,0.042,-0.9921
0.0112,0.040039,-0.131104,0.415527,-4.760437,-5.841614,-62.704315,4.5865697483360925,0.7754039365933107,0.1674365262214979,-2.7172941513250066,-2.190302212482898,-42.62157282658467,4.519,0.034,-1.0034
0.0121,0.045654,0.139648,1.059326,19.012756,10.271667,-64.810028,4.596824365422201,0.7637579674050109,0.16907178092428832,-2.3304207060770343,-2.126358415371711,-43.479784515000986,4.525,0.024,-1.0212
0.0122,0.069336,-0.043213,1.866699,-1.495056,-9.076477,-60.171356,4.604717780616839,0.7553498001129183,0.16966695192356548,-2.3121851380255474,-2.2781324495329933,-44.226649506145954,4.53,0.016,-1.0309
0.0124,0.137695,-0.208496,0.723877,-7.964783,5.114197,-59.988251,4.608357394598795,0.7425808453784323,0.17026727257604507,-2.55255127017055,-2.370638806608499,-45.07846339448117,4.534,0.009,-1.0423
0.0118,0.200439,0.065918,1.372559,6.470032,3.862976,-67.342987,4.616207598090093,0.7263956760674506,0.17230747237869926,-2.37836173159028,-2.4574036978279596,-46.028919974664554,4.541,-0.004,-1.0601
0.0113,0.072021,0.033936,1.421631,-5.340271,3.222107,-63.77243,4.623894813714121,0.7162347921390646,0.17335069047246712,-2.361792722091753,-2.473991132522112,-46.80027122885711,4.546,-0.012,-1.0698
0.0123,-0.171631,-0.293945,1.959717,-4.638367,-2.332092,-69.296112,4.630666837357149,0.7169221855316238,0.17212952460697656,-2.4690633030448597,-2.4477558985021997,-47.49939435531539,4.552,-0.023,-1.0876
0.0122,0.121094,-0.064697,0.800781,2.136536,-3.186584,-71.981659,4.636475206981122,0.7025589376340416,0.17353068488596654,-2.434329721138215,-2.626348197065891,-48.49195032128142,4.556,-0.031,-1.0989
0.0125,0.160889,0.083252,0.791016,-9.460144,7.46405,-73.019257,4.644627057001107,0.6810183803775217,0.17649394143311792,-2.402090274565623,-2.7152312088935435,-49.63922308044631,4.56,-0.039,-1.1135
0.012,0.141113,-0.096436,1.497314,-5.85907,4.595398,-73.019257,4.650657702179467,0.6701285108100453,0.1774228974465214,-2.451150158489532,-2.7484096026310914,-50.56768494361142,4.566,-0.052,-1.1329
0.0117,0.127686,0.026611,1.665283,2.380676,-11.121155,-77.078094,4.657592937609927,0.6582278202635761,0.17865226545938984,-2.3391572623742043,-2.9530754868461893,-51.531030620997356,4.57,-0.06,-1.1475
0.0122,0.111572,-0.048096,1.224854,-6.774597,-0.287415,-75.643768,4.663812753954953,0.6465770460179826,0.1797499663083014,-2.375192095416726,-3.042420091963185,-52.5082430576366,4.575,-0.072,-1.1686
0.0118,-0.035645,-0.056152,0.941162,-7.232361,-2.423645,-78.878632,4.67063295603312,0.6420065617818201,0.17960641670531188,-2.428432433205477,-3.0594903580845836,-53.37011455618754,4.578,-0.08,-1.1815
0.0121,-0.176025,-0.349365,1.774414,0.549622,-0.104309,-78.878632,4.676302968331129,0.6443098833173909,0.17804535065185723,-2.4924658060811646,-2.9972435639842536,-54.13281996468188,4.582,-0.088,-1.1977
0.0121,-0.252686,-0.266602,1.512695,8.362122,-11.609436,-86.691132,4.683302924548575,0.6488306717274087,0.17605516876130312,-2.442044347192289,-3.0294506912800303,-54.93797733328764,4.587,-0.102,-1.2236
0.0123,0.071533,-0.072754,0.700439,-1.556091,1.574158,-81.686249,4.68785270596869,0.6375315923587128,0.1769101663846392,-2.454836487053039,-3.1133346450196386,-55.98717452785924,4.59,-0.11,-1.2382
0.0116,0.071777,-0.210693,1.274414,-3.722839,3.588318,-84.127655,4.691663522284312,0.6312862120072739,0.17684910450738825,-2.5404629664029286,-3.1296243463756865,-56.92676155201505,4.594,-0.122,-1.2592
0.0121,0.153564,-0.086914,1.400635,9.430237,-3.949524,-92.519989,4.696208014162804,0.6193313275353722,0.17789264765195473,-2.3830261940304536,-3.2828753761207756,-58.09982154008873,4.596,-0.131,-1.2738
0.0123,0.078125,-0.156006,1.93042,-2.471619,2.001404,-92.062225,4.701532492251907,0.6110754212002244,0.17824598697347366,-2.3836344206085562,-3.30620572141114,-59.212066614403426,4.599,-0.139,-1.29
0.0112,0.146729,-0.038574,0.310791,-13.244324,4.931091,-88.308563,4.700943302325548,0.5850713362817719,0.1816609016917253,-2.5144967657935,-3.594564056653819,-60.5166864445982,4.603,-0.153,-1.3175
0.0123,-0.054688,-0.168457,1.915283,2.929993,-5.627991,-90.99411,4.7067939344747005,0.5808804131313593,0.1814009579745622,-2.449239600410568,-3.6555535919595004,-61.537297471233714,4.605,-0.162,-1.3321
0.0122,-0.003906,0.172852,2.003906,10.986633,-17.835022,-95.693817,4.71430080304436,0.5689663075098327,0.1825652686258483,-2.1480413430615135,-3.8874023475524693,-62.73245821839389,4.608,-0.175,-1.3548
0.0121,0.284912,-0.07959,0.170166,-7.659607,-0.867249,-92.062225,4.706520851210041,0.5344548064218949,0.18762721771169444,-2.2739319924295454,-4.450692199515997,-64.29810615685928,4.61,-0.183,-1.3726
0.0119,-0.312744,-0.227783,0.710938,-4.638367,1.146912,-93.954315,4.716544159452402,0.55446766330405,0.18350101925978107,-2.434842847697231,-4.169122315773987,-64.8865696554207,4.612,-0.192,-1.3888
0.0124,-0.040771,-0.227539,1.597412,15.503235,-3.735901,-100.790253,4.721547549529026,0.5525200382891887,0.1829182873645449,-2.23677129820299,-4.206061629276247,-65.99306835035081,4.614,-0.206,-1.413
0.0117,-0.048584,-0.162598,1.727295,5.890198,-6.055237,-99.172821,4.726761785968333,0.5493174095808927,0.18260098465358476,-2.132181461582179,-4.2591896926265225,-67.03909716760892,4.615,-0.215,-1.4308
0.0122,0.14624,-0.09668,0.409668,-7.812195,-0.47052,-99.93576,4.723838283969076,0.5321749623962353,0.1844182151030428,-2.2601658829743347,-4.526100039044024,-68.38909814945141,4.617,-0.23,-1.4568
0.0115,0.195557,-0.208984,0.253174,-1.83075,-19.757629,-104.391327,4.714216703455601,0.5211180521037749,0.18527614795929864,-2.509920930584727,-5.109654280037517,-69.61485187759124,4.618,-0.239,-1.4713
0.0125,0.109619,0.032959,1.072754,7.141418,6.487488,-103.231659,4.717636711542452,0.5048317684497466,0.18713406705396066,-2.252163737794926,-5.120266297541852,-71.01639415633446,4.619,-0.248,-1.4859
0.0116,0.017822,-0.274414,1.837646,7.660217,-14.600159,-99.020233,4.721479940102397,0.5040323974597273,0.18672715477780857,-2.1524923699968523,-5.287696355561621,-72.0037669001539,4.62,-0.26,-1.5086
0.0121,-0.037598,-0.123779,0.835938,-9.154968,-17.621399,-98.043671,4.726697959338209,0.5047988476955684,0.18607533034633025,-2.242517322449789,-5.465063205046942,-72.98953332297292,4.62,-0.269,-1.5231
0.0123,0.16333,-0.165771,0.44165,-13.67157,25.408386,-93.00827,4.720717661584621,0.4945527211179896,0.18700792485613574,-2.5085404376253813,-5.393801457676497,-74.15117865822631,4.621,-0.283,-1.5474
0.0113,-0.140381,-0.24585,1.460449,16.907043,-4.2547,-90.933075,4.726504646643213,0.5007604668735343,0.18572195509891903,-2.3288255556133066,-5.360953895234543,-74.90351861075652,4.621,-0.291,-1.5636
0.012,0.017578,-0.08374,1.181885,13.519592,-17.529846,-90.566864,4.730348210263869,0.4953661332080424,0.18602919614492397,-2.0952127388745416,-5.574497910512775,-75.9028169096006,4.621,-0.3,-1.5782
0.0122,0.154785,-0.326904,1.256348,-9.307556,8.043884,-82.418671,4.730096936249932,0.4931736650217689,0.18579578105103542,-2.277012618605333,-5.547387142604594,-76.76733384527114,4.621,-0.313,-1.5976
0.0124,0.065674,-0.32959,0.875732,-2.593689,2.886414,-80.587616,4.73018718906546,0.4981442787928982,0.18452267366762543,-2.4527553081672817,-5.549340600981623,-77.49308734558754,4.62,-0.322,-1.609
0.0125,0.034912,-0.078369,1.548828,15.106506,-11.823059,-80.190887,4.733819399815123,0.49087362348842595,0.18512221817836105,-2.1815416794802167,-5.701862637839696,-78.42997539088206,4.62,-0.336,-1.63
0.0114,-0.033936,-0.289062,0.779297,2.319641,-0.378967,-75.338593,4.7372561057286005,0.5021269403668598,0.18303726602517356,-2.313087037480172,-5.65593447983217,-78.90803830611098,4.619,-0.345,-1.643
0.0122,0.275146,-0.077637,2.07666,-13.610535,6.121277,-75.49118,4.737607377448836,0.48804334875741373,0.18453419779953886,-2.387608039183832,-5.665727739937113,-79.896103187954,4.618,-0.354,-1.6559
0.0121,0.150879,-0.226318,1.108398,-4.913025,-4.773499,-69.143524,4.736485474140385,0.48226772716067295,0.18479689272406782,-2.4869682713960404,-5.802211763074388,-80.6482129045371,4.617,-0.367,-1.6705
0.0113,-0.028564,-0.12085,1.165771,4.272766,4.503845,-62.917938,4.740358584181843,0.4807568380265633,0.18468415247713546,-2.4225367750459186,-5.7107294932297945,-81.2090420687212,4.616,-0.376,-1.6818
0.0126,0.019287,-0.233643,1.611328,-11.596375,0.231384,-55.380096,4.742957167640824,0.4781213709289828,0.18460312543228974,-2.584448095377694,-5.690573755570525,-81.75322641842551,4.615,-0.39,-1.698
0.0121,0.091064,-0.228271,0.187744,-11.016541,-4.37677,-53.732147,4.73328836229626,0.48410920742274316,0.18276762042089964,-3.105152350626334,-5.932738691268258,-82.10036510061855,4.614,-0.399,-1.7045
0.0116,-0.207764,-0.138916,1.579834,-5.401306,3.496765,-49.398651,4.7404319499758705,0.48833277107634016,0.18214798510932603,-3.149683688913137,-5.769601519681454,-82.41606026281465,4.612,-0.408,-1.7126
0.0123,0.018311,-0.050537,2.299561,-5.370789,-0.012756,-49.581757,4.744096239333975,0.48006402084941485,0.18299860312029906,-3.1387534858771318,-5.755186282715223,-82.97874186334536,4.61,-0.421,-1.7239
0.0115,0.155762,-0.065918,1.169189,-5.218201,12.926697,-43.203583,4.743330913173449,0.4665777993109197,0.1844021465424255,-3.1529701509355994,-5.68484330765654,-83.54860517309018,4.609,-0.43,-1.7288
0.0123,-0.021973,-0.046387,0.983643,-16.418152,-3.278137,-30.569305,4.747127030109809,0.4601516772769235,0.1849619406827801,-3.318775530271473,-5.681510646003483,-83.83656508523845,4.607,-0.439,-1.7352
0.0121,0.027832,-0.354492,0.458252,-15.166931,5.816101,-23.153534,4.741491355191019,0.47395825620375215,0.18232592769356026,-3.869948274292627,-5.607413288019071,-83.67859440038731,4.605,-0.453,-1.7417
0.0124,0.068604,0.054932,1.786865,6.042786,4.381775,-24.435272,4.744826663792556,0.4604486341915219,0.18384558507780305,-3.7007844876065303,-5.55585095486012,-84.02750893636521,4.603,-0.462,-1.7466
0.0114,-0.164795,-0.245361,1.533203,10.803528,-1.721741,-18.850555,4.749364124284723,0.4657286877558073,0.18287549227861843,-3.645334345644745,-5.453590761763442,-83.96593945885726,4.601,-0.475,-1.7498
0.0123,-0.16333,-0.230713,1.023438,9.216614,-3.217102,-14.211884,4.7545445541685805,0.4749078706003056,0.18126877217524504,-3.6500795647366457,-5.335326871533233,-83.77583343403182,4.599,-0.484,-1.7514
0.0121,-0.169922,-0.204834,0.369385,-2.288513,15.642761,-6.82663,4.760976986773345,0.5029366250880706,0.17699109870311833,-3.9656912789320073,-4.847266331365874,-83.18087358285158,4.598,-0.493,-1.7514
0.0113,0.13623,-0.038818,2.113281,8.331604,3.618835,-8.016815,4.762521752473671,0.4913773669781876,0.17812783716382416,-3.8357081780023528,-4.818886808224772,-83.30533887077823,4.595,-0.507,-1.7514
0.0126,-0.1875,-0.046631,1.542969,3.265686,-17.346741,-7.375946,4.768933251704954,0.49114657975574655,0.17792059998547172,-3.775459653780646,-4.905693239858733,-83.19561295280027,4.594,-0.516,-1.7531
0.0114,-0.209229,-0.441162,0.664062,-10.223083,0.53656,-0.173798,4.771291091421889,0.5130420034727647,0.17377067710094327,-4.237573627537935,-4.672692540288197,-82.62614270310374,4.591,-0.529,-1.7531
0.012,-0.023438,-0.059082,1.166016,0.152893,30.352234,2.359161,4.774325998329463,0.5063932854567436,0.1742545918935101,-4.2293152048034965,-4.255828457217833,-82.55194215196789,4.589,-0.54,-1.7531
0.0125,0.016846,0.230713,1.240479,15.594788,-7.214905,6.753693,4.779939906278018,0.4909353727728452,0.1764192305788046,-3.86207657682277,-4.324436533048804,-82.54664968117791,4.588,-0.548,-1.7514
0.0116,-0.264648,-0.04541,1.757812,-1.739197,-11.975647,11.911163,4.786408301075703,0.4925628861550722,0.17589100311847328,-3.876543171484044,-4.299175126067114,-82.19130714538856,4.585,-0.561,-1.7482
0.0124,0.229004,-0.015137,0.984375,-12.115173,-3.339172,14.627228,4.784562526640695,0.468881137080592,0.1784019404833823,-4.0038827382596365,-4.469999507564327,-82.22286309056497,4.584,-0.57,-1.7466
0.0121,-0.05249,-0.024658,0.978271,-14.129333,13.689636,15.664825,4.788748040569203,0.4631665375881297,0.178736037481132,-4.163153542290208,-4.217158541582967,-81.95870438699467,4.581,-0.584,-1.7417
0.0123,-0.186768,0.293701,1.688721,2.502747,3.344177,11.758575,4.797162599474446,0.45615621166871256,0.17976179693713987,-3.976004679380463,-4.055245831436536,-81.75789590547738,4.58,-0.593,-1.7385
0.011,0.005615,0.081543,1.227783,4.150696,-1.782776,15.847931,4.801163593394349,0.4459773629753893,0.18091969190489782,-3.8505073508898793,-4.037380124478793,-81.59526656972871,4.578,-0.602,-1.7369
0.0126,-0.0979,0.013672,2.110352,-6.560974,8.745789,16.36673,4.8054712555483645,0.4386417796404954,0.18136362581027063,-3.9015647065440535,-3.84361725255742,-81.33297373125305,4.576,-0.614,-1.7336
0.0121,-0.020264,-0.152832,0.365234,-10.955505,-4.987122,18.472443,4.803339676390425,0.4376140136581585,0.17971246077100225,-4.2841255831647755,-3.829985472375422,-80.9341204723217,4.575,-0.623,-1.7304
0.0118,-0.302734,-0.04248,0.630615,4.455872,2.611755,19.2659,4.813398381983688,0.4525692800575323,0.1768431235130306,-4.2544252015928965,-3.440585145646208,-80.27683932245779,4.573,-0.637,-1.7271
0.0123,-0.295654,-0.02002,1.817139,12.115784,5.602478,18.106232,4.819260104159375,0.45206845579095406,0.1761883757226594,-4.08536459551584,-3.202924980747467,-79.88012165468903,4.571,-0.646,-1.7239
0.0115,0.102051,-0.17627,1.521484,-3.295593,-1.752258,17.648468,4.819628283388509,0.44081708638586115,0.17670479864133862,-4.175864333896797,-3.2323869944181123,-79.69610179076042,4.57,-0.655,-1.7207
0.0121,0.103516,-0.009277,1.060303,-4.790955,-5.780579,16.305695,4.821381133624019,0.4262161896218755,0.17814945613235966,-4.204972159614193,-3.340926646250461,-79.5666662056839,4.568,-0.667,-1.719
0.0123,-0.046631,0.131836,1.791016,10.040588,10.882019,16.977081,4.826375927253417,0.4173179378632512,0.17901727623959374,-3.9949714141771695,-3.148176183028791,-79.33764866216913,4.567,-0.676,-1.7158
0.0118,-0.181885,0.053711,1.95166,-2.19696,-6.085754,19.51004,4.831633813323227,0.41270987466895886,0.1789835288255214,-3.9718557572063866,-3.10566107462179,-79.00402366510572,4.565,-0.69,-1.7142
0.0123,-0.075928,-0.141846,0.449707,-11.65741,-2.24054,19.784698,4.832424199991465,0.4117990600674887,0.1769528654192252,-4.300616415531245,-2.982062553079835,-78.58433896458313,4.563,-0.699,-1.711
0.0121,-0.153564,0.070312,1.405273,9.76593,-5.017639,16.061554,4.838506457824745,0.40810085545676156,0.17689206531900176,-4.111956326562251,-2.9224162209048377,-78.27331342611718,4.562,-0.708,-1.711
0.0111,0.080566,0.129883,1.193604,-0.884705,-1.752258,16.519318,4.842733865114512,0.3960982688770016,0.1785951887216747,-4.0066210063361,-2.9630378114813825,-78.13499704024322,4.561,-0.72,-1.7077
0.0129,0.204346,-0.022461,1.400879,-6.896667,-13.440491,16.427765,4.844042658867419,0.3794196284752972,0.18038612453525107,-4.074793288799298,-3.2087068665727188,-78.00565775678315,4.559,-0.729,-1.7045
0.0118,-0.164795,0.005615,1.36499,-5.767517,2.855896,19.449005,4.849732144130479,0.3760451060589879,0.17994662806697692,-4.109026959306113,-3.0426030501703827,-77.66421167054195,4.557,-0.743,-1.7045
0.0121,-0.074707,-0.010498,1.774658,5.768127,11.553406,13.650665,4.853867095760645,0.3687959255086628,0.18012379703648998,-4.0087814242872835,-2.8356520392440827,-77.45594187428999,4.556,-0.752,-1.7012
0.0121,0.06665,0.009766,1.664551,23.620911,-2.759338,4.983673,4.856805343467647,0.3580090919267954,0.18102923757656084,-3.6813933369333016,-2.8735548699621623,-77.40385510174865,4.555,-0.76,-1.6996
0.0112,0.043213,0.233398,1.291992,-1.495056,5.632996,5.716095,4.861863339633834,0.34796582401804443,0.18269660768936472,-3.529777381544047,-2.8153671295131892,-77.36030966185771,4.554,-0.773,-1.6996
0.0127,-0.199707,-0.238525,1.606934,-16.540222,-20.276428,7.913361,4.865286050264163,0.34336459693003946,0.18140684332574752,-3.815718600677789,-2.9465706763237454,-77.13530566695363,4.552,-0.781,-1.698
0.0115,-0.010254,0.204834,0.127686,0.244446,-5.566956,2.664337,4.879329921852706,0.3344333008056204,0.18531801724415903,-3.269379149085535,-3.020459992592196,-77.11362611524292,4.551,-0.795,-1.6996
0.012,0.159424,0.181396,1.512207,21.24054,-4.956604,-1.669159,4.882244086240528,0.3217573080069778,0.18732851581555526,-2.891787491874054,-3.1375490847364964,-77.17247356371536,4.549,-0.805,-1.7012
0.012,0.050049,0.118896,2.683105,-7.537537,7.34198,3.183136,4.885624608632306,0.31183269096127536,0.18816750035271673,-2.9186767841985013,-3.0354103178278526,-77.13409257239731,4.548,-0.813,-1.7012
0.012,-0.209473,-0.236084,0.612305,-13.488464,4.412292,-1.669159,4.888788511235365,0.3096795243693974,0.18457824333827638,-3.2949955419850383,-2.74829986151515,-77.00712329948162,4.547,-0.826,-1.7029
0.012,-0.088623,0.020996,0.84668,13.458557,-6.909729,-5.911102,4.893488944687276,0.3033714628277915,0.1842649412320923,-3.075890147456736,-2.7401963432923853,-77.00712665135285,4.545,-0.835,-1.7061
0.0121,0.008545,0.096191,1.630859,20.691223,-3.613831,-6.124725,4.897036247247235,0.29387648255274595,0.18504216754888153,-2.7462886109296303,-2.770410407868138,-77.06212024929874,4.543,-0.849,-1.7061
0.0123,0.275391,-0.129639,1.585205,-8.269958,-12.708069,-5.911102,4.8974056636781755,0.2789468323516644,0.18671207406390655,-2.8735376359397296,-3.0357146803091517,-77.19370162982807,4.542,-0.858,-1.7077
0.0116,0.033691,-0.14917,1.13916,-10.406189,9.23407,-8.657684,4.898936179834315,0.26816189953869146,0.18691155910835297,-3.0529124234000196,-2.93497096119573,-77.30278659591363,4.541,-0.867,-1.7093
0.0118,0.16333,0.220215,1.463867,6.286926,-3.980042,-11.434784,4.901988713889775,0.2560795305713935,0.18907318142912527,-2.828994057713689,-3.050798015884402,-77.46933617497405,4.539,-0.88,-1.711
0.0121,-0.110107,0.036621,1.297852,-5.401306,-8.191467,-12.045135,4.906641230474511,0.2485600691066281,0.18887083353388326,-2.8337646347433947,-3.0696385046621577,-77.55957309206876,4.538,-0.889,-1.7142
0.0124,0.174072,0.165527,1.410156,-14.770203,7.433533,-6.979218,4.909608395858242,0.23604005816070123,0.19104632777965486,-2.8924287963179864,-3.05312041434969,-77.6847865867736,4.536,-0.903,-1.719
0.012,0.055664,0.10083,1.550293,-0.091248,-7.031799,-10.610809,4.91288270417504,0.2258230169590199,0.1921199142056417,-2.805939695405487,-3.146980648291802,-77.80874289763457,4.534,-0.912,-1.7207
0.0123,0.053955,0.212402,1.165039,7.568665,-0.378967,-10.122528,4.916805222594989,0.21514535846070237,0.19385532842277622,-2.5415279173815013,-3.171549282201911,-77.93891790047365,4.533,-0.921,-1.7223
0.0113,0.04126,-0.2771,1.81665,-10.284119,4.809021,-9.390106,4.9182069757812235,0.20495911463874347,0.193820495916011,-2.7365038481604165,-3.1122662838189714,-78.04341421237366,4.531,-0.935,-1.7288
0.0124,0.216309,-0.018066,1.235596,-10.741882,-5.566956,-10.915985,4.9190427759322795,0.19140873544831438,0.1959097286949225,-2.8408723796586544,-3.2941234122677425,-78.22048012997982,4.529,-0.944,-1.7304
0.0118,0.214111,0.279053,1.61084,3.479309,17.04657,-17.446747,4.9220958067110585,0.17913545194754088,0.19836854275694146,-2.631511355947791,-3.1785776642133525,-78.47350116703339,4.528,-0.953,-1.732
0.0118,0.075684,-0.044922,1.87915,16.815491,7.769226,-16.866913,4.924235744757061,0.16856516880590502,0.1990713837780458,-2.4131510568954426,-3.1003843825526123,-78.67892675287851,4.526,-0.966,-1.7369
0.0121,-0.026367,-0.244141,1.285889,3.479309,-12.128235,-16.134491,4.926243472143351,0.15893797599243945,0.19847747715198977,-2.4747796906191457,-3.2146324169045393,-78.84543600470639,4.524,-0.974,-1.7401
0.0121,0.006348,0.005127,1.827393,5.920715,13.231873,-17.996063,4.92888962971253,0.1484393754994005,0.1989813412609249,-2.362091639028388,-3.0412633041416317,-79.0633021123286,4.522,-0.989,-1.745
0.0123,0.164307,0.132812,2.042725,11.383362,6.914734,-20.986786,4.9308953318609845,0.13678192130694328,0.2004613480070399,-2.1347011932483744,-3.0027688270858977,-79.3421049483634,4.52,-0.998,-1.745
0.0115,0.003174,0.013184,0.510986,-2.105408,-14.752747,-17.172089,4.933043301034146,0.12680839571194505,0.20120687012494118,-2.0997636185309414,-3.173992053349145,-79.53501820971118,4.519,-1.007,-1.7482
0.0125,-0.078125,-0.011963,1.232178,-11.474304,9.783386,-21.017303,4.9360161504804925,0.11690520681931174,0.20103283336290642,-2.2103648076053877,-2.991256435690379,-79.78195294574796,4.516,-1.019,-1.7563
0.012,0.096924,0.169189,2.573975,4.700012,4.168152,-21.352997,4.938251722740523,0.10627375036661792,0.2020585768068121,-2.067239234412724,-2.9539860596788348,-80.04429405410828,4.515,-1.028,-1.7579
0.0118,-0.005859,0.321045,1.570068,6.714172,1.085876,-16.958466,4.940838015572636,0.09631203267638033,0.20329367686392003,-1.80495741926559,-2.923952485164819,-80.24638814085728,4.512,-1.042,-1.7628
0.0124,0.060303,-0.079102,1.072021,-12.084656,14.666199,-12.899628,4.942484272642019,0.08494620501643235,0.2039952961648287,-1.9790114152209914,-2.771960941970003,-80.41622076395784,4.51,-1.051,-1.7676
0.0113,0.019287,-0.099121,1.143799,-5.553894,-1.263977,-13.509979,4.943967984818708,0.07526476462033048,0.20415287863100332,-2.075883072839705,-2.785066476212867,-80.56525960716226,4.509,-1.06,-1.7692
0.012,-0.025391,-0.024414,1.722656,11.841125,6.518005,-18.66745,4.945901070576806,0.06524305192467371,0.20430928263366374,-1.9116955885010278,-2.6818952460070307,-80.78526511581246,4.506,-1.072,-1.7725
0.0124,0.000977,-0.070068,1.723145,2.136536,-2.942444,-16.409149,4.947809309767869,0.054263173716168886,0.2045116936942759,-1.8851188136391552,-2.7037362406196825,-80.98272621267456,4.504,-1.081,-1.7757
0.0117,0.07251,-0.175293,0.370361,-21.48407,-10.083557,-16.592255,4.946966565222284,0.04160274694616087,0.20508463727481033,-2.4007143934079314,-2.9513971299549846,-81.19252448504776,4.501,-1.095,-1.7806
0.0119,0.017578,0.111816,1.246338,7.049866,5.022644,-18.942108,4.949309288370808,0.031204661039718723,0.20603570633901444,-2.210980987424321,-2.891692454096623,-81.42425365357143,4.499,-1.104,-1.7806
0.0121,0.084473,0.468994,1.96875,13.977356,-7.123352,-18.057098,4.951565256941076,0.020019302826205964,0.20780562628864097,-1.8357584014264747,-2.9943506793879497,-81.6560481353244,4.497,-1.113,-1.7838
0.0118,-0.086914,-0.188965,1.437012,-14.434509,7.738708,-13.815155,4.953240437258355,0.010425591453457998,0.2070421379181021,-2.073423338952241,-2.840654698402413,-81.80284019901121,4.495,-1.125,-1.7871
0.0121,0.051025,-0.198486,1.299561,-14.922791,-5.536438,-13.845673,4.954035945634217,-0.0004694751518236048,0.2071915424735515,-2.333972991662584,-2.9211448763274803,-81.9653225454951,4.493,-1.134,-1.7887
0.0119,-0.151123,0.049072,0.561279,9.399719,-18.781067,-17.172089,4.958600277058488,-0.007637126046905053,0.20549428766946667,-2.1217847677181014,-2.947986928882387,-82.11253614655637,4.49,-1.148,-1.7903
0.0124,0.013184,0.208984,0.986572,-7.140808,19.579529,-15.402069,4.961778311403659,-0.017706384819218515,0.20699403240880038,-2.0198086639095894,-2.7081048514992223,-82.30733171382442,4.488,-1.157,-1.7919
0.0121,-0.027588,-0.161377,1.666504,-10.558777,-0.928284,-14.88327,4.962941438202881,-0.028408844380366095,0.2067866173198534,-2.1880812272053523,-2.6914690020957868,-82.48300717410586,4.486,-1.165,-1.7935
0.0122,-0.131836,0.19043,1.27832,10.376282,-12.0672,-23.245087,4.9661153389745225,-0.037471805562358726,0.2067582319230798,-1.9141142034964795,-2.753516303918566,-82.74053312646687,4.483,-1.178,-1.7951
0.0121,0.019531,0.144775,1.236572,5.585022,10.11908,-17.90451,4.96820273437871,-0.04733800985186025,0.20781457584629895,-1.72620960769261,-2.6328064448146833,-82.95318485764984,4.481,-1.186,-1.7968
0.0112,0.005371,-0.322021,1.776611,-10.497742,5.755066,-14.028778,4.968641813241561,-0.0579727262984108,0.20740037809092476,-1.9505794585960867,-2.5548802238051453,-83.11891281842301,4.478,-1.2,-1.8
0.0122,0.119141,-0.043213,0.555908,1.190491,-9.656311,-18.392792,4.969123212479917,-0.07007385227470275,0.2096927367328307,-1.9570340714686294,-2.8283567239068224,-83.3593469066067,4.476,-1.209,-1.8
0.0123,0.200684,0.325928,1.391357,6.531067,10.210632,-18.514862,4.971248128672637,-0.08078664677684871,0.212414898107363,-1.6769416644551656,-2.7963572337059177,-83.59949716375563,4.474,-1.218,-1.8
0.012,-0.104004,-0.0979,1.642578,3.662415,2.42865,-7.162323,4.9725038288071275,-0.09097679305009919,0.21184345071532362,-1.6550896074817183,-2.6997901843050602,-83.68172055273143,4.471,-1.23,-1.8032
0.0118,-0.133545,-0.074707,1.13916,4.028625,-12.982727,-10.336151,4.974032259052074,-0.10082412186151814,0.21070887962821885,-1.6319479483357695,-2.748693749673478,-83.79216461093017,4.469,-1.238,-1.8049
0.0122,0.051025,0.020996,1.069092,2.563782,7.494568,-7.253876,4.975299958323002,-0.11165158545478895,0.21169003886944027,-1.5615179602573939,-2.6792284093069703,-83.88318195550046,4.466,-1.252,-1.8049
0.0122,-0.058105,-0.169678,1.668213,2.96051,-1.630188,-4.842987,4.9764294134203135,-0.12249968211359194,0.21122744924117298,-1.5819241621161697,-2.653104083963733,-83.94096090876589,4.464,-1.261,-1.8065
0.0115,0.033203,-0.041748,0.7771,-3.509216,-0.073792,-8.535614,4.977393739211433,-0.1329832053279881,0.2118625608034926,-1.6371910953514694,-2.6760954515911846,-84.04192629925649,4.461,-1.269,-1.8065
0.0123,-0.027588,-0.154053,0.959961,-5.85907,6.304382,-5.392303,4.978121283519185,-0.14439784544184875,0.21135279810167004,-1.8051234426078138,-2.5635937999210463,-84.11200343750723,4.459,-1.282,-1.8049
0.0115,0.082764,0.085205,1.619385,4.120178,-1.508118,-7.375946,4.979439545027999,-0.15423212265683753,0.2123883872473989,-1.6937434978645154,-2.602901794802441,-84.19510789568304,4.456,-1.29,-1.8049
0.0125,-0.123779,0.057373,1.852539,1.922913,-4.651428,-1.638641,4.980980117938663,-0.1646968275476571,0.21214156178186644,-1.6261004285211835,-2.589574494489027,-84.20414501618946,4.453,-1.304,-1.8049
0.0125,0.062988,-0.166016,1.496094,4.516907,-5.292297,-0.326385,4.981859156689757,-0.17647941502004427,0.21247005954347356,-1.6348736748645378,-2.667584395320742,-84.21235995822678,4.451,-1.313,-1.8032
0.0111,-0.10498,-0.103516,0.99707,7.965393,-10.358215,1.62674,4.9832667245290025,-0.18615954486542874,0.21129694468002724,-1.6063789731010027,-2.685739018667206,-84.1844885720533,4.449,-1.322,-1.8049
0.012,0.004639,-0.112305,1.38916,-2.807312,15.307068,1.474152,4.984240187965856,-0.1973724367529461,0.21138712166111806,-1.6824947054196526,-2.4862943862293387,-84.1744723375702,4.446,-1.334,-1.8032
0.0125,0.036377,-0.067383,1.7146,4.97467,4.503845,-0.753632,4.985338268183193,-0.2085776050872995,0.21178197026134293,-1.6308942436220342,-2.4278073791577586,-84.18639712903553,4.444,-1.343,-1.8032
0.0118,-0.169434,0.060303,1.87207,4.242249,-0.226379,5.075226,4.986714975788038,-0.2181974966438039,0.2112464100977152,-1.5405242886060897,-2.3410455952015075,-84.10887218583274,4.441,-1.354,-1.8
0.0124,-0.007324,-0.091064,1.189453,-7.659607,2.30658,9.927521,4.987678007282428,-0.2295601887495766,0.21124707823898037,-1.6787020532226706,-2.289812649106828,-83.9895201214804,4.439,-1.366,-1.7984
0.0121,0.151367,-0.037354,1.355957,-10.986023,-1.416565,11.880646,4.988794365426942,-0.24098780847036125,0.21264311392033103,-1.817019158974232,-2.371539952801571,-83.85473398670116,4.437,-1.375,-1.7968
0.0113,0.117432,0.089355,1.770996,-3.265076,-0.806213,12.490997,4.990312201654246,-0.25096472521933727,0.21380372723678892,-1.8004119589241365,-2.4085535853417133,-83.71053974159558,4.433,-1.389,-1.7935
0.0121,0.125732,0.05957,1.174561,3.509827,7.494568,12.490997,4.991881394980299,-0.26154002368237766,0.21546315641947225,-1.704917326045985,-2.3800033380859724,-83.56340772905406,4.431,-1.397,-1.7903
0.0122,0.170654,0.014893,1.904297,-17.547302,3.191589,15.054474,4.993412311279534,-0.2725971076848286,0.2167480556328514,-1.898958168218054,-2.3852762835860157,-83.38321314182915,4.429,-1.407,-1.7871
0.0121,0.071533,-0.270508,1.050537,-19.561462,6.945251,17.434845,4.992891851088212,-0.2845182520494184,0.21700585662207772,-2.305287816694805,-2.3292578048955472,-83.18844316474859,4.427,-1.419,-1.7838
0.012,-0.026123,0.248291,1.725586,19.134827,-9.595276,17.068634,4.9953601899501425,-0.29404268438510944,0.21758259268866234,-1.9533774783734872,-2.407658427091168,-82.96871133975175,4.425,-1.427,-1.7822
0.0117,0.00708,0.101074,1.503662,22.24762,3.5578,20.242462,4.996934820332023,-0.30430450688221544,0.21815657222673498,-1.6317574836102895,-2.345365519147022,-82.72771604196248,4.422,-1.442,-1.7773
0.0121,0.052246,-0.265137,1.375732,1.526184,7.128357,24.3013,4.998023767211312,-0.31587852645829323,0.21826847935128837,-1.7488775828406082,-2.2640090987476804,-82.44486864077915,4.42,-1.451,-1.7741
0.0126,-0.22168,-0.342041,1.557373,-4.546814,-4.559875,19.357452,4.998840047867015,-0.327451094264921,0.21644346453602697,-1.955102754175801,-2.193652602713312,-82.19490588794913,4.418,-1.46,-1.7692
0.0121,0.00293,0.019531,1.587646,10.620422,10.11908,9.164581,5.000454570353383,-0.33808037317666284,0.216807119086815,-1.7998035806024428,-2.054675650943175,-82.08284985998701,4.416,-1.472,-1.7644
0.0111,0.073242,0.245605,1.2854,2.441711,-0.562073,16.214142,5.002558701888388,-0.3466573645791662,0.21823000001301388,-1.617663530818878,-2.0857236405015533,-81.88935002843877,4.414,-1.481,-1.7628
0.0126,-0.175781,-0.073486,0.768311,-11.199646,-7.001282,23.202667,5.003525864415068,-0.35756222510061114,0.21592777680419667,-1.8172709802430742,-1.9893786471435686,-81.5849532447757,4.411,-1.495,-1.7563
0.0121,-0.164551,0.012695,1.535156,2.258606,11.12616,21.096954,5.004801903369729,-0.3679658340676534,0.21507854760123576,-1.7707462047202542,-1.7533046543087452,-81.32068509263266,4.41,-1.504,-1.7514
0.0129,0.081543,0.239502,2.037354,3.937073,1.177429,23.080597,5.0073311497023205,-0.37823487867428557,0.21609101105592626,-1.6206783052322313,-1.7472929122877816,-81.0038965065176,4.408,-1.513,-1.7498
0.0112,-0.064941,-0.187988,0.809326,-14.159851,-3.278137,24.881134,5.0074161849613015,-0.3900891687213311,0.21497000914100486,-1.9355280415987683,-1.7119827364975755,-80.74882082441212,4.406,-1.525,-1.7482
0.0121,0.138428,-0.070557,1.143311,-0.335388,8.34906,18.808136,5.009614225588843,-0.4012892456782317,0.21643469207572313,-1.9699208633945329,-1.6882130864659464,-80.53746064027874,4.404,-1.534,-1.7466
0.0112,0.035156,0.282715,2.488281,8.606262,-11.517883,18.716583,5.011943059776381,-0.40964932427233425,0.21702662007924114,-1.7735214971238442,-1.8069469977724477,-80.30479325022677,4.402,-1.548,-1.7433
0.0119,-0.063232,-0.239746,0.491699,-6.560974,-3.949524,24.484406,5.011283037026253,-0.4233410147211922,0.2152447591838241,-2.153501567410782,-1.7637386677563698,-80.05735828070266,4.4,-1.556,-1.7417
0.0129,-0.008057,-0.021973,0.998291,-5.920105,10.058044,21.463165,5.01325242539124,-0.43403200960779165,0.2154457111967309,-2.227774796191736,-1.6117715264336065,-79.78160507663864,4.399,-1.565,-1.7401
0.0112,-0.19873,0.142334,1.732178,12.298889,-7.489563,17.129669,5.015353058945033,-0.44154162410904185,0.214541387308088,-2.009851336957764,-1.5909781677037595,-79.55402901991593,4.397,-1.577,-1.7385
0.0122,-0.114502,0.283447,1.760742,4.8526,-6.238342,15.786896,5.018178593602126,-0.4492741097089468,0.21437799909658256,-1.8139202594771475,-1.6013766890468129,-79.31808280742446,4.395,-1.585,-1.7352
0.0123,-0.006104,-0.06543,1.222168,-1.95282,6.853699,20.120392,5.019928208191201,-0.4600305048392668,0.21447171820921135,-1.86327907747674,-1.4989332865187943,-79.0774034709981,4.393,-1.599,-1.7304
0.0122,0.047363,0.08667,0.709473,-5.462341,-2.698303,17.923126,5.0232992118665525,-0.4682585398749978,0.21580199710139,-1.8196274912582573,-1.575391380040984,-78.83175667772844,4.392,-1.607,-1.7271
0.012,-0.10376,0.172119,0.796875,-1.739197,-8.344055,17.25174,5.026139299185428,-0.4752644991251489,0.21510401638061627,-1.6660187970341807,-1.5711822914358962,-78.57654753752452,4.391,-1.615,-1.7239
0.0115,-0.125244,0.093262,1.549805,5.157776,6.090759,18.106232,5.027861213625314,-0.48421356673125443,0.21451593111646894,-1.5472180240847861,-1.4255124410225508,-78.35540476245421,4.389,-1.627,-1.7207
0.012,-0.102539,-0.044678,1.66626,4.883118,-5.200745,16.183624,5.029396280628446,-0.4946384777945173,0.2139379848543196,-1.496193156323479,-1.4270480530377339,-78.1635326584945,4.388,-1.636,-1.7174
0.0121,0.028564,0.045654,0.938965,-4.97406,4.412292,13.070831,5.03197582059687,-0.5028165441235186,0.21463294217552045,-1.5031437440170679,-1.3906418046301252,-77.98821458054806,4.386,-1.648,-1.7142
0.0123,-0.143066,0.065918,1.135742,6.103821,1.268982,16.946564,5.033210347686648,-0.5121060598444818,0.2135478552388515,-1.3708552022124896,-1.2700125049774742,-77.76960882184953,4.385,-1.656,-1.711
0.0121,-0.175537,0.174561,2.013672,6.775208,-10.724426,10.782013,5.0348189932521725,-0.5207960311978799,0.2128483369853448,-1.210782423786081,-1.3216707955958606,-77.6172474772772,4.383,-1.664,-1.7093
0.0121,0.15625,0.040039,1.65332,-3.143005,15.215515,9.256134,5.037990242445111,-0.528653931191179,0.21413933146292236,-1.217818622345063,-1.2023138697786762,-77.48904347149892,4.382,-1.675,-1.7061
0.0111,0.075439,-0.045166,0.93457,0.671692,-7.642151,10.44632,5.040500898006835,-0.5364458562431653,0.2151593170807265,-1.2334674920106867,-1.3448972165901274,-77.36952966818694,4.381,-1.682,-1.7045
0.0122,-0.342529,0.041016,1.251221,-4.607849,7.586121,10.782013,5.039911790030287,-0.5470259497268198,0.21245855492358706,-1.2525966522233678,-1.0466241826510563,-77.25447289112249,4.379,-1.694,-1.7029
0.0122,0.015625,0.258545,2.218506,1.098938,1.268982,10.202179,5.042378845247202,-0.5534710565092467,0.2128462914836111,-1.1384927494201094,-1.0282305972369314,-77.09270582164197,4.378,-1.702,-1.7012
0.0121,-0.11499,0.115967,1.494873,7.202454,-5.811096,7.272491,5.043502072040159,-0.5611896395788107,0.21223787095421412,-0.9803577049846823,-1.0343642367742583,-76.98824395248894,4.377,-1.709,-1.7012
0.0122,-0.144043,-0.031982,1.118652,1.892395,3.710388,9.347687,5.04374553009846,-0.5714328918458503,0.21093033679097706,-0.9676103239086289,-0.8891295415874223,-76.89786065962642,4.376,-1.718,-1.6964
0.0112,-0.054199,0.051025,0.980469,9.369202,-5.841614,2.420197,5.044903891898757,-0.5785058628913575,0.21056874780447027,-0.8104194749793319,-0.9133945772178498,-76.85605508685836,4.375,-1.725,-1.6964
0.0121,-0.20166,-0.070557,1.490479,8.545227,-1.233459,0.161896,5.044968968776132,-0.5887980788684525,0.20910005126429843,-0.7330926792540293,-0.8239098935393738,-76.8870157981806,4.374,-1.736,-1.6948
0.0121,-0.156738,-0.123047,1.38501,4.059143,3.832458,1.474152,5.045220763136632,-0.5994864141012547,0.20783043748405852,-0.7418920520029731,-0.6918956815234051,-76.91308225161306,4.373,-1.743,-1.6964
0.0121,-0.047607,0.165039,1.415283,0.671692,-13.013245,0.131378,5.0466834525210835,-0.6049230318418218,0.20775574262429145,-0.6346420224173875,-0.8227810993049914,-76.86685749072873,4.372,-1.749,-1.6964
0.0122,-0.249268,-0.014893,0.700439,-3.96698,-3.125549,4.525909,5.044472086127925,-0.6166090787918308,0.20426231456273158,-0.6873125596847562,-0.6159520451123223,-76.86433180662432,4.371,-1.76,-1.6948
0.0121,-0.143311,0.127686,1.78833,1.251526,13.201355,7.425079,5.045151092832633,-0.6229930787572294,0.2036127761399879,-0.6089658260383402,-0.39559287959210643,-76.752516737837,4.37,-1.766,-1.6931
0.0121,-0.044922,0.125244,1.251221,1.06842,5.44989,6.936798,5.046558436493365,-0.6276573406675097,0.20352809341013772,-0.5105665262437321,-0.3069747377874983,-76.62432850940708,4.37,-1.771,-1.6948
0.012,-0.079346,0.037109,0.640381,-0.701599,-2.667786,3.305206,5.0465012756234255,-0.6345182667679083,0.20252300453997257,-0.46363692380596666,-0.2585078725910487,-76.57241722858664,4.369,-1.78,-1.6915
0.0121,-0.009521,0.016113,1.342529,3.631897,-3.705383,3.579865,5.048199400696786,-0.6409577672086695,0.20258812872589801,-0.4034533494692883,-0.30290261233113175,-76.51889018939632,4.368,-1.785,-1.6899
0.0117,-0.053955,0.102051,2.081543,5.005188,-2.148987,-3.04245,5.049393962862909,-0.6464671046475634,0.20245659009690162,-0.3013930225010105,-0.31040369986741534,-76.53341561305164,4.367,-1.794,-1.6883
0.012,-0.003418,0.030273,1.136963,-1.647644,-9.045959,-3.072968,5.051073888658598,-0.6521025207400691,0.20259830613877872,-0.2937359640093589,-0.4225056179084855,-76.55262148612951,4.366,-1.8,-1.6883
0.0125,-0.106689,-0.092529,0.896729,-1.617126,3.954529,-1.760712,5.050773977697592,-0.6629089517596253,0.20133341364685792,-0.3852550063673976,-0.29191010440321863,-76.64030417468345,4.365,-1.806,-1.6899
0.0111,-0.070801,0.051758,1.363525,4.425354,1.54364,-3.683319,5.051496389800942,-0.6684642932115591,0.20094664274592464,-0.30036856881117274,-0.24072723647184538,-76.6685602099295,4.365,-1.813,-1.6915
0.0122,-0.068359,-0.001465,1.424561,-3.265076,0.872253,-0.051727,5.052271933441785,-0.6752143320072796,0.20053885445073397,-0.33482675648888915,-0.19886830370781594,-76.67436326520085,4.364,-1.818,-1.6915
0.0122,-0.093506,-0.027832,1.202881,-8.300476,3.100037,-0.814667,5.052459272346269,-0.6828766221770171,0.19980560044684292,-0.44626226241803496,-0.10936850475118677,-76.70471781779587,4.363,-1.827,-1.6899
0.0124,-0.001953,0.249512,1.321045,-1.311951,1.757263,-1.547089,5.0549323886898065,-0.6839145965847081,0.20020048252850298,-0.312971110207732,-0.09437843437495679,-76.6281604006801,4.362,-1.832,-1.6899
0.0121,-0.056396,0.199951,1.41748,-2.715759,0.628113,-5.666962,5.05630171230954,-0.6866524863984288,0.20010763396280193,-0.23218723052015328,-0.06431773257220849,-76.63331741551453,4.362,-1.837,-1.6915
0.0118,-0.103271,0.062744,1.320068,-7.018738,-4.315735,-1.638641,5.056585313878258,-0.6925095755571241,0.1994587417590908,-0.27238395682116656,-0.06297850439051422,-76.64388572678928,4.361,-1.844,-1.6915
0.0121,-0.078857,-0.032471,1.588623,-1.098328,0.261902,-4.110565,5.057077726494693,-0.699564825521062,0.19900286681518045,-0.29617476271698046,-0.028440935514532143,-76.71143357180796,4.36,-1.849,-1.6931
0.0115,0.021973,0.05127,1.391357,0.152893,0.750183,-2.401581,5.059074534894431,-0.7031608237467627,0.19935177434342577,-0.26020847553817006,-0.04019071454164213,-76.71035247683662,4.359,-1.856,-1.6931
0.0121,-0.226562,-0.175293,1.255127,0.885315,-13.013245,-4.080048,5.056785922626447,-0.715121527622947,0.1973922866771023,-0.34859649856859937,-0.0707963527882366,-76.8654226097324,4.359,-1.861,-1.6931
0.0116,-0.060303,-0.026123,1.288818,1.800842,-4.49884,-3.16452,5.057327701647935,-0.7215025759541934,0.19698667019058153,-0.3370955535943744,-0.09488002218414247,-76.91692234391766,4.358,-1.866,-1.6948
0.0121,0.009766,-0.032715,1.393555,3.631897,10.515808,-4.659882,5.0588115339848265,-0.7268733702091241,0.19716427529804453,-0.3055837270367659,0.018151902670563547,-76.97804415193892,4.357,-1.872,-1.6964
0.0121,-0.02124,0.092773,1.319336,-0.701599,-2.24054,-5.94162,5.0602905614015325,-0.7298412294615358,0.19722523040452078,-0.25382923204120145,-0.005723248135297196,-77.01162478897756,4.357,-1.876,-1.6948
0.0118,-0.176514,-0.010986,1.060791,-4.729919,7.555603,-3.530731,5.058455545873909,-0.737540766601726,0.19566328900440005,-0.3110772804166099,0.19721263082812784,-77.09019229790293,4.356,-1.883,-1.698
0.0123,-0.109131,0.058594,1.511475,1.06842,5.999207,-4.812469,5.058601984495743,-0.7421689366352391,0.19510440458000539,-0.2627521153812093,0.31545583488247286,-77.13932786070993,4.356,-1.887,-1.6996
0.0121,-0.070557,0.078613,1.160645,0.915833,-17.712952,-1.9133,5.059258734808026,-0.7455447817986074,0.1947038344156885,-0.19384607198492948,0.13638645112394882,-77.13296569151376,4.355,-1.891,-1.6996
0.0116,-0.178955,-0.108398,0.978271,1.343079,6.21283,3.183136,5.056504353659124,-0.7563214529545325,0.19289019605616317,-0.25625047434674725,0.33146054323172003,-77.19095792370229,4.354,-1.897,-1.6996
0.0121,-0.179932,0.055908,2.010498,3.326721,4.076599,2.389679,5.056239053005846,-0.7616692368779229,0.19212193779757236,-0.19034499483247103,0.4394755952073185,-77.16123208697282,4.354,-1.9,-1.7012
0.0125,-0.140625,-0.087891,0.97876,6.62262,2.123474,-5.17868,5.054108664428104,-0.770640353650864,0.1907438869063077,-0.171911657050317,0.5580677508178803,-77.30124780284788,4.353,-1.906,-1.6996
0.0121,0.007324,0.06543,1.002686,4.791565,10.424255,-3.103485,5.056197943468458,-0.7718801601825892,0.19112557875832384,-0.05895055151878704,0.659818814110771,-77.28994500541485,4.353,-1.91,-1.6996
0.0114,-0.198242,-0.156494,1.003906,0.976868,-3.705383,-0.112762,5.052488146513705,-0.7832931560487244,0.1891876646360887,-0.15993817757844603,0.7457654606955536,-77.4127541164105,4.352,-1.913,-1.7012
0.0122,-0.023682,0.065918,1.705078,1.007385,4.229187,-8.84079,5.053881156761354,-0.7860635908703792,0.189251604793181,-0.1153333188433702,0.792581014870255,-77.49305236419248,4.351,-1.918,-1.7012
0.0126,-0.005615,0.072021,1.694824,-0.793152,3.985046,-2.737274,5.055494477555595,-0.7882640818554015,0.1894316900284564,-0.08930552464792162,0.8295837353774164,-77.49590709052154,4.351,-1.921,-1.7012
0.0115,-0.178467,0.0896,1.202637,-2.9599,-4.346252,-8.291473,5.053962452420545,-0.7914237472836013,0.1882809589310058,-0.06356604385280828,0.8734769025955917,-77.56916077090371,4.35,-1.926,-1.7045
0.0117,-0.085693,0.126465,0.746094,0.091858,-2.698303,-2.615204,5.05415654485321,-0.7912936806716397,0.18767617657807928,0.07016580157309436,0.9031345442126768,-77.51188969518017,4.35,-1.929,-1.7045
0.0123,-0.087891,-0.069092,1.552002,0.854797,8.593201,-6.216278,5.053782537936003,-0.7968623592547643,0.18723440716994064,0.04632185481432764,1.0345670948014454,-77.6229391260442,4.35,-1.932,-1.7077
0.0123,-0.147705,0.138672,1.492188,3.082581,-3.49176,-10.397186,5.053260044538359,-0.7986623519599743,0.18659205243567895,0.15489834051717458,1.0484945442100817,-77.7094484882423,4.349,-1.936,-1.7061
0.0121,-0.126221,-0.185791,1.129639,-3.08197,0.353455,-2.554169,5.0507887073467534,-0.8089604751343294,0.18550872315663303,-0.005833292248282068,1.1162788768128988,-77.86068426728598,4.349,-1.939,-1.7077
0.0114,0.000977,-0.060547,1.254639,3.479309,6.853699,-12.167206,5.051709890387453,-0.8123062943293017,0.18566834919177277,-0.003924660223800173,1.1724865733999421,-78.0223757937413,4.348,-1.942,-1.7126
0.0121,-0.134521,0.115967,1.549561,6.347961,-6.665588,-10.824432,5.051307940300464,-0.8136760275372201,0.1851426431920161,0.12963706174864245,1.1388836423654458,-78.11730278751028,4.348,-1.945,-1.7126
0.0121,-0.221191,-0.105957,1.317627,2.472229,-1.721741,-4.476776,5.048064729232939,-0.8217532467765788,0.18366747764375863,0.09825438320719287,1.224106649450601,-78.24989328785168,4.347,-1.947,-1.7126
0.0127,0.050049,-0.061035,1.354736,-0.487976,7.21991,-9.390106,5.049980994225287,-0.8246749809795262,0.18415404207944144,0.05606198483581328,1.2658233780294352,-78.3849241308813,4.347,-1.95,-1.7174
0.0113,-0.100586,0.192139,1.259521,2.350159,-4.865051,-9.451141,5.050267306686509,-0.8226243590883868,0.18387419143839195,0.19849804038415636,1.2488689927023284,-78.40337485179158,4.347,-1.951,-1.7174
0.0122,-0.223389,-0.089355,1.195557,-2.868347,-2.179504,-1.211395,5.046563920329586,-0.8305617748276584,0.18229627490181108,0.10767058654921076,1.340004054640611,-78.49562643637537,4.346,-1.955,-1.7158
0.012,0.011475,0.03833,1.46582,-5.126648,6.029724,2.206573,5.048190108172427,-0.8309310700718338,0.1826276165794912,0.06917561806031453,1.3837278056562992,-78.44284000638112,4.346,-1.956,-1.719
0.0122,-0.062012,0.095703,1.374023,-3.387146,4.717468,-9.268036,5.0488152190553555,-0.8304432033632424,0.18256093824408645,0.08149143751061014,1.4521927637709495,-78.51122755207648,4.346,-1.957,-1.7223
0.0114,-0.274902,0.192871,1.222412,0.030823,-2.423645,-7.528534,5.0457944710087475,-0.8306830268066894,0.18110330564754307,0.19790504058828023,1.5636554792328552,-78.53484145163277,4.346,-1.96,-1.719
0.0121,-0.006104,-0.046143,1.009033,-2.898865,1.360535,-4.751434,5.046646937252069,-0.833664554521468,0.18124832513471315,0.12758319820710384,1.557441517198359,-78.61491341528804,4.345,-1.962,-1.719
0.0125,0.022949,-0.094482,1.494385,-1.128845,5.968689,-7.406464,5.047700467133254,-0.8364079704005617,0.18152897494621545,0.06304656215385011,1.5962847168960363,-78.73832333039466,4.345,-1.963,-1.7255
0.0122,-0.139404,0.049316,1.524658,3.113098,-3.796936,-17.416229,5.046675570644133,-0.8376564584816665,0.1810216467568597,0.12160423395495588,1.5961080856753445,-78.94067128986062,4.345,-1.964,-1.7288
0.0114,-0.141113,0.001465,1.029785,1.861877,-6.421448,-7.528534,5.0444462939777415,-0.8409688836451649,0.18011602421805453,0.14351901911078857,1.5999291942488256,-79.04429395812863,4.345,-1.965,-1.7255
0.0122,-0.127441,-0.079102,1.337402,1.587219,1.604675,-4.293671,5.042637225819981,-0.8457553370598506,0.17945773504541246,0.11659345913245264,1.666981928007195,-79.14741174625367,4.344,-1.967,-1.7271
0.0123,-0.029053,-0.056885,1.550781,1.70929,2.703308,7.79129,5.0428973176785155,-0.8479154768468655,0.17948885473953546,0.11269982294204013,1.689486183951759,-79.07294424088117,4.344,-1.967,-1.7288
0.0115,-0.398682,-0.043213,1.329346,-0.457458,1.818298,0.894318,5.036367646332654,-0.854128323044322,0.17734180427294416,0.0853709530984771,1.9002305341269161,-79.12527782026595,4.344,-1.968,-1.732
0.0123,-0.093994,0.143799,1.095947,0.030823,-1.172424,0.314484,5.036734618734181,-0.8507699056344563,0.17713175836607953,0.18893661779771018,1.9197903130665745,-79.03533017828877,4.344,-1.969,-1.7288
0.0123,-0.237793,-0.099365,1.371826,0.213928,-0.501038,7.425079,5.032533092041381,-0.8564216033672681,0.175923764007525,0.1397583482149632,2.015234736615957,-79.0192811062282,4.344,-1.969,-1.7271
0.0112,-0.001465,0.085693,1.383789,0.366516,-1.508118,5.441437,5.034322660185081,-0.8538685280259086,0.1762922513658107,0.1953720206735087,1.9697596832222644,-78.90574893480643,4.344,-1.969,-1.7255
0.0126,-0.039551,-0.018555,1.258545,-0.579529,-0.775696,3.732452,5.034462961986305,-0.8547211213429571,0.17631352454624802,0.17906181784033212,1.9544909572881177,-78.86711529667014,4.344,-1.969,-1.7255
0.0115,-0.059326,-0.019287,1.333008,2.350159,-2.60675,-1.882782,5.034208898085386,-0.8556894724155433,0.17622616985178488,0.194622200153438,1.930079207640807,-78.89986118977377,4.344,-1.969,-1.7255
0.0126,-0.028076,0.045654,1.320068,1.098938,2.947449,-3.256073,5.035065609779664,-0.8544876318457464,0.17639428319999834,0.23466626192474108,1.9543321592408514,-78.91311915095139,4.344,-1.969,-1.7255
0.0114,-0.011963,0.044678,1.381836,0.610657,0.53656,-1.608124,5.03616740118482,-0.8530989760550318,0.17665342109836105,0.26632484822769853,1.9383805915011771,-78.90389001808335,4.344,-1.969,-1.7255
0.0124,-0.053467,0.047607,1.277344,1.312561,-1.813293,-0.14328,5.036430671557167,-0.8521090528175141,0.17666516034714055,0.31142077530717344,1.918779063606592,-78.88150132743603,4.344,-1.969,-1.7239
0.0123,0.001465,0.012207,1.334961,-0.640564,0.506042,-1.241913,5.037509777649796,-0.8512925587420747,0.17696445220319354,0.30974396018327915,1.8956860470803356,-78.88373782110861,4.344,-1.969,-1.7239
0.0114,0.015869,0.007812,1.259033,-0.152283,-0.775696,-1.516571,5.038826133772045,-0.8503586649053116,0.1773458470165072,0.3119821887438266,1.848712902130219,-78.8878442740795,4.344,-1.969,-1.7239
0.0122,-0.018066,-0.012451,1.425537,0.366516,1.879333,0.955353,5.039348786655163,-0.8504014680816778,0.17750240305428164,0.30927853281717926,1.853894737176851,-78.87789625447355,4.344,-1.969,-1.7239
0.0118,-0.026855,-0.029297,1.307373,-0.487976,0.872253,2.420197,5.039591195064512,-0.8509684509356177,0.17758863940669858,0.2866230326298457,1.8517920331852038,-78.86063842483725,4.344,-1.969,-1.7239
0.0121,0.008301,0.002686,1.212158,0.488586,0.109314,3.183136,4.951474846899735,-1.200027232013387,0.008929182009021864,-0.07310705562873328,2.4212282464201498,-87.59356798848407,4.344,-1.969,-1.7239
0.0116,0.009277,-0.016846,1.378906,1.251526,-0.043274,2.847443,4.951481621455277,-1.2001376913517021,0.008943210398618192,-0.06372927620962855,2.383938859943457,-87.56800904647154,4.344,-1.969,-1.7239
0.0124,0.01416,-0.009766,1.311279,0.183411,0.506042,0.345001,4.951488593553115,-1.200249324310796,0.0089592672300556,-0.06404233283710394,2.350280776277573,-87.57019017149706,4.344,-1.969,-1.7239
0.0125,0.033691,0.031006,1.27832,0.641174,-0.562073,-1.974335,4.951494763995062,-1.2003356279591022,0.008985208358082275,-0.035819739160264805,2.2922776210407494,-87.59423392589328,4.344,-1.969,-1.7271
0.0112,0.125488,0.112305,1.266846,1.221008,-1.721741,-10.427704,4.951503875456782,-1.2004439991426554,0.009042801131501037,0.04133049532316128,2.171311273893652,-87.70073558605428,4.344,-1.969,-1.732
0.0123,0.199463,0.099854,1.369873,0.427551,4.290222,-26.235809,4.951524250454613,-1.2007911433270384,0.009106269586796572,0.08904644316277545,2.091056992096325,-88.02169214751895,4.344,-1.968,-1.745
0.0123,0.053955,0.366211,1.182129,0.641174,-1.4776,-25.259247,4.951603955478404,-1.203042058539645,0.009085558344736065,0.30467940511904923,2.015473303220037,-88.27051424217004,4.344,-1.968,-1.7466
0.0119,-0.11499,0.006592,1.085449,0.488586,6.884216,-24.069061,4.951606282292321,-1.203208961260006,0.00905483039914304,0.3053940094467605,2.1452606227563034,-88.55092179921279,4.344,-1.968,-1.7498
0.0124,-0.236084,-0.131104,1.84668,-3.112488,-2.850891,-27.517548,4.95160955872281,-1.2034721233940289,0.009001610943085173,0.2008974354456367,2.1772141353178522,-88.90331392314957,4.344,-1.968,-1.7595
0.011,0.03833,0.103271,0.990967,-0.793152,-7.672668,-43.356171,4.951617907578854,-1.2037539504995276,0.009034609208658161,0.25371637556401105,2.0350132713380304,-89.36161916121259,4.344,-1.968,-1.7644
0.0126,0.106445,0.074951,1.421143,-0.243835,5.510925,-42.745819,4.951621052692061,-1.20363790724284,0.009089064849990107,0.2702616387689865,2.0236720831821238,-89.89572726860932,4.344,-1.968,-1.7757
0.0123,-0.025879,0.129883,1.281494,0.030823,-2.60675,-50.375214,4.951621342062486,-1.2036780149607091,0.009106034290309702,0.3252506574305167,1.9811264766113375,-90.49470027884857,4.344,-1.968,-1.7854
0.0113,-0.027832,0.138184,1.199463,-2.135925,2.642273,-54.891815,4.951621286162659,-1.2036917355787624,0.00912492027275566,0.3658117772255671,2.002457206738984,-91.0912301787056,4.344,-1.968,-1.7951
0.0123,0.174805,0.11377,1.502441,0.854797,0.689148,-66.122284,4.951629073119994,-1.2035712561668672,0.009195113473658239,0.40209121316743374,1.9048469314479857,-91.89721100598469,4.344,-1.968,-1.8097
0.012,-0.048828,0.125244,1.062012,-0.091248,0.811218,-71.005096,4.951631085364406,-1.20347851082356,0.009210242315175282,0.4603614298792824,1.9249095925848012,-92.72553777256178,4.344,-1.968,-1.8211
0.0123,0.119385,0.08667,1.402588,-1.18988,3.985046,-69.906464,4.95163115089003,-1.2035676045422772,0.009259560525961002,0.4603139742953311,1.8909478808398914,-93.5790090860892,4.344,-1.968,-1.8421
0.0118,0.043701,-0.043213,1.342529,-0.06073,6.243347,-76.071014,4.951649647938055,-1.2033204028383713,0.009288596739980887,0.4027959455278826,1.9194261707490938,-94.4865769892447,4.344,-1.968,-1.8534
0.0123,0.023438,0.157227,1.209717,-3.417664,-0.745178,-80.953827,4.951667973039409,-1.203102257445563,0.009333186513568442,0.42367764714019923,1.8749031684715411,-95.46191192799374,4.344,-1.968,-1.8664
0.0116,0.141602,0.182129,1.046143,-7.262878,-5.811096,-87.393036,4.951668416412093,-1.203148368164356,0.009413075973256583,0.4323300777333294,1.6908048950448915,-96.45355938519789,4.344,-1.967,-1.8907
0.0124,0.137451,0.20752,1.348389,-2.166443,1.452087,-94.961395,4.951675222089142,-1.2031188630882053,0.009480637810810622,0.48166388181852,1.619360539821514,-97.61083743388673,4.344,-1.968,-1.9052
0.012,0.042236,0.007812,1.551025,-2.441101,-6.757141,-92.275848,4.951655640060919,-1.2032785538097437,0.009496085759205094,0.4231750168055033,1.504013720448974,-98.71972677000461,4.344,-1.968,-1.9295
0.0112,0.005615,-0.005859,1.027832,-4.790955,-0.317932,-100.942841,4.951649298748299,-1.2033279477076362,0.009507423725277407,0.3352065710987162,1.4778677223979564,-99.85218876128923,4.344,-1.968,-1.9457
0.0127,0.042236,0.056641,1.423584,-5.065613,-2.576233,-99.996796,4.951618534968718,-1.2035140573495375,0.00952858783064212,0.2681161280416845,1.4071986384844153,-101.11821818927898,4.344,-1.968,-1.9635
0.0123,-0.068848,-0.076904,1.012939,-2.776794,-9.2901,-101.675262,4.951597354250137,-1.2036184325907502,0.009502388149890838,0.14890481551173312,1.3240975785535323,-102.37884444554842,4.344,-1.968,-1.9894
0.0112,0.042236,0.066162,1.307861,-4.729919,3.283142,-102.560272,4.951577687103705,-1.2037151425012134,0.009528865173819416,0.1087119890110758,1.3170899083219567,-103.5221851421401,4.344,-1.968,-2.0072
0.0122,0.029053,-0.118164,1.320068,-2.441101,3.31366,-98.989716,4.951543129682083,-1.2038643774289228,0.009526671192312399,-0.01467888970062558,1.3203307446492012,-104.74165860252477,4.344,-1.968,-2.0251
0.0122,0.023682,-0.008301,1.337891,-3.020935,1.66571,-100.485077,4.951628204135566,-1.2035454763138191,0.009548273610732244,-0.08150498609116512,1.3044605315281925,-105.96934065865464,4.344,-1.968,-2.0493
0.0122,-0.017578,0.055176,1.076416,-6.774597,2.916931,-97.524872,4.9516475817972525,-1.2034797672167439,0.009564967376541618,-0.14773995007112323,1.3257963495588148,-107.1538252952184,4.344,-1.968,-2.0655
0.0119,0.040527,-0.031738,1.530029,-5.065613,4.381775,-94.137421,4.95163144131364,-1.2035363522483153,0.009576845817492354,-0.24571071408778833,1.3330346821727241,-108.27761328733084,4.344,-1.968,-2.0947
0.0122,0.043457,0.010254,1.35376,-0.671082,-2.576233,-95.449677,4.9516714347076825,-1.2034197536235867,0.009599599211935757,-0.2697715119509383,1.2508599571974846,-109.44258818953354,4.344,-1.968,-2.1109
0.0113,-0.016113,-0.006104,1.128418,-5.584412,3.100037,-94.717255,4.95168130399938,-1.2033929228721436,0.009605411545979946,-0.35389694063621546,1.2678012787945558,-110.51347841868304,4.344,-1.968,-2.1271
0.0125,0.020508,-0.144287,1.332275,-3.539734,-0.623108,-93.069305,4.951656990633542,-1.2034586538223955,0.009596526305859514,-0.49815508813889114,1.2190996139904813,-111.68641266609524,4.344,-1.968,-2.1465
0.0118,0.08667,0.038818,1.311768,0.458069,1.66571,-92.642059,4.951731754566196,-1.2032765048787077,0.009632898577290085,-0.4864935076865264,1.1590017406232678,-112.78041179708056,4.344,-1.968,-2.1643
0.0124,0.048828,0.00708,1.390869,-3.722839,-2.942444,-93.496552,4.951800519654647,-1.2031158585726052,0.009654940156292474,-0.5439004981188765,1.066295142606852,-113.94048675233293,4.344,-1.968,-2.187
0.0112,0.084961,-0.131836,1.126953,-6.774597,-0.806213,-91.634979,4.951748660186179,-1.2032345553718127,0.009657069502864707,-0.7166316650763075,0.9700226586021449,-114.97570851995364,4.344,-1.968,-2.2032
0.0123,0.108887,-0.048096,1.307373,-3.875427,2.245544,-91.207733,4.951747757645432,-1.2032399653028354,0.009678292605617545,-0.8009514755874811,0.9021447749651605,-116.10287753117277,4.344,-1.968,-2.2193
0.0116,-0.020752,0.054932,1.390381,-4.180603,-0.47052,-89.346161,4.951731130706668,-1.2032756406154794,0.009690611028267963,-0.8244263512486426,0.8760694533331636,-117.13767219712078,4.344,-1.968,-2.2388
0.0121,0.000488,-0.082764,1.332031,-4.668884,-0.34845,-84.219208,4.9516726128759005,-1.203389220953213,0.009684527908966902,-0.9313775583174851,0.8388473636394004,-118.15875673965043,4.344,-1.968,-2.2533
0.0123,0.020752,-0.0354,1.161865,-2.776794,-2.972961,-84.524384,4.9515917217161265,-1.203541041735173,0.009688725146821092,-0.9903504509791418,0.7537052854781868,-119.19939483895655,4.344,-1.968,-2.276
0.0123,-0.000732,-0.097412,1.368164,-4.241638,1.879333,-80.099335,4.951452732680227,-1.2037886120389405,0.009678585868896538,-1.0958242190716145,0.7433658151049963,-120.18657028101855,4.344,-1.968,-2.2922
0.0122,-0.016602,-0.14624,1.363281,-3.936462,-0.226379,-80.496063,4.951438281455554,-1.2038108494398432,0.009661870737925047,-1.2224044337892477,0.7143999099104434,-121.16978490248721,4.344,-1.968,-2.3052
0.0114,-0.033203,-0.020752,1.167969,-2.105408,-1.508118,-77.871552,4.951444188104151,-1.203801063564154,0.009661345564507371,-1.2546007149985487,0.6828803408147806,-122.05670340402068,4.344,-1.968,-2.3246
0.0123,0.040039,-0.061035,1.354248,-0.365906,5.57196,-77.505341,4.9513985628169985,-1.203874251179458,0.009665728952828544,-1.2894420622421123,0.6921724331616811,-123.0137064086427,4.344,-1.968,-2.3392
0.0115,-0.014648,0.01001,1.371582,-1.250916,-2.36261,-77.444305,4.951421419281696,-1.2038401194419215,0.009674105074765776,-1.292663312475236,0.6381461681823665,-123.90384609705646,4.344,-1.968,-2.3586
0.0122,-0.016113,-0.030518,1.240967,-2.380066,-3.827454,-74.514618,4.951366980857707,-1.2039211443979576,0.009673805885459975,-1.3333270743929686,0.5654966455397142,-124.8118971939748,4.344,-1.968,-2.3732
0.0123,0.047119,0.026855,1.216797,-2.319031,0.811218,-80.709686,4.951382970888181,-1.2039003080446502,0.009694848411924651,-1.3382277877780575,0.5080884404362185,-125.80697361664656,4.344,-1.968,-2.3877
0.0119,-0.031494,0.002197,1.275146,-2.807312,0.292419,-76.162567,4.951369702098034,-1.2039193210876773,0.0096986233619238,-1.3612302732821153,0.4949873653881301,-126.71317931498675,4.344,-1.968,-2.4055
0.0124,-0.032471,-0.039062,1.601807,-2.380066,-2.820374,-73.629608,4.951295459857539,-1.2040187573390777,0.009696107841646293,-1.3999625869655665,0.4418213826738403,-127.62491747611222,4.344,-1.968,-2.4169
0.0112,0.026367,-0.039062,1.197754,-2.502136,2.001404,-77.047577,4.951387835273817,-1.203899073859819,0.009702510516422671,-1.4417275773364322,0.412227483601806,-128.48924336346218,4.344,-1.968,-2.4412
0.0126,0.004883,0.0271,1.200684,-7.049255,0.41449,-73.538055,4.9514365892521,-1.203839321674329,0.00971699000707183,-1.5013705841150609,0.3770184952022404,-129.41727223968803,4.343,-1.969,-2.4525
0.0123,-0.107178,-0.078857,0.975342,-19.59198,-6.818176,-84.280243,4.948379524415656,-1.2075560781265544,0.009653575713395632,-1.7867247248840787,0.33186628115651656,-130.44746614258784,4.34,-1.972,-2.4622
0.0113,0.670898,-0.240234,1.571045,-4.516296,3.405212,-90.261688,4.945978798748018,-1.2103691695532652,0.009712106356134677,-1.92633408942544,0.04951813541360597,-131.47491817092077,4.337,-1.974,-2.4849
0.0123,0.320557,0.275879,0.711914,10.864563,10.546326,-94.01535,4.944351757843088,-1.2122256292582774,0.009892152509668743,-1.5476710560227913,-0.1396364098397667,-132.66528669047867,4.335,-1.975,-2.4978
0.0124,0.317627,0.076416,1.264893,-1.372986,-4.346252,-87.667694,4.942399189999276,-1.2143466828771936,0.00999817794138888,-1.5011306016386068,-0.40940383706604416,-133.75676550344076,4.332,-1.977,-2.5253
0.0112,0.477783,-0.052734,1.376221,-7.201843,-0.684143,-97.372284,4.940157043525226,-1.2166866518587656,0.010135710240825789,-1.5839800437030302,-0.6890364518233956,-134.841823096024,4.33,-1.979,-2.5448
0.0123,0.571289,0.021484,1.491699,-5.431824,2.153992,-89.895477,4.938484601526061,-1.2183665416996163,0.010305845424671481,-1.6116473713241022,-0.9537876428666707,-135.9464021284063,4.327,-1.981,-2.5577
0.0123,0.047119,-0.12793,1.457764,-6.499939,11.461853,-89.346161,4.934257048017015,-1.222456010333754,0.010403681380730986,-1.72076082685366,-0.8678951581226461,-137.03928871025047,4.321,-1.985,-2.5755
0.0113,0.195557,-0.012451,0.8479,-5.85907,3.283142,-91.573944,4.929614219634682,-1.2267778797424884,0.010623148244781153,-1.761210769054674,-1.0335131685848786,-138.07283174941804,4.317,-1.988,-2.5885
0.0124,0.739014,0.129639,1.460693,-3.478699,8.501648,-87.179413,4.926129408507705,-1.2299036670714147,0.010975024178813363,-1.7136020375219405,-1.2790575307038106,-139.16450539665072,4.313,-1.99,-2.5982
0.0122,-0.005127,-0.35376,1.652832,-4.85199,-1.59967,-77.993622,4.922789462531291,-1.2327989744130332,0.011020752793059132,-1.8881611854632279,-1.318375696583989,-140.07968229489018,4.309,-1.992,-2.6193
0.0113,0.365967,-0.018311,1.023926,0.305481,-0.47052,-91.329803,4.918511085294558,-1.2363741740400205,0.011373035990074006,-1.8532274183848583,-1.5997996893203927,-141.10393254586407,4.304,-1.995,-2.6338
0.0125,0.257568,0.088867,1.009521,-0.671082,7.433533,-88.430634,4.9132709066066065,-1.2405887101454474,0.011770707120989089,-1.74801282985186,-1.7202891779827185,-142.2283474286755,4.297,-1.999,-2.6371
0.0126,0.070557,0.016602,1.134033,-3.143005,2.092957,-89.98703,4.907644423110805,-1.244942817372251,0.012040311454394815,-1.721333722710549,-1.7678488590284447,-143.3703723561225,4.292,-2.002,-2.6435
0.0114,0.429199,-0.178711,1.752441,-5.523376,14.116882,-83.761444,4.903342153395183,-1.2481554427741548,0.012382309111473413,-1.8104260578100166,-1.8018155105202163,-144.30269255573344,4.288,-2.004,-2.6597
0.0125,0.009033,-0.137451,1.717041,1.526184,-4.651428,-81.014862,4.8983641268909235,-1.2517425164210352,0.012547340155659458,-1.799115088147701,-1.882397451693266,-145.30089845967512,4.282,-2.007,-2.6775
0.0111,0.217529,-0.091553,0.833008,-1.006775,3.5578,-77.566376,4.893307969396175,-1.2552628512371882,0.012970701446437057,-1.8393820381967394,-2.049632100250106,-146.13242032233345,4.277,-2.009,-2.684
0.0123,0.133301,-0.104248,0.888672,-2.715759,-10.724426,-65.572968,4.887293848847239,-1.2593229362584988,0.013349191628552774,-1.907286522073073,-2.3076650671448857,-146.90433991137283,4.268,-2.013,-2.6921
0.0125,0.049561,-0.283691,0.8479,-0.976257,3.405212,-63.52829,4.881653475101287,-1.2630844712396239,0.013572720887938284,-2.0995035821975616,-2.3215701481519715,-147.620864381593,4.264,-2.016,-2.7018
0.0112,0.019287,-0.253662,2.544189,3.235168,-3.522278,-62.551727,4.876742746546638,-1.2662218073889824,0.013760134640426388,-2.0874021394315676,-2.3715786624002098,-148.30149287311374,4.259,-2.018,-2.7115
0.0121,-0.000488,-0.19458,0.781982,1.739807,10.912537,-62.460175,4.87120573325538,-1.2697143397367034,0.01393789420069391,-2.1915598928692224,-2.256815136687539,-149.00624630095382,4.252,-2.021,-2.7164
0.0123,0.146484,-0.086426,0.683838,-3.753357,9.997009,-47.384491,4.865412124355704,-1.273219397009485,0.01444110032017224,-2.2796382907346726,-2.3046944678427748,-149.56673325552765,4.247,-2.023,-2.7212
0.0123,-0.11499,-0.387207,1.660889,-0.732117,-5.658508,-47.109833,4.859891951387096,-1.2765482581890635,0.014496235446801044,-2.409999982818611,-2.3284722484653186,-150.09022689399015,4.24,-2.026,-2.7358
0.0121,0.128906,-0.032715,1.34668,4.272766,-7.489563,-40.701141,4.853883143745898,-1.2799951693848672,0.014892363784453128,-2.329680477717639,-2.494857156791829,-150.58095798110736,4.235,-2.029,-2.7407
0.0121,-0.127686,-0.197754,1.210938,-0.762634,-1.172424,-30.081024,4.847810266794891,-1.2834870894967827,0.014949129083437332,-2.417520082059898,-2.428635785012657,-150.91130842229944,4.229,-2.031,-2.7472
0.0118,0.052734,-0.120361,1.244141,1.587219,-3.49176,-29.470673,4.842070761899722,-1.2867075861380226,0.015236179791530137,-2.4295065279105263,-2.4994116593613005,-151.24048977287583,4.222,-2.034,-2.7536
0.0123,-0.081299,-0.094971,1.29541,4.028625,4.015564,-24.069061,4.835942822756341,-1.2900972744325867,0.01538074546335673,-2.395329042002531,-2.3980604115775805,-151.5291155303537,4.217,-2.036,-2.7569
0.0114,0.11084,-0.139893,1.713867,-0.304871,3.862976,-22.878876,4.830517321570612,-1.2930592794611377,0.01569218009903628,-2.422761258736702,-2.3956228655171077,-151.7794589487473,4.209,-2.039,-2.765
0.0123,-0.014648,-0.10376,1.503906,-0.487976,-2.515198,-12.930145,4.824559714474723,-1.2962777036345403,0.015900258087128003,-2.447002547604281,-2.408017494976884,-151.92850666710038,4.204,-2.041,-2.765
0.0118,-0.147949,-0.231934,0.973877,2.991028,-2.087952,-9.268036,4.818743980334247,-1.2995023443747897,0.015789485808907728,-2.5509855782104114,-2.314008485975903,-151.98769870262197,4.198,-2.043,-2.7682
0.0123,-0.064453,0.080566,1.294678,0.000305,-1.508118,-6.521454,4.81283117707958,-1.3026042840337875,0.01596450781492188,-2.4717836242293347,-2.283602253508363,-152.09140490725767,4.191,-2.046,-2.7698
0.0113,-0.156006,-0.042725,1.61377,-1.800232,-7.245422,-1.638641,4.807542504466035,-1.3054159236603262,0.015964898487928595,-2.483732596885884,-2.275881904454544,-152.10854494702687,4.186,-2.048,-2.7714
0.0122,-0.083496,-0.046875,1.111084,1.282043,2.581238,-4.965057,4.8018753275160915,-1.308430463032627,0.016024300020638822,-2.4689628869195404,-2.177044002203243,-152.16893469519437,4.178,-2.051,-2.7714
0.0123,-0.276123,0.034668,1.64917,4.97467,-0.104309,-7.345428,4.796248164683321,-1.3113987204344815,0.01588994811984244,-2.362305939954316,-2.0421499785522297,-152.2700798056527,4.173,-2.053,-2.7731
0.0117,-0.091064,-0.073486,1.075928,-0.823669,-5.322815,-5.972137,4.7910156112481985,-1.3141777548795948,0.015867752626159127,-2.393335525222519,-2.0319432337830285,-152.33058637770455,4.169,-2.055,-2.7747
0.0125,-0.163086,-0.16333,1.018799,-4.058533,-4.163147,-4.080048,4.785183530010966,-1.3173158526333433,0.01566813891755554,-2.5318978166621093,-1.9577522682657018,-152.3552282309972,4.162,-2.057,-2.7747
0.0115,-0.030029,0.029785,1.432617,2.83844,-5.353333,-2.889862,4.779971617724795,-1.3200265255635106,0.01580430739776132,-2.4542190094157306,-1.9919931815203833,-152.39605311411913,4.157,-2.059,-2.7747
0.0128,-0.128418,0.054688,1.233887,-2.044373,-5.933167,-3.591766,4.774447323305231,-1.3228980254670337,0.015769049763660527,-2.417341335460396,-1.9793987729688827,-152.45287906936326,4.15,-2.062,-2.7763
0.0118,-0.10083,0.012939,1.128662,-6.164246,7.830261,-2.950897,4.769256095136609,-1.325599779201303,0.015743038316194197,-2.451424738799044,-1.8115219074498226,-152.499451000984,4.145,-2.064,-2.7747
0.0114,-0.04541,0.030518,1.674561,3.479309,2.611755,-3.072968,4.76456545024079,-1.3280259356952335,0.015826075853914778,-2.369847114677396,-1.7511004676525854,-152.54406905809176,4.141,-2.066,-2.7763
0.0123,-0.099609,-0.000732,1.163574,0.763245,-11.426331,-0.448456,4.759489367954539,-1.3306612362603558,0.015764898533396687,-2.3336567790283302,-1.8171227292084309,-152.5495717326189,4.133,-2.068,-2.7763
0.0123,-0.026123,-0.101074,0.966797,-1.739197,-10.29718,2.420197,4.753961701515523,-1.3335616491023161,0.01583701521269086,-2.4070336180211345,-1.9134252915371892,-152.50498294272404,4.129,-2.07,-2.7747
0.0117,0.080566,-0.041504,1.406982,0.915833,1.116394,-2.187958,4.748743574397349,-1.336269603262107,0.016146912603647527,-2.3905367153433534,-1.9332567386707458,-152.53193023199918,4.124,-2.072,-2.7763
0.0124,-0.051025,0.032227,1.793213,5.310364,-14.356018,1.62674,4.743513160370485,-1.3389749605101469,0.016234683696810172,-2.286060820105406,-2.0732536825481773,-152.5127390218202,4.118,-2.074,-2.7763
0.0112,-0.165283,-0.114746,0.703857,3.540344,1.787781,2.176056,4.738733859707345,-1.3415310385851589,0.0157548919033626,-2.337637706404771,-1.8778456049210799,-152.47625023191696,4.113,-2.076,-2.7763
0.0122,-0.021729,-0.060303,1.500732,2.0755,10.729431,0.711212,4.733449936053498,-1.344290642740675,0.01586878313569837,-2.3166292128141235,-1.7251090290773197,-152.47211485322282,4.106,-2.079,-2.7747
0.0117,-0.071777,-0.017334,1.232178,3.96759,3.924011,-2.981415,4.728724006551434,-1.3467590742713353,0.01584124068598683,-2.25351906662077,-1.6281983612444961,-152.51067706742182,4.101,-2.081,-2.7747
0.0123,0.028076,0.072998,1.193604,2.319641,0.719666,-2.096405,4.723640327975424,-1.3493762013071282,0.016080381875848586,-2.15225671414094,-1.6311650617701727,-152.54694118321018,4.097,-2.082,-2.7747
0.0127,-0.017822,-0.055176,1.168701,-3.112488,-2.057434,0.222931,4.7181204325778685,-1.3522509178798168,0.016178772836624215,-2.202001816576931,-1.6380269213814698,-152.54172300342893,4.091,-2.085,-2.7747
0.0111,0.109619,0.040527,1.410889,-2.593689,8.47113,-1.119843,4.713351909358167,-1.3547024941523333,0.016554890883835483,-2.1833509764278163,-1.5955380759320135,-152.5646148749139,4.086,-2.086,-2.7763
0.0123,-0.031494,-0.001953,1.482422,1.221008,-4.529358,0.558624,4.708009498966231,-1.3574704282716068,0.016632007949014947,-2.1447871143031905,-1.625356405580756,-152.55907370360728,4.079,-2.089,-2.7763
0.0123,-0.03833,0.011963,1.048096,1.343079,3.527283,-0.509491,4.702801203030235,-1.3601666414662745,0.016679847735346816,-2.0940092353878996,-1.5488751214472152,-152.5715951516753,4.075,-2.091,-2.7763
0.0122,0.01123,-0.050293,1.416504,-3.692322,5.541443,2.542267,4.697478749696472,-1.3629298943817794,0.016835488159221347,-2.1421087918433095,-1.478844883145787,-152.54279332665453,4.07,-2.093,-2.7779
0.0113,-0.029541,-0.14917,1.104004,0.580139,-6.482483,-2.310028,4.692475442279461,-1.365560838805234,0.01683739523430893,-2.2110356710098897,-1.5269049408643305,-152.55654896187175,4.064,-2.095,-2.7779
0.0125,0.076172,0.084473,1.364502,1.495667,3.161072,-5.087128,4.6869639499029905,-1.3683913489899167,0.017185433452619348,-2.118879932962122,-1.525260690703043,-152.6308420175672,4.059,-2.097,-2.7779
0.0114,0.11499,-0.019043,1.501221,1.282043,-3.36969,-1.943817,4.682025960373436,-1.370935743767574,0.017551348409547515,-2.089285187011369,-1.6138671485316267,-152.6531419322978,4.051,-2.1,-2.7811
0.0123,0.043701,0.088867,1.21875,1.404114,0.322937,-5.270233,4.676738177924251,-1.3736352029824104,0.017842151796465127,-1.9910291710748866,-1.632258781162582,-152.72822380134278,4.047,-2.102,-2.7795
0.0122,0.079346,-0.047119,1.411133,1.983948,1.757263,-2.859344,4.6713350219715855,-1.3764194620412546,0.018163558545242417,-1.9682816654288602,-1.6460423492307033,-152.7629639037707,4.042,-2.103,-2.7811
0.0119,0.000732,0.050293,1.508301,2.319641,-5.627991,-4.507294,4.666230226330275,-1.3790259256823745,0.018306929774086125,-1.89147634225391,-1.7050419418057274,-152.8207133375384,4.036,-2.106,-2.7828
0.0124,0.009277,-0.011963,1.130859,0.091858,-5.26178,-4.202118,4.660617964664815,-1.3819010582818845,0.018492102301489247,-1.8741505183266265,-1.769899435577031,-152.8725885574261,4.031,-2.108,-2.7844
0.0113,0.076416,0.025879,1.263428,1.312561,-8.252502,-4.629364,4.65556744933782,-1.3844711731042476,0.018846800334347373,-1.8202944908490035,-1.9004074302811909,-152.9252409147313,4.023,-2.11,-2.7844
0.0123,0.02002,0.078125,1.359375,0.366516,-2.942444,-2.706757,4.650113777393076,-1.3872273488915325,0.019077976197278218,-1.7498437093452375,-1.937263876028712,-152.96577380490697,4.019,-2.112,-2.7844
0.012,-0.063721,-0.082764,1.580322,0.610657,9.35614,2.511749,4.644730346724054,-1.389981145052907,0.019075663468594073,-1.7628718054070527,-1.781726922367808,-152.93858869625063,4.014,-2.114,-2.786
0.0116,-0.053467,-0.156738,1.38916,1.06842,11.797546,1.413116,4.639691459050711,-1.392583360172786,0.01904368451394267,-1.8152026280143632,-1.6064669821333573,-152.92031884162617,4.007,-2.116,-2.7876
0.0121,0.071289,0.055176,1.362061,0.366516,0.811218,-4.04953,4.634668167326127,-1.3951288580642258,0.019375619436914224,-1.7575077723233061,-1.6297916955127238,-152.9746171011222,4.003,-2.118,-2.786
0.0123,-0.010254,-0.053955,0.962158,2.258606,-7.489563,-3.622284,4.629172563037283,-1.3979411726264488,0.01947323238777831,-1.7494882678353778,-1.7089931342894462,-153.01454318948262,3.996,-2.121,-2.7876
0.0122,0.024902,0.023193,1.229248,1.251526,3.527283,-5.81955,4.6236948125551125,-1.4007147566586406,0.019708410428433704,-1.69692557551004,-1.6755592662797922,-153.0904112656547,3.991,-2.122,-2.7876
0.0123,-0.048096,0.08374,1.844727,1.312561,-5.231262,-1.425018,4.618281513771359,-1.4034358859192544,0.019753495859233323,-1.6265456372231155,-1.7087646410549384,-153.11296632649282,3.986,-2.124,-2.7876
0.0112,-0.066895,0.055664,0.900391,2.533264,3.862976,-0.570526,4.613429241062164,-1.4058615364797005,0.019642014639287185,-1.5309053925934857,-1.604929576298203,-153.12951724420586,3.98,-2.126,-2.7892
0.0123,-0.081299,-0.022217,1.414062,-2.07489,4.137634,-4.476776,4.608015886026771,-1.408594322195619,0.019553677747600744,-1.5482223598922076,-1.5036958852981765,-153.18872175698814,3.975,-2.128,-2.7909
0.0126,-0.041016,0.046875,1.236328,-0.579529,-5.811096,-3.469696,4.602602271575302,-1.4113089252910505,0.019568846575884237,-1.506617209867482,-1.545681480671372,-153.2357946775696,3.968,-2.131,-2.7909
0.0112,-0.016357,0.026611,1.35791,-1.434021,2.520203,-1.730194,4.597647439775804,-1.4137941852497873,0.01964809259501598,-1.4888582408038074,-1.5014536189559722,-153.25920909771602,3.963,-2.133,-2.7925
0.0122,0.031494,-0.000977,1.54248,-0.640564,1.42157,0.131378,4.5922379104261,-1.4165161464571547,0.01985337921658454,-1.4793636559348597,-1.4916082901056245,-153.2589281229467,3.958,-2.134,-2.7925
0.0124,-0.048584,0.031006,1.106445,-1.403503,4.686951,-1.180878,4.586913786372721,-1.4191773026598218,0.019826523202406268,-1.4563442123861678,-1.3958680928742335,-153.27974545120406,3.951,-2.137,-2.7957
0.0112,0.106689,-0.063477,1.2854,-0.091248,3.039001,-2.645721,4.582082268528923,-1.4216302168155497,0.02025338798654807,-1.4761260695234202,-1.419994718131037,-153.30620854268486,3.946,-2.139,-2.7957
0.0124,0.019775,-0.005371,1.595703,3.021545,-0.714661,-3.896942,4.576814089283713,-1.4242747567530594,0.020414920651735585,-1.4228855559881732,-1.4318125340685286,-153.35524079745238,3.94,-2.141,-2.7973
0.0121,-0.012207,-0.028076,1.289307,1.95343,-7.886292,-2.187958,4.5716596517837,-1.4268567916137285,0.020482723399440995,-1.3979342944047028,-1.5135829016150393,-153.3802041326807,3.936,-2.142,-2.7973
0.0115,-0.004395,-0.053223,0.814209,2.014465,-5.50592,-2.615204,4.566815877353462,-1.4292924641025733,0.020577412778971942,-1.40501038728105,-1.5710456907269568,-153.407071542935,3.931,-2.144,-2.799
0.0122,0.019287,0.017578,1.597656,5.798645,-4.071594,-3.805389,4.561642282674429,-1.431874740380223,0.020743534714809088,-1.3085829555501958,-1.6213068104840842,-153.4538743401032,3.924,-2.147,-2.8006
0.0126,0.0354,0.032715,1.663574,4.364319,-6.238342,-3.652802,4.55626232060819,-1.4345548583578518,0.020955927285017217,-1.2221919292992425,-1.7063219511978138,-153.49958955249798,3.92,-2.148,-2.8006
0.0112,-0.00708,-0.019531,1.538574,-1.739197,8.654236,-1.241913,4.551429121712366,-1.4369589569251529,0.02104814585115596,-1.2356877259438845,-1.596886775696705,-153.51669436288196,3.915,-2.15,-2.8006
0.0125,0.030518,-0.003174,1.263672,2.044983,-4.163147,-2.889862,4.546252552751859,-1.4395372557106563,0.021272070373996404,-1.1956682670809142,-1.6599478255580682,-153.55180051930054,3.909,-2.152,-2.8022
0.0121,-0.072754,0.077637,0.928223,-2.776794,9.905457,-7.772675,4.541313197662864,-1.4419491267696232,0.021112544373862396,-1.1470442942504282,-1.479206797439525,-153.6564624648682,3.905,-2.154,-2.8006
0.0115,-0.026123,0.039795,1.599365,-2.441101,2.30658,-2.828827,4.536604585127959,-1.444264235250655,0.02114687991203068,-1.1409409888586148,-1.4329406019518718,-153.69234718345072,3.898,-2.156,-2.8022
0.0121,0.021484,0.132324,1.387939,0.488586,-7.367493,-3.713837,4.531709265585193,-1.446666708587864,0.021343215293280367,-1.0476815719361177,-1.5271446615322453,-153.73895108959078,3.893,-2.157,-2.8038
0.0123,-0.009766,0.049561,1.003174,-4.97406,-1.202942,-0.601044,4.5267111047244795,-1.449113957767446,0.021444693382760286,-1.0560770484578332,-1.5300216364296697,-153.7494074344399,3.889,-2.159,-2.8038
0.0123,-0.092041,-0.145752,1.178711,-9.826355,-1.752258,-0.448456,4.521764279665277,-1.451533080728009,0.021185334782495274,-1.2546931502344507,-1.4865319747320191,-153.75644188130366,3.883,-2.161,-2.8054
0.0121,-0.115479,-0.012695,1.550293,-2.502136,-2.36261,-2.950897,4.516811854401478,-1.4539401019012188,0.020956373840935124,-1.2747410273534479,-1.4508710905779802,-153.7969814210192,3.879,-2.163,-2.8054
0.0116,0.029785,0.150146,1.349121,0.580139,-2.087952,-2.828827,4.512175412083666,-1.4562170558778407,0.021186176709599786,-1.1677364974380668,-1.4857282019522726,-153.832090876113,3.872,-2.165,-2.8087
0.0124,-0.070801,0.000488,1.186279,-6.560974,-4.926086,-1.058807,4.5072538629947365,-1.4586007364924043,0.021031464903595712,-1.2325639846368381,-1.4951484070303123,-153.84937585260548,3.868,-2.166,-2.8087
0.0113,-0.089844,-0.092773,1.229248,-0.457458,4.412292,-0.936737,4.5026854408032015,-1.4608070025718907,0.020787811841125794,-1.2789217827605621,-1.3844384989630794,-153.8651505277798,3.864,-2.168,-2.8087
0.0123,-0.048828,-0.028564,1.840576,9.582825,8.898376,-1.058807,4.49785455115595,-1.4631614457534388,0.020757159437967347,-1.1585481654041034,-1.2479829327456056,-153.8825536782056,3.858,-2.17,-2.8103
0.0122,-0.076416,-0.0354,1.244873,2.777405,-3.003479,0.894318,4.493117560525727,-1.4654536806468255,0.020566371714314326,-1.132062203180767,-1.2334543435058896,-153.87465039697284,3.854,-2.171,-2.8103
0.0123,0.010498,-0.081787,0.852539,1.221008,-3.003479,-5.605927,4.488405957720352,-1.467763583870397,0.020712682115403547,-1.1725187276869597,-1.2811545279602596,-153.94199338009346,3.847,-2.173,-2.8135
0.0114,-0.06665,0.07373,1.639404,9.338684,-3.461243,-7.803192,4.48396494915899,-1.4699207769752298,0.02061639616193514,-1.0166912940189912,-1.2846483144863605,-154.03280375760954,3.843,-2.175,-2.8135
0.0121,-0.023193,0.060303,1.52417,5.98175,3.008484,-6.307831,4.479310645539846,-1.4721846205988158,0.020646656075692358,-0.9003653102763048,-1.232450793473862,-154.11048876070862,3.839,-2.176,-2.8151
0.0124,-0.02124,-0.022461,1.114258,4.120178,-0.745178,-3.835907,4.474622153961547,-1.474448951310071,0.020653014308664237,-0.8516125426200658,-1.2251542364559185,-154.1592658596999,3.833,-2.178,-2.8184
0.0121,-0.138916,-0.036377,1.264404,3.72345,8.715271,-1.577606,4.470078250965345,-1.476596093356794,0.020235238403286324,-0.8168407187627712,-1.0341356470924106,-154.18583677895217,3.829,-2.179,-2.8216
0.0115,-0.040771,-0.044189,1.47583,-0.610046,7.616638,-2.096405,4.465776108900963,-1.478660264209385,0.02017513248537969,-0.8352720073366582,-0.923690587498416,-154.2129305475546,3.823,-2.182,-2.8232
0.0122,0.072998,0.042236,1.170898,-1.128845,-7.703186,-5.666962,4.461325584317007,-1.4808497664858513,0.02055499487140429,-0.8087007543320659,-1.065119905216579,-154.27655860294394,3.819,-2.183,-2.8232
0.0121,0.01123,0.077881,1.27832,-1.06781,4.015564,-4.324188,4.456812525163259,-1.4830432496060604,0.02070240267460694,-0.7630267026573706,-1.0222864592238734,-154.3275300406706,3.815,-2.184,-2.8232
0.0113,0.000244,0.010498,1.370605,-0.671082,-7.459045,0.772247,4.4524605785689415,-1.4851375767886181,0.020776277876302002,-0.7543379488078588,-1.1033809178286995,-154.317422429374,3.81,-2.186,-2.8249
0.0123,-0.006592,0.000732,1.055908,0.122375,0.445007,-1.943817,4.447786517347072,-1.4873847915613043,0.020847381135680094,-0.7406330878546838,-1.092810289768605,-154.34145809549096,3.805,-2.187,-2.8265
0.0123,0.023193,-0.069824,1.520264,0.702209,2.459167,0.894318,4.443216000390966,-1.4895789012282632,0.020984326027613978,-0.757230328059171,-1.0704935973875283,-154.33104164042834,3.799,-2.189,-2.8249
0.0122,-0.053711,-0.090576,1.027344,4.333801,2.245544,-2.828827,4.43874799365831,-1.4916838008625624,0.02080926907875121,-0.7598678546689708,-1.0041159828159507,-154.37041256987212,3.796,-2.191,-2.8265
0.0113,0.039551,0.045898,1.513428,1.465149,2.062439,-5.666962,4.43468794427449,-1.4936528386694714,0.021008928263254265,-0.7090432685090107,-0.9988588598465522,-154.4325451664486,3.792,-2.192,-2.8265
0.0123,-0.027832,-0.025635,1.163086,0.122375,-2.026917,-4.904022,4.430302469221607,-1.4957366850567537,0.020971297669038887,-0.7128781327041781,-1.0054029844299797,-154.49398346361244,3.786,-2.194,-2.8297
0.0122,-0.019043,0.039551,1.257812,2.991028,0.506042,-6.460419,4.425781483935947,-1.4978969918541425,0.02099172670330181,-0.6411615779052504,-0.9872683276704868,-154.57231937330516,3.782,-2.195,-2.8297
0.0123,0.041016,0.054199,1.265137,4.181213,-3.308655,-4.812469,4.421249302400031,-1.500082353807835,0.02123969489260107,-0.5471288366953834,-1.0515614579795882,-154.6277496539175,3.776,-2.197,-2.8313
0.0113,-0.02002,-0.053955,1.370117,1.282043,2.398132,-5.94162,4.417182341803205,-1.5019938658412277,0.021228231498445677,-0.5533182327337121,-1.0116173688762033,-154.6970308027033,3.773,-2.198,-2.833
0.0123,0.071777,0.075439,1.489014,3.998108,-2.576233,-4.537811,4.412733414138728,-1.5041371350335044,0.021545399675360632,-0.45703034743073595,-1.0772015394642116,-154.74820362183343,3.769,-2.199,-2.8313
0.0115,-0.026611,0.033203,1.303711,1.648254,-4.742981,-2.859344,4.408588295409508,-1.5060866148674703,0.021524175050578555,-0.41074795618841903,-1.1133861309339166,-154.78093558683787,3.763,-2.201,-2.8346
0.0123,-0.015137,0.032227,1.321289,-1.18988,-0.684143,-5.483856,4.404021278332612,-1.5082370429089536,0.021557554972485765,-0.3983432494936898,-1.1104806812532384,-154.84811353260542,3.759,-2.202,-2.8346
0.0125,0.036377,-0.026611,1.190186,-1.372986,3.893494,-2.432098,4.3995775740077505,-1.5103379862410187,0.02178806585244367,-0.4246441310152974,-1.08385549769286,-154.877626901442,3.754,-2.204,-2.8346
0.0112,-0.046143,0.007812,1.33374,3.692932,3.893494,-5.026093,4.395606252234234,-1.5121809054755577,0.021692050064779263,-0.3711201044969957,-1.0119697601972735,-154.93582402748552,3.75,-2.205,-2.8362
0.0122,0.070557,0.074463,1.278809,0.427551,0.383972,-5.575409,4.391334455437513,-1.5142305892281516,0.022054129331633476,-0.31397841398621584,-1.0479330960431485,-154.99846425939415,3.746,-2.206,-2.8362
0.0123,-0.037842,-0.053955,1.391602,-2.624207,7.036804,-1.516571,4.387012140354317,-1.516219140631601,0.021986904270027825,-0.3693355465702373,-0.9389450614220306,-155.02032738863278,3.74,-2.208,-2.8394
0.0116,-0.019043,-0.032227,1.453369,2.472229,-2.026917,-2.615204,4.3831103674169265,-1.518022845888162,0.021974628960138118,-0.3510793716171735,-0.9504764296663144,-155.05190639857904,3.737,-2.209,-2.8394
0.0126,-0.132812,-0.043945,1.24707,1.95343,-1.294495,-2.371063,4.378846338027743,-1.5199321447775527,0.021518308421908227,-0.34649010941745473,-0.8853545948538766,-155.0883784930509,3.733,-2.211,-2.8378
0.0116,0.01001,-0.093994,1.205811,1.129456,-4.773499,-2.584686,4.3747100763006,-1.5218320420700198,0.021605878512608687,-0.38575692005273016,-0.9469059643462971,-155.12077700417765,3.728,-2.212,-2.8394
0.012,0.083496,-0.015137,1.233887,8.270569,-2.393127,-3.988495,4.370554535921798,-1.52379350177811,0.022006771996082215,-0.2891626728649194,-1.0263612398186626,-155.1655692328575,3.724,-2.213,-2.8394
0.0123,-0.013916,-0.038086,1.275879,9.491272,0.65863,-1.302948,4.36625371739558,-1.5257688534359672,0.022019708048444865,-0.19033888365482593,-1.0083522384874475,-155.1833707757733,3.718,-2.215,-2.8394
0.0118,-0.042236,-0.035156,1.380615,3.998108,6.029724,-6.246796,4.362146499705003,-1.527644504536183,0.021931800251285237,-0.15728260621421009,-0.912590859121861,-155.25965985276213,3.715,-2.216,-2.841
0.0124,-0.021729,-0.024414,1.387695,1.95343,-0.440002,-5.422821,4.358078090671898,-1.5295060142265846,0.021912770934069584,-0.14147717845363955,-0.9049183439645136,-155.32823706797825,3.711,-2.217,-2.841
0.0113,-0.075928,0.068848,1.128418,4.577942,-3.430725,-8.260956,4.354139611080272,-1.5313096930727195,0.021670976814001965,-0.03783933822410497,-0.8930223582778412,-155.42044343520635,3.706,-2.219,-2.8427
0.0128,0.094971,0.109619,1.210693,1.556702,1.085876,-5.270233,4.349647901866328,-1.533448686034717,0.022164421994149863,0.05455792795191581,-0.9384194131465343,-155.4788926838478,3.703,-2.22,-2.8427
0.0113,-0.011719,-0.017822,1.390625,-5.798035,3.405212,-1.058807,4.345871298458506,-1.535161779622644,0.0221798178959917,-0.017867002403036493,-0.8923370446443878,-155.4918228617856,3.697,-2.222,-2.8459
0.0125,-0.089844,0.055664,1.514648,-3.356628,1.818298,-2.889862,4.341585068250826,-1.537095750132218,0.021960407581363115,-0.02829121911182617,-0.8228944317085028,-155.52854461986468,3.693,-2.223,-2.8443
0.0124,0.019043,0.083008,1.318848,-1.495056,1.696228,-1.455536,4.3374375328377655,-1.539022297160312,0.02212058968171825,0.004582507380856492,-0.8130928753642211,-155.54211970492207,3.69,-2.224,-2.8459
0.0115,-0.008057,-0.043457,1.187988,-1.983337,2.001404,-4.507294,4.333695497911567,-1.5407070071789726,0.022143771842050238,-0.0422359390105639,-0.7862962139571514,-155.59601263627135,3.685,-2.225,-2.8459
0.0122,-0.02417,-0.075684,1.325928,0.610657,-1.996399,-4.446259,4.329621758596064,-1.542520721349086,0.0220982422399132,-0.07452045774493256,-0.7969904215945423,-155.6540059884139,3.682,-2.226,-2.8459
0.0114,0.039795,-0.054443,1.529785,3.113098,3.862976,-3.835907,4.325964926272366,-1.5441757217673238,0.022271671433006852,-0.06283232415926088,-0.7724569029996854,-155.69859224983017,3.676,-2.228,-2.8475
0.0123,-0.003174,-0.025635,1.465332,2.472229,0.841736,-4.995575,4.321970345336753,-1.545972169219003,0.02231442381231267,-0.04218969924148585,-0.7603522378387586,-155.7609090491995,3.673,-2.229,-2.8491
0.0119,0.031738,-0.0354,1.155029,-2.227478,-0.653625,-3.652802,4.318150156469363,-1.547697151934263,0.02251190056532844,-0.08768122310345952,-0.7910003329627658,-155.80466343625957,3.669,-2.23,-2.8491
0.0118,0.040771,0.054443,1.26416,0.305481,3.893494,-5.17868,4.314258552771111,-1.5494817990398804,0.022755963625004264,-0.04678142207392476,-0.7708914581549834,-155.8623517366672,3.665,-2.232,-2.8508
0.0123,0.12085,0.180664,1.534912,1.495667,-1.416565,-4.598846,4.310145905723907,-1.5514111400870045,0.023238950675721282,0.06329707900782779,-0.8465285222430458,-155.91036108209022,3.66,-2.233,-2.8508
0.0123,-0.061035,0.030518,1.348145,-2.9599,-0.195862,-2.004852,4.30606666168217,-1.5532126878294796,0.023082729898379922,0.046909025472041836,-0.8139584280065193,-155.9360336166767,3.655,-2.234,-2.8524
0.0123,0.010254,-0.017822,1.288574,-5.98114,3.161072,-1.486053,4.302113859709389,-1.554980588677839,0.023186332816674447,-0.03391575244312534,-0.781934979604638,-155.9543292251973,3.652,-2.235,-2.854
0.0112,-0.018066,-0.013428,1.242188,-1.922302,4.534363,-1.9133,4.298564560968045,-1.5565540870117585,0.02317428897729865,-0.059954024055084494,-0.7216207159731485,-155.9765748006183,3.649,-2.236,-2.8524
0.0124,0.01123,-0.057861,1.547607,-2.410583,5.083679,-3.439178,4.294524643310498,-1.5583489034434983,0.02325935184854762,-0.11462291190482658,-0.6647053037993729,-156.0203719050048,3.643,-2.238,-2.8524
0.0123,0.049561,0.005615,1.229248,-2.563171,3.740906,-4.080048,4.2907098752582,-1.5600746693099028,0.02353307304399759,-0.1376818554353076,-0.6523820996600528,-156.06885436277014,3.64,-2.239,-2.8524
0.0111,-0.008301,0.007812,1.125244,-4.180603,3.283142,-4.293671,4.287215627144493,-1.5616274551799985,0.023568256325225023,-0.1731632865738114,-0.6141363269518033,-156.11625113994282,3.636,-2.24,-2.8556
0.0122,-0.003174,-0.044434,1.245605,-7.201843,-0.104309,-1.302948,4.283276331087707,-1.5633653584121425,0.023610478511587277,-0.2824777326827046,-0.6162692408578175,-156.13292147907464,3.632,-2.241,-2.8556
0.0125,-0.043457,-0.008789,1.551025,-2.807312,4.351257,0.8638,4.279327535968883,-1.565098385247751,0.023525604407156855,-0.31637958873322436,-0.5418982335578187,-156.1230752922852,3.629,-2.242,-2.8572
0.0122,-0.052979,0.002441,1.440186,-2.990417,2.886414,3.366241,4.275519620672306,-1.566768190395555,0.02339941656492084,-0.34576476890451113,-0.48095480207515273,-156.0827784093725,3.624,-2.244,-2.8556
0.011,-0.029297,0.015869,1.038086,-3.448181,0.597595,0.802765,4.272036323785752,-1.5683087604412909,0.02333642971813614,-0.36466564812784247,-0.4588019568035822,-156.07378448180626,3.62,-2.245,-2.8572
0.013,0.013184,0.035889,1.19458,-1.525574,2.520203,0.283966,4.26803929363846,-1.5701037543069873,0.02347304862232034,-0.3546003742375257,-0.4395378120913231,-156.06873907759,3.616,-2.246,-2.8572
0.0112,0.030518,0.013184,1.428711,-1.983337,-1.813293,-2.676239,4.264582950666807,-1.5716579838306748,0.02363651633915971,-0.36313084510125343,-0.4795174948198868,-156.0974001958636,3.612,-2.247,-2.8572
0.0123,-0.032715,0.026855,1.210938,-1.769714,1.116394,-6.551971,4.260695984250693,-1.5733753038618767,0.023575256091316183,-0.36034958467511513,-0.45021785444713686,-156.17793326790743,3.609,-2.248,-2.8572
0.0122,-0.00293,-0.011475,1.276855,1.526184,3.008484,-4.598846,4.257023833217755,-1.5749988080772097,0.02362552086304783,-0.3418090423138326,-0.41671733144333906,-156.23417609647214,3.604,-2.249,-2.8605
0.012,-0.067383,-0.035156,1.301758,2.533264,-3.003479,-3.011932,4.253429462185147,-1.576546675602294,0.023413258738565326,-0.32573615794942873,-0.41748683544416887,-156.27203384153458,3.601,-2.25,-2.8605
0.0125,-0.041016,-0.037842,1.294678,1.007385,-5.048157,-2.126923,4.249577148288036,-1.5782164729768602,0.023302103973134394,-0.32923377747573834,-0.4603133005207161,-156.29973262602124,3.597,-2.251,-2.8605
0.0112,-0.036621,-0.022949,1.378418,1.892395,-4.041077,-0.417938,4.246087789432109,-1.5797313593442512,0.02321536865380336,-0.31490224204785383,-0.4883050727191994,-156.30513880640083,3.593,-2.252,-2.8621
0.0122,-0.036377,-0.020752,1.231934,1.465149,-4.895569,-2.615204,4.2424292798398096,-1.5813185917090429,0.023120693412999122,-0.3036031430978481,-0.5291805900189257,-156.33781830929735,3.59,-2.253,-2.8605
0.0125,0.004639,0.027344,1.359863,-1.159363,2.520203,-1.119843,4.238650416710767,-1.5829897637460546,0.023205746122866872,-0.29665568229955913,-0.5035503395983735,-156.35079902892227,3.585,-2.255,-2.8605
0.0112,-0.045898,0.013428,1.462646,-1.922302,2.916931,0.8638,4.235269583640792,-1.5844600390664598,0.02310366231194418,-0.3054959172508778,-0.44974701264214056,-156.34153312242466,3.582,-2.256,-2.8605
0.0125,-0.05249,0.034668,1.224609,-0.762634,1.635193,-1.669159,4.2316289599533,-1.5860475430638097,0.022961344333778413,-0.2870637584419023,-0.4015157469755336,-156.36223873816513,3.578,-2.257,-2.8621
0.0122,0.023193,0.069336,1.256348,1.129456,2.55072,-3.957977,4.2283242420038345,-1.587537730387428,0.02313277294770174,-0.2252450291674979,-0.38988463742083,-156.40746997304524,3.575,-2.258,-2.8637
0.0113,-0.041504,-0.035889,1.296387,0.763245,-0.256897,-4.1716,4.225143061886551,-1.5889001364987525,0.02301957793377885,-0.23240211742226846,-0.37322253462396066,-156.45628540348804,3.572,-2.259,-2.8637
0.0124,0.008789,-0.015137,1.310547,1.251526,0.933289,-4.232635,4.221581484153503,-1.5904584314328136,0.023109627081309966,-0.22037921404015598,-0.37190588383997075,-156.50862386309376,3.567,-2.26,-2.8637
0.0121,-0.037842,-0.016113,1.401123,0.183411,-1.111389,-3.378143,4.218185915600865,-1.5919178163551297,0.023023157390435575,-0.22184287304615993,-0.3689809514191788,-156.5503134429091,3.565,-2.261,-2.8637
0.0114,0.008301,0.011719,1.187012,-1.95282,1.085876,-3.500214,4.2149575267449055,-1.5933353564496866,0.023124954165202435,-0.23076610962967847,-0.3679745950402457,-156.5891614981975,3.56,-2.262,-2.8637
0.0124,0.0271,0.023193,1.263184,-2.83783,-0.928284,-2.401581,4.211427850559645,-1.5948930339775629,0.023298592895882434,-0.2461588306151393,-0.40104565962504346,-156.6170974370852,3.557,-2.263,-2.8653
0.0124,-0.020752,0.000488,1.139404,-1.525574,-7.062317,-0.204315,4.207953641427484,-1.5963901725425673,0.02326827382472513,-0.25881933828292014,-0.4796109246811702,-156.61940978387227,3.554,-2.264,-2.8653
0.0112,0.019043,0.036133,1.409424,-1.128845,2.153992,1.718292,4.204791092377273,-1.597783089492249,0.02339654089580416,-0.24671018233516692,-0.4690343058026273,-156.59857376382558,3.549,-2.265,-2.8669
0.0123,0.032471,0.007324,1.429688,-3.539734,4.412292,3.518829,4.201453067545615,-1.5992520980522065,0.023567773007561972,-0.2811477315558416,-0.4355467655542314,-156.554204422722,3.547,-2.266,-2.8653
0.0122,-0.104248,-0.107178,1.340576,1.495667,2.825378,2.023468,4.198131574592346,-1.6006157027287553,0.023216080865809684,-0.3182701057519497,-0.34630332418183446,-156.53428879055582,3.543,-2.267,-2.8653
0.0116,0.053223,0.015625,1.312744,4.028625,-3.308655,-2.950897,4.195003879641752,-1.6020116411390266,0.023475137437511742,-0.256720783079817,-0.4204100233345723,-156.56627664931742,3.54,-2.268,-2.8653
0.0124,0.056885,-0.036621,1.213623,1.83136,-0.043274,-3.256073,4.1916247759819125,-1.603503011699035,0.023761968784234172,-0.2513253055666002,-0.46181571995545095,-156.6057027327685,3.537,-2.269,-2.8653
0.0123,0.006592,-0.027344,1.357422,5.096741,-1.965881,-3.408661,4.188182719846783,-1.6049933940219427,0.02383423376085185,-0.19907732870804906,-0.4932024891510058,-156.64766305319424,3.532,-2.27,-2.8669
0.0121,-0.015137,0.042236,1.233887,4.516907,1.635193,-3.500214,4.184790127641748,-1.606467226107334,0.023844267012600902,-0.11351692906799915,-0.46845643442196494,-156.68902682824626,3.529,-2.271,-2.8669
0.0123,-0.002197,-0.011719,1.522705,-2.654724,3.771423,-7.253876,4.18145704943533,-1.6079042410560114,0.023886122248084337,-0.14748640403433247,-0.42425376530400144,-156.7783614851641,3.525,-2.272,-2.8669
0.0112,0.032471,0.09668,1.192139,-0.732117,-4.987122,-8.932343,4.178385686419051,-1.6092719204884662,0.024100792241434216,-0.08880785053453794,-0.5055335431183468,-156.87467876686242,3.522,-2.273,-2.8669
0.0124,0.01416,0.112305,1.047607,-4.058533,2.031921,-6.582489,4.174928982526506,-1.6107959746816733,0.024272066702364977,-0.05255610342473697,-0.4965079189996833,-156.9526830601779,3.519,-2.274,-2.8669
0.0122,-0.049072,-0.02417,1.514404,-5.431824,-1.630188,0.8638,4.171564214598056,-1.6121990281761278,0.024153142691812485,-0.1275043864729857,-0.4937547636099512,-156.94373937233294,3.515,-2.275,-2.8702
0.0118,-0.054199,-0.04834,1.220703,-1.95282,-2.332092,3.6409,4.168275324188386,-1.6135560381125997,0.023979138793032227,-0.17663181967417257,-0.49118836984762415,-156.90328151726752,3.512,-2.276,-2.8702
0.0125,-0.049072,-0.03833,1.318604,-1.556091,2.459167,3.88504,4.164839486061692,-1.6149884717725467,0.02384486220956573,-0.21392691179141665,-0.43568974129571303,-156.85669233137256,3.508,-2.277,-2.8686
0.0116,-0.029785,-0.106201,1.197754,-3.661804,-1.263977,3.671417,4.161809859834786,-1.6162421444127781,0.023755973394878532,-0.3184597433664052,-0.4360745216972141,-156.816727023273,3.505,-2.278,-2.8686
0.0123,-0.027344,-0.054688,1.352051,-1.922302,0.841736,-2.004852,4.158588084512151,-1.6176008393079264,0.02369941528622437,-0.3665974690831704,-0.4143977716140419,-156.8426666607482,3.502,-2.278,-2.8686
0.0116,0.06958,0.08667,1.439941,3.509827,-2.087952,-2.554169,4.155562076418806,-1.6189527095229461,0.02400107404543199,-0.2741076691222242,-0.47883591800861175,-156.86891632111303,3.498,-2.279,-2.8686
0.0129,-0.046143,0.036133,1.327393,3.357239,-3.796936,-3.561249,4.15216359965022,-1.6203931016026678,0.02388952200840513,-0.20448443183629836,-0.5045168235774907,-156.91501608734805,3.496,-2.28,-2.8686
0.0113,-0.012695,-0.04126,1.203613,1.587219,-3.827454,-2.767792,4.149200364489281,-1.6216418495830889,0.023882447136675058,-0.2075291422539886,-0.5435760400298177,-156.94710812635407,3.493,-2.281,-2.8702
0.0122,-0.031494,-0.123535,1.250732,2.533264,-2.332092,-1.333466,4.145987752104471,-1.622959936850038,0.023787341558461184,-0.24676150790249685,-0.556112418945687,-156.96660594442437,3.489,-2.282,-2.8702
0.0117,0.001953,-0.019043,1.364014,3.052063,-0.531555,-1.974335,4.142909728084783,-1.6242685219561086,0.02384084153272837,-0.21666851743970772,-0.5660139154845364,-156.98974345732057,3.486,-2.283,-2.8702
0.0124,-0.000488,0.026611,1.37915,-1.006775,3.740906,-0.26535,4.139652662794793,-1.6256635115818932,0.02389936653444533,-0.20937937658257547,-0.5222147985567162,-156.9924076368994,3.482,-2.284,-2.8686
0.0122,-0.043701,0.033203,1.318848,0.183411,0.780701,1.230011,4.136489133793996,-1.6270008386613743,0.023797619898566647,-0.18315555324132327,-0.4906012753999622,-156.97745832408617,3.479,-2.285,-2.8702
0.0122,-0.026123,0.047119,1.249268,-1.464539,-0.897766,-0.234833,4.133391220928418,-1.6283247888216617,0.02376063311756715,-0.16721005048304036,-0.48947041142624087,-156.97952066224028,3.476,-2.285,-2.8686
0.0115,0.020264,0.009766,1.36499,-4.119568,-2.637268,-0.692596,4.130497353044789,-1.6295730910299855,0.02388247441051246,-0.2041849532432622,-0.5341016701008355,-156.9863136822131,3.472,-2.287,-2.8686
0.0117,0.025635,-0.004883,1.265625,-1.18988,-3.095032,0.894318,4.127536092783484,-1.6308495925076305,0.024031704713822256,-0.21604833103484683,-0.5888007034738136,-156.97468147383012,3.47,-2.287,-2.8686
0.0128,-0.045166,-0.009766,1.364502,0.030823,0.231384,2.420197,4.124282891448428,-1.6322100178474357,0.023920581872989576,-0.2165640031673586,-0.5626517841537678,-156.94493248640867,3.466,-2.288,-2.8702
0.0115,-0.024414,-0.052979,1.330566,-0.487976,-1.294495,2.389679,4.121388816303632,-1.633418208156927,0.023870100802682207,-0.24784756466423963,-0.5659685034271416,-156.91881117852665,3.463,-2.289,-2.8702
0.0124,0.01001,-0.040283,1.388184,-0.701599,-2.545715,0.680695,4.118336312072498,-1.634717044818126,0.0239451489308138,-0.27355625125117194,-0.6049961102690423,-156.91039389523934,3.461,-2.29,-2.8686
0.0113,0.028809,-0.001221,1.324463,0.793762,-3.400208,-2.218475,4.1155757406242035,-1.6359123371688953,0.02409595557084903,-0.25955951406024547,-0.6620377706337135,-156.93422546507176,3.456,-2.291,-2.8686
0.0123,0.001709,0.029297,1.179932,1.06842,-2.210022,-3.134003,4.11251593032452,-1.6372297172035164,0.024164954448963855,-0.2213968364968723,-0.6929686058223327,-156.97180807123456,3.454,-2.292,-2.8702
0.0123,0.004639,0.045166,1.407715,-0.94574,0.53656,-3.500214,4.109464489100535,-1.6385431642313075,0.02423642503131977,-0.20302942893801096,-0.689997244228187,-157.0139298405061,3.45,-2.293,-2.8702
0.0123,-0.054688,0.025879,1.365479,0.335999,0.078796,-2.004852,4.106499246317116,-1.6397807223314975,0.024095328431682845,-0.1794206627571331,-0.6596676115553252,-157.0397689405636,3.448,-2.294,-2.8686
0.0111,0.028564,0.04834,1.287598,-1.464539,-0.714661,-2.523651,4.103768857298039,-1.640973176434957,0.024258847151282008,-0.16192038671962664,-0.6864878503642841,-157.0656575661284,3.445,-2.294,-2.8686
0.0123,0.076416,0.017822,1.10791,-5.340271,-1.59967,-5.880585,4.100779640813026,-1.6423056013284218,0.024651996294600836,-0.2089218688305035,-0.7617291666250081,-157.1339691965073,3.441,-2.295,-2.8686
0.0124,0.015625,0.008545,1.36499,-4.394226,-3.857971,-5.514374,4.097789429450494,-1.643579593527084,0.024752926786742,-0.2523220400100264,-0.8185125385031767,-157.2014311088704,3.439,-2.296,-2.8686
0.0122,-0.046875,0.00293,1.41748,-2.624207,-0.226379,0.772247,4.094803425228817,-1.6448070118551017,0.024639708475512015,-0.2774007418449309,-0.7954294054877742,-157.19377979303837,3.435,-2.297,-2.8686
0.0119,-0.072266,-0.115479,1.383545,-5.340271,0.65863,6.967316,4.091943575749766,-1.645946305526186,0.02441631548080453,-0.39940367491705686,-0.7474840078312716,-157.11416798202904,3.433,-2.298,-2.8686
0.0113,-0.039795,-0.118164,1.174561,-5.401306,-2.118469,6.570587,4.089294686998394,-1.6470153977864868,0.024282393783222323,-0.5298756048653319,-0.746822061170029,-157.04176019223752,3.43,-2.298,-2.8686
0.0123,0.05249,-0.026611,1.31958,-3.631287,-0.47052,4.068146,4.086459884042193,-1.6482407531820986,0.024514668534274437,-0.581875473091822,-0.7832505817388521,-156.99005314030933,3.426,-2.3,-2.8686
0.0124,-0.01123,0.033691,1.428467,-1.037292,-2.698303,1.199493,4.083559725977102,-1.6494748950530382,0.02452511747114114,-0.5682205521535549,-0.8100329947909671,-156.97521215749686,3.424,-2.3,-2.8669
0.0116,0.04248,0.082275,1.333496,-0.487976,-0.958801,-1.302948,4.080847816547044,-1.6506673496138444,0.024733875465843082,-0.5181271903082654,-0.8455459451788262,-156.98881079700868,3.42,-2.301,-2.8669
0.0123,-0.0354,-0.004395,1.31958,0.213928,-2.576233,-1.608124,4.077987417485245,-1.6518617822105683,0.024651177875311514,-0.5096698773929346,-0.8564053089233667,-157.00972627051556,3.418,-2.302,-2.8669
0.0113,0.003662,-0.012695,1.258057,1.70929,-3.796936,-4.598846,4.075308043930206,-1.6530006708201324,0.024706568429347833,-0.4893251172277775,-0.9016704785687729,-157.0611907403563,3.416,-2.303,-2.8669
0.0122,-0.002441,-0.056396,1.394043,0.885315,-2.850891,-7.284393,4.072459074964385,-1.6541957482661267,0.02473008614561101,-0.5004421734763779,-0.9342707770367561,-157.15001363679406,3.412,-2.304,-2.8669
0.0122,0.00293,-0.028564,1.351318,-0.030212,-2.271057,-6.246796,4.069733111300106,-1.6553418283299477,0.02477612807234033,-0.507846241161651,-0.9627016893990665,-157.22598931582135,3.409,-2.304,-2.8686
0.0125,-0.081787,-0.040527,1.297363,0.091858,0.231384,-3.04245,4.067004393643252,-1.6564336685095127,0.02451841715983772,-0.5218866214793141,-0.9108619636871212,-157.26733973731203,3.406,-2.305,-2.8686
0.0111,-0.000244,0.013428,1.251953,-1.495056,-2.393127,-2.676239,4.064581614729411,-1.6574548693927216,0.024560440740012027,-0.5213585587198595,-0.9368941215561283,-157.29676914344913,3.404,-2.306,-2.8702
0.0126,0.060547,0.049072,1.295166,-0.213318,-1.996399,-1.27243,4.061874462949758,-1.6586366424897268,0.024829902108032757,-0.4867332507153512,-0.9965662610985326,-157.310101287614,3.401,-2.307,-2.8702
0.0115,-0.040527,0.005371,1.31958,0.94635,-2.332092,-1.15036,4.059496140339262,-1.6596073227996115,0.024722964877975817,-0.46486022249994613,-0.9980401338423969,-157.32497330509628,3.398,-2.307,-2.8702
0.0126,-0.046143,-0.082764,1.342773,0.06134,-1.202942,1.779327,4.056703289305391,-1.6607275768464727,0.024592139946820458,-0.5039867118833816,-0.9847650796808526,-157.30473057466753,3.396,-2.308,-2.8718
0.012,-0.015869,-0.057861,1.250977,0.213928,-0.745178,1.962433,4.054118419876731,-1.6617854693238288,0.024565970804562808,-0.5290589640673041,-0.9825726638837502,-157.2820499094487,3.392,-2.309,-2.8718
0.0113,-0.00415,-0.093506,1.27002,-1.403503,-1.050354,1.687775,4.051762437593939,-1.6627463793463542,0.024572311990410524,-0.5927854554757823,-0.9903806954346501,-157.26343283720797,3.39,-2.31,-2.8718
0.0122,0.009766,-0.003662,1.288818,2.594299,-2.393127,-1.02829,4.049095969587706,-1.663870116910735,0.02464835923679151,-0.5544691965443667,-1.0237111579277791,-157.27540210038816,3.388,-2.31,-2.8702
0.0117,0.122314,0.092529,1.346924,3.448792,-0.928284,-4.263153,4.046634297615183,-1.6649847057556806,0.02511147411020294,-0.45349829736520864,-1.1011910582267315,-157.32069845656255,3.385,-2.311,-2.8718
0.013,0.015869,0.038086,1.246094,0.183411,-3.064514,-2.218475,4.043871699061409,-1.6661563109082063,0.025219856988669444,-0.41963881964532473,-1.1482470571970147,-157.34872590178665,3.382,-2.312,-2.8702
0.0116,0.04126,-0.069092,1.303223,1.770325,-3.156067,-0.723114,4.041318821391599,-1.667232668671,0.02538819224770324,-0.4324246176717368,-1.205418675569994,-157.3552671604292,3.379,-2.313,-2.8718
0.0116,0.009277,-0.002686,1.302734,2.746887,-3.186584,2.542267,4.0387433035151314,-1.6683098772389051,0.025455865227913294,-0.3958424700352388,-1.243419213862933,-157.32542039204785,3.376,-2.313,-2.8718
0.0127,-0.023193,-0.055908,1.261963,-0.518494,3.5578,2.145538,4.035943757794308,-1.66945486449793,0.02541054374940529,-0.42981137306084366,-1.180576371530291,-157.29969531687843,3.374,-2.314,-2.8702
0.0113,0.019531,-0.022705,1.388916,-0.243835,4.717468,-0.967255,4.0334360642047855,-1.6705086935838052,0.025507834280401126,-0.4377362035615372,-1.1345472181310243,-157.31056164405118,3.371,-2.315,-2.8718
0.0124,0.014893,0.111572,1.325928,1.495667,2.30658,-2.218475,4.030732083852183,-1.6716647362570545,0.025618548890920544,-0.3477324075480324,-1.1117838529007424,-157.3379338519219,3.369,-2.316,-2.8702
0.0122,0.068604,-0.009277,1.247559,1.434631,3.283142,-2.737274,4.0280704462531975,-1.6728164696072685,0.025910457018682637,-0.3289485604247529,-1.1117670258142966,-157.36886336421398,3.365,-2.317,-2.8718
0.012,0.072754,0.024414,1.221924,3.753967,-0.531555,-1.943817,4.025383334705241,-1.6739849098790487,0.026226220573898732,-0.26235894166323676,-1.1612363121473488,-157.38920725610166,3.363,-2.317,-2.8702
0.0115,0.032715,-0.03125,1.379883,4.394836,1.604675,-2.401581,4.022845448805058,-1.6750553614221817,0.026363794085398285,-0.22374229474669774,-1.1573367600813536,-157.41584736413347,3.361,-2.318,-2.8718
0.0125,0.023926,-0.058838,1.395752,3.815002,1.330017,-3.134003,4.0201638260837775,-1.6761767949056177,0.02647033771599262,-0.20304862308387855,-1.1502170187916243,-157.45439783997574,3.358,-2.319,-2.8702
0.0114,0.020264,-0.054932,1.191895,5.218811,-4.895569,-1.608124,4.017748932678485,-1.6771853128158951,0.0265734431885423,-0.17381762559836247,-1.2160467962993626,-157.471845066543,3.355,-2.319,-2.8702
0.0126,0.030518,-0.018799,1.334717,5.310364,-8.679749,-0.509491,4.014928902793774,-1.6783656278054564,0.026707702837379575,-0.11372440209359659,-1.3376159524053122,-157.4771299135097,3.353,-2.32,-2.8702
0.0115,0.045898,0.033203,1.354004,2.289124,-1.935364,-1.669159,4.012351834641756,-1.6794549182347385,0.02689515376340463,-0.0646932195251561,-1.3799737253113626,-157.49494359236672,3.349,-2.321,-2.8669
0.0126,-0.120605,0.035889,1.459717,-0.640564,1.146912,-1.821747,4.009588622873261,-1.6805339767325795,0.026570566121659547,-0.05033428833784094,-1.2963691193534312,-157.5230256642693,3.347,-2.322,-2.8669
0.0113,-0.019775,0.038086,1.293945,1.190491,0.231384,-3.530731,4.006971067011982,-1.6816062971690318,0.026546105658898173,-0.010372250033894453,-1.2774674324566877,-157.5639472556772,3.343,-2.323,-2.8686
0.0125,0.051025,0.05542,1.275146,0.519104,-1.965881,-3.652802,4.004219393854677,-1.682779105950148,0.026770861779475616,0.03309538551570065,-1.3278552042383294,-157.60734807494362,3.341,-2.323,-2.8686
0.0123,-0.031982,-0.019287,1.423584,0.244446,1.940369,2.237091,4.001645104707845,-1.6838124561799455,0.02670210626336798,0.027251878160157374,-1.2812797379252971,-157.58165558184697,3.339,-2.324,-2.8686
0.0113,-0.02124,-0.025635,1.415039,4.272766,2.916931,-0.082245,3.99931946123352,-1.6847508564717337,0.026660947085480082,0.06345742047067546,-1.2319359241045431,-157.583930121293,3.336,-2.325,-2.8686
0.0118,-0.083984,-0.073486,1.328613,3.296204,7.067322,0.558624,3.9970605145487834,-1.685617858533323,0.026407946327808535,0.06175851396595248,-1.097201045142694,-157.5813831518342,3.333,-2.325,-2.8686
0.0129,-0.030029,-0.114746,1.318604,0.885315,3.740906,-1.302948,3.9948645570294707,-1.686478701595167,0.026326176250014013,0.009238310636903327,-1.0293973333827355,-157.60090714189977,3.331,-2.326,-2.8686
0.0118,0.026611,-0.011963,1.193115,0.854797,-3.278137,-1.363983,3.992686721771909,-1.6873852249789896,0.026455959758354124,0.014769201458759354,-1.0835290956106065,-157.61639838700214,3.328,-2.327,-2.8686
0.0114,0.00415,0.006348,1.202881,2.350159,-4.834534,-0.784149,3.990472899179412,-1.6883000322155242,0.02650416768584,0.04831656203860574,-1.1388840339078825,-157.6251937810812,3.327,-2.327,-2.8686
0.0125,0.093994,0.044678,1.236084,2.991028,-8.221985,-0.112762,3.98776496751365,-1.6894703619464695,0.026875828651686105,0.11518897151093527,-1.2955694661460653,-157.62290409061563,3.323,-2.328,-2.8686
0.0121,0.035889,0.020264,1.32373,0.213928,-1.202942,1.504669,3.9853515727734647,-1.6904817826716814,0.027026271557529246,0.13055260109757447,-1.325796765655721,-157.60350700506183,3.322,-2.329,-2.8686
0.0114,-0.011475,-0.031738,1.513916,0.397034,3.069519,4.403839,3.9830238241731166,-1.6914264545818636,0.027015423793997562,0.11889027154359642,-1.2792502321776098,-157.5541801174553,3.318,-2.33,-2.8702
0.0125,0.012939,-0.084961,1.413818,3.143616,5.20575,3.091583,3.9809112411525396,-1.6922866531304328,0.027071433738930933,0.11242341740638558,-1.2167159051179552,-157.5161252817445,3.316,-2.33,-2.8702
0.0123,0.04541,-0.0354,1.19751,0.549622,-2.179504,4.495392,3.9786414108793284,-1.693237629642028,0.027262965846559514,0.09721680213685384,-1.2691206531428536,-157.4599276945026,3.314,-2.331,-2.8686
0.0113,0.068848,-0.05835,1.242676,1.221008,-0.165344,2.084503,3.9767187524535106,-1.69405219148599,0.027516065026487038,0.07654105182338444,-1.3090741256754017,-157.43495766974047,3.312,-2.331,-2.8653
0.0128,0.019043,0.053223,1.352295,3.784485,-0.043274,0.131378,3.974270182812505,-1.6950776913688943,0.0276130070584516,0.15635823204248714,-1.3151348786384234,-157.43273332877104,3.31,-2.332,-2.8653
0.0111,0.033691,0.039307,1.309814,2.380676,2.153992,-3.04245,3.9721918170820643,-1.6959545293703062,0.027751479743116928,0.207267406013848,-1.3059518460274746,-157.4654694268282,3.307,-2.333,-2.8669
0.0122,0.043457,0.046143,1.334473,0.915833,-1.538635,-0.906219,3.969862530959687,-1.6969380238087721,0.027921977674301383,0.24547201329388996,-1.3441958753501906,-157.47532479063554,3.305,-2.333,-2.8669
0.0125,0.049316,-0.030762,1.163086,0.091858,-0.073792,-2.615204,3.9678026209941906,-1.6978118885707487,0.028126282410945374,0.22773400973706068,-1.3730934131790793,-157.50661652015768,3.303,-2.334,-2.8669
0.0117,0.020752,0.057129,1.392334,1.861877,-4.742981,0.070343,3.965681850312372,-1.6986941827694904,0.028212089521371966,0.2807917070086464,-1.433229450058099,-157.505671832394,3.3,-2.335,-2.8653
0.0124,0.005615,-0.040527,1.282959,-0.426941,0.567078,0.009308,3.963471879789489,-1.6996068869607621,0.028253808553616932,0.2512778707851845,-1.4236081608270683,-157.50574410874785,3.298,-2.335,-2.8669
0.0112,-0.011963,0.042236,1.373291,0.183411,1.452087,1.321564,3.9613763049886437,-1.700465553891841,0.028242758426316072,0.2764187381586653,-1.394403642269877,-157.49152160738782,3.295,-2.336,-2.8653
0.012,0.003662,-0.049805,1.249268,1.404114,5.236267,1.962433,3.9592997546009627,-1.7013224626542325,0.028279289127109915,0.2621079976742331,-1.3292277797837038,-157.46800022657172,3.294,-2.337,-2.8669
0.0122,-0.013672,0.016602,1.435059,2.411194,-1.050354,4.220734,3.957169818433735,-1.7021976877680263,0.028261588211561293,0.29864352989567833,-1.3289840176554941,-157.41714744342852,3.292,-2.337,-2.8653
0.0125,0.059814,-0.12207,1.179199,0.702209,-3.949524,3.915558,3.9550508163611044,-1.7030950140196466,0.028486737860749824,0.22784116911345914,-1.4123785071289159,-157.36737993748287,3.289,-2.338,-2.8637
0.0123,0.056641,-0.01123,1.281738,2.228088,-3.278137,2.847443,3.9527383618723957,-1.7040734872921448,0.028695835585142097,0.2478492173664817,-1.4803010219843302,-157.33128791329142,3.287,-2.339,-2.8637
0.0112,-0.05127,-0.01416,1.187988,1.800842,0.445007,2.481232,3.9506462380327476,-1.704928266494288,0.028545179367980462,0.2584284564425541,-1.4368054394937422,-157.30518327204993,3.284,-2.339,-2.8621
0.0124,-0.020508,0.126221,1.651123,-0.396423,0.872253,-0.02121,3.948271760520471,-1.7059148892098173,0.028523555231949948,0.3112156293886748,-1.4085800381822078,-157.3058655942021,3.282,-2.34,-2.8621
0.0122,-0.003662,0.061035,1.197998,-1.495056,-0.165344,0.711212,3.9459889194692246,-1.7068679507464348,0.028548857005269743,0.33158739772946555,-1.4030993659098314,-157.29728105228932,3.28,-2.341,-2.8621
0.0112,-0.008057,0.053467,1.176514,-1.06781,0.689148,0.650177,3.9440041087303346,-1.7076946543652434,0.028551856244403036,0.353821602532727,-1.3853359696978214,-157.29018016915745,3.277,-2.341,-2.8605
0.0127,-0.042236,-0.026611,1.258545,-2.19696,-1.813293,0.680695,3.941722208315024,-1.7086235657105062,0.02844340472240954,0.309006798958037,-1.3772269687655263,-157.28358994714046,3.276,-2.342,-2.8605
0.0123,-0.015381,0.005371,1.453369,-1.220398,1.146912,0.192413,3.9396135844964233,-1.7094964151203422,0.02842190941505288,0.2961734151596443,-1.3486931546066185,-157.2818745360193,3.273,-2.343,-2.8605
0.0113,-0.082031,0.023682,1.300049,0.641174,0.383972,3.427277,3.9375650575437744,-1.7103191637353168,0.02819322083126724,0.31599687839592816,-1.2912995852915794,-157.2456477670924,3.271,-2.343,-2.8605
0.0124,0.028809,-0.057373,1.31543,0.854797,0.841736,1.077423,3.9355204047010446,-1.7111735231926106,0.028303034605201872,0.2923501059847137,-1.2930051866902192,-157.23239478137873,3.269,-2.344,-2.8621
0.0114,-0.004639,-0.087158,1.292725,1.587219,-1.35553,3.457794,3.933589071410328,-1.7119629166447496,0.028305107006452532,0.2577691334723215,-1.3012155063627833,-157.19445512191808,3.266,-2.344,-2.8589
0.012,0.027588,-0.054199,1.484619,3.631897,3.466248,1.443634,3.931640582771846,-1.7127768564776125,0.028396169000196102,0.2724021728356464,-1.2684734277722585,-157.17725746356626,3.265,-2.345,-2.8589
0.0126,-0.016602,0.023193,1.285889,1.983948,-3.430725,2.63382,3.9294340713306095,-1.7137033847827126,0.02837370274098869,0.310149406408696,-1.2971967632852115,-157.14450921760002,3.262,-2.346,-2.8589
0.0113,0.042725,-0.014648,1.125488,1.251526,-0.897766,1.107941,3.9274400505229163,-1.7145519300595917,0.028554674932487402,0.3139129017778095,-1.3328359679261805,-157.13134726222185,3.26,-2.346,-2.8589
0.0125,0.049805,0.091309,1.359619,2.441711,-9.015442,1.62674,3.9250841924824496,-1.71557020663705,0.028728473893489585,0.3940731976722807,-1.4667323036763287,-157.109805860053,3.258,-2.347,-2.8589
0.0122,-0.009766,-0.011963,1.184326,-0.213318,-2.454163,4.342804,3.9228032425187633,-1.716523655941939,0.02872778898913468,0.381348870601282,-1.4847935571981818,-157.05778817338032,3.255,-2.348,-2.8572
0.0122,0.004883,0.009521,1.495117,-0.030212,-0.073792,2.572784,3.9207112464481115,-1.7174069452647311,0.028759269585142577,0.3834805374990854,-1.4805473711765644,-157.02660446739156,3.254,-2.348,-2.8572
0.0113,-0.056152,0.000244,1.317871,1.434631,1.330017,2.694855,3.91888609867138,-1.7181578346881219,0.028609131999051855,0.3976129211494867,-1.426662262935851,-156.99796228527794,3.251,-2.349,-2.8556
0.0124,0.025635,0.029541,1.442139,0.397034,2.398132,2.725372,3.916804697248798,-1.7190504446270805,0.028701844704718517,0.4156559042654929,-1.4040601058504008,-156.96329119249833,3.249,-2.349,-2.8556
0.012,-0.03418,-0.083008,1.288818,0.091858,1.055359,3.122101,3.9150008518494115,-1.7197847594377533,0.028614824572038188,0.3652095343752309,-1.3659431913797746,-156.92814451304406,3.247,-2.35,-2.8556
0.0115,-0.026123,0.028076,1.359619,1.495667,2.184509,-1.943817,3.9131212526779096,-1.7205827273562617,0.028560978231700212,0.39735466737091873,-1.3204413553236056,-156.95066650453893,3.245,-2.351,-2.8556
0.0121,0.024414,0.033447,1.196533,1.159973,2.276062,-0.234833,3.910968954586937,-1.7215130437624038,0.028675377215306892,0.43149552856400414,-1.304461626988497,-156.95226750902984,3.244,-2.351,-2.8556
0.0124,0.052979,0.035889,1.295166,-0.487976,1.055359,-4.690399,3.9090046770804037,-1.7223701826337008,0.02886004715190953,0.4462203430597305,-1.3174150525606694,-157.00878328162042,3.241,-2.352,-2.8572
0.0123,0.026367,0.088135,1.261475,-1.617126,-2.60675,-4.415741,3.906994220037159,-1.723247843650601,0.02896891254276146,0.479162109632796,-1.359876015263698,-157.06164621918023,3.239,-2.352,-2.8556
0.0111,0.063965,-0.050049,1.30957,-2.593689,3.161072,-2.554169,3.905285594439612,-1.7239821789654675,0.029172691627929632,0.42001899583978813,-1.3566460060461092,-157.08892673303953,3.238,-2.353,-2.8572
0.0124,-0.008789,0.029785,1.356445,-1.281433,4.290222,-2.889862,3.903369992294751,-1.724789589245405,0.029172199162845858,0.42015673045939966,-1.2930654531182386,-157.12453549911288,3.235,-2.354,-2.8589
0.0125,-0.050293,-0.02124,1.288574,-2.319031,1.2995,3.976593,3.901285248066747,-1.7256451321518964,0.029050317677379974,0.37617757872605295,-1.2429464038444578,-157.07630076682642,3.233,-2.354,-2.8572
0.0121,0.038574,-0.105469,1.294922,-1.037292,2.886414,2.542267,3.89937205256754,-1.7264437532231138,0.029185240865205173,0.30005563674046243,-1.227160685146728,-157.04594727411705,3.232,-2.355,-2.8572
0.0115,-0.011963,0.014648,1.321777,0.122375,-5.139709,1.99295,3.8976002840740596,-1.7271916499691915,0.029168786273597837,0.3090193214141626,-1.2747007458295587,-157.0235655283227,3.229,-2.355,-2.8572
0.0122,0.011963,-0.043701,1.232666,-0.457458,-3.613831,6.906281,3.895552487083606,-1.728053285536009,0.029231004026494794,0.2742396813808711,-1.3221857281074991,-156.93983222250756,3.228,-2.356,-2.854
0.0115,0.019531,-0.061523,1.429443,1.343079,-1.080872,3.732452,3.8937472690325987,-1.7288142685626808,0.02929663276200757,0.2553807353736098,-1.3393627448770045,-156.89728703359793,3.225,-2.357,-2.854
0.0123,-0.04541,0.007324,1.239014,1.95343,0.963806,3.549347,3.8917325231553135,-1.7296664607408174,0.029187090338053716,0.28290367722548726,-1.2951283551145611,-156.8543037680662,3.223,-2.357,-2.854
0.0117,0.013428,-0.041016,1.336426,0.702209,-0.440002,4.922638,3.889896623716693,-1.7304438234583697,0.029244177669117136,0.2660658134773087,-1.3032468639199681,-156.79709707928342,3.221,-2.358,-2.8524
0.0123,0.014404,-0.022949,1.248047,1.892395,-4.529358,3.610382,3.8879205704876907,-1.7312869827031683,0.029311087649740546,0.27414935465636636,-1.3629775106392996,-156.75310160109578,3.219,-2.358,-2.8508
0.0123,0.055908,0.05249,1.266846,0.976868,-2.179504,2.481232,3.8858487578648107,-1.732192224161378,0.029503193513452524,0.3168523435301484,-1.4179923024246521,-156.7215285962663,3.217,-2.359,-2.8508
0.0119,0.026123,0.022949,1.382324,-0.549011,-1.050354,2.084503,3.8838862330029547,-1.7330416173647756,0.02959426751762119,0.3217593806769043,-1.4383802432249857,-156.69641098602568,3.215,-2.36,-2.8491
0.0114,-0.015869,0.054199,1.41333,-0.396423,6.060242,-1.516571,3.882077009026975,-1.7338229988087372,0.029572969156866805,0.3461344893300166,-1.3544384108836762,-156.71338193303026,3.213,-2.36,-2.8491
0.0124,-0.007568,0.100586,1.449463,0.488586,3.43573,-3.408661,3.8801974884764063,-1.7346421948717932,0.02957591032634631,0.4047780087079535,-1.3017795145905744,-156.75486222871083,3.212,-2.361,-2.8508
0.0124,0.026611,-0.033447,1.173096,-0.762634,-0.928284,-2.554169,3.8783375619605818,-1.7354407408062047,0.029685566071567224,0.3732182209390967,-1.3264442327346717,-156.78655836474945,3.209,-2.361,-2.8508
0.0115,0.072754,0.001221,1.244873,-0.640564,2.245544,-4.232635,3.8765684432984457,-1.7362156436887402,0.029923194166044643,0.3667824003150846,-1.3403580021764248,-156.83388867461363,3.208,-2.362,-2.8508
0.0125,-0.005371,-0.02124,1.320801,0.854797,-3.827454,0.070343,3.8747031736312305,-1.7370080211754164,0.029927333083761314,0.3639488693020943,-1.3792952774430036,-156.83372500871585,3.205,-2.362,-2.8524
0.0117,-0.025146,-0.047363,1.405029,0.122375,2.245544,2.115021,3.873064452469057,-1.7376974013767623,0.02987549117697025,0.3378034477690348,-1.333596577799505,-156.8096291957852,3.204,-2.363,-2.8508
0.0123,0.023438,0.013428,1.348145,1.282043,0.872253,0.283966,3.8712783308185257,-1.7384663161605804,0.029958851903166366,0.36008592537306244,-1.3308306131140324,-156.80580026809915,3.202,-2.363,-2.8508
0.0116,-0.0271,0.014648,1.138428,1.83136,-0.012756,0.131378,3.869475647963224,-1.7392337518756253,0.029900112764783823,0.3903084876870278,-1.3089701204027735,-156.8047260820144,3.2,-2.364,-2.8491
0.0125,0.028809,0.048096,1.445068,-0.884705,-1.630188,-1.363983,3.8675575309534604,-1.74006482020939,0.029992468362630326,0.40358748519885485,-1.3384571605928195,-156.82133805391067,3.199,-2.364,-2.8491
0.012,0.019775,0.005371,1.216553,-0.06073,-5.841614,-0.631561,3.865799676086572,-1.740820940204609,0.03007070077574981,0.4051841303478647,-1.4156074938552556,-156.82914323623947,3.196,-2.365,-2.8491
0.0112,0.035156,-0.010742,1.279785,0.94635,0.445007,-1.02829,3.8640608848142333,-1.7415698449098378,0.030188406513369744,0.40814466299345376,-1.4257064584365344,-156.84019456106472,3.194,-2.366,-2.8491
0.0122,-0.001709,-0.03125,1.254395,-0.274353,-0.256897,-0.631561,3.862305366505976,-1.7423146469684543,0.0302034041997487,0.3846164326511793,-1.421992341955302,-156.8483132044056,3.193,-2.366,-2.8491
0.0118,-0.026855,-0.057373,1.335693,0.000305,5.20575,2.816925,3.860759986986684,-1.742962605246897,0.0301464019960292,0.3497410827568715,-1.3398984680797894,-156.81551614211654,3.191,-2.367,-2.8491
0.0121,-0.043457,-0.053223,1.490234,2.197571,3.740906,6.143341,3.859151844229517,-1.7436388113206365,0.030055943320363362,0.34588244913234295,-1.2670962202164007,-156.74176839019708,3.189,-2.367,-2.8475
0.0125,-0.041504,-0.015137,1.270996,2.289124,5.846619,3.76297,3.857482517528003,-1.7443504754796375,0.029963899220866667,0.36331484968904465,-1.1659228263891361,-156.69470191863869,3.187,-2.368,-2.8491
0.0122,-0.00708,-0.009766,1.228027,0.427551,5.694031,4.983673,3.8556666099713475,-1.7451298214778466,0.02997359866887381,0.36034242541857475,-1.090303637370935,-156.63362989201687,3.185,-2.368,-2.8491
0.0112,0.015625,0.070557,1.289307,1.343079,0.322937,2.542267,3.8539515185665687,-1.7458870063790566,0.03004122944043849,0.415384079907925,-1.093564667029833,-156.6040866090331,3.184,-2.369,-2.8475
0.0131,0.06543,0.100586,1.387451,1.648254,-0.47052,-0.26535,3.8520058955152288,-1.7467534794812514,0.030232622053287417,0.4901498966773827,-1.132202240812853,-156.60599809419696,3.182,-2.369,-2.8475
0.0117,0.054443,0.021973,1.302002,-1.95282,1.391052,-1.363983,3.8504375331114615,-1.747443049868866,0.030399720773203256,0.47837848374771735,-1.1447887267050993,-156.62119376215514,3.181,-2.37,-2.8475
0.0116,0.026611,0.000977,1.228027,-0.426941,1.238464,-3.713837,3.8489497290524164,-1.7480901299961995,0.030496335007688984,0.47287738023015075,-1.14411365909043,-156.66397397591288,3.179,-2.37,-2.8491
0.0125,-0.002197,0.044189,1.294189,1.312561,-1.325012,0.039825,3.8470332197182318,-1.748919847290933,0.030517543929025857,0.5130390677794788,-1.1560700505814865,-156.66332674883213,3.177,-2.371,-2.8491
0.0113,0.029785,0.008301,1.383057,-0.94574,-1.050354,0.558624,3.8453296384054414,-1.7496597757723007,0.030611855605748348,0.5041802200740484,-1.1804987739089325,-156.65683980377116,3.175,-2.371,-2.8491
0.0126,-0.01416,-0.049316,1.35083,-0.06073,1.726746,0.192413,3.843774202822585,-1.7503221199733745,0.030593758678695324,0.47289483126249776,-1.1471755906046377,-156.6548603113935,3.173,-2.372,-2.8475
0.0112,-0.05542,-0.032471,1.346191,1.190491,2.703308,4.922638,3.842167354735758,-1.7510026935392742,0.03047251715989899,0.4643604709670178,-1.0828391399203505,-156.60022048446305,3.172,-2.373,-2.8475
0.0123,-0.00415,-0.067383,1.317139,1.251526,3.710388,2.511749,3.8405265911699975,-1.75170053412176,0.030485406197273805,0.4379139022535354,-1.032965538827968,-156.5698585998797,3.17,-2.373,-2.8475
0.0125,-0.015869,0.014893,1.311035,0.366516,0.65863,0.924835,3.8389411223545578,-1.7523887710629413,0.030466272609585458,0.4491064759202609,-1.0135792063719786,-156.55808137908326,3.168,-2.374,-2.8475
0.0116,-0.009277,-0.020508,1.292725,0.763245,1.604675,2.938995,3.8374008696888207,-1.7530517504229783,0.030464396083940522,0.443260177160834,-0.9882229049032198,-156.52415716781127,3.167,-2.374,-2.8459
0.0117,0.001221,0.012451,1.322021,1.800842,1.024841,1.99295,3.8357465597711466,-1.7537718730586997,0.03049178462367647,0.4690093171202525,-0.9755668238891475,-156.50061120817836,3.165,-2.375,-2.8459
0.0125,-0.000977,0.078613,1.291992,0.549622,0.475525,-1.180878,3.833994297329559,-1.754548160579608,0.030516478760149648,0.5203007435061141,-0.9675902650762491,-156.51419667705463,3.163,-2.375,-2.8459
0.0121,-0.000977,0.037109,1.402344,-0.274353,-0.745178,1.046906,3.832257508925873,-1.7553082440990335,0.03053716139511919,0.5341620061964514,-0.9741189730723228,-156.50115981483532,3.162,-2.376,-2.8459
0.0117,0.027832,0.013428,1.310303,0.274963,0.41449,-2.432098,3.8306875568045156,-1.755995709430499,0.030631669751423254,0.5428290223551446,-0.9838118951822202,-156.5293699473837,3.16,-2.376,-2.8459
0.0122,-0.022217,0.05249,1.272461,-0.426941,1.024841,-3.04245,3.829057711554827,-1.7567087512904993,0.03059883706492864,0.5669455675097554,-0.9564428551316179,-156.5657442286427,3.158,-2.377,-2.8475
0.0116,0.005371,-0.030029,1.344482,-0.243835,-1.263977,1.99295,3.827422855335755,-1.7574108758445535,0.030634606095197862,0.5434917807408876,-0.9727715803631037,-156.54329443995962,3.156,-2.377,-2.8459
0.0122,0.029541,-0.035889,1.368164,1.282043,-0.195862,0.039825,3.8258894261598866,-1.7580720679462647,0.03072678824709734,0.5359249520159719,-0.9898469255301522,-156.54334034417573,3.155,-2.378,-2.8459
0.0118,-0.009033,-0.033447,1.279785,0.610657,1.2995,1.565704,3.824583717921164,-1.7586308753588558,0.030722438171349863,0.5200239740915295,-0.9680860709196969,-156.52527550684286,3.154,-2.378,-2.8443
0.0123,-0.016602,-0.076904,1.339355,0.366516,0.078796,1.382599,3.8228793266776497,-1.7593558517334276,0.030705904198005292,0.4777135145856449,-0.9563267704640074,-156.50936081415512,3.151,-2.379,-2.8427
0.0124,-0.019531,-0.048096,1.263428,2.289124,0.261902,0.894318,3.8211566241183195,-1.7600945148221423,0.03068220350994766,0.4744166925879944,-0.940502665526131,-156.49894828492444,3.15,-2.379,-2.8443
0.0112,0.005859,0.029053,1.326172,2.136536,1.574158,1.138458,3.819690950579692,-1.7607367371888782,0.030718618766937742,0.5123778951703186,-0.9253127257565286,-156.48568361926485,3.148,-2.38,-2.8427
0.0122,0.006348,0.015381,1.328125,0.854797,-0.440002,1.199493,3.8181170550125736,-1.7614235480627958,0.030757229993901666,0.5286798797064663,-0.9333393015401473,-156.47095400010278,3.146,-2.38,-2.8427
0.0122,0.037598,-0.003418,1.317627,0.82428,-0.501038,-2.004852,3.8165889867010403,-1.76208601723495,0.030872610128482945,0.5342768960636501,-0.9598721964058452,-156.49579835025258,3.145,-2.381,-2.8443
0.0121,0.039795,0.044189,1.226807,1.06842,-2.637268,-3.011932,3.8149829744973065,-1.7627903612566567,0.031002782027928225,0.5725063766701353,-1.0150785181554918,-156.53213085337498,3.143,-2.381,-2.8443
0.0123,0.030273,-0.013672,1.258545,-0.121765,-0.562073,0.039825,3.8133887713505294,-1.7634801945877556,0.031104738414583125,0.5596193278633504,-1.038791665823941,-156.53198629214734,3.142,-2.382,-2.8443
0.0114,0.017822,-0.041748,1.411133,1.037903,-0.745178,0.497589,3.8121100799515193,-1.7640305881779526,0.0311588828694891,0.5453841717758267,-1.0541884150872942,-156.5268788910002,3.14,-2.382,-2.8459
0.0123,-0.012695,-0.015625,1.256104,1.373596,3.252625,1.107941,3.8108131420850984,-1.7645926459913923,0.031146228489793423,0.5495338504767123,-1.0051194858436459,-156.51299722809318,3.139,-2.383,-2.8459
0.0114,-0.04126,-0.037842,1.383545,1.617737,1.452087,2.572784,3.8092954210894776,-1.7652509573721715,0.03107132640030269,0.5432995175977728,-0.9640838593448618,-156.48368300851428,3.138,-2.383,-2.8459
0.013,-0.036621,-0.030518,1.259521,1.678772,2.245544,4.556427,3.807458457730802,-1.766049687476317,0.031009370976140305,0.5426019994457144,-0.9125785128128107,-156.42427839023262,3.136,-2.384,-2.8443
0.0112,0.003662,0.023438,1.463135,2.96051,1.787781,0.833282,3.8061260363335916,-1.7666338350799082,0.031034128370208008,0.584304490842217,-0.8930371329683802,-156.4145073363169,3.134,-2.384,-2.8459
0.0125,0.031738,0.046143,1.26709,0.976868,1.787781,0.650177,3.804610301512255,-1.7672984922184176,0.031138676349411552,0.6207845467136571,-0.889761693115502,-156.40585235840123,3.133,-2.384,-2.8427
0.0119,-0.025879,-0.00708,1.253906,0.488586,2.977966,0.283966,3.8032197949462483,-1.767906743717393,0.031097824486521677,0.6185722784300518,-0.8387887756600049,-156.40199569002212,3.131,-2.385,-2.8443
0.0122,0.028809,0.081543,1.342041,2.106018,-2.24054,-1.27243,3.8017968134862676,-1.768538474582763,0.03118529356732145,0.6867261635950798,-0.8816969793322875,-156.41683969961016,3.13,-2.385,-2.8443
0.0125,0.015869,0.055908,1.315674,0.519104,-1.019836,-0.540009,3.8000801817853276,-1.7692949598980612,0.031248841506138072,0.7212731039241883,-0.9028695008612678,-156.42303231206037,3.128,-2.386,-2.8427
0.0113,-0.008301,-0.117676,1.301758,-0.823669,1.940369,3.579865,3.7988987790243143,-1.7697918990952717,0.031248890435468482,0.6380813250326619,-0.8763084392311749,-156.3843344203373,3.127,-2.386,-2.8427
0.0124,0.023682,0.084961,1.365234,1.434631,1.604675,3.457794,3.7975236657020957,-1.7704014413321927,0.03132252307970557,0.6984216457771893,-0.8694599118543771,-156.34030155161776,3.126,-2.387,-2.8443
0.0112,-0.043701,0.029297,1.335449,0.458069,0.322937,-0.26535,3.7962432245812443,-1.7709676264076175,0.0312402393856072,0.7157030447481413,-0.8403308365212608,-156.34252251896442,3.124,-2.387,-2.8443
0.0124,0.075439,0.04248,1.331055,-0.426941,-1.691223,4.64798,3.7945919955334944,-1.7716943306013422,0.03143882904976638,0.7291596266196769,-0.9046772442841348,-156.2850859311572,3.123,-2.388,-2.841
0.0132,0.047119,-0.060791,1.202881,2.411194,1.757263,0.74173,3.7931445755888613,-1.7723223626880036,0.03158643008703748,0.7173746616909145,-0.9118617375905994,-156.2764070428659,3.121,-2.388,-2.8443
0.0123,0.009766,0.030762,1.45874,2.228088,2.977966,-2.737274,3.7919147776343762,-1.772863288828054,0.03162282483446578,0.7561344192619237,-0.8786107958200213,-156.3094367431179,3.12,-2.388,-2.8443
0.0107,0.046631,0.019531,1.273193,-0.213318,2.153992,-3.439178,3.7907962776185764,-1.7733516149091946,0.03175313876468795,0.7610834909624542,-0.8830560793271642,-156.346253860718,3.118,-2.389,-2.8427
0.0115,-0.044434,-0.025146,1.267334,1.129456,-2.850891,-0.631561,3.7893827917939285,-1.7739725763058272,0.03166873263970882,0.7538370507618491,-0.8884649468840519,-156.35397093965446,3.117,-2.389,-2.8427
0.0126,0.045166,-0.065918,1.310791,2.228088,-1.4776,1.107941,3.787960397582532,-1.774588055268129,0.0317950068003443,0.7380180171703843,-0.9328519919476332,-156.34159263470698,3.116,-2.39,-2.8427
0.0113,0.020508,-0.018799,1.400635,0.94635,-0.897766,-0.204315,3.7867404387307197,-1.7751199877429782,0.031854609518005464,0.7332922001326481,-0.952486286084622,-156.3444756478152,3.114,-2.39,-2.8427
0.0124,-0.01709,-0.025635,1.323975,-0.213318,-0.684143,2.938995,3.785408910845713,-1.7757068633627302,0.0318350721707338,0.7103687303776824,-0.9501986133826736,-156.30818505269008,3.113,-2.391,-2.841
0.0122,0.039795,-0.020508,1.327637,1.556702,-1.294495,-0.02121,3.7841083260300756,-1.7762701175047675,0.0319429043175778,0.7127038654351828,-0.9874205871948433,-156.30938454193608,3.112,-2.391,-2.8443
0.0114,0.060303,0.034912,1.25293,0.580139,-0.531555,-1.852264,3.7829081309889583,-1.7767825309077716,0.032102863039194844,0.7362751737430929,-1.0285587459988355,-156.3312216536965,3.11,-2.391,-2.8427
0.0128,0.056396,0.0271,1.351318,-0.304871,-0.440002,-0.387421,3.7813364070589857,-1.7774604901464262,0.032247765848447706,0.7428000124110975,-1.0636014837648846,-156.33677024670888,3.109,-2.392,-2.841
0.0112,-0.032227,-0.094482,1.286133,2.106018,3.222107,-1.02829,3.780205625285338,-1.7779759317792156,0.03219209781807677,0.7055773481335004,-1.0065862299185364,-156.34764815852614,3.107,-2.392,-2.8443
0.0126,0.071533,0.092529,1.362793,0.702209,1.54364,-0.631561,3.7789223717821945,-1.7785119142749544,0.03236132050040017,0.7612988027100025,-1.0248880130855424,-156.3562341369942,3.106,-2.393,-2.8475
0.0122,-0.034912,-0.040039,1.248535,0.213928,-1.080872,-3.957977,3.7779544762217645,-1.778951178786884,0.0322929477691715,0.7352063982343836,-1.01443953031531,-156.40425757046657,3.105,-2.393,-2.8475
0.0114,0.074951,0.028564,1.353271,2.380676,-2.148987,0.192413,3.7764135472236573,-1.7796060007692458,0.03247417828793257,0.7731124699303041,-1.0786906169079804,-156.40328367682386,3.103,-2.393,-2.8427
0.0123,0.004883,-0.022705,1.156006,2.106018,2.520203,4.709015,3.7748208697640684,-1.7803069666017053,0.03251599786446375,0.7777400175938125,-1.0506903145962898,-156.3449939793014,3.102,-2.394,-2.8427
0.0123,-0.008057,0.041748,1.494141,0.397034,1.879333,1.291046,3.7735590462174966,-1.7808579923176335,0.032513329048600055,0.7979343887813954,-1.0205664394248062,-156.32860420867513,3.101,-2.394,-2.8459
0.0114,0.085938,0.076904,1.325195,0.06134,2.245544,-1.669159,3.772314838663327,-1.7813737087285109,0.03271534789322483,0.8373754672913966,-1.0420444912394604,-156.34844784496448,3.099,-2.395,-2.8427
0.012,-0.030762,-0.022949,1.292969,-0.549011,0.261902,-0.814667,3.7709545779293263,-1.7819830481789107,0.0326671213373734,0.8115504601807579,-1.018621087662609,-156.35770542152255,3.098,-2.395,-2.8427
0.0119,0.0896,0.012451,1.17041,-1.037292,-1.538635,-0.295868,3.7694934963611852,-1.7826030812194706,0.032909564172846954,0.8021367892051301,-1.0938976106769522,-156.36269827974274,3.097,-2.396,-2.8427
0.0123,0.013428,-0.033691,1.348633,1.526184,-1.386047,0.283966,3.768214413204232,-1.7831745019765932,0.032954041443494786,0.7959066068343451,-1.115522244535897,-156.35923328860278,3.095,-2.396,-2.8443
0.0117,0.000244,-0.048584,1.374756,1.312561,-0.409485,1.657257,3.767051278466199,-1.7837021427900734,0.032968173850573844,0.7781165075110555,-1.1174031693053887,-156.33943767772107,3.094,-2.396,-2.8443
0.0125,0.012207,-0.056152,1.316895,0.854797,-1.263977,1.657257,3.765738325836415,-1.7842952493682636,0.03301242088051076,0.750401164250339,-1.1374779095103082,-156.3185512664562,3.092,-2.397,-2.8459
0.0115,-0.01123,-0.041748,1.216064,0.335999,-2.515198,2.450714,3.7645760195786444,-1.7848269685211184,0.03300279819309697,0.7226332621097317,-1.1570000404266148,-156.29002219385686,3.091,-2.397,-2.8459
0.0122,0.05835,0.01416,1.352539,0.915833,0.383972,4.281769,3.7631527202028043,-1.7854315866993542,0.033141873691605796,0.7357738537878312,-1.1822713063193215,-156.23869667511417,3.09,-2.398,-2.8459
0.0121,-0.041992,0.00708,1.391113,1.282043,2.367615,3.793488,3.7617505783994227,-1.7860667527705796,0.03307492551392284,0.7490047405664505,-1.1273423582227973,-156.191535563999,3.088,-2.398,-2.8443
0.0124,0.002441,0.02832,1.301025,-0.365906,3.039001,1.74881,3.7603702267552017,-1.7866707385329592,0.03309975282588785,0.7556838757843979,-1.088765269345828,-156.16945623453668,3.087,-2.399,-2.8443
0.0121,0.011963,0.008301,1.261475,-0.030212,-0.043274,-2.065887,3.7590833299094757,-1.7872361402478056,0.033144488932059964,0.7558037784867881,-1.093898521811724,-156.1946259157599,3.085,-2.399,-2.8443
0.0114,0.019043,0.032959,1.33252,1.007385,-0.928284,-1.9133,3.757881742220406,-1.787754703653874,0.033197800988444146,0.7812903053603016,-1.112126523742323,-156.2169972171072,3.084,-2.399,-2.8443
0.0117,-0.01123,0.026611,1.293945,0.305481,0.322937,-0.540009,3.7566789864490486,-1.7882846395072154,0.03318895455899642,0.7952887512818668,-1.098888955881663,-156.22311557791795,3.083,-2.4,-2.8443
0.0123,-0.047607,-0.052002,1.271973,-0.762634,1.330017,-0.753632,3.75563331282043,-1.7887790579217862,0.03310151434894004,0.7495684887918429,-1.0516102390115798,-156.23086667550837,3.082,-2.4,-2.8475
0.0125,-0.020508,-0.009521,1.311279,0.885315,-0.714661,-3.92746,3.754433954520394,-1.7893204179546152,0.033074735371417724,0.7508047697719558,-1.0456047809500322,-156.27951687974658,3.08,-2.401,-2.8475
0.0116,0.021729,-0.002686,1.331787,0.06134,-1.508118,-0.692596,3.753115251079646,-1.7898956275585858,0.03313682065540567,0.7450100700246792,-1.0729481664424727,-156.28809281089823,3.079,-2.401,-2.8475
0.0121,-0.015625,-0.026855,1.273193,-0.457458,-0.256897,2.75589,3.7517527671397657,-1.790509530027431,0.033124118782925045,0.7178768618160112,-1.0648843993730288,-156.25421804669165,3.078,-2.401,-2.8443
0.0117,-0.038818,-0.014648,1.269531,0.091858,2.215027,5.380402,3.7506028821579696,-1.7910383181756293,0.03305857786085919,0.7043469467417648,-1.0145802405453328,-156.18986144643839,3.076,-2.402,-2.8459
0.0128,-0.041016,-0.016602,1.33667,0.458069,0.780701,1.321564,3.7492424642524167,-1.7916618644381228,0.03299566524725866,0.6957147730388368,-0.979412829285063,-156.17171790935362,3.075,-2.402,-2.8443
0.0113,0.030273,0.01416,1.385742,0.335999,0.780701,0.222931,3.748119614172735,-1.792145183425771,0.033068679763099566,0.7025835140001316,-0.9854088017466115,-156.16975727577423,3.074,-2.403,-2.8443
0.0123,0.010986,0.012207,1.223877,0.580139,1.54364,0.497589,3.746963167288697,-1.7926503862083318,0.03311171785906874,0.7127803995773695,-0.9725964764194195,-156.1636777597279,3.073,-2.403,-2.8443
0.0113,-0.012207,0.007568,1.27002,1.098938,0.231384,0.192413,3.7460468370452134,-1.7930618828244334,0.03309913484009939,0.7249950230191978,-0.9615408787673108,-156.16109572341327,3.072,-2.403,-2.8459
0.0123,0.02832,0.009033,1.388184,0.885315,1.940369,-2.493134,3.744992658434153,-1.7935167482333676,0.03316725844809146,0.7362854755991907,-0.9513065332918899,-156.19209750282417,3.071,-2.403,-2.8459
0.0125,-0.04541,-0.041504,1.398193,1.648254,1.940369,-2.187958,3.743878940552221,-1.794035392292497,0.033097410797178504,0.7293628663639322,-0.9004269626997197,-156.21796519351994,3.07,-2.404,-2.8459
0.0122,0.003418,0.047852,1.226318,1.282043,3.252625,-3.16452,3.7425656204542657,-1.7946080441126449,0.03312765364939847,0.7705382421319831,-0.8626720646572194,-156.25603934416424,3.069,-2.404,-2.8459
0.0114,-0.026367,-0.026855,1.256592,-0.579529,-0.043274,-2.187958,3.741562702679167,-1.7950652580254929,0.03308993141423395,0.7429037467051941,-0.8469135022379729,-156.2803428436049,3.067,-2.405,-2.8459
0.0124,0.087891,0.068848,1.220215,0.488586,0.994324,-2.432098,3.740371692049471,-1.7955371437409229,0.033297303462069626,0.7873323349918517,-0.8893883758498993,-156.3129519485957,3.066,-2.405,-2.8443
0.0116,-0.09375,-0.030762,1.408936,-0.518494,2.55072,1.046906,3.739315148068979,-1.7960444860203442,0.03313996274902556,0.7589367049698834,-0.8084258769430366,-156.29801608622927,3.064,-2.405,-2.8443
0.0124,-0.070557,-0.03125,1.257812,0.244446,0.933289,-0.936737,3.7381107488888796,-1.796609839758908,0.033016270406141815,0.7381129142442163,-0.7546737622226525,-156.3075139974146,3.064,-2.406,-2.8443
0.0112,0.027344,-0.012695,1.344727,-0.610046,0.353455,0.680695,3.737202586140868,-1.796994084872064,0.033084265393965064,0.7190597008370555,-0.7670028774864969,-156.3009113616356,3.063,-2.406,-2.8443
0.0124,-0.000732,-0.005859,1.201416,0.702209,-0.714661,-1.821747,3.736204540409392,-1.7974316931568846,0.03310217134148232,0.7197669764685823,-0.7765299648214435,-156.32375536414315,3.062,-2.406,-2.8443
0.0125,0.035889,0.004639,1.414795,0.030823,1.696228,2.298126,3.735094582548443,-1.797900426149908,0.03318417781515173,0.7173250836307467,-0.7752626616474071,-156.29592286485544,3.061,-2.407,-2.8443
0.0112,-0.054688,-0.039307,1.305664,1.861877,-0.59259,-0.540009,3.7340934066085683,-1.7983715762277384,0.0330948729463517,0.710394804073805,-0.7504857542220512,-156.30050961111206,3.059,-2.407,-2.8443
0.0122,0.060303,0.034912,1.335205,0.091858,2.092957,1.504669,3.7331080032634216,-1.7987684234793606,0.03322618428974148,0.7264846973135143,-0.7605450972606981,-156.2838680344574,3.058,-2.407,-2.8443
0.0125,-0.028076,-0.024414,1.240723,1.312561,-3.125549,0.009308,3.732215844789355,-1.799177837554577,0.033185298714347014,0.7230307586763783,-0.7831925259269701,-156.28347792813727,3.058,-2.407,-2.8475
0.0115,0.174072,0.130615,1.254883,-1.006775,2.947449,-2.737274,3.731093819037073,-1.7995619197125492,0.033544221431048474,0.7847829668940987,-0.8532065954238537,-156.3203345745569,3.056,-2.408,-2.8443
0.0124,-0.041992,-0.039551,1.404053,-0.823669,-2.148987,1.504669,3.7298355862393286,-1.800141521114045,0.033487073213367295,0.7472944625428023,-0.8562421328329963,-156.30078097323045,3.055,-2.408,-2.8427
0.0114,-0.009766,0.022705,1.21582,0.397034,1.635193,0.924835,3.7285923950460376,-1.8006889208089751,0.033489166508206554,0.7610441131519239,-0.8322394476848799,-156.28974541775702,3.054,-2.409,-2.8427
0.0126,0.00293,-0.033936,1.371338,-0.518494,-1.904846,0.894318,3.7274736001181163,-1.8011863155357157,0.03351085034363199,0.7302291349480361,-0.8574416330076026,-156.27877148095575,3.052,-2.409,-2.8427
0.0116,0.087402,-0.009766,1.185791,-0.762634,-1.721741,-1.363983,3.7264413273074792,-1.8015954766703817,0.03371101827153515,0.710939972881919,-0.93367208900809,-156.2975651591965,3.051,-2.409,-2.8427
0.0123,-0.010986,-0.06958,1.473389,-0.1828,-0.714661,1.596222,3.7253767661620802,-1.802088482805829,0.033706024291979816,0.6674337402829819,-0.9349817242682685,-156.2770672095095,3.05,-2.41,-2.8443
0.0124,-0.006592,0.004639,1.267334,1.495667,1.055359,-0.204315,3.7241438886499076,-1.8026354149002368,0.033713280508782584,0.6845091275334321,-0.9172779078434683,-156.27917701917207,3.049,-2.41,-2.8443
0.0112,-0.019531,-0.028076,1.475586,-0.304871,0.872253,1.809845,3.723164880899718,-1.8030852435025342,0.03369295399789374,0.6616034755569387,-0.8959321298449396,-156.2578987098224,3.048,-2.41,-2.8475
0.0127,-0.004883,-0.010498,1.210449,0.702209,-0.531555,-0.356903,3.722186008299505,-1.8035230098044996,0.03370015198344243,0.6599542229603618,-0.8995681423196145,-156.2622182801711,3.047,-2.411,-2.8475
0.0115,-0.003174,-0.030029,1.361816,-0.518494,2.001404,1.565704,3.721255206522675,-1.8039428360897238,0.03370856985181435,0.6327157079264727,-0.8742377188978215,-156.24356918927535,3.046,-2.411,-2.8475
0.0124,-0.043945,-0.0271,1.310547,-0.213318,0.017761,0.924835,3.720027652940919,-1.8045192355538702,0.03364710148210658,0.6102889031298505,-0.8481240776213194,-156.23027306361996,3.045,-2.411,-2.8459
0.0113,-0.018066,0.006592,1.378906,-0.854187,3.039001,2.87796,3.7188907206101343,-1.8050319912492243,0.03363319155097839,0.6001692734252814,-0.8039032642108583,-156.19670352295051,3.044,-2.412,-2.8475
0.0125,-0.012695,0.013184,1.260742,0.458069,-0.440002,-0.967255,3.717830836857337,-1.805506624700403,0.03362707814830104,0.6105943980859397,-0.8021812760178948,-156.20840999654826,3.043,-2.412,-2.8491
0.0123,0.038818,0.015625,1.338135,-1.250916,0.902771,0.955353,3.716841766086078,-1.8059158050934896,0.0337122675256928,0.6004549274905092,-0.813630999868997,-156.1980454209264,3.042,-2.412,-2.8475
0.0112,-0.019531,-0.029541,1.324707,0.854797,-1.508118,-0.906219,3.7158214955327207,-1.8063845014087059,0.0336932804654507,0.5895275980158426,-0.819125476170709,-156.20748970137114,3.04,-2.413,-2.8491
0.012,0.075439,0.061279,1.301758,0.610657,2.153992,0.680695,3.714652393906771,-1.8068394655227775,0.03384922468825099,0.6290320737346975,-0.8378299953610922,-156.20225497640473,3.039,-2.413,-2.8475
0.0124,-0.031494,-0.049561,1.284668,0.915833,-0.836731,-1.455536,3.7135725937654214,-1.8073481816277364,0.03380942334225643,0.6073578823953992,-0.8293547278724148,-156.21890106090103,3.038,-2.413,-2.8491
0.0124,0.112549,0.089355,1.333008,0.305481,1.513123,-1.119843,3.712530681507487,-1.8077182270701004,0.03402204842399646,0.6583773071199361,-0.8743644739374409,-156.2372603827469,3.037,-2.414,-2.8491
0.012,-0.039062,-0.003174,1.368896,0.274963,0.567078,-0.814667,3.7115035745471134,-1.808195772585945,0.033970173944596053,0.6557842988269509,-0.8449200555585492,-156.2455798954447,3.036,-2.414,-2.8491
0.0122,-0.001465,0.034668,1.299561,-0.1828,2.153992,-0.326385,3.710392194359107,-1.8086782637855405,0.033985829222878156,0.6699456468597607,-0.8179614474942396,-156.24946664313433,3.035,-2.414,-2.8491
0.0114,0.003906,-0.009277,1.365723,0.122375,-1.050354,-2.981415,3.70941810131605,-1.8091092649274496,0.03400696333502266,0.6622876619860809,-0.8314350042337785,-156.2835636518567,3.034,-2.415,-2.8508
0.0123,0.087158,0.110352,1.267334,-0.243835,2.642273,-3.347626,3.7083596054771975,-1.8094958652794109,0.03418246014880454,0.7216355075502807,-0.8510439223284018,-156.32834527319415,3.033,-2.415,-2.8556
0.0115,-0.099854,-0.032959,1.416992,-0.1828,2.153992,-1.669159,3.707586380455669,-1.809890100073705,0.03403159380389664,0.6971625123859121,-0.7718247309491031,-156.34414999253346,3.032,-2.415,-2.854
0.012,-0.042236,0.002686,1.34375,0.335999,-0.806213,-1.119843,3.7067956924793797,-1.8102576809204485,0.033972200974202,0.6982766356330052,-0.7576692608356511,-156.35643444171333,3.031,-2.415,-2.854
0.0126,0.092285,0.012695,1.322021,1.007385,0.65863,0.833282,3.705631331030665,-1.8107207245460382,0.03415031209977155,0.7134911529862159,-0.8034131580114521,-156.34872539226797,3.03,-2.416,-2.8508
0.0122,-0.0354,-0.12207,1.278076,1.098938,-1.233459,0.406036,3.704556021351562,-1.81124682589905,0.03410656204571493,0.6496169867873466,-0.7979443186900121,-156.3417015631321,3.029,-2.416,-2.8508
0.0114,0.107422,0.011475,1.313232,0.732727,1.635193,1.199493,3.7036875012820882,-1.8115596057826506,0.03430595954887553,0.6603469147735039,-0.8420973942913639,-156.3317526284553,3.028,-2.416,-2.8508
0.0124,-0.055664,-0.069336,1.362061,0.397034,0.292419,4.464874,3.7027850180266135,-1.8120148141656616,0.034228044544309014,0.6213845715016648,-0.8075959604447127,-156.27344301242275,3.027,-2.417,-2.8491
0.0121,-0.031494,-0.008789,1.281494,1.70929,-2.36261,-0.540009,3.7018248739566832,-1.812463095794685,0.0341882362684539,0.6330395830812495,-0.817502224041831,-156.2789196235905,3.026,-2.417,-2.8491
0.0112,0.128174,0.062012,1.342773,-0.1828,-1.660706,1.077423,3.7009423293845956,-1.8127523224700157,0.034412192632727504,0.6618539463957377,-0.9080950558000531,-156.27224594616405,3.025,-2.417,-2.8475
0.0299,-0.038086,-0.02002,1.203613,0.641174,0.048279,0.772247,3.6987064805515475,-1.8137718229309374,0.034380324329218066,0.6629734337564622,-0.8815073130668489,-156.24730105922333,3.024,-2.418,-2.8524
0.0014,0.063721,0.089844,1.351318,0.519104,3.893494,-1.241913,3.698543638578215,-1.8137775009550627,0.034484157477460954,0.7118712887548613,-0.9125653493882552,-156.2521870912435,3.023,-2.418,-2.854
0.0055,-0.06665,-0.063232,1.394043,0.335999,-1.263977,-0.784149,3.6982440113577986,-1.813971795142715,0.0343812251174607,0.6731118931985435,-0.8804232534307592,-156.25358251877304,3.023,-2.418,-2.8556
0.012,-0.002197,-0.042236,1.188965,2.472229,1.268982,-2.126923,3.697520568463292,-1.8143085146524178,0.0343917674607225,0.6707713176869178,-0.8640579106409679,-156.27823880461784,3.021,-2.418,-2.8556
0.0115,0.054443,-0.012695,1.394043,2.289124,0.445007,1.687775,3.696566517165438,-1.814700616909663,0.03449081239080755,0.6848575100317389,-0.8890835386703639,-156.2603677237418,3.021,-2.419,-2.8524
0.0123,-0.074219,-0.085205,1.309326,2.899475,-2.393127,0.74173,3.6955644621870563,-1.815226610050551,0.03438414722742571,0.6645506398541435,-0.8733766913377372,-156.247690387174,3.019,-2.419,-2.8524
0.0123,0.085693,0.028809,1.334229,0.519104,4.32074,0.680695,3.694497240432289,-1.8156242443733013,0.03454050958536784,0.6833233877223015,-0.8706356833844038,-156.24248532156926,3.018,-2.419,-2.854
0.0113,-0.047852,-0.064941,1.308105,0.702209,0.719666,3.122101,3.693683007034699,-1.8160460029964585,0.034475582742343025,0.647265740383506,-0.8339935395467108,-156.20418100213357,3.018,-2.419,-2.8524
0.0124,-0.032227,0.017578,1.318359,0.976868,-0.836731,-0.02121,3.692794474514952,-1.8164612717656798,0.03443654409961693,0.6655949126426961,-0.8249925125302358,-156.20325003118734,3.017,-2.42,-2.854
0.0122,0.085938,0.071777,1.297607,-0.884705,0.231384,0.8638,3.6918448198869593,-1.8167917972248493,0.03459192582226817,0.6936338924369351,-0.8741262755541583,-156.19707744389103,3.016,-2.42,-2.854
0.0116,-0.003418,0.019775,1.169678,0.763245,-0.134827,-3.439178,3.6908629385918936,-1.8172214531180377,0.03460355811431966,0.7119911662998617,-0.8735441168055792,-156.23708409657786,3.014,-2.42,-2.8556
0.0126,0.102051,0.087646,1.355225,-0.701599,2.398132,-3.195038,3.6897232959493658,-1.8176270094525342,0.03477916478849587,0.7492547105818713,-0.9009662861699836,-156.2817450523572,3.014,-2.421,-2.854
0.0114,-0.094482,-0.076904,1.368896,-0.396423,1.055359,-2.187958,3.688952610597854,-1.8180596804846203,0.03464565898889845,0.6960934830516994,-0.8338662644646532,-156.30200304470625,3.013,-2.421,-2.8572
0.0116,-0.046143,-0.034668,1.279053,0.885315,0.933289,-0.601044,3.688140133380664,-1.818464703129469,0.034584063062476536,0.6806221865867454,-0.7950967644775351,-156.30647522152756,3.012,-2.421,-2.8556
0.0125,0.0,-0.007568,1.313721,1.312561,-1.202942,2.237091,3.6871298878497654,-1.8189123461399095,0.03460021247880308,0.6875081803935134,-0.8107147303332906,-156.27855339503571,3.011,-2.421,-2.8556
0.0118,-0.043457,-0.053467,1.208008,1.007385,-2.972961,0.467072,3.6862362017350296,-1.81935898757078,0.03454155182620019,0.660373766272503,-0.8184260425630708,-156.2709777821848,3.01,-2.422,-2.8556
0.0126,0.126953,0.062744,1.342773,-0.1828,5.266785,1.809845,3.685293304124159,-1.8196576964574143,0.03475248304630113,0.6897040611038601,-0.8262011026545512,-156.25348394111643,3.009,-2.422,-2.8572
0.0113,-0.104492,-0.010742,1.414795,0.366516,2.367615,1.443634,3.684451338740356,-1.8201085025478323,0.03461241026501136,0.6829134031313658,-0.7418124505316381,-156.23253192151356,3.009,-2.422,-2.8589
0.0125,-0.026123,0.048828,1.270996,0.549622,-0.59259,-5.544891,3.683670125218921,-1.8204602505040046,0.03458378826159183,0.7161958645926435,-0.7335059170832186,-156.30120116512143,3.008,-2.422,-2.8621
0.0115,0.015381,0.022705,1.309326,-0.335388,-0.806213,-0.875702,3.6830204259497856,-1.8207296882789017,0.03461938830819408,0.7212265214049949,-0.7527997157320142,-156.3121746054012,3.007,-2.423,-2.8589
0.0124,-0.017822,-0.033447,1.206299,0.976868,-3.613831,0.802765,3.681912012397394,-1.821238998427365,0.03460866648859132,0.7068321474419792,-0.7873839715253756,-156.3018119585981,3.005,-2.423,-2.8556
0.0114,-0.007812,-0.035645,1.297852,0.427551,1.024841,-0.784149,3.680808615262051,-1.8217383199935517,0.034615348071742005,0.6857030153202852,-0.7716373931939504,-156.31005342590095,3.004,-2.423,-2.8556
0.0123,-0.026611,-0.090576,1.472412,-2.380066,2.215027,4.403839,3.6798430067490715,-1.822200430910409,0.03459380424119964,0.6034365241171746,-0.7309870908346159,-156.2539115117777,3.004,-2.424,-2.854
0.0123,-0.068848,-0.025146,1.248291,1.434631,-1.996399,1.657257,3.6789904636978528,-1.8226426525810928,0.03449789744410374,0.6014884876456117,-0.7140889987226101,-156.23033859645494,3.003,-2.424,-2.8556
0.0123,0.136475,0.141357,1.271484,-0.243835,2.489685,0.558624,3.6781724122295256,-1.8228589745431358,0.034724239911738744,0.679811413492247,-0.7672682417342453,-156.23052047012018,3.002,-2.424,-2.854
0.0112,-0.044922,-0.059082,1.371582,-2.105408,-4.895569,1.413116,3.6774367393961276,-1.823231897734943,0.03466958313782399,0.6182727822614642,-0.7965800040552852,-156.21299750574798,3.001,-2.424,-2.854
0.0123,-0.016846,0.014648,1.169434,0.702209,-1.111389,-3.866425,3.676531218998828,-1.8236417193249768,0.03465790300893264,0.6337987623914111,-0.7998422623328083,-156.26011159749262,3.0,-2.425,-2.854
0.0118,0.119385,0.049561,1.431885,0.091858,4.56488,-1.302948,3.6756956752278667,-1.8239167238929836,0.03483536447350022,0.6576585037264404,-0.8103553556646469,-156.2797732999554,3.0,-2.425,-2.8556
0.0124,-0.11084,-0.106201,1.317627,0.610657,-1.172424,2.237091,3.674979089938896,-1.8243461456992156,0.03468300761528007,0.598466629191816,-0.7604121526981434,-156.24663192576685,2.999,-2.425,-2.8589
0.0123,0.053467,0.014648,1.313477,1.739807,-0.012756,-1.486053,3.674310991919332,-1.82459258176877,0.03477449329257325,0.6249965900129495,-0.7927661535835758,-156.267409725732,2.998,-2.425,-2.8621
0.0113,0.082031,0.028076,1.327637,0.335999,-2.698303,0.131378,3.6737360381606536,-1.824774102037159,0.03490316857343129,0.641255378094357,-0.871077958680652,-156.26987754980757,2.998,-2.425,-2.8605
0.0127,-0.069824,-0.100098,1.169922,-0.701599,-1.35553,1.809845,3.6729745567208485,-1.8252090512135817,0.03480331521286221,0.5624038757922033,-0.8429810577540798,-156.24233501513322,2.996,-2.426,-2.8589
0.0113,0.115234,0.088379,1.328125,1.221008,2.367615,-1.119843,3.671851286114009,-1.8255801160906782,0.03498731510402341,0.6241457571631268,-0.8827798325040406,-156.26088456046358,2.995,-2.426,-2.8572
0.0124,-0.010986,-0.032715,1.373779,-0.365906,-0.897766,4.464874,3.670690975583092,-1.8261145407348387,0.034989296279060667,0.5963786861243413,-0.8872752778113414,-156.204507177352,2.994,-2.426,-2.854
0.0123,-0.048828,-0.054199,1.240234,0.732727,-2.087952,1.107941,3.669835720221124,-1.8265579308265767,0.03492804607798832,0.5678488764711117,-0.8822534902992457,-156.18798427067082,2.993,-2.427,-2.8572
0.0111,0.18335,0.101074,1.256592,-0.335388,1.116394,0.375519,3.66906849036895,-1.8266987797509198,0.035213049555267405,0.6219004845402646,-0.9802258162382389,-156.1934927727666,2.993,-2.427,-2.8572
0.0125,-0.054932,-0.072998,1.358887,-0.152283,-3.49176,2.969513,3.6682523394316826,-1.8271410737165206,0.035147000300541374,0.5739465568142282,-0.9907043950867126,-156.1529664517147,2.992,-2.427,-2.8572
0.0122,0.064697,0.042725,1.295166,0.94635,-0.104309,-2.462616,3.6672897743279314,-1.8274971432870206,0.035255508138316086,0.6081411628034958,-1.028718665344707,-156.18632933604962,2.991,-2.427,-2.8589
0.0115,0.105225,0.020752,1.379395,0.091858,1.757263,1.565704,3.6664006389828647,-1.8278067953986978,0.03541099460445483,0.6167093244511803,-1.0651892141077637,-156.17203136515366,2.989,-2.428,-2.8572
0.0121,-0.056152,-0.044678,1.193848,2.655334,0.933289,-2.096405,3.6655463214155244,-1.828266608481349,0.03533723845017418,0.6165676812473956,-1.0158068074537563,-156.1934323243331,2.989,-2.428,-2.8605
0.0125,0.099609,0.14502,1.355225,0.091858,0.261902,-3.805389,3.664499924625291,-1.8285834629099844,0.03548651773302356,0.6964473032035491,-1.0659532954064175,-156.2478455967828,2.988,-2.428,-2.8589
0.0122,-0.085938,-0.152832,1.328857,-1.800232,-2.850891,2.420197,3.663555412740772,-1.8291543638517773,0.03538185543264736,0.5815565833424015,-1.0487209878434038,-156.21151818564346,2.986,-2.429,-2.8589
0.0116,-0.045654,-0.012695,1.294434,1.251526,-0.440002,-0.936737,3.6624900413778883,-1.8296754011413576,0.035332105300212614,0.5852034100934381,-1.0242095478643554,-156.2200509865484,2.986,-2.429,-2.8589
0.0122,0.041748,0.016357,1.370117,-0.1828,3.801941,3.946075,3.6613877870614377,-1.830125123841445,0.035405916106674436,0.5878822383489051,-0.999992891946203,-156.17315518598775,2.985,-2.429,-2.8605
0.0119,-0.066895,-0.046631,1.265381,0.488586,3.801941,-5.758514,3.6606073773514707,-1.8305562671326705,0.03532077653586543,0.5630005671566761,-0.9122651592304452,-156.23704602732033,2.984,-2.429,-2.8637
0.0122,0.088379,0.120361,1.297363,-0.701599,2.703308,-4.781952,3.659867163506206,-1.830754952078422,0.03545678464085586,0.6232618941979061,-0.9304220362914536,-156.30136569665893,2.984,-2.429,-2.8621
0.0114,-0.109375,-0.072998,1.270264,0.030823,-3.400208,-0.173798,3.6591221848468454,-1.8312090694815268,0.03531013013957794,0.5758382802602345,-0.9019094982653523,-156.29766118751004,2.982,-2.43,-2.8605
0.0121,0.095703,0.032471,1.270264,1.495667,-3.064514,-2.401581,3.6580639122506664,-1.831582183284204,0.035464156536747574,0.6106734914578444,-0.9957458646538174,-156.3315212670949,2.981,-2.43,-2.8605
0.012,0.075928,-0.071533,1.30835,0.488586,2.672791,5.929718,3.6570493845166734,-1.8320046700012258,0.03558767044000439,0.5696521216182248,-1.0077254466190695,-156.26111512616419,2.98,-2.431,-2.8572
0.0119,-0.103271,-0.1521,1.396729,1.648254,1.42157,4.068146,3.6561975466727605,-1.8325480290822393,0.03546710886707026,0.5017660926096115,-0.9327212548054188,-156.20449530599868,2.979,-2.431,-2.8589
0.0123,0.128906,0.07959,1.309814,2.502747,2.092957,-0.662079,3.6554130504654907,-1.8327296602598646,0.035656199552311515,0.5762472360901104,-0.9812585422168792,-156.22044312895457,2.979,-2.431,-2.8621
0.0124,0.058594,0.126953,1.373047,-0.518494,-2.148987,-3.134003,3.6546103826949796,-1.8329690259124836,0.03574127609365564,0.6379570745484762,-1.0379666041250142,-156.26506561725205,2.978,-2.431,-2.8621
0.0111,-0.080322,0.013672,1.201904,1.251526,-4.651428,-3.103485,3.653699210043731,-1.8334361389766658,0.035634188225844306,0.657413981961328,-1.035872528973845,-156.29708739462652,2.977,-2.431,-2.8605
0.0123,0.172119,0.060547,1.416016,1.739807,3.100037,-1.119843,3.6524092636485306,-1.8338582398120544,0.0358703328154064,0.7070590125662587,-1.087632073587382,-156.31724429886728,2.975,-2.432,-2.8589
0.0124,-0.075195,-0.137939,1.419922,1.098938,-0.562073,2.75589,3.651427985734999,-1.8344318803517135,0.035790783328710433,0.6406832511790331,-1.0511416686861441,-156.27665386007547,2.975,-2.432,-2.8589
0.0121,0.018066,-0.040771,1.201416,1.007385,5.785583,-4.354706,3.6505013628837637,-1.8348526617914047,0.03583569856639416,0.6237793724480808,-0.9914343841943851,-156.32801063914232,2.974,-2.432,-2.8637
0.0118,0.065918,0.141357,1.46167,-0.304871,2.001404,-6.643524,3.649649497136105,-1.835103898993193,0.03592530207925294,0.6913672402185214,-0.9991112190867696,-156.41192643899774,2.974,-2.432,-2.8653
0.0124,-0.095947,0.040039,1.12793,1.221008,-6.787659,-1.425018,3.6489095106627856,-1.835488259374638,0.035784939855525846,0.7298955915198405,-1.0165135658729112,-156.42779429720034,2.972,-2.433,-2.8653
0.0114,0.097656,0.05957,1.200928,0.183411,5.388855,1.321564,3.647771872016153,-1.8358788404452193,0.03594918115150729,0.764997919958412,-1.0169393128033621,-156.4169897823056,2.971,-2.433,-2.8621
0.0122,-0.053955,-0.10083,1.43335,0.458069,-2.210022,7.394562,3.646792271903448,-1.8364044557316754,0.03589653861891841,0.7094242280199548,-1.0132888873309354,-156.32273225191793,2.97,-2.433,-2.8621
0.0115,-0.052002,-0.068115,1.219727,0.06134,0.902771,2.420197,3.6460245420858923,-1.8368302608993328,0.035834718414878335,0.6622741059365803,-0.9694077441328507,-156.29067629532025,2.97,-2.433,-2.8621
0.0125,0.142334,0.038818,1.458252,-0.457458,7.46405,-3.92746,3.645238704457166,-1.837053878687764,0.036017741583594894,0.6733020099766371,-0.9487892608399008,-156.34482061930706,2.969,-2.434,-2.8669
0.0115,-0.043701,0.063965,1.214844,0.427551,-4.834534,-7.559052,3.6445612743494222,-1.8373513581976597,0.03596348814633047,0.7159874517622199,-0.9746191048403289,-156.4322542209282,2.968,-2.434,-2.8669
0.0123,0.003662,0.086182,1.164795,0.549622,-1.874329,-7.040253,3.643799131158496,-1.8376315588212333,0.0359806099702615,0.7764746917260277,-0.9983517735802915,-156.5214764644659,2.967,-2.434,-2.8669
0.0122,0.099854,0.004395,1.467041,0.244446,1.513123,1.077423,3.6427016848306466,-1.8380582446286593,0.03611474882671198,0.7758591338124652,-1.0298331031027126,-156.5105627191718,2.966,-2.434,-2.8637
0.0124,-0.089111,-0.090576,1.214844,0.641174,-2.36261,0.161896,3.641748898224705,-1.8386011064536814,0.036004181741926974,0.7214994551638403,-1.0013864003984223,-156.50310854831844,2.965,-2.435,-2.8621
0.0113,0.05127,0.008545,1.383057,-1.495056,2.520203,-5.17868,3.6408620796604225,-1.8389530375438439,0.0360813616495079,0.7055902965050472,-0.9987825676395627,-156.56291637627106,2.964,-2.435,-2.8637
0.0125,0.059326,-0.039551,1.366455,-1.95282,-0.256897,1.901398,3.6399872549440775,-1.8393198947577858,0.03616899952734631,0.6540650998813469,-1.0335519676384102,-156.53980282040263,2.964,-2.435,-2.8653
0.0114,-0.081787,-0.044678,1.185303,0.152893,-0.134827,-0.784149,3.639373614509918,-1.8396932890416466,0.036060113089722366,0.6232461333633551,-0.9809007757754294,-156.5436821547153,2.964,-2.435,-2.8686
0.0121,0.083496,0.220459,1.341553,-0.121765,-1.233459,-4.537811,3.638556548329889,-1.8398753437729993,0.036174157808967974,0.7421041221416608,-1.0399681840914066,-156.60714332129837,2.963,-2.435,-2.8702
0.0126,0.014893,-0.096924,1.296387,-1.891785,-1.172424,3.427277,3.637929758512674,-1.8402041638704554,0.03620239135842032,0.6554578900567355,-1.0619295595395517,-156.56136027898967,2.962,-2.436,-2.8686
0.0115,-0.003662,-0.071289,1.258789,2.228088,-0.409485,-3.500214,3.6369149740590565,-1.8406994966761263,0.03621418232426863,0.6341004936843609,-1.0619011302897206,-156.5990028422228,2.96,-2.436,-2.8669
0.0121,0.187744,0.054932,1.335449,-0.640564,2.276062,-0.112762,3.6359234674605836,-1.8409606229069506,0.036464238583479594,0.6536443522388732,-1.1381763100676863,-156.60806512462065,2.96,-2.436,-2.8669
0.0117,-0.131836,-0.161377,1.330078,-1.403503,0.53656,2.237091,3.6351717543764046,-1.8415128805193097,0.036309617430437896,0.5411255946848655,-1.0541233027976833,-156.57097193745352,2.959,-2.436,-2.8702
0.0128,0.069824,0.197754,1.220215,1.312561,1.848816,-12.045135,3.634212761964384,-1.8417314757405756,0.036419886882533614,0.6794820124194872,-1.0705266965816156,-156.73475255601858,2.958,-2.437,-2.8734
0.0111,0.119385,0.132812,1.35376,-0.793152,-2.759338,-3.622284,3.6334391547730696,-1.8419069187141959,0.03657469825012911,0.7413613408336546,-1.164322755468948,-156.7828951263076,2.957,-2.437,-2.8718
0.0126,-0.115723,-0.107178,1.240479,0.549622,-2.210022,-3.317108,3.6323554797252324,-1.8425347482669978,0.03643752271015163,0.6785207459407093,-1.1174714359721438,-156.81751706612516,2.956,-2.437,-2.8702
0.0121,0.148438,0.107666,1.332764,0.305481,1.696228,-4.141083,3.63106945561027,-1.8429298921510031,0.03664267214629692,0.7398832475958116,-1.17766085815013,-156.8747962043657,2.955,-2.438,-2.8686
0.012,-0.057617,-0.136963,1.361084,-1.861267,0.109314,1.931915,3.6301679229398345,-1.843462454758092,0.036584792865899905,0.6355041971311738,-1.1405239119643265,-156.84446379924856,2.954,-2.438,-2.8702
0.0113,0.026855,-0.067871,1.249268,0.030823,-0.806213,-4.1716,3.629329930302144,-1.8438640175993444,0.036632851113735834,0.5914288627529685,-1.1627383420246058,-156.88938701485836,2.953,-2.438,-2.8734
0.0122,0.124756,0.053467,1.352051,0.641174,0.628113,-2.340546,3.628509397057664,-1.8440923468078785,0.036795676277892334,0.6263566365851343,-1.2213756704982655,-156.92357270096107,2.953,-2.438,-2.8767
0.0122,-0.103027,-0.027588,1.236084,0.885315,-3.461243,-2.065887,3.6278467168760806,-1.8444855720397608,0.03666521123998446,0.616890880037477,-1.1956254823676828,-156.94432141581672,2.951,-2.439,-2.8767
0.0124,0.106689,0.048096,1.271729,-0.091248,2.916931,-0.662079,3.626560145775668,-1.8449242702191067,0.03682592727128975,0.6411862140311623,-1.2201982079415905,-156.9572309925403,2.95,-2.439,-2.8734
0.0122,-0.073975,-0.112061,1.434814,0.702209,-3.125549,2.145538,3.6254771108235064,-1.8455299483342877,0.03675544018422043,0.5852214404992566,-1.2140671258485123,-156.92453118493182,2.949,-2.439,-2.8718
0.0113,0.00708,-0.009766,1.178223,0.244446,0.780701,-3.16452,3.6244798443198065,-1.845965106819334,0.03678215318084443,0.5792785466279675,-1.2066045848583442,-156.95964430076413,2.948,-2.439,-2.8767
0.013,0.095459,-0.013184,1.436035,-1.556091,4.015564,-2.401581,3.6234997623166607,-1.8463311973894097,0.03690545623556281,0.5493359852523836,-1.200906763028223,-156.9925171294707,2.948,-2.439,-2.8783
0.0117,-0.091797,0.070557,1.247314,-0.06073,-3.919006,-7.83371,3.622796313632894,-1.8466524237970336,0.036793196344025184,0.5909615215208709,-1.1857963393783013,-157.08428082908776,2.947,-2.44,-2.8799
0.0111,0.078125,0.04834,1.232422,0.091858,3.679871,-1.425018,3.621937513951851,-1.8469246326596167,0.03691058684028883,0.6189861090857488,-1.1904719745865733,-157.10402544567438,2.946,-2.44,-2.8767
0.0123,-0.038574,-0.127197,1.456543,-0.365906,-5.841614,1.077423,3.620933878677552,-1.847475385833389,0.036878661653442696,0.5436300598985555,-1.2369527649875278,-157.08515515399804,2.945,-2.44,-2.8767
0.0121,0.092285,0.008057,1.138428,-0.579529,0.109314,-3.134003,3.6198675608136868,-1.84784303162763,0.03702917820833017,0.5404112272111177,-1.2942130536649987,-157.1266421407433,2.944,-2.441,-2.8767
0.0119,0.072754,-0.040527,1.44873,-0.1828,6.823181,-0.14328,3.6189468230184336,-1.8482231079398284,0.03712330498819396,0.5137341825649653,-1.2466552197096772,-157.12759772668278,2.943,-2.441,-2.8799
0.0123,-0.098145,0.021484,1.289307,1.251526,2.031921,-7.681122,3.6181240146057285,-1.8486418733290082,0.03701089532354145,0.5411466864682587,-1.1586710126987267,-157.21882766631998,2.943,-2.441,-2.8831
0.0114,0.004639,0.143066,1.270508,0.763245,-0.104309,-5.636444,3.6174371281158204,-1.84881759364201,0.0370263638050319,0.6336907431421461,-1.1589201825100448,-157.28908858324772,2.942,-2.441,-2.8831
0.0122,-0.064697,-0.061523,1.304688,-1.128845,-2.148987,1.168976,3.6166445230467823,-1.8492473973795105,0.03695570623688357,0.5798391181796776,-1.1437423879414754,-157.27034701271603,2.941,-2.441,-2.8799
0.0125,-0.006104,-0.001465,1.261963,1.282043,-4.712463,-4.263153,3.6154684967888158,-1.8497536708682976,0.03696592169035383,0.5926924211821266,-1.1948789226211791,-157.32361031230042,2.939,-2.442,-2.8799
0.0113,0.116211,0.000732,1.289551,-1.95282,4.137634,-1.821747,3.614408152803115,-1.8501209717156508,0.037127915078781666,0.5683424883321397,-1.2133507787123634,-157.3470650653408,2.939,-2.442,-2.8767
0.0125,-0.08252,-0.125488,1.367432,0.030823,3.496765,0.161896,3.6135229706958976,-1.8506511872450329,0.03704249060222685,0.4955333515259415,-1.1199000243400485,-157.33657390261646,2.938,-2.442,-2.8799
0.0121,0.060059,0.080078,1.284912,1.770325,-0.867249,-1.333466,3.612732645121858,-1.8508796764970477,0.03712873299760609,0.5622368283109122,-1.163005417593435,-157.35791534895384,2.937,-2.442,-2.8815
0.0117,0.052246,-0.000488,1.345215,-2.135925,0.780701,1.901398,3.6121212160241503,-1.8511053812376406,0.037196809721776185,0.5336025330675653,-1.180265793539009,-157.33686148556845,2.937,-2.443,-2.8831
0.0126,-0.025146,-0.042725,1.246338,0.06134,-3.827454,0.009308,3.6114710298413413,-1.8514407553834953,0.03717124546738442,0.5053855272573667,-1.2093488940240822,-157.3339810455401,2.935,-2.443,-2.8831
0.0112,0.05957,0.057129,1.304443,2.0755,0.628113,-7.192841,3.610542354859069,-1.8517469466440524,0.037257359668771396,0.5610013027808429,-1.2326650085189566,-157.41850762118892,2.934,-2.443,-2.8848
0.0122,0.099609,0.006836,1.431641,-2.776794,3.527283,-5.789032,3.6095307102754353,-1.8521065698718109,0.037381731602437816,0.5292774431598796,-1.237628361826607,-157.49146401150827,2.934,-2.443,-2.8815
0.0124,-0.029785,-0.053223,1.192383,0.366516,0.139832,-4.659882,3.6086343791387026,-1.852562184794035,0.03735558579039072,0.49829265573666376,-1.2128988529422957,-157.54498210897944,2.933,-2.444,-2.8864
0.0122,0.063965,0.067139,1.325684,1.617737,1.482605,-6.613007,3.6077419640171375,-1.8528344654499016,0.03744489375054654,0.5557072131653608,-1.2270998989069286,-157.63033425782453,2.932,-2.444,-2.888
0.0113,-0.054443,0.021729,1.32666,-0.579529,-5.872131,-5.544891,3.607045057678199,-1.8531485822044753,0.03738703666784201,0.5600601218555508,-1.2565452404647264,-157.69268900352603,2.931,-2.444,-2.8896
0.0122,0.02417,-0.008057,1.230225,-0.243835,-1.050354,-5.789032,3.6061118626512285,-1.8535302826553095,0.03743158634366223,0.5507258629551851,-1.2797593095810325,-157.76335478991987,2.93,-2.444,-2.8896
0.0123,0.023438,-0.05957,1.452148,0.915833,1.146912,-1.058807,3.604807029636563,-1.854105726974128,0.03747654246635526,0.5274746162881065,-1.2725446110881802,-157.77384767200894,2.929,-2.445,-2.8864
0.0114,-0.07373,-0.05835,1.327637,0.580139,0.017761,1.962433,3.6036837465617952,-1.8546761684261952,0.03740620662022198,0.4971538413984225,-1.2254601694386653,-157.74610054757625,2.927,-2.445,-2.8864
0.0124,0.057861,-0.033936,1.359619,-0.823669,1.909851,4.007111,3.602682438388949,-1.8550744668415775,0.03748690957066398,0.46438576121736097,-1.2306049544186055,-157.6963626367068,2.927,-2.445,-2.8848
0.0123,-0.014893,-0.021973,1.27832,0.732727,-3.095032,2.145538,3.601783913021484,-1.8554828138756925,0.03748038416359812,0.4575229441899544,-1.255637338015617,-157.6682998754912,2.926,-2.445,-2.8831
0.0111,0.006348,0.036377,1.297607,1.556702,-0.256897,-1.608124,3.600879403197052,-1.8558298816326702,0.03750112037385125,0.4944640643823515,-1.2577584651352067,-157.68756766828972,2.925,-2.446,-2.8848
0.0126,0.01416,-0.000977,1.369385,-1.006775,2.947449,-0.845184,3.5999196879297495,-1.856222662174823,0.03753098606240609,0.4790558377586618,-1.2240534569920882,-157.69790160159968,2.924,-2.446,-2.8815
0.0124,-0.052734,-0.019775,1.262451,2.167053,0.628113,-3.896942,3.599102920025157,-1.8566258273641214,0.03747717021679976,0.49250354768775206,-1.180188659077622,-157.74297147691135,2.923,-2.446,-2.8848
0.0111,0.068115,0.087158,1.297363,1.434631,1.268982,-5.911102,3.5983605481742122,-1.8568209630162618,0.037569131682884005,0.5583268229869208,-1.202101000583493,-157.81395343862883,2.923,-2.446,-2.888
0.0131,-0.003662,-0.037109,1.363525,-2.288513,-1.416565,-2.493134,3.5976682362087566,-1.8571413491952629,0.037571237655734765,0.5052851104656404,-1.2139224907940325,-157.84477720215497,2.922,-2.446,-2.8896
0.0116,-0.043213,-0.021729,1.19458,1.465149,-2.118469,-4.415741,3.5971148128026083,-1.8574272026637082,0.03752128092323947,0.5069917270156569,-1.2069593383191421,-157.89337371835256,2.921,-2.447,-2.8896
0.0114,0.14209,0.088867,1.328125,0.885315,3.43573,-1.394501,3.5960554603338615,-1.85769849269847,0.03770160054217864,0.5652520838763174,-1.2448070172489691,-157.916653342676,2.92,-2.447,-2.8864
0.0127,-0.093994,-0.131348,1.35498,-2.624207,0.139832,4.678497,3.594915089089163,-1.8583330076241653,0.03761187321226166,0.4541685151382714,-1.186426161105768,-157.8485601542407,2.919,-2.447,-2.8831
0.0113,0.001953,-0.05835,1.210449,0.702209,-1.752258,2.023468,3.594076586282013,-1.8587226472745069,0.03762562635034628,0.4229382208902273,-1.2044885138027017,-157.82311833161026,2.918,-2.447,-2.8831
0.0124,0.129639,0.060547,1.231934,0.488586,-0.409485,0.283966,3.5932138762902492,-1.8589147126680587,0.037798267908877754,0.4645760442023211,-1.285848916304101,-157.8272361416602,2.918,-2.447,-2.888
0.0114,-0.043213,-0.091797,1.358398,-2.532654,-0.165344,0.772247,3.5926535715294734,-1.8592598198027601,0.037752260382683686,0.38207156420189836,-1.2585218711045179,-157.8123998067074,2.918,-2.448,-2.8896
0.0122,-0.078613,0.03418,1.404541,2.929993,-1.202942,-3.16452,3.5920870385529517,-1.8595437000648223,0.03767190240213379,0.4354566034491211,-1.22503561704038,-157.8491736317053,2.917,-2.448,-2.8928
0.0122,0.109375,0.120117,1.300537,2.83844,1.360535,-6.521454,3.591265701667572,-1.859713365559635,0.037810275327082324,0.5393656235511393,-1.2674953982475219,-157.93687493637762,2.916,-2.448,-2.8928
0.0117,-0.000977,-0.074463,1.381836,-1.83075,-0.867249,-2.554169,3.5900573154271957,-1.8602670458160744,0.037826946086353716,0.47465205858325077,-1.2717758403292292,-157.9633697270459,2.915,-2.448,-2.8864
0.0123,-0.027588,-0.080078,1.206299,2.441711,-1.172424,-0.692596,3.5887870633606833,-1.8608772729418166,0.03781389079759891,0.4519277850539436,-1.2647299493830977,-157.96702778267033,2.913,-2.449,-2.8831
0.0122,0.028564,0.006104,1.350342,3.540344,0.322937,0.894318,3.5875856491492324,-1.861344564447188,0.03786517297071033,0.49584640353220893,-1.2723694163153363,-157.95690807181336,2.912,-2.449,-2.8815
0.0123,0.051025,-0.046387,1.280518,-1.678162,-0.562073,1.962433,3.5866203027762196,-1.8617316793047662,0.03793873893745895,0.4448595094245751,-1.305505637310482,-157.9324586027331,2.912,-2.449,-2.8831
0.0122,-0.000977,0.022461,1.331055,-1.098328,1.54364,-1.302948,3.58576202480548,-1.8620739175712238,0.037949536377021545,0.44294579436608106,-1.2811405265712523,-157.94866326999716,2.911,-2.449,-2.888
0.0115,0.110596,0.137207,1.219482,1.83136,1.726746,-2.401581,3.5850175171127807,-1.862170546256012,0.03809571602105315,0.5472947799027917,-1.3254510255261764,-157.98639724974333,2.91,-2.449,-2.8864
0.0125,-0.039307,-0.05835,1.335205,-0.94574,0.841736,-1.638641,3.5843483226763877,-1.8625285591575098,0.038057740253570255,0.4996005435109015,-1.2870522051768938,-158.0024468593412,2.909,-2.45,-2.888
0.0111,0.018555,-0.02002,1.272705,0.244446,-1.233459,-6.429901,3.583334282863478,-1.862948736658268,0.03809472580877227,0.4894741240180527,-1.30667741148027,-158.07324720413553,2.908,-2.45,-2.888
0.0126,0.076416,0.026367,1.378906,1.800842,-0.409485,-4.110565,3.582158024817388,-1.8633544875640977,0.03819578409777792,0.5252142652667662,-1.3482735906845276,-158.1281735394632,2.907,-2.45,-2.8848
0.0122,-0.013916,-0.074951,1.289795,0.82428,3.43573,1.291046,3.5811682943501677,-1.863838257559232,0.03819453933773969,0.48768756752453013,-1.2934911352425529,-158.1075464686894,2.906,-2.451,-2.8848
0.0112,-0.003662,-0.032715,1.424805,1.617737,2.184509,0.283966,3.58025097521176,-1.8642463599769101,0.03820237947660126,0.4854193484177576,-1.2618653943596372,-158.1021258328601,2.905,-2.451,-2.8864
0.0123,-0.005615,0.000732,1.312256,1.434631,0.048279,-0.082245,3.579396452092476,-1.8646049265898312,0.03820756243762778,0.5010092930578119,-1.2535276679409237,-158.10244127101203,2.904,-2.451,-2.8864
0.0123,0.014404,-0.001953,1.290283,-0.030212,3.130554,-0.173798,3.5785228038262176,-1.8649532848412944,0.038237273730886596,0.49708774286822105,-1.2197234235003989,-158.10432424710459,2.903,-2.451,-2.8864
0.0114,-0.001709,0.032959,1.280762,0.366516,-0.623108,-1.058807,3.577564348492053,-1.8653234338123634,0.03825011920993739,0.5187804278342026,-1.2218181860015715,-158.11734919225728,2.902,-2.452,-2.8848
0.0123,-0.009033,0.010498,1.31665,1.06842,2.55072,-1.211395,3.576483932058387,-1.8657669639140202,0.038257485704951244,0.5355134389173456,-1.181307783055083,-158.13156376218203,2.901,-2.452,-2.8815
0.0123,0.022949,0.005615,1.3479,1.282043,3.43573,-0.509491,3.5754525544618425,-1.8661660446038641,0.03829917131741696,0.5515145308790262,-1.1486109040412986,-158.1381209667435,2.9,-2.452,-2.8831
0.0121,0.044922,-0.023438,1.236328,0.183411,2.062439,-3.103485,3.5745006562113613,-1.8665310678952405,0.03836873161229996,0.5371305646682298,-1.1485976063826515,-158.17610817469492,2.899,-2.452,-2.8831
0.0119,0.054443,0.066162,1.369141,1.739807,-0.378967,-6.796112,3.5736028139787024,-1.8668044330055817,0.03844067552776865,0.593119432208815,-1.178981544966892,-158.261287966537,2.898,-2.453,-2.8831
0.0118,0.014404,0.013428,1.294922,2.289124,0.353455,-5.17868,3.5727783795744816,-1.8671200823772978,0.03846886653203411,0.6256219530325833,-1.1792397773667793,-158.32299310390664,2.898,-2.453,-2.8831
0.0123,0.014893,-0.041504,1.353516,0.610657,3.405212,0.558624,3.571875238199458,-1.8675096982031385,0.038498142088259274,0.605594847420347,-1.1424341132576579,-158.31409471955928,2.896,-2.453,-2.8799
0.0121,-0.067139,-0.048828,1.361572,1.83136,0.475525,-0.692596,3.5709907521564306,-1.8679663157846973,0.038436903030697765,0.5966041041879058,-1.0954305110827478,-158.31736430840056,2.896,-2.453,-2.8815
0.0115,0.030762,-0.026123,1.247803,-0.365906,0.841736,0.039825,3.5699676222462604,-1.8683699266381417,0.038489938973783076,0.5731127261587311,-1.1024353836248888,-158.31687741546983,2.894,-2.454,-2.8815
0.0124,0.039795,0.009766,1.303467,-0.335388,1.42157,-2.889862,3.568922696910788,-1.8687473731085378,0.038551969507495024,0.5721976025367342,-1.105250151476791,-158.35435726039861,2.894,-2.454,-2.8831
0.0114,-0.002441,0.062744,1.281006,0.580139,4.198669,1.687775,3.5680779868534347,-1.8690426855926683,0.03856322326677083,0.612594160916362,-1.05399666955225,-158.3366435464983,2.893,-2.454,-2.8831
0.0122,-0.200928,-0.062744,1.407471,-0.335388,-1.294495,5.319366,3.5669647222637297,-1.8697023300297357,0.03837049535267567,0.5699719995756688,-0.9598761483183851,-158.26139635645134,2.891,-2.455,-2.8799
0.0119,0.142822,-0.030273,1.055664,-0.671082,0.353455,0.039825,3.56594381350495,-1.8699599729883845,0.0385873881938531,0.5380998345751684,-1.0581917517858137,-158.26814843426672,2.89,-2.455,-2.8815
0.0129,0.153564,0.052734,1.434082,0.732727,-0.623108,-6.033173,3.5647894835673677,-1.8702556667261947,0.03876192827446924,0.5736793740202242,-1.1434368125084953,-158.35402200631984,2.889,-2.455,-2.8815
0.0114,0.036621,-0.003662,1.222168,-0.243835,4.503845,-1.27243,3.564071077971176,-1.8705152797740492,0.0388176719018469,0.5658890281256153,-1.1128146239525412,-158.36922125473757,2.889,-2.455,-2.8815
0.0123,-0.2146,-0.078857,1.350098,1.159973,2.092957,-2.615204,3.563215584162374,-1.8711274587905682,0.038598763233318886,0.5335660763989455,-0.9645589532247337,-158.3879204586455,2.888,-2.455,-2.8831
0.0115,0.066406,0.084961,1.24707,3.021545,-4.529358,1.809845,3.5620831854997532,-1.8714513958277204,0.0386955757848162,0.6166779738534451,-1.0558333319011353,-158.37373376863243,2.886,-2.456,-2.8799
0.0123,0.019775,-0.159424,1.280762,-0.549011,-1.172424,-0.112762,3.5610582017904444,-1.871965044645192,0.038732542692434056,0.5123857694865679,-1.0797266265651069,-158.36986656443204,2.885,-2.456,-2.8799
0.0115,0.049561,-0.037109,1.266602,0.915833,-1.111389,-3.866425,3.560161512715446,-1.872301036976956,0.03880316871263388,0.4988262086622692,-1.119598092644842,-158.4152193132088,2.885,-2.456,-2.8815
0.0122,-0.112305,-0.03125,1.38208,1.861877,4.168152,6.112823,3.559246242174962,-1.8728191657461108,0.03869719911379483,0.5000581282611413,-1.0045950438494056,-158.33273260702646,2.884,-2.456,-2.8815
0.013,-0.155518,-0.041992,1.311279,-0.884705,-1.813293,3.427277,3.55847075821002,-1.8733448222379256,0.03853513581566301,0.4611291668191822,-0.9364990644315543,-158.27797278737552,2.883,-2.457,-2.8831
0.0114,0.059082,0.054688,1.189941,1.159973,0.41449,2.969513,3.5576276602926864,-1.8735735004528538,0.03862285060188057,0.5068969890853824,-0.9697533982820512,-158.24935114110522,2.882,-2.457,-2.8767
0.0113,-0.11499,-0.156006,1.424561,-0.518494,-4.559875,13.437042,3.556612275929415,-1.874181961274654,0.03851873559092869,0.4131552034016512,-0.9590647030705176,-158.08800254057778,2.881,-2.457,-2.8734
0.0122,0.061768,-0.087891,1.148926,1.892395,0.170349,5.8992,3.555818613336773,-1.87445035323632,0.03861013376565323,0.3756404074989096,-0.9983135228757728,-158.01809901773078,2.881,-2.457,-2.8783
0.0123,-0.013672,-0.029541,1.386475,-0.213318,4.015564,0.924835,3.5550662693063697,-1.874791749133918,0.03860644394695836,0.35523125105777403,-0.93977895210599,-158.00451533554283,2.88,-2.458,-2.8799
0.0123,0.003174,0.089844,1.365967,1.678772,1.42157,-2.371063,3.554294246191301,-1.8750628863369456,0.03862182985825865,0.4251960389527515,-0.9226128714023055,-158.03573483706836,2.88,-2.458,-2.8767
0.0113,0.0271,0.139893,1.279785,2.136536,-0.684143,6.387482,3.5533754952440217,-1.8753357113396867,0.03866740182415502,0.5289495567642352,-0.9461052252083242,-157.96853094958084,2.878,-2.458,-2.8702
0.0123,-0.083496,-0.125488,1.177979,0.519104,-1.233459,9.988556,3.552415169220795,-1.8758975618379263,0.03858225173101335,0.45026227031562627,-0.9084496312787008,-157.83742083645583,2.878,-2.458,-2.8702
0.0127,0.177979,0.097412,1.431152,1.434631,-1.202942,2.176056,3.5517720300271605,-1.8759216662431506,0.0387666203754041,0.516901174621886,-1.0158540290403817,-157.821397509394,2.877,-2.458,-2.8734
0.0113,0.004639,-0.004395,1.311768,-0.915222,2.672791,2.75589,3.551168463075682,-1.8761700883919037,0.03878030711099127,0.5009204298597182,-0.9870552708685916,-157.7898577877908,2.876,-2.458,-2.8686
0.0126,0.041992,-0.025635,1.333984,-0.152283,3.985046,3.213654,3.550476832065539,-1.8764205839104346,0.03883616041525729,0.48114790066158886,-0.96007093221608,-157.75044640028094,2.876,-2.459,-2.8686
0.0119,-0.000244,0.076416,1.32373,1.83136,-3.278137,6.387482,3.5497944413513505,-1.8766630377344122,0.0388446060360092,0.5431776710845397,-0.9977705667707678,-157.67660008879497,2.875,-2.459,-2.8686
0.0111,-0.016113,-0.077393,1.172363,0.671692,-1.263977,8.401642,3.5492413833689676,-1.8769623027994748,0.03883472281822096,0.4960757643833507,-1.0014088184076877,-157.57996845987057,2.874,-2.459,-2.8669
0.0126,0.116455,-0.055908,1.368408,0.763245,0.628113,2.63382,3.5484984346908313,-1.8771679761318207,0.03896533216552345,0.4715492423800504,-1.0564000431701142,-157.55140666166923,2.874,-2.459,-2.8669
0.0115,0.025635,0.006348,1.347168,2.106018,0.231384,0.436554,3.5476761775397603,-1.8774801420616225,0.03900398624359782,0.49678836254858116,-1.0658106825555926,-157.5476549297006,2.873,-2.46,-2.8653
0.0123,0.053955,-0.023926,1.272217,0.519104,3.832458,3.518829,3.5468622181304514,-1.8777687792861355,0.03907757169709094,0.48565091946297073,-1.049784770447282,-157.5061941156566,2.872,-2.46,-2.8669
0.0123,0.044922,0.059814,1.36084,2.594299,-0.34845,1.718292,3.546061930991833,-1.8780120931877866,0.03913444481031011,0.547956210759759,-1.0768340899125255,-157.4892827474211,2.871,-2.46,-2.8637
0.0125,-0.036621,0.032471,1.268555,2.441711,0.994324,7.577667,3.5452569273462355,-1.8783749557824014,0.039105822661185945,0.5930970619532926,-1.0411047504629933,-157.39304003896834,2.871,-2.46,-2.8605
0.0107,-0.140625,-0.158203,1.345215,0.732727,-2.789856,11.300812,3.5445539465047027,-1.8789378785143083,0.03897375900642218,0.5069199891526145,-0.9910657301886362,-157.25987367658934,2.87,-2.46,-2.8589
0.0129,0.170166,0.033936,1.272217,1.251526,-1.538635,6.387482,3.5435311085028953,-1.8791222645168741,0.03917412862896185,0.5391602282925384,-1.1107445360926138,-157.18912837689,2.868,-2.461,-2.8605
0.0122,0.065186,0.008301,1.365967,1.587219,1.66571,7.241974,3.5424267222611294,-1.8795110157543171,0.039258653390864505,0.5583144983416743,-1.1247043439954476,-157.10408752847488,2.867,-2.461,-2.8605
0.0115,0.017822,0.003906,1.362305,1.465149,0.628113,6.021271,3.541418573868474,-1.8799236353912954,0.03929253575714036,0.5726655683281993,-1.124890730876734,-157.03536999300428,2.866,-2.461,-2.8589
0.0124,0.030273,0.028076,1.2854,1.465149,-3.339172,12.399445,3.5403044808077255,-1.8803463486089105,0.03934252992999435,0.6011367602421883,-1.1825509264592267,-156.88427194627408,2.865,-2.462,-2.8556
0.0119,0.052979,-0.024414,1.242188,3.631897,4.32074,12.765656,3.5394137819766183,-1.8806890841496038,0.03941874249694772,0.6225178404567772,-1.162749771068885,-156.73356261795388,2.865,-2.462,-2.8508
0.0113,-0.262939,-0.172363,1.403564,0.122375,-1.263977,17.434845,3.5387063240234746,-1.8814343456411247,0.03918057472737171,0.5255782073751329,-1.0370097371358158,-156.51680248477382,2.864,-2.462,-2.8459
0.0123,0.025391,-0.000977,1.270264,0.793762,-1.843811,11.117706,3.537835306711379,-1.8817832382196993,0.03922212954383522,0.5295425427955248,-1.074159210679992,-156.38162223899792,2.863,-2.462,-2.8475
0.0124,0.099854,0.045898,1.289551,1.129456,-1.019836,13.58963,3.5366006980969296,-1.882161289825482,0.039348890704839413,0.5645888968118375,-1.1447203194071283,-156.22061082499445,2.861,-2.463,-2.8459
0.0114,0.070068,0.077637,1.322754,1.190491,-1.935364,13.498077,3.535469131278467,-1.8825262712051298,0.039437440955580244,0.6163827350414538,-1.2049967095289045,-156.07291434247236,2.86,-2.463,-2.8427
0.0124,-0.009521,0.047607,1.364258,-0.06073,2.916931,12.063751,3.5343723214257814,-1.8830034449194806,0.039443814997824726,0.6354272094333108,-1.1612410499326806,-155.92328127573182,2.86,-2.463,-2.8394
0.0122,0.032959,0.066895,1.37085,1.404114,1.116394,8.340607,3.533353854783803,-1.8833874930312235,0.03949025603874476,0.6835705143861829,-1.1634318807709054,-155.82445334138592,2.858,-2.464,-2.8346
0.0114,0.078857,-0.042969,1.208496,0.732727,4.046082,9.897003,3.532676712642556,-1.8836391789807834,0.03959543274984745,0.6584949979605292,-1.1661045680824458,-155.71375505678944,2.858,-2.464,-2.8313
0.0125,-0.201416,-0.097656,1.507324,-0.610046,-4.437805,11.972198,3.5319502478043954,-1.884255984511636,0.039424534999672654,0.594654445427478,-1.117522054524005,-155.5519654674459,2.857,-2.464,-2.8297
0.0123,0.015869,0.007324,1.102295,0.549622,0.719666,10.141144,3.5308340595737375,-1.8847397227670688,0.03946613071680698,0.601094332914448,-1.1197601090409266,-155.4282043880374,2.856,-2.465,-2.8297
0.0112,0.049072,0.070068,1.502441,1.129456,-0.134827,7.760773,3.5297108732329137,-1.8851743670988346,0.03952509252882055,0.6435915283636526,-1.1429603491390044,-155.34474617243376,2.855,-2.465,-2.8297
0.0123,0.029785,-0.012207,1.17627,0.976868,-0.134827,5.838165,3.528579069013502,-1.8856723233702624,0.03958252877868103,0.6425054584656011,-1.1625506256432467,-155.274005818219,2.853,-2.465,-2.8297
0.0124,0.055664,0.064453,1.524414,1.617737,0.994324,2.969513,3.5274822903800245,-1.8860966091727236,0.039646727555357364,0.689535568198903,-1.1739705764070867,-155.24054455361377,2.853,-2.466,-2.8297
0.0115,0.047363,-0.006348,1.130127,1.434631,-0.989319,2.328644,3.5266769294311926,-1.8864212400504032,0.039720177807392155,0.6970602547660406,-1.2153928621053809,-155.216077626871,2.852,-2.466,-2.8232
0.0116,0.021729,0.0625,1.41626,0.671692,5.816101,7.882843,3.5258566734049945,-1.8867458151429872,0.03975013185998709,0.7318053298550615,-1.1568036187132589,-155.12603592437816,2.852,-2.466,-2.8216
0.013,-0.281006,-0.069824,1.152832,1.312561,-5.048157,8.279572,3.5252558647386443,-1.8874199852799067,0.039441100279041914,0.6978381247558738,-1.0426238172585403,-155.0020455051389,2.851,-2.466,-2.82
0.0112,0.046631,0.039062,1.341064,0.091858,-0.409485,10.324249,3.524205420332649,-1.8878495568290843,0.03950408834724019,0.7143963482637267,-1.0726963030241516,-154.8890920329654,2.849,-2.467,-2.82
0.0122,0.116211,-0.006104,1.508301,-0.396423,-1.019836,4.739532,3.5232165800014896,-1.8882148493549593,0.039625355196160214,0.7004563342813565,-1.1407021325804767,-154.83604461073998,2.849,-2.467,-2.8216
0.0124,0.002686,0.04126,1.124023,0.763245,1.604675,1.901398,3.5222310552292244,-1.8886541204927196,0.03964464022719138,0.7332894991029859,-1.1213534197655497,-154.81307165768666,2.848,-2.467,-2.8184
0.0117,-0.007324,0.024414,1.477539,0.549622,3.527283,1.962433,3.521451360883796,-1.8890270002345462,0.039647256180101745,0.7466274553575777,-1.0730406623554114,-154.78919012446852,2.847,-2.468,-2.8168
0.0123,-0.019531,-0.024658,1.228027,2.807922,-3.522278,5.014191,3.5207300994312214,-1.8894110883409443,0.039638476865564966,0.7594514217741912,-1.102682867311936,-154.72630091923554,2.846,-2.468,-2.8151
0.0116,-0.094238,-0.118652,1.27832,1.343079,4.625916,12.002716,3.5202478310090526,-1.8898093369791424,0.039553838750464816,0.6969759443293012,-0.9931255697723207,-154.5794028708586,2.846,-2.468,-2.8119
0.0122,-0.032227,0.020264,1.171631,1.465149,-3.583313,6.875763,3.519561593267317,-1.890175829125964,0.03952612962230731,0.7222216000470179,-1.0157384985896893,-154.49403257544884,2.845,-2.468,-2.8103
0.0123,0.086914,-0.042725,1.265381,-1.128845,2.947449,5.65506,3.518667255264851,-1.8905157232831027,0.03963959505676164,0.6769757457844926,-1.0314697166358133,-154.42863845805525,2.844,-2.469,-2.8119
0.0115,0.036377,0.133057,1.436279,1.70929,-0.714661,2.115021,3.517540721010547,-1.8909711688767366,0.03968329442270093,0.7616650117871472,-1.05622692260254,-154.40748444777432,2.843,-2.469,-2.8151
0.0124,-0.042725,0.101318,1.25293,0.397034,-0.043274,4.373322,3.5163991507356585,-1.8915247390571677,0.039649085527522505,0.8219353241587031,-1.0295649956161907,-154.3520608209278,2.842,-2.469,-2.8151
0.0114,0.079102,-0.079834,1.314209,0.397034,3.43573,7.577667,3.515722533312149,-1.8918130732326104,0.03974916009933586,0.7730667383371442,-1.0357800120177405,-154.2679066111624,2.841,-2.469,-2.8119
0.0127,0.033447,0.043945,1.248291,1.587219,-1.447083,1.077423,3.5149252193534615,-1.8921455222974422,0.03979568466427643,0.8144683409820312,-1.0729186215430142,-154.2565779069669,2.841,-2.47,-2.8135
0.0123,-0.026611,-0.026855,1.364014,4.791565,-0.134827,-5.880585,3.5147681598624843,-1.8922710841563446,0.039770359732037394,0.8532260539636396,-1.0557791694801772,-154.32701982707047,2.841,-2.47,-2.8249
0.0118,0.318604,0.116943,1.356445,1.343079,6.762146,-17.324677,3.5143990747502425,-1.892102248122324,0.040070935996563875,0.9291494986027564,-1.1416834125743436,-154.54639022863955,2.84,-2.47,-2.8378
0.0121,-0.077393,0.094727,1.547607,-0.1828,2.855896,-13.75412,3.5140596020411468,-1.8922728632597232,0.039998726667506604,0.9694220628888637,-1.0621372813884367,-154.71087004445417,2.84,-2.47,-2.8394
0.0121,-0.286377,0.095459,1.287598,3.631897,-2.820374,-19.003143,3.513380577216945,-1.8927646487838163,0.039716688105289784,1.0646151516905782,-0.9261474487210446,-154.93177862899677,2.839,-2.47,-2.8443
0.0123,0.119385,0.26416,1.111816,-0.732117,0.261902,-30.538788,3.5124536187553037,-1.8930031926512567,0.03985251632169579,1.225986083441128,-0.9940242019221691,-155.31327145633185,2.839,-2.47,-2.8491
0.011,0.038086,0.049561,1.456787,-2.319031,-0.34845,-31.912079,3.5120001134840177,-1.8931877562950632,0.03988978171336578,1.2224174010465485,-1.0078249874332261,-155.66521110057667,2.838,-2.47,-2.854
0.0121,-0.025879,0.043701,1.332031,-0.030212,-3.827454,-40.121307,3.5115314089355856,-1.8933954592840343,0.03986798079211102,1.2456816434881175,-1.0265517326471596,-156.1514330039148,2.838,-2.47,-2.8637
0.0121,0.026611,0.219971,1.265625,-2.532654,4.076599,-43.844452,3.51053228895371,-1.8937370531763045,0.03990398468992643,1.343904933490635,-0.9801991822451992,-156.6832858056826,2.838,-2.471,-2.8702
0.0121,-0.074463,0.036377,1.429443,-1.372986,-0.745178,-51.962128,3.5099666365295015,-1.89397619618631,0.03984246856971075,1.346012911309421,-0.9325515139904469,-157.31194219525716,2.837,-2.471,-2.8831
0.0122,0.106934,0.191162,1.176025,-0.121765,-0.073792,-58.035126,3.509371166881356,-1.894163629050141,0.03996451049454065,1.465671452932001,-0.9841337226652391,-158.02146371736902,2.837,-2.471,-2.8896
0.0122,-0.062744,0.076416,1.342773,-0.976257,-4.2547,-67.770233,3.509068424745458,-1.8942487895950932,0.039906646773887514,1.4989436929343802,-0.9771016280215293,-158.85057328581613,2.837,-2.471,-2.9026
0.0121,0.083008,0.026855,1.26416,-1.128845,-2.118469,-65.725555,3.5088706965584664,-1.8943486951820399,0.039991273693944285,1.502353958232654,-1.0306835826501646,-159.64540672203464,2.837,-2.471,-2.9204
0.0121,0.071777,0.024414,1.42041,-0.854187,2.337097,-68.227997,3.5087779012947453,-1.8944016307785707,0.04005291047808299,1.5064841989433677,-1.0170976801350713,-160.46930674223643,2.837,-2.471,-2.9317
0.0111,-0.056396,0.034912,1.230469,-1.861267,2.520203,-69.967499,3.5086845746734943,-1.8944115242890938,0.03999677005517274,1.5082224104351745,-0.9329464927526275,-161.2459991365118,2.837,-2.471,-2.9479
0.012,0.006836,0.024658,1.428955,-1.403503,-0.34845,-66.488495,3.5086930430104086,-1.8944096481700374,0.039999990685488235,1.5042960822657006,-0.9182389899905266,-162.04374464133775,2.837,-2.471,-2.9592
0.0122,0.089355,-0.006348,1.30542,-1.617126,-0.806213,-74.087372,3.50894351601993,-1.8943596441041497,0.04007559112564462,1.482495754682887,-0.9557936163205617,-162.946228972866,2.837,-2.471,-2.9738
0.0123,-0.015381,0.052246,1.20874,-1.922302,-3.339172,-72.958221,3.5089717405619756,-1.8943346594646475,0.040061633747700096,1.4945884368499098,-0.9632334671396878,-163.8453815007932,2.837,-2.471,-2.9932
0.0122,0.069824,0.013672,1.279785,-3.417664,-2.210022,-72.34787,3.5089009021908946,-1.8943798197692838,0.040124625906166875,1.4634863035022971,-1.007798902627394,-164.72731457819143,2.837,-2.471,-3.0046
0.0121,0.12207,0.01001,1.4729,-1.037292,-0.287415,-74.636688,3.5090339274791646,-1.8943818216452342,0.04021286827432649,1.4590877728356293,-1.04862918357097,-165.62836636588696,2.837,-2.471,-3.0224
0.0121,-0.078613,-0.02832,1.241943,-0.091248,-1.080872,-72.042694,3.5091018202919204,-1.8943569559155906,0.040130550564193825,1.444048099479958,-0.9894600882026086,-166.50025532943224,2.837,-2.471,-3.0353
0.0121,0.049805,-0.040527,1.280762,-4.028015,2.916931,-68.655243,3.5091790991084264,-1.8943705773723571,0.04016373233539348,1.3732597709508039,-0.962402682782425,-167.32781147711373,2.837,-2.471,-3.0467
0.0112,0.12915,-0.046631,1.390137,-2.410583,-0.745178,-67.495575,3.5093648752838886,-1.8943740802844504,0.040251823495341524,1.322075892259057,-1.0214143453144735,-168.08086181101953,2.837,-2.471,-3.0677
0.012,-0.099854,-0.08252,1.364258,0.244446,1.940369,-65.328827,3.50960187334735,-1.8943697040154743,0.04014904188549633,1.2814975606546724,-0.9225116550296906,-168.86129581535877,2.837,-2.471,-3.0774
0.0122,-0.015381,-0.095947,1.304443,-1.311951,-2.942444,-60.62912,3.5097021573567404,-1.8944026531761264,0.04011352929166955,1.2110334334701665,-0.9318850278375298,-169.59810896834088,2.837,-2.471,-3.0904
0.0121,0.029297,-0.016113,1.138428,-2.624207,0.475525,-57.668915,3.5096482514681315,-1.8944231872615347,0.04013649877096644,1.1704714716084017,-0.9316967160077787,-170.29476463584817,2.837,-2.471,-3.1017
0.0121,0.057373,-0.037598,1.445801,-0.487976,-3.735901,-59.591522,3.509846816571685,-1.8944089261689288,0.04016232286866268,1.1469185380385096,-0.990288259821164,-171.0151118895698,2.837,-2.471,-3.1163
0.0122,-0.04541,0.063965,1.41333,-1.06781,-1.935364,-57.974091,3.5098873356312152,-1.8943836479358886,0.04013380145930967,1.171347195892197,-0.9728510970527672,-171.72424544422458,2.837,-2.471,-3.1309
0.0121,0.057617,-0.143066,1.342285,-2.776794,3.344177,-52.389374,3.509880028470876,-1.894463295936289,0.04014411160516229,1.0583503615488914,-0.951018726890482,-172.351954968163,2.836,-2.471,-3.1341
0.0121,-0.020752,-0.135742,1.249756,1.129456,1.055359,-45.370331,3.509699211518678,-1.8945999981323072,0.04009621687742821,0.9902965619499626,-0.91488163242726,-172.89414023135737,2.836,-2.471,3.1394
0.0111,0.02417,0.034668,1.385498,1.037903,0.048279,-45.675507,3.5096624925662843,-1.8945798376264886,0.04011699166672116,1.0210662762803624,-0.9176072392519677,-173.40232699335854,2.836,-2.471,3.1297
0.0121,0.063721,-0.062256,1.266357,-1.647644,-5.414368,-44.424286,3.509988239852591,-1.8945702537234448,0.04014197296599135,0.9649811846615545,-1.0107320987856232,-173.9388672933412,2.836,-2.471,3.1183
0.0122,0.017822,-0.070801,1.18042,-1.556091,0.872253,-47.323456,3.5103663909774316,-1.8945974570847315,0.04012785314002623,0.9034535590227438,-1.0012583608689967,-174.5121779914869,2.837,-2.471,3.1038
0.012,-0.053711,0.028809,1.461182,0.549622,-1.416565,-41.738739,3.510501243716422,-1.894602565926015,0.04009055220612469,0.9268000901037119,-0.9794871767918031,-175.01267836979932,2.836,-2.471,3.0973
0.0121,-0.006836,-0.063721,1.376953,-1.464539,3.130554,-36.703339,3.510349344370292,-1.894682661101686,0.040069107032738596,0.8742094853178806,-0.9292144203561339,-175.45266938484772,2.836,-2.471,3.0892
0.0122,0.007812,-0.036377,1.333496,0.397034,-0.195862,-35.452118,3.5102510006818157,-1.8947265117731733,0.04006325959526747,0.8586583994092002,-0.928344446134939,-175.8832731502297,2.836,-2.471,3.0779
0.0121,-0.004395,-0.045654,1.228271,0.152893,-0.317932,-36.001434,3.5102022441180627,-1.8947857769129044,0.04004555865460206,0.8330251721832013,-0.9225202556992569,-176.3160842393972,2.836,-2.471,3.0714
0.0121,0.000244,-0.027588,1.359375,-0.884705,-4.49884,-34.475555,3.5101649580914476,-1.8948236657926416,0.0400349302059614,0.8076970575356445,-0.9692983925798736,-176.73222903570263,2.836,-2.471,3.0649
0.0115,-0.003174,-0.028809,1.190918,-0.304871,-2.179504,-31.637421,3.509989036209642,-1.894875003126847,0.040024177065424195,0.7864975187467845,-0.9864417565991865,-177.09434476884124,2.836,-2.471,3.0584
0.0121,0.00415,0.006836,1.346436,0.091858,-0.623108,-28.738251,3.509692102871959,-1.8948921546720479,0.04002913389126183,0.7918923869143903,-0.9897011779359881,-177.44209104896444,2.836,-2.471,3.052
0.012,0.024658,-0.066406,1.338867,-1.372986,3.100037,-33.621063,3.5095180207331085,-1.8949537609884803,0.04002731706450964,0.7389277794718075,-0.9596441677911399,-177.84230895910298,2.836,-2.471,3.0406
0.0121,-0.077393,-0.014893,1.388916,1.617737,0.933289,-30.081024,3.5096283592756428,-1.8950388326127154,0.03996950649523125,0.7509726063985226,-0.8993973715962228,-178.20212548438695,2.836,-2.471,3.0358
0.0123,0.015625,-0.111572,1.192627,0.763245,-1.294495,-25.930634,3.509666971030426,-1.8951370922397408,0.03994578562697757,0.6893758829847025,-0.9210851235903779,-178.51632790938956,2.836,-2.471,3.0341
0.0121,-0.017578,-0.033203,1.419678,0.152893,1.146912,-21.352997,3.5097023648972567,-1.8951932426148124,0.039923017509134184,0.6727208651398374,-0.8932068173004227,-178.7719246899228,2.836,-2.471,3.0309
0.011,-0.091797,-0.011475,1.340088,0.519104,0.017761,-23.550262,3.5098056217733697,-1.8953093585040615,0.03985898308092579,0.6715046772925326,-0.836967026693399,-179.0257709670434,2.837,-2.471,3.0277
0.0121,-0.025879,-0.066895,1.238037,-0.304871,1.482605,-19.888153,3.509935866326073,-1.895403772162463,0.03982013423050127,0.6259882218410227,-0.8009399211766373,-179.26192545051552,2.836,-2.471,3.0196
0.0122,0.043457,-0.035156,1.320557,2.594299,-4.468323,-17.568817,3.509346799507846,-1.8953937308864894,0.03984372101147761,0.636287093174238,-0.8778893344515516,-179.47757324637456,2.836,-2.471,3.0115
0.0121,0.329102,0.124512,1.437256,-1.06781,5.297302,-27.425995,3.5088852972001927,-1.8949319581952262,0.04005442453726386,0.6874793847924381,-0.9761255805639244,-179.82877524658957,2.836,-2.471,3.0034
0.0121,-0.137695,0.084473,1.582031,-0.030212,2.001404,-28.433075,3.5088096102783766,-1.894985062501607,0.03999995707517833,0.728488829332421,-0.8790696648261225,179.82960416485474,2.836,-2.471,3.0001
0.0121,-0.130371,-0.003906,1.211182,-0.732117,-2.24054,-24.740448,3.508837405043655,-1.895136064868879,0.039911798988128626,0.7172685050866766,-0.820663769332693,179.53653480895503,2.836,-2.471,2.9969
0.0115,0.039551,0.0354,1.266602,0.274963,3.649353,-27.059784,3.5089677377242676,-1.8950645496836853,0.03994291108891433,0.7413832528696497,-0.7995265680281226,179.22278856212057,2.836,-2.471,2.9872
0.0122,0.065918,0.034424,1.377686,-0.030212,-4.437805,-33.865204,3.509045031787962,-1.8949848383261172,0.039984312183567586,0.7608666058092844,-0.8841903681418944,178.80535678150218,2.836,-2.471,2.9807
0.0123,0.006592,0.025879,1.294189,-1.220398,-5.536438,-36.001434,3.509094015394533,-1.8949649255247565,0.0399910770155816,0.763168562428996,-0.9492763719064947,178.36062700562576,2.836,-2.471,2.9742
0.0121,0.108154,0.012451,1.269043,-1.372986,3.344177,-34.109344,3.509084511946645,-1.8948724083323225,0.04005498798884527,0.7557118805534251,-0.9676038913176188,177.94422596063384,2.836,-2.471,2.9694
0.0119,0.024902,0.005371,1.335449,-0.335388,4.290222,-35.635223,3.509172457019648,-1.8948612871696053,0.04006527764098966,0.7565324706267985,-0.9242425423597787,177.5201978298908,2.836,-2.471,2.9629
0.0115,-0.071045,0.118408,1.305908,-0.091248,-6.177307,-38.625946,3.5094288785539485,-1.894791554837665,0.04005091220620585,0.8264725390719826,-0.9466548989610403,177.07145176248758,2.836,-2.471,2.9532
0.0125,0.090088,-0.034668,1.22998,-2.07489,0.109314,-40.792694,3.5094180928204843,-1.8947891447763583,0.04008940002319281,0.7820350671824968,-0.9931354462736931,176.56134447967392,2.836,-2.471,2.9467
0.0124,0.056396,-0.029785,1.376221,-2.166443,-1.813293,-41.067352,3.5094046222402175,-1.8948116406075521,0.04010544877105848,0.74220325023522,-1.0377823686382799,176.0525934853382,2.837,-2.471,2.9354
0.0111,-0.116943,0.088867,1.153809,-0.396423,-3.278137,-38.168182,3.5096811834330524,-1.894760749879107,0.04005750405798186,0.7992147631680587,-0.9909491935699559,175.6263863503102,2.836,-2.471,2.9305
0.0123,0.037109,0.018555,1.497559,-1.617126,0.750183,-39.358368,3.509692619776205,-1.8947438049600531,0.040073457569409957,0.7912957353799794,-0.9913915709708017,175.1414291610941,2.836,-2.471,2.9273
0.0123,0.07373,-0.001953,1.268555,-1.678162,-2.179504,-37.466278,3.5094168569652635,-1.8947135531321684,0.04011204949540501,0.7722791984678804,-1.0545837719411146,174.67932136790674,2.836,-2.471,2.9192
0.0123,0.030518,-0.038574,1.321533,-1.891785,1.696228,-36.398163,3.5092670459593207,-1.894756881339043,0.04011451708343221,0.7296542246428448,-1.0432853726695723,174.23412177349365,2.837,-2.471,2.9127
0.0112,0.010254,-0.065918,1.3125,-1.128845,1.909851,-37.954559,3.5096191553701077,-1.8948974766850621,0.040090003898726134,0.68151620718471,-1.0205253210355518,173.81363657701155,2.837,-2.471,2.903
0.0127,0.014404,0.102783,1.293945,-1.556091,-0.745178,-35.970917,3.5101176592135714,-1.8947982685017635,0.04011467479430481,0.7261974388184234,-1.031250590647375,173.35030420853107,2.837,-2.471,2.8949
0.0117,0.033691,-0.061768,1.263916,-1.617126,-1.721741,-32.766571,3.5100669117640537,-1.8948956507494035,0.0401093381570523,0.6723456454710859,-1.0649771503988306,172.9705700813134,2.837,-2.471,2.8933
0.0118,0.061279,-0.011963,1.278809,-1.556091,-1.111389,-31.149139,3.509927544558938,-1.8948966748891216,0.04013320859337507,0.6496414838828867,-1.1080409594301495,172.60280577998228,2.836,-2.471,2.8884
0.0126,0.031006,-0.039307,1.324463,-1.891785,1.238464,-29.531708,3.509599220293777,-1.894928752085571,0.04013786164724931,0.6063507747905528,-1.1033937979042052,172.23345036392266,2.836,-2.471,2.8836
0.0113,0.021973,-0.062012,1.335205,-1.464539,0.475525,-24.770966,3.5092586068077436,-1.8950021376976562,0.04013205076616767,0.5562027678554029,-1.1047232928677142,171.95797632213993,2.835,-2.471,2.882
0.0123,0.009766,-0.056885,1.2854,-1.678162,1.970886,-16.592255,3.5089671189674903,-1.8950816499405745,0.04012159400603945,0.5027954074372979,-1.0819188864487386,171.75856095241951,2.836,-2.471,2.8771
0.0121,-0.153809,-0.10498,1.273193,-2.07489,-1.813293,-14.211884,3.5087580199050272,-1.8953395972518117,0.04002177727624768,0.41660112686491996,-1.0087946809642112,171.59953366288855,2.835,-2.471,2.8723
0.0123,0.048828,-0.050537,1.291016,-0.610046,-0.378967,-13.937225,3.508789768208625,-1.895419142853173,0.04002552434478938,0.3807194275564004,-1.0393051154936135,171.42983854964484,2.836,-2.471,2.8593
0.0113,-0.033447,-0.062012,1.330566,2.411194,1.116394,-21.108856,3.5090773643959134,-1.8956102449380583,0.03998570526690526,0.3750699457235732,-1.003706441187543,171.1971578175035,2.836,-2.471,2.8561
0.0121,-0.044678,-0.025635,1.22168,0.549622,1.207947,-13.723602,3.5092224275771797,-1.8957274412851604,0.03995356889838927,0.3674925641112735,-0.9590746373800243,171.0352853173888,2.836,-2.471,2.8561
0.012,-0.032227,0.049316,1.431641,0.244446,-0.653625,-9.481659,3.5093844838513593,-1.8957011053672903,0.03994952696676886,0.39729238402975225,-0.9469335416497526,170.92030330180353,2.836,-2.471,2.8544
0.0122,-0.023926,-0.026611,1.220215,-0.213318,-3.36969,-8.291473,3.5093780876007954,-1.895772850196996,0.039929575223339134,0.3785323807524725,-0.9713912052730438,170.82180398059558,2.836,-2.471,2.8512
0.0122,0.014404,-0.074219,1.359375,-0.823669,4.046082,-6.551971,3.509280612491659,-1.8958766779564713,0.03991487393684039,0.3269025056139176,-0.9283237861209039,170.74587866611236,2.836,-2.471,2.8415
0.0122,-0.065674,0.001953,1.437256,0.519104,-3.095032,-8.047333,3.5091301290476316,-1.8959043840263643,0.03989177284126298,0.334910038138332,-0.9284700430421415,170.65045177321974,2.836,-2.471,2.8383
0.012,0.135742,0.056152,1.193604,-0.518494,2.092957,-5.94162,3.509018372143662,-1.8956479587727668,0.039969854348457914,0.36492010282298243,-0.9888302620332671,170.5689490339096,2.836,-2.471,2.8383
0.0121,-0.012207,-0.026855,1.378662,0.305481,-1.447083,-0.02121,3.5088366121170624,-1.8956791507129611,0.03995916793209634,0.35247275289245666,-0.9973285107410111,170.57095248409416,2.836,-2.471,2.8383
0.0111,-0.023682,-0.050537,1.286621,0.427551,0.353455,0.8638,3.5087116791337376,-1.8957737369588032,0.03993614022755901,0.32612261293781897,-0.9778924359113469,170.58495344919473,2.836,-2.471,2.8383
0.0122,0.028564,-0.067139,1.361572,0.793762,1.024841,0.558624,3.5085804910861342,-1.895847674081427,0.0399298532678168,0.29721727681865545,-0.9796870566363667,170.59457962155795,2.836,-2.471,2.8383
0.0121,0.007568,-0.069336,1.222168,0.915833,-0.073792,0.009308,3.5084489692016407,-1.895953979022284,0.03991432028237351,0.2647395735858842,-0.9843537936979638,170.5988528609457,2.835,-2.471,2.8366
0.0122,0.062744,-0.001221,1.384766,1.129456,0.353455,0.436554,3.5084047219899075,-1.89589454268679,0.039935974958261,0.2774592505240253,-1.0126462438281598,170.60130457468674,2.835,-2.471,2.8366
0.012,-0.005615,0.049561,1.30249,1.587219,0.597595,-0.356903,3.508466491576217,-1.8958238087417743,0.039944774912047024,0.32532592723641884,-1.0004804818481425,170.5944284472012,2.835,-2.471,2.8366
0.0121,0.01001,0.084961,1.299561,0.885315,1.54364,-3.286591,3.5085561296932166,-1.8956865959303801,0.039968128845472524,0.3858108934253219,-0.9860487135131121,170.54929346661294,2.835,-2.47,2.835
0.0121,0.032471,0.054932,1.304688,0.06134,-1.172424,-5.239716,3.5085894411774357,-1.895581333964144,0.03999221332239196,0.4185129333938791,-1.0171431764402277,170.4813149972598,2.835,-2.47,2.835
0.0121,0.048584,0.043213,1.304443,-0.426941,-0.501038,-8.627167,3.5085970037762646,-1.8954849336734496,0.04001909639495746,0.4389265295361814,-1.0489564453718079,170.3725703718663,2.835,-2.47,2.8334
0.0119,0.033691,0.051025,1.314697,-0.304871,0.109314,-10.641327,3.5086055295659397,-1.8953891443739042,0.04004178213709544,0.46542393262812376,-1.0640271087657123,170.24183122625126,2.835,-2.47,2.8318
0.0118,0.047852,0.072021,1.306641,-0.732117,3.252625,-11.892548,3.5086267820850536,-1.8952512935244363,0.04007462963130037,0.4992907381568388,-1.0504697476847376,170.09587046393605,2.835,-2.47,2.8285
0.012,0.008545,0.066406,1.368408,0.488586,1.726746,-19.399872,3.506384219829969,-1.8947589777931204,0.04013264624625313,0.5437362049382215,-1.0301229203413433,169.85925874174887,2.835,-2.47,2.8253
0.0121,-0.035645,0.097168,1.338379,-0.457458,-1.294495,-21.993866,3.506847677668761,-1.8947089582037686,0.04013215549840188,0.5953398656356973,-1.0207150687051296,169.58814584696992,2.836,-2.471,2.8269
0.0121,-0.02002,0.057373,1.273193,-0.365906,-1.416565,-26.113739,3.507426678206864,-1.8947394362265908,0.04012628482814647,0.6276124848549894,-1.0207756037382314,169.26917062133293,2.836,-2.471,2.8221
0.0122,-0.04126,0.010742,1.27417,-0.854187,-4.804016,-22.238007,3.507256341320954,-1.8947014162449245,0.04011422557238243,0.6249635510791994,-1.0494182981936238,168.99757829834516,2.836,-2.471,2.8156
0.0111,0.112793,-0.008545,1.226074,-1.708679,3.832458,-28.921356,3.5070072121957048,-1.8946571211402592,0.040156611796914744,0.6030481996815009,-1.0718623933110623,168.67598778143275,2.836,-2.471,2.8043
0.012,-0.054199,-0.001953,1.44043,-1.342468,1.482605,-25.655975,3.507044500870498,-1.894683920933902,0.04013506456716595,0.5879337112909317,-1.0191281318191532,168.36962351495072,2.836,-2.471,2.8026
0.0121,-0.02417,0.0,1.126709,-1.037292,0.383972,-21.475067,3.5071527339641317,-1.8947186538999015,0.040122041586436945,0.577139413926814,-0.9950312301702479,168.11055916255248,2.837,-2.471,2.7994
0.0125,0.026123,-0.029785,1.304932,-1.769714,1.024841,-19.033661,3.5072244611870222,-1.8947851765216492,0.040120117950462594,0.5386047536004859,-0.9936531929415121,167.87441291176165,2.837,-2.471,2.7962
0.0121,0.034912,-0.074219,1.345459,-1.403503,-2.026917,-22.909393,3.5073024416892666,-1.894926833389211,0.040109769890179975,0.4816055488437198,-1.033222112067401,167.6011274539365,2.837,-2.471,2.7881
0.0121,-0.039062,0.109375,1.330566,-0.640564,-2.026917,-23.70285,3.5078237371875804,-1.8948633177603167,0.040112233338223474,0.5393424803205833,-1.0306901529467598,167.30835809024498,2.837,-2.471,2.7832
0.0121,0.010742,-0.071289,1.295166,-0.365906,1.024841,-20.193329,3.508024721924932,-1.8950355305566997,0.04009213149567603,0.49441082679611353,-1.0204957162825994,167.06857724020284,2.837,-2.471,2.7832
0.0111,0.000244,-0.050049,1.308105,0.244446,-1.416565,-17.172089,3.5080612144022236,-1.895137115051586,0.040077179432805705,0.46887235715373216,-1.0326180543201715,166.8811526475447,2.837,-2.471,2.7832
0.0124,0.023438,-0.038086,1.3479,0.244446,-1.080872,-17.66037,3.508055994973774,-1.8952035651521355,0.04007288198217365,0.45199940921001297,-1.0550395787479347,166.6641148179769,2.837,-2.471,2.7816
0.0121,0.048584,-0.029785,1.32666,-0.030212,-2.179504,-18.270721,3.5079973449606805,-1.8952427988856864,0.04007872447917716,0.4365805800517101,-1.1049027186771587,166.44390206567928,2.837,-2.471,2.7784
0.0121,0.013672,-0.018799,1.223633,-0.854187,0.261902,-16.531219,3.508036888475655,-1.8952933095499607,0.0400755291473422,0.41680202020741025,-1.1065928371116918,166.24509490909105,2.838,-2.472,2.7719
0.0115,0.01123,0.000488,1.345459,-0.793152,-0.34845,-14.517059,3.508493104229301,-1.895408647394317,0.04006747548557676,0.4095796291553589,-1.112681399711942,166.07811062952817,2.839,-2.472,2.7686
0.012,-0.019531,0.030029,1.380859,0.610657,-1.691223,-18.66745,3.5090464907532875,-1.8954995519464741,0.04005596094086326,0.43613407630812956,-1.1170547088313663,165.8528027165925,2.839,-2.472,2.7638
0.0124,-0.034912,0.026855,1.164062,-0.426941,-1.630188,-17.812958,3.50947896242473,-1.8955570352006776,0.04004281621896263,0.4513819623054582,-1.1106853623247346,165.63082598094198,2.839,-2.472,2.7605
0.0121,0.052002,0.023682,1.357178,-0.854187,-2.148987,-17.78244,3.509714359380801,-1.8955878127197556,0.040053948148213246,0.4565938992027828,-1.1607954918602292,165.41346968546796,2.839,-2.472,2.7557
0.0121,0.003906,-0.033936,1.311768,1.007385,-3.36969,-18.087616,3.509539306103326,-1.8956073572881111,0.0400480314580062,0.451325441880241,-1.1982400692699613,165.1966384916991,2.838,-2.471,2.7508
0.0121,0.112549,0.035889,1.42627,-1.220398,3.130554,-16.165009,3.509320062006816,-1.8955097848251452,0.04008336876204677,0.45762550407679325,-1.214660033309636,164.99780567809225,2.838,-2.471,2.7492
0.0118,0.002441,-0.038574,1.314697,-0.915222,-1.386047,-13.021698,3.509103502418521,-1.8955300926605878,0.040077108718083,0.42572028617176894,-1.227055297701393,164.84691580769132,2.838,-2.471,2.7492
0.0116,0.02002,-0.07251,1.321045,0.06134,-0.378967,-10.549774,3.508862538365897,-1.8956112546062123,0.04006787055899027,0.38545904874739007,-1.2378508207796786,164.7293708149195,2.838,-2.471,2.7476
0.0122,0.041016,-0.028076,1.36792,0.854797,-0.226379,-10.610809,3.50871949608329,-1.8956353619857114,0.040071582390155056,0.38148507887841127,-1.2579898122738629,164.6012839541114,2.838,-2.472,2.746
0.0123,0.002686,-0.068848,1.271973,-0.274353,0.933289,-10.610809,3.5085710065207643,-1.895739047145374,0.040056975394067364,0.33849347770125127,-1.243196996831936,164.47603485203422,2.839,-2.472,2.7427
0.012,0.020264,-0.022217,1.363525,0.305481,0.383972,-9.84787,3.5086664542766735,-1.8958125660348042,0.040052158837779885,0.33130170215556715,-1.2446820391427036,164.35918166071644,2.839,-2.472,2.7395
0.0121,0.007324,0.006592,1.252441,0.641174,-0.043274,-7.223358,3.508882557925371,-1.8958615698879213,0.04004883878669749,0.3443042842716381,-1.2453010129115882,164.27132631740315,2.839,-2.472,2.7363
0.0121,0.012451,-0.015137,1.359863,0.610657,-0.623108,-5.422821,3.5088341292612677,-1.8958804448404316,0.040047087581446546,0.343572121520542,-1.2547615254060043,164.20668873880203,2.839,-2.472,2.7379
0.0111,0.012695,-0.015137,1.252686,0.030823,-0.317932,-5.605927,3.508810714997983,-1.89590784486658,0.040045153222435195,0.335321712372676,-1.261636170978108,164.145450622885,2.839,-2.472,2.7363
0.0123,0.01416,-0.036621,1.320801,0.244446,1.360535,-4.04953,3.508774035409742,-1.8959714243017738,0.040038956678681625,0.3174203465726708,-1.2484314190350494,164.0981628782858,2.839,-2.472,2.733
0.012,0.016113,-0.02124,1.295654,0.641174,-2.850891,-4.812469,3.5086666196142136,-1.8959854984505335,0.04003817669719728,0.31324121894638524,-1.2872350848020606,164.04154370856205,2.838,-2.472,2.7298
0.0121,0.176758,0.089844,1.217041,0.366516,0.902771,-3.347626,3.508439151899452,-1.8957379360174875,0.04010212353580119,0.3732903870138266,-1.3804796242916475,163.9893506368197,2.838,-2.471,2.7282
0.0118,-0.063232,-0.03833,1.302246,0.244446,1.42157,-0.387421,3.5083414831909976,-1.8957776056058349,0.04008072155318293,0.3526728157216873,-1.3212321514676355,163.98967490701364,2.838,-2.471,2.7282
0.0121,-0.028076,-0.0271,1.32251,0.122375,0.65863,0.161896,3.5081690863681514,-1.8957815878590853,0.04007107313447546,0.3374799679078742,-1.2920077919594755,163.9947043398571,2.838,-2.471,2.7282
0.0121,0.030518,-0.016846,1.336426,0.641174,-1.141907,0.039825,3.5079910393210745,-1.8957666684427688,0.0400758357315289,0.3346916730660383,-1.3181648141529472,163.99583686521657,2.838,-2.471,2.7282
0.0121,-0.001953,-0.032227,1.255859,0.397034,0.811218,1.596222,3.507869324047792,-1.895798721388728,0.04006937001264059,0.31876736210539114,-1.3027047888246561,164.01798309263347,2.838,-2.471,2.7282
0.0121,-0.026123,-0.023193,1.365479,0.641174,0.109314,3.76297,3.507803298464618,-1.895825645884283,0.04005899082384132,0.31174726210839837,-1.281812734638567,164.0661885556106,2.838,-2.471,2.7282
0.0123,-0.02417,0.001709,1.311279,0.82428,1.207947,4.922638,3.5077816796286907,-1.8958221960169952,0.04005302072342593,0.3209391289740233,-1.2487027817609382,164.12777855158416,2.838,-2.471,2.7282
0.012,0.003662,-0.008057,1.324707,1.098938,-0.745178,2.298126,3.5077296574050534,-1.8958240589581798,0.04005148272637779,0.3281110740425156,-1.2554129979462532,164.15603651245073,2.838,-2.471,2.7282
0.0121,0.102539,0.025879,1.288574,0.610657,-0.714661,-0.814667,3.5076330508218367,-1.8957427632375847,0.040078280187616416,0.350267902177154,-1.3200907927490002,164.14156996858122,2.838,-2.471,2.7282
0.0121,0.045166,0.02124,1.350586,0.732727,0.841736,-0.784149,3.5075804853585164,-1.8956935696244084,0.040090191397898996,0.3702813115245361,-1.3301694237688657,164.12986382250284,2.838,-2.471,2.7282
0.0121,-0.012695,0.022705,1.294922,0.458069,1.940369,0.558624,3.507596650151208,-1.8956622510737204,0.04008969513635709,0.3879463428629991,-1.2944524663558223,164.1358859940145,2.838,-2.471,2.7282
0.0121,0.029297,0.030762,1.325684,0.335999,-0.623108,0.314484,3.507583825671823,-1.895611009696729,0.04009938491754215,0.40829342000882457,-1.3139421379837806,164.13721444973777,2.838,-2.472,2.7265
0.0111,0.025391,0.006836,1.300049,-0.06073,-0.928284,-0.814667,3.5075597094516255,-1.8955979040761877,0.040104073813151196,0.410362574913102,-1.3340608919733308,164.1274032399511,2.838,-2.472,2.7265
0.0121,0.009277,-0.005127,1.308594,0.091858,-0.104309,-2.03537,3.5075413980811336,-1.8956057054325315,0.04010313541367497,0.40750962426727594,-1.3353625484006053,164.10328660888322,2.838,-2.472,2.7249
0.0122,0.020996,0.02002,1.303711,0.091858,3.679871,-6.06369,3.5075385129017462,-1.8955752937823735,0.040108962861797756,0.4205351944041226,-1.2975513076769274,164.02810727156043,2.839,-2.472,2.7233
0.012,-0.034668,0.128418,1.362549,1.251526,-0.714661,-10.885468,3.5076564976450313,-1.895417347203072,0.04011989730118493,0.5081158708290162,-1.2807511928978088,163.89028404537842,2.839,-2.472,2.7201
0.0116,-0.00415,0.049072,1.283447,0.305481,-0.195862,-12.624969,3.5077264428596933,-1.895370610979265,0.04012413256808724,0.5415517713672833,-1.274814149272513,163.74109185016903,2.839,-2.472,2.7185
0.0121,0.056396,0.085449,1.376221,0.976868,-1.782776,-17.751923,3.5077928785845844,-1.8953004713393988,0.04014396639115577,0.6021845193450472,-1.3202720022892824,163.52090180891682,2.839,-2.472,2.7168
0.0123,0.040039,0.052734,1.197998,-0.030212,0.872253,-17.202606,3.5078987912077904,-1.8952766239986147,0.040156917477764266,0.6368857868101454,-1.3286599256383687,163.30587623143802,2.839,-2.472,2.712
0.0121,0.083252,0.031982,1.404053,-0.518494,1.207947,-18.209686,3.5079696300436964,-1.8952956547973152,0.04017105043491921,0.6489696452685433,-1.3511506443882986,163.0839439971442,2.839,-2.472,2.7071
0.012,0.091553,0.04248,1.271484,-0.457458,2.886414,-22.543182,3.508079498956797,-1.8953125780602469,0.04018936693539325,0.6712084466953185,-1.363373182026884,162.81105221885358,2.839,-2.472,2.7055
0.0121,0.000488,0.069824,1.336426,-0.793152,1.330017,-20.956268,3.5082748744173373,-1.895278764140518,0.04019323491251735,0.7032080600720372,-1.3391563581655557,162.55320011558535,2.839,-2.472,2.7006
0.0117,0.002197,0.024658,1.270752,-1.128845,-0.897766,-21.169891,3.5084030364216763,-1.8952897163449398,0.040192008945520157,0.706222930146148,-1.3429104264679015,162.3040384814812,2.839,-2.472,2.6958
0.0123,-0.004883,-0.002441,1.308105,-0.823669,-1.630188,-21.719208,3.508518132195609,-1.8953316364204982,0.04018521308307507,0.6964072501729028,-1.351381231794567,162.03722453973748,2.839,-2.472,2.6926
0.0121,0.092529,0.016602,1.280273,-0.823669,0.933289,-23.58078,3.508460750040178,-1.8953516031583446,0.040201666592285815,0.6985824456725849,-1.3865010309909682,161.75178474128407,2.839,-2.472,2.6909
0.012,0.040527,-0.041748,1.379883,-0.335388,1.818298,-23.794403,3.508391610082635,-1.8954189493294458,0.04019995326122455,0.6735941802009936,-1.37766322377621,161.47015739846003,2.838,-2.472,2.6893
0.0113,0.019043,-0.030029,1.299561,0.091858,3.466248,-19.338837,3.50827836682607,-1.8954452661442243,0.040198246753056326,0.6578441473276534,-1.3419419519170717,161.25489954253746,2.838,-2.472,2.6877
0.0121,-0.055176,-0.058594,1.303955,0.305481,0.353455,-12.411346,3.508172401759523,-1.8954853753631487,0.04018013300686516,0.6266355309666921,-1.2985482096354588,161.10966178951972,2.838,-2.472,2.6845
0.0122,0.015625,-0.088379,1.310303,0.06134,-0.47052,-9.7258,3.507996694968329,-1.8955738847739145,0.04017001755571225,0.57490349813705,-1.307170939214558,160.99762105955568,2.838,-2.472,2.6828
0.012,-0.010254,-0.098145,1.307373,-0.426941,0.811218,-8.321991,3.507853104174805,-1.8956899955480722,0.04015360972016711,0.511702396643283,-1.2856710315795197,160.90545256338157,2.838,-2.472,2.6828
0.0122,-0.031494,-0.049072,1.279053,0.152893,3.222107,-5.636444,3.507761010278082,-1.895752326172159,0.040140623607059986,0.4832214675025983,-1.2228812551106298,160.84155395762573,2.839,-2.472,2.6812
0.0123,-0.062988,-0.038574,1.343994,0.274963,0.109314,-2.004852,3.5077851680174246,-1.895840917168925,0.04012252104989351,0.4628093836733769,-1.1813215780851076,160.82113817815423,2.839,-2.472,2.6747
0.0112,-0.027344,-0.012939,1.308105,0.885315,1.238464,-6.643524,3.508222927557944,-1.8960296144519981,0.04010517553585652,0.46450115623760896,-1.1474490416742842,160.74867832054701,2.84,-2.472,2.6699
0.013,-0.082764,0.032715,1.26709,1.70929,-1.843811,-3.195038,3.5077292349491374,-1.8958398195031188,0.040106248942996615,0.5050271856700288,-1.1181113456717187,160.7073515396076,2.84,-2.472,2.6715
0.0113,0.016357,-0.017578,1.340088,-0.426941,-1.416565,-3.225555,3.5078672268701636,-1.8959134935113098,0.04010159733736484,0.4883699051523497,-1.1398044068306146,160.67167371510106,2.84,-2.472,2.6699
0.0117,-0.019287,-0.020996,1.318359,0.458069,0.383972,-6.338348,3.508030790128874,-1.8960112185547082,0.04009055717851657,0.48060833130012715,-1.1203339314865508,160.599461169192,2.84,-2.472,2.6667
0.0122,-0.038818,0.004639,1.273438,0.549622,1.66571,-2.371063,3.5082424106095416,-1.8961027039753358,0.04007977332216703,0.4883954898640101,-1.074001208980089,160.57179203874682,2.84,-2.472,2.6667
0.012,0.02417,-0.008545,1.361084,-0.243835,-1.904846,-0.784149,3.508366092244562,-1.8961545526901455,0.0400780307320436,0.47844494421499323,-1.1072768612046897,160.56233375983237,2.84,-2.473,2.665
0.0123,0.037842,-0.006104,1.25708,0.854797,-1.233459,-0.204315,3.5084824041131952,-1.8961964135008502,0.040078994592117986,0.4830747828358853,-1.1427624869262663,160.55932664922716,2.84,-2.473,2.6634
0.0121,0.049316,-0.019775,1.352051,0.183411,0.261902,-2.645721,3.5085745601868394,-1.8962444386748092,0.040079272053192894,0.4723733992488613,-1.16369396907409,160.52748119034365,2.84,-2.473,2.6634
0.0121,0.106689,-0.008789,1.348633,0.122375,-0.34845,-4.598846,3.508626224056028,-1.8962504148552841,0.04008912971234038,0.4677716486029644,-1.2238000832215787,160.4699962106811,2.84,-2.473,2.6634
0.0122,0.086914,0.027588,1.280273,0.854797,1.757263,-3.866425,3.508703446460533,-1.896221057421808,0.040101575633057045,0.49341886462364204,-1.249971290559286,160.41943622609304,2.84,-2.473,2.6634
0.0113,0.032959,0.020508,1.310547,0.885315,1.177429,-1.669159,3.5087796710930865,-1.896219740757138,0.04010538574545705,0.5132723423523182,-1.2515059382562648,160.39905406716565,2.84,-2.473,2.6634
0.0124,0.011719,-0.014404,1.327148,0.397034,-0.653625,-1.211395,3.5088511003536302,-1.8962709574966408,0.04010152257680014,0.507538940462995,-1.2616833485612653,160.38508390365294,2.84,-2.473,2.6634
0.0122,0.029541,-0.010986,1.277832,0.366516,-0.043274,-1.943817,3.508890148418767,-1.8963027764725933,0.04010118866616992,0.5034397026647105,-1.275417846146798,160.36183750084777,2.84,-2.473,2.6634
0.0121,0.019775,-0.020752,1.298096,-0.396423,1.085876,-0.814667,3.508923691727883,-1.8963482045727966,0.040098365981358845,0.4842108429252723,-1.2694514549760736,160.35343609149913,2.84,-2.473,2.6634
0.0113,0.001221,-0.016602,1.332764,0.274963,0.200867,0.283966,3.50896492592271,-1.8963939165394994,0.04009377722411557,0.47535376451707,-1.2632589475766673,160.3581687783106,2.84,-2.473,2.6618
0.0125,0.023438,0.012207,1.304932,0.610657,-0.104309,0.467072,3.509008569412557,-1.8963936890846331,0.04009573341877528,0.48773441347810886,-1.273891432206945,160.36304860141337,2.84,-2.473,2.6618
0.0114,0.040283,0.010254,1.286377,0.580139,0.017761,0.100861,3.5090277349789942,-1.8963841150912712,0.04009993137329567,0.4980553313220477,-1.2931655687004175,160.3629561354327,2.84,-2.473,2.6618
0.0122,0.0354,-0.006836,1.326904,0.793762,0.383972,-2.950897,3.5090448969155754,-1.896400460664116,0.040100998069624416,0.5020338991603964,-1.3036845917677207,160.3270877201554,2.84,-2.472,2.6602
0.0122,0.032959,0.009766,1.326904,0.671692,0.078796,-4.080048,3.508965763889132,-1.8963604860793455,0.040106223676129024,0.5143681248558551,-1.3162644632001124,160.27638465844979,2.84,-2.472,2.6586
0.0119,0.031494,0.033936,1.280273,0.671692,0.322937,-5.544891,3.5089354447349086,-1.8963039885867639,0.040113465318667205,0.5414567876609582,-1.325832012896189,160.20781643164656,2.84,-2.472,2.6569
0.0121,0.044434,0.049805,1.332764,-0.1828,0.139832,-6.82663,3.508879396400589,-1.8962196622494552,0.040124144282022045,0.5667101995988648,-1.3435415771282986,160.1214775283672,2.84,-2.472,2.6553
0.0122,-0.013428,0.062012,1.301758,0.458069,1.635193,-7.803192,3.5088633193666503,-1.8961389488161533,0.040129262049050665,0.6076470512376622,-1.3097934817114767,160.02292459983138,2.839,-2.472,2.6537
0.0121,-0.038086,0.041504,1.334961,-0.152283,1.604675,-7.131805,3.5088135077488265,-1.8960810577240326,0.040129699014284426,0.6278735477712907,-1.2628196601645114,159.93523800082554,2.839,-2.472,2.6537
0.012,-0.037842,-0.008301,1.303223,-0.610046,0.261902,-7.192841,3.508747092104183,-1.896078309953387,0.040124444033607695,0.6138586815711399,-1.2321942708367766,159.85049850950386,2.839,-2.472,2.6521
0.0113,-0.033691,-0.003174,1.29834,-0.335388,-0.562073,-6.613007,3.508694003765125,-1.8960746403849824,0.04011999341250578,0.6062172155160509,-1.2138415340865822,159.77685609938794,2.839,-2.472,2.6521
0.012,-0.046631,-0.010742,1.290039,0.06134,0.261902,-5.392303,3.508636340409515,-1.896081399874135,0.04011328617623384,0.5984216692415654,-1.1786813143984636,159.71397127246928,2.839,-2.472,2.6521
0.0122,-0.022217,-0.013916,1.327881,0.519104,0.475525,-5.300751,3.508545722156758,-1.8960752557316276,0.040109750353313704,0.5944722777449406,-1.1558034187100081,159.65088015986194,2.839,-2.472,2.6521
0.0121,-0.024414,-0.026855,1.293457,0.641174,-0.409485,-5.758514,3.5084592546380247,-1.8960837462295927,0.04010430834331161,0.5842762248240314,-1.1423489062226286,159.58335784055296,2.839,-2.472,2.6521
0.0121,0.016357,-0.013916,1.317139,1.159973,-0.378967,-5.544891,3.5083806623337783,-1.8960687543563117,0.04010486179395923,0.5880721368145614,-1.1524338991547733,159.5169400299169,2.839,-2.472,2.6521
0.0123,0.015381,-0.004883,1.307373,1.037903,-0.714661,-4.873505,3.508308210117655,-1.896048228052858,0.040106228617090456,0.5956779620008024,-1.1662149039814689,159.45721897159137,2.839,-2.472,2.6521
0.0121,-0.003418,0.005371,1.312988,0.793762,-1.111389,-3.195038,3.5082537491318635,-1.8960311880941723,0.04010628526039512,0.6056301452377916,-1.1736656941105392,159.41864640841143,2.839,-2.472,2.6521
0.0119,0.033203,0.001221,1.296631,0.244446,-0.531555,-2.462616,3.5081907555624854,-1.8960041942705246,0.040110082719450255,0.6062952931507245,-1.1957263148247619,159.38894036939945,2.839,-2.472,2.6521
0.0114,0.06665,-0.001221,1.320068,0.183411,0.689148,-2.126923,3.5081434918208934,-1.895976528443363,0.04011667956984741,0.6045839814720751,-1.2223028729250134,159.3639171452382,2.839,-2.472,2.6521
0.012,0.035645,0.013184,1.291992,-0.152283,1.238464,-2.706757,3.5080976388924685,-1.8959443452499471,0.04012166784597671,0.607732151769879,-1.2243839019114904,159.3305954301644,2.839,-2.472,2.6505
0.0122,0.028076,-0.009033,1.3125,-0.030212,0.628113,-1.15036,3.5080564475511555,-1.8959379168234782,0.040123188628132175,0.5988243955533993,-1.2289047008127965,159.31703072337612,2.839,-2.472,2.6505
0.012,0.013672,-0.019043,1.295654,0.335999,0.109314,-0.845184,3.5080181976889917,-1.8959462925996864,0.040122085573044974,0.5883485537142129,-1.2315506083379257,159.30813210818252,2.839,-2.472,2.6505
0.0122,0.009766,-0.008545,1.31665,0.183411,0.597595,-1.15036,3.5079872235393115,-1.8959479811342876,0.04012154800241476,0.5825058865174716,-1.2256858386144334,159.29489458551066,2.839,-2.472,2.6505
0.0123,0.013428,-0.013916,1.307373,0.82428,0.353455,-1.516571,3.5079606715731573,-1.895954889131108,0.04012075490058355,0.5814814602139284,-1.2249884819483106,159.2772035477435,2.839,-2.472,2.6505
0.0121,0.014404,-0.013672,1.307373,0.702209,1.146912,-0.662079,3.507940459441304,-1.8959628892681826,0.040119990849835536,0.5787567860022447,-1.2155471711572807,159.27019719273972,2.839,-2.472,2.6505
0.0121,0.012939,0.000244,1.318359,0.885315,0.017761,-0.784149,3.5079219216240767,-1.89595877622754,0.04012044478452928,0.5863980867062324,-1.2187211364832171,159.26086238893316,2.84,-2.472,2.6488
0.0112,0.01416,0.014404,1.30542,0.397034,0.445007,-0.082245,3.5079211128727272,-1.895947425074676,0.040122086085522236,0.5958924236510673,-1.218099276061963,159.2593429447109,2.84,-2.472,2.644
0.0121,0.015625,-0.00293,1.311768,0.458069,2.031921,-10.885468,3.5083837232868937,-1.8961265339393751,0.040111555294609635,0.5989483897130664,-1.1974996917529095,159.12811380471396,2.84,-2.473,2.6375
0.0122,-0.019043,0.079102,1.237793,1.190491,-1.752258,-8.352509,3.508496311437391,-1.8961120932775049,0.04011420851558034,0.6607814002903737,-1.2026385978967329,159.02249183894344,2.84,-2.473,2.6391
0.0122,0.026855,0.097168,1.39624,0.183411,-1.447083,-10.671844,3.5085932368021724,-1.89608175932425,0.040121503066620996,0.7143640686370453,-1.2288974143459594,158.88754416074997,2.84,-2.472,2.6375
0.0117,0.082031,0.05249,1.321533,-0.091248,-3.705383,-12.624969,3.5086621593357754,-1.8960773340082062,0.04013006141791077,0.7419824026899207,-1.3129240429210767,158.73617269468468,2.84,-2.472,2.6359
0.012,0.064209,0.016602,1.338135,-1.220398,2.42865,-16.531219,3.5087485075438387,-1.8961062704802498,0.04013308012260407,0.7363520680668846,-1.3129358170731054,158.53720718155725,2.84,-2.472,2.6343
0.0123,0.086426,0.043701,1.333496,-0.823669,0.109314,-19.67453,3.5087316322385096,-1.8960762665108846,0.04014260561838119,0.751765335122688,-1.3526470338952998,158.29256497030354,2.84,-2.472,2.6327
0.012,0.005127,0.038818,1.264893,-0.030212,0.567078,-18.820038,3.5086996128686763,-1.896033968995449,0.04014599373107053,0.7751147835863311,-1.3409937788833115,158.06481056356196,2.839,-2.472,2.631
0.0121,-0.029541,0.012939,1.34375,-0.213318,-0.378967,-16.409149,3.5086317105295577,-1.8959947881010542,0.040145083988547624,0.7791328104578257,-1.320604966926672,157.86606317968048,2.839,-2.472,2.6294
0.0122,-0.050049,-0.031738,1.290527,-0.640564,-1.325012,-14.242401,3.508558679035255,-1.8959848001187745,0.040138731264738194,0.7512812929348279,-1.2997554806168388,157.6946190263749,2.839,-2.472,2.6246
0.011,-0.000244,-0.045898,1.343018,-0.152283,0.261902,-14.608612,3.508461984052284,-1.8959870257358156,0.04013564938703627,0.7220205644991784,-1.289640761383664,157.53692873713374,2.839,-2.472,2.6213
0.0121,0.005127,-0.039551,1.261475,0.671692,1.207947,-14.608612,3.5083445710564445,-1.8959782656893354,0.040133978198549566,0.7053912812876995,-1.2716642594817598,157.36300232440456,2.839,-2.472,2.6181
0.0126,-0.007568,-0.019287,1.348877,0.274963,2.184509,-13.113251,3.508273976792946,-1.8959729777535215,0.040132062169215554,0.696791976548157,-1.2333261466776537,157.19972207952216,2.839,-2.472,2.6132
0.0113,-0.025391,-0.008301,1.314209,0.793762,0.048279,-9.908905,3.508250330598337,-1.895981319827483,0.04012856157566732,0.6987151150810355,-1.2125222395602107,157.08905106755088,2.84,-2.472,2.61
0.0123,-0.033203,-0.011475,1.284424,0.274963,0.719666,-8.047333,3.5082966459609644,-1.8960251244970605,0.0401225513853778,0.692828023533108,-1.1790830050771426,156.99175717970772,2.84,-2.472,2.61
0.0121,-0.022461,-0.039062,1.311279,-0.274353,-0.562073,-7.314911,3.5081065062114085,-1.895986199057727,0.0401203492638081,0.6641402694730805,-1.1680982178725778,156.90581832338262,2.839,-2.472,2.6116
0.0117,0.004395,-0.032227,1.279541,-0.152283,0.048279,-4.354706,3.5080517675948957,-1.8959926730456578,0.04011794719659207,0.6400858030070963,-1.166318012092415,156.856692498273,2.839,-2.472,2.6116
0.0122,0.002441,-0.054932,1.332764,0.244446,-0.256897,0.833282,3.5080039558836495,-1.8960195209687771,0.04011335575199246,0.6074332020106576,-1.1673336180311455,156.8696426318666,2.839,-2.472,2.6116
0.0121,-0.022949,-0.071533,1.298096,-0.243835,0.41449,3.915558,3.5079631021314177,-1.8960786877591096,0.04010502661712232,0.558007033464736,-1.1460157604977128,156.92132912207495,2.839,-2.472,2.6116
0.027,0.005859,-0.047607,1.340088,1.037903,0.689148,4.525909,3.5079327064990866,-1.8961045365820108,0.04010115592002816,0.5518307270004197,-1.128713446075398,157.04596474481056,2.839,-2.472,2.6116
0.0004,0.016113,-0.037598,1.294922,1.190491,-0.47052,3.915558,3.5079260360185023,-1.8961274896216054,0.040098465153593645,0.5263815731399129,-1.1356497763239934,157.04899374500232,2.839,-2.472,2.6116
0.0083,0.021484,-0.030762,1.313965,1.098938,-0.745178,2.725372,3.507896767261054,-1.896131941918253,0.04009730523426615,0.5138490831745516,-1.1515231315309644,157.07252746908125,2.839,-2.472,2.6116
0.0122,0.040039,0.02124,1.306885,1.770325,-0.440002,2.267609,3.5078801374541055,-1.896086835372467,0.04010175479511091,0.54470939571785,-1.1776672264146968,157.09812724871668,2.839,-2.472,2.6116
0.0121,0.041016,0.044922,1.329834,1.098938,0.872253,1.779327,3.5078641645935207,-1.8960265048747895,0.04010796909479625,0.5807578964514368,-1.1877210007493066,157.1167622318328,2.839,-2.472,2.6116
0.0124,0.043213,0.045898,1.313721,0.366516,1.116394,0.802765,3.507851669356951,-1.8959671735009498,0.0401143130951529,0.6089319847110218,-1.1960132559793264,157.12375784437674,2.839,-2.472,2.6116
0.0123,0.053223,0.048096,1.299316,0.122375,0.750183,-0.112762,3.5078366930579468,-1.8959012624133886,0.04012159564560254,0.6356664850591625,-1.215036349966528,157.11897783827123,2.839,-2.472,2.6116
0.0111,0.004639,0.02002,1.312988,-0.579529,0.383972,1.016388,3.5078360573687375,-1.895891759991717,0.040122480480021906,0.6370027052467004,-1.2096421663733088,157.12968507678798,2.839,-2.472,2.6116
0.0121,-0.022949,-0.001221,1.301025,-0.732117,0.170349,2.481232,3.5078384034954437,-1.8959134427673223,0.04011961340037573,0.6229237163521526,-1.1902467399961214,157.16090414643182,2.839,-2.472,2.6116
0.0121,-0.005859,-0.001465,1.309082,0.213928,-0.165344,1.931915,3.507828126172048,-1.8959212602203457,0.04011833152159946,0.6203112431515002,-1.1852180591183599,157.18496865358557,2.839,-2.472,2.6116
0.0121,0.005615,-0.018799,1.30249,0.519104,-0.287415,0.772247,3.5078239882473894,-1.8959372985105272,0.04011649590101722,0.6113035406966826,-1.1884506154765844,157.19547088915408,2.839,-2.472,2.6116
0.0125,0.012207,-0.026611,1.336914,1.373596,0.170349,-0.234833,3.50782092428855,-1.895954244022147,0.0401145794103976,0.6090732463542996,-1.1894980091174512,157.193899788899,2.839,-2.472,2.6116
0.0121,0.02124,-0.00415,1.315674,1.678772,0.628113,-0.387421,3.507822022179507,-1.8959521438717246,0.040114879866341845,0.6231247031132805,-1.190710792852336,157.1893253428141,2.839,-2.472,2.6116
0.011,0.016113,0.013184,1.304199,0.976868,0.170349,-0.356903,3.5078208064024685,-1.8959415000231108,0.04011608862539393,0.6379045713284309,-1.1946958997638801,157.18481070404272,2.839,-2.472,2.6116
0.0126,-0.002197,0.017334,1.306885,0.641174,-0.562073,0.131378,3.5078194044404363,-1.8959397130050923,0.04011622947863303,0.6522292416536454,-1.1966186699267412,157.18616131623602,2.839,-2.472,2.6116
0.0123,0.009277,0.03418,1.298828,0.030823,-0.440002,0.161896,3.507762970916403,-1.8958991346000214,0.040119576795076696,0.6689507134136659,-1.2037965866169507,157.18677440649856,2.839,-2.472,2.6116
0.0111,0.025879,0.029297,1.311523,-0.426941,0.567078,-0.204315,3.507711639375968,-1.89585559806038,0.04012358155545321,0.6773656116474668,-1.2089518791823963,157.1830821110632,2.839,-2.472,2.6116
0.0121,0.018799,0.026123,1.315918,-0.304871,0.292419,-0.997772,3.5076569526686883,-1.8958165903659514,0.04012690203527893,0.6849961355721803,-1.2124078424171838,157.16990459784517,2.839,-2.472,2.6116
0.0121,0.031738,0.022217,1.317139,-0.030212,0.65863,-1.455536,3.5076026334351558,-1.8957743127676967,0.040130838124484376,0.6936245489067334,-1.218976157807598,157.15113611022863,2.839,-2.472,2.6116
0.0121,0.012451,0.0,1.313232,0.244446,0.780701,-1.669159,3.507554220537085,-1.8957555896309133,0.040131868224105395,0.6924140207755606,-1.212667808855536,157.13128317107413,2.839,-2.472,2.6116
0.0121,0.004395,-0.017334,1.320557,0.915833,0.902771,-2.004852,3.507516537627029,-1.8957538063655834,0.040131017921705245,0.6891234009416604,-1.2000884149770334,157.10836464555405,2.839,-2.472,2.6116
0.0122,0.008301,-0.021973,1.313965,1.098938,0.200867,-2.493134,3.50745785660189,-1.8957427466243622,0.04013066385357498,0.685518407468322,-1.1983173369202513,157.07928202695444,2.839,-2.472,2.6116
0.0115,0.018555,-0.01001,1.306885,0.793762,0.109314,-1.577606,3.5074525978570152,-1.895742489798846,0.04013056868822758,0.6845334726088118,-1.2040514149780863,157.06163501916058,2.839,-2.472,2.6116
0.0124,-0.006104,-0.00415,1.306152,0.671692,-0.043274,-0.295868,3.50744470752773,-1.895751892964152,0.04012917124255599,0.6859391916440419,-1.1970371142377083,157.0588361134285,2.839,-2.472,2.6116
0.012,0.005371,0.01001,1.31958,0.427551,-0.104309,0.070343,3.5074329670562245,-1.895746586197358,0.040129484776729125,0.6923991843680033,-1.1975535665035038,157.0595990181193,2.839,-2.472,2.6116
0.0124,0.044434,0.018799,1.288574,0.000305,0.231384,-0.173798,3.5074189004745593,-1.8957132283721259,0.04013313252497022,0.6992742507012731,-1.217719457500258,157.0559212060155,2.839,-2.472,2.6116
0.012,0.020996,0.005615,1.312744,-0.06073,0.170349,-0.02121,3.5074083374370453,-1.8957024840551369,0.040134200054433584,0.697267485273641,-1.2240342494858059,157.05542909863672,2.839,-2.472,2.6116
0.0113,0.009521,0.004883,1.316406,0.152893,0.53656,0.253448,3.507398816883826,-1.8956985721412556,0.04013442713643175,0.6971982587995366,-1.2195247233059492,157.0584382231191,2.839,-2.472,2.6116
0.0122,0.023926,0.007568,1.30127,0.427551,0.383972,0.253448,3.507393383997383,-1.895687092888762,0.04013569531497571,0.7022427999328436,-1.2251649333735852,157.06115015967796,2.839,-2.472,2.6116
0.012,0.014893,-0.004395,1.31543,0.488586,-0.256897,0.070343,3.5073918316049495,-1.8956884616931309,0.04013556723966756,0.7008012406285163,-1.2328400847512222,157.06233959985448,2.839,-2.472,2.6116
0.0121,0.00708,-0.012939,1.320801,0.915833,0.200867,-0.540009,3.507393731454034,-1.8956989599573706,0.04013440657549989,0.6996829044869057,-1.230239866043061,157.05681396343053,2.839,-2.472,2.6116
0.0117,0.014404,-0.006104,1.317383,0.885315,0.780701,-0.509491,3.507393595610745,-1.8957010104172722,0.040134148636563255,0.7018600758030826,-1.2253746105519197,157.05141514833133,2.839,-2.472,2.6116
0.0128,0.015137,0.003662,1.315918,0.732727,0.292419,-0.509491,3.507389492607066,-1.895696485145936,0.04013453649604319,0.7087963436209077,-1.2263419511981404,157.04491637530217,2.839,-2.472,2.6116
0.0112,0.007812,0.012939,1.299561,0.427551,0.41449,0.345001,3.5073875494681053,-1.8956928759957115,0.040134905404304005,0.716482737614448,-1.2223927373193766,157.04857552938768,2.839,-2.472,2.6116
0.0119,0.02417,0.016113,1.300293,0.397034,-0.104309,0.436554,3.507390036900167,-1.895680758900348,0.04013634100363802,0.72587716586565,-1.2340302166061559,157.05291274908245,2.839,-2.472,2.6116
0.0128,0.018311,0.009766,1.313232,-0.487976,-0.623108,0.161896,3.5055507669951216,-1.894895761429783,0.04018033376872152,0.7205298459405217,-1.248505347298713,157.05452776384476,2.839,-2.472,2.61
0.012,0.027344,0.007812,1.247314,-0.94574,4.503845,-2.615204,3.5075370542686546,-1.8957212429181831,0.0401347783721468,0.7101202867929508,-1.207678235302235,157.02316832010524,2.84,-2.472,2.61
0.0112,-0.208984,-0.14917,1.462158,-4.913025,-0.073792,0.192413,3.506976200436522,-1.8956945264368519,0.040127558518375364,0.5736041237962243,-1.0957694560031543,157.03719606941843,2.84,-2.472,2.6068
0.0128,-0.061279,-0.039551,0.811523,1.922913,-0.714661,-19.338837,3.505996752108893,-1.8953995220638455,0.040136834342734865,0.5635503432999112,-1.0467783861591404,156.79542006589512,2.839,-2.472,2.5954
0.0116,0.200684,0.05542,1.552002,-0.976257,7.46405,-24.313202,3.5064563322156235,-1.8953562788377896,0.040143010223117295,0.5808630927964508,-1.0531404291503474,156.50580744146922,2.84,-2.472,2.5938
0.0122,-0.284668,0.07666,1.055664,2.777405,-0.531555,-19.827118,3.506441425035975,-1.8956814727569888,0.04012295484019057,0.6693292217104235,-0.8596536899574602,156.27352473087603,2.84,-2.472,2.5938
0.0122,-0.044678,0.074463,1.225342,0.641174,-0.59259,-17.599335,3.50642664484071,-1.8957361121759315,0.04012344505845071,0.7229654815976168,-0.8365578070013525,156.05929148212303,2.839,-2.472,2.5873
0.012,-0.04541,-0.029541,1.476318,-2.746277,0.902771,-19.003143,3.5063538364722877,-1.8957569407437818,0.0401195574149089,0.673019584256602,-0.7982857863203107,155.8331658835494,2.839,-2.472,2.5857
0.0117,-0.040039,-0.066895,1.094482,-3.84491,-3.125549,-19.491425,3.506282531771297,-1.8957902855127788,0.0401125148531493,0.580924842245223,-0.8058454410971647,155.60722054143724,2.839,-2.472,2.5857
0.0122,-0.064453,-0.03125,1.303223,0.06134,-0.378967,-17.721405,3.506190428101877,-1.8958411378089854,0.04010707303143354,0.5628618012690774,-0.7704482037135755,155.39380432147453,2.839,-2.472,2.5857
0.0122,-0.058838,-0.025146,1.399658,0.488586,4.625916,-12.533417,3.5061043785996784,-1.8958923182983132,0.040102583116879385,0.5535158529513058,-0.6807755370073647,155.2439177141329,2.839,-2.472,2.5857
0.0121,-0.001953,-0.036621,1.286133,0.427551,-0.47052,-10.061493,3.5060893054655446,-1.8958850774624527,0.0401004344109929,0.5351035534248573,-0.6858538481430305,155.12215407191917,2.839,-2.472,2.5857
0.0111,0.0354,-0.06958,1.193115,1.06842,-2.393127,-8.749237,3.5061094909568427,-1.8958277906815821,0.04009866051784497,0.5006765935143118,-0.7364528971358826,155.02303220954877,2.839,-2.472,2.5857
0.0127,0.031982,-0.092529,1.349854,0.427551,-1.172424,-3.652802,3.5061019935330933,-1.8957860030212217,0.040095715024719036,0.4514350423219747,-0.7697732537947571,154.9755073403979,2.839,-2.472,2.5857
0.0113,-0.047363,-0.135986,1.349854,1.343079,1.696228,3.946075,3.5060287961242143,-1.8958609314800343,0.04008604423857433,0.3868286023489441,-0.7247369150214513,155.02386933969012,2.839,-2.472,2.5857
0.0121,-0.056152,-0.061035,1.296387,0.854797,1.970886,6.448517,3.5059557875622773,-1.895953491010965,0.04007962317575585,0.3586373132378081,-0.6695784720122374,155.1059482364184,2.839,-2.472,2.5857
0.0128,0.026611,-0.018555,1.252197,0.793762,0.780701,7.577667,3.505975990522259,-1.8958987908709983,0.04008036978899648,0.35529151653384755,-0.6788421045831895,155.20088405328818,2.839,-2.472,2.5857
0.0112,-0.014648,0.005127,1.335205,0.763245,-1.35553,7.608185,3.5059196696726627,-1.8958974099589527,0.04008044991703117,0.36468055067171384,-0.687408746759874,155.28682510181397,2.839,-2.472,2.5873
0.0126,-0.000732,0.015381,1.312012,0.213928,0.597595,7.699738,3.5059029872563006,-1.895882695614803,0.04008154958065833,0.3741699079522405,-0.6816798073659379,155.3837091908679,2.839,-2.472,2.5873
0.0121,0.005615,0.013428,1.315186,0.458069,1.207947,8.523712,3.5058928163280334,-1.895858132429036,0.040082876032764975,0.3851481519991617,-0.6727601878218291,155.4863391433469,2.839,-2.472,2.5873
0.0121,-0.001953,0.003662,1.34668,0.793762,1.116394,8.340607,3.5058774168374476,-1.895849233233818,0.04008318946137791,0.3942326943058448,-0.6604211602459564,155.5872991070068,2.839,-2.472,2.5873
0.0111,0.038818,0.012451,1.319092,0.671692,-1.050354,6.509552,3.505910487387314,-1.8957789857934007,0.04008606020704458,0.4066535969160955,-0.6968631755506355,155.6567686815715,2.839,-2.472,2.5873
0.0122,0.02832,0.017334,1.270508,0.763245,-0.134827,6.204376,3.50593187136833,-1.8957240638895378,0.040088694453174624,0.42403696449614126,-0.717904443187758,155.73034708177917,2.839,-2.472,2.5873
0.0121,0.023438,0.003662,1.334473,0.793762,-0.012756,5.075226,3.505948714657039,-1.895684773339846,0.040090135309175094,0.43316221292122153,-0.7331033693718988,155.79023999288333,2.839,-2.472,2.5873
0.0121,0.086914,0.043213,1.314697,0.671692,1.085876,3.305206,3.506042708600626,-1.8955566349351938,0.04009655846961742,0.4640923345958558,-0.772069639466705,155.82464781332243,2.839,-2.472,2.5889
0.0123,0.045654,0.04248,1.307129,0.885315,-0.226379,1.99295,3.506091136451583,-1.895492246381174,0.04010067608812068,0.4974107478150772,-0.802542785353495,155.84595761455705,2.839,-2.472,2.5889
0.0116,0.035156,0.0271,1.294189,0.366516,0.048279,1.352081,3.506122235107005,-1.8954440598645255,0.04010357539896903,0.5150762302092121,-0.8234500693756817,155.85933813751575,2.839,-2.472,2.5889
0.0119,0.01123,0.022461,1.311523,-0.243835,0.048279,0.192413,3.5061343702317123,-1.8954287379112917,0.040104902904195064,0.5226993036312989,-0.8295990411605488,155.86071706922493,2.839,-2.472,2.5889
0.0121,-0.003906,0.030029,1.313477,0.183411,0.872253,-0.234833,3.5061346552516013,-1.8954302321046046,0.04010576280382406,0.5397831567337231,-0.8168765885778909,155.8576693901476,2.839,-2.472,2.5889
0.0121,-0.001709,0.012207,1.321045,-0.152283,-0.012756,0.375519,3.5061382307390447,-1.8954330354088629,0.0401059193047885,0.5420833581822286,-0.8161937498358388,155.86214970724487,2.839,-2.472,2.5889
0.0123,-0.001465,0.003174,1.278564,0.030823,-0.073792,-0.662079,3.5061378563382264,-1.895434258994329,0.040105807092824734,0.5416317782189519,-0.8165471579182284,155.85406399558454,2.839,-2.472,2.5889
0.0121,0.003174,0.012451,1.325684,0.885315,0.170349,-1.089325,3.506139097481601,-1.8954293125871242,0.040106283727386935,0.5566948204862606,-0.816316312735535,155.8406236173781,2.839,-2.472,2.5889
0.012,0.001953,-0.001465,1.320068,0.732727,0.506042,-0.875702,3.5061420853581913,-1.8954278279797718,0.040106097960366065,0.561596865215475,-0.8114752673075598,155.83019188017016,2.839,-2.472,2.5889
0.012,0.012207,-0.006348,1.296143,0.549622,0.109314,-1.455536,3.5061483709879058,-1.8954126868882257,0.04010631077194691,0.5615135703355115,-0.817594567124904,155.8123594854184,2.839,-2.472,2.5889
0.0114,0.012207,0.012939,1.301025,1.190491,0.200867,-1.638641,3.50615035668946,-1.8953950773422785,0.04010732901058252,0.5797469803928468,-0.8225970560757604,155.79298976965273,2.839,-2.472,2.5889
0.0122,0.014648,0.013916,1.319092,0.488586,0.292419,-0.997772,3.506152928046672,-1.895375324896609,0.04010846279325618,0.5905946032085126,-0.8275473192534432,155.7800525226038,2.839,-2.472,2.5889
0.0122,0.029541,0.011963,1.30542,-0.274353,0.41449,-0.906219,3.5061664559635743,-1.8953397486293488,0.04011023533005598,0.5910702438399894,-0.8399237533618729,155.7676309308488,2.839,-2.472,2.5889
0.0121,0.014648,0.016113,1.293457,0.305481,-0.256897,-1.15036,3.506167651041948,-1.8953199069540023,0.04011145793452798,0.6011094876679218,-0.8516201834988921,155.7528314567054,2.839,-2.472,2.5889
0.0122,0.009521,0.008057,1.327148,-0.121765,-0.104309,-0.814667,3.506167068502163,-1.8953081283676938,0.04011204278578304,0.6008835114725223,-0.8580057783352237,155.7424743696813,2.839,-2.472,2.5889
0.0111,0.020264,-0.003174,1.302734,-0.243835,-0.165344,-1.089325,3.5061764398483057,-1.8952882113963234,0.04011269046019174,0.5930114447726442,-0.871443486379567,155.729766084976,2.839,-2.472,2.5889
0.0122,0.014404,0.010742,1.304932,0.793762,0.353455,-1.638641,3.506183239983777,-1.8952734970405833,0.040113520762910714,0.6057791275073333,-0.8750966567842068,155.70914616632163,2.839,-2.472,2.5889
0.012,0.015137,-0.001465,1.328613,0.641174,0.41449,-1.394501,3.506193925270963,-1.8952616832594926,0.040113857346837686,0.6091861699265354,-0.8782044214994615,155.69209328254414,2.839,-2.472,2.5889
0.0123,0.009766,-0.00708,1.309082,0.366516,0.322937,-1.547089,3.506203461914326,-1.8952561161055523,0.040113747734831014,0.6061730333814551,-0.8793590294023708,155.67307480484567,2.839,-2.472,2.5889
0.0123,0.023438,0.012695,1.298828,1.037903,0.170349,-1.425018,3.506214265135312,-1.8952323523595804,0.04011502183816686,0.6230188831501632,-0.8905683080873172,155.6544866963261,2.839,-2.472,2.5889
0.0112,0.019531,0.006348,1.31543,0.458069,0.41449,-0.723114,3.5062245962231526,-1.8952149313681217,0.040115828295961206,0.6281571972762093,-0.8966588116884662,155.64572119498703,2.839,-2.472,2.5889
0.0121,0.019287,0.001221,1.310791,-0.091248,0.383972,-0.448456,3.5062364755780595,-1.895199295347823,0.04011642573709252,0.624056374386647,-0.9026405881773348,155.6397830095566,2.839,-2.472,2.5889
0.0126,0.024658,0.009277,1.299072,0.427551,0.292419,-0.14328,3.5062366890545915,-1.8951711596496144,0.040117762379750774,0.6311537307848171,-0.9129105093348067,155.63701883174735,2.839,-2.472,2.5889
0.0116,0.014648,0.000977,1.309082,0.213928,0.261902,0.283966,3.506240417424368,-1.8951583570794972,0.04011822039174128,0.6302939845920673,-0.9177184764236987,155.6400075719929,2.839,-2.472,2.5889
0.0118,0.022217,-0.002441,1.311523,-0.091248,0.200867,0.314484,3.506254178928293,-1.895142499187219,0.04011877543678047,0.6239157430504501,-0.9275289054307356,155.64323309241493,2.839,-2.472,2.5889
0.012,0.013428,0.005371,1.30542,0.82428,0.200867,0.161896,3.5062604486223012,-1.8951321853288965,0.04011923315716649,0.6330753292888227,-0.9321174218951109,155.64478947766204,2.839,-2.472,2.5889
0.0124,0.006592,-0.001709,1.309814,0.397034,0.109314,0.436554,3.5062661199072402,-1.8951306496753064,0.04011913855669733,0.6329991969170072,-0.933685489468858,155.650300025309,2.839,-2.472,2.5889
0.0119,0.006836,-0.007812,1.306885,0.458069,0.383972,0.100861,3.5062745061820935,-1.895130800621311,0.04011884295905606,0.6299378778734803,-0.9321822565875191,155.65181197955943,2.839,-2.472,2.5889
0.0122,0.010742,0.012451,1.304443,1.007385,0.200867,0.192413,3.5062764076847914,-1.895120679601898,0.04011941576660796,0.6455669849712006,-0.9351227136120043,155.6536560329808,2.839,-2.472,2.5889
0.0121,-0.003174,0.007568,1.313965,0.519104,0.506042,0.436554,3.5062737728391777,-1.895124848723854,0.040119240037380634,0.6521131638147866,-0.9261969790866448,155.6591726179383,2.839,-2.472,2.5889
0.0115,-0.000977,0.001465,1.315674,0.030823,0.353455,0.711212,3.5062749492227034,-1.895128836153254,0.04011894937213967,0.649116878121965,-0.9207091039507467,155.6676642312227,2.839,-2.472,2.5889
0.0125,0.01001,0.017822,1.301025,0.488586,0.078796,0.650177,3.5062742267726663,-1.8951179116961006,0.040119661289638474,0.6615269306953678,-0.9248915631567914,155.6751475622036,2.839,-2.472,2.5889
0.0115,0.00415,0.009033,1.320312,0.335999,0.445007,0.955353,3.5062746331245993,-1.8951152364684505,0.040119816926810055,0.6662416262524865,-0.9213568564433291,155.6860504625197,2.839,-2.472,2.5889
0.0121,0.021484,-0.00293,1.310791,0.030823,0.139832,0.619659,3.5062893970948155,-1.8951009054487558,0.040120250971013266,0.6605800494177171,-0.9314244263099658,155.69315909710096,2.839,-2.472,2.5889
0.0123,0.031738,0.010742,1.296387,0.519104,0.048279,0.283966,3.5063077234598574,-1.8950761648667949,0.040121432994648785,0.6690811831444097,-0.9487204520554782,155.6954462018611,2.839,-2.472,2.5889
0.0118,0.015625,-0.000488,1.314697,0.519104,0.292419,0.375519,3.506328545524117,-1.8950722416254786,0.04012149391930949,0.6705461069750716,-0.9532498957334345,155.6996999839769,2.839,-2.472,2.5889
0.0124,0.017578,0.001953,1.30957,0.427551,0.170349,-0.234833,3.506349428634175,-1.8950662118853145,0.04012169051782278,0.6727374150921461,-0.9601879384392399,155.69644699366438,2.839,-2.472,2.5889
0.0121,0.034668,0.015381,1.30542,0.82428,0.261902,-0.173798,3.506370317031777,-1.89504150585439,0.0401229319923715,0.6874126351030748,-0.9760992619251119,155.69296210233827,2.839,-2.472,2.5889
0.0112,0.014404,0.003418,1.313477,0.641174,0.231384,-0.173798,3.506387705185928,-1.8950381696839782,0.040123035595572114,0.6921181962275457,-0.9804163621783117,155.69079639073098,2.839,-2.472,2.5889
0.0122,0.014648,0.00708,1.315918,0.335999,0.200867,-0.204315,3.5064039472223243,-1.8950339484387093,0.04012323162517597,0.6958557267559387,-0.984932487862646,155.68795235239776,2.839,-2.472,2.5889
0.0124,0.021484,0.021484,1.301025,0.427551,0.139832,-0.112762,3.5064146693024845,-1.8950190975524532,0.04012411120908509,0.7092840477616313,-0.9943439019324295,155.6854282616257,2.839,-2.472,2.5889
0.0121,0.008545,0.008545,1.313965,0.213928,0.292419,0.436554,3.506422017314004,-1.8950171049220057,0.040124219474569026,0.7120775246495896,-0.9942033211120788,155.6905522662466,2.839,-2.472,2.5889
0.0121,0.015137,0.002441,1.312744,0.244446,0.261902,-0.051727,3.5064299862400334,-1.895009981364488,0.04012447425595469,0.7117539168999916,-0.9982201199600376,155.6897834999095,2.839,-2.472,2.5889
0.0117,0.024902,0.007324,1.310791,0.335999,0.261902,-0.26535,3.5064385848329387,-1.8949938308068537,0.04012520101558686,0.7153029010357587,-1.0079914580751559,155.68604209873433,2.839,-2.472,2.5889
0.0115,0.011475,-0.004639,1.30542,0.580139,0.567078,-0.082245,3.506449585077901,-1.894992445475324,0.040125116731185954,0.7145025913889218,-1.0064853703662917,155.6854026750079,2.839,-2.472,2.5889
0.0123,0.008545,-0.006348,1.31543,0.458069,0.322937,-0.26535,3.506460464589639,-1.894994021375555,0.040124880542437534,0.7117252880445117,-1.005668010044706,155.68257705634736,2.839,-2.472,2.5889
0.0122,0.020752,0.010254,1.302002,0.580139,0.017761,-0.173798,3.5064655178124577,-1.8949795821909747,0.04012553314093528,0.7201416105800893,-1.0159058944602841,155.67978566607292,2.839,-2.472,2.5889
0.0121,0.01709,0.005859,1.297607,0.335999,0.139832,0.131378,3.5064717911349503,-1.8949699689349369,0.040125931662755736,0.722860306858667,-1.0225360452427072,155.68103032729485,2.839,-2.472,2.5889
0.0121,-0.002686,-0.001953,1.303955,0.122375,0.261902,-0.14328,3.506476131056923,-1.8949784915910635,0.04012545768025536,0.7184258536925687,-1.0158851417582722,155.67993555345703,2.839,-2.472,2.5889
0.0122,0.015869,0.01416,1.321777,0.549622,0.109314,0.100861,3.506476754722337,-1.8949670139179293,0.04012601089957151,0.7284765766672305,-1.021813361679048,155.68055484152717,2.839,-2.472,2.5889
0.0111,0.001709,0.009033,1.309814,0.091858,0.200867,0.345001,3.5064757728984866,-1.8949678751571124,0.0401259806836676,0.7298483573536649,-1.0187081576173065,155.6844342102465,2.839,-2.472,2.5889
0.0122,0.003906,-0.000244,1.310059,0.152893,0.383972,0.161896,3.5064814424805117,-1.8949707144103838,0.0401257704607502,0.7266548349113665,-1.0144664641295185,155.68678567438937,2.839,-2.472,2.5889
0.0122,0.014893,0.003906,1.310059,0.488586,0.200867,0.100861,3.5064883925391186,-1.8949638159999143,0.04012601247544958,0.7299874056846641,-1.0188893719935015,155.6878499711559,2.839,-2.472,2.5889
0.0121,0.012451,-0.001709,1.306152,0.488586,0.383972,0.192413,3.5064981942823756,-1.8949608655646024,0.04012602879118468,0.7299405848271997,-1.019730785601339,155.69034062217946,2.839,-2.472,2.5889
0.0121,0.013184,-0.001465,1.310059,0.427551,0.139832,0.100861,3.5065079740901135,-1.8949573995773443,0.04012606898428026,0.7293204321250865,-1.0238534449182062,155.69165710156506,2.839,-2.472,2.5889
0.0121,0.02002,0.011719,1.309814,0.671692,0.170349,-0.234833,3.5065114508129636,-1.8949438110451835,0.04012665038495995,0.739408092572345,-1.031510890597858,155.68817369673354,2.839,-2.472,2.5889
0.0118,0.029053,0.008545,1.311523,0.610657,0.200867,0.131378,3.506519804489975,-1.8949253978853247,0.04012740086073214,0.7465377017241582,-1.0440746671952963,155.6889515334925,2.839,-2.472,2.5889
0.0122,0.000977,-0.001709,1.293945,0.213928,0.109314,0.161896,3.5065260678338457,-1.894931449236291,0.040127065547941515,0.7430691132706373,-1.0412883875043402,155.69145457061688,2.839,-2.472,2.5889
0.0121,0.026367,0.015625,1.304199,0.671692,0.322937,0.192413,3.5065284124720417,-1.894912206440212,0.04012790268200367,0.7552542286691856,-1.0508108607340374,155.6928216565464,2.839,-2.472,2.5889
0.0119,0.019531,0.015869,1.301025,0.244446,-0.043274,0.375519,3.5065279331122956,-1.8948982708829107,0.040128535563419436,0.7622810010191484,-1.0606760587679886,155.69649460625345,2.839,-2.472,2.5889
0.0114,0.007568,-0.000244,1.314453,0.030823,0.53656,0.283966,3.506535378098611,-1.8948997324541348,0.04012841300900843,0.7572224963362827,-1.0566915269398949,155.7000993888852,2.839,-2.472,2.5889
0.0121,0.02002,0.012695,1.30127,0.793762,0.170349,-0.051727,3.5065373328102694,-1.8948870150735364,0.04012896319774856,0.769076160541471,-1.0641555265090248,155.69884576874497,2.839,-2.472,2.5889
0.0122,0.01709,0.008301,1.311768,0.366516,0.353455,-0.02121,3.5065416156200624,-1.8948786303233174,0.04012930519988247,0.7730765135356027,-1.0674518725198576,155.69829498665024,2.839,-2.472,2.5889
0.0121,0.007324,-0.001953,1.310547,0.335999,0.383972,-0.234833,3.5065506877658086,-1.8948811765718774,0.040129131367005605,0.7706998067679827,-1.0646695065904714,155.69590453559798,2.839,-2.472,2.5889
0.0124,0.016113,0.005615,1.307861,0.915833,0.231384,-0.051727,3.5065568741324724,-1.8948744871877001,0.04012937493451857,0.7799539709486604,-1.0688739489812875,155.69509689529772,2.839,-2.472,2.5889
0.0111,0.01416,0.008301,1.308838,0.580139,0.017761,0.070343,3.5065603682579574,-1.8948682322948915,0.04012962011263547,0.7857872439970165,-1.074532106371724,155.69562797879263,2.839,-2.472,2.5889
0.0122,0.012695,0.00293,1.312256,0.335999,0.445007,-0.26535,3.506567684808179,-1.8948652755311557,0.040129696385038965,0.7861674603549947,-1.0740056105127342,155.69249807579465,2.839,-2.472,2.5889
0.012,0.013916,0.005859,1.304688,0.488586,-0.043274,0.070343,3.506572985439992,-1.8948602837120476,0.0401298725779326,0.7899576175928955,-1.0802334791725163,155.69320188525177,2.839,-2.472,2.5889
0.0122,0.015869,0.009521,1.312256,0.427551,0.475525,0.283966,3.506576100474809,-1.8948526297903172,0.04013017238691328,0.7951155695034183,-1.0812191642825815,155.696405940954,2.839,-2.472,2.5889
0.0121,0.004883,-0.001709,1.317139,0.244446,-0.256897,0.253448,3.5065849797175863,-1.8948571229393847,0.040129930930042516,0.7914396715299366,-1.084563500708295,155.6999191125314,2.839,-2.472,2.5889
0.0122,0.005859,0.009521,1.307861,0.458069,0.170349,0.192413,3.5065853284956727,-1.8948561451235195,0.04012996900439729,0.796998106623713,-1.0833805284383171,155.70225094890222,2.839,-2.472,2.5889
0.0122,0.016113,0.004639,1.307617,0.458069,0.445007,0.253448,3.5065923711999596,-1.8948503510888348,0.04013015825878106,0.7996307560393484,-1.0849098654483236,155.70528752349048,2.839,-2.472,2.5889
0.0111,0.00415,-0.006592,1.314209,0.458069,0.383972,0.283966,3.5066052110327868,-1.8948570783649792,0.04012980156299046,0.795179655008204,-1.0805246750901756,155.70921807987494,2.839,-2.472,2.5889
0.013,0.019775,0.010742,1.308838,0.671692,-0.134827,-0.112762,3.506608239048236,-1.8948463770029957,0.040130202756302004,0.8045923388201998,-1.0912499158191948,155.70721685282598,2.839,-2.472,2.5889
0.0111,0.019287,0.009033,1.307129,0.580139,0.383972,-0.14328,3.506612546329589,-1.8948368716071244,0.040130548717584,0.8106512460843085,-1.0956379476518747,155.7052764796274,2.839,-2.472,2.5889
0.0121,0.010498,0.000732,1.313721,0.458069,0.383972,0.283966,3.5066215398347653,-1.894836704070395,0.040130499002256806,0.8107927994532681,-1.0944621676938457,155.70901084554004,2.839,-2.472,2.5889
0.0125,0.01709,0.010742,1.312256,0.519104,-0.073792,0.131378,3.506623791643106,-1.8948282892729167,0.0401308104869332,0.8177399591103831,-1.102641404414738,155.71023644562277,2.839,-2.472,2.5889
0.012,0.024414,0.015137,1.302734,0.427551,0.200867,0.345001,3.5066239823029526,-1.894813403056795,0.04013138564852163,0.8258680927497964,-1.1119039546723155,155.7135957227006,2.839,-2.472,2.5889
0.0117,0.00708,0.001465,1.307129,0.152893,0.506042,0.253448,3.506631723054392,-1.8948155056977531,0.040131266311088716,0.8225866515210638,-1.1073672563657644,155.71697112170605,2.839,-2.472,2.5889
0.012,0.010986,0.005371,1.307617,0.488586,0.109314,0.070343,3.5066370896486743,-1.8948134772843392,0.04013131555500201,0.8256967264763668,-1.1096857135028568,155.71786696140015,2.839,-2.472,2.5889
0.012,0.018066,0.010498,1.310791,0.641174,-0.043274,0.222931,3.506639679249316,-1.8948050768431504,0.04013162105907511,0.8335286602930262,-1.1179073373700914,155.7201425129371,2.839,-2.472,2.5889
0.0121,0.013428,0.005127,1.30249,0.335999,0.292419,0.192413,3.506645876758817,-1.8948017630905616,0.04013171650144805,0.8345969959935837,-1.1194277413809595,155.72250732829738,2.839,-2.472,2.5889
0.0125,0.014648,0.009521,1.300293,0.702209,0.261902,-0.356903,3.5066486241457677,-1.8947959103460899,0.04013192219392246,0.8430411831598302,-1.121844163894777,155.7178455697012,2.839,-2.472,2.5889
0.012,0.020508,0.005371,1.318848,0.488586,0.231384,0.131378,3.5066563998730604,-1.8947885646719422,0.04013215926790581,0.8458731393858381,-1.1279699875100215,155.7192679400724,2.839,-2.472,2.5889
0.0124,0.00415,0.001709,1.305176,0.183411,0.170349,0.039825,3.506663850944284,-1.8947927224287353,0.04013197410820943,0.8430521519535785,-1.125300953580681,155.72022206736813,2.839,-2.472,2.5889
0.0107,0.005127,0.009033,1.315186,0.488586,0.017761,0.039825,3.5066651034125327,-1.8947933839504199,0.040131944155056,0.8474227674717039,-1.1250424998044282,155.72072111323416,2.839,-2.472,2.5889
0.0129,0.008545,0.009033,1.307617,0.183411,0.322937,0.161896,3.5066670723718727,-1.8947917718855516,0.04013199253283885,0.8489280217625583,-1.1229448067207284,155.72283568512734,2.839,-2.472,2.5889
0.0114,0.012451,0.001953,1.310059,0.366516,0.017761,-0.14328,3.506676122486234,-1.8947905872137534,0.040131990046684544,0.8481404875253366,-1.1269897708635956,155.72138390121057,2.839,-2.472,2.5889
0.0121,0.002197,0.001709,1.312744,0.580139,0.200867,0.039825,3.506683345652128,-1.8947958452643865,0.04013176689593909,0.8499777546146524,-1.122814976942208,155.72238558886414,2.839,-2.472,2.5889
0.0124,0.016357,0.008789,1.302979,0.519104,0.139832,0.039825,3.5066872964174007,-1.894789320328663,0.04013197105842518,0.8554036698461559,-1.12775739117212,155.7226518728392,2.839,-2.472,2.5889
0.0117,0.017334,-0.003662,1.327637,0.366516,0.506042,0.222931,3.506702635514117,-1.8947872742842329,0.04013195694110052,0.8512896475079978,-1.1287599568301394,155.72564740737565,2.839,-2.472,2.5889
0.0116,0.011475,0.004395,1.302002,0.427551,0.383972,0.039825,3.5067094753145622,-1.8947854789001262,0.04013197964110789,0.8526679586774969,-1.1280915086420693,155.72626055247568,2.839,-2.472,2.5889
0.0128,0.023438,0.011475,1.307373,0.397034,0.231384,-0.14328,3.506712715419214,-1.8947733732513499,0.040132359018178285,0.8583157837936762,-1.1358083708602054,155.72388842680533,2.839,-2.472,2.5889
0.0113,0.004639,-0.001465,1.314209,0.458069,0.048279,0.345001,3.5067234745927927,-1.8947786149092414,0.04013213511779031,0.8563093870175681,-1.1348688216913112,155.72837436663332,2.839,-2.472,2.5889
0.0119,0.020264,0.00708,1.318115,0.335999,0.506042,0.131378,3.5067299645998022,-1.8947704786905177,0.040132360392112085,0.8581552239909822,-1.1375038399786068,155.72975277652068,2.839,-2.472,2.5889
0.012,0.023682,0.011475,1.305176,-0.091248,0.139832,0.375519,3.506732996062605,-1.894758335466132,0.040132730173007385,0.8575245708093063,-1.146651554324465,155.73369561143372,2.839,-2.472,2.5889
0.0125,0.008057,-0.001953,1.324219,0.244446,0.353455,0.283966,3.5067445188340645,-1.8947621088813162,0.040132566208888006,0.853133496985802,-1.143649591309652,155.73783462583134,2.839,-2.472,2.5889
0.012,0.024414,0.010498,1.299805,0.458069,-0.012756,0.161896,3.506748325844401,-1.8947499037664675,0.040132926531476217,0.8585942696046989,-1.155039443531775,155.73920567483577,2.839,-2.472,2.5889
0.0123,0.020752,0.009521,1.322266,0.366516,0.322937,0.009308,3.5067522903003447,-1.8947412021216004,0.040133180016374184,0.8623370023588678,-1.159698565261478,155.739008917317,2.839,-2.472,2.5889
0.0113,0.008789,-0.000977,1.306885,0.427551,0.261902,0.283966,3.506763230816273,-1.8947443009739355,0.04013305050175235,0.8602571257058369,-1.1586016765963403,155.74273391141944,2.839,-2.472,2.5889
0.012,0.014404,0.008057,1.30957,0.305481,0.292419,-0.082245,3.5067672044417173,-1.894739943317762,0.04013316669689248,0.8623965618078469,-1.1601535976247406,155.74166858934342,2.839,-2.472,2.5889
0.0125,0.023438,0.006836,1.304688,0.641174,-0.104309,-0.112762,3.506773832209128,-1.894730568296702,0.04013342446195663,0.8681406605441782,-1.171804989971832,155.73990647578077,2.839,-2.472,2.5889
0.0116,0.010498,0.001221,1.313721,0.519104,0.261902,0.070343,3.506783268763236,-1.894731981933839,0.040133355016350215,0.8684928007307132,-1.1713901159140878,155.74110682579118,2.839,-2.472,2.5889
0.012,0.008789,0.004395,1.320068,0.519104,0.200867,-0.02121,3.506789628006824,-1.8947331309971107,0.04013330143553525,0.8708888648918256,-1.17052316337738,155.74112750639563,2.839,-2.472,2.5889
0.0124,0.02124,0.013428,1.299316,0.458069,0.200867,0.100861,3.506789924805566,-1.894722251850998,0.040133611483906186,0.8780843383701986,-1.177148508647019,155.7418262128923,2.839,-2.472,2.5889
0.0123,0.008789,0.001953,1.316406,0.122375,-0.134827,0.619659,3.506798468953281,-1.8947245986643164,0.0401335203741519,0.8741378857693697,-1.180407723886175,155.74978953817944,2.839,-2.472,2.5889
0.0117,0.010742,0.00415,1.304688,0.488586,0.109314,0.222931,3.5068053051636365,-1.8947245911073949,0.04013350016553233,0.8758265997917314,-1.1819167342878458,155.75260765190825,2.839,-2.472,2.5889
0.0121,0.019287,0.007324,1.30957,0.580139,-0.073792,0.100861,3.5068105130049503,-1.8947181411080845,0.040133665969108265,0.8806514231155923,-1.1904684112695036,155.7536077521295,2.839,-2.472,2.5889
0.012,0.022461,0.003174,1.312744,0.397034,0.353455,0.009308,3.5068199926968258,-1.8947116570802818,0.040133819539711874,0.8807829933529878,-1.195634316535612,155.753695506576,2.839,-2.472,2.5889
0.0121,0.009521,0.002686,1.307861,0.397034,-0.043274,-0.173798,3.506828016199741,-1.8947134014499676,0.040133751533743205,0.8807269669359337,-1.197947495286883,155.75190507176043,2.839,-2.472,2.5889
0.6604,0.028076,0.006348,1.315674,0.488586,0.445007,0.192413,3.506865087591409,-1.894690879953734,0.04013392093210644,1.0524862396305996,-1.2854087430806174,155.88656467464003,2.839,-2.472,2.5889
0.001,0.011475,-0.000488,1.306396,0.519104,0.445007,0.039825,3.5068801053256564,-1.8946983726911353,0.04013384550474701,0.8875542420459734,-1.3249512260593599,155.8911955940424,2.839,-2.472,2.5889
0.0013,0.004639,0.000244,1.322998,0.519104,0.261902,-0.082245,3.5068864788081577,-1.8947099221211705,0.04013375637022713,0.7847693071165283,-1.284111190800603,155.89436963127162,2.839,-2.472,2.5889
0.0004,0.019531,0.010254,1.3125,0.366516,0.445007,0.406036,3.506887295467817,-1.8946990302226925,0.040133819161162605,0.7923581915133758,-1.376457543406942,155.89356645396376,2.839,-2.472,2.5889
0.0005,0.013916,0.003906,1.312744,0.000305,0.383972,0.314484,3.5068889700234056,-1.8947000434631698,0.04013381895943046,0.7531570417280725,-1.4059045348211514,155.8947751059304,2.839,-2.472,2.5889
0.0007,0.006592,0.004883,1.311523,0.519104,0.078796,0.039825,3.5068902214750284,-1.8947052865608847,0.04013379283837399,0.7292274121336946,-1.3831481986710767,155.89582323340207,2.839,-2.472,2.5889
0.0005,0.018555,0.006836,1.317871,0.305481,0.231384,-0.051727,3.5068901271832056,-1.894700481081492,0.04013381831138156,0.7206586844358667,-1.4313820553624153,155.89561327544695,2.839,-2.472,2.5889
0.0006,0.012207,0.001221,1.303955,0.549622,0.078796,-0.14328,3.5068910081455855,-1.8947040650560285,0.04013380868905745,0.6855424882191707,-1.440000138591858,155.8967044560691,2.839,-2.472,2.5889
0.0005,0.008545,0.000732,1.314209,0.427551,0.139832,-0.173798,3.5068918911566915,-1.8947099019245033,0.040133789581640066,0.65372380971759,-1.4290156473112576,155.89790293987082,2.839,-2.472,2.5889
0.0007,0.02002,0.012451,1.299072,0.641174,0.506042,0.253448,3.506890804651702,-1.8947004234850184,0.0401338218903188,0.6785322217873531,-1.4707410658731457,155.89664826264593,2.839,-2.472,2.5889
0.0005,0.014893,0.000488,1.31665,0.366516,0.200867,0.192413,3.506890796091805,-1.8947030341711049,0.04013382039759163,0.650767497526536,-1.484308112006548,155.89766621557894,2.839,-2.472,2.5889
0.0006,0.010254,0.00708,1.296387,0.488586,0.353455,-0.26535,3.50689096028911,-1.894703399905375,0.040133818461327735,0.6521465442167341,-1.4800962493052774,155.89752010493086,2.839,-2.472,2.5889
0.0004,0.023193,0.013184,1.315918,0.427551,-0.043274,0.131378,3.5068891502943607,-1.8946942881176077,0.04013384816004164,0.6739947771576038,-1.520551660494252,155.89616895464985,2.839,-2.472,2.5889
0.0009,0.008057,0.0,1.310791,0.305481,0.139832,0.192413,3.506890420543228,-1.8947003281129375,0.040133833028628635,0.6499918068954784,-1.5065710636371588,155.89754344445683,2.839,-2.472,2.5889
0.0041,0.005859,0.003418,1.312012,0.519104,-0.073792,0.070343,3.5068915366806177,-1.894704873497442,0.04013381893014797,0.6410808537515744,-1.4876205084850753,155.89854781027287,2.839,-2.472,2.5889
0.0112,0.003174,0.004883,1.317139,0.427551,0.231384,0.009308,3.506892602200577,-1.89470956491049,0.04013380364525516,0.6399593584099158,-1.4597614152043465,155.89928252416897,2.839,-2.472,2.5889
0.0143,0.013916,0.002197,1.302246,0.488586,0.445007,0.070343,3.5068925785048397,-1.8947100804845725,0.040133803105553784,0.633916223238152,-1.4620242384182152,155.9007101749479,2.839,-2.472,2.5889
0.0104,0.022461,0.006104,1.319824,0.427551,0.048279,0.009308,3.5068918902522417,-1.8947053806191136,0.04013381620078411,0.6365677049481567,-1.4911247484104178,155.9003970706517,2.839,-2.472,2.5889
0.0113,0.006592,-0.004639,1.317383,0.610657,0.231384,0.161896,3.506892897891679,-1.8947126058867898,0.04013380142852511,0.6140168965593639,-1.4751743642655217,155.90367816587644,2.839,-2.472,2.5889
0.0128,0.01416,0.006348,1.308594,0.427551,0.170349,0.009308,3.5068927051365595,-1.894711284666836,0.040133804147134716,0.6195047575091986,-1.479914218563822,155.90368621712258,2.839,-2.472,2.5889
0.0113,0.021729,0.005371,1.308838,0.366516,0.078796,-0.02121,3.506891975395148,-1.8947071276878995,0.040133813056868965,0.62117304680292,-1.5033217275055033,155.90308829981655,2.839,-2.472,2.5889
0.0121,0.009766,-0.001221,1.320312,0.366516,-0.012756,-0.112762,3.5068924981811564,-1.8947114078497367,0.040133806803624335,0.6080744953905631,-1.4980974700868221,155.9025849788877,2.839,-2.472,2.5889
0.0128,0.010498,0.005371,1.307617,0.274963,0.383972,0.253448,3.5068926099353788,-1.8947122776774068,0.040133805468555925,0.6097064742223552,-1.4905790509492114,155.9060152950658,2.839,-2.472,2.5889
0.0112,0.020996,0.010254,1.303467,0.458069,0.200867,0.161896,3.506891854178774,-1.8947065739057114,0.040133814301706004,0.6233862500972743,-1.5084833522170344,155.9070556823911,2.839,-2.472,2.5889
0.0121,0.006348,-0.000244,1.312256,0.610657,-0.134827,0.100861,3.506892885118377,-1.8947114323558598,0.04013380678526409,0.6168145626116431,-1.4983934451899146,155.90911699594835,2.839,-2.472,2.5889
0.012,0.008789,0.00708,1.320557,0.335999,0.139832,-0.082245,3.5068930936087175,-1.8947125330671308,0.04013380502670145,0.6220782525310711,-1.4903533284248132,155.90823677016203,2.839,-2.472,2.5889
0.0122,0.023438,0.010742,1.297363,0.213928,0.506042,0.009308,3.506892308654804,-1.8947060770812636,0.04013381435185636,0.6332121786971029,-1.5076110493259212,155.90754316254788,2.839,-2.472,2.5889
0.0121,0.010498,0.006592,1.312012,0.366516,-0.012756,0.131378,3.506892438748792,-1.8947066685174365,0.040133813283654014,0.6374179561204509,-1.5049047376705036,155.9091993364674,2.839,-2.472,2.5889
0.012,0.009521,0.005371,1.314209,0.488586,-0.012756,-0.02121,3.5068927671935723,-1.894708013629239,0.040133811070869586,0.6406894568507913,-1.500513361359462,155.9091521346716,2.839,-2.472,2.5889
0.0118,0.018799,0.009521,1.303467,0.213928,0.53656,0.100861,3.5068921753488977,-1.8947045838737409,0.04013381633191465,0.6481264571513208,-1.5068324412989746,155.90993131002074,2.839,-2.472,2.5889
0.0123,0.013916,0.003662,1.313721,0.274963,0.017761,0.222931,3.5068924567470257,-1.8947049913548388,0.04013381616920289,0.6458253474946402,-1.509800841189697,155.91286882244827,2.839,-2.472,2.5889
0.0121,0.01001,0.00293,1.30835,0.427551,-0.073792,0.131378,3.506893080922891,-1.8947068460839287,0.04013381359891045,0.6443441199335027,-1.5073572456916293,155.91482277180782,2.839,-2.472,2.5889
0.012,0.016846,0.00708,1.30835,0.305481,0.292419,-0.051727,3.5068928162317476,-1.8947051102615364,0.04013381603282585,0.6484035962476077,-1.5118615289504571,155.91404822955693,2.839,-2.472,2.5889
0.0116,0.015869,0.003906,1.296387,0.244446,0.41449,0.070343,3.5068930039025643,-1.8947045760914065,0.04013381699740925,0.6465953506899871,-1.513697815564732,155.91498925832647,2.839,-2.472,2.5889
0.0123,0.009277,0.00293,1.315674,0.549622,0.017761,0.009308,3.5068937199693395,-1.8947066903574086,0.04013381451781013,0.6470837641675196,-1.5089506798892678,155.91550582516115,2.839,-2.472,2.5889
0.012,0.018311,0.008057,1.309326,0.305481,0.048279,0.467072,3.5068932962768002,-1.8947042848887623,0.040133817204473635,0.6523454949046043,-1.5179446702335526,155.920813837815,2.839,-2.472,2.5889
0.0121,0.017578,0.00708,1.298828,0.335999,0.506042,0.009308,3.5068930590003062,-1.8947023787150765,0.0401338193359307,0.6566574177256825,-1.5203385269305103,155.92078729909323,2.839,-2.472,2.5889
0.0113,0.011475,0.001221,1.308594,0.488586,-0.104309,-0.051727,3.5068940571290477,-1.8947042209083096,0.04013381763852574,0.6537034626405818,-1.520432629748104,155.9206351298296,2.839,-2.472,2.5889
0.0121,0.024658,0.008789,1.313721,0.244446,0.231384,0.161896,3.50689328202443,-1.8946998120800675,0.04013382174585083,0.6590587232012582,-1.5350918107915696,155.92207925280312,2.839,-2.472,2.5889
0.0125,0.007324,0.006104,1.296143,0.335999,0.41449,0.283966,3.5068936862417854,-1.8947015281809927,0.040133820049670046,0.6619005308863899,-1.5232578941406023,155.92591513052668,2.839,-2.472,2.5889
0.0121,0.011475,-0.002441,1.322998,0.274963,-0.043274,0.070343,3.5068953951042494,-1.8947043748984493,0.04013381788084937,0.6521423326124447,-1.5223338558657442,155.92746148567352,2.839,-2.472,2.5889
0.012,0.015869,0.006836,1.313477,0.397034,0.048279,0.039825,3.506895300671963,-1.8947032940298996,0.04013381854873518,0.6566090481933061,-1.5264526389785704,155.92783621959578,2.839,-2.472,2.5889
0.0113,0.016113,0.006348,1.30835,0.488586,0.567078,0.100861,3.5068953434258407,-1.894702220943211,0.04013381910211827,0.6611189339881026,-1.5251751275240253,155.928964442159,2.839,-2.472,2.5889
0.0122,0.004639,0.002441,1.311768,0.305481,0.017761,0.161896,3.506896438887795,-1.8947058045074767,0.0401338170287792,0.6587355621056608,-1.5151239588140852,155.93152038882394,2.839,-2.472,2.5889
0.0122,0.013672,0.008301,1.316895,0.305481,0.292419,0.100861,3.5068962350176,-1.8947050767792692,0.040133817400831516,0.6638310896758035,-1.5133908770679445,155.93267172851935,2.839,-2.472,2.5889
0.012,0.026123,0.009277,1.305664,0.641174,0.53656,0.222931,3.5068960482766154,-1.894699946863627,0.040133818941971086,0.6739784923299968,-1.5246014960708967,155.9348096594014,2.839,-2.472,2.5889
0.0117,0.012451,0.001953,1.303711,0.335999,-0.012756,-0.051727,3.506897211092773,-1.8947011129595375,0.040133818222797595,0.6713514907718372,-1.5250765127621233,155.93454645238052,2.839,-2.472,2.5889
0.0122,0.011475,0.007324,1.316895,0.366516,0.048279,0.100861,3.506897243154036,-1.8947014350561144,0.04013381812907433,0.6756757247136156,-1.5233448326893346,155.93582281550144,2.839,-2.472,2.5889
0.0123,0.012939,0.008545,1.306152,0.213928,0.292419,0.192413,3.5068969865961086,-1.8947009339204386,0.040133818356057484,0.6796356697388245,-1.5207165363775448,155.93813248921907,2.839,-2.472,2.5889
0.012,0.003906,0.001953,1.313721,0.488586,0.322937,-0.082245,3.5068981970262834,-1.8947046059820887,0.04013381696913167,0.6790399748301281,-1.5072026231658158,155.9377998768779,2.839,-2.472,2.5889
0.0118,0.001953,0.002197,1.325439,0.335999,0.170349,0.131378,3.506899099319412,-1.8947088606026172,0.040133815939806326,0.6768394127264169,-1.4935778619253302,155.9400215384748,2.839,-2.472,2.5889
0.0123,0.014404,0.005127,1.298096,0.274963,0.322937,0.100861,3.5068997945583473,-1.8947081514922577,0.040133815004949336,0.6776950229193996,-1.4929797260297344,155.94132337542797,2.839,-2.472,2.5889
0.0112,0.010986,0.000732,1.310547,0.580139,0.383972,-0.051727,3.5069013689875796,-1.8947093600366787,0.040133813163057294,0.6767035202152194,-1.487910174946186,155.94117586901152,2.839,-2.472,2.5889
0.0121,0.012695,0.004395,1.301514,0.397034,0.078796,0.100861,3.5069021747481646,-1.8947093250773692,0.0401338120927093,0.6781968680912933,-1.4883241439162205,155.94251805543894,2.839,-2.472,2.5889
0.0126,0.022705,0.008057,1.318115,0.183411,0.048279,0.222931,3.506902828002896,-1.8947053645658523,0.040133810193635475,0.6810150440068193,-1.4993978648899218,155.94491531045122,2.839,-2.472,2.5889
0.0124,0.020264,0.006836,1.299561,0.274963,0.048279,0.039825,3.506903439780352,-1.8947024713438694,0.04013380868104302,0.6837930553460184,-1.5080464982870123,155.9451412273008,2.839,-2.472,2.5889
0.0112,0.006104,0.004395,1.311523,0.366516,0.322937,0.314484,3.5069039493061167,-1.8947049524856299,0.040133809082573205,0.6844626276086268,-1.4983225790318544,155.94908663154965,2.839,-2.472,2.5889
0.012,0.012451,0.005127,1.308105,0.458069,-0.043274,0.161896,3.506904621917628,-1.8947050757457868,0.04013380844507448,0.6873547633983574,-1.4995306943807656,155.95113026295118,2.839,-2.472,2.5889
0.0143,0.010254,0.001465,1.32251,0.458069,0.261902,0.039825,3.50690619739667,-1.8947064962210474,0.040133807429591446,0.6874605022397283,-1.493974229510318,155.9521307810223,2.839,-2.472,2.5889
0.0101,0.01001,0.004883,1.303711,0.610657,0.475525,0.070343,3.506906821754549,-1.8947073774637637,0.04013380719389639,0.6908337675389392,-1.4876207812126938,155.9530929342503,2.839,-2.472,2.5889
0.0123,0.024902,0.006592,1.313965,0.549622,0.200867,0.039825,3.5069083758146187,-1.8947026849532587,0.04013380295304399,0.6963952121955166,-1.4983070061149384,155.95318763172352,2.839,-2.472,2.5889
0.0121,0.013916,0.001953,1.317139,0.274963,0.41449,0.070343,3.5069102490076394,-1.8947026917110106,0.0401338012691013,0.6939066392127463,-1.495288568261081,155.95432940116225,2.839,-2.472,2.5889
0.0116,0.009521,0.005127,1.30835,0.519104,0.139832,0.161896,3.5069108413755385,-1.8947038165892014,0.040133801510239035,0.6972956537199008,-1.4915409171486136,155.95644517093936,2.839,-2.472,2.5889
0.0124,0.020996,0.008057,1.30249,0.244446,0.261902,0.192413,3.506911675473756,-1.8947002365138386,0.04013379818760821,0.7005893315930617,-1.4975276016489265,155.95849739646863,2.839,-2.472,2.5889
0.0112,0.017578,0.004395,1.316162,0.610657,0.200867,0.070343,3.5069132897219286,-1.894698620456902,0.04013379571095708,0.7040031842961135,-1.5006683208657783,155.95929003111956,2.839,-2.472,2.5889
0.0119,0.011719,0.002686,1.30835,0.397034,0.109314,0.070343,3.506914943682769,-1.8946992921003107,0.04013379504548998,0.7037506720914787,-1.4992806826284202,155.96042078271932,2.839,-2.472,2.5889
0.0121,0.010986,0.003418,1.303467,0.397034,0.231384,0.131378,3.5069163098982004,-1.8947000599180492,0.040133794689754705,0.7043244263556987,-1.4958575378521954,155.96230111505963,2.839,-2.472,2.5889
0.0135,0.006836,0.001953,1.306641,0.335999,0.017761,0.039825,3.5069177887114416,-1.8947025179846262,0.04013379579718482,0.7033080662634608,-1.4910892987016868,155.96332976012206,2.839,-2.472,2.5889
0.0112,0.005859,0.000244,1.307373,0.366516,0.445007,-0.02121,3.5069196053657663,-1.8947054571416635,0.04013379709476038,0.7003885218216077,-1.4808638623538881,155.96374797156568,2.839,-2.472,2.5889
0.0116,0.026611,0.011719,1.303955,0.519104,0.322937,-0.14328,3.506920345238354,-1.8946989240443688,0.040133789882962984,0.7099814207494376,-1.4910055468124508,155.96132659351198,2.839,-2.472,2.5889
0.0129,0.00708,0.000977,1.31665,0.458069,0.078796,-0.051727,3.5069222667327846,-1.8947013875980767,0.040133791038640516,0.7094962902225223,-1.4857369169429135,155.961205544093,2.839,-2.472,2.5889
0.0112,0.008545,0.01001,1.307861,0.580139,-0.012756,0.192413,3.5069212467159425,-1.8947024275558388,0.04013379294208596,0.7176846539370212,-1.4832053183006164,155.9633888202646,2.839,-2.472,2.5889
0.0116,0.023682,0.009521,1.307373,0.488586,0.322937,-0.02121,3.5069223259692253,-1.894697551884549,0.04013378697507405,0.7245433375875978,-1.4902621628282224,155.96264780091676,2.839,-2.472,2.5889
0.0119,0.008545,-0.001221,1.309326,0.397034,0.353455,-0.082245,3.506925504963044,-1.8946994001413082,0.04013378690265328,0.7209568646412717,-1.483370030849078,155.96229474523577,2.839,-2.472,2.5889
0.0121,0.000732,0.001709,1.312012,0.335999,0.170349,0.009308,3.5069264946481113,-1.8947041251980226,0.04013379168040898,0.7193500885085978,-1.4719266124120902,155.96316997287266,2.839,-2.472,2.5889
0.0122,0.020752,0.003662,1.310059,0.610657,0.109314,0.253448,3.506929601479727,-1.8947004190208567,0.04013378492789177,0.7227625616337472,-1.4787175918109232,155.96609073969614,2.839,-2.472,2.5889
0.0122,0.019531,0.006104,1.30957,0.305481,0.078796,0.039825,3.5069314960587485,-1.894697226376032,0.04013377965520604,0.7246401751608114,-1.4846442423749429,155.9663504032928,2.839,-2.472,2.5889
0.0121,0.009277,0.001221,1.311279,0.580139,0.53656,0.192413,3.5069339497919176,-1.8946985247251957,0.04013377982190001,0.7255563254185207,-1.4763012997881222,155.96918161244852,2.839,-2.472,2.5889
0.012,0.017334,0.003906,1.30249,0.427551,0.261902,0.009308,3.506936588561947,-1.894696123350238,0.04013377498696073,0.7270056522365892,-1.478306738530534,155.96926797456356,2.839,-2.472,2.5889
0.0114,0.021973,0.009033,1.304199,0.458069,-0.165344,0.192413,3.506937750932866,-1.8946916465670987,0.04013376814104894,0.732780931224653,-1.4890569279007178,155.97094960310662,2.839,-2.472,2.5889
0.0127,0.005615,-0.000488,1.311768,0.488586,0.322937,0.222931,3.5069406178419364,-1.8946946155966162,0.040133770923566986,0.7314848918271222,-1.4800226950522666,155.9745118396818,2.839,-2.472,2.5889
0.0115,0.012939,0.007812,1.306152,0.549622,0.231384,0.253448,3.5069410980677187,-1.8946939756052796,0.04013376974582876,0.7372265618082994,-1.47867587033125,155.97742121773686,2.839,-2.472,2.5889
0.012,0.023682,0.009766,1.321289,0.335999,-0.165344,0.009308,3.506942254755024,-1.8946889906393525,0.04013376187796766,0.7421670211091003,-1.490289874176374,155.97694808412473,2.839,-2.472,2.5889
0.0122,0.016113,0.004395,1.293945,0.366516,0.170349,-0.112762,3.5069446154866055,-1.894687223463779,0.04013375827978798,0.7433459227172508,-1.4921094916619262,155.9755892307699,2.839,-2.472,2.5889
0.0122,0.009277,0.000977,1.314453,0.274963,0.261902,0.070343,3.5069475532728767,-1.8946886326478993,0.040133759313883084,0.7405168115536226,-1.4869390438906858,155.97695893443634,2.839,-2.472,2.5889
0.0123,0.020508,0.006348,1.311035,0.335999,0.261902,0.039825,3.506949741611272,-1.8946849785261348,0.04013375274750631,0.742843289577193,-1.4908299630465096,155.9772067214727,2.839,-2.472,2.5889
0.012,0.019775,0.00415,1.30957,0.335999,-0.165344,0.314484,3.506952608586124,-1.8946819169773863,0.04013374690881937,0.7432323771179219,-1.4992433212190917,155.98082147146735,2.839,-2.472,2.5889
0.0111,0.008545,-0.000244,1.315674,0.213928,0.322937,0.161896,3.5069559463855176,-1.8946838741169574,0.04013374918292694,0.7385781055194063,-1.4930502272976574,155.9832471235029,2.839,-2.472,2.5889
0.0124,0.010498,0.005615,1.306641,0.427551,0.322937,0.100861,3.506957030306063,-1.8946845142886357,0.04013374993993875,0.7415525537696323,-1.48819473921668,155.98473985827383,2.839,-2.472,2.5889
0.0126,0.019531,0.008301,1.307861,0.335999,-0.165344,0.039825,3.5069581534951095,-1.8946811702821844,0.04013374392554894,0.7455538849175628,-1.496425434407168,155.98487213214764,2.839,-2.472,2.5889
0.011,0.003662,-0.002197,1.316895,0.671692,0.41449,-0.02121,3.506961930749589,-1.8946851390899797,0.04013374982573177,0.7444866438870105,-1.4855621990489316,155.98558559350647,2.839,-2.472,2.5889
0.012,0.018555,0.009521,1.299316,0.610657,-0.012756,0.131378,3.5069625103721274,-1.8946819472008525,0.04013374404681198,0.7524850293879808,-1.491276781796977,155.98678379117513,2.839,-2.472,2.5889
0.0123,0.027344,0.006104,1.313965,0.305481,0.109314,0.100861,3.506965775206325,-1.8946753797616769,0.0401337316654204,0.7541330400501401,-1.5018055048469363,155.98746244829312,2.839,-2.472,2.5889
0.0125,0.01001,0.001465,1.299805,0.549622,0.475525,-0.082245,3.5069689855858623,-1.8946764069621058,0.040133733036822036,0.7554282222407169,-1.4946429719446084,155.9869465557619,2.839,-2.472,2.5889
0.0112,0.011963,0.006104,1.318848,0.671692,0.231384,-0.082245,3.506970352550045,-1.8946764874761168,0.04013373297803192,0.7607982770829563,-1.4920830545235497,155.98619530839164,2.839,-2.472,2.5889
0.012,0.020752,0.010742,1.314209,0.427551,0.109314,0.100861,3.5069707727749724,-1.8946725194721308,0.0401337255463863,0.767195373552395,-1.4974943362911532,155.98692614834704,2.839,-2.472,2.5889
0.0127,0.009033,0.000732,1.306641,0.519104,0.109314,0.375519,3.5069745500534957,-1.8946739293839847,0.04013372781343888,0.7674110844321367,-1.494149900667373,155.99224440882722,2.839,-2.472,2.5889
0.0116,0.020264,0.008789,1.310059,0.549622,0.475525,0.009308,3.5069759958348214,-1.8946701162092063,0.04013372042706568,0.7735470878009142,-1.4950257034369752,155.99203957396068,2.839,-2.472,2.5889
0.012,0.021484,0.009766,1.31665,0.305481,0.109314,-0.448456,3.5069770888061105,-1.894665941794063,0.040133712370707016,0.7777411162398137,-1.5006993095425314,155.9862085243099,2.839,-2.472,2.5889
0.0121,0.012207,0.005615,1.306885,0.335999,0.445007,0.009308,3.506978994815564,-1.8946658559275025,0.040133712178788715,0.7791447362876293,-1.4956762602480715,155.98655257999334,2.839,-2.472,2.5889
0.0126,0.008301,0.003174,1.307617,0.488586,0.078796,-0.051727,3.5069816583070406,-1.894667505704458,0.040133715375663286,0.7808268615550349,-1.492161729951089,155.9863732421942,2.839,-2.472,2.5889
0.0111,0.024658,0.010254,1.315186,0.397034,0.017761,0.222931,3.5069831053540996,-1.8946618804988489,0.04013370428892663,0.785816497950521,-1.5013048947408885,155.98821643004428,2.839,-2.472,2.5889
0.0129,0.01709,0.00415,1.306641,0.366516,0.445007,0.131378,3.506986662741016,-1.8946596917412284,0.04013370010295623,0.7866990368826545,-1.499498839462249,155.99000720411738,2.839,-2.472,2.5889
0.012,0.007324,0.000488,1.313232,0.488586,0.53656,-0.112762,3.5069907005064063,-1.8946619334229235,0.0401337048872737,0.7861102838058445,-1.4898095502972408,155.98940199137107,2.839,-2.472,2.5889
0.0112,0.027588,0.011475,1.308594,0.488586,0.200867,0.070343,3.5069923575846174,-1.8946545918203235,0.04013368999041495,0.7930503219794718,-1.4990573857148588,155.98936023406242,2.839,-2.472,2.5889
0.0126,0.014404,-0.002686,1.31665,0.427551,0.017761,0.070343,3.506999375664065,-1.8946539146897572,0.04013368942792378,0.789642789999751,-1.500575702894468,155.99077012305236,2.839,-2.472,2.5889
0.0113,0.009521,0.003662,1.309326,0.488586,0.292419,0.192413,3.5070021548918735,-1.8946551429887892,0.04013369237666038,0.7909570095117855,-1.4956739743674092,155.99340060962675,2.839,-2.472,2.5889
0.0121,0.016113,0.009521,1.309082,0.519104,0.200867,0.100861,3.507002878120267,-1.894653112663402,0.04013368816141205,0.7972114330010925,-1.4963734757264116,155.99444035484225,2.839,-2.472,2.5889
0.0126,0.012207,0.005371,1.30957,0.305481,0.261902,0.039825,3.5070052785037444,-1.8946529858318841,0.04013368825976011,0.7980619645180697,-1.493415467247958,155.99517914309135,2.839,-2.472,2.5889
0.0121,0.004883,0.002441,1.310303,0.427551,-0.226379,0.222931,3.5070081774659365,-1.8946562475350994,0.040133695736759886,0.7980964043779039,-1.4913156918107233,155.99853467320057,2.839,-2.472,2.5889
0.0112,0.019531,0.010254,1.303223,0.549622,0.506042,0.345001,3.507009260755885,-1.894652418571573,0.040133687611397795,0.8046305558493879,-1.491377811282438,156.00204557242597,2.839,-2.472,2.5889
0.0123,0.015625,0.005615,1.308105,0.549622,0.170349,0.009308,3.507012340695643,-1.8946505602400425,0.040133684137456015,0.8084900794091284,-1.4920750710641946,156.0021986130021,2.839,-2.472,2.5889
0.0122,0.00708,0.000244,1.313721,0.610657,0.261902,0.131378,3.507017135896357,-1.8946526878277012,0.040133689779750716,0.8091913752112483,-1.4856663899842384,156.0045477579997,2.839,-2.472,2.5889
0.0119,0.007812,0.003418,1.319092,0.793762,0.139832,0.314484,3.5070202998888864,-1.894654435250779,0.04013369430023312,0.8140002923609088,-1.4813329366476113,156.00882304390188,2.839,-2.472,2.5889
0.0121,0.01709,0.007812,1.306396,0.274963,0.200867,0.161896,3.5070226208491304,-1.8946515898526557,0.04013368840339952,0.8158699899578667,-1.482860967763327,156.0106210761694,2.839,-2.472,2.5889
0.0121,0.011719,0.001709,1.316895,0.183411,-0.073792,0.100861,3.5070274607722864,-1.894651400365673,0.040133689068487986,0.8123945827776161,-1.4837750218540253,156.01221476974317,2.839,-2.472,2.5889
0.0121,0.007812,0.007324,1.304199,0.549622,0.170349,-0.02121,3.507028278623963,-1.8946531090848133,0.04013369315370348,0.817309414637339,-1.4792193305759647,156.0122925965309,2.839,-2.472,2.5889
0.0122,0.020508,0.004395,1.309082,0.458069,0.231384,0.009308,3.5070334390204656,-1.8946483777384104,0.04013368358364187,0.8190760642654543,-1.482617901553539,156.01222868572037,2.839,-2.472,2.5889
0.0118,0.009521,0.00708,1.305908,0.488586,-0.012756,0.009308,3.5070348252766035,-1.8946492419278593,0.04013368595360947,0.822860934782964,-1.4814319424714044,156.0125727702332,2.839,-2.472,2.5889
0.0121,0.006836,0.004883,1.307617,0.671692,0.078796,0.253448,3.5070371810273726,-1.8946512720052517,0.04013369131312872,0.8273561370186799,-1.4773665470656512,156.016131850317,2.839,-2.472,2.5889
0.0121,0.016846,0.003662,1.30249,0.397034,0.475525,0.253448,3.507042361913298,-1.894648023712489,0.04013368518788877,0.8277185599611441,-1.4755005270459172,156.01926692115774,2.839,-2.472,2.5889
0.0116,0.014648,0.005859,1.313965,0.488586,0.078796,-0.02121,3.5070457096776355,-1.8946461841056361,0.040133681866455065,0.8304608612047796,-1.4767076146215299,156.01906005941285,2.839,-2.472,2.5889
0.0125,0.011719,0.004395,1.297852,0.458069,0.139832,0.131378,3.5070494299776764,-1.8946455671916613,0.04013368158944141,0.8322781760914607,-1.475354125275838,156.0209543074764,2.839,-2.472,2.5889
0.011,0.022217,0.008057,1.314941,0.335999,0.231384,0.100861,3.507053038339392,-1.8946399506483256,0.040133669382885186,0.8344671908792646,-1.4799963449589777,156.0216234592324,2.839,-2.472,2.5889
0.0121,0.012207,0.006104,1.302979,0.549622,0.353455,0.161896,3.5070558689731754,-1.8946392530620861,0.040133668730316825,0.838294182985893,-1.4763638849000456,156.02378506514754,2.839,-2.472,2.5889
0.0124,0.003906,0.0,1.310303,0.488586,0.322937,0.253448,3.507060930257061,-1.8946424744285455,0.04013367840084892,0.83735164193126,-1.4674215636021546,156.02785746867582,2.839,-2.472,2.5889
0.0123,0.017578,0.007568,1.297607,0.702209,0.292419,0.070343,3.507064244331818,-1.894638702125528,0.04013367046212582,0.8441636001964516,-1.4682756306495766,156.02852418742094,2.839,-2.472,2.5889
0.0121,0.019043,0.01001,1.311279,0.549622,0.139832,-0.02121,3.5070663291147426,-1.894634561423401,0.040133661155851715,0.8504994883521002,-1.4717169000645198,156.0278874575223,2.839,-2.472,2.5889
0.012,0.008301,0.008057,1.305908,0.335999,0.139832,0.283966,3.5070672996448655,-1.894635929456496,0.040133664925224403,0.8528221970095737,-1.4681297285469168,156.03159189742803,2.839,-2.472,2.5889
0.0112,0.01416,0.00708,1.316406,0.335999,0.322937,0.345001,3.507070320775807,-1.8946341697575242,0.04013366187710746,0.8541383804463363,-1.4664077637658026,156.03551476314388,2.839,-2.472,2.5889
0.0124,0.012695,0.00415,1.300781,0.397034,0.292419,0.070343,3.507075020278996,-1.894632738985314,0.04013366040805657,0.8548156192662748,-1.4639082108264734,156.0366299668797,2.839,-2.472,2.5889
0.0122,0.009277,0.003662,1.313965,0.397034,0.078796,-0.112762,3.507079236867667,-1.8946332125368908,0.040133663505356486,0.8550944509760721,-1.4616137569686425,156.0356839795111,2.839,-2.472,2.5889
0.012,0.023193,0.005615,1.31543,0.427551,0.383972,0.222931,3.5070856348753736,-1.8946262444883268,0.04013364901250918,0.8568331202660203,-1.4648666987181942,156.03797865562524,2.839,-2.472,2.5889
0.0123,0.010742,0.005859,1.304932,0.549622,0.597595,0.070343,3.507088826037416,-1.8946259939936945,0.04013364995350356,0.8604247594510167,-1.4573562938844256,156.03918296605417,2.839,-2.472,2.5889
0.0111,0.013916,0.007812,1.30835,0.580139,0.017761,0.009308,3.507091567771237,-1.894624158328039,0.040133646677170134,0.8649478017550676,-1.4590177672025428,156.03925703978376,2.839,-2.472,2.5889
0.0127,0.015869,0.002441,1.311768,0.305481,0.170349,0.100861,3.507098522089168,-1.8946207959668566,0.04013364171830072,0.8633490900293147,-1.4599550786517819,156.04067143564868,2.839,-2.472,2.5889
0.012,0.011475,0.007324,1.300781,0.397034,0.139832,0.161896,3.50710096835707,-1.894620204716647,0.04013364151352271,0.8658702250287325,-1.458657042908172,156.04275888745565,2.839,-2.472,2.5889
0.0122,0.004639,0.00293,1.308105,0.488586,0.383972,0.253448,3.507104746057084,-1.894623045026788,0.040133650908249205,0.866622016849177,-1.4498879544277983,156.04663549018548,2.839,-2.472,2.5889
0.0111,0.020752,0.005371,1.309082,0.397034,-0.073792,0.283966,3.5071111006945834,-1.8946169343363888,0.040133638589139854,0.8674259730682762,-1.457075970562072,156.04943730334367,2.839,-2.472,2.5889
0.0122,0.014893,0.004883,1.308105,0.397034,0.292419,-0.14328,3.507116239297513,-1.8946141560592882,0.04013363430434828,0.8684683777574966,-1.4559973885476194,156.04777523426583,2.839,-2.472,2.5889
0.0122,0.012451,0.004883,1.313477,0.244446,0.261902,0.009308,3.50712069782837,-1.8946128408210374,0.04013363349508634,0.8675930117790269,-1.4536771731792022,156.04812058098233,2.839,-2.472,2.5889
0.0119,0.013184,0.005615,1.302002,0.427551,0.292419,0.131378,3.5071249042811297,-1.8946109846095291,0.04013363114889768,0.8693083865585893,-1.4517495098244027,156.0498225379722,2.839,-2.472,2.5889
0.0123,0.027832,0.009033,1.304688,0.427551,0.048279,0.009308,3.5071307275501797,-1.8946009829578587,0.04013360827264798,0.8734043039423943,-1.4620552920056558,156.04901100499305,2.839,-2.472,2.5889
0.0114,0.01123,0.002686,1.306396,0.091858,0.41449,0.039825,3.5071363686146846,-1.8946002763161054,0.04013361006000349,0.8692008388154318,-1.4574659236063414,156.04990543368461,2.839,-2.472,2.5889
0.0126,0.006836,0.001465,1.320068,0.427551,0.292419,0.161896,3.507141658566016,-1.894602100230299,0.04013361844522021,0.8684775160135895,-1.4510237466564089,156.0527002003398,2.839,-2.472,2.5889
0.0125,0.023193,0.006104,1.296387,0.610657,0.048279,-0.051727,3.5071483597802664,-1.8945942298233052,0.04013360173748967,0.8731236458947428,-1.4584528258343028,156.05150103888613,2.839,-2.472,2.5889
0.0119,0.002441,0.001465,1.314941,0.335999,0.109314,0.375519,3.507152615105007,-1.8945986239999704,0.04013361659438705,0.8709556379320235,-1.451666752403,156.05696670891194,2.839,-2.472,2.5889
0.0116,0.013428,0.002441,1.313965,0.305481,0.292419,0.131378,3.5071590615232484,-1.8945964449697246,0.04013361514640058,0.8690746576221499,-1.4498241756146328,156.0587695240305,2.839,-2.472,2.5889
0.0118,0.019775,0.007324,1.310303,0.458069,0.048279,0.039825,3.507163916010256,-1.8945908056688925,0.04013360316772489,0.8722012480345204,-1.454840817564558,156.0588505401676,2.839,-2.472,2.5889
0.0122,0.012207,0.000977,1.307861,0.427551,0.078796,0.009308,3.5071710771349602,-1.894589264446797,0.04013360415609523,0.8711079548260943,-1.4546490674853623,156.0593563047838,2.839,-2.472,2.5889
0.0114,0.010498,0.001953,1.317627,0.488586,0.048279,0.070343,3.5071770825960433,-1.8945889324480916,0.0401336076940148,0.8709614228725094,-1.4536742362997255,156.06062011738135,2.839,-2.472,2.5889
0.0123,0.026611,0.015381,1.303955,0.244446,0.109314,-0.112762,3.50717815908778,-1.8945796422096397,0.040133582715512685,0.8768902736339272,-1.462251069136358,156.05802193853452,2.839,-2.472,2.5889
0.0121,0.01001,0.005371,1.308105,0.366516,0.048279,0.131378,3.5071817557663874,-1.8945799079598817,0.04013358625481531,0.8777361173749406,-1.4609769864352287,156.05995861201384,2.839,-2.472,2.5889
0.012,0.006836,0.000977,1.313965,0.488586,0.231384,0.039825,3.507187647935813,-1.8945817022631604,0.04013359590659254,0.8772357136757771,-1.4554772284729336,156.06122503646344,2.839,-2.472,2.5889
0.0123,0.022461,0.010254,1.310547,0.274963,0.322937,0.253448,3.507191236588765,-1.89457462188383,0.04013357891639339,0.8800606936861697,-1.4587332333532839,156.06369539419583,2.839,-2.472,2.5889
0.0121,0.007812,0.004883,1.315674,0.458069,0.200867,0.039825,3.507194694536158,-1.8945761728877968,0.04013358610051387,0.8816667855197781,-1.454197439986252,156.06472406700814,2.839,-2.472,2.5889
0.0114,0.007812,0.000977,1.306396,0.458069,0.322937,0.070343,3.5072008904431837,-1.894577196753967,0.040133594091034674,0.8805323596700246,-1.4485878096931881,156.0662459531356,2.839,-2.472,2.5889
0.0121,0.016357,0.005615,1.312012,0.397034,0.292419,0.070343,3.507206227828527,-1.894573283985321,0.04013358745354588,0.8818833227942501,-1.4484508110225376,156.06703862265994,2.839,-2.472,2.5889
0.0123,0.014648,0.009766,1.309082,0.610657,0.353455,0.283966,3.5072082958103135,-1.8945707546190602,0.04013358201984302,0.888438005996993,-1.4465269624065091,156.0704099452453,2.839,-2.472,2.5889
0.0124,0.006348,0.001953,1.31543,0.427551,0.170349,0.070343,3.507213573050596,-1.8945727450145298,0.04013359224058518,0.8879063845961883,-1.441554191454447,156.0720395442304,2.839,-2.472,2.5889
0.0114,0.010254,0.004883,1.313965,0.305481,0.200867,-0.02121,3.5072178503536806,-1.8945724780276496,0.040133595194031375,0.887445415593893,-1.438886540514908,156.0721522688722,2.839,-2.472,2.5889
0.012,0.019775,0.007568,1.304443,0.366516,0.109314,-0.02121,3.507223087301163,-1.894566212639173,0.04013358183789489,0.8896212941674623,-1.4432662939845793,156.07145701221003,2.839,-2.472,2.5889
0.012,0.010254,0.000244,1.306641,0.244446,0.628113,0.192413,3.5072306263066153,-1.8945654065753408,0.040133586286761155,0.8856921411734285,-1.4355206761463541,156.07439874419737,2.839,-2.472,2.5889
0.0122,0.010742,0.007812,1.302734,0.274963,0.017761,0.222931,3.507232941294221,-1.8945649786706433,0.04013358715240209,0.8869470786391395,-1.435453092678128,156.07725527351556,2.839,-2.472,2.5889
0.0115,0.020996,0.008789,1.312012,0.488586,0.109314,0.100861,3.5072377768710443,-1.89455804217394,0.040133571513459594,0.891020184378772,-1.440550445202055,156.0778422808737,2.839,-2.472,2.5889
0.0121,0.005127,0.004395,1.302246,0.397034,0.506042,0.009308,3.5072408746575436,-1.894560946526336,0.04013358285653276,0.891597117922256,-1.4310640673428976,156.0787284613283,2.839,-2.472,2.5889
0.0121,0.010498,0.007324,1.300049,0.305481,0.567078,0.131378,3.5072436224342107,-1.8945604266797373,0.04013358393849781,0.8928719186247385,-1.4243384792001497,156.08058097618118,2.839,-2.472,2.5889
0.0126,0.017578,0.008301,1.324463,0.335999,0.170349,0.039825,3.5072480813049074,-1.894555576017874,0.040133574054363325,0.8951530455210627,-1.4263618440660206,156.08078842253062,2.839,-2.472,2.5889
0.0116,0.012695,0.003906,1.30542,0.427551,0.383972,0.100861,3.5072540819935494,-1.894553244337291,0.04013357306519142,0.8955123445970089,-1.4233570769818131,156.08219427884453,2.839,-2.472,2.5889
0.0124,0.012695,0.007568,1.299561,0.366516,0.231384,0.039825,3.507257513047229,-1.8945511928701635,0.040133570422260005,0.8977726360784644,-1.4220163610415446,156.08272397160826,2.839,-2.472,2.5889
0.0121,0.017578,0.005371,1.317871,0.580139,0.048279,-0.051727,3.5072642054633394,-1.8945458705597433,0.040133561438641704,0.9010395621400649,-1.4256793860700019,156.08189725206847,2.839,-2.472,2.5889
0.0111,0.013428,0.001709,1.313721,0.305481,0.048279,0.070343,3.5072720277023963,-1.8945429795105195,0.04013356082732247,0.8984354192859789,-1.42688745909838,156.08292512122003,2.839,-2.472,2.5889
0.0123,0.012451,0.001709,1.305908,0.244446,0.53656,0.314484,3.507279497336818,-1.8945405967105213,0.04013356142791929,0.8954282263668308,-1.4216352299309172,156.08718089776477,2.839,-2.472,2.5889
0.0121,0.026123,0.01001,1.303467,0.122375,0.261902,0.314484,3.507285835491442,-1.894529483784845,0.04013353494689064,0.8960719106955388,-1.428270375941256,156.0899556951062,2.839,-2.472,2.5889
0.0122,0.010986,0.007568,1.318848,0.610657,-0.073792,0.161896,3.5072886594645043,-1.8945290129328967,0.04013353653646599,0.9010661118684983,-1.4293301256020463,156.09208692475204,2.839,-2.472,2.5889
0.0122,0.005371,0.003418,1.315674,0.519104,0.292419,0.070343,3.507292663408681,-1.8945318410120813,0.040133549290927294,0.9024181420792843,-1.4225619949744823,156.0937488982753,2.839,-2.472,2.5889
0.0114,0.011475,0.008301,1.30127,0.488586,0.261902,-0.051727,3.5072952871256975,-1.8945306838922287,0.04013354865081315,0.9061027272350132,-1.4203128284838122,156.0932591618397,2.839,-2.472,2.5889
0.0126,0.018555,0.002197,1.312012,0.244446,0.231384,0.131378,3.507304694503941,-1.8945241316051298,0.04013353921614765,0.9034468739386808,-1.4223786199166184,156.09480132594595,2.839,-2.472,2.5889
0.0121,0.012207,0.005859,1.303711,0.458069,0.475525,0.100861,3.5073093517394116,-1.8945222229887033,0.040133538610778556,0.9055382934828452,-1.4178411693443524,156.09622801742398,2.839,-2.472,2.5889
0.0112,0.012695,0.005859,1.311768,0.397034,0.322937,0.222931,3.507314207753163,-1.8945200368991704,0.04013353742970621,0.9064607983363407,-1.4156787441342102,156.09887378084466,2.839,-2.472,2.5889
0.0123,0.010498,0.004639,1.312988,0.549622,0.292419,-0.02121,3.507319250131779,-1.8945192233601138,0.04013354066450664,0.9089836748669845,-1.4121672705206563,156.09897643374364,2.839,-2.472,2.5889
0.0122,0.020508,0.006348,1.303467,0.519104,0.048279,0.192413,3.5073267385412032,-1.8945112987843264,0.04013352512565305,0.91208504910806,-1.417937613633264,156.10080925818147,2.839,-2.472,2.5889
0.0123,0.021484,0.004883,1.30542,0.366516,0.078796,0.100861,3.507335497341782,-1.8945027391955007,0.040133509167850454,0.9124727538773822,-1.4238129415097236,156.10155752235298,2.839,-2.472,2.5889
0.0112,0.010742,0.00293,1.311279,0.366516,0.261902,0.039825,3.507341863368711,-1.8945017879602972,0.040133513746425625,0.9112721748956402,-1.421049177743662,156.10244909890548,2.839,-2.472,2.5889
0.0124,0.011475,0.007568,1.299316,0.427551,0.292419,0.192413,3.5073451781656115,-1.8945005028430437,0.04013351373721576,0.9140990710970328,-1.4182496580390458,156.104985933766,2.839,-2.472,2.5889
0.012,0.019043,0.002197,1.302246,0.519104,0.292419,0.100861,3.5073552149718306,-1.894493232671085,0.040133503409157674,0.9145572938090751,-1.420156079651179,156.1060389938988,2.839,-2.472,2.5889
0.0122,0.004883,-0.002686,1.312012,0.244446,0.567078,-0.051727,3.507363545032301,-1.894495962993016,0.040133521950961544,0.9088563685044334,-1.4099231012030495,156.10662136543843,2.839,-2.472,2.5889
0.012,0.004395,0.007812,1.310059,0.580139,0.292419,0.039825,3.5073641189426623,-1.8944999050778975,0.040133534854317844,0.9134878400107047,-1.402910250728173,156.10778065566612,2.839,-2.472,2.5889
0.0114,0.014893,0.006104,1.310059,0.213928,0.475525,0.283966,3.5073699702692362,-1.8944956892964364,0.040133528982935734,0.9125036151750602,-1.400475343428884,156.110982201534,2.839,-2.472,2.5889
0.0123,0.006592,0.009033,1.305664,0.519104,0.139832,-0.02121,3.5073705330206315,-1.8944979623996483,0.04013353674121219,0.9173142621282975,-1.3966997202819544,156.11112998551673,2.839,-2.472,2.5889
0.0125,0.008301,0.008057,1.316406,0.335999,0.017761,0.009308,3.5073725256397816,-1.8944989061864768,0.040133542167136646,0.9192490480468426,-1.3953739483313736,156.11155747227357,2.839,-2.472,2.5889
0.0114,0.020264,0.004883,1.309814,0.366516,0.170349,0.131378,3.5073815334663196,-1.8944903882017754,0.04013352699276315,0.9192406629248947,-1.3996709255320294,156.11259933773366,2.839,-2.472,2.5889
0.0125,0.015625,0.008057,1.306396,0.366516,0.200867,0.314484,3.5073863799337333,-1.8944857486864397,0.04013351868439613,0.9215033946916356,-1.4006476224074103,156.1163015389869,2.839,-2.472,2.5889
0.0114,0.013428,0.003174,1.31543,0.305481,-0.226379,0.131378,3.507393790981596,-1.8944824995129113,0.04013351806786874,0.9197391422730532,-1.405164487203924,156.1179114412996,2.839,-2.472,2.5889
0.012,0.023193,0.005859,1.306396,0.610657,0.41449,0.222931,3.507403080766435,-1.8944720182945907,0.0401334972572588,0.9234252027570692,-1.408183076036343,156.11991818069947,2.839,-2.472,2.5889
0.0128,0.014893,0.00415,1.299561,0.702209,0.322937,0.131378,3.507410643567012,-1.8944675161652396,0.04013349306315433,0.9277300440233478,-1.4070768098881477,156.12164750500847,2.839,-2.472,2.5889
0.0112,0.007568,0.001953,1.316895,0.519104,0.139832,0.100861,3.5074170959023525,-1.8944685204707215,0.04013350484324667,0.927485991827197,-1.4038919776160772,156.12349579029726,2.839,-2.472,2.5889
0.0126,0.020508,0.010742,1.310059,0.519104,0.017761,0.345001,3.5074218060343614,-1.8944606128197565,0.04013348613233936,0.9331889040886342,-1.409963010816578,156.12708788476883,2.839,-2.472,2.5889
0.0113,0.01123,0.006348,1.307373,0.366516,0.383972,0.192413,3.507426435388524,-1.894459209143357,0.040133487969018895,0.9338856319123383,-1.406321530561732,156.12951956135032,2.839,-2.472,2.5889
0.0121,0.006348,0.0,1.309326,0.305481,0.353455,0.100861,3.5074339973312316,-1.8944607767704156,0.04013350330679143,0.9303395587385039,-1.3998142214428781,156.13168076391023,2.839,-2.472,2.5889
0.0127,0.019531,0.008789,1.310791,0.335999,0.139832,-0.14328,3.50743994255068,-1.8944532177041624,0.040133487418150725,0.9327368199976331,-1.403688192308432,156.1292846538537,2.839,-2.472,2.5889
0.0113,0.022461,0.008545,1.302734,0.244446,0.200867,-0.051727,3.5074471100387705,-1.894443377112097,0.04013346598068312,0.9334969318709836,-1.4089337521097178,156.1279015281233,2.839,-2.472,2.5889
0.0121,0.01001,0.008789,1.304199,0.580139,0.719666,0.192413,3.507449531593345,-1.894443050936275,0.04013346834876877,0.9385225679542029,-1.4002856586050645,156.13053010072048,2.839,-2.472,2.5889
0.012,0.01123,0.010254,1.323975,0.610657,0.078796,0.375519,3.507451439258954,-1.8944421695968983,0.040133468232245915,0.9444975093163855,-1.3999422875664536,156.13508473562385,2.839,-2.472,2.5889
0.0124,0.022949,0.006104,1.309326,0.519104,0.231384,-0.051727,3.5074611417908,-1.894431701016122,0.040133448515777714,0.9472698286547508,-1.4048081453772137,156.1337726406001,2.839,-2.472,2.5889
0.0123,0.01416,0.009521,1.299316,0.427551,0.41449,0.039825,3.5074648420229626,-1.8944281629653483,0.04013344248272585,0.9509266558362197,-1.4023056443671598,156.13413999859117,2.839,-2.472,2.5889
0.0111,0.004883,0.002441,1.314453,0.458069,0.109314,0.131378,3.50747050061913,-1.8944311410002967,0.04013346033519561,0.9500385570844542,-1.3979618999134884,156.13653500814345,2.839,-2.472,2.5889
0.0129,0.020508,0.010742,1.310059,0.274963,0.353455,0.009308,3.5074758619554207,-1.894422895624096,0.040133441573679055,0.9526441106863136,-1.3997071997664274,156.13597054547023,2.839,-2.472,2.5889
0.0112,0.008057,0.003662,1.311523,0.580139,0.109314,-0.173798,3.50748186461456,-1.8944235235851796,0.04013345249666251,0.9539610457419309,-1.3972453648578573,156.13464476284278,2.839,-2.472,2.5889
0.0171,0.009766,-0.001221,1.306396,0.397034,0.353455,-0.051727,3.5074924486653427,-1.8944220690757143,0.04013346356117929,0.9525436394610642,-1.391138563808687,156.13454473042844,2.839,-2.472,2.5889
0.0069,0.019531,0.00415,1.316162,0.366516,0.200867,-0.02121,3.507502525783607,-1.8944137911234096,0.04013345178539418,0.9501565458386287,-1.3954196381432513,156.1340571157986,2.839,-2.472,2.5889
0.0122,0.015137,0.002441,1.304932,0.397034,0.383972,-0.112762,3.50751219473193,-1.8944086205585113,0.04013344958901275,0.9491323164783131,-1.393909855255265,156.1328188884728,2.839,-2.472,2.5889
0.0118,0.002686,0.00293,1.30835,0.763245,0.475525,0.222931,3.5075165728431315,-1.89441334863564,0.0401334717192104,0.9524221752284934,-1.3840621759161502,156.13661314124388,2.839,-2.472,2.5889
0.0121,0.016113,0.006836,1.306152,0.305481,0.109314,0.131378,3.507523440000686,-1.894407576819299,0.04013346338476002,0.9528046387286592,-1.386609509574586,156.13795668254912,2.839,-2.472,2.5889
0.0125,0.016602,0.005371,1.320557,0.519104,0.292419,0.161896,3.5075316651671318,-1.894401509146766,0.0401334562347037,0.9549899840691731,-1.3869188906095804,156.13984475849676,2.839,-2.472,2.5889
0.0121,0.000977,0.001709,1.307861,0.488586,0.322937,-0.082245,3.507536329391155,-1.8944074312472545,0.04013348296457238,0.9545165689236192,-1.3777541569359186,156.14018731556715,2.839,-2.472,2.5889
0.0113,0.015137,0.009521,1.310303,0.335999,0.139832,0.131378,3.5075408586385417,-1.8944026182750586,0.04013347423744463,0.9565621818631654,-1.3794637605164237,156.14137214842492,2.839,-2.472,2.5889
0.0123,0.026123,0.006104,1.310303,0.274963,0.475525,0.100861,3.507552833169283,-1.8943883775374462,0.04013344625444265,0.9561478781646423,-1.383478973849513,156.14162121460026,2.839,-2.472,2.5889
0.0122,0.006836,0.004639,1.303467,0.549622,0.261902,0.070343,3.5075576789138787,-1.8943898538412922,0.040133458866598,0.958185213540874,-1.3786394671979136,156.14316500350944,2.839,-2.472,2.5889
0.0121,0.004395,0.00293,1.318604,0.458069,0.078796,-0.112762,3.5075628310126805,-1.8943932311447143,0.04013347831171295,0.9580288023562249,-1.3744376307388209,156.14275656268256,2.839,-2.472,2.5889
0.0122,0.018799,0.009766,1.297119,0.305481,0.261902,0.039825,3.507568919491554,-1.8943850090854661,0.040133460903446806,0.9602268834910488,-1.3769524699858784,156.14259667868558,2.839,-2.472,2.5889
0.0112,0.010254,0.006348,1.319092,0.274963,0.231384,-0.02121,3.5075738725110823,-1.8943839654874572,0.040133465501457535,0.9596148651977778,-1.3746307528190533,156.14267187246188,2.839,-2.472,2.5889
0.0125,0.011963,0.002686,1.317627,0.519104,0.048279,0.161896,3.5075824262477098,-1.894381040963472,0.04013346979313877,0.9601695779237343,-1.3753682823069355,156.14500463248885,2.839,-2.472,2.5889
0.0121,0.016846,0.01123,1.314453,0.488586,0.261902,-0.112762,3.5075865227957532,-1.8943749583941176,0.0401334562922535,0.9653054754897594,-1.3764332522993459,156.14314137204792,2.839,-2.472,2.5889
0.0121,0.013672,0.008301,1.309814,0.274963,0.017761,-0.02121,3.507591492394569,-1.8943711998298163,0.04013345201378426,0.9660952925231724,-1.3786061496506627,156.1427568867456,2.839,-2.472,2.5889
0.0113,0.001465,0.002686,1.320557,0.549622,0.41449,0.314484,3.5075957925208687,-1.8943768674353163,0.040133478143801624,0.9662669555604719,-1.3690639825252826,156.14759991021054,2.839,-2.472,2.5889
0.0125,0.022705,0.006836,1.306152,0.427551,0.292419,0.131378,3.5076060708686114,-1.89436502095794,0.040133455797368246,0.968151767008452,-1.3733723807798905,156.14842435003757,2.839,-2.472,2.5889
0.012,0.010254,0.005371,1.32251,0.397034,0.017761,-0.173798,3.50761197345414,-1.8943638445510598,0.04013346186276202,0.9685822427793589,-1.3733722586437214,156.14667410822096,2.839,-2.472,2.5889
0.0121,0.014893,0.005127,1.313477,0.549622,0.078796,0.100861,3.5076200820488395,-1.894358624515413,0.040133458169258646,0.9706947011479345,-1.3755454590494316,156.14783193942188,2.839,-2.472,2.5889
0.012,0.01709,0.007324,1.311523,0.427551,0.41449,-0.02121,3.5076274628561674,-1.894351760371857,0.04013344775940315,0.9726277494255783,-1.3750201547649754,156.14727580138288,2.839,-2.472,2.5889
0.0123,0.007324,-0.000732,1.314209,0.488586,0.261902,0.009308,3.5076370850421204,-1.8943521561178773,0.040133465748790405,0.9706174750446229,-1.3704253104543862,156.14833003369057,2.839,-2.472,2.5889
0.0113,0.002686,0.002686,1.314941,0.397034,0.139832,0.070343,3.507641971770974,-1.894356803646609,0.0401334899467525,0.9691331899602917,-1.364766385425864,156.15026318843812,2.839,-2.472,2.5889
0.0121,0.013428,0.012939,1.301758,0.244446,0.567078,-0.02121,3.5076435596008975,-1.8943531813151366,0.040133480478072595,0.9723364795182423,-1.360435080206356,156.14971954639685,2.839,-2.472,2.5889
0.0124,0.011963,0.002686,1.307861,0.152893,0.231384,0.192413,3.5076524010216823,-1.8943496953555001,0.04013348423823798,0.9682597509617111,-1.3592011662520194,156.15239832675644,2.839,-2.472,2.5889
0.0114,0.002686,0.00293,1.316895,0.671692,0.200867,0.131378,3.5076569987907233,-1.8943542409294156,0.040133507792251916,0.9700655962769281,-1.3529598843217723,156.15501027326528,2.839,-2.472,2.5889
0.0121,0.023193,0.008301,1.304199,0.213928,0.322937,0.131378,3.5076667499388328,-1.8943413510089315,0.040133481385612034,0.9700794075562487,-1.3574806793815755,156.15558363710105,2.839,-2.472,2.5889
0.0123,0.023193,0.007568,1.306152,0.183411,0.353455,0.039825,3.507676920982231,-1.8943286146821188,0.040133456308628995,0.9693425178212988,-1.3614680138134059,156.15512469611826,2.839,-2.472,2.5889
0.0116,0.009033,0.000488,1.316406,0.488586,0.231384,0.222931,3.5076860344957836,-1.8943277254613846,0.04013346975188493,0.967715347196913,-1.3585782074459378,156.15841366221636,2.839,-2.472,2.5889
0.0122,0.009033,0.009766,1.308105,0.488586,-0.043274,0.100861,3.5076880980231944,-1.8943276668635536,0.040133473303010925,0.9719416264339149,-1.3589584108569364,156.1598057802503,2.839,-2.472,2.5889
0.0124,0.017578,0.010986,1.307129,0.488586,0.475525,0.161896,3.50769319825539,-1.894320176735988,0.04013345702792561,0.9769310164710309,-1.3580704026350023,156.1612360151614,2.839,-2.472,2.5889
0.0121,0.008301,0.002441,1.317383,0.458069,0.048279,0.253448,3.507700743917522,-1.8943200020812314,0.040133470319845134,0.9762341337147297,-1.3568601254208987,156.16494117584026,2.839,-2.472,2.5889
0.0121,0.007812,0.003418,1.310303,0.458069,0.353455,0.161896,3.5077073500829266,-1.8943201535740708,0.04013348306538103,0.9761703359614731,-1.351774778710088,156.16756942817815,2.839,-2.472,2.5889
0.0115,0.014893,0.006348,1.297363,0.427551,0.231384,-0.082245,3.5077149449850165,-1.8943141337704086,0.04013347652968036,0.9773610871379061,-1.352652099705805,156.16642769836432,2.839,-2.472,2.5889
0.0125,0.019775,0.00415,1.311768,0.549622,0.139832,-0.051727,3.5077264061068583,-1.8943038998453159,0.04013346279975674,0.9790961008225643,-1.3571189156779337,156.16527514767387,2.839,-2.472,2.5889
0.0113,0.005371,0.001709,1.305176,0.458069,0.383972,0.192413,3.507733327373175,-1.8943059891496297,0.04013348304961786,0.9776512798089173,-1.350581122327479,156.16843769369686,2.839,-2.472,2.5889
0.0123,0.017334,0.007568,1.307373,0.458069,0.261902,0.161896,3.507741124890165,-1.894298049499085,0.04013347043190636,0.9801419906110482,-1.3522717678274032,156.16997353315182,2.839,-2.472,2.5889
0.0123,0.022461,0.013428,1.315186,0.641174,0.048279,0.100861,3.5077465956227103,-1.8942865761119374,0.04013344121452316,0.9882559460193173,-1.359431166041493,156.1699832145628,2.839,-2.472,2.5889
0.0112,0.00708,0.000977,1.314453,0.610657,0.231384,0.070343,3.5077551969476017,-1.8942872128013617,0.0401334599434267,0.9879447962561592,-1.3554977780544293,156.17165647702166,2.839,-2.472,2.5889
0.012,0.017334,0.003174,1.309814,0.366516,0.383972,0.222931,3.507766560248736,-1.894278900852036,0.040133453071822284,0.9864898600873885,-1.3557364858454828,156.17415460974263,2.839,-2.472,2.5889
0.012,0.023682,0.009033,1.306152,0.427551,0.292419,0.253448,3.5077761034868735,-1.8942655739953658,0.04013342533619625,0.989244961966975,-1.3608660258826695,156.1760918661564,2.839,-2.472,2.5889
0.0126,0.006592,0.003662,1.306885,0.702209,0.200867,0.039825,3.5077824662668773,-1.8942669637051284,0.040133442621017874,0.9925214530006413,-1.3567568481235026,156.17739702810758,2.839,-2.472,2.5889
0.0121,0.01416,0.004883,1.316406,0.549622,-0.104309,0.100861,3.50779111581617,-1.8942619152854743,0.04013344204410035,0.994258217854972,-1.3608074900008875,156.17859217525006,2.839,-2.472,2.5889
0.0121,0.02417,0.008545,1.307617,0.335999,0.231384,-0.204315,3.5078011142105128,-1.894248282807449,0.04013341425625481,0.9957088114018045,-1.3667591378158017,156.1749998651247,2.839,-2.472,2.5889
0.0112,0.011963,0.007812,1.305176,0.397034,0.41449,-0.051727,3.507806454662659,-1.8942454497832706,0.04013341498874511,0.9970571157437867,-1.363673592733456,156.17454212613717,2.839,-2.472,2.5889
0.0124,0.005371,-0.001465,1.320312,0.335999,0.353455,-0.051727,3.5078163516263867,-1.8942476982544647,0.040133442665263086,0.9926056967347842,-1.3568443085836464,156.17517419353237,2.839,-2.472,2.5889
0.0122,0.022461,0.004883,1.306396,0.458069,0.261902,-0.051727,3.5078286696484535,-1.8942349491058175,0.040133422761795164,0.9933846960763484,-1.3614841737440242,156.1737631495365,2.839,-2.472,2.5889
0.0122,0.013428,0.006104,1.30957,0.335999,-0.012756,0.009308,3.5078358746624683,-1.8942307465460293,0.040133422590160645,0.9933665005845946,-1.3640252170857265,156.17387441660298,2.839,-2.472,2.5889
0.012,0.002197,0.0,1.313721,0.397034,0.353455,0.009308,3.507843132126896,-1.8942360481359186,0.04013345599210876,0.9903964928714277,-1.3555376955924057,156.175487168087,2.839,-2.472,2.5889
0.0121,0.015381,0.010986,1.308105,0.305481,-0.073792,-0.082245,3.5078473075772343,-1.8942303500032356,0.04013344446735575,0.9929248053168453,-1.3600193603189012,156.17398884349757,2.839,-2.472,2.5889
0.0116,0.016602,0.008057,1.319092,0.519104,0.506042,0.009308,3.5078544270208556,-1.8942234554465727,0.04013343480041561,0.9959125751527587,-1.3583455541101443,156.17378865454057,2.839,-2.472,2.5889
0.0117,0.009277,0.002686,1.30957,0.610657,0.109314,0.131378,3.507862741418269,-1.894222484306397,0.04013344855448634,0.9968436121759439,-1.3570790525811538,156.17592993759274,2.839,-2.472,2.5889
0.0125,0.013916,0.006592,1.30835,0.305481,0.231384,-0.173798,3.507869897113946,-1.894217630657975,0.040133446262087855,0.9968624423417686,-1.3569116110117154,156.17370718684893,2.839,-2.472,2.5889
0.0117,0.027832,0.012939,1.319092,0.671692,0.017761,-0.02121,3.5078778978360714,-1.894201221948134,0.040133404901769004,1.0044928645783282,-1.3674164223315688,156.17170506047287,2.839,-2.472,2.5889
0.0116,0.009766,-0.001465,1.30835,0.580139,0.322937,0.436554,3.50788996181376,-1.8941996003781711,0.04013342450645343,1.002407491935377,-1.3639788237298185,156.17764749077583,2.839,-2.472,2.5889
0.0125,0.008789,0.008789,1.317139,0.580139,-0.073792,0.070343,3.5078933374768693,-1.8941998922068284,0.040133432670780386,1.0069362370290946,-1.3644494858361809,156.17884981083455,2.839,-2.472,2.5889
0.012,0.019775,0.008057,1.308838,0.427551,0.170349,0.070343,3.5079018275243334,-1.8941901044990566,0.040133415905149315,1.0089428175221191,-1.3685334906877402,156.1790088837276,2.839,-2.472,2.5889
0.0123,0.006104,0.002441,1.318604,0.458069,0.41449,-0.02121,3.5079093261169376,-1.894192187365232,0.04013343931634755,1.0081093341192204,-1.3613981966685051,156.17980633718886,2.839,-2.472,2.5889
0.0113,0.009766,0.00293,1.308594,0.519104,0.017761,0.131378,3.5079179380857637,-1.8941907916590266,0.04013345280177621,1.0078045330186793,-1.3614641377509915,156.18184059295336,2.839,-2.472,2.5889
0.0122,0.019775,0.005127,1.309082,0.641174,0.41449,-0.051727,3.5079290550454436,-1.8941803880423178,0.04013343962913857,1.0107793892556862,-1.362566216470535,156.18071408379285,2.839,-2.472,2.5889
0.0122,0.011475,0.000732,1.312012,0.549622,0.017761,-0.02121,3.5079402691928867,-1.8941772936441472,0.04013345285947197,1.0100165642839678,-1.3635400935670041,156.18097889361442,2.839,-2.472,2.5889
0.0121,0.005371,0.003418,1.318604,0.213928,0.506042,0.070343,3.507946614080149,-1.894180099015674,0.04013347670332069,1.0067077280861838,-1.35503592884402,156.18291652364005,2.839,-2.472,2.5889
0.0121,0.020508,0.012207,1.29126,0.641174,0.41449,0.100861,3.5079524655929832,-1.894169004155287,0.04013344975091046,1.0138831671760777,-1.3569936145802104,156.18307395814963,2.839,-2.472,2.5889
0.0117,0.01416,0.001465,1.32251,0.427551,-0.134827,0.100861,3.5079641574733675,-1.8941636620991904,0.040133456286605015,1.011776857806382,-1.361264332688291,156.1844527917224,2.839,-2.472,2.5889
0.0121,0.010986,0.005127,1.315186,0.519104,0.261902,0.253448,3.507971602330445,-1.8941614218009317,0.040133464683071815,1.0130705139855993,-1.3590626729208815,156.1878948850699,2.839,-2.472,2.5889
0.0122,0.02002,0.010742,1.308105,0.397034,0.231384,0.100861,3.507978246084788,-1.894151212946351,0.04013344271246077,1.0163055674555983,-1.362586692115432,156.18822872149113,2.839,-2.472,2.5889
0.0124,0.013916,-0.003662,1.31543,0.427551,0.200867,0.100861,3.5079940669073784,-1.8941455587472802,0.04013345764751607,1.0114826190585997,-1.3627279327792212,156.19006895839672,2.839,-2.472,2.5889
0.0112,0.010254,0.005127,1.3125,0.366516,0.170349,-0.082245,3.5080010770034322,-1.8941440873046855,0.040133468054530136,1.0107353597302167,-1.3612900814220814,156.1895796803088,2.839,-2.472,2.5889
0.0122,0.021729,0.008057,1.301758,0.274963,-0.043274,0.192413,3.5080102703780973,-1.8941320216309088,0.04013344518875219,1.0109582885784372,-1.3692310386526534,156.1909213834124,2.839,-2.472,2.5889
0.0121,0.014404,0.005859,1.309326,0.549622,0.41449,0.283966,3.5080183443048005,-1.8941268331647365,0.04013344470737675,1.0130755218967686,-1.3671997007822816,156.1943822713593,2.839,-2.472,2.5889
0.0122,0.012451,0.006348,1.309814,0.397034,-0.012756,0.131378,3.5080251943316205,-1.894123574046736,0.04013344849016051,1.0137110762026333,-1.3691206740658335,156.1961004172341,2.839,-2.472,2.5889
0.0122,0.02124,0.009766,1.316162,0.183411,0.475525,0.070343,3.50803279939356,-1.8941125191046568,0.04013342580247492,1.0137435661824408,-1.3701712261484214,156.19607557277178,2.839,-2.472,2.5889
0.0121,0.007568,0.000732,1.300537,0.519104,0.200867,0.222931,3.508042280642358,-1.8941132999929615,0.040133450413164164,1.0124913620524907,-1.3667507078214063,156.19977486178232,2.839,-2.472,2.5889
0.011,0.011719,0.006104,1.322021,0.335999,0.048279,-0.082245,3.508048931736032,-1.894110944005279,0.04013345719458022,1.011860908087334,-1.3673771347828656,156.19911703918592,2.839,-2.472,2.5889
0.0121,0.015625,0.006104,1.304932,0.488586,0.048279,0.039825,3.508057147142859,-1.8941046386720952,0.040133453293739095,1.0134808910098616,-1.3704697327453232,156.19939332352573,2.839,-2.472,2.5889
0.0124,0.013184,0.005371,1.311523,0.335999,0.322937,0.039825,3.5080649682055474,-1.8941006969970737,0.040133457145460974,1.012890315154612,-1.3686284928438375,156.20006264791243,2.839,-2.472,2.5889
0.012,0.01001,0.001953,1.303223,0.458069,0.261902,0.070343,3.5080743045984475,-1.8940992965923633,0.04013347387345091,1.0116380181353024,-1.3659000370437353,156.2015844087409,2.839,-2.472,2.5889
0.0123,0.017334,0.006348,1.304443,0.366516,-0.043274,-0.204315,3.5080828981982632,-1.894091374991676,0.04013346513660592,1.012085697213443,-1.3710765483899905,156.1986384071272,2.839,-2.472,2.5889
0.012,0.002197,0.003418,1.323242,0.458069,0.048279,0.009308,3.5080880267206633,-1.8940977119079312,0.04013350040510755,1.0116455603789514,-1.3660841288806933,156.20017114079167,2.839,-2.472,2.5889
0.0112,0.007812,0.008545,1.304443,0.427551,0.41449,0.283966,3.508091226360956,-1.894098748955561,0.040133511780257654,1.0135279320815451,-1.3606289469129744,156.20387667857187,2.839,-2.472,2.5889
0.0126,0.012207,0.007568,1.316162,0.335999,-0.195862,0.192413,3.508096889477273,-1.8940957938786382,0.0401335144286601,1.0142223342531353,-1.3646980765850794,156.20632063334492,2.839,-2.472,2.5889
0.0121,0.008057,-0.001221,1.318848,0.335999,-0.012756,0.070343,3.5081077926755952,-1.8940960433288256,0.040133541397500756,1.009647993666587,-1.3639628984764236,156.20818560004415,2.839,-2.472,2.5889
0.0119,0.014404,0.005859,1.296387,0.641174,0.53656,0.192413,3.5081157370112312,-1.8940902944891174,0.040133539353279596,1.0128432382107173,-1.3607787964001976,156.21043561836612,2.839,-2.472,2.5889
0.0124,0.018066,0.006592,1.323242,0.335999,0.261902,0.161896,3.508124445419283,-1.8940817432213222,0.04013352891061058,1.0128829066915102,-1.3625022890690415,156.2119946184819,2.839,-2.472,2.5889
0.012,0.009766,0.000732,1.3125,0.397034,0.017761,0.131378,3.5081344674167005,-1.894080460623438,0.040133548460034606,1.0101485666582217,-1.3625032953016114,156.21428408223085,2.839,-2.472,2.5889
0.0112,0.018066,0.006836,1.309814,0.458069,0.261902,-0.082245,3.5081428999530337,-1.8940716586116728,0.040133536531909327,1.0114555560411267,-1.3646562880967004,156.21284749713664,2.839,-2.472,2.5889
0.0119,0.027588,0.008057,1.308838,0.366516,0.170349,0.070343,3.5081539339166055,-1.894054018951123,0.040133498409857075,1.0126722759865714,-1.373301723081303,156.21205629724403,2.839,-2.472,2.5889
0.0124,0.01001,-0.003906,1.316895,0.397034,0.048279,-0.02121,3.5081674574658064,-1.894052771551244,0.040133527007220074,1.0074376239419593,-1.3728719214163516,156.21283749039134,2.839,-2.472,2.5889
0.0123,0.010498,0.006104,1.31543,0.488586,0.383972,0.161896,3.5081733958503296,-1.8940515170685879,0.04013353700815722,1.0091112961230975,-1.3687019166411543,156.21526060364852,2.839,-2.472,2.5889
0.0114,0.020508,0.008301,1.299072,0.427551,0.078796,-0.082245,3.5081813793367354,-1.894040453954275,0.04013351580727295,1.0110990466911194,-1.374400898930691,156.2133934396801,2.839,-2.472,2.5889
0.0122,0.009521,0.000977,1.329102,0.519104,0.139832,0.192413,3.5081909155343376,-1.8940401692842777,0.0401335384714903,1.0100291758544988,-1.372491863344331,156.21659194268,2.839,-2.472,2.5889
0.0124,0.011719,0.002441,1.306641,0.366516,0.109314,-0.051727,3.5082000950218633,-1.894037439231628,0.04013355126293793,1.0081844141346832,-1.3724300232543334,156.21639583329585,2.839,-2.472,2.5889
0.0121,0.014648,0.005615,1.30835,0.458069,0.353455,-0.112762,3.508207921595119,-1.894032027692522,0.040133550781554415,1.0092181522693215,-1.3711623950189393,156.215000959459,2.839,-2.472,2.5889
0.0112,0.013184,0.004639,1.309814,0.305481,0.017761,-0.112762,3.5082158472341964,-1.8940281000951682,0.040133556130484256,1.0075696881498448,-1.3730645345964234,156.21387000426677,2.839,-2.472,2.5889
0.012,0.003662,0.006592,1.3125,0.549622,0.017761,0.100861,3.5082189351465427,-1.894033438222524,0.04013358382122784,1.0101451818561251,-1.3693799257942079,156.21617050287955,2.839,-2.472,2.5889
0.0123,0.01001,0.007324,1.302246,0.305481,0.53656,-0.082245,3.5082237590608383,-1.8940323404193486,0.04013359197458648,1.0104189225240947,-1.3631983137479637,156.21554899588446,2.839,-2.472,2.5889
0.0123,0.013916,0.002441,1.314453,0.427551,0.048279,0.131378,3.5082337602766294,-1.8940273410505606,0.04013359881075359,1.0092038227557436,-1.3652153378029717,156.21733180587455,2.839,-2.472,2.5889
0.0123,0.002197,-0.000488,1.311768,0.335999,0.231384,0.100861,3.508241547433102,-1.894033466715093,0.04013364162575751,1.0051828212992329,-1.3581554938515732,156.22026103532673,2.839,-2.472,2.5889
0.011,0.016602,0.009521,1.292969,0.641174,0.322937,0.070343,3.5082472759912866,-1.8940255633800032,0.04013362678550035,1.0100859320824542,-1.3591464701610874,156.22042377771768,2.839,-2.472,2.5889
0.0124,0.022949,0.003174,1.317383,0.488586,0.078796,0.161896,3.5082601534866273,-1.8940117040916558,0.04013360812356216,1.0100826274118868,-1.3660485374598423,156.22152729024495,2.839,-2.472,2.5889
0.0117,0.009521,0.004395,1.298096,0.702209,0.200867,0.375519,3.5082671629369178,-1.8940107896849305,0.040133622862664406,1.0129416620549492,-1.3639601281766376,156.2264648290251,2.839,-2.472,2.5889
0.0123,0.009277,0.008789,1.321289,0.519104,-0.165344,0.009308,3.508270720486022,-1.8940108310269408,0.04013363227483907,1.0165115133047575,-1.3657594194812304,156.22687467706612,2.839,-2.472,2.5889
0.0122,0.016602,0.005127,1.310303,0.305481,0.078796,0.161896,3.508279701208696,-1.8940032705863596,0.040133627334316996,1.0152963964043566,-1.3690144384644813,156.2285456057024,2.839,-2.472,2.5889
0.0125,0.009766,0.001709,1.317383,0.610657,0.170349,0.161896,3.50828894315469,-1.8940022245138466,0.040133647644433446,1.0159307950168803,-1.3670051824255451,156.23129484128677,2.839,-2.472,2.5889
0.0112,0.001221,0.005371,1.312012,0.549622,0.231384,-0.082245,3.5082923246629925,-1.8940096133972464,0.04013368436758202,1.0173239323865515,-1.3595730221698394,156.231847039368,2.839,-2.472,2.5889
0.012,0.015869,0.007568,1.306641,0.335999,0.139832,0.192413,3.508299295568576,-1.8940025791989095,0.040133676284184294,1.0178433577863943,-1.361807299102522,156.23375976882022,2.839,-2.472,2.5889
0.0121,0.012451,0.003174,1.319336,0.519104,-0.012756,-0.02121,3.5083084001061633,-1.893998846730586,0.0401336863659788,1.0180236649251224,-1.363630216032731,156.2337703000985,2.839,-2.472,2.5889
0.0125,0.016113,0.00708,1.313232,0.305481,0.261902,0.283966,3.508315759786689,-1.8939917513943758,0.040133679178736156,1.017970734969217,-1.3643206845631306,156.23697997132004,2.839,-2.472,2.5889
0.0116,0.019775,0.00708,1.296143,0.519104,0.109314,0.192413,3.5083244464007,-1.8939807426590254,0.04013366079766665,1.0202255706858683,-1.3693647482150682,156.23836578239516,2.839,-2.472,2.5889
0.0122,0.010986,0.007324,1.315674,0.549622,0.353455,0.314484,3.508329869890778,-1.8939788468242493,0.04013366819264368,1.0231276219609702,-1.3659510952364657,156.24249113393356,2.839,-2.472,2.5889
0.0121,0.011719,0.004639,1.314453,0.458069,0.292419,-0.02121,3.508337699292817,-1.8939759087333705,0.040133678176834796,1.0233881148400006,-1.3637093321628022,156.24257196934414,2.839,-2.472,2.5889
0.0119,0.016602,0.005615,1.307373,0.305481,0.322937,-0.051727,3.5083465157693245,-1.8939680745803986,0.04013367233518279,1.0223714457730984,-1.3641283377185374,156.2416479396554,2.839,-2.472,2.5889
0.0123,0.010254,0.002686,1.321533,0.549622,0.261902,0.192413,3.5083553200079187,-1.893966530784032,0.04013369040582749,1.022620364379328,-1.3613336113694476,156.24464880350092,2.839,-2.472,2.5889
0.0113,0.002686,0.004639,1.310059,0.458069,0.048279,-0.14328,3.508359874493761,-1.8939723733038991,0.040133725037612374,1.0225764778566822,-1.3568463954164793,156.24434584419876,2.839,-2.472,2.5889
0.012,0.02124,0.006348,1.305664,0.458069,0.628113,0.009308,3.5083701448665834,-1.8939594951694196,0.040133704171860664,1.023835667290001,-1.3564336957167946,156.2435800897886,2.839,-2.472,2.5889
0.012,0.015137,0.004395,1.314453,0.397034,0.048279,0.070343,3.5083794377069184,-1.8939530044788433,0.040133705003521106,1.023160106268695,-1.3592278156579256,156.24430574478282,2.839,-2.472,2.5889
0.012,0.008301,0.00415,1.318604,0.213928,0.261902,-0.02121,3.5083862673989423,-1.8939534123824953,0.04013372540863687,1.0201799309483937,-1.355412386439764,156.24480152161618,2.839,-2.472,2.5889
0.012,0.013428,0.00415,1.296875,0.366516,0.506042,0.131378,3.50839510325255,-1.893948092537707,0.040133729584593145,1.0190879383580458,-1.3520230577532055,156.24649455286942,2.839,-2.472,2.5889
0.012,0.021729,0.00293,1.302734,0.519104,0.109314,0.009308,3.508408030083488,-1.8939344233747901,0.04013371331437716,1.019120839294407,-1.358155364439302,156.245745092498,2.839,-2.472,2.5889
0.0122,0.007812,0.004883,1.30957,0.702209,0.292419,0.039825,3.508414200627941,-1.8939352361842636,0.04013373365250718,1.0225649751128292,-1.3537504691672881,156.24699013990693,2.839,-2.472,2.5889
0.0122,0.018066,0.005127,1.306641,0.427551,0.109314,0.314484,3.50842407005924,-1.8939255549922107,0.04013372424769186,1.022739192450088,-1.3577015791430644,156.25029115711604,2.839,-2.472,2.5889
0.0116,0.016602,0.000977,1.310791,0.427551,0.261902,0.222931,3.508436499558685,-1.893917248558011,0.04013372738196488,1.02025020414574,-1.3589853837463202,156.2528196876806,2.839,-2.472,2.5889
0.0121,0.005615,-0.003906,1.318115,0.305481,-0.073792,-0.112762,3.508448334560906,-1.8939200312797417,0.04013377148100519,1.0137724314048486,-1.3575938889657266,156.2529645470555,2.839,-2.472,2.5889
0.012,0.016602,0.004395,1.300049,0.488586,0.597595,0.345001,3.5084580315178098,-1.893911523673548,0.040133766286352734,1.0142701109394776,-1.354966990287135,156.25683777479824,2.839,-2.472,2.5889
0.0118,0.018555,0.005371,1.303955,0.305481,0.292419,0.131378,3.508467645978689,-1.8939012283596601,0.04013375405404767,1.013148957757278,-1.3570911641316226,156.25777509341003,2.839,-2.472,2.5889
0.0124,0.009521,0.00415,1.316162,0.427551,-0.043274,0.009308,3.5084746543981282,-1.8939006288124074,0.040133771760102625,1.0129816195600285,-1.3576795184522232,156.25844485653482,2.839,-2.472,2.5889
0.0122,0.018066,0.01123,1.300049,0.397034,0.383972,0.100861,3.5084796450657643,-1.8938911388762665,0.040133749502070375,1.0165674294052622,-1.3583220781237064,156.25877564708892,2.839,-2.472,2.5889
0.0118,0.017822,0.00708,1.311035,0.610657,0.322937,0.100861,3.5084877487463526,-1.8938820147032351,0.040133737630139936,1.0199559583022142,-1.3595168875622827,156.2593971677269,2.839,-2.472,2.5889
0.0124,0.007812,0.001953,1.314697,0.641174,0.170349,0.009308,3.5084960830315635,-1.8938829598404816,0.0401337653478857,1.0210609035032134,-1.3564799322585992,156.2604728105248,2.839,-2.472,2.5889
0.0114,0.003906,0.003174,1.315918,0.641174,0.017761,0.192413,3.508502094874968,-1.8938878881878063,0.040133801815940034,1.0221832066281475,-1.3531169254212814,156.26398408132272,2.839,-2.472,2.5889
0.0122,0.019287,0.007568,1.301025,0.305481,0.231384,0.009308,3.508510515359177,-1.8938767806717616,0.04013378334006791,1.0224372820165126,-1.356332223452947,156.26323771502908,2.839,-2.472,2.5889
0.0122,0.012695,-0.001221,1.312012,0.519104,-0.134827,0.100861,3.5085230688755704,-1.8938723742650285,0.04013380292301279,1.0200546302751026,-1.3599450933503041,156.2649412579276,2.839,-2.472,2.5889
0.0121,0.020996,0.006348,1.29541,0.397034,0.109314,0.283966,3.508532767544535,-1.893859519128488,0.04013378150666518,1.0206299505328722,-1.3657320489172826,156.2673477572305,2.839,-2.472,2.5889
0.0114,0.026855,0.012939,1.314941,0.335999,0.261902,0.222931,3.5085394091887143,-1.8938417790926851,0.04013373220222675,1.023994629657577,-1.3728774559241979,156.26785665227047,2.839,-2.472,2.5889
0.0126,0.007324,0.002686,1.303223,0.397034,-0.012756,0.070343,3.5085469643440654,-1.8938435075658608,0.0401337612185724,1.0225897097440897,-1.3717932758363331,156.26971407799667,2.839,-2.472,2.5889
0.0114,0.017822,0.003906,1.332275,0.397034,0.017761,0.131378,3.508556959346123,-1.8938352900709678,0.0401337588749589,1.0213307277181636,-1.3761161791539462,156.27090273970737,2.839,-2.472,2.5889
0.0122,0.016602,0.010498,1.289551,0.488586,0.353455,0.009308,3.5085616649828397,-1.8938275514406904,0.04013374274582367,1.025604069905638,-1.3762000757180681,156.2703551097988,2.839,-2.472,2.5889
0.0127,0.002686,-0.000977,1.325195,0.641174,-0.012756,0.070343,3.508570623219352,-1.8938340829223193,0.04013379491970455,1.0250966801652572,-1.3721847872361101,156.27308485664958,2.839,-2.472,2.5889
0.0112,0.008789,0.003662,1.314453,0.213928,0.292419,0.039825,3.5085778601142343,-1.8938344240066534,0.040133817912658,1.021647137122795,-1.3684427827270353,156.27432490146586,2.839,-2.472,2.5889
0.0122,0.016602,0.008301,1.313477,0.671692,0.353455,-0.112762,3.508584416863143,-1.8938268563188339,0.040133808069521895,1.0267201138720166,-1.3682417456385214,156.27248714295266,2.839,-2.472,2.5889
0.0122,0.005615,0.00293,1.310791,0.641174,0.200867,0.253448,3.508591392525196,-1.8938301541683833,0.04013384198284509,1.0281428712433636,-1.3635883122574572,156.27678517804694,2.839,-2.472,2.5889
0.0123,0.016113,-0.001709,1.311768,0.580139,0.353455,0.222931,3.508605710198931,-1.8938221278281493,0.040133853901442446,1.0261732830410621,-1.363222889324788,156.2797260796205,2.839,-2.472,2.5889
0.0114,0.02417,0.009766,1.304932,0.488586,0.445007,0.070343,3.5086141019416455,-1.8938062501685864,0.040133817216762666,1.029462227624634,-1.3669150314423593,156.2789779878803,2.839,-2.472,2.5889
0.0123,0.012451,0.002441,1.315186,0.610657,0.383972,0.283966,3.5086239630698772,-1.8938025527207731,0.04013383277096833,1.0302432919501485,-1.3639744205645117,156.28291936480898,2.839,-2.472,2.5889
0.0122,0.01001,0.00293,1.311035,0.397034,0.078796,0.161896,3.508632506402709,-1.8938013540768623,0.04013385418660667,1.028709289535501,-1.363383943253451,156.28553506799676,2.839,-2.472,2.5889
0.0113,0.028076,0.009521,1.302734,0.427551,0.170349,-0.051727,3.5086424303707306,-1.8937813804999035,0.040133806204175934,1.0311486661210594,-1.372490007339732,156.28286116928416,2.839,-2.472,2.5889
0.0123,0.009766,0.000244,1.310303,0.458069,-0.012756,0.009308,3.5086529142226035,-1.8937806233864989,0.040133835505377975,1.0288716839016754,-1.3727503631708642,156.2838487385038,2.839,-2.472,2.5889
0.0121,0.004639,0.002197,1.310059,0.305481,0.109314,0.131378,3.5086600118419784,-1.8937852395456503,0.04013387559083428,1.0258014622331129,-1.3685764169067298,156.2868427465311,2.839,-2.472,2.5889
0.0118,0.017578,0.010986,1.315186,0.732727,-0.104309,0.070343,3.5086648278213173,-1.8937768882096833,0.040133857627779455,1.0327800779566223,-1.3744378242990063,156.28682833174926,2.839,-2.472,2.5889
0.0124,0.010742,0.000732,1.313232,0.549622,0.231384,-0.173798,3.50867536931908,-1.893775004108043,0.04013388298421687,1.0319825199831096,-1.3721800672696964,156.28543516076624,2.839,-2.472,2.5889
0.0122,0.00293,0.004639,1.316406,0.397034,0.048279,0.100861,3.508680227953581,-1.893781444427439,0.04013392355557819,1.0314192755787348,-1.3676796969737894,156.28812431654435,2.839,-2.472,2.5889
0.0113,0.021729,0.00293,1.303223,0.244446,0.261902,0.222931,3.5086926785311974,-1.8937677691239707,0.04013390852157837,1.0278407819535407,-1.3720455812612655,156.289783626551,2.839,-2.472,2.5889
0.012,0.013184,0.006104,1.312012,0.427551,0.017761,0.253448,3.5086996362109955,-1.8937636746691835,0.040133914189690305,1.0284445997753606,-1.3739675279994432,156.29286465091027,2.839,-2.472,2.5889
0.0122,-0.001221,-0.003418,1.308105,0.397034,0.41449,0.039825,3.508709034654533,-1.8937739415921855,0.04013398443456121,1.023263898076795,-1.3626585118181467,156.2959133513257,2.839,-2.472,2.5889
0.0124,0.019531,0.006592,1.299072,0.458069,0.292419,0.039825,3.5087179416875425,-1.8937623803685462,0.04013396680347986,1.0248673639414059,-1.365160551699525,156.29554570725645,2.839,-2.472,2.5889
0.0112,0.023438,0.00708,1.311523,0.641174,0.292419,-0.02121,3.508727839607599,-1.8937471726128656,0.040133937912246995,1.0281855565404345,-1.3700457997342512,156.29397414654224,2.839,-2.472,2.5889
0.0121,0.001953,-0.000732,1.305176,0.335999,0.139832,0.283966,3.508736198372625,-1.8937543468832556,0.04013399299015278,1.0237499553484068,-1.364039755713112,156.29934259014667,2.839,-2.472,2.5889
0.0132,0.020264,0.010254,1.313721,0.427551,0.170349,0.192413,3.5087425185830843,-1.8937427073304431,0.040133966939254945,1.0273197342718687,-1.3681311222088313,156.3007376601363,2.839,-2.472,2.5889
0.0111,0.017578,0.00708,1.303955,0.549622,0.078796,0.039825,3.508750279105898,-1.8937336899602542,0.04013395595353467,1.0295621458354385,-1.3720719817385616,156.3005522916887,2.839,-2.472,2.5889
0.0123,0.006104,0.000244,1.315918,0.488586,0.292419,0.039825,3.5087593856613273,-1.8937366681712398,0.04013399708203672,1.0276461716314136,-1.366437473356503,156.30243727955917,2.839,-2.472,2.5889
0.0121,0.013184,0.005127,1.312256,0.397034,0.048279,0.039825,3.5087671041782142,-1.893732306975042,0.0401340046022826,1.0274149484207347,-1.3680046983419527,156.3029995358067,2.839,-2.472,2.5889
0.012,0.018311,0.008789,1.316406,0.580139,0.139832,0.222931,3.508773821914593,-1.8937228536782542,0.04013398864696858,1.0313803186543247,-1.3714395630914125,156.30489524689705,2.839,-2.472,2.5889
0.0122,0.009766,0.001221,1.312256,0.610657,0.200867,0.070343,3.508783545460352,-1.8937218975500059,0.0401340163981271,1.0314392229683482,-1.3691225816674264,156.30658331220306,2.839,-2.472,2.5889
0.0112,0.007324,-0.000977,1.303711,0.366516,0.41449,0.131378,3.5087940276299534,-1.8937231600922706,0.040134055579087,1.0269156614247439,-1.3633344886893568,156.30934014333604,2.839,-2.472,2.5889
0.0121,0.022217,0.007568,1.311035,0.519104,0.078796,0.375519,3.5088030643956327,-1.8937091050685262,0.040134028904929814,1.0294951148461342,-1.3699203987592747,156.3126048470094,2.839,-2.472,2.5889
0.0125,0.011963,0.003174,1.311279,0.610657,0.139832,0.039825,3.5088119865935488,-1.8937059023501766,0.04013404533398215,1.030909102773235,-1.369600357259794,156.3134990236016,2.839,-2.472,2.5889
0.012,0.007568,-0.000732,1.30835,0.427551,0.628113,0.070343,3.508822388842618,-1.893706979553104,0.04013408385656957,1.0275470144561496,-1.361026921485354,156.31564641675675,2.839,-2.472,2.5889
0.0113,0.016357,0.010986,1.314209,0.641174,-0.226379,0.222931,3.5088268547722197,-1.893699459222558,0.04013406843381749,1.0330896445941569,-1.3676113005294046,156.31739034297084,2.839,-2.472,2.5889
0.012,0.019531,0.000488,1.318115,0.397034,0.353455,-0.082245,3.5088404334287056,-1.893688008321586,0.040134067415406406,1.0300943130436746,-1.3691282759447703,156.31602156043743,2.839,-2.472,2.5889
0.0121,0.004395,0.002197,1.299316,0.335999,0.200867,0.131378,3.5088474443715656,-1.8936926986076765,0.04013410953536588,1.027416372098054,-1.3638492249310439,156.31905603612142,2.839,-2.472,2.5889
0.0122,0.019287,0.009277,1.314941,0.702209,0.41449,-0.051727,3.50885437068454,-1.8936817421634098,0.04013408854834879,1.0333423406708901,-1.3645100372527574,156.31749144636075,2.839,-2.472,2.5889
0.0118,0.010986,0.002686,1.308105,0.549622,0.109314,0.070343,3.5088634724097,-1.893679312240689,0.04013410918020794,1.0333060817392623,-1.3641710759283567,156.3188477382471,2.839,-2.472,2.5889
0.0119,0.011719,0.000977,1.306396,0.641174,0.506042,0.009308,3.5088742693716886,-1.8936757569299283,0.04013413104726684,1.033426370925894,-1.3595902150757109,156.3195590270603,2.839,-2.472,2.5889
0.0121,0.01709,0.009766,1.307129,0.519104,0.109314,0.345001,3.5088801541035877,-1.8936669429398651,0.040134115294032706,1.0372507774386273,-1.362907698005265,156.3229631517287,2.839,-2.472,2.5889
0.0131,0.012695,0.005371,1.309326,0.305481,0.261902,0.009308,3.508887867668313,-1.8936627552779945,0.040134124411034415,1.0362851112152272,-1.3614408317275082,156.32324512193532,2.839,-2.472,2.5889
0.0117,0.012695,0.003906,1.309814,0.519104,0.170349,0.192413,3.5088967324030724,-1.8936584664930793,0.040134137080341484,1.03647567732281,-1.3614436532700245,156.3257263961342,2.839,-2.472,2.5889
0.0115,0.011719,0.005859,1.309326,0.610657,0.078796,-0.051727,3.508903773556474,-1.8936553574492312,0.04013414840777399,1.038816745368899,-1.3619040028261,156.32534789732114,2.839,-2.472,2.5889
0.0117,0.009521,-0.000977,1.314941,0.397034,0.41449,0.070343,3.5089152984412353,-1.8936541983139246,0.04013418295371231,1.0347514578753454,-1.3571412732702228,156.32719510764252,2.839,-2.472,2.5889
0.0126,0.01123,-0.003174,1.312988,0.519104,0.170349,-0.02121,3.5089290789852847,-1.89365088365229,0.040134216586803655,1.031347377238397,-1.3561015688018674,156.3277887655558,2.839,-2.472,2.5889
0.0117,0.012451,0.003662,1.310059,0.213928,0.139832,0.497589,3.508937807926324,-1.8936467018145056,0.04013422953060884,1.0278348548270073,-1.3564294776848167,156.333841557505,2.839,-2.472,2.5889
0.0125,0.018799,0.01123,1.306152,0.610657,0.292419,0.161896,3.5089432021811895,-1.8936357921317175,0.040134203790808995,1.0339660406815445,-1.3584539398630073,156.33476334415593,2.839,-2.472,2.5889
0.0112,0.013672,0.000488,1.316162,0.335999,-0.073792,-0.082245,3.5089547725794668,-1.8936303645534294,0.04013422162338015,1.029972298412081,-1.361709103450403,156.3341123352867,2.839,-2.472,2.5889
0.0125,0.013916,0.003662,1.308594,0.244446,0.200867,0.070343,3.50896388551841,-1.89362473701901,0.04013423024797062,1.0271405092450845,-1.3618997882622472,156.3350539727636,2.839,-2.472,2.5889
0.0118,0.023926,0.010986,1.305176,0.458069,0.445007,0.161896,3.508971141324855,-1.8936082318458467,0.04013418824322248,1.030943955832877,-1.3652984210041876,156.33520465827925,2.839,-2.472,2.5889
0.0121,0.015869,0.005859,1.313965,0.580139,0.048279,0.192413,3.508979327728343,-1.893600934661001,0.04013418699873542,1.0332511859145121,-1.3684502163045686,156.33721128644646,2.839,-2.472,2.5889
0.0123,0.010986,0.004395,1.311768,0.397034,0.231384,0.192413,3.5089869343976625,-1.8935988948502624,0.04013420522491854,1.0325707750099136,-1.3665156692221183,156.3400570630374,2.839,-2.472,2.5889
0.0113,0.01416,0.003418,1.308105,0.335999,0.109314,0.253448,3.50899628558744,-1.8935932549680479,0.04013421493816477,1.0302641540919846,-1.3681001888918067,156.3429841540959,2.839,-2.472,2.5889
0.0126,0.018799,0.008789,1.30542,0.305481,0.322937,0.070343,3.509003188882377,-1.8935826581913393,0.04013419589127581,1.0312287258013018,-1.3695829320413806,156.3429746537736,2.839,-2.472,2.5889
0.0122,0.006836,-0.004883,1.314453,0.274963,0.139832,-0.112762,3.509016026184281,-1.8935850454518852,0.04013425085054981,1.0237346924962396,-1.3662533302472084,156.34326274206276,2.839,-2.472,2.5889
0.0112,0.01709,0.003906,1.305176,0.458069,0.231384,-0.082245,3.509025787737841,-1.8935761195675274,0.04013424879954095,1.023226361786219,-1.368184593057665,156.3419613879202,2.839,-2.472,2.5889
0.0122,0.019287,0.007812,1.300781,0.427551,0.200867,0.131378,3.509033399517563,-1.8935648446108635,0.04013422958440918,1.0250578490583293,-1.3716338487502728,156.34260499891573,2.839,-2.472,2.5889
0.0119,0.003174,0.000488,1.319336,-2.776794,-1.4776,0.924835,3.5090393141627807,-1.8935726300768378,0.04013428250529866,0.9844409724307093,-1.385413804687994,156.3551146637853,2.839,-2.472,2.5889
0.0123,-0.052979,0.010986,1.032471,-13.152771,-10.632874,-5.81955,3.5078048730825913,-1.8930929045502485,0.040166242711543065,0.827535519027793,-1.471116585685564,156.29112794492755,2.836,-2.47,2.5889
0.0122,0.548828,-0.210938,0.996826,-3.265076,-3.613831,-10.336151,3.5039991093468084,-1.8910380787318601,0.0403010194100346,0.6594976855925914,-1.8434838303616226,156.10495929192058,2.833,-2.468,2.5873
0.0119,0.223877,0.097412,0.739502,0.488586,8.532166,-8.749237,3.500395002521102,-1.888965755648985,0.040456300433965864,0.758971681073894,-1.9495649822400278,155.91762758909132,2.83,-2.466,2.5841
0.0116,0.303467,0.020752,1.01416,3.479309,-0.501038,-16.683807,3.4971892012403076,-1.8873860657813297,0.040610531736266574,0.8162755457062647,-2.1562476511140933,155.6732322737937,2.827,-2.464,2.5792
0.0128,0.588867,0.124023,1.562744,-0.884705,-5.627991,-14.547577,3.493698149905435,-1.8857301231579793,0.040800198173814174,0.8614113502647647,-2.4684200054061396,155.4105708820044,2.824,-2.463,2.5792
0.011,0.556396,0.035156,1.219238,-3.539734,3.924011,-14.547577,3.4899068337294734,-1.8841717718853548,0.041042871844514946,0.8438284913565695,-2.7073784653917548,155.19062482008354,2.82,-2.46,2.5728
0.0121,0.18042,-0.002686,1.559814,-1.342468,3.069519,-15.981903,3.485088457387403,-1.8820785615094513,0.04131191731320348,0.829017916559688,-2.7342280672588526,154.99217479292506,2.816,-2.457,2.5663
0.0128,0.286377,0.085693,1.211426,2.746887,7.311462,-22.817841,3.478985344527325,-1.8791679817333218,0.04169337621848382,0.9240433665080697,-2.7904837670313904,154.64032934123287,2.812,-2.455,2.5663
0.0117,0.500977,0.03418,1.063477,2.319641,4.137634,-21.963348,3.4736822080428484,-1.8769662802391884,0.04211476012999066,0.9793837675959811,-3.0275517633052407,154.33064839875746,2.807,-2.452,2.5663
0.0121,0.313232,-0.064941,1.521973,-0.365906,-2.118469,-27.670135,3.468797065379174,-1.875173370048533,0.042464084319360794,0.9530648597142584,-3.174887462902742,154.0184322401844,2.804,-2.449,2.5614
0.0121,0.408203,0.137939,1.361572,-0.243835,10.180115,-26.907196,3.4630746223775835,-1.872285137122009,0.04292923047400817,1.0338329374804252,-3.235569591116768,153.60246160027714,2.797,-2.445,2.5566
0.0124,0.193604,0.078613,1.46875,3.601379,10.973572,-34.048309,3.457352399035087,-1.8693619084423005,0.04334209353019019,1.1337609591896947,-3.166407860805285,153.14023917850986,2.793,-2.442,2.5566
0.0111,0.223145,0.079834,1.405518,2.472229,1.360535,-32.980194,3.45205935587507,-1.866648752732469,0.04374350030133477,1.2149516548350328,-3.237783632606686,152.72991796880913,2.789,-2.44,2.5517
0.0122,0.283203,-0.049561,1.044678,-5.645447,2.733826,-39.571991,3.446147982254794,-1.8643883630392781,0.04427035239272703,1.1297784194350948,-3.3668434443451254,152.2897614850337,2.783,-2.436,2.5436
0.012,0.203857,0.036133,1.336182,-4.85199,-3.24762,-32.430878,3.4401496906414497,-1.861401763966763,0.0447505031080641,1.1065939100906348,-3.485572168641357,151.8801839686839,2.778,-2.433,2.5404
0.0127,0.158936,-0.007812,1.474609,2.197571,1.757263,-30.050507,3.4339455979650624,-1.858396946420759,0.0452323423360055,1.1436477104521898,-3.50892597366967,151.51408031796234,2.771,-2.428,2.5307
0.0111,-0.020752,0.008789,1.501221,2.594299,4.717468,-28.982391,3.4286808287662147,-1.8554671011228077,0.04555607786325383,1.1862681500940222,-3.4112798119250525,151.20143939114604,2.767,-2.424,2.5258
0.0122,0.001221,-0.154053,1.275146,-0.030212,2.672791,-25.076141,3.422794078748119,-1.8531303542490796,0.04591857112555115,1.1003044163708777,-3.3468473516570656,151.0247934227576,2.762,-2.421,2.5226
0.0122,0.109131,-0.160889,1.203369,3.204651,-0.623108,-27.670135,3.416547685381206,-1.8508303022420536,0.04638563397732014,1.0473205280418016,-3.390028565185157,150.81891075644802,2.756,-2.417,2.5177
0.012,0.020996,-0.13208,1.115479,7.995911,-7.367493,-28.158417,3.4106891482574815,-1.8484732133095207,0.04675933372777574,1.062676291884016,-3.4599716519383295,150.6030874109913,2.751,-2.413,2.5145
0.0114,0.193848,-0.111572,1.575684,5.920715,0.567078,-29.012909,3.4049619727641085,-1.8459865036746137,0.04724876733624437,1.0859213570700297,-3.5106023058929727,150.33929055824723,2.744,-2.408,2.5112
0.0121,0.077637,-0.01416,1.444824,4.913635,11.614441,-23.763885,3.399010174199454,-1.8427818811580585,0.04769031395894899,1.1450186647035672,-3.3781372665688805,150.0728003370741,2.74,-2.405,2.508
0.0119,-0.118652,-0.05835,1.248047,1.83136,3.130554,-24.191132,3.393343494941323,-1.8398364569170618,0.0478996887244229,1.1374271650059018,-3.2375848019501654,149.85880873868365,2.735,-2.401,2.5031
0.0123,-0.098145,-0.038574,1.4729,-2.044373,3.252625,-22.268524,3.3877129454864576,-1.836808429986347,0.04811952981921817,1.0974879144641083,-3.11598313483359,149.63525301197896,2.729,-2.397,2.4999
0.0117,-0.04541,0.041748,1.346436,3.753967,-3.217102,-18.453827,3.382117030753131,-1.8333792181098199,0.04837398937037454,1.1677497625730404,-3.0995415884869892,149.4126913700977,2.724,-2.393,2.495
0.0125,0.000488,0.078857,1.192627,0.763245,-5.414368,-16.531219,3.376032115023535,-1.8294012730697313,0.0487136048713871,1.2304544427136637,-3.1401883506253725,149.1640865206111,2.717,-2.388,2.4902
0.0121,0.040283,-0.074463,1.047119,-8.605652,-3.400208,-10.85495,3.3700488457020468,-1.8264169794762959,0.04910164045758282,1.0700083900808526,-3.1853891558479526,149.09759288976815,2.712,-2.384,2.4886
0.0122,-0.146484,-0.027588,1.328125,-1.495056,0.383972,-11.068573,3.364370301097576,-1.8231624748705182,0.049220650590980096,1.0345512221672575,-3.0703701222259543,149.009202133495,2.708,-2.381,2.4853
0.0112,-0.154297,0.056885,1.701172,-1.464539,7.067322,-11.465302,3.359226394562104,-1.8199254205783728,0.0493218087373623,1.0417839631121357,-2.8961062228901087,148.88463243859633,2.702,-2.376,2.4821
0.0123,-0.193848,-0.069824,1.205322,2.136536,-3.430725,-10.214081,3.3537141558120362,-1.817049495431771,0.049285672755807954,1.0220304639159512,-2.794850349200942,148.83450019724927,2.697,-2.373,2.4805
0.0121,0.0354,0.082275,1.088623,3.174133,4.32074,-15.188446,3.3482340847182512,-1.8133338079887757,0.049624748989498,1.1195202261128137,-2.7461298418233957,148.60719674769584,2.691,-2.367,2.4772
0.0122,-0.04834,-0.145264,1.334717,-4.028015,-0.043274,-14.486542,3.342779036411949,-1.810779508450231,0.049785886003458,0.9867322872191323,-2.695638201543369,148.51755199294738,2.687,-2.364,2.4756
0.0121,-0.144043,-0.062256,1.563965,1.648254,-12.31134,-13.662567,3.33753469892101,-1.8079194550605644,0.049814006632021644,0.975698080553454,-2.7495338581424567,148.40230533146922,2.683,-2.361,2.4724
0.0123,-0.148438,0.113525,1.062012,5.951233,-0.134827,-12.777557,3.3323168349642383,-1.8042934110509918,0.04977482043999035,1.1293523471989682,-2.6267556872130733,148.21883519820076,2.676,-2.356,2.4675
0.011,-0.014648,-0.041504,1.281982,-5.035095,3.588318,-10.336151,3.3275806857277663,-1.8016138920480074,0.049945111372270694,1.0456438820677343,-2.558283221171278,148.1347328507675,2.672,-2.353,2.4659
0.0121,-0.135254,-0.102783,1.326172,-1.220398,4.839539,-8.749237,3.3225544290219116,-1.7991095425044659,0.049909131212537594,0.9682758719926421,-2.4033451098326823,148.09664687546578,2.668,-2.35,2.4643
0.0126,-0.106445,0.019287,1.640625,6.653137,2.611755,-10.366669,3.3174609234416823,-1.7961161395318328,0.04995039096202011,1.0575212066052788,-2.300953457063521,147.98385293552738,2.663,-2.346,2.4643
0.0121,0.051514,-0.055176,0.937744,-0.152283,-7.15387,-7.772675,3.3124858675823883,-1.7932273980460294,0.050269134016448704,1.0074826014021392,-2.414730667703696,147.91114611543045,2.66,-2.343,2.4627
0.0121,-0.049072,-0.135254,1.210449,-5.828552,2.459167,-8.505096,3.3073149853165598,-1.790691531613292,0.05035582537472813,0.8492077163622386,-2.3368920233321253,147.87604361037052,2.653,-2.338,2.4578
0.0111,0.031982,0.020264,1.465332,-1.037292,-4.681946,-10.244598,3.302850453381485,-1.787861998161139,0.05057061761949997,0.8466835330021178,-2.3867831916190823,147.75916620269123,2.65,-2.335,2.4578
0.0123,-0.015381,0.077881,1.309326,2.868958,-0.501038,-8.291473,3.29801698153974,-1.7846440530507295,0.05073305637471288,0.9252247272008164,-2.3664216788036483,147.64271047218168,2.646,-2.332,2.4562
0.0122,-0.084229,0.016846,1.351074,-2.471619,7.067322,-6.124725,3.292989821105936,-1.7816524401949931,0.050761191594599735,0.9007389340874842,-2.21617174322325,147.58599190794232,2.641,-2.327,2.4562
0.0122,0.043457,-0.025146,1.127686,-3.204041,3.5578,-7.894745,3.288009234878608,-1.7785636235793982,0.05104400019403463,0.8424311849299236,-2.1881370681994645,147.49708912945218,2.637,-2.324,2.4562
0.0123,0.128174,0.031982,1.519287,0.519104,1.238464,-11.221161,3.2832158119160373,-1.775254260597843,0.051441396382535184,0.8637436591752468,-2.2199856392115875,147.33976165619683,2.631,-2.32,2.4513
0.0112,0.10498,0.00415,1.270264,2.685852,-5.292297,-9.481659,3.278702103731838,-1.7722231029967395,0.05182421127852951,0.8941437174130953,-2.325673863569537,147.22110547332056,2.627,-2.316,2.4513
0.0126,0.001953,0.001709,1.446533,-4.028015,-6.329895,-8.169403,3.273501833983918,-1.7689560306839984,0.05201410394728562,0.8421838954660458,-2.3876956096477278,147.12437828153895,2.624,-2.313,2.4481
0.0113,-0.018799,-0.062744,1.115479,-0.610046,-1.813293,-9.420624,3.2687290184235587,-1.7662787673071119,0.05213268692262879,0.7910690862465212,-2.3787808337988396,147.05164938716135,2.618,-2.309,2.4465
0.0125,0.04541,0.097412,1.311523,2.533264,5.297302,-11.495819,3.263713115428738,-1.7626502875722052,0.05243859914150689,0.8794210776283662,-2.321721689959097,146.8788203510251,2.615,-2.306,2.4449
0.0125,0.068848,0.0271,1.241455,2.71637,-0.134827,-12.472382,3.2587713331661403,-1.759277850988801,0.05278731633927019,0.9297815683669858,-2.3482933743904044,146.71022188301376,2.609,-2.301,2.4416
0.0117,0.046631,-0.025635,1.487305,6.408997,-0.745178,-10.214081,3.253927257147504,-1.7562051274215822,0.05304707652670437,0.9883444642415781,-2.362018496340179,146.599936879767,2.605,-2.298,2.44
0.0113,-0.019531,0.008301,1.376221,4.364319,-5.200745,-7.681122,3.2492827192201093,-1.7532352249660497,0.05316453464237929,1.037638996365022,-2.391486878091572,146.5212150447753,2.601,-2.295,2.4384
0.0126,-0.026611,-0.059326,0.846191,3.204651,-4.071594,-9.573212,3.2439500453795835,-1.7501180991873282,0.05327000366345325,1.0224078208173903,-2.404545836492108,146.4394725449383,2.596,-2.29,2.4351
0.0121,-0.033447,-0.020508,1.317139,-4.211121,4.351257,-9.08493,3.2388138748218323,-1.7469341443009285,0.05337710473136083,0.9564918994618287,-2.31467921750199,146.34994674231197,2.592,-2.287,2.4351
0.0122,-0.090088,0.042969,1.703613,0.976868,2.916931,-12.899628,3.2338838008536417,-1.7438010345595507,0.05337797045310418,0.9858386568222822,-2.219073588848721,146.2047764377997,2.586,-2.282,2.4287
0.0112,0.028809,0.130127,1.383545,-0.762634,4.473328,-8.688202,3.2294709766253855,-1.740513286233613,0.05360941479399396,1.044886122942378,-2.168983203146018,146.08030985591574,2.583,-2.279,2.4254
0.0122,-0.036133,-0.038574,0.737549,-7.842712,-2.698303,-4.019012,3.2239652992008336,-1.7372161712333394,0.053651825135765385,0.9059935062439856,-2.1561124222687074,146.0614729855213,2.579,-2.275,2.4238
0.0123,0.012695,-0.03833,1.287598,-7.537537,-0.256897,-5.361786,3.218938069572849,-1.7340290336406372,0.05384321979540246,0.7872296474621084,-2.1521049008377697,146.00882505047989,2.574,-2.271,2.4222
0.0124,0.034912,0.044434,1.250977,-0.487976,-2.942444,-3.195038,3.213872679243229,-1.7304497025996552,0.05411456066492637,0.8046205136504222,-2.195742037122783,145.95763972979267,2.57,-2.267,2.4206
0.0114,-0.035889,-0.161133,1.256348,3.937073,-6.665588,-5.911102,3.208914923352609,-1.7278074489283286,0.05414726780086976,0.7491134012408073,-2.2345093284827153,145.94021967955044,2.564,-2.262,2.419
0.0123,0.032227,0.043457,1.203369,1.770325,2.031921,-5.270233,3.203880938778606,-1.7242461649869214,0.05442388774766944,0.7959547256733134,-2.21563650696629,145.86487452442765,2.56,-2.259,2.4173
0.0121,0.033691,-0.023193,1.431152,-0.396423,1.757263,-10.458221,3.1988142673530686,-1.7209030046523741,0.05466865910704315,0.7778186734871375,-2.1956861500342404,145.7445851405203,2.556,-2.255,2.4157
0.0113,0.037354,0.03833,1.582764,3.387756,1.604675,-15.798798,3.1942758299826166,-1.7177329674982327,0.0548956613526819,0.8351275090849802,-2.17766750594624,145.56076568091933,2.551,-2.251,2.4141
0.0123,0.012207,0.099854,1.072021,7.812805,5.938171,-12.289276,3.189373596020139,-1.714067368162189,0.055131473068898845,1.0012274431948325,-2.0998516204778515,145.3874683356517,2.547,-2.248,2.4141
0.0123,0.075928,0.006348,1.112305,5.157776,1.207947,-13.906708,3.1844391673757344,-1.7105001449444512,0.05554524010343062,1.0674320965227948,-2.1224541860822552,145.2071683464065,2.542,-2.242,2.4092
0.0122,0.018555,-0.019287,1.183105,-3.204041,-3.980042,-9.329071,3.179356889255041,-1.707069967647559,0.05576285588813759,1.0124176236194646,-2.167910962040182,145.1003981505214,2.538,-2.239,2.4076
0.0121,-0.04834,-0.10376,1.293457,-5.401306,-0.867249,-8.138885,3.174170412802541,-1.703982002030232,0.05576948289969605,0.8824474663309011,-2.1343160959183045,145.039016187431,2.534,-2.236,2.406
0.011,-0.027344,0.159668,1.265869,-1.83075,3.5578,-12.838593,3.16969264826745,-1.7005055945938303,0.055864386756514346,0.9565569783253838,-2.064275647589622,144.87471286844195,2.529,-2.231,2.4028
0.0125,-0.051758,0.091553,1.414307,-4.97406,0.078796,-4.537811,3.164615779995774,-1.696882280354011,0.05589779834616345,0.9389524664567286,-2.0212007147267164,144.8136802036683,2.524,-2.227,2.4012
0.0122,0.002441,-0.026611,1.037842,-3.539734,1.482605,-6.82663,3.1596419162947047,-1.69354159111782,0.05606125756450903,0.873136760333146,-1.9936580423130115,144.74070994124017,2.519,-2.222,2.3979
0.0114,0.087158,0.0979,1.36792,-2.868347,-0.34845,-9.176483,3.155019124512271,-1.6898522275305956,0.05646297434247224,0.8923083982229111,-2.0320508034171976,144.6120638775781,2.515,-2.218,2.3979
0.0127,0.038574,-0.055908,1.425293,0.671692,-3.36969,-8.932343,3.14970330379587,-1.6862533454196869,0.056715317908408745,0.8680389493975097,-2.080074367091187,144.50867171365053,2.512,-2.215,2.3947
0.0112,-0.064941,-0.102051,1.430664,8.63678,0.780701,-11.434784,3.1449022414201697,-1.6833223762824272,0.05665306196440177,0.9074843531255857,-2.0211552073640506,144.41179731533737,2.506,-2.209,2.3947
0.0123,-0.079102,-0.040039,1.249756,2.167053,-0.073792,-12.411346,3.1396756870369926,-1.6799970403467956,0.05654893557199804,0.90810888863625,-1.9594057965379306,144.28371216746822,2.502,-2.206,2.3931
0.0122,0.059814,-0.098145,1.139893,-7.690125,1.391052,-13.540497,3.1331312465869794,-1.6754902062047292,0.056952594179171596,0.74927828737559,-1.9694808548686593,144.13016316608724,2.497,-2.201,2.3898
0.012,0.072754,0.104492,1.358887,-0.274353,0.353455,-17.080536,3.128543882346128,-1.671720647588632,0.05732822362407549,0.8062817129834642,-1.9913110023090732,143.90116036520166,2.494,-2.198,2.3898
0.0123,0.004395,0.177246,1.357422,-0.091248,1.726746,-5.300751,3.1244056777613456,-1.6682348240954445,0.057498795130901365,0.9002738833732539,-1.9597987222937874,143.81085516370138,2.49,-2.195,2.3947
0.0112,-0.249268,-0.199219,1.400391,-7.87323,-5.322815,-3.561249,3.1191822005011205,-1.6656129222960812,0.056879257213137524,0.7028976465470407,-1.8751758376901608,143.83390085592367,2.484,-2.189,2.3866
0.0126,-0.067871,-0.008789,1.355957,-5.218201,-4.102112,-10.946503,3.1134581905559813,-1.6617267719865665,0.05682953618289374,0.6327090351402631,-1.8753235923606073,143.7107896345131,2.48,-2.186,2.3817
0.0121,0.166504,0.216064,1.224854,-0.94574,-2.454163,-10.336151,3.1092924876677275,-1.6575631898152743,0.05756536264518345,0.7514936155604003,-1.9934220329776249,143.53545577390244,2.477,-2.182,2.3833
0.0114,-0.07373,0.020508,1.125244,-1.434021,-3.674866,-11.587372,3.104901159051278,-1.654464072032845,0.05741856759503448,0.7491755483988642,-1.9726912068510698,143.41265227881777,2.472,-2.178,2.385
0.0121,0.030273,-0.043213,1.406982,-1.739197,-0.012756,-11.800995,3.0998553507936535,-1.6508523536305562,0.05764241041313857,0.7045151067166314,-1.974955756091048,143.27510919453334,2.468,-2.174,2.3817
0.0121,0.001953,-0.057129,1.302246,-0.793152,0.933289,-12.441864,3.0947042645872913,-1.647253001983044,0.057782809158560794,0.662037641453348,-1.9512280446580446,143.13499957496217,2.462,-2.169,2.3769
0.012,0.016357,-0.067627,1.42627,3.937073,6.45697,-12.136688,3.0897371467982984,-1.643749263587275,0.05795577713164747,0.6730022466539611,-1.8691903790680118,142.99930177546736,2.459,-2.165,2.3736
0.0124,-0.023438,-0.082764,1.228271,-0.579529,6.060242,-7.803192,3.0847947069453125,-1.640448685929497,0.05798686802545851,0.6134220180464734,-1.7688690415012571,142.92058569277214,2.455,-2.162,2.3704
0.0119,-0.034668,-0.093262,1.048584,-7.293396,5.022644,-9.817352,3.0798840464193162,-1.6373603578045388,0.057946951810696146,0.4603839205093117,-1.6757029766201397,142.82676115497696,2.45,-2.157,2.3704
0.0116,0.19043,0.126465,1.193115,-2.441101,-6.482483,-11.190643,3.07604307351719,-1.6332375202425253,0.05878440182073161,0.5130982126671282,-1.859817485439912,142.6486887847879,2.447,-2.154,2.3672
0.0125,0.029297,0.153809,1.327393,-2.746277,-0.745178,-7.589569,3.071428659092101,-1.6290784203204085,0.05906232915059505,0.5672339267807158,-1.8744665519174695,142.5318762365816,2.441,-2.148,2.3655
0.0116,0.112793,-0.014404,1.346924,-6.713562,-0.287415,-4.537811,3.066966842386243,-1.625491472504993,0.059554020784923806,0.4805811894941926,-1.9298121091368812,142.4704000262358,2.438,-2.145,2.3639
0.0119,0.008789,-0.037109,1.408203,-7.445984,0.719666,-4.812469,3.0622614340503196,-1.6220959098943735,0.05969600634943783,0.3721768103058046,-1.9135968334875497,142.42059748750827,2.434,-2.141,2.3607
0.0125,0.084961,0.047119,1.278076,-0.518494,3.496765,-8.474579,3.057506548476204,-1.6179982888216549,0.06015871149481899,0.3962805318795797,-1.9093376259174646,142.29858999820524,2.429,-2.136,2.3607
0.012,0.104736,-0.010254,1.515625,1.617737,6.823181,-8.596649,3.052914815860353,-1.6142913175079092,0.06059952238729234,0.4119500267703746,-1.8678501503378766,142.18910759205446,2.426,-2.133,2.3574
0.0116,0.017334,-0.149414,1.307129,6.531067,1.54364,-8.932343,3.047963305290144,-1.6112043621924006,0.06074089441732477,0.40211136230021555,-1.848425162488532,142.11189660490615,2.42,-2.127,2.3542
0.0122,-0.083008,-0.071533,1.470459,9.64386,8.074402,-12.350311,3.0427153197048473,-1.6078065751636952,0.060594765316089545,0.48426092382808683,-1.6950644064538298,141.9874470355386,2.417,-2.124,2.3526
0.0123,0.058838,-0.055908,1.375,4.486389,-1.904846,-11.373749,3.037977386858544,-1.6041749487518828,0.06089541864610269,0.5095817733544571,-1.7402276723296906,141.849555017911,2.413,-2.12,2.351
0.0113,0.012695,-0.0625,1.058838,3.601379,-5.26178,-14.974823,3.033422015004074,-1.600923711188604,0.06104771139204933,0.5081204873577466,-1.799173810923684,141.6919415109571,2.408,-2.115,2.3461
0.0121,0.029785,0.072266,1.481934,3.784485,1.848816,-15.493622,3.0285957454811974,-1.596842310583991,0.06129257136089084,0.5935645241809736,-1.7796990427596782,141.4943104354943,2.404,-2.111,2.3445
0.0123,-0.098145,0.059814,1.195801,-2.83783,-6.787659,-9.512177,3.0236300608490723,-1.5931116960478358,0.06105420728598173,0.5975218209148101,-1.7898708108554298,141.38754854762672,2.399,-2.106,2.3429
0.0123,-0.072021,-0.039307,0.907227,-6.072693,7.34198,-8.566132,3.018454097100382,-1.58968578249533,0.06081496241321302,0.4913929326600685,-1.632791216606405,141.30856358630825,2.395,-2.102,2.3396
0.0121,-0.010254,0.105469,1.539795,2.289124,2.184509,-11.038055,3.0137508863324003,-1.5857334931837044,0.06092703497697046,0.5719547167826095,-1.590900691899746,141.1698952074327,2.392,-2.099,2.338
0.0114,-0.020752,0.033936,1.158447,-0.549011,1.482605,-9.145966,3.009300179388599,-1.5821924197192752,0.06096717235526797,0.5881073395786783,-1.5527539569874356,141.06747924364308,2.386,-2.093,2.3364
0.0125,-0.016846,-0.074707,1.35791,-3.539734,-0.043274,-8.321991,3.004123466596824,-1.5784041058793314,0.06100376832226123,0.5016039321211745,-1.534913742215847,140.9754445795261,2.383,-2.089,2.3332
0.0115,0.107666,0.008057,1.077881,2.685852,-5.841614,-12.228241,2.999937896960834,-1.5744757315565734,0.06160756792477845,0.5398768371077481,-1.6704061497410323,140.81521652959896,2.378,-2.084,2.3315
0.0127,0.018066,-0.008057,1.286377,3.113098,2.062439,-12.533417,2.9949656357994416,-1.5704529697039895,0.0618053490440375,0.5759286507502607,-1.6451254209020032,140.65717517515822,2.374,-2.08,2.3283
0.0121,-0.05249,-0.088135,1.54248,-0.030212,0.719666,-13.906708,2.9899206107559464,-1.5668658236265038,0.061721685224581074,0.5330028826294166,-1.598988241571622,140.50742411576235,2.371,-2.077,2.3267
0.0111,-0.048096,-0.012695,1.287354,0.976868,7.036804,-14.394989,2.985394946379014,-1.5635037948773005,0.06163923892594029,0.5376796930012616,-1.483790901106786,140.3603085608614,2.365,-2.071,2.3234
0.0126,0.011963,0.019043,1.274902,2.83844,4.747986,-13.357391,2.9806249969525176,-1.559497575768955,0.06181437845649093,0.5859242451583135,-1.4236439803317635,140.19089973996645,2.362,-2.067,2.3202
0.0113,-0.018311,0.020752,1.164307,-0.823669,-4.346252,-13.387909,2.9761880984459665,-1.555898693558922,0.06184687499230755,0.5910888166997642,-1.4536574213676587,140.0423681935063,2.357,-2.062,2.317
0.012,0.022461,-0.042236,1.376465,-7.476501,4.015564,-10.97702,2.971505046506455,-1.5520695465579213,0.06202384101681551,0.478590353054169,-1.410289709951928,139.91326685720426,2.354,-2.058,2.3154
0.0126,-0.068848,0.016357,1.609619,-1.525574,-0.775696,-10.061493,2.966455218614146,-1.5481617323682144,0.061913798703703636,0.4676328630426946,-1.3785796940337607,139.79709376537798,2.35,-2.055,2.3137
0.0122,-0.019287,0.066162,1.048828,-3.173523,1.513123,-10.702362,2.961915001245335,-1.5442069744298417,0.06197447541432505,0.47903951915358,-1.341860052682995,139.6652290762268,2.345,-2.049,2.3105
0.0121,-0.009521,-0.061035,1.404297,-8.666687,-10.632874,-9.96994,2.9571038800131735,-1.5404443237355683,0.062009499388006206,0.34254556145249404,-1.4571454664765076,139.55118719616607,2.342,-2.045,2.3089
0.0116,0.00415,-0.043213,1.027588,-1.647644,2.581238,-12.167206,2.9525221942299478,-1.536758124682582,0.06213133952158563,0.2949455536599653,-1.4256184472982192,139.414379300697,2.337,-2.04,2.3056
0.0123,-0.005371,0.039307,1.987793,0.427551,4.717468,-11.434784,2.9478036684211784,-1.5327216536611399,0.06222369839515725,0.31738749598351823,-1.3563030644448018,139.275248681413,2.334,-2.036,2.3024
0.0113,-0.06665,-0.029541,1.026611,-3.295593,5.20575,-12.86911,2.943187839422076,-1.5294006272571594,0.0619856063453196,0.2620548258464969,-1.2446771010159596,139.146866476353,2.33,-2.032,2.3008
0.0122,-0.029297,-0.066895,1.529297,4.364319,3.954529,-13.601532,2.9384045468718436,-1.5256756152824114,0.06195614064066807,0.2844400685862222,-1.1758539713533318,138.98978958249614,2.325,-2.027,2.2992
0.0123,-0.115234,0.015381,1.518066,8.484192,-0.958801,-10.427704,2.933445409580554,-1.5220160349820466,0.061652660086769145,0.39739495218613974,-1.124076600688441,138.87974855787857,2.322,-2.023,2.2975
0.0124,0.032715,-0.081543,1.105713,-0.976257,-6.665588,-10.519257,2.928753216919984,-1.5179544006427048,0.06187242436452439,0.3310553385143993,-1.2260669473550985,138.74532745627025,2.317,-2.018,2.2927
0.0114,-0.041748,-0.040527,0.966553,-4.241638,0.65863,-10.000458,2.9241062803795317,-1.5144099266654298,0.06173688425053364,0.2538494733488569,-1.1839469236764393,138.6438255521577,2.314,-2.014,2.2911
0.0122,0.057861,0.083252,1.666748,1.312561,-0.531555,-12.106171,2.919776803649016,-1.5101827899483258,0.06203738954904017,0.31031565493429547,-1.2107801573832773,138.48766061439403,2.311,-2.01,2.2894
0.0123,0.067139,-0.04248,1.385986,-4.333191,-2.332092,-9.268036,2.9169462425028145,-1.5074677760308814,0.06232739824330266,0.23600426592765403,-1.2711855828630343,138.36501357005304,2.306,-2.005,2.2927
0.0113,0.020996,-0.036621,1.445801,-4.272156,-2.36261,-17.355194,2.9125786356088046,-1.503648619715316,0.06247923026442662,0.1732707274754066,-1.3025838033786006,138.1685016096676,2.302,-2.001,2.2862
0.0125,0.387451,0.229492,1.423828,-2.502136,3.496765,-25.045624,2.9094192203092923,-1.4980191030754961,0.06403552115190883,0.2639430718015525,-1.4459150339638338,137.7864433403379,2.298,-1.995,2.2814
0.0123,-0.195557,-0.173584,0.984863,-9.612732,14.483093,-14.364471,2.903518601492242,-1.4953702193808802,0.06304575956026635,0.023239969503746755,-1.1202012885377544,137.67106260939667,2.295,-1.992,2.2814
0.0112,-0.051025,-0.151855,1.502441,-2.319031,1.879333,-10.824432,2.898550635576331,-1.491862435131504,0.06288879758443794,-0.07468559350757147,-1.0692265951519542,137.56739854632522,2.291,-1.988,2.2781
0.0126,0.013916,-0.084473,0.823242,4.883118,-3.888489,-16.622772,2.8932007453470594,-1.4873721591991413,0.06306154882105831,-0.08257126699636437,-1.133193556761461,137.35930570319698,2.286,-1.981,2.27
0.0112,0.030029,-0.156738,1.398926,-5.09613,-4.834534,-12.502899,2.8886737201892405,-1.4837871462281471,0.06318912103914107,-0.2176015697264703,-1.1994144857073552,137.22321251365202,2.283,-1.978,2.27
0.0122,0.000244,-0.087402,1.249512,1.098938,-1.752258,-12.899628,2.883777563448215,-1.479768898798139,0.06325258130942325,-0.24921118048122307,-1.2177338326016915,137.07281840426637,2.278,-1.972,2.2652
0.0122,-0.01709,0.028076,1.493164,7.080383,1.726746,-10.915985,2.8790711740064965,-1.4754253111716276,0.06330761131703835,-0.14158830704278624,-1.183570054876176,136.9435456317172,2.275,-1.968,2.2603
0.0126,-0.060791,-0.13916,1.493408,-1.128845,4.656433,-9.908905,2.8735565953235636,-1.47138495775478,0.0631325167557667,-0.22014973928893566,-1.0898604809754162,136.8402431324555,2.271,-1.964,2.2571
0.0124,0.088867,-0.055176,1.027344,-2.593689,8.684753,-14.364471,2.8694380156634907,-1.4667092851264167,0.06370177958516682,-0.28367666326935054,-1.0495378900854782,136.63367857655004,2.266,-1.958,2.2538
0.0122,-0.000977,0.090576,1.813965,4.638977,0.506042,-17.935028,2.865278018234207,-1.4624619488244233,0.06381426174567409,-0.1806120957778012,-1.039453572001965,136.41221393652995,2.263,-1.954,2.2522
0.0113,-0.037598,0.026855,1.149902,2.472229,-7.916809,-15.707245,2.8609796709870583,-1.45858596393773,0.06374408655224631,-0.12681299428666923,-1.1025392062961594,136.24433649902514,2.258,-1.947,2.2474
0.0129,-0.005615,-0.052002,1.45166,-0.304871,8.959412,-11.007538,2.856001490439497,-1.4541101011664568,0.06381032109729386,-0.15177128239212673,-0.9817840301874358,136.10671363805426,2.255,-1.943,2.2425
0.0116,0.073242,0.00708,1.330811,3.540344,-6.055237,-10.427704,2.852165455077245,-1.4497204672544284,0.064209773075757,-0.10062902134335719,-1.092088197463693,135.96776430417478,2.252,-1.939,2.2409
0.0121,0.037354,0.046631,1.051514,1.526184,-6.757141,-15.615692,2.8482219396192474,-1.4452041822144028,0.06455113531213082,-0.040337597733722634,-1.2000577344006715,135.76357996768326,2.247,-1.934,2.2376
0.012,0.011475,0.025635,1.495117,0.397034,3.985046,-15.463104,2.8439785978604437,-1.4409141340179052,0.06470435940325486,-0.015898571646225247,-1.1538943735535208,135.57533628757304,2.244,-1.93,2.236
0.0118,-0.10376,-0.084961,1.401855,3.082581,-3.857971,-12.533417,2.839089989362989,-1.4373208469631547,0.06432972147851782,-0.020350653317733013,-1.138429455200842,135.45644830393118,2.239,-1.924,2.2312
0.0126,-0.061035,-0.030762,1.124023,2.899475,37.005066,-0.875702,2.836107339264585,-1.435258649589393,0.06409642975900191,-0.0015962416956299672,-0.633528945823237,135.463517442331,2.239,-1.923,2.2344
0.0114,-1.273926,-0.071045,0.780518,-8.392029,39.751648,-6.246796,2.827219563717582,-1.4397968298945423,0.06010849536428421,-0.12445420231705272,0.36084210310699655,135.64265070503083,2.238,-1.923,2.2328
0.0123,-1.079102,-0.053711,1.75415,1.800842,15.947937,-13.448944,2.8184086760838754,-1.441732678446935,0.057405254113032156,-0.11914499898894923,0.9211786191717399,135.65377097627885,2.236,-1.919,2.2328
0.0113,-0.05127,-0.05835,1.081543,1.007385,26.110291,-3.256073,2.8151665515890283,-1.4388358771761351,0.057209457267007977,-0.14524388775162053,1.2291940174672304,135.60823215253313,2.234,-1.917,2.2344
0.0126,-0.552734,-0.115234,1.34375,0.915833,60.442566,3.000031,2.807273866997509,-1.4414832113038751,0.05528218665307795,-0.18688362684452514,2.246039209683007,135.7692263563349,2.234,-1.917,2.2263
0.0122,-0.871582,0.098633,1.722168,1.556702,55.132507,-24.893036,2.7966594474292092,-1.4462940771564272,0.053145199241205886,-0.14003902780455757,3.2152382379012714,135.67946888614716,2.233,-1.916,2.2215
0.0113,-0.225586,0.304932,1.429932,4.669495,36.852478,-41.21994,2.792971927932704,-1.4485154533525253,0.05272982090032961,0.04473768139733818,3.702642167222285,135.3728935353144,2.233,-1.916,2.2166
0.0123,-0.033203,0.24585,0.627441,6.836243,51.592468,-37.863007,2.79251444726358,-1.4505651998710405,0.053096781058909734,0.3700581767094727,4.317788368873079,135.09968648086146,2.233,-1.916,2.2101
0.0123,-0.314941,0.08374,1.027832,3.418274,33.526062,-43.630829,2.7851269639261367,-1.453896531016433,0.052000026628827106,0.4281408547912153,4.896270848107939,134.69375015162208,2.233,-1.916,2.2004
0.0114,-0.184082,0.11792,1.1604,2.197571,18.877625,-52.908173,2.7821790636116015,-1.455776821008186,0.05168157635566986,0.47611101162483077,5.17258256641504,134.1822769265623,2.233,-1.916,2.1875
0.0122,0.017578,0.237305,1.141846,3.753967,24.370789,-64.047089,2.785164664788591,-1.4564410124884284,0.05239857816458131,0.6035541844978304,5.400070870915346,133.49121670104662,2.233,-1.916,2.1794
0.0122,-0.158691,0.078857,1.101807,0.580139,5.114197,-61.086884,2.7831587290953856,-1.4579158268337526,0.052199116294208064,0.5917538430189114,5.511736980308081,132.8041496789292,2.233,-1.916,2.168
0.0125,-0.149658,0.085205,1.086426,0.885315,-10.693909,-63.009491,2.781284660622567,-1.4592671997079678,0.052028128260122944,0.5850254196269233,5.423611286866558,132.07466659788167,2.233,-1.916,2.1535
0.0112,-0.147461,0.009033,1.09375,3.326721,-19.421936,-66.854706,2.779677090960544,-1.4598814870745298,0.05178402216665534,0.5560642491675017,5.25118357917049,131.33841672588744,2.233,-1.916,2.1421
0.0122,-0.078613,0.061768,1.028564,3.662415,-35.321594,-71.554413,2.7795611645349574,-1.4603326226308468,0.05186232999965222,0.5676974599772613,4.825484039571543,130.4934276262159,2.233,-1.916,2.1308
0.0122,-0.090088,0.030518,1.058838,2.319641,-48.444153,-76.009979,2.7789660223356965,-1.460484194501607,0.051805997833332534,0.5421353962984752,4.253265690905891,129.57699220875307,2.233,-1.915,2.1097
0.0124,-0.168701,-0.007324,1.173584,3.265686,-56.04303,-72.653046,2.7770480067909338,-1.460735037108266,0.05137295424478086,0.5133164680791967,3.6287817381894816,128.67873631263285,2.233,-1.915,2.0984
0.0113,-0.123291,0.077881,1.120361,1.556702,-62.146545,-76.925507,2.775705801598476,-1.4614863483732652,0.051173343104000825,0.5319957071340597,2.97688755511909,127.85317197128255,2.232,-1.915,2.079
0.0123,-0.246094,-0.066895,1.220459,-2.807312,-68.127991,-63.223114,2.77398328603726,-1.4615336561429557,0.05035831926917323,0.41922284047845365,2.264339717669926,127.05311934328094,2.232,-1.915,2.0677
0.0121,-0.370361,-0.095215,1.278809,-1.95282,-79.72467,-63.009491,2.7726232284968186,-1.4614595500189962,0.04912026658354714,0.316497650249999,1.4915954722540168,126.26365338219837,2.232,-1.915,2.0563
0.0115,0.053955,0.090576,1.145996,8.240051,-24.335266,-79.550018,2.772614913490724,-1.4619556964109386,0.04957720466060058,0.44937192588977715,1.1593848434629597,125.391506505662,2.232,-1.915,2.0336
0.0122,0.099365,0.420654,3.999878,-0.610046,-27.203918,-58.8591,2.7725595189468133,-1.463246361285139,0.04991334122824712,0.5064869249034493,0.8028659215441133,124.73362456852134,2.233,-1.915,2.0239
0.0124,-0.363525,-0.325684,0.848389,-4.485779,28.582214,-54.525604,2.7727931419190575,-1.4616400635839584,0.0480228227776073,0.196798358282399,1.4078880446729882,123.88358158367501,2.233,-1.917,2.0077
0.0123,0.292969,0.20166,0.423828,1.434631,-6.818176,-50.863495,2.7753139966376446,-1.464567154626783,0.05072164233683864,0.4489169192039297,0.9471833758889944,123.40030238131712,2.234,-1.918,1.9948
0.0113,0.142334,0.072266,0.761963,-1.372986,8.074402,-51.870575,2.7765856140246457,-1.4658768582861945,0.05179027044111047,0.49373079795317354,0.8811940117104076,122.84866824305085,2.234,-1.919,1.9818
0.0124,0.145752,-0.001465,1.27832,-3.448181,-17.529846,-54.525604,2.7775246835008427,-1.4666674120754501,0.05235995032749501,0.43912293559056514,0.5675294486143626,122.16180814648585,2.235,-1.92,1.9673
0.0117,0.097168,0.03125,1.670898,-3.204041,-4.041077,-58.798065,2.7781674764032585,-1.4675673965779423,0.05270091650886202,0.40742501149163707,0.46873101652895127,121.47687395981497,2.235,-1.921,1.9559
0.0122,0.315918,0.192627,0.925781,0.183411,-4.865051,-61.941376,2.7786107630465047,-1.4690569604015615,0.054312974633093786,0.5446699652811093,0.16968700299744424,120.78362226354317,2.235,-1.921,1.943
0.0124,0.102783,0.10791,1.084473,-0.304871,-10.05304,-71.249237,2.778581974784826,-1.469845114510664,0.054905360125281064,0.6119736605587641,-0.028756739827928167,119.93186811674619,2.235,-1.922,1.9333
0.0111,0.036621,0.05249,1.827148,-2.105408,3.100037,-78.542938,2.7786871707738134,-1.4702441088170295,0.05505732975254237,0.6065419078281618,-0.006896820249927721,119.06843601742722,2.236,-1.922,1.9219
0.0123,0.205078,0.096436,1.362061,-2.441101,12.102722,-77.017059,2.778873544189335,-1.471126232256436,0.055784992732221386,0.6250072020240726,0.029713730173270784,118.14609458180679,2.236,-1.923,1.9041
0.0123,0.119141,-0.036865,1.254639,0.091858,4.717468,-75.36911,2.779090730792238,-1.4716086776509747,0.056122354827869085,0.5991707458824544,0.01586577536873886,117.21618441951375,2.236,-1.923,1.8912
0.0122,0.188965,0.039062,1.10083,-1.037292,-0.226379,-80.099335,2.7791855279618565,-1.4722646230729155,0.05684203784697368,0.6098436879442108,-0.11481913957383705,116.251146912094,2.236,-1.924,1.8701
0.0112,0.206787,0.018066,1.337646,-5.370789,-0.562073,-76.284637,2.779102730108416,-1.4726769119072842,0.05743652976267014,0.558467335280712,-0.23524216093293818,115.40489611760887,2.236,-1.924,1.8556
0.0124,0.050293,-0.006836,1.265625,-2.013855,-2.759338,-76.040497,2.7790032542409455,-1.472736080084569,0.057587135942213874,0.5306686411885446,-0.29705974330069385,114.46310588321428,2.236,-1.924,1.8426
0.0122,-0.003418,0.013428,1.094238,-2.532654,3.496765,-72.866669,2.7789837753668243,-1.4726972404491898,0.05763176569206382,0.5114159948488152,-0.25183596026139743,113.57567449194707,2.236,-1.923,1.8264
0.0121,-0.005615,-0.121826,1.435791,-2.776794,1.2995,-71.493378,2.7787455529428717,-1.4725020178747752,0.05746340462079018,0.4142508287936155,-0.23118018922698003,112.70388537240541,2.236,-1.923,1.8135
0.0115,0.035645,-0.032227,1.101074,-1.128845,0.139832,-69.4487,2.778602958623471,-1.472481583032782,0.05754240646819934,0.3811085383347146,-0.2565779014694097,111.90360008145488,2.236,-1.923,1.794
0.0119,-0.02417,-0.093506,1.336182,-0.304871,1.909851,-70.120087,2.7783770647313144,-1.4722793356141393,0.05736000186812762,0.3263470176022801,-0.22065735189929495,111.06484484724298,2.236,-1.923,1.7827
0.0121,-0.030273,-0.070557,1.274902,-0.610046,-2.60675,-65.481415,2.778189671261441,-1.472084138057246,0.057192205067903394,0.27938569918894096,-0.23594799465424843,110.26910970477006,2.236,-1.923,1.7714
0.0121,-0.022705,-0.05127,1.345703,-0.1828,1.635193,-61.025848,2.77805880682682,-1.471961089340787,0.05708284748794734,0.2506658028544311,-0.2059203498218624,109.5286078205967,2.236,-1.923,1.7535
0.0121,0.072021,-0.049316,1.064697,-1.434021,6.640076,-61.605682,2.7778155404243754,-1.4716694667779568,0.057231782344186286,0.20109772341210186,-0.18320480118420004,108.7766777528043,2.236,-1.923,1.7422
0.0122,0.050293,-0.020508,1.539551,0.702209,-1.691223,-59.072723,2.7777111080921557,-1.471533137381559,0.057323247354033255,0.20200069330485096,-0.2315132262740677,108.05303824271071,2.236,-1.922,1.726
0.0122,0.032959,-0.018555,1.22998,1.556702,-6.238342,-57.180634,2.7775463384518955,-1.4712736342987307,0.057396091784710966,0.21328213358557319,-0.33160768270729335,107.3527436870071,2.236,-1.922,1.7147
0.0119,0.14624,-0.01709,1.22168,-3.08197,2.367615,-56.356659,2.7772931045427596,-1.4709779502776041,0.057738001658849035,0.17073720096381045,-0.39760002925552407,106.67406432360316,2.236,-1.922,1.7001
0.0115,-0.085205,-0.120361,1.279297,-0.365906,0.017761,-54.006805,2.777035057488386,-1.4710718229339061,0.05736309766692017,0.10049554802696567,-0.349803903693098,106.05915561224896,2.236,-1.922,1.6839
0.0123,-0.14624,0.016846,1.485107,2.533264,0.292419,-52.541962,2.777136484050207,-1.4710310673378648,0.05713156435526669,0.14525596260371199,-0.27404877620875506,105.42119460518612,2.236,-1.922,1.6726
0.0117,0.013672,0.035889,1.27002,-1.891785,2.977966,-51.80954,2.7771643579625542,-1.4707935440415498,0.05725318039395339,0.14894948881299858,-0.25248335148115997,104.81389621764737,2.236,-1.922,1.6564
0.0123,-0.065918,-0.029297,1.258789,-1.525574,-4.315735,-51.412811,2.7771286691104042,-1.4707773388640832,0.05708480742227907,0.11694817118460324,-0.2698790078483076,104.18463541519294,2.236,-1.921,1.6483
0.0116,-0.020996,0.02002,1.225098,0.030823,-4.834534,-50.741425,2.777183701869755,-1.4707175606997276,0.05710167996814484,0.13455179538176482,-0.3175508332901529,103.59706511579495,2.236,-1.921,1.6386
0.0124,0.026123,0.028809,1.19873,-0.610046,1.268982,-52.69455,2.777159298468867,-1.4704149584163424,0.05724060698260059,0.15051311814338503,-0.32332482837193527,102.9419868214192,2.236,-1.921,1.6256
0.0121,-0.068604,0.018555,1.476807,-2.105408,-0.378967,-52.419891,2.7772356140366496,-1.4703097621493033,0.05716844352312809,0.13936392670672385,-0.29516428381341797,102.31059746366984,2.236,-1.921,1.6143
0.0121,-0.02002,0.116943,1.302246,0.427551,3.344177,-54.739227,2.7775263547615126,-1.4703512487092398,0.05735492001293379,0.21724151091973778,-0.24741542047168588,101.65104230505283,2.236,-1.921,1.5997
0.0121,-0.017578,0.00293,1.282227,-0.732117,-1.111389,-56.539764,2.7775445673320283,-1.4703576626666173,0.05734809177283991,0.2137587144976233,-0.25401127880315777,100.96716495771882,2.236,-1.921,1.59
0.0112,0.141846,-0.009521,1.244141,-0.976257,-1.965881,-59.469452,2.7773017459426304,-1.4702243386814087,0.057623938622110606,0.20078780589853049,-0.36587221162424804,100.29646249406268,2.236,-1.921,1.5803
0.0121,-0.020996,0.102295,1.398193,-0.030212,1.604675,-64.871063,2.7775658213389023,-1.4703122778581086,0.057769198207502724,0.26144447006452504,-0.33678455232716153,99.51120900367049,2.236,-1.921,1.5641
0.0122,0.030762,0.097412,1.168457,-1.037292,-0.287415,-65.267792,2.7777266956362543,-1.470230931503415,0.05803852101659893,0.3172360502905502,-0.36289098916238743,98.71387660606064,2.236,-1.921,1.5544
0.0121,0.058594,0.077148,1.316895,-0.426941,1.696228,-69.021454,2.7777548196533384,-1.4701335545869973,0.05828503413192679,0.36117794460938474,-0.37669180090985116,97.87844740811504,2.236,-1.921,1.5366
0.0123,0.064209,0.023926,1.344482,-2.257996,-1.202942,-71.859589,2.7776669062933284,-1.470211118031604,0.058439371038094684,0.35198536328121915,-0.4269667021849658,96.99548962568043,2.236,-1.921,1.522
0.012,0.008789,0.062256,1.342041,-1.800232,2.184509,-73.110809,2.7777727371836036,-1.4701972983938918,0.05856976612703063,0.3713020910011167,-0.40484167378745867,96.1166646512951,2.236,-1.921,1.5107
0.0122,0.043945,0.030029,1.269775,-1.006775,1.848816,-74.087372,2.7777060726521534,-1.4700240287265856,0.05870788731574689,0.38226329735879266,-0.40796053108521496,95.2137586514937,2.236,-1.921,1.4945
0.0122,0.04126,0.025879,1.319336,-1.586609,-2.850891,-73.934784,2.777633961116019,-1.4698910470721875,0.05882463195998015,0.3834149367850744,-0.46481586840878003,94.31245987216246,2.236,-1.921,1.4815
0.0112,0.016357,0.045166,1.220947,-3.875427,-1.416565,-77.38327,2.7776884717302477,-1.4698741549363257,0.05894606327534422,0.37470632835925877,-0.48975572639800186,93.44429065701269,2.236,-1.921,1.4589
0.012,-0.011475,-0.049316,1.41333,-4.058533,2.489685,-75.857391,2.777567370840035,-1.4697532586578494,0.05885588333580724,0.3058757315854423,-0.4513840261926987,92.53667212504392,2.236,-1.92,1.4492
0.0122,-0.057373,-0.066895,1.268311,-1.281433,3.100037,-73.843231,2.7774879431493167,-1.4695424363306056,0.05866170765114076,0.25648668625370613,-0.3790304059592689,91.6375959279984,2.236,-1.92,1.4362
0.012,0.004395,-0.042969,1.338379,-2.502136,0.65863,-72.34787,2.777352807568988,-1.4697527539657305,0.05860291045137438,0.20780620978491088,-0.3746270164814405,90.771889210414,2.236,-1.921,1.4168
0.0123,-0.031982,0.023438,1.269043,-2.257996,-3.36969,-72.103729,2.77748356434815,-1.4697915135146098,0.05861549976402875,0.20118578555704586,-0.3984164467151177,89.88284066952497,2.236,-1.92,1.4022
0.0122,-0.006104,-0.077637,1.532471,-3.631287,-0.836731,-67.404022,2.7772921193577145,-1.4697318431360058,0.05849978213583943,0.12454054388136611,-0.40618174352857117,89.06361078980663,2.236,-1.92,1.3925
0.0111,-0.059814,-0.060059,1.17041,-1.311951,1.238464,-64.810028,2.7772231645220433,-1.4696585248190326,0.05831480274123295,0.07771591112560776,-0.3576200180577706,88.34609463258582,2.236,-1.92,1.3828
0.0119,-0.038818,-0.037354,1.365723,-1.647644,5.083679,-59.530487,2.777177397006293,-1.4695163522666135,0.058223523626331534,0.043228125524950894,-0.27979890255874457,87.63878318027369,2.236,-1.92,1.3763
0.0124,-0.036865,-0.150635,1.371582,-0.701599,2.947449,-50.03952,2.7768014101181215,-1.469457203109997,0.057947084315044015,-0.043738096221733774,-0.2281830328610243,87.0229620274742,2.236,-1.919,1.3731
0.0122,-0.280762,-0.248535,1.404785,0.82428,-5.26178,-39.755096,2.7765099204984875,-1.469532955685943,0.057286077045896784,-0.15736865992824378,-0.15220898160303756,86.54935932151207,2.236,-1.919,1.3682
0.0122,0.080566,-0.247559,1.491943,-2.776794,1.207947,-34.384003,2.7758298050226022,-1.4692384318089264,0.05701556020144245,-0.30996321540682625,-0.18519649565801802,86.12362441527152,2.236,-1.919,1.3617
0.0121,-0.17334,-0.14917,1.250488,0.000305,-3.156067,-31.088104,2.7754918307988583,-1.469198106516381,0.05658091693222856,-0.3918677495687877,-0.12832544028309031,85.76420646759512,2.236,-1.919,1.3504
0.0121,0.057129,-0.028809,1.220947,0.763245,-1.935364,-26.815643,2.7754232723736423,-1.4687022218014727,0.0566304628426487,-0.3929688371615025,-0.19740915383463314,85.43098684845754,2.236,-1.918,1.3455
0.0112,0.127441,-0.035156,1.44873,2.289124,-1.813293,-17.080536,2.7753027188715405,-1.4682038681195801,0.05673006550358505,-0.3788330976395207,-0.2913090804522125,85.2253765739627,2.236,-1.918,1.3439
0.0123,-0.063477,-0.193115,1.236572,1.098938,0.933289,-5.81955,2.7747087940594604,-1.468309069226602,0.05634722858938296,-0.4755476653086594,-0.24795403414038436,85.16350327528743,2.236,-1.917,1.3407
0.012,-0.04541,-0.085449,1.351318,-0.06073,2.184509,-7.650604,2.7744831247144544,-1.4682846824842928,0.05619437325979355,-0.5165309137807771,-0.20295996154434667,85.07716689249371,2.237,-1.917,1.3374
0.0122,-0.033691,-0.091309,1.229492,-0.152283,3.588318,-4.904022,2.774202185431032,-1.4682288204816987,0.05603214126025776,-0.5665148087175684,-0.1464140056979263,85.02099884609629,2.237,-1.917,1.3374
0.0122,-0.226318,-0.057129,1.408936,1.343079,-0.256897,2.938995,2.774029606116249,-1.4686017907089297,0.05576511311071544,-0.5724588139864526,-0.034807523213695256,85.09100574157704,2.237,-1.917,1.3374
0.0121,-0.158936,-0.026611,1.216309,-0.091248,-0.531555,4.434357,2.77391201731445,-1.4689066769116559,0.05558381192200958,-0.5812341084829417,0.049481994536093685,85.17217833509949,2.237,-1.917,1.3374
0.0111,-0.011719,0.009033,1.334473,-0.152283,-0.409485,4.342804,2.7739930053914517,-1.468817284449255,0.05562658869769832,-0.5689450564707277,0.04314244397631352,85.22113763496971,2.237,-1.917,1.3374
0.012,-0.029297,0.025635,1.356201,0.732727,-1.263977,2.938995,2.7741023596758776,-1.4688032210177422,0.055676027105482036,-0.5371923908476741,0.036173825148739326,85.26124034745813,2.237,-1.917,1.3374
0.0124,0.04248,-0.027588,1.324707,0.549622,1.177429,3.88504,2.7741089262389704,-1.468591088788235,0.055713251287760786,-0.5380489948329067,0.017559272764139332,85.29876891181776,2.237,-1.917,1.3391
0.0241,0.023438,-0.070312,1.343994,1.404114,1.787781,6.875763,2.773993449822434,-1.4684776346794708,0.05566573123223397,-0.5371252573259797,0.03898299758630453,85.45464603945071,2.237,-1.917,1.3391
0.0009,0.001709,-0.007324,1.365479,1.129456,1.330017,7.303009,2.7740268013355096,-1.4684304312411454,0.055693218297959,-0.5319124860352852,0.030311452328785564,85.45857710480836,2.237,-1.917,1.3391
0.0109,0.016357,0.021484,1.294189,-0.365906,-1.294495,3.88504,2.774150668451043,-1.4683315300293076,0.055779970856002684,-0.5144709623428526,-0.0023807212548287646,85.49702593257076,2.237,-1.917,1.3391
0.0125,0.018799,0.012939,1.19458,1.648254,0.475525,4.281769,2.774252183904269,-1.468196408383272,0.055858788982092476,-0.4771474792699962,-0.017983097296541822,85.54542851499012,2.237,-1.917,1.3407
0.0111,-0.001465,0.002441,1.408936,0.763245,0.353455,4.678497,2.774300355662786,-1.4681363792263344,0.055893166225459597,-0.459788878265225,-0.02090402744232473,85.59585234739383,2.237,-1.917,1.3407
0.0121,-0.018555,0.017822,1.288086,-0.518494,0.383972,3.549347,2.7743816600136313,-1.4681104754779681,0.055935707537682525,-0.44754986740779545,-0.013525228667976284,85.64026382939026,2.237,-1.917,1.3407
0.0122,0.019287,0.037354,1.297119,0.82428,0.902771,3.213654,2.7745273116694587,-1.4679942613569472,0.05604214750574159,-0.40771152147842615,-0.022648643406644447,85.67580656682175,2.237,-1.917,1.3407
0.0124,0.015137,0.017822,1.322998,-0.030212,-0.134827,2.359161,2.7746134039456165,-1.4679015965194921,0.05611264170840778,-0.390555019868863,-0.04150627983477756,85.70177889386628,2.237,-1.917,1.3407
0.0122,0.028564,0.007812,1.291016,-0.152283,-0.012756,0.528107,2.774676057721806,-1.4677977451769666,0.05618122911885418,-0.38074525118214847,-0.06734346916100656,85.7029746830719,2.237,-1.917,1.3407
0.0121,0.023193,0.026123,1.295654,1.098938,0.933289,-0.082245,2.7747773701202845,-1.4677002795733933,0.056269315864324355,-0.345093272826224,-0.07830157770340532,85.69766748589795,2.237,-1.917,1.3407
0.0125,0.017334,0.003662,1.320557,0.519104,0.963806,-0.051727,2.774818681299614,-1.4676266470271595,0.056317525436293814,-0.3301002254692258,-0.0845399645352524,85.69342824300766,2.237,-1.917,1.3407
0.0108,0.022461,0.003906,1.307861,0.641174,-0.104309,-1.547089,2.7748581808133688,-1.4675474549346428,0.0563698653320852,-0.3146394533240476,-0.10701683898883928,85.67268336958502,2.237,-1.917,1.3407
0.0122,0.029785,0.024902,1.305664,1.190491,-0.165344,-2.859344,2.7749412721824402,-1.4674454906809724,0.05645627259553701,-0.2793176367828143,-0.13459768773232383,85.63296806660053,2.237,-1.917,1.3407
0.0122,-0.010742,0.006592,1.295898,0.274963,0.139832,-2.889862,2.774978310266265,-1.4674255873147803,0.05648018667417006,-0.2662042055253739,-0.13414578424713317,85.5973187305579,2.237,-1.917,1.3407
0.0121,0.000488,0.019287,1.305908,-0.030212,-0.287415,-3.500214,2.7750411473394063,-1.4673818875010525,0.05653039209668645,-0.24941025350107068,-0.1455045242809105,85.55336527495753,2.237,-1.917,1.3407
0.0122,0.008057,0.036133,1.303223,0.366516,-0.47052,-2.706757,2.7751352956859012,-1.4673184698697705,0.05660856102228819,-0.21798621896229292,-0.16344345160875878,85.51787496517368,2.237,-1.917,1.3407
0.0113,-0.00708,0.004639,1.313721,-0.152283,-0.226379,-2.981415,2.7751621400829474,-1.467297875454127,0.05663019321976415,-0.2117867632733626,-0.16898895338777567,85.48357148121548,2.237,-1.917,1.3407
0.0122,-0.015381,-0.012695,1.305176,-0.152283,-0.226379,-3.347626,2.7751545172044096,-1.4673047323375676,0.05662168951016491,-0.21601569957929187,-0.16980292577881795,85.44309452934797,2.237,-1.917,1.3407
0.012,-0.000977,-0.000732,1.304688,0.702209,-0.34845,-2.584686,2.7751665292652863,-1.4672877689530632,0.056640684214947695,-0.20295342943309214,-0.18052788133705727,85.41111405902413,2.237,-1.917,1.3407
0.0118,-0.005615,-0.022705,1.331299,0.305481,0.292419,-1.119843,2.77513703355761,-1.4672856847545688,0.056627444007603,-0.2076732992717671,-0.18065492528731844,85.39769583553506,2.237,-1.917,1.3407
0.0123,-0.014648,-0.028076,1.305176,0.305481,0.719666,-1.363983,2.7750992596884103,-1.467296803210883,0.056600008931002796,-0.2155769312690438,-0.17020109706363845,85.38148843719702,2.237,-1.917,1.3407
0.0121,-0.01001,-0.009766,1.319336,1.098938,0.41449,-0.753632,2.775096632016839,-1.4672895880710555,0.056599773756771096,-0.20309333198617446,-0.16634658127279342,85.37222339525299,2.237,-1.917,1.3407
0.0121,-0.013428,-0.012451,1.314209,0.488586,0.292419,0.222931,2.7750895353046428,-1.4672880395851915,0.05659341603163406,-0.1996752679461093,-0.16194973496784418,85.37510017758984,2.237,-1.917,1.3407
0.0123,-0.01709,-0.007812,1.301758,0.427551,-0.073792,0.497589,2.775091590316141,-1.4672874644453335,0.05658982570733083,-0.19423427153991404,-0.1598166783675346,85.38162635806336,2.237,-1.917,1.3407
0.0113,-0.023193,0.013672,1.296143,0.610657,0.750183,0.802765,2.7751323306155933,-1.4672806591411467,0.05660786895791404,-0.17443112632208302,-0.1447705668577399,85.39119684770364,2.237,-1.917,1.3407
0.012,-0.012451,0.014893,1.330566,0.06134,0.261902,1.596222,2.7751708953111933,-1.4672619047191489,0.056634747346302444,-0.16053710037065838,-0.14150169069745244,85.41004425455895,2.237,-1.917,1.3407
0.012,-0.012695,-0.009766,1.292236,-0.121765,0.231384,0.98587,2.775167689871762,-1.4672574217413292,0.05663190552246384,-0.16335120856105048,-0.13855086742877248,85.42191356008486,2.237,-1.917,1.3407
0.0126,-0.010254,0.001465,1.311768,0.671692,-0.287415,1.535187,2.775182158232868,-1.4672442358718725,0.05664402317516343,-0.149670309969228,-0.14336060253289995,85.44100498076916,2.237,-1.917,1.3407
0.0113,0.001221,-0.005615,1.31665,0.030823,0.53656,1.718292,2.7751818497382663,-1.467241524002209,0.056656211334677443,-0.14833634055667172,-0.14525730405280723,85.45945853363072,2.237,-1.917,1.3407
0.0121,0.001465,-0.005859,1.315918,0.488586,0.170349,1.657257,2.7751792873434167,-1.467257979664091,0.056667909250372975,-0.14165765540983047,-0.15124142413611966,85.47856577558268,2.237,-1.917,1.3407
0.0121,-0.004639,-0.005859,1.300781,1.282043,0.109314,1.657257,2.7751785626904235,-1.4672623616543967,0.056674729804176184,-0.1255590930129824,-0.15438623383355674,85.49809277423907,2.237,-1.917,1.3407
0.0119,0.000244,-0.005859,1.327393,0.610657,0.322937,1.99295,2.7751778468600468,-1.4672506271934975,0.05668472109521017,-0.11778587722887408,-0.15771524511603532,85.52098594779798,2.237,-1.917,1.3407
0.0127,-0.000732,0.002441,1.294678,0.244446,0.475525,1.230011,2.7751893156371743,-1.4672346061709687,0.05670342769891145,-0.10925733407834244,-0.15850216988226842,85.53566913541118,2.237,-1.917,1.3407
0.0111,0.000977,0.012939,1.31665,0.854797,0.597595,1.809845,2.775214063429156,-1.4672115578298963,0.05673407985518464,-0.08844818447132392,-0.15953523118175386,85.55453693282092,2.237,-1.917,1.3407
0.0121,-0.004395,0.004639,1.30127,0.366516,0.689148,2.298126,2.775226986668286,-1.4672044501043962,0.056751521130141286,-0.07767267661688862,-0.15579230848229378,85.58163103793812,2.237,-1.917,1.3407
0.0121,0.008545,0.013428,1.309082,-0.06073,0.261902,1.260529,2.7752503215028548,-1.4671640243701491,0.05678712208387232,-0.06695278441623712,-0.16480497614862682,85.59526698239613,2.237,-1.917,1.3407
0.0122,0.001953,0.018066,1.299316,0.671692,0.078796,0.436554,2.775278591884069,-1.4671322417329906,0.056822503212547906,-0.04465035741706848,-0.17211701427381765,85.59923881325592,2.237,-1.917,1.3407
0.0122,0.003174,0.010986,1.330566,0.030823,0.078796,0.222931,2.775295561053356,-1.4671059648465552,0.05684976019720522,-0.03472801919772825,-0.17983038110243577,85.60081054777271,2.237,-1.917,1.3407
0.0121,0.008057,0.009033,1.297363,0.610657,0.292419,-0.448456,2.7753075382138537,-1.4670786123188306,0.05687833904083694,-0.0188750636202864,-0.18808616058297511,85.59407806525844,2.237,-1.917,1.3407
0.012,0.006104,0.007324,1.325195,0.976868,0.200867,-0.631561,2.7753162141049725,-1.4670550333988193,0.05690246704252373,-5.935170885679639e-05,-0.19594580486965987,85.58539911795624,2.237,-1.917,1.3407
0.0116,0.001953,-0.003662,1.295166,0.580139,-0.134827,-0.753632,2.775312590053245,-1.4670423261754617,0.05691238412486275,0.0072470372681787245,-0.20545990473931022,85.57611089622188,2.237,-1.917,1.3407
0.0122,0.009766,0.009033,1.305176,0.427551,-0.165344,-1.425018,2.775320300175988,-1.467010398184979,0.056939954952841446,0.020498002318770706,-0.21985316355040546,85.55744546292742,2.237,-1.917,1.3407
0.0122,-0.005859,0.016113,1.312988,0.732727,0.200867,-1.058807,2.775341040999667,-1.4669799906112475,0.056963649758899365,0.041389444029298506,-0.22042147607157417,85.54355397436234,2.237,-1.917,1.3407
0.012,-0.016113,0.003906,1.33252,0.335999,0.231384,-0.784149,2.775352258610459,-1.466963654165559,0.05696804725578591,0.04995630881341693,-0.21465352569580412,85.53399883625295,2.237,-1.917,1.3407
0.0114,0.003662,0.005371,1.287598,0.183411,0.139832,-0.997772,2.7753557068646457,-1.4669404977416856,0.05698680750217601,0.057561094601765374,-0.2219076037364131,85.5218324828966,2.237,-1.917,1.3407
0.0121,-0.001465,0.006104,1.314941,0.427551,0.139832,-0.906219,2.775360712356075,-1.4669303196247179,0.05700211858836881,0.06844057370154841,-0.22575779428696832,85.51022686658915,2.237,-1.917,1.3407
0.0122,-0.003662,-0.006592,1.315186,-0.030212,0.567078,-0.601044,2.775354317257141,-1.4669309586142867,0.05700365389887009,0.06627930248530081,-0.2231127811351945,85.50284584371641,2.237,-1.917,1.3407
0.0123,-0.001953,-0.001953,1.309082,0.488586,0.445007,-0.723114,2.7753517236652856,-1.4669273936609915,0.0570106102784396,0.07318013404430354,-0.22296024670522632,85.49366448556127,2.237,-1.917,1.3407
0.0122,0.003662,0.000244,1.321533,0.671692,-0.104309,-0.540009,2.775348362830697,-1.466921007823823,0.05702260079339643,0.08342705365433684,-0.23268616273695578,85.48656789165045,2.237,-1.917,1.3407
0.0113,-0.014893,-0.010986,1.310059,0.610657,0.506042,-0.631561,2.775343092044925,-1.4669285121082516,0.05701280238968935,0.08571999308474855,-0.22458431502043855,85.479888240442,2.237,-1.917,1.3407
0.0124,-0.003174,-0.001709,1.305908,0.366516,-0.012756,-0.662079,2.775340998003912,-1.4669253683366608,0.05701869129581402,0.09111288843850099,-0.22928312310606458,85.4714220370746,2.237,-1.917,1.3407
0.0121,0.003418,0.010742,1.311768,0.519104,-0.012756,-0.509491,2.775346382769789,-1.466910779206809,0.05703953826562188,0.1054532002985356,-0.23776507219429116,85.46430572035962,2.237,-1.917,1.3407
0.0139,-0.012207,0.004883,1.314209,0.213928,0.231384,0.314484,2.775353359305102,-1.4669047877746082,0.05704555536942841,0.11289807018908857,-0.23367335779277665,85.46836856862154,2.237,-1.917,1.3407
0.0101,-0.013916,-0.005371,1.315674,0.091858,0.139832,0.222931,2.775352629146581,-1.466907558841744,0.057041319587275346,0.11223154437434077,-0.23040714280036034,85.47080895823677,2.237,-1.917,1.3407
0.0114,-0.005615,0.006592,1.304932,0.244446,-0.012756,0.711212,2.7753575716371666,-1.46689923894363,0.05705250551015998,0.12043242970347408,-0.2336236963250123,85.47840214751503,2.237,-1.917,1.3407
0.0121,0.0,-0.005615,1.318115,0.305481,0.445007,1.077423,2.775350582071275,-1.4668998556040063,0.057055822963785724,0.12224377676776099,-0.23456459630198587,85.49138105708597,2.237,-1.917,1.3407
0.0122,-0.008057,-0.013672,1.308105,0.580139,0.475525,0.98587,2.7753411680132913,-1.4669083440544577,0.05704758402431371,0.12264678305535892,-0.2304152561954859,85.50387529325705,2.237,-1.917,1.3407
0.0124,0.004639,0.002197,1.312988,0.915833,0.445007,1.168976,2.775338567761132,-1.4669014154741784,0.05705998694087243,0.1365821431259717,-0.2340172764652733,85.51784804692974,2.237,-1.917,1.3407
0.0121,0.009521,-0.000488,1.321289,0.488586,0.383972,1.107941,2.775332203715012,-1.4668959617430397,0.05707237423301111,0.1433992264689241,-0.24121289459120324,85.53077471451914,2.237,-1.917,1.3407
0.0119,-0.008545,-0.005127,1.303711,0.458069,0.41449,0.711212,2.775329303838274,-1.4668981454435641,0.05707096037413296,0.1470046850428037,-0.2375755064264239,85.53935971768252,2.237,-1.917,1.3407
0.0125,-0.005371,0.012939,1.321289,0.793762,0.078796,0.589142,2.775336720714754,-1.466884895500963,0.0570859563871466,0.16552315412016955,-0.23967955259522566,85.5459002554474,2.237,-1.917,1.3407
0.0111,-0.000732,0.013916,1.30542,0.274963,0.261902,0.772247,2.77534242825447,-1.4668703653232722,0.0571041298614265,0.1777292768037872,-0.2426558668487669,85.55353334385426,2.237,-1.917,1.3407
0.0117,-0.001221,0.013184,1.312988,0.183411,-0.073792,0.467072,2.77534713805504,-1.4668571626391276,0.057120905972221026,0.18842676458739507,-0.24898669161075712,85.55812426745214,2.237,-1.917,1.3407
0.0121,-0.005371,0.012695,1.300537,0.366516,0.292419,-0.02121,2.775352714833235,-1.4668450348880056,0.057134941523764526,0.20111377533774655,-0.24850587070525135,85.55709917145867,2.237,-1.917,1.3407
0.012,0.006104,0.006836,1.312988,0.152893,0.048279,0.192413,2.775349519994172,-1.466838048288427,0.05714971317714351,0.20756013122257755,-0.25761924795528357,85.5588484359263,2.237,-1.917,1.3407
0.0121,0.004639,-0.001221,1.309082,0.152893,0.292419,0.131378,2.7753424937059012,-1.466838262028331,0.05715714874122682,0.2092535095589372,-0.26288599130247164,85.56034295739879,2.237,-1.917,1.3407
0.0123,0.00415,0.002441,1.312744,0.702209,0.200867,0.161896,2.775337521395539,-1.4668354267841968,0.05716689915821844,0.2197798014913869,-0.2688411993691545,85.56205034918649,2.237,-1.917,1.3407
0.0123,0.000977,0.001709,1.317627,0.671692,0.353455,-0.14328,2.7753335470358773,-1.4668334738796502,0.05717418458394123,0.2294002714091559,-0.2709755266820359,85.56009304061298,2.237,-1.917,1.3407
0.0121,0.00415,0.003906,1.304688,0.671692,0.139832,-0.540009,2.7753289095894695,-1.4668297617229473,0.05718459839609442,0.24014010331488295,-0.27765517124035743,85.55321395102025,2.237,-1.917,1.3407
0.0121,-0.004395,0.007812,1.311035,0.793762,0.048279,-0.417938,2.775329706761826,-1.4668225531656232,0.05719338061725946,0.25448797836222753,-0.2803061536293969,85.54765023907524,2.237,-1.917,1.3407
0.0112,0.0,0.01123,1.304688,0.152893,0.292419,-0.326385,2.775329653844368,-1.46681260849951,0.05720674607312638,0.2629073857993276,-0.2828802760972813,85.5432853804107,2.237,-1.917,1.3407
0.0126,0.002197,0.016846,1.315674,0.183411,0.200867,-0.326385,2.77533046060292,-1.4667981321092063,0.05722484123474498,0.2750376840118999,-0.28737441476497505,85.53814538713195,2.237,-1.917,1.3407
0.0121,-0.004395,0.006592,1.306396,0.397034,0.017761,-0.387421,2.7753299809563665,-1.4667929563308268,0.05723202726337918,0.28357604997117536,-0.2903083099135801,85.53307205781869,2.237,-1.917,1.3407
0.0111,-0.007812,-0.004883,1.311523,0.366516,0.139832,-0.26535,2.775327058221992,-1.466798241286983,0.057229079242297906,0.2845482355712603,-0.2898701161222929,85.53046486937859,2.237,-1.917,1.3407
0.0123,0.002441,0.002686,1.305664,0.213928,-0.226379,-0.326385,2.7753213529909724,-1.4667979273835123,0.057236344175704536,0.2885383967200404,-0.29976297943178887,85.52630590732902,2.237,-1.917,1.3407
0.0122,0.007324,0.001709,1.315918,0.702209,0.841736,-0.051727,2.7753131686029984,-1.466799337497988,0.057244862863564165,0.29773983115158614,-0.2994196906114213,85.52567567149812,2.237,-1.917,1.3407
0.0121,-0.009766,-0.011719,1.308838,0.702209,0.170349,-0.082245,2.775309380207851,-1.4668113515187386,0.057236024825070356,0.2989263430588832,-0.2972559203400631,85.52549540923485,2.237,-1.917,1.3407
0.0124,0.001465,-0.001221,1.328613,0.580139,0.322937,-0.26535,2.7753036600358403,-1.4668144272231802,0.05723949602777196,0.3049460618258283,-0.29962308700147744,85.52234359043513,2.237,-1.917,1.3407
0.0111,0.003906,0.002197,1.299316,0.671692,0.261902,0.100861,2.77529770937269,-1.4668144603517435,0.057246498402948445,0.3132031092046192,-0.3047162503176294,85.52337044386671,2.237,-1.917,1.3407
0.0124,-0.012695,-0.004395,1.323975,0.427551,0.506042,0.467072,2.7752976792436166,-1.4668194071474687,0.05724146275391585,0.3153240692481751,-0.2966333881903092,85.52955582670421,2.237,-1.917,1.3407
0.0121,0.0,-0.000488,1.3125,0.488586,0.139832,0.222931,2.775293210125355,-1.4668216041462454,0.057244605546808866,0.32032776208673813,-0.3005815392129491,85.53233973924904,2.237,-1.917,1.3407
0.012,0.004883,0.018311,1.311768,0.244446,0.383972,0.406036,2.7752914522589567,-1.4668060278139858,0.05726227221235005,0.3333095089400421,-0.3044709582963636,85.53607259051478,2.237,-1.917,1.3407
0.0123,-0.009766,-0.004395,1.312012,0.091858,0.292419,-0.051727,2.7752902154159287,-1.4668115744368935,0.05725844040831994,0.33112605870556083,-0.3007291792076961,85.53583748676898,2.237,-1.917,1.3407
0.0117,0.001953,0.010742,1.317627,0.427551,-0.012756,0.009308,2.7752874586374383,-1.4668036756321978,0.05726932434696171,0.34160310538446476,-0.3075419206311238,85.53531856689725,2.237,-1.917,1.3407
0.012,0.00293,0.010254,1.314209,0.397034,0.109314,0.222931,2.775283805161103,-1.466796746153148,0.05728007221290348,0.35145970205288557,-0.31344756314435185,85.53742721233903,2.237,-1.917,1.3407
0.0121,-0.001709,-0.002197,1.313232,0.458069,0.475525,0.74173,2.7752797170120647,-1.4668017284851502,0.057280760703820974,0.35468710645451534,-0.3122367193027176,85.54672210078576,2.237,-1.917,1.3407
0.0119,-0.01001,-0.007568,1.316162,0.549622,0.353455,0.161896,2.775278386876441,-1.4668108693162307,0.05727463377143344,0.35577516346492777,-0.3076751715644983,85.5493147234358,2.237,-1.917,1.3407
0.0118,0.001221,0.004883,1.306641,0.732727,-0.165344,0.161896,2.7752744736284027,-1.4668090191132819,0.057280864941071534,0.3662276171374625,-0.31585872474697874,85.5510038566758,2.237,-1.917,1.3407
0.0123,-0.000244,0.007568,1.306641,0.458069,0.567078,0.283966,2.7752715982747644,-1.466804487218688,0.05728803203615819,0.37515746759038093,-0.31427785080287846,85.55415692643187,2.237,-1.917,1.3407
0.0119,-0.008057,0.005615,1.303955,0.488586,0.383972,0.161896,2.775271469018364,-1.4668011468684894,0.057290746210851735,0.3830473913039022,-0.3105103648823507,85.55586807961599,2.237,-1.917,1.3407
0.0118,-0.004639,0.009521,1.316406,0.488586,0.41449,0.131378,2.77527030104617,-1.4667947726271344,0.05729697281592066,0.3930231782834145,-0.30841148037848387,85.55696491358137,2.237,-1.917,1.3407
0.0121,0.002441,0.012207,1.302246,0.366516,0.231384,0.589142,2.7752664498918103,-1.4667869628261432,0.05730754932582949,0.4032182128980242,-0.31267027651755447,85.5634693332488,2.237,-1.917,1.3407
0.0123,0.003174,0.003174,1.310059,0.335999,0.139832,0.100861,2.775261586359394,-1.4667885090803607,0.05731270449913329,0.40769842484621344,-0.3182851561305434,85.56473923605381,2.237,-1.917,1.3407
0.0121,-0.005615,0.003906,1.308594,0.641174,0.200867,0.009308,2.7752601908649988,-1.4667879571449187,0.05731479682795399,0.41615988543274407,-0.3179965252136712,85.56480176317979,2.237,-1.917,1.3407
0.0118,0.000977,0.008057,1.31543,0.366516,-0.134827,-0.082245,2.7752562377567043,-1.4667846857694067,0.057321604946688774,0.42353239620343064,-0.32549116228630137,85.56350356052587,2.237,-1.917,1.3407
0.0118,0.005859,0.011963,1.301025,0.335999,0.53656,-0.570526,2.775250407997222,-1.4667785029975173,0.057332497648325514,0.4328825385779911,-0.32799682274398334,85.55625282651086,2.237,-1.917,1.3407
0.0122,-0.005371,-0.000732,1.324219,0.397034,0.170349,-0.14328,2.7752489194183845,-1.4667831785656182,0.057331617143670174,0.43546456647178067,-0.3280175750656572,85.55483128037417,2.237,-1.917,1.3407
0.012,-0.003418,0.006836,1.327881,0.152893,0.170349,-0.204315,2.7752467580903586,-1.4667806832434818,0.057335630992221914,0.43940558594674634,-0.3291768881638382,85.55217043032974,2.237,-1.917,1.3407
0.0114,-0.001221,0.006836,1.294922,0.488586,0.475525,0.131378,2.7752436379577134,-1.466778577766089,0.057340604578744854,0.4471460751190314,-0.3284751461343283,85.55349438567248,2.237,-1.917,1.3407
0.0122,-0.010986,-0.005371,1.320312,0.519104,0.322937,0.131378,2.775244650067967,-1.4667869219909075,0.05733510645310367,0.4483535003277522,-0.32343460489695514,85.55575532312237,2.237,-1.917,1.3407
0.0124,-0.003418,0.000244,1.314453,0.335999,0.261902,-0.082245,2.775242826454712,-1.466790996643119,0.057335410372869045,0.4506858352594647,-0.3235291409392745,85.55502118065725,2.237,-1.917,1.3407
0.012,0.0,0.013672,1.309814,0.641174,0.200867,0.070343,2.7752391603218873,-1.4667825469599234,0.05734410004594755,0.4643349678393852,-0.3264853335308955,85.55519638511525,2.237,-1.917,1.3407
0.0121,-0.009033,0.005127,1.312744,0.458069,0.292419,-0.112762,2.775239009361862,-1.4667811752071274,0.05734489136237784,0.4707174695130425,-0.32299049528052987,85.55375803813912,2.237,-1.917,1.3407
0.0112,-0.008301,-0.003418,1.313965,0.488586,0.048279,-0.051727,2.7752395087789243,-1.4667882330444404,0.05734136435698555,0.47197866292464014,-0.32292787805196127,85.55370663390727,2.237,-1.917,1.3407
0.0126,0.006836,0.00293,1.304199,0.580139,0.292419,0.222931,2.775234689075916,-1.4667916561814547,0.057346348512275214,0.47875378692333587,-0.32869415528037005,85.5566984927964,2.237,-1.917,1.3407
0.012,0.00708,0.003906,1.309082,0.458069,0.261902,0.192413,2.775229714083798,-1.4667942523853401,0.057351741682836736,0.48422081380073284,-0.3350267179806774,85.55912302196782,2.237,-1.917,1.3407
0.012,-0.004395,0.001465,1.3125,0.488586,0.170349,0.192413,2.7752285981854974,-1.466797557526543,0.05735191998676708,0.48855662265675687,-0.33565716493118697,85.56166748889633,2.237,-1.917,1.3407
0.0123,-0.00708,0.004395,1.309814,0.458069,-0.073792,0.100861,2.775227983613249,-1.4667975643759783,0.05735265579636902,0.49434715127107254,-0.3376370326939967,85.56288848543456,2.237,-1.917,1.3407
0.0112,0.002686,0.012451,1.302979,0.549622,0.170349,-0.02121,2.7752230724648173,-1.4667912705158515,0.05736060122480843,0.5053567131473855,-0.3425490030069182,85.56211061017237,2.237,-1.917,1.3407
0.0123,-0.007812,0.0,1.316406,0.335999,0.109314,0.039825,2.775223486393761,-1.46679578471527,0.05735872508767909,0.5069090612472757,-0.3417733038615664,85.56294939997935,2.237,-1.917,1.3407
0.0122,-0.003418,0.00708,1.320801,0.458069,0.139832,0.131378,2.7752213790011093,-1.466794180343999,0.057361657185860636,0.5139719697946358,-0.34318934899689685,85.56440804656154,2.237,-1.917,1.3407
0.012,0.003174,0.003174,1.298096,0.671692,0.170349,0.375519,2.775217913115982,-1.4667975078153879,0.05736480758896269,0.5212063430393269,-0.34828366425466273,85.56910511516494,2.237,-1.917,1.3407
0.0117,-0.008301,-0.00415,1.304199,0.488586,0.65863,0.406036,2.775219602477559,-1.466806222256994,0.05736073318787319,0.5217273329200848,-0.34094401132396995,85.57459453113336,2.237,-1.917,1.3407
0.0121,-0.000977,0.010742,1.302734,0.763245,-0.226379,0.100861,2.7752159735372417,-1.4668014706917887,0.05736602610597512,0.5344909750279766,-0.3482873365709524,85.57537058697446,2.237,-1.917,1.3407
0.012,0.005615,0.009766,1.310059,0.519104,0.322937,0.131378,2.775210721638919,-1.4667989489891362,0.057372659031559144,0.5435231304805405,-0.3528136712716122,85.57669363606935,2.237,-1.917,1.3407
0.0119,-0.011719,-0.002686,1.299072,0.397034,0.383972,0.039825,2.775213542914919,-1.4668060386946122,0.057368151385814525,0.5437198646228111,-0.34649545923384373,85.57778437388227,2.237,-1.917,1.3407
0.0125,-0.003662,0.004883,1.327881,0.458069,0.078796,-0.051727,2.775212351153862,-1.4668070084745783,0.0573694572717653,0.5492457306434431,-0.34837992999758716,85.5771938435631,2.237,-1.917,1.3407
0.0113,0.007324,0.008057,1.304199,0.244446,0.506042,0.467072,2.775207658856458,-1.4668061406693904,0.057375584578673804,0.5537058023641167,-0.3521670962862583,85.58236837805318,2.237,-1.917,1.3407
0.0122,-0.004639,-0.002441,1.312256,0.335999,0.139832,0.039825,2.7752086816206756,-1.4668141935429313,0.057373282411024656,0.5533087231939678,-0.35279575878409036,85.58347835257993,2.237,-1.917,1.3407
0.0122,-0.005371,-0.001709,1.310791,0.488586,0.109314,-0.14328,2.7752097992286666,-1.4668213446068559,0.057371106781252304,0.555198896320759,-0.35334505935078314,85.58228744852202,2.237,-1.917,1.3407
0.0125,0.005371,0.015137,1.306396,0.793762,0.292419,-0.173798,2.775203860011848,-1.466813125123021,0.057379454847729945,0.5708646328525222,-0.3578971389083004,85.57943176855369,2.237,-1.917,1.3407
0.0113,-0.003662,0.003174,1.313232,0.397034,-0.012756,0.070343,2.7752034077824943,-1.4668160437777717,0.0573797664483568,0.5739393057660317,-0.36086361529628724,85.5804289874057,2.237,-1.917,1.3407
0.0121,-0.009277,-0.005371,1.311523,0.610657,0.322937,-0.14328,2.77520711672729,-1.4668266593537893,0.05737478828068253,0.574892599624027,-0.35650101166220255,85.57958404787448,2.237,-1.917,1.3407
0.0126,0.003662,0.009277,1.29834,0.580139,0.231384,0.161896,2.7752034284190192,-1.4668239782128567,0.05737981344492376,0.5843602028450159,-0.3608609275037368,85.58138365920526,2.237,-1.917,1.3407
0.0112,0.002686,0.001465,1.32373,0.366516,0.322937,0.375519,2.7752026903449045,-1.466829083565253,0.05738097653864126,0.5858725213930414,-0.3637219408527799,85.5859844572424,2.237,-1.917,1.3407
0.0121,-0.001221,-0.003906,1.300293,0.488586,0.200867,0.222931,2.7752045176332962,-1.466839120535487,0.05737888395702712,0.5860721170711256,-0.36560006695281067,85.5894770227586,2.237,-1.917,1.3407
0.0123,0.001953,0.01001,1.306396,0.213928,0.475525,0.161896,2.7752014553201927,-1.4668352507980185,0.05738345428829697,0.5911703050155087,-0.3658890747692701,85.59118468704239,2.237,-1.917,1.3407
0.0122,-0.001953,0.007812,1.315674,0.427551,-0.226379,0.039825,2.7751996518814077,-1.4668337692365474,0.057385875393903524,0.5974452266654784,-0.3723424425656566,85.59149764635285,2.237,-1.917,1.3407
0.0114,-0.010498,-0.000732,1.323486,0.305481,0.322937,0.039825,2.775202304823263,-1.4668404333283087,0.057382538546723774,0.5969605531317922,-0.36737122942371464,85.59253064216084,2.237,-1.917,1.3407
0.0124,-0.008789,-0.004639,1.306152,0.519104,0.017761,0.161896,2.7752061029681387,-1.4668508513671188,0.05737813633108578,0.5971347694681276,-0.36692676101667443,85.59537904705796,2.237,-1.917,1.3407
0.0121,0.008301,0.008301,1.305176,0.213928,0.445007,0.161896,2.7752031288374615,-1.466848486126764,0.05738340120455261,0.6010820187954325,-0.37138931010139187,85.59716322349728,2.237,-1.917,1.3407
0.0121,-0.010742,0.002441,1.31958,0.488586,-0.104309,0.100861,2.775204801031992,-1.4668521626364643,0.05738129057141228,0.6048018788002886,-0.3711925390538273,85.59867286789616,2.237,-1.917,1.3407
0.0122,-0.006104,0.002197,1.310059,0.580139,0.322937,-0.051727,2.7752059812342784,-1.4668560162945525,0.05738029435831961,0.6095350661585179,-0.3685569392532503,85.5983899838963,2.237,-1.917,1.3407
0.0114,-0.004639,0.008301,1.303711,0.122375,0.017761,0.161896,2.7752047367731665,-1.4668538744751396,0.05738205891233708,0.6121812360327168,-0.3705548532582161,85.60005619007259,2.237,-1.917,1.3407
0.0121,-0.001709,0.009277,1.308838,0.335999,0.383972,-0.082245,2.775202884084309,-1.4668509096271072,0.05738484573247964,0.6180006183631496,-0.36979251286239795,85.59885704989438,2.237,-1.917,1.3407
0.012,-0.008545,-0.002686,1.312744,0.580139,-0.287415,0.039825,2.775206476405567,-1.4668595668556286,0.05738132766424541,0.6196250165495267,-0.3730620724208489,85.60000513869186,2.237,-1.917,1.3407
0.0124,-0.001709,0.001709,1.31543,0.335999,0.628113,0.131378,2.7752077353032667,-1.4668637435029857,0.05738116033131627,0.6210086811328532,-0.3691568685744938,85.60205160457032,2.237,-1.917,1.3407
0.0116,0.00415,0.00293,1.30542,0.366516,0.445007,0.161896,2.7752082275818126,-1.4668663090431957,0.05738289133046038,0.6232067079353854,-0.3713796397569044,85.6041862254938,2.237,-1.917,1.3407
0.0122,-0.012939,0.0,1.323242,0.580139,0.048279,0.070343,2.7752111574978184,-1.466872876542285,0.057379380510501066,0.6264307083741043,-0.3680723952466667,85.605590899381,2.237,-1.917,1.3407
0.012,-0.004883,0.005371,1.311768,0.335999,-0.287415,0.161896,2.775211386799411,-1.466873725285287,0.05737974177022831,0.6297556141458721,-0.3735120840671464,85.60756361818746,2.237,-1.917,1.3407
0.0115,0.004395,0.005127,1.305176,0.702209,0.628113,-0.295868,2.7752114461557937,-1.4668739844994343,0.057382175685685564,0.6369682133803473,-0.3737330539653892,85.60426464783845,2.237,-1.917,1.3407
0.0123,-0.003906,-0.000488,1.30249,0.305481,-0.043274,0.222931,2.775214165086732,-1.4668803381762519,0.0573806388679442,0.636509823292585,-0.3768515238682581,85.60752393948785,2.237,-1.917,1.3407
0.0122,-0.000977,0.001221,1.314453,0.335999,0.261902,0.070343,2.7752161436093625,-1.4668847297403302,0.057380343571726514,0.6373767818658294,-0.3778735782818891,85.60878295905124,2.237,-1.917,1.3407
0.0121,0.000977,0.003662,1.308594,0.183411,0.292419,-0.112762,2.775217108374472,-1.4668864602092786,0.05738136293530659,0.6378303049957291,-0.37969901713993653,85.60760798590555,2.237,-1.917,1.3407
0.0116,0.004883,0.005371,1.306152,0.702209,0.475525,0.039825,2.775217552612289,-1.4668860324594764,0.057383803363649885,0.6451420851715203,-0.3818659214823572,85.60811383462234,2.237,-1.917,1.3407
0.0123,-0.008057,-0.00415,1.298584,0.519104,0.139832,-0.051727,2.7752221166318978,-1.4668966843490325,0.05738008069514853,0.6450706641650598,-0.3802104627525833,85.60837328133042,2.237,-1.917,1.3407
0.0122,0.009521,0.010742,1.307861,0.488586,0.170349,0.131378,2.7752206339262324,-1.466890073539738,0.057385228733348496,0.6532693405961989,-0.38848677455096486,85.60949006673336,2.237,-1.917,1.3407
0.012,0.00293,0.010254,1.301514,0.488586,0.292419,-0.14328,2.7752192041620063,-1.4668851771611173,0.05738870737507877,0.6610652205861457,-0.39142285362189694,85.60742572503412,2.237,-1.917,1.3407
0.0121,-0.001953,-0.003174,1.314697,0.213928,-0.012756,0.314484,2.7752233072381705,-1.4668946161448913,0.05738658276932289,0.657602892700163,-0.3950742722080766,85.6120100918774,2.237,-1.917,1.3407
0.0122,-0.001953,0.003906,1.306152,0.397034,0.292419,-0.14328,2.775224593872938,-1.466896794130673,0.05738681432470831,0.660596996561904,-0.39499088173646957,85.61049253814154,2.237,-1.917,1.3407
0.0112,0.00708,0.010742,1.311523,0.671692,0.41449,0.009308,2.775223357281884,-1.466890662947603,0.057391070245816876,0.6701624151267178,-0.3990886397416828,85.61018019018292,2.237,-1.917,1.3407
0.0121,-0.010498,-0.008301,1.307861,0.335999,0.322937,0.161896,2.775229810110919,-1.4669069519607414,0.05738555358024309,0.6650930065868903,-0.39366489672520955,85.61351537125297,2.237,-1.917,1.3407
0.0122,-0.011719,-0.001221,1.316406,0.549622,0.017761,-0.02121,2.7752332739357377,-1.4669162124694994,0.057382083836310945,0.6668263184042664,-0.3911972661661523,85.61401055350008,2.237,-1.917,1.3407
0.0124,0.003906,0.016602,1.299072,0.732727,-0.073792,-0.051727,2.7752296079432064,-1.46690441107759,0.057387437587467185,0.681416656096371,-0.39908871157402004,85.61241915347975,2.237,-1.917,1.3407
0.0113,-0.001465,0.003174,1.314697,0.488586,0.261902,0.161896,2.7752318400511395,-1.4669074197151988,0.057387345764567346,0.6843534874907655,-0.3998361208085749,85.61455477898107,2.237,-1.917,1.3407
0.012,-0.012451,0.000244,1.303711,0.335999,0.261902,-0.082245,2.775234996767702,-1.4669155191390515,0.057384201750942936,0.6841266682555094,-0.3939903779589786,85.6142655374748,2.237,-1.917,1.3407
0.0122,0.006104,0.009277,1.314941,0.397034,0.109314,0.253448,2.7752351138914655,-1.4669106989028504,0.057387424710887064,0.6899019572924836,-0.4008102833596495,85.6170276221493,2.237,-1.917,1.3407
0.0123,0.00415,0.003418,1.306641,0.397034,0.322937,0.375519,2.775237828006568,-1.466912063044364,0.057388488936717275,0.6922696278638134,-0.40390677186818746,85.6218574816948,2.237,-1.917,1.3407
0.0119,-0.006348,0.002686,1.317871,0.397034,0.506042,0.283966,2.7752402741021918,-1.4669167299042392,0.05738725510502997,0.693998514880191,-0.3987443300023775,85.62570524051733,2.237,-1.917,1.3407
0.0122,-0.005127,0.007324,1.313232,0.305481,0.078796,0.100861,2.775240707589767,-1.4669164966848813,0.057387627055185755,0.6974521413735361,-0.399345520607622,85.62694060832798,2.237,-1.917,1.3407
0.0121,0.00415,0.007324,1.306641,0.274963,0.170349,0.222931,2.7752419920089397,-1.4669138658233305,0.05738975862659416,0.7004996166879229,-0.4043264951022113,85.62950212971907,2.237,-1.917,1.3407
0.0112,-0.007324,0.006836,1.304199,0.580139,0.261902,-0.295868,2.775242512529473,-1.4669147559670772,0.0573895487009896,0.7064217632284631,-0.4016144633236464,85.62630141568145,2.237,-1.917,1.3407
0.0123,0.001709,0.001465,1.31543,0.610657,0.017761,0.039825,2.775246586365703,-1.4669186962422445,0.057389411187065364,0.710081876791537,-0.4068719622120846,85.62717528278277,2.237,-1.917,1.3407
0.0125,0.007568,0.010742,1.315186,0.244446,0.383972,0.070343,2.7752469089607255,-1.466911983889801,0.05739292873864979,0.7146827344910452,-0.4109561518678246,85.62763344661857,2.237,-1.917,1.3407
0.0112,-0.005127,-0.000244,1.310059,0.335999,0.383972,0.161896,2.775251086162609,-1.466919649723082,0.05739106690439258,0.7135579992317272,-0.408146505440914,85.6301555509617,2.237,-1.917,1.3407
0.0122,-0.004883,0.003174,1.303955,0.488586,-0.287415,-0.204315,2.775253680009038,-1.4669237602828722,0.05739020231542843,0.7166639573471919,-0.41320763583389913,85.62797925609438,2.237,-1.917,1.3407
0.0126,0.002441,0.011719,1.318115,0.397034,-0.012756,-0.02121,2.775252964503816,-1.4669175944342565,0.05739287842290212,0.7236781913239642,-0.4191180925382749,85.62724480446442,2.237,-1.917,1.3407
0.0112,-0.01123,0.001709,1.305664,0.793762,0.41449,-0.173798,2.77525593543721,-1.4669251107292358,0.057390447185779694,0.728711093544155,-0.4122881356141693,85.62597369136147,2.237,-1.917,1.3407
0.0121,0.002441,0.001465,1.314697,0.427551,-0.073792,-0.26535,2.775260555597542,-1.4669288567076373,0.057390316844488115,0.7298559200437872,-0.41891629404438097,85.62313285615596,2.237,-1.917,1.3407
0.0119,0.005127,-0.000244,1.30542,0.488586,0.109314,0.375519,2.775266331467153,-1.4669333526573634,0.057390210073860456,0.7305945107390263,-0.4250431892397207,85.6280815940273,2.237,-1.917,1.3407
0.0126,-0.001465,-0.001465,1.30957,0.488586,0.383972,0.222931,2.775272028804248,-1.466941148987067,0.057388642079328415,0.7309482062335345,-0.42370919077894265,85.63165460052987,2.237,-1.917,1.3407
0.0121,0.000244,0.001953,1.301025,0.488586,0.475525,0.314484,2.7752764365025047,-1.466944709719487,0.0573882915635193,0.7330696927496535,-0.4225511631621345,85.63589616060993,2.237,-1.917,1.3407
0.012,0.003906,0.009277,1.31543,0.488586,0.322937,0.253448,2.7752779481126204,-1.4669397750662916,0.05739034875084802,0.7393403951935181,-0.4252833655369207,85.63866192881788,2.237,-1.917,1.3407
0.0116,-0.01123,0.000244,1.314209,0.335999,-0.043274,-0.356903,2.775281475905833,-1.4669495536931612,0.057387603219482,0.7384088741789986,-0.42343628879776385,85.63531234313308,2.237,-1.917,1.3407
0.0118,-0.00293,0.007568,1.310791,0.427551,0.231384,-0.387421,2.7752827607625616,-1.4669488096186105,0.057388078050733676,0.7429024057440274,-0.4232454373014442,85.63075193248277,2.237,-1.917,1.3407
0.0121,-0.000244,0.008057,1.310059,0.641174,0.200867,0.100861,2.7752843708490595,-1.4669466557401878,0.057389071600306,0.7502810578563579,-0.42499740176974327,85.63188395964796,2.237,-1.917,1.3407
0.0121,-0.004883,0.001709,1.312012,0.397034,0.200867,0.100861,2.775288526616733,-1.4669525583551553,0.05738773871491687,0.7509519395407895,-0.4240194328344457,85.63366460020869,2.237,-1.917,1.3407
0.0122,-0.008545,-0.00415,1.313965,0.458069,0.322937,-0.082245,2.7752951619484243,-1.46696545621524,0.05738443041740193,0.748993254315612,-0.41939193343445874,85.63381066554275,2.237,-1.917,1.3407
0.0123,0.004883,0.00708,1.302734,0.244446,-0.104309,0.375519,2.775298618334383,-1.4669615390301862,0.057385987956705964,0.7510508940971665,-0.4279627561921055,85.63820603843935,2.237,-1.917,1.3407
0.0113,0.00415,0.004639,1.323242,0.458069,0.078796,0.070343,2.77530308730944,-1.4669607796266686,0.05738671984789453,0.7537469867366818,-0.4336336046199444,85.6390616640924,2.237,-1.917,1.3407
0.012,-0.009277,-0.002686,1.301514,0.427551,0.261902,0.070343,2.775308575401832,-1.466972931251589,0.05738371917347362,0.7521599843807836,-0.4293250094365853,85.64096612216802,2.237,-1.917,1.3407
0.0122,0.004395,0.004639,1.309082,0.519104,0.292419,0.314484,2.775313522144664,-1.4669714058707366,0.057384522036735254,0.756024361920051,-0.43263628762768774,85.64485319696772,2.237,-1.917,1.3407
0.0123,0.004639,-0.003174,1.307861,0.335999,0.139832,0.131378,2.7753224363228046,-1.466977477084073,0.057383546203982165,0.7531263499568199,-0.43786982235208755,85.64714645672478,2.237,-1.917,1.3407
0.0115,-0.003418,0.001709,1.31958,0.702209,0.475525,0.009308,2.775327036242052,-1.4669827538715476,0.05738245710307333,0.756993336079932,-0.4345508816697806,85.64782080376813,2.237,-1.917,1.3407
0.0122,-0.002686,0.000977,1.299805,0.458069,0.261902,0.406036,2.7753323094884452,-1.466988086652797,0.05738136696561435,0.7579480178052194,-0.4341115677517795,85.65333147105713,2.237,-1.917,1.3407
0.0119,0.007324,0.006348,1.304688,0.549622,0.292419,-0.112762,2.7753378334583165,-1.4669826018858882,0.057382925374640785,0.7630155159288328,-0.43914200212768545,85.6517617721321,2.237,-1.917,1.3407
0.0122,-0.00293,0.009277,1.309326,0.641174,-0.195862,-0.234833,2.7753387862648706,-1.4669801743353916,0.057383564482138334,0.7709952908863754,-0.4438830281660853,85.64870909920155,2.237,-1.917,1.3407
0.0124,-0.003662,-0.001221,1.305664,0.335999,0.322937,0.161896,2.775345115466913,-1.4669886021756977,0.05738180730359622,0.7691127139462867,-0.4419064528854716,85.65153877426877,2.237,-1.917,1.3407
0.0121,0.003662,0.003418,1.304443,0.366516,0.139832,0.131378,2.775351106288886,-1.4669881659299624,0.05738211106548806,0.7702401600282904,-0.446530836717553,85.65326012783147,2.237,-1.917,1.3407
0.0121,0.000488,0.005127,1.321289,0.488586,0.41449,-0.02121,2.7753554045091398,-1.466988063232596,0.05738226585043807,0.7737586578479276,-0.44581960428775486,85.65316476232005,2.237,-1.917,1.3407
0.011,-0.013184,-0.00293,1.306641,0.549622,0.170349,0.406036,2.7753598367897254,-1.4670038079569594,0.05737885966919477,0.7726956461330295,-0.4403934580434363,85.65891935476354,2.237,-1.917,1.3407
0.0125,-0.002197,0.00708,1.320557,0.549622,0.322937,0.039825,2.7753626381413237,-1.4670030145804813,0.05737905402424703,0.7782661236331531,-0.4391725763659124,85.65947891394974,2.237,-1.917,1.3407
0.0118,0.002686,0.009521,1.307373,0.580139,0.109314,-0.173798,2.775365787245749,-1.4669967821129308,0.05738042713926529,0.7852694793391775,-0.44357265034080556,85.65706039968818,2.237,-1.917,1.3407
0.012,-0.001953,-0.003418,1.311035,0.244446,0.078796,0.253448,2.775374292023514,-1.4670062098102172,0.05737849731497541,0.7807284065496146,-0.4456075417883565,85.66100934220525,2.237,-1.917,1.3407
0.0125,0.0,0.002441,1.30542,0.427551,0.597595,0.406036,2.775380515071599,-1.4670083341724427,0.057378058720119675,0.7820324506470309,-0.4423706239371148,85.66648908550397,2.237,-1.917,1.3407
0.0113,0.001953,0.008789,1.307129,0.488586,0.353455,0.161896,2.7753841950348366,-1.467002914641834,0.05737913902192426,0.7872301076937115,-0.4436862263364563,85.66805934152381,2.237,-1.917,1.3407
0.0124,-0.010986,0.000488,1.314941,0.244446,-0.34845,0.314484,2.775387456172884,-1.4670143627557521,0.05737684739743977,0.7850224942726908,-0.4456725814113532,85.67282107159903,2.237,-1.917,1.3407
0.0124,-0.014893,-0.000732,1.311035,0.305481,0.353455,0.192413,2.7753898419819816,-1.4670293536657748,0.057373866259746165,0.7828912397130573,-0.43673206127860476,85.67642999231785,2.237,-1.917,1.3407
0.0113,0.004639,0.015869,1.297363,0.519104,0.200867,-0.051727,2.775391026469764,-1.4670148344951979,0.057376678017591366,0.792665116859597,-0.44143363118031165,85.674831662334,2.237,-1.917,1.3407
0.0129,-0.005371,0.001465,1.321045,0.335999,0.078796,0.009308,2.7753960613368345,-1.4670214105641401,0.05737532912565605,0.7922663196886197,-0.4413486729752799,85.67557019521573,2.237,-1.917,1.3407
0.0111,-0.005371,-0.000732,1.304199,0.397034,0.292419,0.253448,2.775402349742187,-1.4670297493276774,0.057373613686935616,0.7906898123422211,-0.4391654665204656,85.6791925201708,2.237,-1.917,1.3407
0.0126,-0.000244,0.003418,1.326904,0.427551,0.322937,0.070343,2.7754085695737603,-1.4670307031592968,0.05737328099120249,0.7924599284541448,-0.4390227300205421,85.68035175114814,2.237,-1.917,1.3407
0.0117,-0.004395,-0.00415,1.306885,0.244446,0.231384,0.283966,2.7754170655127375,-1.4670414122810052,0.05737109109139885,0.7873410259821421,-0.4379635274811035,85.68470385897321,2.237,-1.917,1.3407
0.0118,0.001221,0.000488,1.319336,0.702209,0.017761,0.467072,2.775425601815119,-1.4670435960851205,0.057370422722404335,0.7903145577366294,-0.4426084992932448,85.69058078835559,2.237,-1.917,1.3407
0.0125,-0.005859,0.003662,1.305664,0.488586,0.322937,0.131378,2.7754293136803745,-1.4670480382681321,0.057369517090838346,0.7930136515380715,-0.4393221595285373,85.69269529909191,2.237,-1.917,1.3407
0.0114,0.005859,0.008301,1.317383,0.549622,0.353455,0.131378,2.7754361454176824,-1.4670391776294915,0.05737079789254098,0.7984933065146468,-0.44281822729597925,85.69375325372314,2.237,-1.917,1.3407
0.0125,-0.009033,-0.006836,1.304932,0.397034,0.322937,-0.387421,2.775444213055939,-1.4670560552861176,0.05736764903719198,0.7938784181972676,-0.4375846604692271,85.69040802751175,2.237,-1.917,1.3407
0.0114,0.003174,0.004395,1.311768,0.488586,0.139832,-0.082245,2.775452151083698,-1.4670523893219882,0.05736792723274851,0.7964381709524092,-0.4419636405188169,85.68940808200266,2.237,-1.917,1.3407
0.0123,0.00708,0.006104,1.310547,0.305481,0.506042,-0.173798,2.7754612861217187,-1.4670438502108543,0.057368947562985564,0.7981865019399004,-0.4439874219631475,85.68693920133992,2.237,-1.917,1.3407
0.0123,-0.00708,-0.00293,1.31543,0.549622,-0.073792,-0.051727,2.7754678931326944,-1.4670559524617943,0.05736676627654116,0.797601880684658,-0.444799333009592,85.68734509913966,2.237,-1.917,1.3407
0.0125,-0.008301,0.004883,1.313965,0.305481,-0.256897,-0.051727,2.775469689034891,-1.4670616039181779,0.057365801433645246,0.7986555188079209,-0.44717569303759097,85.68711616775474,2.237,-1.917,1.3407
0.0112,-0.004395,0.004395,1.312012,0.274963,0.139832,0.100861,2.7754737190638967,-1.467064267493006,0.05736520433231629,0.7986814691528215,-0.44710577056859674,85.6885615552469,2.237,-1.917,1.3407
0.012,-0.005127,-0.001953,1.315918,0.427551,0.231384,0.253448,2.77548082780972,-1.4670733343051614,0.05736347056005941,0.7970215482775108,-0.4454226001408565,85.69248468312001,2.237,-1.917,1.3407
0.0126,0.000732,-0.001465,1.316406,0.610657,0.048279,0.222931,2.7754908414955564,-1.4670766695359698,0.05736246438452681,0.7981952402022118,-0.4493013782623011,85.69578893653822,2.237,-1.917,1.3407
0.0115,0.000244,0.002441,1.317139,0.549622,0.261902,0.406036,2.775498536787091,-1.4670768415896414,0.05736204635279971,0.8002524986260005,-0.45049497778867376,85.7006969375998,2.237,-1.917,1.3407
0.0125,0.00415,0.006592,1.304932,0.366516,0.383972,0.070343,2.7755062901219345,-1.467069343411572,0.05736274754469293,0.80306434637123,-0.4522283228346543,85.70127093522036,2.237,-1.917,1.3407
0.0111,-0.003906,0.002197,1.313477,0.458069,-0.012756,0.100861,2.775511808356455,-1.4670737084719654,0.057361849997656415,0.8037470625027971,-0.4540723825219162,85.70284583102391,2.237,-1.917,1.3407
0.0123,0.000244,0.008545,1.310791,0.610657,0.048279,-0.051727,2.7755162684854833,-1.4670683472660424,0.05736238855397379,0.8105432525217809,-0.45757677272226094,85.70192611982488,2.237,-1.917,1.3407
0.012,0.006836,0.010742,1.305176,0.580139,0.139832,-0.082245,2.775523063476976,-1.4670549866878708,0.05736394102832186,0.8180475142469834,-0.46386112962629383,85.70013176341536,2.237,-1.917,1.3407
0.0126,-0.009521,-0.003174,1.304688,0.427551,0.261902,0.131378,2.775528765590428,-1.4670698476521407,0.057361622256491364,0.81574025100997,-0.45894156359777644,85.70307852526312,2.237,-1.917,1.3407
0.0113,0.001221,0.0,1.308594,0.366516,0.017761,0.161896,2.7755384642870196,-1.4670715566734818,0.05736090957449679,0.814084961206868,-0.4634040123681334,85.70527235805118,2.237,-1.917,1.3407
0.0124,0.006104,0.004395,1.311523,0.122375,0.261902,-0.112762,2.775548364498679,-1.467064535152404,0.05736135894963425,0.8124270744505756,-0.46758603777303764,85.70363670660876,2.237,-1.917,1.3407
0.0122,-0.010254,-0.001709,1.301758,0.732727,0.506042,0.009308,2.775552503835356,-1.4670789499566748,0.05735926581362387,0.8145691435942626,-0.45933896975575533,85.70501366120936,2.237,-1.917,1.3407
0.0119,-0.003174,-0.000244,1.318604,0.519104,-0.104309,0.345001,2.7755599602929903,-1.4670849983794956,0.0573580903107804,0.8147546773107182,-0.46264100821355725,85.70973321114052,2.237,-1.917,1.3407
0.012,0.009033,0.000732,1.312012,0.519104,0.200867,0.161896,2.7755741300721937,-1.4670777733136027,0.057358259839396214,0.8155915327360106,-0.46940861399744876,85.71151467996977,2.237,-1.917,1.3407
0.0121,-0.003418,0.002197,1.304199,0.580139,0.353455,0.100861,2.775580141596307,-1.467081792253772,0.057357447878744514,0.8180805331659492,-0.4670371425776782,85.71324248634714,2.237,-1.917,1.3407
0.0121,-0.001465,-0.004395,1.313477,0.641174,0.353455,0.100861,2.7755910717522325,-1.467089941663491,0.05735586901567838,0.8174093474877123,-0.4657803011476761,85.71539825933719,2.237,-1.917,1.3407
0.0114,0.005371,0.006104,1.316162,0.519104,-0.104309,0.009308,2.7756004188968233,-1.467081142156239,0.05735642340371594,0.8210349677200448,-0.47387563031489066,85.71505744716109,2.237,-1.917,1.3407
0.0125,0.005859,0.014893,1.30127,0.488586,0.475525,0.222931,2.7756055650678113,-1.4670631838907735,0.05735828587603529,0.830018622741126,-0.47529242497117363,85.71671171094184,2.237,-1.917,1.3407
0.0114,-0.009521,0.001221,1.307861,0.397034,0.170349,-0.173798,2.775608491764671,-1.4670749494355717,0.057356761915288546,0.8293386195678304,-0.47153991652742466,85.71571020341084,2.237,-1.917,1.3407
0.0122,-0.002441,0.005127,1.324951,0.580139,-0.165344,-0.234833,2.7756136690989446,-1.4670757982824796,0.05735639955865848,0.8334052985012073,-0.47577205072881135,85.71300628155082,2.237,-1.917,1.3407
0.0121,0.002441,0.01001,1.301514,0.427551,0.383972,-0.14328,2.775619328803072,-1.467066450499402,0.05735719343747751,0.8385035278452578,-0.4763776573073071,85.71077918587879,2.237,-1.917,1.3407
0.0123,-0.006348,-0.006104,1.317627,0.305481,0.200867,0.100861,2.7756283304271423,-1.4670818391081573,0.057354991625325376,0.8326691126289976,-0.4739533810626056,85.71342843087739,2.237,-1.917,1.3407
0.0119,0.002441,0.000244,1.304688,0.397034,0.078796,0.039825,2.775639358704899,-1.4670814854345566,0.05735445740026081,0.8315734058091943,-0.47825699744422034,85.71416019207612,2.237,-1.917,1.3407
0.0121,-0.002686,0.007568,1.314941,0.580139,0.475525,0.283966,2.775643252802555,-1.4670799658921123,0.05735442366036066,0.8369668697798615,-0.4747341416016607,85.71766138784534,2.237,-1.917,1.3407
0.012,-0.006104,-0.001221,1.311279,0.610657,0.231384,0.009308,2.7756498921643287,-1.4670903162691147,0.05735294820759656,0.8375338559445008,-0.47217386299436176,85.71875221231925,2.237,-1.917,1.3407
0.0114,-0.009521,-0.000732,1.312744,0.488586,0.200867,0.039825,2.7756540191628543,-1.4671038268917103,0.05735126386792725,0.8366407784984776,-0.46813312887816433,85.72035376325864,2.237,-1.917,1.3407
0.0125,0.002686,0.010254,1.296143,0.488586,0.170349,0.192413,2.7756604899397157,-1.4670929820557623,0.05735207518902067,0.8427761137599474,-0.4715564684873472,85.7221348369606,2.237,-1.917,1.3407
0.0122,0.002197,0.005127,1.321777,0.366516,-0.043274,0.009308,2.775669207064722,-1.4670882715299114,0.05735211237475161,0.8441121721960704,-0.4770587625263026,85.72210139956553,2.237,-1.917,1.3407
0.012,-0.01123,0.001709,1.299561,0.213928,0.475525,-0.234833,2.7756707373150706,-1.4671014921467855,0.05735064402969681,0.8416567385981183,-0.4685632256420351,85.72039797980418,2.237,-1.917,1.3407
0.0112,0.005127,0.008057,1.312988,0.244446,0.139832,0.100861,2.7756801429208044,-1.4670902293174,0.05735131260457946,0.8430264783650936,-0.47380136367791326,85.72093579790656,2.237,-1.917,1.3407
0.0122,-0.002686,0.002686,1.314697,0.488586,0.261902,-0.112762,2.7756870215791447,-1.4670929735200073,0.05735066938474043,0.8444604626479962,-0.47278663119112735,85.71998303472772,2.237,-1.917,1.3407
0.0127,-0.005859,-0.000732,1.301025,0.458069,-0.012756,0.039825,2.775693633193885,-1.4671022634470816,0.05734937421578591,0.8437532242461103,-0.4733445518184099,85.7213479805336,2.237,-1.917,1.3407
0.0119,0.001221,0.002197,1.301025,0.427551,0.53656,0.161896,2.7757038576377777,-1.467100270856877,0.057349024496676046,0.8440431357769533,-0.47159893586411006,85.72347080999289,2.237,-1.917,1.3407
0.0115,-0.000244,0.004883,1.323242,0.519104,-0.043274,0.222931,2.775711319447086,-1.4670981716845304,0.05734883344182023,0.8466838722433231,-0.47568260445702243,85.72605356257779,2.237,-1.917,1.3407
0.0122,-0.006836,0.001221,1.302246,0.610657,0.383972,0.161896,2.775716268709513,-1.4671068057892074,0.05734772606020694,0.8487045245325806,-0.4708578735602566,85.7288700059145,2.237,-1.917,1.3407
0.0115,-0.007568,-0.004639,1.316895,0.427551,0.017761,0.314484,2.7757239415080557,-1.4671214619752058,0.05734588723162079,0.8447542780267095,-0.47006396941841916,85.73378228061496,2.237,-1.917,1.3407
0.0123,0.006836,0.006348,1.304688,0.305481,0.719666,0.039825,2.7757367952874326,-1.4671080659416158,0.05734646455535182,0.8461525105672719,-0.46914596037758916,85.7337108062659,2.237,-1.917,1.3407
0.012,-0.002441,0.006592,1.314453,0.305481,-0.012756,0.161896,2.7757419747289833,-1.4671065557892737,0.05734632828993718,0.8475257520489344,-0.4716850498526357,85.7356657277272,2.237,-1.917,1.3407
0.0122,-0.007324,0.003418,1.314453,0.488586,0.475525,0.039825,2.7757452657122275,-1.4671138157535255,0.05734547217492581,0.8493204609067965,-0.46544710913888904,85.73686636272042,2.237,-1.917,1.3407
0.0118,-0.000244,0.008057,1.302246,0.458069,-0.104309,0.283966,2.7757515708576803,-1.4671079304310435,0.05734568041542601,0.8532921370618247,-0.4704680881075918,85.7399110532461,2.237,-1.917,1.3407
0.012,0.008301,0.012695,1.322021,0.305481,0.078796,0.131378,2.7757616972021575,-1.4670881758306384,0.057346965847563686,0.8580833199894123,-0.47806298320029667,85.74026263782415,2.237,-1.917,1.3407
0.0122,-0.005371,0.002197,1.310303,0.458069,0.322937,0.192413,2.7757671553050804,-1.4670944718089867,0.05734612072247929,0.8586884685321883,-0.47478130169886174,85.74328017695949,2.237,-1.917,1.3407
0.012,-0.000488,0.00708,1.307861,0.488586,0.261902,0.131378,2.775773783342589,-1.4670902466691873,0.05734616494306551,0.8624261663581587,-0.4751733935511997,85.74474980316455,2.237,-1.917,1.3407
0.0118,-0.000244,0.003662,1.314209,0.183411,0.017761,-0.051727,2.7757822853635967,-1.4670890008832675,0.057345849305371926,0.8604648936269118,-0.47853136109699984,85.7442609368905,2.237,-1.917,1.3407
0.0121,0.005859,0.005371,1.307129,0.519104,0.109314,-0.02121,2.7757945342711516,-1.4670786231368167,0.05734615097856912,0.8636209499957832,-0.48437040320313857,85.74354655404053,2.237,-1.917,1.3407
0.0122,-0.007568,-0.004639,1.300537,0.213928,0.353455,0.497589,2.7758017275817806,-1.4670940545167745,0.057344470440360076,0.8572032606023177,-0.47946150257024867,85.75102935210627,2.237,-1.917,1.3407
0.0115,-0.002441,0.00415,1.321533,0.397034,0.261902,0.436554,2.7758081995345747,-1.4670950797236981,0.05734405783161314,0.8578819424352414,-0.478768018342502,85.75633457067865,2.237,-1.917,1.3407
0.0125,-0.002441,0.00293,1.296875,0.580139,0.231384,0.253448,2.7758155574662036,-1.4670967119123772,0.05734355235129095,0.8606022337136279,-0.47831167438811706,85.75985412718138,2.237,-1.917,1.3407
0.0115,-0.01001,-0.002686,1.314453,0.458069,0.109314,0.039825,2.7758198112873713,-1.467113257399716,0.05734195513660735,0.8580340207985385,-0.4749412089682156,85.76169051289068,2.237,-1.917,1.3407
0.0122,-0.001221,0.005127,1.303955,0.366516,0.383972,-0.173798,2.7758271854915217,-1.467110983466916,0.05734176494412046,0.8593093540313635,-0.4733460939346674,85.75965348436767,2.237,-1.917,1.3407
0.0119,-0.000977,0.004395,1.314697,0.427551,-0.012756,0.009308,2.7758350277931787,-1.4671093505509392,0.05734149866904079,0.8606923750298036,-0.4766618751233421,85.75983556622107,2.237,-1.917,1.3407
0.0126,-0.010254,-0.001709,1.312012,0.458069,0.506042,-0.082245,2.775838561097859,-1.4671250737343,0.057340038394809216,0.8591953112208677,-0.4680816305555575,85.76017587253811,2.237,-1.917,1.3407
0.012,0.003906,0.004639,1.302246,0.244446,0.017761,0.314484,2.7758507465503075,-1.467115906725872,0.05734014833133789,0.8586094491658228,-0.4740919412179011,85.76356409076843,2.237,-1.917,1.3407
0.0121,-0.000488,0.009033,1.314697,0.488586,0.109314,-0.082245,2.775856664354642,-1.4671094323089584,0.05734036329115583,0.8635157810552148,-0.4762122471583385,85.76224699530985,2.237,-1.917,1.3407
0.0112,-0.001709,-0.003906,1.303711,0.458069,0.200867,0.192413,2.7758685085953863,-1.4671156145901965,0.057339283198469496,0.8600658988852249,-0.47679177265589984,85.7652044146922,2.237,-1.917,1.3407
0.0122,-0.003662,0.000244,1.311523,0.335999,0.383972,0.222931,2.7758763620089004,-1.4671208048844337,0.05733848240517804,0.858035841520717,-0.4737818770065468,85.76858729426817,2.237,-1.917,1.3407
0.0122,0.003662,0.000488,1.30542,0.702209,0.017761,-0.02121,2.7758906105981414,-1.4671154852392092,0.057338171026777136,0.860629991794993,-0.4794968972349369,85.7682886299647,2.237,-1.917,1.3407
0.0121,0.004395,0.005371,1.31665,0.549622,0.322937,0.161896,2.77590282986853,-1.467105261230157,0.05733833441756322,0.8640876816694953,-0.4818667480548918,85.76983921192996,2.237,-1.917,1.3407
0.0117,-0.000977,0.0,1.2854,0.305481,0.445007,0.070343,2.7759133064840538,-1.4671067204021695,0.05733771673442876,0.8614264176363177,-0.47998741989619187,85.77111796251737,2.237,-1.917,1.3407
0.0124,-0.00293,0.008301,1.331787,0.335999,0.139832,0.039825,2.7759175092178094,-1.4671044934545345,0.05733767554322836,0.8640412366492681,-0.4801518239925767,85.7715754476094,2.237,-1.917,1.3407
0.0121,0.000977,0.003906,1.300537,0.641174,0.109314,0.009308,2.7759276467420504,-1.4671000399966985,0.05733751316271647,0.8677849751713301,-0.483177318589826,85.77162737175142,2.237,-1.917,1.3407
0.0121,-0.01123,-0.003906,1.315918,0.549622,0.078796,0.070343,2.775931045276618,-1.4671199641905162,0.05733592625868641,0.8657870190455287,-0.47934766037341514,85.77409626884302,2.237,-1.917,1.3407
0.0114,0.001953,0.004395,1.301758,0.549622,0.200867,-0.112762,2.775942052274544,-1.4671132708936254,0.05733586795902778,0.8683330242242115,-0.48196347749385887,85.77261651281748,2.237,-1.917,1.3407
0.0147,0.004639,0.009033,1.314209,0.152893,-0.073792,0.192413,2.775952617884119,-1.4670993064559672,0.05733633990335889,0.8694807878809296,-0.4894518744906226,85.77463485683091,2.237,-1.917,1.3407
0.0093,-0.006836,0.006348,1.307373,0.397034,0.53656,-0.051727,2.7759544009301833,-1.467104067479172,0.05733592619793204,0.870546971968978,-0.48412625817303756,85.7746385053159,2.237,-1.917,1.3407
0.0121,-0.001709,-0.001465,1.314941,0.519104,0.139832,0.070343,2.7759649002909716,-1.4671082749073683,0.05733514480004587,0.869576763633622,-0.48509340664395834,85.77610558065388,2.237,-1.917,1.3407
0.0124,-0.000244,0.005127,1.313232,0.488586,0.292419,0.589142,2.7759733726010416,-1.4671045435921481,0.05733500252445581,0.8721787417462405,-0.4850989834230805,85.78339835752628,2.237,-1.917,1.3407
0.0114,-0.00293,0.003906,1.306152,0.427551,0.292419,0.253448,2.7759800969509163,-1.4671056342980553,0.0573346181568774,0.872938069348338,-0.4837985221512012,85.78659427976696,2.237,-1.917,1.3407
0.0122,-0.004883,0.010742,1.312744,0.671692,0.41449,0.345001,2.7759816048139854,-1.4671037770156228,0.057334673207065104,0.8809161409786882,-0.4796546107082025,85.79077722107729,2.237,-1.917,1.3407
0.0124,0.003418,0.003662,1.313965,0.519104,0.231384,0.222931,2.775994718582431,-1.4670958982640883,0.05733460639013522,0.882958710027082,-0.4825246637526777,85.79331997505193,2.237,-1.917,1.3407
0.012,-0.009033,0.001465,1.310303,0.610657,0.200867,0.100861,2.775997542743523,-1.4671080298015955,0.057333691005130055,0.8846020045293126,-0.4785560321401938,85.79556617396177,2.237,-1.917,1.3407
0.0123,0.012207,0.011475,1.296875,0.458069,0.261902,-0.26535,2.776015084209377,-1.4670798763459536,0.05733473820339944,0.8905343445676661,-0.48632272582425606,85.79065133620496,2.237,-1.917,1.3407
0.0117,0.007568,0.009521,1.318359,0.335999,0.139832,-0.051727,2.7760285948535053,-1.4670616569119792,0.0573353207230188,0.8934080935086325,-0.49266193347968734,85.7890268292225,2.237,-1.917,1.3407
0.0121,-0.010742,-0.003174,1.30127,0.335999,0.292419,0.070343,2.7760321228777367,-1.4670809404444387,0.05733397381890938,0.8890148201779311,-0.48648522576335657,85.79149890001524,2.237,-1.917,1.3407
0.0121,-0.001221,0.002686,1.312256,0.671692,-0.165344,0.039825,2.7760413281218845,-1.4670811045112861,0.05733357594932132,0.8921006769495624,-0.49137821249665564,85.79220000246585,2.237,-1.917,1.3407
0.0113,0.004639,0.00708,1.299561,0.183411,-0.043274,0.131378,2.776053403191841,-1.4670686288903714,0.057333830355059325,0.8917862806660526,-0.49825915372772367,85.79303513091163,2.237,-1.917,1.3407
0.0123,0.002197,0.002686,1.321777,0.366516,0.261902,0.192413,2.7760652551915657,-1.4670643691547645,0.05733359927751874,0.8912184256073156,-0.49980894330464143,85.79543401085498,2.237,-1.917,1.3407
0.0121,-0.012939,-0.009521,1.299316,0.458069,0.292419,0.192413,2.776069762605038,-1.4670928469662434,0.05733172337731029,0.8845675896551513,-0.49229219274391783,85.80011669297767,2.237,-1.917,1.3407
0.012,0.006592,0.0,1.312012,0.549622,0.41449,0.222931,2.7760878059631215,-1.4670829966868484,0.057331546074195945,0.8846067396152564,-0.49480974985194615,85.8025826448184,2.237,-1.917,1.3407
0.0122,0.006104,0.005371,1.303711,0.549622,0.506042,0.528107,2.776102773899502,-1.4670689936381782,0.05733174214111345,0.8878864789234541,-0.4959672315385685,85.8084360407695,2.237,-1.917,1.3407
0.0112,-0.002686,-0.003418,1.313477,0.549622,0.353455,0.314484,2.7761135037905498,-1.4670767999594239,0.05733086683254087,0.8854617872992485,-0.49404760415570653,85.81289809187263,2.237,-1.917,1.3407
0.0123,-0.00415,0.002686,1.315186,0.458069,0.078796,0.131378,2.7761196563976513,-1.467081387675344,0.05733035931328868,0.8861023001896363,-0.4942175561416172,85.81504183919454,2.237,-1.917,1.3407
0.0121,0.002686,0.014404,1.313721,0.335999,0.078796,0.070343,2.7761266319058384,-1.467064915233956,0.057330997210162826,0.8920103597297349,-0.49837311861455286,85.81482468700644,2.237,-1.917,1.3407
0.0121,-0.010742,0.000732,1.321533,0.366516,0.261902,0.070343,2.7761274078443563,-1.4670815772798025,0.05733004506606607,0.8902477391612467,-0.4924663718594349,85.81702571693933,2.237,-1.917,1.3407
0.0123,-0.013916,0.00293,1.314209,0.427551,0.017761,0.070343,2.77612407121525,-1.4671009229666272,0.05732911031240727,0.8906114776671062,-0.48770546583580165,85.81929365484147,2.237,-1.917,1.3407
0.0113,0.008057,0.010498,1.302002,0.519104,0.322937,0.131378,2.776138910276738,-1.467078761953706,0.05732973478965204,0.8960594013028242,-0.492510899331927,85.81951904003238,2.237,-1.917,1.3407
0.0124,0.006104,0.006592,1.319824,0.397034,0.078796,0.253448,2.7761532669648146,-1.4670641264167894,0.05732996630112871,0.898121674206107,-0.498629651713303,85.82192766725079,2.237,-1.917,1.3407
0.0122,-0.009766,-0.000244,1.319092,0.488586,0.170349,-0.082245,2.776155687497443,-1.4670800387146836,0.05732902594804849,0.8972604331644384,-0.4943403066383512,85.8222448982595,2.237,-1.917,1.3407
0.0122,-0.003418,0.005371,1.308594,0.580139,0.109314,0.100861,2.776161555448754,-1.4670808812230605,0.05732875399381407,0.9007960291495947,-0.4946013918020701,85.82371521145723,2.237,-1.917,1.3407
0.0115,0.004395,0.007324,1.313721,0.397034,0.200867,0.222931,2.7761740860104087,-1.4670679481122564,0.057328952444990436,0.902916147442925,-0.498431566843904,85.8256487984106,2.237,-1.917,1.3407
0.0121,-0.001221,0.000244,1.314209,0.580139,-0.012756,0.314484,2.7761847242827766,-1.4670700752804242,0.05732844276583752,0.9033112560584721,-0.5014109431821239,85.8298956442408,2.237,-1.917,1.3407
0.0116,-0.008545,-0.001465,1.301758,0.763245,0.567078,-0.051727,2.7761893847410146,-1.4670847999727978,0.0573275182510482,0.9045812406773781,-0.49340500405504095,85.83065639469,2.237,-1.917,1.3407
0.0119,0.005127,0.009521,1.308105,0.244446,0.231384,0.009308,2.7762018859531703,-1.4670682926353915,0.05732788601023467,0.9063569913305374,-0.4972413747392629,85.82986750045397,2.237,-1.917,1.3407
0.0129,0.000244,0.007812,1.30957,0.580139,0.200867,-0.082245,2.776210280251714,-1.4670613947516307,0.05732792386905614,0.9116411301235576,-0.49832589233376834,85.82853727540122,2.237,-1.917,1.3407
0.0118,-0.003662,0.004639,1.301514,0.305481,-0.287415,0.222931,2.7762163100352124,-1.4670634762814316,0.057327602371576226,0.9111820970120902,-0.503135688990736,85.83143387111795,2.237,-1.917,1.3407
0.0114,0.006836,0.00415,1.30249,0.397034,0.322937,-0.051727,2.7762330921052665,-1.4670491740694085,0.05732769796056523,0.9113842639412546,-0.5069954185128555,85.83024394298073,2.237,-1.917,1.3407
0.0123,0.006592,0.006836,1.308594,0.580139,0.048279,0.161896,2.7762478300467035,-1.4670335726444925,0.05732792754352652,0.9156855217146117,-0.5137125277651963,85.83143192087485,2.237,-1.917,1.3407
0.0123,-0.006836,0.00293,1.312744,0.488586,0.41449,0.222931,2.7762514933402485,-1.4670428328158427,0.057327366045616036,0.9165186318175029,-0.5080584877503498,85.8350682607005,2.237,-1.917,1.3407
0.0119,-0.005859,-0.001465,1.309326,0.335999,0.322937,-0.02121,2.776258526441249,-1.4670539708820294,0.05732660089446212,0.91282769142718,-0.5042407534260941,85.83592521902041,2.237,-1.917,1.3407
0.0123,0.001221,0.001709,1.310547,0.549622,0.628113,0.070343,2.776271336704093,-1.4670505783190588,0.057326318150232806,0.9137469979521785,-0.5007657195022203,85.83699152204836,2.237,-1.917,1.3407
0.0111,-0.006592,0.000977,1.313965,0.335999,0.445007,0.161896,2.7762763428848016,-1.4670605613437606,0.057325685993515285,0.9112206478910034,-0.49552639267837517,85.83977218639998,2.237,-1.917,1.3407
0.0123,-0.000977,0.000977,1.310791,0.519104,0.292419,0.406036,2.776287448346005,-1.467060955093517,0.0573252871437124,0.9113285632363524,-0.4950056288240701,85.84514844973634,2.237,-1.917,1.3407
0.0126,0.013184,0.013184,1.297852,0.549622,0.261902,-0.082245,2.7763074705718043,-1.4670269761933812,0.057326146732962824,0.9192421596096797,-0.5031140832770048,85.8420668664482,2.237,-1.917,1.3407
0.0112,-0.007568,0.009033,1.314697,0.580139,0.017761,-0.173798,2.77630723622819,-1.4670321433237503,0.05732592629892048,0.9241053784716581,-0.5019117808570942,85.84051749031562,2.237,-1.917,1.3407
0.0125,-0.008545,-0.001465,1.306152,0.335999,0.109314,-0.051727,2.7763117186866073,-1.4670475309699065,0.057325103568475526,0.9205422039716422,-0.4990425971008641,85.84120404194654,2.237,-1.917,1.3407
0.0116,0.009033,0.005615,1.301514,0.458069,0.078796,0.131378,2.7763309213106417,-1.4670275291643904,0.05732535048989532,0.9222723139423995,-0.5070165628357137,85.84170554874672,2.237,-1.917,1.3407
0.0124,0.000732,0.007324,1.315918,0.519104,0.445007,0.039825,2.7763402798372088,-1.4670205268906709,0.057325354342859035,0.9260240846773888,-0.5053665687679938,85.841995848165,2.237,-1.917,1.3407
0.0124,-0.009277,-0.009033,1.306885,0.152893,0.353455,0.131378,2.7763476106114875,-1.4670438729815771,0.05732413093538068,0.9157067029128283,-0.4990814332717699,85.84570249466016,2.237,-1.917,1.3407
0.0114,0.009521,0.002686,1.297119,0.488586,0.383972,0.161896,2.776369447042277,-1.4670245758852711,0.05732424773169192,0.9160331465783949,-0.503971388112487,85.84670512776026,2.237,-1.917,1.3407
0.0119,0.005615,0.006348,1.321533,0.549622,-0.134827,0.283966,2.7763842537340735,-1.4670102208139568,0.0573243766351217,0.9193381315734318,-0.5122283760867468,85.84934206740564,2.237,-1.917,1.3407
0.0124,-0.007812,-0.000732,1.303223,0.366516,0.567078,0.039825,2.7763883726992327,-1.4670244494639262,0.05732367166580493,0.9165884057599919,-0.5041023609742631,85.8511653547865,2.237,-1.917,1.3407
0.0114,-0.003174,0.004395,1.326416,0.580139,0.109314,0.161896,2.7763949529129754,-1.4670264521598657,0.057323387684209026,0.918823118537234,-0.5044066449896676,85.85336362515095,2.237,-1.917,1.3407
0.0122,0.005127,0.006348,1.311523,0.549622,0.628113,0.100861,2.7764101064426927,-1.4670119289258803,0.05732351021578333,0.9223286206832794,-0.5032616092226658,85.85399544420285,2.237,-1.917,1.3407
0.0125,-0.007812,-0.001221,1.314697,0.458069,0.200867,0.345001,2.776414635139157,-1.4670265116600316,0.05732279966575851,0.9203784277038084,-0.49972680037905093,85.85960388003426,2.237,-1.917,1.3407
0.0123,-0.001221,0.004883,1.302979,0.397034,0.383972,-0.051727,2.776423654604053,-1.4670237878722334,0.05732263612999405,0.9212570193907603,-0.49786831438682855,85.85907440717945,2.237,-1.917,1.3407
0.0111,0.003906,0.015625,1.313965,0.152893,0.200867,-0.082245,2.776432961859662,-1.4670032603810004,0.05732316049200523,0.9251773612882714,-0.5014000350153488,85.85685022730564,2.237,-1.917,1.3407
0.0121,-0.010498,-0.001953,1.310059,0.427551,0.292419,0.070343,2.7764348508599492,-1.4670229218933695,0.05732234751283407,0.922266862773436,-0.49526143468186223,85.85934019116252,2.237,-1.917,1.3407
0.0124,-0.000244,0.007324,1.321045,0.671692,0.017761,-0.14328,2.7764436662987886,-1.4670169276389653,0.05732231969661264,0.9278838177056419,-0.49833996948311476,85.85733811173617,2.237,-1.917,1.3407
0.0122,-0.009033,-0.000244,1.309082,0.580139,0.353455,0.161896,2.7764467138177675,-1.467032221466834,0.05732165219175755,0.9278117704253347,-0.49234114377987687,85.86065617720517,2.237,-1.917,1.3407
0.0111,-0.012451,-0.006348,1.312256,0.213928,0.353455,0.161896,2.7764488975230766,-1.467058162800107,0.05732060371943751,0.9195412840838754,-0.48479112524095674,85.86459625423109,2.237,-1.917,1.3407
0.0121,0.004639,0.004883,1.299805,0.580139,-0.012756,0.497589,2.7764654053400353,-1.4670438362555527,0.0573206533918699,0.9225107657224159,-0.49147795904838265,85.86994229900802,2.237,-1.917,1.3407
0.0123,0.007324,0.013184,1.315918,0.427551,0.353455,0.253448,2.7764804685758424,-1.4670187842036402,0.05732114674159261,0.9284766723666735,-0.4950152431956687,85.87158246596402,2.237,-1.917,1.3407
0.0124,-0.007568,-0.002441,1.304199,0.366516,0.139832,0.161896,2.7764861702321695,-1.467033179944865,0.05732046016896316,0.9246161955523119,-0.4924747370281476,85.87489545049402,2.237,-1.917,1.3407
0.0121,-0.000488,0.003174,1.312988,0.335999,0.261902,-0.14328,2.776497182231554,-1.4670301467964109,0.057320256411453295,0.9236150707389663,-0.49257644321089916,85.8732747603862,2.237,-1.917,1.3407
0.0112,0.001221,0.010498,1.3125,0.488586,-0.012756,0.161896,2.776506354200505,-1.467018221854252,0.057320425376121524,0.9282547514469067,-0.49700367481936725,85.87440322849717,2.237,-1.917,1.3407
0.0126,-0.001709,-0.001221,1.317383,0.488586,0.261902,0.131378,2.7765180767329944,-1.4670213407054848,0.05731999108217042,0.9266923914540331,-0.49624532605840405,85.87667432981414,2.237,-1.917,1.3407
0.0115,-0.00415,0.007812,1.301758,0.519104,0.200867,0.100861,2.776522461978641,-1.4670210417680691,0.05731988068452046,0.9302932822936679,-0.49512346159740495,85.87796754891677,2.237,-1.917,1.3407
0.0122,0.006592,0.008545,1.320557,0.641174,0.353455,-0.051727,2.776539030777597,-1.4670014067860364,0.05732011442063571,0.9360280863353353,-0.49812938400298623,85.87632223181112,2.237,-1.917,1.3407
0.0121,-0.012695,-0.005615,1.312744,0.458069,0.292419,0.192413,2.7765405360982816,-1.4670277260913813,0.05731917674201332,0.9312206555421286,-0.4907633663369141,85.88080676594777,2.237,-1.917,1.3407
0.0122,-0.00293,0.005371,1.316162,0.213928,0.475525,0.009308,2.776547850839092,-1.467027067705356,0.05731900171013382,0.9299594532040657,-0.48686783083359836,85.88116201766304,2.237,-1.917,1.3407
0.0114,-0.001709,0.004883,1.295898,0.488586,0.292419,-0.112762,2.7765571368314723,-1.4670240175717486,0.057318857081681114,0.9314611621922824,-0.48625846236617754,85.8799446109536,2.237,-1.917,1.3407
0.0124,0.000977,0.001221,1.321289,0.458069,0.048279,0.222931,2.7765712322229876,-1.4670196831175273,0.057318629463276316,0.9307957138667907,-0.4898330219314311,85.88276304650948,2.237,-1.917,1.3407
0.0118,-0.008545,-0.003174,1.297607,0.458069,0.292419,0.070343,2.7765762606405726,-1.467035901897254,0.05731795990099261,0.9273554869104776,-0.4850761359289712,85.88505648770456,2.237,-1.917,1.3407
0.0121,0.005859,0.006836,1.312988,0.244446,0.41449,0.283966,2.776593791049939,-1.4670172564953565,0.05731811181545259,0.9273233509150651,-0.4872014180156626,85.88759041113099,2.237,-1.917,1.3407
0.0121,0.003418,0.008545,1.306885,0.335999,0.017761,0.345001,2.7766071684288156,-1.4670020290029528,0.05731825908683544,0.9294102699612448,-0.4926964249975616,85.8909401919468,2.237,-1.917,1.3407
0.0122,-0.013428,0.00293,1.316162,0.641174,0.200867,-0.082245,2.7766029579939215,-1.4670228222100021,0.05731770123383189,0.931914941732042,-0.48597905975019173,85.8914923303772,2.237,-1.917,1.3407
0.0121,0.00293,0.009277,1.305664,0.641174,0.139832,0.039825,2.7766156394225776,-1.4670078266722606,0.05731785719291337,0.938073600416153,-0.489693007520469,85.89117249355651,2.237,-1.917,1.3407
0.0125,0.001709,0.005859,1.310547,0.305481,-0.012756,-0.02121,2.7766282648262175,-1.466998315310692,0.05731784099280065,0.9382493224744465,-0.49444087664680747,85.89050495773814,2.237,-1.917,1.3407
0.0112,-0.008545,-0.002441,1.309326,0.427551,0.292419,-0.14328,2.7766328214117952,-1.467014273156299,0.057317233511002305,0.9345592122767995,-0.48973634531705407,85.89033233137988,2.237,-1.917,1.3407
0.0124,0.002441,0.004395,1.296631,0.610657,-0.317932,0.100861,2.776647146932595,-1.4670040779462246,0.05731719085666594,0.9376799872514501,-0.49878395456007607,85.8911124350619,2.237,-1.917,1.3407
0.0121,0.002686,0.006592,1.324707,0.671692,0.200867,0.039825,2.7766602663624873,-1.4669927612598461,0.05731721378572798,0.9424765590442188,-0.5013445504005635,85.89110705278087,2.237,-1.917,1.3407
0.0121,-0.007812,0.001709,1.304443,0.519104,0.383972,0.009308,2.776663699787687,-1.4670042214385,0.05731679102970844,0.9426338403632134,-0.4956820822021907,85.89229187438781,2.237,-1.917,1.3407
0.0123,-0.001709,0.004639,1.318115,0.519104,0.353455,0.100861,2.776673029162359,-1.4670020085097382,0.05731663491387157,0.9445434512203924,-0.4938929194332132,85.8936872957005,2.237,-1.917,1.3407
0.0116,0.005615,0.000488,1.311035,0.397034,0.41449,0.528107,2.776693606285965,-1.4669890398035725,0.05731653226577972,0.9422474426305176,-0.49605834622037837,85.89943967528917,2.237,-1.917,1.3407
0.012,-0.001221,0.00415,1.303223,0.427551,0.261902,0.192413,2.7767037792030425,-1.4669860357733353,0.05731638355789859,0.9426895493161239,-0.4958465510038062,85.90184512926795,2.237,-1.917,1.3407
0.0124,0.005371,0.000977,1.303223,0.488586,0.109314,0.070343,2.776723639048943,-1.4669731466412046,0.05731629643555806,0.9421962098493646,-0.5012546407641572,85.90227506911106,2.237,-1.917,1.3407
0.0116,0.002197,0.007324,1.317871,0.335999,0.078796,-0.02121,2.7767358481811937,-1.4669619207937585,0.05731633465705253,0.9432250833300112,-0.5050461391746437,85.90149915050768,2.237,-1.917,1.3407
0.0124,-0.006836,0.004639,1.306885,0.427551,0.506042,-0.234833,2.7767386178690776,-1.466969609259341,0.057316060773309224,0.9441368502838732,-0.4982474149449288,85.89937426673792,2.237,-1.917,1.3407
0.0119,-0.006836,0.000488,1.311768,0.397034,-0.165344,-0.204315,2.776743469040332,-1.4669806326026944,0.05731564995503841,0.942026453522782,-0.49966531868895026,85.89791529635585,2.237,-1.917,1.3407
0.0112,0.000244,0.007812,1.316895,0.519104,0.139832,0.100861,2.77675324149807,-1.4669724331863736,0.05731565643935633,0.9452314450264151,-0.5017206629992118,85.89869628027083,2.237,-1.917,1.3407
0.0123,0.002441,-0.000732,1.303711,0.397034,0.383972,0.131378,2.7767702415534874,-1.4669664529374518,0.057315446528980844,0.9425453532064199,-0.502018191488552,85.90039253314357,2.237,-1.917,1.3407
0.0124,-0.002686,-0.006104,1.315674,0.366516,0.261902,0.100861,2.7767832553710865,-1.4669748597205912,0.05731493998094511,0.9364055452405639,-0.5006959676182058,85.90272471384647,2.237,-1.917,1.3407
0.0121,-0.00293,-0.000488,1.30542,0.549622,0.322937,0.131378,2.7767933293679823,-1.4669788019357044,0.057314616805149834,0.9356911849307461,-0.4986530994627812,85.90497185682283,2.237,-1.917,1.3407
0.0121,0.005615,0.006592,1.317139,0.335999,0.322937,0.070343,2.776810587308796,-1.4669605791686913,0.0573147193637902,0.9365234782483579,-0.5015211954715246,85.90492964667061,2.237,-1.917,1.3407
0.0112,-0.001953,0.00415,1.313232,0.305481,0.383972,0.070343,2.776819376736611,-1.4669591697412638,0.05731456880273151,0.935310626513469,-0.4995925238283496,85.9059231948408,2.237,-1.917,1.3407
0.0122,-0.007812,0.00415,1.305908,0.305481,0.078796,0.009308,2.776820765957294,-1.4669690743191215,0.057314285747657484,0.934443652319293,-0.49759011791646035,85.90687569768554,2.237,-1.917,1.3407
0.0122,0.004395,0.008301,1.311523,0.305481,0.109314,0.253448,2.7768356078837546,-1.4669517322868975,0.057314413236073634,0.9359600289332771,-0.502387229915354,85.90903391607026,2.237,-1.917,1.3407
0.012,0.009766,0.005615,1.318848,0.519104,0.109314,0.253448,2.7768579869032908,-1.4669268813847565,0.05731457307144007,0.9383419816986294,-0.5102056105658324,85.91075950333835,2.237,-1.917,1.3407
0.0125,-0.006348,-0.001221,1.306641,0.427551,0.383972,0.192413,2.776863457389224,-1.4669389171594043,0.05731416817196896,0.9358725431528014,-0.5051857775577798,85.91435255982472,2.237,-1.917,1.3407
0.0113,0.001709,0.000977,1.314697,0.244446,-0.134827,-0.173798,2.776877659968098,-1.4669334756109342,0.05731401191437499,0.932190445847743,-0.5110581991355192,85.9123359101871,2.237,-1.917,1.3407
0.0126,-0.00415,0.009521,1.311523,0.335999,0.170349,-0.02121,2.7768807922215366,-1.4669323305602369,0.057313976225642285,0.934966250607683,-0.5098755724089442,85.91210205510349,2.237,-1.917,1.3407
0.0112,-0.005127,-0.000732,1.304199,0.335999,0.41449,-0.051727,2.7768873525174933,-1.4669413446602801,0.05731362857994961,0.931296027130271,-0.5056916440043553,85.91250151320251,2.237,-1.917,1.3407
0.0128,-0.001953,-0.001465,1.307617,0.305481,0.200867,0.192413,2.776898158669641,-1.466944541028899,0.057313335051263375,0.927339727197283,-0.5054929125902675,85.91556839544683,2.237,-1.917,1.3407
0.0112,0.003418,0.008545,1.318604,0.854797,0.048279,0.161896,2.776911279986041,-1.466929258766209,0.05731343409891281,0.9348284522934599,-0.5103410394509081,85.91654979589879,2.237,-1.917,1.3407
0.0124,-0.006104,0.00415,1.309082,0.305481,0.506042,0.070343,2.776914469186602,-1.4669361510440346,0.057313211940305676,0.9340061692993483,-0.5039687286900828,85.9181637195299,2.237,-1.917,1.3407
0.0116,-0.000488,0.000732,1.306152,0.458069,-0.073792,0.039825,2.776926299895058,-1.4669345929794184,0.05731301852857847,0.9327264373845926,-0.5080091468722628,85.91882598804419,2.237,-1.917,1.3407
0.0123,-0.004395,0.008789,1.3125,0.366516,0.261902,-0.173798,2.7769295802437077,-1.4669343186647477,0.057312961569578484,0.9353535703806272,-0.5056162153503436,85.91681313690576,2.237,-1.917,1.3407
0.0117,-0.002197,0.005615,1.29834,0.915833,-1.538635,5.288849,2.7769366756964806,-1.4669327324951416,0.05731286097025233,0.9417509652938101,-0.5266472718046167,85.9784700571112,2.237,-1.917,1.3407
0.0126,-0.503906,-0.189453,1.388672,-5.798035,10.24115,62.204132,2.7762799616443092,-1.467988371543024,0.05729892137575987,0.7625323776692593,-0.16335622113068554,86.8297989216835,2.237,-1.917,1.3407
0.0117,-0.865234,-0.455322,1.205811,-1.037292,-9.717346,26.040802,2.7752531987903177,-1.4696082201844123,0.057274998004200425,0.5444381504596865,0.0982584809753714,87.23261307092285,2.237,-1.917,1.3455
0.0121,0.625732,0.038086,1.72583,11.291809,10.882019,26.864777,2.7767223357334765,-1.4688474013093622,0.05728433056936807,0.6927691911625885,-0.03242417069580343,87.46296614600034,2.236,-1.919,1.3585
0.012,0.123779,-0.072021,1.403564,3.387756,-3.552795,26.19339,2.7771053454711803,-1.469525058689476,0.05728203905445923,0.6893127538855635,-0.15314176117170972,87.74708410189147,2.236,-1.92,1.3682
0.0122,0.054443,-0.029297,0.987793,-0.915222,2.764343,34.188995,2.777351508451435,-1.4702651212394213,0.057277196319579705,0.6512058357955163,-0.1766806429651302,88.14405477208814,2.236,-1.921,1.3747
0.0117,-0.056396,0.064697,1.541748,5.401917,4.992126,36.996613,2.7771772027704493,-1.4710985155649217,0.05727681607684158,0.7401583046229319,-0.10156307694072958,88.58629879014673,2.236,-1.921,1.3779
0.0127,0.039551,0.126465,1.253174,1.739807,-11.731506,26.681671,2.7771532669348638,-1.4714941602276792,0.05727775042872565,0.8325662304835749,-0.28527665971604715,88.91360360206819,2.236,-1.921,1.3779
0.0116,0.380859,0.209961,0.726318,-2.07489,4.870056,10.934601,2.7781337419253935,-1.4700688095848462,0.05727068167340292,0.9785909478303118,-0.5553130613321695,88.9358652597973,2.236,-1.921,1.3795
0.012,0.12207,0.060303,1.577637,-0.426941,-3.919006,13.650665,2.7782254620320392,-1.4700368485075488,0.05726662315337513,0.9930887968462695,-0.6647887554945533,89.08192863705384,2.236,-1.921,1.3828
0.0124,-0.024902,0.15332,1.303711,0.549622,4.656433,17.892609,2.7781188405003014,-1.4702564759935919,0.05726645480656639,1.078752185861009,-0.598815281069293,89.29216339568987,2.236,-1.922,1.386
0.0113,0.002197,0.108887,1.290039,-2.257996,3.283142,15.695343,2.778063475904306,-1.4704233299658087,0.05726541628134743,1.1073906430319793,-0.5692319421710146,89.45951421076342,2.236,-1.922,1.3876
0.0129,0.068604,0.014404,1.183105,-0.06073,-8.588196,9.897003,2.778108347627807,-1.470649784425317,0.057259264036593684,1.1060964358400873,-0.729168979184227,89.57837013110665,2.236,-1.922,1.3876
0.0116,0.126221,-0.018799,1.322021,1.617737,4.015564,3.88504,2.778216336060213,-1.4707833723604826,0.05725043687708888,1.1046653785529728,-0.7573093986433714,89.61800177717815,2.236,-1.922,1.3876
0.0119,0.088135,-0.028809,1.565186,1.770325,-1.813293,-0.02121,2.778273947118497,-1.4709250789764587,0.0572443959670571,1.1023519200291492,-0.8209472239676879,89.6167739702137,2.236,-1.922,1.3876
0.0123,-0.047852,0.033203,1.270752,1.800842,3.222107,-0.875702,2.7782339829483567,-1.4711196349949986,0.057244480098359876,1.1357095070008707,-0.753169116036588,89.60830998226257,2.236,-1.922,1.3876
0.0119,-0.020508,0.041748,1.313232,1.282043,3.100037,-1.089325,2.7782030958364134,-1.471225877014693,0.05724420445462971,1.1661590345214639,-0.7053089782135986,89.59416821946424,2.236,-1.922,1.3876
0.0114,-0.02417,0.067139,1.27417,0.671692,-3.064514,-4.263153,2.778151993298739,-1.471283091444391,0.05724495920460129,1.2052003231861221,-0.7260191878756205,89.53972422167726,2.236,-1.922,1.3876
0.0128,0.030273,0.074707,1.255859,-0.640564,0.261902,-5.026093,2.7781265463292186,-1.4712659117956692,0.057243394791421785,1.2335590398300578,-0.7412213442196812,89.46523201905914,2.236,-1.922,1.3876
0.0112,-0.001709,0.020508,1.294678,-1.250916,-1.630188,-2.889862,2.778123138994444,-1.4713392764281534,0.05724246135093264,1.2221568659933133,-0.7586687600270932,89.4319974719385,2.236,-1.922,1.3876
0.0127,-0.046387,0.016846,1.361816,-0.976257,2.276062,-1.333466,2.7781013814229936,-1.471457397217271,0.05724332871082017,1.2094551913853038,-0.7041407309262906,89.41836038144002,2.236,-1.922,1.3876
0.0122,0.011475,-0.002441,1.276123,-0.365906,2.42865,-0.478973,2.7781234631019682,-1.4715338811121093,0.0572414846504105,1.1938597918846938,-0.6831805396048177,89.41456938116205,2.236,-1.922,1.3876
0.0114,0.022217,-0.041748,1.30957,0.091858,-0.836731,-1.577606,2.7781752634670265,-1.4716418265966433,0.057238619930076284,1.161114518487246,-0.7067877659583329,89.40203714268532,2.236,-1.922,1.3876
0.0125,0.031982,-0.040771,1.318848,0.580139,-0.226379,-4.019012,2.7782284965275967,-1.4717370169524955,0.057235373735047744,1.1359502294965305,-0.7283802575168907,89.35651465918664,2.236,-1.922,1.3876
0.0122,0.015137,0.005859,1.264893,1.800842,0.628113,-5.361786,2.7782459257815337,-1.4717826876456614,0.057233690887591726,1.1530655547589304,-0.7300785410649528,89.2910787568778,2.236,-1.922,1.3876
0.0129,-0.017334,0.013916,1.352539,2.014465,0.780701,-2.554169,2.778236031366994,-1.4718581939350794,0.057233648891103786,1.1776971470876763,-0.7104500559743366,89.25996956869224,2.236,-1.922,1.3876
0.0104,-0.028809,0.008301,1.307617,0.580139,-0.195862,-2.004852,2.778221050809846,-1.4719451742545804,0.05723416211716224,1.1792542283264205,-0.6965127474384274,89.24226952258937,2.236,-1.922,1.3876
0.0123,-0.006592,0.03125,1.27417,0.000305,0.017761,-2.096405,2.7782074272253716,-1.4719727151987483,0.057234087876632304,1.1888527108968414,-0.6935011119891551,89.21485895091038,2.236,-1.922,1.3876
0.0115,-0.020264,0.017822,1.310303,-0.06073,0.048279,-1.02829,2.778192923740993,-1.4720334941008582,0.05723440048236199,1.189057203112222,-0.6823637476517755,89.20426845842545,2.236,-1.922,1.3876
0.0126,-0.050537,-0.000977,1.296143,-1.250916,0.292419,0.497589,2.7781661737795345,-1.4721587116202994,0.05723568253715916,1.163187020242198,-0.650721533675352,89.21631960244993,2.236,-1.922,1.3876
0.0133,-0.024902,0.002686,1.300781,-0.335388,0.139832,1.62674,2.7781559468520935,-1.472241446717356,0.05723594350673234,1.150732201387977,-0.6366249033048098,89.24113290904117,2.236,-1.922,1.3876
0.0104,-0.017578,-0.015625,1.322266,0.244446,0.353455,2.359161,2.7781636155657767,-1.472323813581311,0.0572356649824334,1.1346788103912828,-0.6252987658224533,89.27007948237824,2.236,-1.922,1.3876
0.0117,-0.002441,-0.042725,1.321045,0.122375,0.445007,1.168976,2.7782009087637958,-1.4724148185300534,0.05723424500679059,1.1021775259195534,-0.6211182201305557,89.28946465327907,2.236,-1.922,1.3876
0.0126,0.007812,-0.024902,1.293945,1.373596,0.292419,0.436554,2.778237858790098,-1.4724675110089191,0.057232713986626126,1.0958408497141559,-0.6245359327543243,89.29784825790152,2.236,-1.922,1.3876
0.0114,0.009766,-0.01709,1.329346,1.678772,0.53656,2.206573,2.7782717785903457,-1.4725060005457746,0.057231308699421675,1.0959983484400175,-0.6266452278745566,89.3249386182124,2.236,-1.922,1.3876
0.0121,-0.001465,-0.011475,1.314941,1.06842,0.261902,2.87796,2.7782902776674647,-1.472559261210901,0.05723044914057544,1.093075334101458,-0.6254593673737736,89.36222982686444,2.236,-1.922,1.3876
0.0122,-0.00293,0.025635,1.296875,1.190491,0.902771,1.901398,2.7782843341995083,-1.4725769040259666,0.057230244307269786,1.1136934837411447,-0.615545486878077,89.38443610532883,2.236,-1.922,1.3876
0.0126,-0.020264,0.036377,1.316895,0.580139,-0.104309,1.779327,2.7782519741025498,-1.472616540347919,0.05723092248773071,1.1329301774873417,-0.6077456957749832,89.40653425896723,2.236,-1.922,1.3876
0.0115,-0.01709,0.023926,1.311523,-0.549011,-0.378967,1.504669,2.7782318702417013,-1.4726535981823228,0.05723135978705574,1.1313819503208855,-0.6047872342069909,89.42429174145576,2.236,-1.922,1.3876
0.0124,0.009033,0.033203,1.295898,-0.1828,-0.195862,1.657257,2.778233317194874,-1.472640754791115,0.05723082447305202,1.1395036117297153,-0.6154122808111263,89.44181320302974,2.236,-1.922,1.3876
0.0116,0.00415,0.013428,1.321533,0.213928,0.109314,1.840363,2.7782427925644506,-1.472653716179203,0.05723021064668092,1.140358148894067,-0.6191908879173079,89.46264863766024,2.236,-1.922,1.3876
0.0123,-0.002441,-0.02124,1.322021,-0.030212,0.261902,0.8638,2.77826852106551,-1.4727092627432294,0.05722933399266163,1.1184383364765724,-0.616973660163981,89.47660232584767,2.236,-1.922,1.3876
0.0127,0.027344,-0.01001,1.291504,0.702209,-0.134827,0.009308,2.7783180052711356,-1.4727057070377028,0.05722737372521796,1.1124793866609175,-0.6372783335740784,89.4758442735726,2.236,-1.922,1.3876
0.0114,0.031982,-0.013184,1.325195,1.159973,-0.226379,0.100861,2.77837117981317,-1.4726978978199121,0.05722526999460874,1.1091015212634467,-0.6602679170283183,89.47608964762352,2.236,-1.922,1.3876
0.0116,-0.001953,-0.008789,1.30957,0.885315,0.597595,0.436554,2.7783863514985705,-1.4727438568768392,0.057224598627383445,1.105275641250533,-0.6541903133366007,89.48359489299573,2.236,-1.922,1.3876
0.0117,-0.000244,0.023438,1.323242,1.129456,1.085876,0.009308,2.7783847685118968,-1.4727537640358115,0.057224321071569176,1.1230919043532652,-0.6432760315202153,89.48281878889429,2.236,-1.922,1.3876
0.0128,-0.003662,0.023193,1.311768,0.610657,0.353455,0.070343,2.7783796214731233,-1.472765575943231,0.057224220788309986,1.1353780085598737,-0.6386673738963217,89.48306146462761,2.236,-1.922,1.3876
0.0117,0.000488,0.020508,1.308105,-0.274353,0.048279,-0.509491,2.7783806597876506,-1.4727712681497105,0.057223934705052104,1.1351776620461718,-0.6403346159987854,89.47619008696049,2.236,-1.922,1.3876
0.0115,-0.003906,0.028076,1.292969,-0.243835,-0.165344,-0.814667,2.7783724241636842,-1.472776117029785,0.057223934091781704,1.1400547408049007,-0.6418638336603858,89.46553661842589,2.236,-1.922,1.3876
0.0123,0.006592,0.022461,1.314941,0.122375,0.841736,-0.051727,2.7783787871845367,-1.4727715072211809,0.057223418886629504,1.1454697713934825,-0.6374169922690954,89.46343836235393,2.236,-1.922,1.3876
0.0136,-0.010254,-0.005127,1.311768,-0.121765,0.017761,-0.601044,2.778384077062005,-1.4728232608967007,0.05722317571826728,1.1317123082219829,-0.6330751257199341,89.45797556121994,2.236,-1.922,1.3876
0.0108,0.01001,-0.003906,1.304932,0.458069,0.017761,-1.547089,2.7784097184058814,-1.472830466555364,0.05722226370979535,1.1254762606294872,-0.6405676174666811,89.44176506215051,2.236,-1.922,1.3876
0.0115,0.015625,-0.003662,1.314697,0.610657,-0.165344,-1.760712,2.7784402126115744,-1.4728180311754047,0.057221281238012824,1.1215531488083568,-0.6531336933341584,89.42140676993323,2.236,-1.922,1.3876
0.0126,-0.006592,-0.015869,1.317383,0.763245,0.109314,-1.608124,2.7784540919709984,-1.472855633786598,0.057221004774788004,1.1131276762654598,-0.6493951542038828,89.40465246580727,2.236,-1.922,1.3876
0.0118,-0.013916,-0.003174,1.311035,0.763245,0.261902,-0.875702,2.778452984211236,-1.472892618848155,0.057221166102492595,1.1114479632274445,-0.639943467786323,89.39735018966068,2.236,-1.922,1.3876
0.0115,-0.003418,0.008057,1.310059,0.702209,0.445007,0.100861,2.7784572566628274,-1.47289926816345,0.057221069324070464,1.1153006536287107,-0.634939097634044,89.39928031247524,2.236,-1.922,1.3876
0.0129,-0.022705,-0.004639,1.3125,0.000305,0.048279,0.436554,2.7784470119587885,-1.4729524020085205,0.05722152504883389,1.1036475274039426,-0.6232543987927581,89.40892764890246,2.236,-1.922,1.3876
0.011,-0.017822,0.01123,1.303955,0.000305,0.41449,0.497589,2.7784328212418274,-1.4729814346951162,0.05722198669002612,1.1014350866998965,-0.6106445968447484,89.41641547685802,2.236,-1.922,1.3876
0.0125,-0.009277,0.011963,1.309814,0.152893,0.353455,1.168976,2.7784283818178377,-1.4729935882676837,0.05722213579374581,1.1014269549641558,-0.6034721195293282,89.4319640765918,2.236,-1.922,1.3876
0.0121,-0.013428,-0.004395,1.315186,0.06134,0.261902,1.260529,2.77842835829302,-1.47302666026038,0.057222227544436156,1.0907064062516878,-0.5951932486692408,89.4499660814044,2.236,-1.922,1.3876
0.0121,-0.005615,-0.004639,1.320068,0.305481,1.66571,12.826691,2.778438024133799,-1.4730442007399984,0.057222029496261664,1.0814646511112582,-0.5773573258585989,89.60725355586412,2.236,-1.922,1.3876
0.0121,-0.352783,-0.155762,1.351562,-0.976257,1.818298,14.291534,2.7780839440899046,-1.4737964897831985,0.05723094420229985,0.9767197326653427,-0.37247395543932343,89.83103954865322,2.236,-1.922,1.3876
0.0117,0.100342,0.002441,1.27417,2.441711,-6.299377,1.99295,2.778270667131946,-1.4735346524837696,0.05722715755630323,0.9990382036257343,-0.5107174998843615,89.83735306211719,2.236,-1.922,1.3876
0.012,0.246826,-0.001221,1.481934,1.159973,-0.958801,-3.317108,2.778598473376642,-1.4730359604918322,0.05721972790940261,1.0048954250324198,-0.6480683554021837,89.76668353216107,2.236,-1.922,1.3876
0.0122,0.064453,0.039795,1.284668,2.594299,2.367615,3.518829,2.7786770532029297,-1.4728564604880947,0.05721770693493583,1.0517310206100776,-0.6606105111379822,89.79789403373063,2.236,-1.922,1.3876
0.012,-0.103027,0.0354,1.316162,0.183411,3.771423,10.904083,2.778531313638107,-1.473055659157492,0.05722118471816799,1.0646957697519186,-0.5603201159100348,89.94134391959894,2.236,-1.922,1.3876
0.013,0.029297,0.063232,1.316162,1.129456,0.933289,-3.347626,2.7785489104071686,-1.472949589987428,0.05722062638156094,1.107988374820527,-0.5673422001109594,89.8899471013745,2.236,-1.922,1.3876
0.0107,0.148926,0.077393,1.324707,0.335999,-4.559875,-10.549774,2.7786860698946962,-1.4726141849054857,0.05721644320642311,1.1480604994278663,-0.7007825849743367,89.75298194517416,2.235,-1.922,1.3892
0.0124,0.032959,0.071289,1.219971,0.793762,-0.745178,-7.345428,2.7786869464021127,-1.4722311167346531,0.05721900907384552,1.1944482616830998,-0.7307214198847731,89.65118886094936,2.236,-1.922,1.3876
0.0131,-0.035889,0.063965,1.163574,-0.274353,2.367615,-2.767792,2.7786222166718484,-1.4720751705716824,0.05722250727140862,1.223964478776233,-0.6778870386043285,89.6130894712838,2.236,-1.922,1.3876
0.0101,-0.020996,0.009766,1.463379,-3.173523,3.496765,4.617462,2.7786109341338996,-1.471992536975859,0.05722424210791827,1.1865154019785549,-0.6336773244726975,89.66282775670047,2.236,-1.922,1.386
0.0122,-0.095703,-0.079346,1.305908,-1.861267,0.933289,1.321564,2.7785634078480936,-1.4720857606972093,0.057227047141798416,1.1081350578445661,-0.5691380523072508,89.69678650737752,2.236,-1.922,1.386
0.0125,0.088867,0.015869,1.233154,2.136536,-1.59967,-6.82663,2.778680777353342,-1.4717676682130199,0.05722625917087499,1.1366756389107207,-0.6453927890677759,89.60038182306936,2.236,-1.922,1.386
0.0121,0.111328,-0.040039,1.402832,0.152893,-3.644348,-0.936737,2.778803089475716,-1.471512712896718,0.05722501433199835,1.1078036927443913,-0.7505084067412474,89.58258735044004,2.236,-1.922,1.386
0.0115,-0.016357,-0.013916,1.168945,1.312561,2.276062,6.204376,2.778799955163766,-1.471541720315069,0.05722547212451665,1.1042606524193845,-0.7172120729620581,89.65956340802963,2.236,-1.922,1.386
0.0125,-0.153076,-0.00415,1.362305,2.380676,6.792664,4.800568,2.7786244300387946,-1.471801732533256,0.05722854121209731,1.1218233585938662,-0.5499340872909576,89.74020719317033,2.236,-1.922,1.386
0.0117,-0.057373,-0.034424,1.353027,1.526184,-6.177307,-5.636444,2.7785942353811177,-1.4719040766095954,0.05722942879449754,1.1117216612984593,-0.5904407293635774,89.68315216466432,2.236,-1.922,1.386
0.0121,0.165283,0.047607,1.256348,1.282043,0.719666,-1.638641,2.7788028129738214,-1.471489367015972,0.057226905294683085,1.147264443275427,-0.6831957506317217,89.63887144859035,2.236,-1.922,1.386
0.0124,-0.038818,-0.036621,1.340332,-1.18988,-1.538635,10.69046,2.7787905089280205,-1.4715735477252325,0.05722754686913417,1.1009113986697754,-0.6839035804902305,89.78062140677741,2.236,-1.922,1.386
0.0113,-0.241455,-0.077881,1.151367,0.335999,-0.287415,0.192413,2.7785516771708654,-1.4721483600413499,0.057231747606228324,1.0465595256430533,-0.5347747182893691,89.82511381409701,2.236,-1.922,1.386
0.0121,0.179932,0.110107,1.52002,1.251526,0.231384,-4.415741,2.7787264411594887,-1.4717262580032258,0.05723024803470643,1.1081057710207922,-0.6218839833842218,89.74541527092946,2.236,-1.922,1.3876
0.0121,0.020264,0.001465,1.216309,-1.464539,1.055359,1.779327,2.778767903539096,-1.4716443027667676,0.05723008410321569,1.0826957683595275,-0.6252866271440114,89.76472685623087,2.236,-1.922,1.3876
0.0124,-0.100586,-0.085938,1.225098,-1.464539,-0.531555,2.053986,2.77869094262375,-1.4718993005034993,0.057231148478852883,1.0028934561679708,-0.5726528466377439,89.81171996260146,2.236,-1.922,1.3876
0.0122,0.10376,0.025391,1.288818,2.807922,-1.35553,-4.019012,2.77883529581865,-1.4716056657511896,0.05722995948827348,1.0447028280206094,-0.6522319130795478,89.74575280423004,2.236,-1.922,1.3876
0.0123,0.010498,-0.030762,1.380127,0.671692,1.513123,1.046906,2.7788729093965676,-1.471575078653965,0.05722980265456091,1.0274109621413878,-0.6413402849303728,89.76069573387296,2.236,-1.922,1.3876
0.0112,-0.094482,-0.004883,1.320557,0.335999,0.383972,4.525909,2.778759957510545,-1.4717644849483533,0.05723130472371641,1.0197672235688358,-0.5853314623847752,89.82626984086205,2.236,-1.922,1.3876
0.0122,0.024902,0.024658,1.243408,1.312561,0.65863,0.100861,2.7787995709006057,-1.4716455224529446,0.05723136396976295,1.043037580332206,-0.5957829352571287,89.82208634217159,2.236,-1.922,1.3876
0.0113,0.064941,0.021729,1.356934,0.580139,-1.172424,-0.570526,2.7788860316179895,-1.4714561882473673,0.05723090444015307,1.0536402985226765,-0.6474396341609389,89.8052996512597,2.236,-1.922,1.3876
0.0122,-0.009521,0.05127,1.29126,-0.976257,0.078796,-0.753632,2.778861783547933,-1.471401992103207,0.057231720923340265,1.0640659366075385,-0.6427692402660778,89.79386815969976,2.236,-1.922,1.3876
0.0122,-0.016846,0.037109,1.316406,0.458069,1.482605,0.375519,2.778833915738921,-1.4713760089170302,0.05723247527873463,1.082718292644847,-0.6171345092982555,89.79876753774577,2.236,-1.922,1.3876
0.0121,0.016602,-0.001465,1.283447,0.397034,-0.043274,-0.478973,2.7788693013944092,-1.4713379459626572,0.05723215991630806,1.0782065102502718,-0.6298861823239411,89.79144287101487,2.236,-1.922,1.3876
0.0121,0.036133,-0.002441,1.33374,-0.06073,-0.47052,-0.753632,2.778925086898157,-1.4712652306236653,0.05723163033837767,1.0676814498662486,-0.658036457660316,89.77849509971308,2.236,-1.922,1.3876
0.0117,-0.032471,-0.02124,1.300049,0.244446,0.841736,1.413116,2.7789049688033987,-1.4713506315469553,0.05723175775446801,1.0494892552232307,-0.6314089937092864,89.80213139991294,2.236,-1.922,1.3876
0.0121,-0.042969,-0.046387,1.29834,0.488586,0.689148,0.406036,2.7788809211612486,-1.471477205540497,0.05723179135504291,1.0198619705476288,-0.6001549356651751,89.81742962331806,2.236,-1.922,1.3876
0.0121,0.001709,-0.005615,1.293213,0.94635,-0.531555,0.497589,2.778898482775942,-1.4714703661802748,0.0572316370952005,1.0199829683709434,-0.6101970461927867,89.82383705674417,2.236,-1.922,1.3876
0.0121,0.006836,0.033936,1.315186,0.305481,-0.195862,2.176056,2.778904114126252,-1.4714255498827684,0.05723174255630242,1.0351903595259995,-0.6192880639907227,89.84707757467801,2.236,-1.922,1.3876
0.0115,-0.009033,0.010498,1.337402,-0.549011,0.597595,0.039825,2.7788986064562637,-1.471433941883836,0.05723183320314849,1.02684563231821,-0.6094013714557109,89.84865711361115,2.236,-1.922,1.3876
0.0126,0.016357,0.04541,1.255127,0.244446,0.475525,-1.9133,2.7789135894706978,-1.4713553258296928,0.05723193067432092,1.049944490316541,-0.6157286113381676,89.81911884832094,2.236,-1.922,1.3876
0.012,-0.012207,0.020996,1.32373,-0.152283,-0.012756,0.680695,2.778899858346266,-1.4713622269159958,0.057232131119147656,1.0519510004181072,-0.6111681193764533,89.82790939419473,2.236,-1.922,1.3876
0.0114,-0.031006,-0.043457,1.318848,-0.671082,-0.378967,1.901398,2.7788902143732854,-1.4714527237684358,0.05723204360101343,1.0107933885543618,-0.6001470150724142,89.85721161272538,2.236,-1.922,1.3876
0.0124,0.000244,-0.000732,1.275146,0.854797,0.475525,-0.601044,2.7789031887394238,-1.4714443822953547,0.057231955346854456,1.013221379542154,-0.5970138852946021,89.85011014962977,2.236,-1.922,1.3876
0.0117,0.002441,-0.003418,1.331787,0.915833,0.200867,-0.967255,2.7789196970854375,-1.471434711706293,0.05723183128722883,1.0141433639324042,-0.5982275551180111,89.83905739852189,2.236,-1.922,1.3876
0.012,0.011719,-0.014648,1.318848,0.702209,0.322937,0.314484,2.7789542904405367,-1.4714105477468362,0.057231544917899155,1.0061500941517794,-0.6036593883537061,89.84251590481956,2.236,-1.922,1.3876
0.012,0.00293,-0.019775,1.285156,1.404114,-0.012756,0.467072,2.7789798429159327,-1.4714093701112732,0.05723130638879122,1.003354678967732,-0.6082291513501684,89.84935898736204,2.236,-1.922,1.3876
0.0125,-0.0271,0.001221,1.316406,1.251526,0.139832,0.98587,2.778952965399436,-1.471465576857402,0.057231499001744075,1.0116906622372535,-0.593280931000438,89.86604751413637,2.236,-1.922,1.3876
0.0123,-0.000977,0.015137,1.30957,-0.335388,0.200867,0.406036,2.778957030726115,-1.4714502229951414,0.05723154546750394,1.00860457790803,-0.5928762503747318,89.8704478823882,2.236,-1.922,1.3876
0.0111,0.020752,0.022217,1.275391,-0.365906,-0.317932,0.345001,2.778989564862437,-1.471377716059231,0.05723144170235907,1.0101779173332144,-0.6116180853352381,89.86968104707739,2.236,-1.922,1.3876
0.0121,-0.024414,0.02417,1.29541,0.030823,-0.440002,1.535187,2.778957312844484,-1.4714113749254993,0.05723176161543039,1.0168503828775737,-0.6052293592936662,89.89041332081676,2.236,-1.922,1.3876
0.0121,0.019531,0.015625,1.321777,-0.640564,0.200867,0.283966,2.778987838600714,-1.471351634331922,0.05723164114139435,1.0103200835423638,-0.6164910039666137,89.89040414641403,2.236,-1.922,1.3876
0.0122,0.025879,0.008301,1.270264,0.610657,0.628113,-0.845184,2.7790312712882765,-1.4712795721966774,0.0572314159468867,1.0151240582303809,-0.6268459784759591,89.8761425900631,2.236,-1.922,1.3876
0.012,-0.008301,-0.015625,1.319824,0.94635,0.078796,0.8638,2.7790370099030905,-1.4713103143234774,0.05723127090813024,1.009364129759201,-0.6233859585894138,89.88929894122343,2.236,-1.922,1.3876
0.0121,-0.000488,-0.028076,1.353271,-0.030212,-0.47052,0.253448,2.779055697178867,-1.4713326791071857,0.05723099069540328,0.9852785305901594,-0.6307220949237974,89.89478363070147,2.236,-1.922,1.3876
0.0122,0.018311,-0.013916,1.31665,1.282043,1.2995,-3.774872,2.7790965492317588,-1.4712998886988484,0.05723064602837935,0.9856626453281163,-0.626968890149329,89.84762684529471,2.236,-1.922,1.3876
0.0122,0.03833,-0.00708,1.279541,0.915833,0.994324,-4.995575,2.7791658010912412,-1.4712110004338594,0.057230182011642095,0.9857242764739815,-0.6392008861759473,89.78174390449678,2.236,-1.922,1.3876
0.0115,0.001465,-0.016357,1.361084,2.106018,0.475525,-2.401581,2.77918264689257,-1.471224256703419,0.05722997669568029,0.9932017037816736,-0.6358488286158097,89.75590622030037,2.236,-1.922,1.3876
0.012,0.02832,0.048096,1.364746,1.037903,0.353455,-1.15036,2.7792142460245843,-1.4711234923410588,0.05722993148764067,1.0248729056808608,-0.6489819847510521,89.73475417493638,2.236,-1.922,1.3876
0.012,-0.006592,0.041748,1.26123,-0.304871,0.872253,-2.676239,2.77920015628109,-1.4711036304550822,0.057230120145992935,1.0390544571327158,-0.6363389711029387,89.700682380611,2.236,-1.922,1.3876
0.0125,-0.023682,0.044434,1.299561,-0.518494,0.41449,-4.93454,2.7791620372601993,-1.471122172457876,0.05723044088094461,1.0513671648671525,-0.6183164827495509,89.63938424614265,2.236,-1.922,1.3876
0.0112,-0.008057,0.04126,1.313477,-0.915222,-0.165344,-3.561249,2.7791465437383898,-1.4711094056756562,0.05723061982032285,1.0574128571338246,-0.6169755072375264,89.59787410617297,2.236,-1.922,1.3876
0.0122,-0.005127,0.001221,1.322021,-0.640564,-0.440002,-0.814667,2.7791494641930763,-1.471122413342459,0.057230561331104636,1.0422084200689763,-0.62133231836118,89.58903255115537,2.236,-1.922,1.3876
0.0123,-0.018066,-0.034424,1.300781,0.122375,0.780701,-1.058807,2.779148490826312,-1.4711894561477805,0.057230403682113046,1.0155356869291015,-0.6032616769298781,89.58180664134566,2.236,-1.922,1.3876
0.0116,0.000244,-0.033447,1.336182,1.037903,0.506042,-2.828827,2.7791711156731647,-1.4712144204168804,0.05723012920594039,1.0008172803385658,-0.5992544519831098,89.55196548380043,2.236,-1.922,1.3876
0.0126,0.014893,-0.04834,1.314697,0.885315,0.017761,-2.523651,2.779219187136814,-1.4712165303298228,0.05722967708983598,0.9764524746005621,-0.6095601989611907,89.52197581669877,2.236,-1.922,1.3876
0.012,-0.013672,-0.043945,1.300293,1.190491,-0.501038,-0.723114,2.7792226421564115,-1.471285051209219,0.05722944379662428,0.9574696344258123,-0.6097268298696786,89.5191168284443,2.236,-1.922,1.3876
0.0124,-0.022705,0.001221,1.300293,1.70929,1.146912,0.772247,2.779197784337591,-1.4713408338716711,0.05722950555822842,0.9718418900843289,-0.5848536689407794,89.53281117683619,2.236,-1.922,1.3876
0.0114,-0.03125,0.02832,1.337891,1.007385,1.2995,1.474152,2.7791499469627525,-1.4713984181895077,0.057229740634089116,0.9917606234411777,-0.5550405249214603,89.55313864135242,2.236,-1.922,1.3876
0.0121,-0.031006,0.006104,1.321533,-0.06073,-0.287415,1.291046,2.7791115130234094,-1.4714680881225453,0.0572298642581398,0.9867980816902382,-0.5436365555331804,89.57330287236793,2.236,-1.922,1.3876
0.0121,-0.009521,0.01709,1.279541,-0.610046,-1.141907,1.352081,2.779102566413642,-1.4714766166189772,0.0572299149264798,0.9820802148002359,-0.5551357916663935,89.58984605042598,2.236,-1.922,1.3876
0.0121,-0.011475,0.01416,1.291504,-0.304871,0.170349,2.359161,2.7790919423954614,-1.4714915699189546,0.057229961293660175,0.9790910640880751,-0.5498217584140052,89.61933339931306,2.236,-1.922,1.3876
0.0111,-0.020264,-0.003906,1.353516,-0.243835,0.506042,2.694855,2.7790754075851507,-1.4715365730635368,0.05722996715913072,0.9663946621654721,-0.5360150357967992,89.65259458167311,2.236,-1.922,1.3876
0.0124,-0.00708,-0.017334,1.302979,0.519104,0.41449,1.809845,2.779085565757054,-1.4715543598027807,0.057229833166284015,0.9551037722413313,-0.5303115867312843,89.6769657813699,2.236,-1.922,1.3876
0.0121,0.034912,-0.020752,1.292725,0.915833,-0.409485,1.046906,2.7791653389955853,-1.4714659445364526,0.05722944901092472,0.9465820311257956,-0.5593480124327391,89.68473714976697,2.236,-1.922,1.3876
0.0121,0.010254,-0.024902,1.323975,1.312561,-0.59259,0.74173,2.7792030649055848,-1.471448034606074,0.0572291944766969,0.9407270016055685,-0.5752940924097305,89.69335539661965,2.236,-1.922,1.3876
0.0114,-0.005371,-0.003662,1.328369,1.159973,0.65863,0.924835,2.77920800373729,-1.4714589617198386,0.05722912668898637,0.944527409049079,-0.567530184599214,89.70511760991725,2.236,-1.922,1.3876
0.0124,-0.00708,0.023438,1.301758,1.06842,0.841736,1.87088,2.779200018682567,-1.471458411907758,0.05722918658696747,0.9640896943466618,-0.5562666333800205,89.72817182684217,2.236,-1.922,1.3876
0.0119,0.004883,0.022461,1.312744,0.06134,-0.012756,1.230011,2.7792115912684783,-1.471427751334886,0.057229176080180855,0.9704445011600149,-0.5623890883215061,89.74059429724332,2.236,-1.922,1.3876
0.0121,0.0,0.031738,1.302979,-0.274353,-0.34845,0.253448,2.7792113385212187,-1.4714048997570794,0.057229231197978646,0.9783852249158408,-0.5694980797423163,89.7416392095164,2.236,-1.922,1.3876
0.0123,-0.001709,0.033203,1.310791,-0.274353,0.048279,0.131378,2.779207715095996,-1.4713862772074335,0.05722929942467107,0.9869327701808202,-0.5707015731059503,89.7415583134984,2.236,-1.922,1.3876
0.0113,0.007324,0.01709,1.310059,-0.243835,0.65863,0.802765,2.7792241280471783,-1.471354887668435,0.05722925306812289,0.9865554417691847,-0.5705131541565716,89.7486461363878,2.236,-1.922,1.3876
0.0125,0.003174,-0.002197,1.304443,0.519104,0.506042,0.039825,2.7792423233680577,-1.4713442616651804,0.05722915246378815,0.9841796778763567,-0.5689166973047749,89.74896751451156,2.236,-1.922,1.3876
0.012,0.016113,-0.006592,1.308594,0.610657,0.109314,-1.180878,2.7792811715844645,-1.471305757565479,0.05722897172688055,0.9802442594699889,-0.5795723228799146,89.7328685505011,2.236,-1.922,1.3876
0.0121,0.024902,-0.011475,1.309326,0.793762,0.139832,-2.248993,2.779334041813136,-1.4712501670549163,0.057228731271720006,0.9758958401331752,-0.5946390084766895,89.7027640701323,2.236,-1.922,1.3876
0.0119,-0.003174,-0.005127,1.303467,0.885315,0.109314,-1.791229,2.779342294184571,-1.4712593885997434,0.057228659174552055,0.9761401936621341,-0.5936754044563936,89.6825428599875,2.236,-1.922,1.3876
0.0123,-0.013916,0.004639,1.33252,0.671692,0.353455,-0.753632,2.7793312481457075,-1.4712882326815933,0.057228676681391526,0.9796023382232669,-0.5835929695969699,89.67542709741167,2.236,-1.922,1.3876
0.0122,-0.015381,0.016846,1.309814,0.305481,0.567078,-0.540009,2.779313536100003,-1.4713120626948277,0.057228742255383915,0.9857248193772247,-0.570270866243655,89.67038289293326,2.236,-1.922,1.3876
0.011,-0.017578,0.016602,1.307617,-0.121765,-0.043274,-0.509491,2.779292877506137,-1.4713408777552635,0.05722881578714738,0.9866345124264451,-0.5631464957971211,89.66652041968536,2.236,-1.922,1.3876
0.0125,-0.017334,0.009277,1.306152,-0.121765,0.200867,-0.14328,2.779275694771655,-1.471372603053938,0.057228860407835196,0.9830498390140346,-0.5533395439842553,89.66689074249383,2.236,-1.922,1.3876
0.0121,-0.006592,0.000488,1.306396,-0.030212,0.353455,0.680695,2.7792784286754406,-1.471382557878039,0.05722882501549148,0.9754156798745791,-0.5483468693689489,89.67614203137721,2.236,-1.922,1.3876
0.012,-0.010742,-0.002686,1.310791,0.213928,0.41449,0.467072,2.7792760794953533,-1.471403803149319,0.0572287966901305,0.9689271638520948,-0.540232729488922,89.68356405523734,2.236,-1.922,1.3876
0.012,-0.004395,-0.010986,1.313721,0.641174,0.292419,0.375519,2.779287165346074,-1.4714132518367167,0.05722871518400546,0.9627671673027371,-0.537324361556661,89.68931315379224,2.236,-1.922,1.3876
0.0125,-0.001465,-0.016602,1.31665,0.885315,0.048279,-0.082245,2.77930529171636,-1.4714180043540162,0.05722860655998438,0.9567994149060738,-0.5389187444772557,89.68931848023936,2.236,-1.922,1.3876
0.0111,0.010254,-0.009277,1.304199,0.793762,-0.012756,-0.14328,2.7793388487439725,-1.4713894896191184,0.05722847475059344,0.9529203996311387,-0.548163622249183,89.68643766906507,2.236,-1.922,1.3876
0.0122,-0.007568,0.006104,1.319092,1.06842,0.261902,0.650177,2.779337654101314,-1.4713989733947872,0.05722846476694958,0.9620878330006819,-0.5436741800403984,89.69519195377127,2.236,-1.922,1.3876
0.012,-0.012695,0.009521,1.310059,0.610657,0.445007,1.016388,2.779327202931921,-1.4714191605241238,0.05722848434996024,0.9675051676956392,-0.5342177150496716,89.70884527669948,2.236,-1.922,1.3876
0.0123,-0.011475,0.020264,1.30542,0.274963,0.261902,0.833282,2.779314181961607,-1.4714307747908315,0.05722852899600905,0.9752950717655615,-0.5276426049895863,89.719697478816,2.236,-1.922,1.3876
0.0114,-0.009766,0.01416,1.302734,0.06134,-0.134827,0.406036,2.7793067691350166,-1.4714406569819316,0.05722854914098927,0.9768541215484418,-0.5267606555709619,89.72489167190179,2.236,-1.922,1.3876
0.0121,-0.005371,-0.003418,1.316162,-0.213318,0.139832,0.955353,2.7793141283956513,-1.4714471915507699,0.05722850413148367,0.964784783573233,-0.525331302830611,89.73728824246646,2.236,-1.922,1.3876
0.012,-0.003906,0.002197,1.308594,0.366516,0.383972,1.230011,2.7793213995236736,-1.4714473243305812,0.057228469661226015,0.9629986968164533,-0.5219714087296935,89.75238389867984,2.236,-1.922,1.3876
0.0124,0.008545,0.0,1.310547,0.671692,0.597595,0.8638,2.7793498465609208,-1.4714172700179289,0.057228388458402904,0.9638749489016811,-0.5230636560268882,89.76161600604198,2.236,-1.922,1.3876
0.0123,0.003174,-0.016113,1.310547,0.702209,0.109314,0.039825,2.779376572680161,-1.4714080787899686,0.05722828582653631,0.9557406364882353,-0.5268436007998,89.7622529891111,2.236,-1.922,1.3876
0.0121,0.00415,-0.003906,1.309082,0.976868,0.048279,-0.540009,2.7793992971094768,-1.4713910837141213,0.05722821288454825,0.958019318899559,-0.5318032863153456,89.75505095342112,2.236,-1.922,1.3876
0.012,0.011963,0.012451,1.314697,0.793762,0.200867,-0.417938,2.7794270133846943,-1.4713473592876125,0.057228155664926915,0.9674974112539231,-0.539427450590284,89.74728031803187,2.236,-1.922,1.3876
0.0112,-0.006836,0.018066,1.312988,0.793762,0.65863,-0.234833,2.7794223569293375,-1.4713484208290055,0.05722817222644341,0.9794929731898303,-0.5311630257059077,89.74470771275956,2.236,-1.922,1.3876
0.0128,-0.00708,0.016113,1.310059,0.335999,0.109314,-0.417938,2.77941828952442,-1.4713509259725295,0.05722818435110859,0.9857427270213441,-0.5287191956870914,89.73945858310529,2.236,-1.922,1.3876
0.0121,-0.004395,0.013916,1.303467,-0.152283,0.231384,-0.356903,2.7794195949835423,-1.4713475299673113,0.05722818319126477,0.9846130940528134,-0.5265321453982141,89.73494232401214,2.236,-1.922,1.3876
0.011,0.005127,0.01123,1.303223,-0.121765,-0.256897,-0.295868,2.7794366356851015,-1.4713225291043128,0.05722814699096417,0.9824174556828079,-0.5355349723248752,89.73008011862946,2.236,-1.922,1.3876
0.0122,-0.010986,-0.00293,1.3125,0.06134,0.780701,0.131378,2.7794349977377664,-1.4713432267585904,0.05722813023155988,0.9739558580832877,-0.5228410387960456,89.73356527000901,2.236,-1.922,1.3876
0.0121,-0.000244,-0.003662,1.31543,0.488586,0.261902,0.161896,2.7794504656673222,-1.4713379340937847,0.05722808144413133,0.9702673787533189,-0.5228125634951989,89.73565362591638,2.236,-1.922,1.3876
0.0124,0.003418,-0.006348,1.314697,0.702209,0.292419,-0.509491,2.779472931776412,-1.471324896028242,0.057228018875016294,0.9678936493563041,-0.52433082504487,89.72904878889493,2.236,-1.922,1.3876
0.0115,-0.007324,-0.014404,1.302002,0.94635,0.048279,-0.936737,2.7794822518274476,-1.4713419713972178,0.0572279725912865,0.9630108674896011,-0.5225885384746229,89.72007173298114,2.236,-1.922,1.3876
0.0121,0.004639,0.002686,1.302979,0.793762,0.322937,-0.509491,2.7795032379032323,-1.4713205718491762,0.05722792690208017,0.9668912322212938,-0.5246425605206301,89.71285518025655,2.236,-1.922,1.3876
0.0124,-0.000977,0.006348,1.324219,0.549622,0.017761,0.161896,2.7795130504151877,-1.4713126275648483,0.057227903862461516,0.9699336006474629,-0.5270354652347417,89.71452084252284,2.236,-1.922,1.3876
0.0123,-0.008789,0.013428,1.304443,0.519104,0.322937,0.406036,2.7795076476525877,-1.4713202054599226,0.05722791343627076,0.9767296672338618,-0.5212801576636147,89.7200476905042,2.236,-1.922,1.3876
0.012,-0.008789,0.008301,1.30835,0.152893,0.231384,0.497589,2.7795047142427443,-1.4713299648692633,0.05722791406262947,0.9759177425993919,-0.5167738682188664,89.7268035139052,2.236,-1.922,1.3876
0.012,0.000244,0.011963,1.311768,-0.091248,0.078796,0.314484,2.7795143337705794,-1.4713157950423494,0.057227898385638715,0.9743530710486101,-0.5193506588827114,89.72970507360563,2.236,-1.922,1.3876
0.0111,-0.008301,0.00415,1.307861,0.000305,-0.043274,0.650177,2.779513870033239,-1.4713261712571153,0.05722789109580808,0.9693281199605205,-0.51839702348418,89.73779050454789,2.236,-1.922,1.3876
0.0124,-0.014648,-0.007568,1.313721,0.244446,0.41449,0.711212,2.7795086797359136,-1.471356817980784,0.05722787968818688,0.960496577446167,-0.5082049651605022,89.7491557605891,2.236,-1.922,1.3876
0.0121,0.000488,-0.001953,1.312988,0.671692,-0.043274,0.619659,2.7795250111668466,-1.4713474467050027,0.05722784323609523,0.9600847921702764,-0.5125182532765786,89.75640049429457,2.236,-1.922,1.3876
0.0121,0.012695,-0.000488,1.310303,0.458069,0.475525,0.070343,2.7795601192563226,-1.4713071410197633,0.057227783593736516,0.9580402969074596,-0.5176087971712781,89.75508709391201,2.236,-1.922,1.3876
0.0115,0.003906,-0.01001,1.303955,0.915833,-0.073792,0.253448,2.779584977201521,-1.471293655710934,0.05722773058874388,0.9553779187946279,-0.5241320330667815,89.75768619969497,2.236,-1.922,1.3876
0.0127,-0.009033,0.008057,1.318848,0.702209,0.689148,0.314484,2.77958152703552,-1.4713042406978736,0.05722773150441524,0.9616132497305779,-0.5134790823490536,89.76261998681792,2.236,-1.922,1.3876
0.012,-0.002441,0.018555,1.304932,0.641174,0.109314,0.589142,2.7795841875359764,-1.4712931304476013,0.05722773220080694,0.9727743388323994,-0.5142531632508638,89.76884486904984,2.236,-1.922,1.3876
0.0113,-0.01001,0.01416,1.312988,0.244446,0.139832,0.314484,2.7795768578702424,-1.4713029798734287,0.057227742414270116,0.976325199075594,-0.5102422428744721,89.77302134323422,2.236,-1.922,1.3876
0.0122,-0.001465,0.016113,1.306396,0.213928,-0.073792,-0.082245,2.7795820317752225,-1.4712909817946633,0.057227737577215144,0.980929444838541,-0.5136650558766048,89.77114650066937,2.236,-1.922,1.3876
0.0127,0.00293,0.015381,1.310059,0.06134,0.353455,-0.173798,2.779594325141012,-1.4712689412894213,0.057227723616057366,0.9832270948957318,-0.5142481674151435,89.76753918498461,2.236,-1.922,1.3876
0.0109,-0.00293,-0.009033,1.313477,0.244446,-0.073792,0.100861,2.779608414285823,-1.4712721220619451,0.057227696150709405,0.9731227484101003,-0.5166743297186727,89.769387760512,2.236,-1.922,1.3876
0.012,0.002686,-0.002686,1.3125,0.458069,0.292419,0.009308,2.77962808034851,-1.4712589067607864,0.05722766490682273,0.9696249109021869,-0.5180653047913122,89.76910066083784,2.236,-1.922,1.3876
0.0123,0.009766,-0.003174,1.304443,0.702209,0.200867,-0.356903,2.7796589328159924,-1.4712287041144283,0.057227621428551645,0.9690331538669247,-0.5246077263894393,89.76321575740084,2.236,-1.922,1.3876
0.0121,-0.008545,-0.005127,1.313721,0.671692,-0.226379,-0.540009,2.7796619786473364,-1.471244733195157,0.0572276113509235,0.9668102247034288,-0.5254426793619457,89.75812944032941,2.236,-1.922,1.3876
0.0121,-0.013916,0.003418,1.320557,0.610657,0.353455,-0.540009,2.779653312557216,-1.471269346967719,0.05722761838268597,0.9688166064061525,-0.5161969835182174,89.75349585354915,2.236,-1.922,1.3876
0.012,-0.001953,0.006348,1.291504,0.519104,0.475525,0.070343,2.7796623599071206,-1.4712622204067156,0.05722760694208551,0.9714316489741884,-0.512854811153836,89.75413476769218,2.236,-1.922,1.3876
0.0122,-0.002441,0.011475,1.320068,0.366516,0.200867,0.039825,2.77966801175293,-1.471254890054808,0.05722760072010316,0.9751070124766423,-0.512314648629651,89.75422449387938,2.236,-1.922,1.3876
0.0123,-0.010254,-0.000732,1.305908,0.000305,0.475525,0.375519,2.7796671682145946,-1.4712714034301606,0.05722759761166145,0.9672404000189192,-0.5039868458752581,89.76034304246689,2.236,-1.922,1.3876
0.0114,0.001953,0.009277,1.300537,0.000305,-0.043274,0.283966,2.7796808901691965,-1.4712534238573949,0.05722758340317441,0.9653674096403179,-0.5091882118295264,89.76249254311371,2.236,-1.922,1.3876
0.0121,0.00293,0.005371,1.311523,0.458069,0.017761,0.314484,2.779697369933376,-1.471235622094662,0.05722756538167802,0.9666478194657814,-0.5141316304621142,89.76533442114467,2.236,-1.922,1.3876
0.0122,-0.010254,-0.000732,1.311279,0.488586,0.170349,0.100861,2.7796962788029895,-1.4712524396206883,0.05722756347319809,0.9647892421885549,-0.5094488448721198,89.76802101868307,2.236,-1.922,1.3876
0.0116,-0.00415,-0.001953,1.30957,0.580139,0.139832,-0.295868,2.779705274254997,-1.471254641915902,0.057227552608978355,0.9630519415739429,-0.5087572839989488,89.7651231693749,2.236,-1.922,1.3876
0.012,0.009521,0.003906,1.314209,0.793762,0.322937,-0.082245,2.7797328594386803,-1.4712211692209907,0.05722752794145064,0.9674817585736889,-0.5138130575661628,89.76226254069472,2.236,-1.922,1.3876
0.0121,-0.010986,-0.005127,1.309814,0.671692,0.231384,0.406036,2.7797328455375334,-1.4712417400533844,0.057227527365017655,0.9651711095130664,-0.508058482841525,89.76900739759441,2.236,-1.922,1.3876
0.0121,-0.016113,-0.00293,1.31665,0.397034,0.139832,0.192413,2.7797239523968127,-1.4712734355875048,0.05722753376124998,0.9608903964017192,-0.5004257348483128,89.77380437279596,2.236,-1.922,1.3876
0.0125,-0.003418,0.015625,1.30127,0.397034,0.383972,0.436554,2.7797267518562774,-1.471265457074751,0.05722753201406119,0.9676897953861785,-0.49730395929385085,89.77874636529795,2.236,-1.922,1.3876
0.012,-0.003906,0.006592,1.316162,0.274963,0.292419,0.406036,2.7797328805507067,-1.471262673707818,0.05722752776673913,0.9673992151536763,-0.4951225139421926,89.78365005224694,2.236,-1.922,1.3876
0.0121,-0.00415,0.008301,1.302246,0.519104,0.139832,0.222931,2.779738014544172,-1.4712594725118386,0.057227524602173264,0.9711535171526444,-0.49465035010853997,89.786277157198,2.236,-1.922,1.3876
0.012,0.0,0.004883,1.311035,0.702209,0.53656,0.253448,2.779751496476667,-1.4712475300751702,0.05722751771372714,0.9749471904624659,-0.4918730799818768,89.78886005210843,2.236,-1.922,1.3876
0.0112,-0.001221,0.0,1.315918,0.305481,-0.226379,0.192413,2.7797649685065644,-1.4712409592569873,0.05722751139323342,0.9709102712165204,-0.4972430648363814,89.79087145778657,2.236,-1.922,1.3876
0.0125,0.002441,0.0,1.303223,0.427551,0.292419,0.131378,2.7797842809058695,-1.4712251311323898,0.05722750215451129,0.9688439670498792,-0.4986525236466526,89.79187528481624,2.236,-1.922,1.3876
0.012,0.010498,0.006348,1.30542,0.519104,0.41449,-0.326385,2.779813104261412,-1.4711872705612064,0.05722748737366477,0.9714358504784174,-0.5033515135820102,89.78575945235075,2.236,-1.922,1.3876
0.0121,-0.006104,0.005371,1.303223,0.641174,0.261902,-0.14328,2.779816347220066,-1.471190673485973,0.057227487510399216,0.9749245656458766,-0.5001052112651351,89.78448977032646,2.236,-1.922,1.3876
0.0112,-0.008789,0.006836,1.314697,0.732727,0.292419,-0.204315,2.7798149367577496,-1.4711999118294556,0.05722749035309102,0.979628545583069,-0.4951727251159601,89.78301190802338,2.236,-1.922,1.3876
0.0124,-0.003662,0.011963,1.304688,0.183411,-0.012756,0.009308,2.7798190597905967,-1.471194368464235,0.05722748853347282,0.9814438115141016,-0.49676015321653955,89.78278655459937,2.236,-1.922,1.3876
0.0122,-0.000977,0.009521,1.309326,0.244446,0.170349,-0.14328,2.779828413528395,-1.4711835947529985,0.0572274852225396,0.9824988937892385,-0.4976321436015751,89.78046424034245,2.236,-1.922,1.3876
0.012,-0.011475,0.000244,1.305176,0.244446,0.261902,0.039825,2.7798261880905186,-1.4712015317711364,0.057227491347017094,0.9780692434906348,-0.49135325789217305,89.78248039142724,2.236,-1.922,1.3876
0.0114,-0.00415,0.003662,1.31665,0.610657,0.109314,0.253448,2.7798336243860615,-1.4712005153854693,0.05722749224278734,0.9796180316911208,-0.49129416635422346,89.78556283403698,2.236,-1.922,1.3876
0.0128,0.002686,0.003174,1.311768,0.244446,0.445007,0.283966,2.7798518860038275,-1.4711831321109887,0.05722748957657927,0.9770809952760056,-0.49085744585354474,89.78842004651216,2.236,-1.922,1.3876
0.0116,-0.011719,0.0,1.317871,0.427551,0.322937,0.070343,2.779849423662965,-1.4712014803608067,0.05722749594015335,0.9745429779089815,-0.48389791387889625,89.7908134885416,2.236,-1.922,1.3876
0.0121,-0.003174,-0.000488,1.317627,0.732727,-0.195862,0.131378,2.779860484505595,-1.4711994347347137,0.05722749901100666,0.9756123623445087,-0.4880352704823021,89.79257234729924,2.236,-1.922,1.3876
0.0121,0.011475,0.002441,1.301025,0.549622,0.41449,0.222931,2.7798931768994986,-1.471160357884699,0.05722749502105643,0.9762251585292315,-0.4935378007108789,89.79309384076845,2.236,-1.922,1.3876
0.0122,-0.003174,0.005127,1.313965,0.641174,0.383972,0.253448,2.7799014317002997,-1.4711564387219338,0.057227497149540445,0.9794975394161872,-0.49063990278758396,89.79621384305577,2.236,-1.922,1.3876
0.0115,-0.003662,0.00708,1.310059,0.213928,0.048279,0.222931,2.779907927656424,-1.4711528592391214,0.05722749861245768,0.9785930209742797,-0.49158294159999344,89.79870311160623,2.236,-1.922,1.3876
0.012,-0.002441,0.011963,1.30835,0.244446,0.231384,0.070343,2.7799140316971895,-1.471144269891423,0.05722749752849127,0.9810380905681765,-0.49101081532915997,89.79905936686296,2.236,-1.922,1.3876
0.0122,-0.002686,0.009277,1.301758,0.549622,0.231384,0.131378,2.779921149191407,-1.4711372765103414,0.057227498202308665,0.9856580590365109,-0.49030558808767855,89.8003502240921,2.236,-1.922,1.3876
0.0115,-0.010498,-0.001953,1.318604,0.335999,0.353455,-0.387421,2.779921763135786,-1.471153478044008,0.057227508273836915,0.9808660067034839,-0.4836557666258872,89.79740284687892,2.236,-1.922,1.3876
0.0121,-0.002197,0.003662,1.307861,0.397034,-0.012756,0.283966,2.7799323736946917,-1.4711474419328525,0.057227512633706845,0.9802796627933271,-0.4862550538574576,89.80068226392697,2.236,-1.922,1.3876
0.0121,0.008301,-0.000732,1.308838,0.244446,0.811218,0.283966,2.779961409844585,-1.4711179524972895,0.05722751874079351,0.9753109931725772,-0.48508644682353785,89.80272958539669,2.236,-1.922,1.3876
0.0124,-0.005859,-0.005127,1.311279,0.580139,0.628113,-0.051727,2.779970431747258,-1.4711243632624251,0.057227529989122644,0.9720427391921692,-0.4775891467202343,89.80310040282066,2.236,-1.922,1.3876
0.0122,-0.003174,-0.002441,1.314941,0.641174,0.017761,0.100861,2.7799823726718795,-1.4711231321103193,0.05722753993110595,0.9709751562879381,-0.4792413099511641,89.80464813922981,2.236,-1.922,1.3876
0.0113,-0.000244,0.007324,1.30249,0.732727,0.170349,0.406036,2.779994575643428,-1.4711103356319621,0.05722754363416487,0.9760878378256759,-0.4810244303534981,89.80857864977733,2.236,-1.922,1.3876
0.0127,-0.007324,0.009033,1.303711,0.549622,0.567078,0.131378,2.7799950152782134,-1.4711139322386106,0.05722754651855811,0.9808720110748238,-0.4733600513512531,89.81070049849752,2.236,-1.922,1.3876
0.0121,-0.005127,0.010498,1.309814,0.427551,0.078796,-0.112762,2.779998259591507,-1.471111679194017,0.05722754865028523,0.9846618093237788,-0.47316936623394895,89.80926948566226,2.236,-1.922,1.3876
0.0113,0.005859,0.007812,1.311035,0.213928,0.048279,-0.204315,2.780019717588791,-1.4710844797979914,0.05722755420309011,0.9841283295713277,-0.4797654755926923,89.80534379028259,2.236,-1.922,1.3876
0.0126,-0.012939,0.000977,1.312012,0.274963,0.109314,-0.14328,2.7800152418576496,-1.4711050950417504,0.057227564271391286,0.9806352986089432,-0.4745152558752015,89.80521171066927,2.236,-1.922,1.3876
0.0122,-0.002441,-0.001709,1.318115,0.305481,0.383972,0.039825,2.780028268867955,-1.4711014980456238,0.05722757781774351,0.9758495259364526,-0.47217629362919405,89.8059227617606,2.236,-1.922,1.3876
0.0113,0.007568,0.001709,1.303467,0.397034,0.170349,0.131378,2.780055326127309,-1.471072168705474,0.057227590286684664,0.9738941532373198,-0.4785561499702982,89.80582408589098,2.236,-1.922,1.3876
0.0125,0.0,-0.002197,1.313232,0.580139,0.41449,0.039825,2.780072042950725,-1.4710633509226085,0.05722760551489639,0.9723932414741311,-0.477131938867324,89.80622891444676,2.236,-1.922,1.3876
0.0116,-0.006592,-0.001709,1.307129,0.580139,0.078796,-0.112762,2.7800782517775366,-1.4710701513107884,0.05722761915706459,0.9707009219793318,-0.47609597204896964,89.80575490948816,2.236,-1.922,1.3876
0.0121,0.000977,0.007324,1.321289,0.274963,0.170349,0.161896,2.780091959315106,-1.471054976372718,0.057227626090554345,0.9708351486535338,-0.47831919832845426,89.8069022749727,2.236,-1.922,1.3876
0.0121,0.003174,0.010254,1.306152,0.305481,0.170349,0.131378,2.7801078432990955,-1.4710329465928442,0.05722763086878086,0.9731302028277802,-0.4819061692134146,89.80715494984241,2.236,-1.922,1.3876
0.0123,-0.003662,0.00293,1.304199,0.335999,0.41449,0.222931,2.7801163016832113,-1.4710308323202395,0.05722764130952808,0.971542301798224,-0.4784787341923867,89.81009950456858,2.236,-1.922,1.3876
0.0113,-0.004395,0.005371,1.309326,0.152893,0.139832,0.100861,2.7801224096998327,-1.4710294538217186,0.05722764892494756,0.9690160662637157,-0.47808534323707524,89.81136328186193,2.236,-1.922,1.3876
0.0122,0.00708,0.009277,1.308105,0.274963,0.170349,0.314484,2.7801444774924584,-1.470998879433501,0.05722765679747726,0.9703927286205595,-0.4839597318085663,89.81333048021077,2.236,-1.922,1.3876
0.012,-0.001465,0.00708,1.304688,0.488586,-0.043274,0.192413,2.7801540499557746,-1.4709901839736734,0.05722766386926139,0.972981883496245,-0.48734515241986137,89.81520774781701,2.236,-1.922,1.3876
0.0126,-0.016357,-0.001221,1.31543,0.397034,0.292419,0.009308,2.7801446778447008,-1.4710206158046044,0.05722767563660758,0.9698214308704413,-0.477772633113487,89.81773597269007,2.236,-1.922,1.3876
0.0117,0.000488,0.002441,1.306396,0.427551,0.445007,-0.112762,2.780159681700583,-1.4710087012817585,0.05722768980456343,0.9688729204153478,-0.4766308096474132,89.81599220689131,2.236,-1.922,1.3876
0.0121,0.002197,-0.000488,1.314697,0.671692,0.445007,-0.02121,2.780178549282138,-1.4709943189579004,0.05722770927775008,0.9692902799550953,-0.4762807013832474,89.81523413660713,2.236,-1.922,1.3876
0.0121,-0.010986,-0.00293,1.312988,0.335999,0.261902,0.009308,2.78017801459563,-1.4710125164423575,0.05722772462188985,0.9642549785761213,-0.47046338255929715,89.81698841391571,2.236,-1.922,1.3876
0.0122,-0.00708,0.001953,1.315674,0.335999,0.506042,0.406036,2.7801816179421146,-1.4710186035432462,0.057227736251627546,0.9620991773826033,-0.4640818667306178,89.8227127061069,2.236,-1.922,1.3876
0.0114,0.004883,0.010254,1.311523,0.244446,0.41449,0.222931,2.7802007198947005,-1.4709917743062115,0.05722774705305273,0.9635430070867265,-0.4661480158487587,89.82364739244547,2.236,-1.922,1.3876
0.0123,-0.009277,0.003418,1.311279,0.427551,-0.012756,0.253448,2.7802002447132015,-1.4710025298472316,0.057227755934033384,0.9634264218878705,-0.46477816079333695,89.82769592340978,2.236,-1.922,1.3876
0.0113,-0.003662,0.00708,1.315186,0.580139,0.445007,0.161896,2.7802072205557664,-1.4709979033839793,0.05722776493581903,0.9667233485884523,-0.46152490968761195,89.8294512437704,2.236,-1.922,1.3876
0.0126,0.003662,0.007812,1.307373,0.580139,0.048279,-0.02121,2.7802253413122338,-1.470975397804221,0.05722777889329352,0.9712184245954648,-0.46696929260193853,89.82785455241428,2.236,-1.922,1.3876
0.012,0.000488,0.002197,1.318359,0.397034,0.567078,-0.051727,2.780240747143928,-1.4709634997073673,0.05722779851451697,0.9698351685455898,-0.4642882095381075,89.82684992332277,2.236,-1.922,1.3876
0.0123,-0.010986,-0.003662,1.30542,0.519104,-0.012756,0.345001,2.7802408973260904,-1.4709815043918093,0.0572278174025472,0.9666332557476572,-0.46196898375783013,89.83268896184971,2.236,-1.922,1.3876
0.012,0.008057,0.006104,1.307617,0.305481,0.506042,0.070343,2.78026683253151,-1.4709489063656838,0.05722783920954691,0.9665158001062193,-0.4645927617048379,89.83168151611903,2.236,-1.922,1.3876
0.0113,-0.00708,0.004883,1.310059,0.458069,0.017761,0.009308,2.780269248829044,-1.4709537504107555,0.05722784938426921,0.9671742427913028,-0.46412137398165126,89.83230647368987,2.236,-1.922,1.3876
0.0125,-0.006836,0.006592,1.310303,0.519104,0.170349,-0.356903,2.7802714912160993,-1.4709570322727996,0.05722785783965485,0.9701524171319456,-0.46181154066843455,89.82825335509139,2.236,-1.922,1.3876
0.0122,-0.002686,0.003906,1.303711,0.427551,0.078796,0.039825,2.780281392158555,-1.4709514750783492,0.05722787410616059,0.9702610690590164,-0.4632240734094632,89.82861984002895,2.236,-1.922,1.3876
0.0111,-0.002441,0.004395,1.308838,0.335999,0.261902,0.436554,2.7802913582910995,-1.4709452429386216,0.057227889989157024,0.9691355597984892,-0.46288121906781576,89.83332137853174,2.236,-1.922,1.3876
0.0121,-0.007568,-0.001953,1.316895,0.610657,0.353455,0.161896,2.780296203904065,-1.4709540988504437,0.05722791151119758,0.9679521067366349,-0.45811868192131816,89.83631249373968,2.236,-1.922,1.3876
0.0123,0.00293,0.006348,1.299805,0.305481,0.078796,0.283966,2.780313910063566,-1.470933617264158,0.05722793025452407,0.9680728391305082,-0.4629349228578755,89.83864324871719,2.236,-1.922,1.3876
0.0122,0.006836,0.006348,1.31665,0.335999,0.353455,-0.02121,2.780337154965128,-1.4709047962322217,0.05722795307311918,0.9684775320837093,-0.46646638601368756,89.83673925381939,2.236,-1.922,1.3876
0.0122,-0.010742,0.001709,1.300781,0.458069,-0.104309,-0.082245,2.7803352627603912,-1.470919929898154,0.05722796631176486,0.967702072622246,-0.4652926126500871,89.83699055255329,2.236,-1.922,1.3876
0.0121,0.000488,0.01001,1.312256,0.305481,0.139832,-0.173798,2.780347074672447,-1.4709044988326159,0.057227977100413996,0.969875072461851,-0.4677063307118587,89.83397374480393,2.236,-1.922,1.3876
0.0114,0.004395,0.007568,1.304443,0.397034,-0.104309,-0.112762,2.7803655384066617,-1.4708812812546719,0.05722799492905376,0.9714669115076917,-0.47529751243041357,89.83127563678013,2.236,-1.922,1.3876
0.0122,-0.002441,0.000244,1.316406,0.519104,0.353455,0.039825,2.780376502592863,-1.470878235282504,0.05722801912390301,0.9704977864792026,-0.47332539571555904,89.83196351037486,2.236,-1.922,1.3876
0.0122,-0.006836,-0.00415,1.300293,0.458069,0.231384,0.345001,2.7803828307333607,-1.470887263190862,0.05722804682823329,0.9662217553685998,-0.4704147082868895,89.83725462335588,2.236,-1.922,1.3876
0.0121,-0.00293,0.006104,1.317383,0.274963,0.353455,0.467072,2.780390785941068,-1.4708820779677736,0.05722806102474563,0.9656825092322817,-0.46832669289937706,89.84280649608428,2.236,-1.922,1.3876
0.0122,0.00415,0.007812,1.303711,0.580139,0.353455,0.406036,2.780409069602205,-1.4708589469030589,0.057228080440083665,0.9699355469677898,-0.47044272261437364,89.84643874678866,2.236,-1.922,1.3876
0.0112,-0.007812,0.001709,1.312012,0.274963,0.170349,0.253448,2.7804114000719995,-1.4708675089059733,0.05722809762503334,0.9666068123499094,-0.46783369722027995,89.85015801166689,2.236,-1.922,1.3876
0.012,0.00293,0.001953,1.323975,0.610657,-0.134827,0.131378,2.780429461955446,-1.4708512468357775,0.057228125670361334,0.9676402737733459,-0.47488238070326805,89.85091816848929,2.236,-1.922,1.3876
0.0122,0.006836,0.012207,1.302002,0.488586,0.353455,-0.051727,2.7804496364367117,-1.4708199938492053,0.05722814013974633,0.9734023738490866,-0.47842094300035354,89.84831099081848,2.236,-1.922,1.3876
0.0126,-0.009033,0.001221,1.31665,0.549622,-0.012756,0.161896,2.7804502743752106,-1.4708322976679042,0.05722815891293319,0.9735437234327142,-0.4770369360557278,89.85146950821152,2.236,-1.922,1.3876
0.0127,-0.006592,0.00415,1.311279,0.366516,0.322937,0.070343,2.7804534948360953,-1.4708370089128995,0.05722817467117222,0.973161869091479,-0.47286977123536145,89.85297143558823,2.236,-1.922,1.3876
0.0111,0.002686,0.015137,1.30957,0.488586,0.048279,-0.14328,2.780465981426323,-1.4708146421534654,0.05722817971663201,0.9799918815491938,-0.47765754134336824,89.84985120666988,2.236,-1.922,1.3876
0.0122,-0.009521,-0.001465,1.315918,0.183411,0.200867,0.009308,2.7804671446387634,-1.4708290963883779,0.0572282036839947,0.9738835706090929,-0.4733833626619166,89.85134092614186,2.236,-1.922,1.3876
0.0121,-0.007812,0.00293,1.317627,0.244446,0.017761,-0.02121,2.780468985303794,-1.4708372263980478,0.05722822059479995,0.9711012335890711,-0.4723482323008116,89.8518828091569,2.236,-1.922,1.3876
0.0113,0.004639,0.004639,1.299561,0.335999,0.383972,-0.051727,2.7804887285842064,-1.4708150678927703,0.057228248138696536,0.9702589104833915,-0.4746195659356849,89.85011737543903,2.236,-1.922,1.3876
0.0122,-0.002686,-0.000244,1.309326,0.610657,0.170349,0.375519,2.780499331732589,-1.4708129516897264,0.05722827722164362,0.9701046538011318,-0.47482981347376085,89.85493537815955,2.236,-1.922,1.3876
0.0119,-0.009521,-0.006592,1.313721,0.610657,0.41449,0.253448,2.780502552501411,-1.4708296502477767,0.05722831155202474,0.9660835850639335,-0.4681847683601771,89.8596477766653,2.236,-1.922,1.3876
0.0121,0.002197,0.010742,1.31958,0.549622,0.078796,0.161896,2.7805161100215976,-1.4708105352114105,0.05722832574574547,0.971541900236847,-0.4723047261787134,89.86041106675408,2.236,-1.922,1.3876
0.0116,0.004395,0.01001,1.296875,0.549622,0.689148,0.375519,2.7805337416299274,-1.4707858682667447,0.057228345114038355,0.9763790395385156,-0.4709204097640263,89.86334287344611,2.236,-1.922,1.3876
0.0122,-0.009277,0.000488,1.31665,0.549622,-0.073792,-0.326385,2.7805346441001824,-1.4707986515009746,0.05722836764951944,0.9759038920756122,-0.47010453552670206,89.86052395983201,2.236,-1.922,1.3876
0.0121,0.000244,0.010254,1.312256,0.274963,0.017761,-0.112762,2.7805454728697243,-1.4707844385500835,0.05722838100916419,0.9777635853333302,-0.4737960171300356,89.8582895502432,2.236,-1.922,1.3876
0.012,0.00415,0.009521,1.300537,0.335999,0.048279,-0.173798,2.780562213501997,-1.4707615692571916,0.05722840030622813,0.9799576862645256,-0.47945106542675975,89.85478306631012,2.236,-1.922,1.3876
0.0121,-0.012451,0.001953,1.311035,0.335999,0.048279,0.009308,2.780557865062462,-1.470781015118451,0.05722841659945319,0.977661687263876,-0.47530913912441697,89.85648893995777,2.236,-1.922,1.3876
0.0115,-0.006104,0.001465,1.3125,0.000305,0.078796,0.161896,2.7805626815810527,-1.4707859994431536,0.05722844019954108,0.9710758680101614,-0.47461747098440327,89.85899275113246,2.236,-1.922,1.3876
0.012,0.002686,0.002441,1.315674,0.427551,0.261902,0.436554,2.7805797114140187,-1.4707704576629586,0.05722847253110199,0.9701663755612319,-0.4768681500263896,89.86352156522733,2.236,-1.922,1.3876
0.0121,-0.00415,0.001221,1.312256,0.397034,0.200867,0.161896,2.780587307581977,-1.470771176436679,0.05722849905778844,0.9682667367960912,-0.47579225173848144,89.86586944878843,2.236,-1.922,1.3876
0.0121,-0.010742,-0.000244,1.313477,0.671692,0.109314,0.131378,2.78058618497343,-1.4707875451960506,0.05722852143715115,0.9688201345748151,-0.47197591305248965,89.86891108819921,2.236,-1.922,1.3876
0.0123,0.005127,0.00415,1.312744,0.305481,0.506042,0.222931,2.780606439414935,-1.4707649224335937,0.05722855493551829,0.967594766886035,-0.4726119740841105,89.87047753695825,2.236,-1.922,1.3876
0.0121,0.001465,0.005615,1.30249,0.335999,0.200867,0.131378,2.7806206969632226,-1.4707499944428568,0.05722858016661572,0.9675934470261487,-0.47491898764962337,89.87129678603307,2.236,-1.922,1.3876
0.0123,-0.001953,0.002441,1.307373,0.488586,0.170349,-0.051727,2.78063104428025,-1.4707449261669547,0.057228607987016136,0.9676528936272671,-0.47546249848489974,89.87062655590303,2.236,-1.922,1.3876
0.0121,0.000488,0.01001,1.314941,0.397034,0.41449,-0.204315,2.7806420471088527,-1.4707304708392577,0.05722862316006846,0.9709077182288534,-0.47445769524742415,89.8673485350024,2.236,-1.922,1.3876
0.0111,0.001709,0.016113,1.297852,0.488586,0.078796,0.070343,2.7806525467670085,-1.4707097524080808,0.057228626254121125,0.978417549779791,-0.4784448135357643,89.86666981358614,2.236,-1.922,1.3876
0.0121,-0.013428,-0.000977,1.31665,0.305481,-0.165344,-0.173798,2.7806478731417132,-1.4707329287036146,0.05722864858472189,0.9740790358478587,-0.4762619388029228,89.86644678070199,2.236,-1.922,1.3876
0.0122,-0.002197,-0.002686,1.304443,0.274963,0.017761,0.131378,2.780659690073383,-1.4707312353214925,0.05722868834771779,0.9684396222697409,-0.47855942484302383,89.86834425029689,2.236,-1.922,1.3876
0.0121,0.007568,0.002441,1.312744,0.458069,0.41449,-0.051727,2.7806832800512904,-1.4707049413523967,0.057228729737950346,0.9680200796869748,-0.4816873276618473,89.86631680217104,2.236,-1.922,1.3876
0.0122,-0.013916,-0.00708,1.309814,0.488586,0.353455,0.253448,2.7806798307760507,-1.4707325653164796,0.05722876393773825,0.9624323927525523,-0.4730273220347763,89.87184634050158,2.236,-1.922,1.3876
0.012,-0.002441,-0.006104,1.325684,0.610657,0.200867,0.283966,2.7806924205171946,-1.470733136723202,0.05722881147532628,0.9588390037079231,-0.4729586952009386,89.87581912691519,2.236,-1.922,1.3876
0.0121,0.009766,0.008545,1.304932,0.580139,0.322937,0.406036,2.7807176069976665,-1.4706972337651765,0.057228844129707225,0.9635317088892064,-0.47870331061715965,89.87850002695846,2.236,-1.922,1.3876
0.0122,0.005371,0.009277,1.313721,0.519104,0.353455,0.253448,2.780735691749343,-1.4706720544880092,0.0572288687160412,0.9678811973018957,-0.4813051073702627,89.88006922380293,2.236,-1.922,1.3876
0.0117,-0.009766,0.001465,1.312988,0.366516,0.383972,0.131378,2.7807348591085086,-1.470686004475618,0.057228889858386166,0.9656289552231202,-0.4748615942646492,89.88291265641953,2.236,-1.922,1.3876
0.012,-0.001953,0.009766,1.312988,0.488586,0.048279,0.192413,2.780742285095562,-1.4706773748314332,0.0572289031627242,0.9697848138557804,-0.47692143677249244,89.88473037912556,2.236,-1.922,1.3876
0.0113,0.007568,0.015625,1.312012,-0.030212,0.109314,-0.051727,2.7807609860460873,-1.4706440968120946,0.057228916455418374,0.9711990686524234,-0.4838060412408904,89.88186026842014,2.236,-1.922,1.3876
0.0123,-0.010986,-0.003662,1.318359,0.244446,0.109314,0.039825,2.7807600781739596,-1.4706639050019221,0.05722894808403878,0.9646743737641305,-0.47971519398167684,89.88413356867426,2.236,-1.922,1.3876
0.0131,0.002441,0.003662,1.305176,0.641174,-0.012756,0.070343,2.7807756485229467,-1.4706488715722168,0.05722898182831384,0.9678362310732564,-0.4850657877366941,89.88428035477288,2.236,-1.922,1.3876
0.0111,0.003174,0.00293,1.314697,0.671692,0.139832,0.100861,2.7807922083841587,-1.4706331949752471,0.05722901857185219,0.9695772867499192,-0.4890076507073079,89.8846337668945,2.236,-1.922,1.3876
0.0115,-0.004395,0.0,1.312012,0.519104,0.353455,0.192413,2.7807992817250464,-1.470636237196013,0.05722905222972311,0.9681262471378812,-0.4860505917413486,89.88746009894834,2.236,-1.922,1.3876
0.012,0.002441,0.001465,1.312744,0.641174,0.109314,0.131378,2.780815404812109,-1.4706229725341384,0.05722909240996937,0.9692561220710761,-0.4898122083418039,89.88846817605094,2.236,-1.922,1.3892
0.0122,0.00293,0.006348,1.310547,2.136536,-0.378967,0.070343,2.7808319927142033,-1.46986217998102,0.05723555235218151,0.9914087260226789,-0.4996991526929562,89.88831311630518,2.236,-1.921,1.399
0.0124,0.053467,-0.015869,1.247314,-2.929382,-0.378967,23.41629,2.780925231113347,-1.469138227150149,0.057241776822242914,0.935855860795856,-0.5458449439429437,90.1709674894049,2.236,-1.921,1.4152
0.0122,-0.071045,-0.15625,1.356201,-0.426941,-1.538635,26.498566,2.7808762634305872,-1.4695165224242976,0.057240190850859705,0.8335427755542284,-0.5326498325069227,90.516042444506,2.236,-1.922,1.4168
0.012,0.050049,-0.072021,1.109375,-0.732117,-3.49176,24.881134,2.780972664101788,-1.4695047441389189,0.05724016439491888,0.7673003920815938,-0.6173980367191481,90.80816707092559,2.236,-1.921,1.4216
0.0114,0.011719,-0.196533,1.213623,0.427551,-0.287415,40.170441,2.780976380948991,-1.4690755075634825,0.05724667026280554,0.6411853268458064,-0.6367713250415937,91.27903098239031,2.236,-1.921,1.4346
0.0128,0.042236,-0.130615,1.490234,3.448792,-0.59259,55.276642,2.7810108475235813,-1.4685679215129352,0.05725299303895677,0.6062477666985183,-0.6748711474639032,91.98683263722074,2.236,-1.921,1.4394
0.0112,-0.036621,-0.149414,1.261475,4.608459,2.703308,56.31424,2.7809241439340813,-1.4684204525430484,0.0572570894866137,0.5572201803799223,-0.6316625858758319,92.63892958816463,2.236,-1.92,1.4556
0.0121,0.134521,-0.129395,1.354736,2.746887,2.947449,64.981232,2.7811508510647984,-1.4672425041624642,0.057270059333961586,0.5070031279264033,-0.6807449725645666,93.39759895848215,2.236,-1.919,1.467
0.0121,0.125244,-0.137451,1.405518,4.181213,-1.447083,68.673859,2.7813264513867813,-1.466242779929812,0.05728257529746652,0.47098193331608806,-0.7739159978548129,94.20512956090197,2.236,-1.919,1.4751
0.0117,-0.006348,-0.08667,1.306152,3.479309,-4.681946,73.098907,2.781223994607842,-1.4654420852160814,0.05729516321219208,0.44672957030336014,-0.8321610809671153,95.07130330659535,2.236,-1.917,1.4896
0.0123,0.110596,-0.162598,1.169189,2.83844,2.611755,78.317413,2.7813459399492273,-1.4639341250120048,0.05731964259775958,0.3624753588989986,-0.8798643889862924,96.01110438847695,2.236,-1.916,1.501
0.012,0.095703,0.096436,1.618652,5.951233,1.940369,68.490753,2.7813988007192747,-1.4622700862178437,0.057343161041516176,0.4645444086033994,-0.9054693048075056,96.79841150792156,2.236,-1.914,1.5188
0.0123,0.167969,0.074463,1.433594,0.549622,-0.256897,72.427521,2.7815287204730352,-1.4599321342153297,0.057380233021889326,0.49423661954618586,-1.0029541715821513,97.63048345213149,2.236,-1.912,1.5301
0.0119,0.27417,-0.027344,1.138916,1.526184,1.42157,68.704376,2.781905323824362,-1.4573102063687933,0.05743315649150816,0.47928496191220815,-1.1686254594102403,98.3532231293492,2.236,-1.911,1.5414
0.0123,0.103516,0.079834,1.140137,4.394836,-4.437805,74.777374,2.7817866676210414,-1.4544565798067888,0.05749039886121542,0.565040225316273,-1.2973564424273996,99.2188443878886,2.236,-1.908,1.5625
0.0116,0.025635,-0.110352,1.391602,3.784485,4.229187,78.683624,2.7814734258870217,-1.452777282949839,0.057536398730776005,0.5247068365527598,-1.2664822129481192,100.14879294722898,2.236,-1.907,1.5738
0.0122,-0.024658,-0.038574,1.41333,2.624817,-6.14679,81.369171,2.7809319163403785,-1.4502928122621568,0.057592682066077705,0.510110974858041,-1.3311427896630958,101.16003293343616,2.236,-1.904,1.5868
0.0114,0.20459,-0.101807,1.11499,1.892395,3.130554,79.446564,2.7806313983504642,-1.4464078788287613,0.05771147172753261,0.44195169946602014,-1.4359719766579606,102.00975325137479,2.236,-1.9,1.603
0.0121,0.228027,-0.088867,1.229736,4.089661,5.541443,80.514679,2.780212051424283,-1.4420162891402712,0.057855191275387914,0.41273838934764284,-1.509254970915352,102.92229928626976,2.236,-1.897,1.6127
0.0128,0.104736,-0.029785,1.229004,6.012268,2.886414,85.580597,2.778650799528053,-1.4341416854671505,0.05808819003243397,0.4410565978592023,-1.5395537137611588,103.98847560449192,2.236,-1.893,1.6321
0.0116,0.135986,-0.056885,1.62793,1.739807,8.013367,105.966339,2.7783321557388954,-1.4318856939884825,0.058172707648800046,0.400512083927804,-1.5114894311489084,105.19404578722225,2.236,-1.891,1.6564
0.0118,-0.14624,-0.245361,1.058594,9.399719,-7.184387,106.790314,2.777018592251588,-1.4303137325490256,0.05821198929140974,0.30666921547619286,-1.4983559325296072,106.59965697627143,2.236,-1.888,1.6694
0.0123,0.404053,0.11377,1.386719,10.193176,-1.141907,102.914581,2.7763503682655606,-1.4233314148687606,0.05847202884136929,0.45672709055143124,-1.721896450812426,107.69201110045667,2.235,-1.883,1.6791
0.0115,0.446289,-0.042236,1.513428,-0.396423,-0.562073,100.839386,2.7757021894098735,-1.4176674232432915,0.05874346689352739,0.3966671727555503,-1.9388131986466468,108.71414917659624,2.235,-1.879,1.692
0.0123,0.087646,0.114746,1.370117,0.122375,2.123474,101.266632,2.7745867300049487,-1.4131005489246173,0.05890323464674378,0.4190171054422983,-1.9583431220700718,109.89974988399082,2.234,-1.874,1.7147
0.012,0.136963,0.200195,1.716797,8.087463,6.21283,90.951691,2.773283485054796,-1.4080205980421696,0.05908423665101589,0.5648099910442723,-1.9401783327980235,110.91354552816065,2.233,-1.87,1.7244
0.0118,0.253662,0.135254,0.878418,3.753967,-3.674866,86.67923,2.772098427681404,-1.4013958089929723,0.059408363645087156,0.681876025074837,-2.1900710079451655,111.7474993323502,2.233,-1.866,1.7309
0.0124,0.211914,0.086914,1.374268,-0.579529,-10.541321,86.374054,2.7703988905978023,-1.3958588859463577,0.059686213755873324,0.6767135514133963,-2.4330610325143622,112.72903350068837,2.232,-1.861,1.7455
0.0121,-0.043701,-0.009033,1.15918,7.721252,-10.022522,97.146759,2.768625012627876,-1.3919668391443474,0.05983656523346996,0.7081779373187943,-2.522659568259894,113.93823127021093,2.231,-1.857,1.7552
0.0122,-0.189453,-0.094482,1.178711,12.634583,-3.095032,97.3909,2.7665924269286246,-1.3885389303082836,0.059924781888990676,0.743090762704939,-2.438188208831268,115.25007171475039,2.23,-1.85,1.7649
0.0115,0.075928,0.109375,1.133545,5.73761,9.173035,88.510284,2.764176116889031,-1.3828523761053257,0.06019215403290073,0.8350908201009394,-2.382819137809797,116.21139837031359,2.229,-1.845,1.7649
0.0124,0.143311,0.12915,1.668945,-5.798035,13.567566,83.078156,2.762013129379227,-1.3777235792708984,0.06044997503058448,0.7753422232194958,-2.277665402740605,117.18669646889347,2.228,-1.842,1.7697
0.0121,0.089844,0.080078,1.419434,-5.889587,-7.550598,84.451447,2.7600527308899845,-1.3734392293582651,0.06065439276849764,0.7014428613091555,-2.4134829701770286,118.16898474533002,2.227,-1.837,1.7859
0.0121,0.057129,0.035645,0.873779,7.446594,-10.388733,93.393097,2.7577324300898893,-1.3687731220368329,0.06090226575999142,0.7703397351964084,-2.589791039535662,119.26308793834518,2.226,-1.833,1.7956
0.0114,0.019043,-0.077881,1.337158,2.96051,9.630798,91.378937,2.7553331954536473,-1.3647589048014483,0.06113215260637049,0.7078926780796259,-2.487182644548755,120.33733807957898,2.225,-1.826,1.807
0.0121,0.318848,0.147217,1.509766,-3.387146,-7.031799,85.397491,2.752733954494121,-1.3590867598066902,0.06153994354495253,0.6896404961115452,-2.72053814555596,121.25550593051649,2.224,-1.822,1.8167
0.0121,0.255859,0.113281,1.391357,0.82428,1.818298,85.000763,2.750344047357175,-1.3541752351427825,0.06191900109924467,0.7079133230609626,-2.827342447382583,122.1879960642472,2.223,-1.819,1.8296
0.0123,0.113037,0.109619,1.637939,12.512512,2.276062,94.857941,2.7477660700441895,-1.3496747503788706,0.06218707975298324,0.8494332567044215,-2.845043651977985,123.31276965450202,2.221,-1.813,1.8442
0.0115,-0.148926,-0.033447,0.840088,8.667297,-1.447083,103.43338,2.74526179999523,-1.3465479517632677,0.06219520953484413,0.8540797597112472,-2.73062739507032,124.60165441990516,2.22,-1.809,1.8539
0.0124,-0.062012,-0.207764,1.324463,-10.680847,3.466248,101.266632,2.7422559246342395,-1.3430447731215096,0.06241290048256914,0.5393529578039289,-2.6494476965611753,125.95173356959359,2.218,-1.802,1.8685
0.0123,0.140869,-0.044434,1.419434,0.854797,-4.956604,93.393097,2.7393593479163614,-1.338791715246752,0.06275497982131802,0.4698305142221642,-2.775980106084505,127.08017498478844,2.217,-1.798,1.8815
0.0115,0.031982,0.194824,1.606934,3.174133,28.734802,78.86673,2.7367170547867357,-1.3349012768757549,0.06291466291860166,0.5541835665173928,-2.449928754473992,127.9498058640742,2.216,-1.795,1.8976
0.013,-0.319092,0.407959,1.304932,-9.307556,3.222107,72.885284,2.73294428332523,-1.3306018689359402,0.06269221981842844,0.6059028558227584,-2.2335790763226684,128.90602382936936,2.214,-1.79,1.909
0.0114,-0.163818,-0.131836,0.077637,1.892395,-6.574036,64.584503,2.7300515330521873,-1.330379252890429,0.06220449178757243,0.22468642581725265,-1.8727048874623136,129.9838010502619,2.212,-1.785,1.909
0.0113,0.906738,0.293457,1.299072,9.552307,3.985046,59.701691,2.7288767656519344,-1.3242058597500208,0.0630334664440295,0.43681838876804796,-2.2115436048877344,130.39112308121838,2.211,-1.781,1.9252
0.0121,-0.105957,-0.375732,1.246338,1.251526,-15.454651,76.669464,2.726525083311105,-1.3222223065168617,0.06316210691581342,0.19788881824302249,-2.3294260047845112,131.42853929577257,2.209,-1.777,1.9365
0.0131,0.184326,0.00415,1.185547,1.404114,0.628113,76.455841,2.7227820693294436,-1.3167800443125874,0.06362649860134231,0.17975185726100845,-2.4273164728550705,132.35838500490217,2.208,-1.773,1.943
0.0108,-0.175293,0.111328,1.234375,3.296204,-6.085754,74.899445,2.7192374861237343,-1.3140989358509998,0.06351312612553393,0.24901121055612577,-2.372140965289675,133.23276704764757,2.205,-1.766,1.9576
0.0122,-0.382568,-0.110107,1.52417,8.087463,11.24823,66.629181,2.7158423215582164,-1.3126229703935899,0.063284135511036,0.2611005609168045,-2.039733927096714,134.18841886268766,2.204,-1.763,1.9705
0.0125,-0.084229,0.146484,1.572754,6.592102,-0.836731,68.673859,2.7124411371967443,-1.310113682252349,0.06325836847596242,0.38260356361975534,-1.999335626072929,135.07838510511988,2.202,-1.759,1.9835
0.0117,0.265625,0.113281,1.34375,1.800842,-8.191467,67.849884,2.709081323710998,-1.30567951978542,0.06369364932072953,0.4363377609953264,-2.233385568753007,135.78492289677192,2.2,-1.755,1.9932
0.0123,0.333496,0.081787,1.229248,-1.891785,7.860779,69.558868,2.705409213379949,-1.300443046186162,0.06431142852679551,0.42757240162020355,-2.325867670168464,136.5270645350016,2.198,-1.751,2.0029
0.0111,0.069824,0.067383,1.967285,5.646057,7.799744,70.993195,2.7022641938853535,-1.2974268053075135,0.06448896429077253,0.48201220570095765,-2.25491059625388,137.30635313040554,2.196,-1.745,2.0175
0.012,0.078125,0.12085,1.171143,8.911438,5.266785,69.833527,2.6984604852595586,-1.2938008063452588,0.06471206261565218,0.6316594117488858,-2.2365893150092346,138.11063048642242,2.194,-1.741,2.0288
0.0122,0.169922,-0.04834,1.043945,2.502747,-5.597473,61.013947,2.6949459916723697,-1.2896827349995634,0.06522127644418499,0.5952642465100614,-2.4218757433045432,138.80623761874105,2.192,-1.738,2.0353
0.0122,0.151611,0.136475,1.297363,0.244446,-7.123352,45.999298,2.691023235687499,-1.2858663232874912,0.06554669167732001,0.6500414638438458,-2.584897888874998,139.31095134232802,2.189,-1.733,2.0498
0.0122,-0.042969,-0.018555,1.827637,9.125061,4.107117,58.206329,2.6870828442177745,-1.2826954537853905,0.06569431814725141,0.716009976291707,-2.5050260949709564,140.0446408626515,2.188,-1.729,2.0563
0.0121,-0.047363,0.153809,1.182861,12.237854,-13.409973,54.818878,2.6824234274201597,-1.2793469206271684,0.06571994125277511,0.9267930178672025,-2.6277645497838846,140.70730311508393,2.184,-1.723,2.0676
0.0121,-0.067139,0.092529,1.243164,-3.875427,16.802429,60.251007,2.6783049865394717,-1.2764976090035076,0.06574189455361476,0.8982649481320276,-2.3783476144893285,141.45500187694188,2.182,-1.719,2.0741
0.012,-0.070312,-0.080566,1.589355,-1.037292,2.459167,55.948029,2.675045398939409,-1.2739840258997759,0.06582844865601645,0.8125120640384126,-2.3080539007482384,142.15618633449358,2.18,-1.716,2.0806
0.0121,0.212891,0.208252,1.508789,-1.281433,-2.271057,55.734406,2.6706200720279383,-1.2704633504858014,0.06618384050426844,0.8666655456680907,-2.432691177832866,142.77906822485966,2.178,-1.711,2.0936
0.0121,-0.251465,-0.009033,1.057861,-4.302673,0.322937,60.861359,2.666686861000257,-1.268281106323958,0.06586576092766627,0.7722351853730357,-2.2502645085227875,143.59018893008545,2.175,-1.707,2.0984
0.0111,0.234131,0.1604,1.287109,-1.342468,0.41449,55.001984,2.6625091501065365,-1.2650494995412724,0.06630635307541734,0.8202877800563664,-2.372710778785754,144.1487391477861,2.172,-1.702,2.1114
0.0124,0.138672,0.06958,1.072754,6.073303,0.53656,61.959991,2.6584167793087636,-1.2619801319546962,0.06670041911437631,0.9070091527335415,-2.4601947436339904,144.88415373981593,2.17,-1.698,2.1227
0.0123,-0.175781,0.000244,1.488037,10.040588,-8.588196,57.290802,2.6544567128948655,-1.2594072936383762,0.06660350623949178,0.9916692686134025,-2.469074592034921,145.62243465695312,2.168,-1.695,2.1292
0.012,0.00293,0.086914,1.387695,9.979553,12.285828,60.128937,2.6500683080802943,-1.2567065411890717,0.06672976119026992,1.1202281575460213,-2.3200779967386183,146.34806354740968,2.165,-1.69,2.1405
0.0116,0.18335,-0.058105,1.302734,9.430237,-6.024719,53.140411,2.6464545078019723,-1.2537477229779552,0.06724376536903656,1.161235161885117,-2.492158541404143,146.94078831694407,2.163,-1.687,2.1502
0.0123,0.190918,0.121094,1.447021,0.305481,-1.325012,55.703888,2.6417831270528325,-1.2507928904695917,0.06764880197705157,1.1887173422465156,-2.6025416024460895,147.59439610185976,2.159,-1.681,2.1648
0.012,-0.245361,0.112793,1.549561,1.587219,3.954529,53.933868,2.6375989826658053,-1.2486541512877458,0.0673814031863261,1.2232064163888394,-2.4309555203403335,148.2745469561578,2.157,-1.678,2.1713
0.012,0.058105,-0.017334,1.217285,4.333801,0.780701,55.124054,2.6334987671121692,-1.2459332423426839,0.06768427869452145,1.2261987746150935,-2.456361684785891,148.93310912206002,2.154,-1.674,2.1745
0.0114,-0.039062,0.015869,0.979248,0.82428,3.649353,59.182892,2.6290749193964045,-1.243397352439103,0.067759640609001,1.2102489727898322,-2.3849906524028848,149.62063993543708,2.151,-1.669,2.181
0.0126,0.327393,0.036133,1.306396,-4.08905,-4.2547,53.384552,2.624215591814715,-1.2402593416946115,0.068507018070159,1.1420576658448138,-2.6177368890937642,150.2484470277785,2.148,-1.666,2.1875
0.012,0.015625,0.213135,1.68457,-1.95282,-3.186584,55.67337,2.619613104392893,-1.2380196349543555,0.06856192281200896,1.1744004750438524,-2.654802552275986,150.90675377098452,2.145,-1.661,2.2053
0.0117,-0.304932,0.085938,1.253662,-0.274353,-6.024719,57.138214,2.6159132236619302,-1.2361356584436831,0.06806783956904523,1.18121185505711,-2.542876444146098,151.60846203761,2.142,-1.658,2.2085
0.0121,0.089844,0.002686,0.991943,0.183411,21.776794,55.795441,2.610850497200378,-1.2332745231783742,0.06852205133152328,1.1484412295294015,-2.3494970024569497,152.27881816027642,2.14,-1.654,2.2101
0.0121,0.217285,0.042236,0.989502,7.477112,-9.2901,49.386749,2.605908876398218,-1.2307072342308054,0.06919979159638436,1.2365999856700642,-2.620714387545332,152.84556873700956,2.136,-1.649,2.2215
0.0115,0.276611,0.087891,2.184326,0.610657,-3.980042,44.046173,2.601729675734934,-1.228661392498242,0.06962024844167732,1.239728447100865,-2.749968200567412,153.3364350208981,2.134,-1.646,2.2312
0.012,-0.960205,-0.128662,1.433594,2.746887,0.41449,50.210724,2.5992156943342564,-1.2268968046622126,0.06853145462569304,1.1833186747577322,-2.354002859797231,154.01405079659872,2.13,-1.641,2.2425
0.012,-0.203369,0.003174,0.845947,7.049866,14.26947,43.863068,2.5941991440307515,-1.224771938939289,0.06812034470405483,1.241266000300826,-2.008487348879202,154.58109639606377,2.127,-1.637,2.249
0.0121,0.201172,0.017334,1.340332,4.73053,-14.020325,43.588409,2.5891860734449743,-1.2222215982563363,0.06866409430918426,1.2785754398953593,-2.2878862878245636,155.08563793263835,2.124,-1.634,2.2554
0.0123,0.582275,0.229248,0.977539,-4.119568,3.832458,44.046173,2.583902696678602,-1.2204141342322465,0.06984787222971174,1.3372300603312905,-2.590732160756203,155.5758845940462,2.121,-1.63,2.2668
0.0117,-0.864746,0.02124,2.238037,-6.377869,-7.977844,48.684845,2.580999290584916,-1.218700898570953,0.06902083611538845,1.2327237185797553,-2.4114876221501635,156.17715398189927,2.118,-1.627,2.2765
0.0124,-0.255859,-0.04541,0.96582,0.152893,8.318542,40.200958,2.576358437694068,-1.2162877352372006,0.06858915122255131,1.1711763592574687,-2.115094737713053,156.70005052679355,2.114,-1.622,2.2862
0.0122,0.219727,0.18335,0.842529,10.589905,-8.923889,36.508331,2.5690426869313674,-1.2146089727076397,0.06922635440811432,1.42694513491977,-2.4048454472231664,157.14498882020777,2.111,-1.619,2.2975
0.0116,0.756592,0.127686,1.249756,5.188293,4.870056,55.490265,2.5645910270592167,-1.213674016572618,0.07056970052651633,1.5117628678933888,-2.7121747192235346,157.77280185825032,2.109,-1.617,2.304
0.0121,-0.117676,-0.104736,2.418945,-3.448181,-9.41217,43.374786,2.561705534114859,-1.2120504434479555,0.07059884590182451,1.3980977282032694,-2.778184919698694,158.30112042538033,2.106,-1.612,2.317
0.0122,-0.473633,-0.005371,1.469727,-0.915222,4.198669,31.167755,2.557448170947695,-1.2096766900057012,0.06997366131249726,1.3549127529978442,-2.488919276704032,158.6969320832273,2.102,-1.609,2.3267
0.0121,-0.257568,0.128174,0.680176,6.042786,8.745789,17.984161,2.5510288572447304,-1.2078478242797883,0.06904718199830104,1.5382549733989386,-2.1242390684283317,158.9442625553433,2.099,-1.605,2.3364
0.0114,-0.368652,0.257324,1.003662,3.570862,-15.698792,18.625031,2.546180303124418,-1.2071210136406143,0.06795580867514775,1.7309081045077919,-2.05289582027845,159.1870636941586,2.094,-1.601,2.3526
0.0123,0.295166,0.012207,1.689209,-4.150085,6.060242,19.51004,2.5434468898927007,-1.2063632119488208,0.06851597706624629,1.6618662600539498,-2.101818257361149,159.43479869621797,2.093,-1.6,2.3591
0.0122,-0.026855,0.162598,1.653564,3.692932,-4.712463,14.718781,2.539978949077318,-1.205724445881725,0.06842274359998482,1.759573412652612,-2.1364197246975425,159.6275889735439,2.091,-1.597,2.3639
0.0121,-0.164795,0.079834,0.812012,3.418274,7.128357,11.667023,2.5343475305189123,-1.2037616361378434,0.06792879404442052,1.8544852782791885,-1.897606021902664,159.77308169180026,2.087,-1.593,2.3704
0.0122,-0.062012,-0.04126,1.347168,-2.990417,6.182312,12.490997,2.5290034288867265,-1.2010007544180454,0.06802357389193002,1.7732210240508195,-1.7816203010637892,159.90686311559188,2.083,-1.589,2.3753
0.0117,0.292725,0.083008,1.301514,-8.392029,-11.548401,10.202179,2.5240788613188876,-1.2003278848819288,0.06871825123992237,1.7040268720443865,-2.073161221100881,160.05190121433503,2.08,-1.587,2.3769
0.0121,0.157715,0.172852,1.871094,0.335999,-4.712463,11.026154,2.5196831869105356,-1.1996875792679922,0.06895829549897892,1.757436498498235,-2.1813792921368633,160.20662181462157,2.079,-1.586,2.3785
0.0116,-0.046143,0.013672,1.104492,2.136536,3.618835,16.000519,2.5167313047085584,-1.1983018381997408,0.06892107225526474,1.7693567322982537,-2.1013294090452472,160.38491434589082,2.075,-1.582,2.3931
0.0119,-0.390137,-0.081055,0.904053,0.458069,5.816101,15.725861,2.5132909476713365,-1.19455500592093,0.06803648108753753,1.6945563060952462,-1.7413820104219264,160.50628471188617,2.071,-1.578,2.406
0.0122,-0.278809,0.069824,1.592529,-0.793152,3.466248,8.828888,2.5076282147833417,-1.1923377739847738,0.06760530067779133,1.699372519523861,-1.5613448593166812,160.60837727162235,2.067,-1.575,2.4141
0.0126,0.059814,0.099121,1.210693,3.143616,-2.118469,0.528107,2.5036455636619075,-1.191869842007745,0.0677517107544172,1.7861062029902934,-1.618391752656149,160.64238604134243,2.064,-1.572,2.4173
0.0118,0.231201,0.141602,1.191406,4.791565,-2.820374,-0.02121,2.4999441903444244,-1.19237592360758,0.06827070605337916,1.914450083120873,-1.7857684049632467,160.69570350340382,2.063,-1.571,2.419
0.0115,-0.080322,-0.029785,1.385986,-0.579529,10.11908,4.037628,2.4964104148962805,-1.1903457924063439,0.06823565971715145,1.872500906548012,-1.6178344676649419,160.72216605912553,2.059,-1.567,2.4222
0.0123,-0.258057,-0.026367,1.30957,-3.265076,12.743591,5.8992,2.490591794740644,-1.1872568601923523,0.06782017050879519,1.7990952342012523,-1.310764523540588,160.76298391102108,2.054,-1.564,2.4254
0.0122,0.249512,0.159424,1.060791,-1.95282,-3.919006,1.840363,2.4835994200076033,-1.1869641955673536,0.06852962516116272,1.868687689127209,-1.5240931453994564,160.854585767644,2.05,-1.56,2.4319
0.0121,0.369141,0.112549,1.258545,1.312561,1.879333,0.222931,2.479201618568975,-1.1870755982231143,0.06942955670346618,1.9325353612567737,-1.7027998095012193,160.9150079771157,2.048,-1.558,2.4384
0.0112,0.037354,-0.013184,1.869629,-3.051453,-4.163147,11.514435,2.4772702661996475,-1.1861166718237113,0.06954738572707962,1.8713315721377906,-1.75689636426669,161.03546687996322,2.046,-1.557,2.44
0.0126,-0.339355,-0.152832,0.835449,0.671692,6.792664,11.209259,2.4747025986723834,-1.1820621553250799,0.06870222391379227,1.7387535036711634,-1.4008800998802045,161.0820204974569,2.041,-1.552,2.4416
0.0123,-0.106689,0.032959,1.144043,5.249329,6.090759,2.328644,2.467850130244991,-1.1796342901232517,0.06853339706693887,1.8088826342672868,-1.2521075912287627,161.1075951957417,2.036,-1.548,2.4465
0.0114,0.087646,0.136963,1.099365,4.364319,-5.658508,0.650177,2.4620013243189116,-1.1791013075086958,0.06878350236331428,1.936314674479482,-1.3729422728168226,161.15809964662583,2.033,-1.545,2.453
0.0125,0.141113,-0.02124,1.4021,-3.326111,1.909851,2.542267,2.4601280341763423,-1.1782461388270293,0.06919759563638017,1.8655179327272602,-1.4205735028682671,161.188301171926,2.031,-1.544,2.4578
0.0113,-0.035156,0.054932,1.505859,2.899475,-1.050354,0.924835,2.457233922842685,-1.1773365068344677,0.06914174613837237,1.9085082887284002,-1.4075834477345777,161.19927489811735,2.028,-1.542,2.4578
0.0124,-0.150635,0.099121,1.131348,8.331604,6.426453,-6.094208,2.449655452064444,-1.1752109292295947,0.06877720217687962,2.061810269530524,-1.2215481682460678,161.13305372867563,2.022,-1.536,2.4611
0.0121,-0.240479,-0.055176,1.295166,-3.905945,8.532166,-0.875702,2.4440497984861564,-1.1720340253104722,0.06832957613764763,1.9648057261774265,-0.976926646108987,161.07955858304098,2.017,-1.533,2.4659
0.0122,0.06543,-0.00708,1.056641,-4.760437,-0.714661,-1.547089,2.441246792238006,-1.1707789499848287,0.06863961768027457,1.885560887708808,-1.0327581935122363,161.05458757203763,2.015,-1.531,2.4675
0.0116,0.328369,0.115479,1.640137,-1.525574,-2.179504,-8.260956,2.4384563586123327,-1.1707062037041385,0.06930854863342925,1.9050063012731666,-1.1981464166104099,160.99285819499383,2.013,-1.529,2.4675
0.0122,0.037842,0.081299,1.476318,-1.891785,2.123474,-4.202118,2.433358036058415,-1.1693733520648917,0.06945180188481245,1.9078534180285516,-1.1855424300428195,160.9554161949329,2.01,-1.527,2.4692
0.0122,-0.177002,-0.054199,1.264404,-6.072693,8.806824,-2.462616,2.4275707762479057,-1.166391693301922,0.06913888183198372,1.7857027427496752,-0.9695647570256596,160.8928197511559,2.003,-1.522,2.4756
0.0114,-0.109375,-0.038086,1.068604,4.700012,-3.24762,-5.300751,2.423385653087539,-1.1641131180001894,0.06890387142953447,1.7974199006721843,-0.9273053514945087,160.80181754590444,1.999,-1.519,2.4789
0.0128,0.331787,0.076172,1.494385,7.232971,-6.238342,-7.559052,2.4196200693726766,-1.1633679012237417,0.06971381521923324,1.912607509672066,-1.1637483924064829,160.72773984196323,1.997,-1.517,2.4837
0.0114,0.000732,-0.123291,1.659912,-3.84491,-10.266663,-0.448456,2.4179610579418114,-1.1616514469800578,0.0698341840238647,1.795103926048961,-1.2747277805813149,160.68690843330396,1.995,-1.515,2.4886
0.0121,-0.177734,-0.053711,1.024658,-2.685242,0.261902,-1.638641,2.4139161364803594,-1.1592406661608365,0.06936949889512137,1.7091360983086863,-1.1394066645509107,160.63567512307304,1.99,-1.512,2.4934
0.0116,-0.264893,0.011719,1.631836,7.904358,12.041687,-11.068573,2.407200278193571,-1.1567157661181022,0.06890206186802394,1.7921649922438276,-0.8708661721339734,160.50237599897042,1.983,-1.507,2.4999
0.0126,-0.088135,0.091064,1.146484,12.207336,-6.451965,-14.486542,2.3999476561760695,-1.1549709808969022,0.06866203477374433,1.992199490485266,-0.8878109625609315,160.33974738545143,1.979,-1.503,2.5096
0.0122,0.124756,0.108887,1.39209,-0.06073,-3.583313,-15.554657,2.395646180855863,-1.154249984925344,0.06900997506719181,2.03571922013655,-0.9909627779290142,160.17519301644833,1.976,-1.501,2.5177
0.0119,0.188965,0.088135,1.516846,-5.126648,-6.909729,-13.601532,2.3924602991375226,-1.1536849448744089,0.06948739219359963,2.0035356083668225,-1.1574368997371085,160.03036640571887,1.973,-1.499,2.521
0.0121,-0.115479,-0.005127,1.314453,-3.539734,-4.529358,-9.756317,2.3871709241944408,-1.1512709372109435,0.06927040413136631,1.942474535956808,-1.1374390977187996,159.89469697936994,1.969,-1.496,2.521
0.0116,-0.346191,0.019531,1.407471,-2.135925,3.344177,-8.627167,2.3806543023035585,-1.1485170650366274,0.06846902603228314,1.912907531979257,-0.912226931639014,159.78012700326283,1.962,-1.491,2.5226
0.0124,-0.40918,-0.085693,1.337891,-1.922302,4.137634,-4.324188,2.3745282873532005,-1.144908207572088,0.06750268464788989,1.8277671067758343,-0.6406711974730829,159.67822918751,1.957,-1.488,2.5258
0.0111,-0.339355,-0.054443,1.368652,-3.692322,12.011169,0.497589,2.368979877400193,-1.1421048874555395,0.06667009134267912,1.7419158907426364,-0.3295217240338507,159.6532067434971,1.953,-1.484,2.529
0.0125,-0.368896,0.031494,1.497314,-7.690125,22.631287,-0.692596,2.3621658329936253,-1.14022436605207,0.06577156549107259,1.646953367262629,0.12700948668570783,159.65704327516437,1.946,-1.48,2.5339
0.012,-0.398926,0.101074,1.669434,-8.697205,33.312439,-2.798309,2.354750246724781,-1.139188819642639,0.06484147559903189,1.573604697980341,0.6907019247161441,159.66743776838905,1.942,-1.477,2.5355
0.0124,-0.314453,-0.005615,1.797607,-12.878113,44.329285,-2.737274,2.3481320026184247,-1.1372583624466186,0.0641730407244815,1.3984008747723333,1.3532879485233196,159.6376009620219,1.937,-1.473,2.5388
0.012,-0.429688,0.039795,1.788086,-11.90155,49.486755,-3.683319,2.340350165940973,-1.1362163812574133,0.0632084834688285,1.26022124956461,2.0988265378093933,159.62279554828245,1.933,-1.471,2.542
0.0111,-0.381104,0.044922,1.922363,-11.565857,57.329773,-2.676239,2.333262119632028,-1.1354295567286872,0.062396260380877644,1.1387442431423096,2.849463495317596,159.6244694049906,1.93,-1.469,2.5452
0.0123,-0.452881,0.007812,1.869141,-10.7724,62.578796,-0.997772,2.3247571758871497,-1.134534295157802,0.061388948806766916,1.0007384777423889,3.7547519794223847,159.63493334786952,1.924,-1.465,2.5501
0.0122,-0.455322,0.042236,1.887207,-8.605652,68.132996,1.809845,2.3155154498260457,-1.1340979433631395,0.060337455643782345,0.9074557050646712,4.710416283401442,159.6991254673572,1.921,-1.463,2.5517
0.0121,-0.396484,0.019531,1.837158,-5.004578,73.565125,4.739532,2.3068170214072694,-1.1333980214647714,0.05936876731347445,0.8541432496051495,5.696212972696662,159.78719629333384,1.916,-1.459,2.5566
0.0122,-0.360107,0.016846,1.753174,-0.94574,76.952576,7.425079,2.298433438478402,-1.1326567488912316,0.05842213154538718,0.8540810311680853,6.7118455315512415,159.90751941420936,1.912,-1.457,2.5598
0.0122,-0.422119,0.015869,1.699219,0.94635,77.623962,10.263214,2.2884793399081724,-1.1323050564761326,0.057267138288248816,0.8828302899589953,7.7544728376639345,160.06884821527254,1.909,-1.455,2.563
0.0113,-0.418457,-0.002197,1.623535,1.95343,75.548767,11.728058,2.2787304568321316,-1.1319806950315408,0.05610521509808662,0.9170487965782547,8.699720043937955,160.2265964047039,1.904,-1.451,2.5695
0.0124,-0.360596,0.025635,1.531006,2.441711,72.61908,13.192902,2.2694771231191493,-1.1315917290241488,0.05493751938445985,0.9807090356721915,9.6649921276912,160.43239346309613,1.9,-1.449,2.5728
0.0121,-0.353027,0.016357,1.511963,2.472229,70.696472,14.657745,2.260834995964138,-1.1310040342078704,0.053771434088077136,1.0443121042878278,10.573663688531362,160.64351668913488,1.896,-1.446,2.576
0.0122,-0.380127,0.030029,1.450195,2.319641,67.614197,14.810333,2.2509579918586775,-1.1309067656166896,0.05245285136973994,1.1170218962727072,11.461738910612949,160.87371629905832,1.892,-1.444,2.5792
0.0115,-0.294678,0.013672,1.36792,0.82428,64.715027,14.932404,2.244602052812446,-1.1299011332436584,0.05137801510041904,1.1634906807561758,12.227889290952735,161.0694999154545,1.889,-1.442,2.5825
0.0124,-0.361084,0.003174,1.323486,-1.95282,61.693787,15.420685,2.235187558383317,-1.1293389657535842,0.04997234446308344,1.1772975430237,13.045488252740007,161.28839106455143,1.883,-1.438,2.5873
0.0121,-0.328857,0.040771,1.3125,-5.004578,58.428406,15.634308,2.227312576553184,-1.1290115610104319,0.048642536483348646,1.1795485535147199,13.781861870716918,161.53233922217623,1.88,-1.436,2.5906
0.012,-0.28125,0.050293,1.319092,-8.605652,55.773376,15.329132,2.2221693664677487,-1.1280562268404348,0.04740343214453747,1.1466828510978466,14.447732583115796,161.7686615217391,1.876,-1.434,2.6003
0.012,-0.310059,0.018555,1.420898,-9.612732,50.219177,15.451202,2.2174103222909434,-1.1264500807735687,0.046088053734375495,1.0845007721698523,15.045194931153711,161.97393966174593,1.871,-1.431,2.6197
0.0115,-0.341553,0.006592,1.223877,-11.352234,44.848083,15.390167,2.2096613210936726,-1.125768822761787,0.04463085923361953,1.0011387421745999,15.591043109242845,162.17422759391084,1.866,-1.428,2.6391
0.012,-0.285156,0.000977,1.198242,-12.878113,38.134216,15.60379,2.2054408088838637,-1.124257724181684,0.04338854515562879,0.8958457100313498,16.0462715061548,162.36776385343455,1.862,-1.426,2.6602
0.0121,-0.286621,0.026855,1.208984,-13.396912,32.824158,16.305695,2.2014211200907132,-1.1231479339107266,0.0421250813375851,0.8050366696384411,16.436692104825084,162.59648906751426,1.858,-1.424,2.6748
0.3622,-0.291992,0.036621,1.232666,-14.342957,28.460144,16.580353,2.0891965191951187,-1.0791082871613056,0.002668124917655523,-1.5741067816987466,25.740473415877528,169.10489029279006,1.855,-1.422,2.6909
0.0006,-0.335693,-0.009277,1.294678,-15.502625,25.74408,17.404327,2.1013263305690795,-1.076866714394191,0.003294791836253411,-1.4525167320481431,25.04326029048376,169.15765943508188,1.849,-1.42,2.7169
0.0005,-0.295898,-0.002441,1.260254,-17.059021,23.455261,17.953644,2.113600304678053,-1.0746340467015798,0.003951723090226587,-1.317886371831133,24.32899760090836,169.21387279854616,1.845,-1.418,2.733
0.001,-0.270264,0.048584,1.196777,-17.974548,21.288513,18.533478,2.1249272966853843,-1.0724113540682039,0.0044291080027605055,-0.9580403351368041,23.690695690936916,169.36725425644156,1.84,-1.416,2.7541
0.0013,-0.307373,0.00415,1.213623,-17.57782,19.091248,19.51004,2.131762183168171,-1.071184482183062,0.004668612907794036,-0.859253229535456,23.270741116061107,169.43917011382982,1.836,-1.414,2.7703
0.0006,-0.321045,0.025391,1.242676,-15.014343,16.16156,21.127472,2.1376917265302775,-1.0700038607029234,0.004928785596687998,-0.6820422149111663,22.91708848212853,169.51472977141066,1.833,-1.413,2.7849
0.0007,-0.280518,-0.013428,1.182861,-11.993103,14.666199,24.362335,2.143647968687709,-1.0693166120404447,0.005241889398624858,-0.6751428517586637,22.519791496168697,169.5535040274297,1.826,-1.411,2.8108
0.0004,-0.3125,0.002197,1.197998,-7.842712,15.15448,26.590118,2.147769275262109,-1.068640637699358,0.005453876880782095,-0.6083069087926707,22.2547535855931,169.59106441250765,1.823,-1.409,2.8253
0.0006,-0.313965,-0.005859,1.232666,-3.936462,16.03949,29.123077,2.151518995645028,-1.0681318037621688,0.005631958753568936,-0.5737651652722402,22.001708820685373,169.62900378986348,1.817,-1.408,2.848
0.0029,-0.273682,-0.013184,1.288574,-0.213318,17.595886,30.923615,2.1560442298671325,-1.0674550020512685,0.0055956402791824955,-0.5364601075569672,21.674209334011678,169.74616644899075,1.813,-1.407,2.8642
0.0005,-0.251953,0.001709,1.256836,3.326721,18.664001,32.602081,2.1616267188741607,-1.0666802730704834,0.005919795482682955,-0.48232994099591836,21.301586947345097,169.78902209486222,1.81,-1.406,2.8788
0.0006,-0.274658,-0.006592,1.218018,6.805725,20.342468,35.104523,2.1653275067820914,-1.066243750348225,0.006116999960018043,-0.45339801126493645,21.04241366776468,169.8287626234148,1.803,-1.404,2.903
0.0006,-0.332764,-0.011475,1.234863,10.101624,23.577332,36.874542,2.166773066246635,-1.0660825776525258,0.006157498350996267,-0.43760716007786454,20.936060359358372,169.85994084006668,1.799,-1.403,2.9192
0.0007,-0.306885,0.00415,1.188232,11.993713,29.528259,37.820587,2.168724876015464,-1.0655690594044673,0.0062061761597353715,-0.37650846578550234,20.81405462358456,169.89720171808773,1.794,-1.402,2.9403
0.0057,-0.236328,-0.012207,1.246094,8.972473,6.975769,36.874542,2.1709390990851984,-1.064978338658003,0.0057267425110034955,-0.25515605603338787,20.538845466133793,170.14270953398758,1.711,-1.398,-3.0369
0.0126,-0.199463,0.040527,0.97998,6.74469,8.440613,35.104523,2.170415193217406,-1.0625353127553938,0.004093113257869649,0.13748913383169392,20.379222992016672,170.62216227932413,1.705,-1.399,-3.0579
0.0115,-0.000732,-0.012695,2.229248,2.594299,1.66571,37.118683,2.1767712471075127,-1.0614964750185882,0.0034490026305407455,0.2989245042544464,19.6501948721385,171.13621219363392,1.701,-1.399,-3.0741
0.0125,-0.217041,-0.075928,0.959473,1.098938,1.207947,35.318146,2.1723872979100127,-1.0633775241241092,0.0019301825707127753,0.24053461839767853,19.501094579940716,171.66522780563932,1.697,-1.399,-3.0919
0.0119,-0.189941,0.104248,1.286621,-3.631287,-0.501038,33.853302,2.174188327039622,-1.0593175777657295,0.0007986085877329868,0.5643339948831824,19.16900084462079,172.0435231896774,1.691,-1.399,-3.1178
0.012,-0.140137,0.038818,1.12915,-5.737,-4.468323,32.174835,2.175283146834388,-1.0573185146003716,-0.00013895734206997954,0.7108187017955508,18.748374642859325,172.44851197816024,1.688,-1.4,-3.1357
0.0121,-0.202148,0.05957,1.102051,-8.849792,-4.102112,32.785187,2.174407404610586,-1.054766165254706,-0.0013492025747447204,0.8640178901636437,18.488517711086292,172.8360577726851,1.682,-1.399,3.12
0.012,-0.256348,0.012451,1.074707,-11.077576,-5.627991,32.87674,2.170798150353356,-1.0540514223304132,-0.0027497343797838335,0.872713735208403,18.341214073673274,173.2536679155465,1.678,-1.399,3.1038
0.0115,-0.237305,0.019775,1.063477,-11.016541,-9.198547,32.846222,2.167818534220005,-1.0531312545943137,-0.0040161813785463425,0.8973267644785512,18.131392950655716,173.64761796312172,1.674,-1.399,3.086
0.0121,-0.278564,0.018311,1.167969,-10.986023,-8.679749,33.670197,2.164084600975034,-1.0523616443063086,-0.005394478108237609,0.9143720152336907,17.9640322051654,174.07201890322375,1.668,-1.399,3.0617
0.0123,-0.316406,0.024902,1.18042,-12.145691,-10.968567,33.365021,2.159765412951348,-1.0514017492376029,-0.006893130957120391,0.9260217252116925,17.83159930908774,174.48731249078648,1.665,-1.399,3.0455
0.0114,-0.289795,0.019043,1.201172,-12.511902,-11.029602,34.677277,2.156032169084674,-1.050734721307098,-0.008200175697102777,0.9257832188127629,17.661331961187315,174.8966024743488,1.658,-1.398,3.0196
0.0125,-0.253418,-0.020508,1.155273,-13.274841,-10.358215,36.355743,2.1513533027323284,-1.0513041212537568,-0.009560625993088032,0.8462310277990774,17.44939144060394,175.40354471832345,1.654,-1.397,3.0034
0.012,-0.284912,0.007812,1.161621,-12.359314,-10.144592,36.844025,2.1469484050275116,-1.0509620267439441,-0.010958833095834413,0.834467731350571,17.301325794268894,175.86693118729477,1.65,-1.397,2.9856
0.0122,-0.266113,0.023682,1.261719,-10.741882,-10.358215,38.491974,2.1432766763960083,-1.0502341241013202,-0.01223451297789561,0.8713347175558802,17.092909968086428,176.3506576194924,1.645,-1.396,2.963
0.0118,-0.331543,-0.000244,1.351074,-8.605652,-8.069397,39.04129,2.1386611230191406,-1.0502763046972308,-0.013588255466417615,0.8921754453931207,16.98324250815321,176.84031787050088,1.641,-1.395,2.9451
0.0125,-0.311523,0.018311,1.4021,-7.659607,-6.940247,41.05545,2.1343000961756435,-1.0498835386148504,-0.014957283370412643,0.9591139943305707,16.84472571184631,177.37416136994653,1.635,-1.394,2.9192
0.012,-0.29126,-0.001465,1.396973,-6.683044,-3.644348,42.245636,2.1299210480309223,-1.0500682855495633,-0.016199697100087083,1.0090577350746242,16.728231025212043,177.91725559735272,1.631,-1.393,2.903
0.011,-0.296387,-0.007568,1.288818,-6.86615,-4.407288,42.520294,2.125442179421086,-1.0504857715749085,-0.017417627858370307,1.0416612981868378,16.64570821126543,178.42177419757505,1.627,-1.392,2.8933
0.0129,-0.30542,0.013184,1.381836,-4.272156,1.818298,42.642365,2.1206025670013293,-1.0504046937886165,-0.01884214827938018,1.1461814074956305,16.620874778258496,178.99947491470076,1.621,-1.39,2.8901
0.0118,-0.292236,0.062744,1.531494,-8.819275,3.954529,43.924103,2.1170720250163395,-1.0492623811530375,-0.020106942038500643,1.2485728890323073,16.5737697095275,179.51499967612634,1.617,-1.389,2.8885
0.0113,-0.320557,-0.023193,1.23877,-9.277039,6.670593,44.534454,2.111692232038701,-1.0503430521142412,-0.021469517941847295,1.2366289307322895,16.658109074508737,-179.9276095476677,1.611,-1.388,2.8869
0.012,-0.316162,-0.024414,1.220459,-9.460144,6.731628,44.59549,2.1062895387035905,-1.0514881457387657,-0.02283478717017006,1.2256027508939613,16.744944871296006,-179.33612306090083,1.607,-1.387,2.8869
0.0125,-0.301758,0.028076,1.332031,-10.162048,9.020447,44.809113,2.1021442554361407,-1.0512246275580381,-0.02414344823174748,1.2811616405685715,16.814377330343564,-178.75661666474116,1.603,-1.386,2.8852
0.0125,-0.29126,0.013672,1.313721,-11.138611,8.898376,44.992218,2.0978223771181628,-1.051345325816473,-0.025427357050862142,1.3067658724396432,16.873204891037908,-178.16505465346353,1.598,-1.384,2.8836
0.011,-0.294434,0.032227,1.392822,-11.565857,9.630798,45.480499,2.0944533645357266,-1.051044189949661,-0.026533702240960088,1.3468415823186293,16.913785300514412,-177.65049947511292,1.594,-1.383,2.8836
0.012,-0.307373,0.037842,1.356689,-12.237244,10.302185,45.60257,2.0905442375042824,-1.0507170201254594,-0.027838842945462888,1.3889541928954634,16.991742566917356,-177.0888629772297,1.588,-1.382,2.8836
0.0123,-0.292725,0.025635,1.37915,-14.465027,10.058044,46.518097,2.086551009790803,-1.0506751655111635,-0.029111054689441553,1.39284141957205,17.04779660728814,-176.493963576843,1.584,-1.381,2.882
0.0123,-0.285889,0.001221,1.311523,-16.082458,10.607361,46.762238,2.082032533937703,-1.0512513314126857,-0.030403578654348368,1.3507525232714181,17.11685542595026,-175.88037522063922,1.58,-1.38,2.882
0.0118,-0.252197,0.020996,1.285156,-18.279724,11.614441,46.73172,2.0786018625050424,-1.0511784002862603,-0.031540382801295994,1.3108041731660083,17.163420831183544,-175.30958009273962,1.575,-1.378,2.8836
0.012,-0.272217,-0.000244,1.270264,-20.263367,12.194275,46.273956,2.0743400343540648,-1.0517580747099902,-0.03278193919459285,1.2206239061512525,17.243372199818786,-174.71872022787042,1.57,-1.377,2.882
0.0122,-0.305176,0.00415,1.268799,-22.979431,13.659119,45.877228,2.06970208751692,-1.0523602912104058,-0.03416885550204332,1.1035960394545359,17.37790877630507,-174.1242625816554,1.566,-1.376,2.8836
0.0119,-0.33252,0.019043,1.23584,-26.031189,14.391541,45.480499,2.0652128887571912,-1.0526946070169592,-0.035626401793887645,0.9738293301042954,17.552647715297397,-173.55718988507073,1.561,-1.375,2.882
0.0121,-0.307861,0.044678,1.193604,-29.082947,14.757751,44.83963,2.0616374251412375,-1.0522016507223682,-0.03709238663561217,0.8403858197055041,17.719593378444472,-173.0114075160325,1.557,-1.374,2.882
0.0121,-0.284424,0.030029,1.183105,-31.982117,14.452576,43.679962,2.0582523732552565,-1.0519153636180412,-0.03846274818040565,0.6549203161227265,17.859559130555954,-172.4754229462616,1.551,-1.372,2.882
0.0115,-0.270508,0.015137,1.178467,-34.911804,12.926697,43.008575,2.055045836364128,-1.0518659544662876,-0.039719630313888636,0.43098975197843126,17.96003836994941,-171.96953786344224,1.547,-1.371,2.882
0.0118,-0.25708,0.026123,1.232422,-36.895447,10.820984,42.367706,2.0525955398648676,-1.0513252628959322,-0.0409525506091962,0.1928857560604408,18.017157148264488,-171.47206628454921,1.543,-1.37,2.882
0.0125,-0.299805,0.044434,1.253174,-38.482361,8.47113,42.093048,2.05001176502035,-1.050473703402367,-0.04240431430219078,-0.057888144412412884,18.093427139754823,-170.95724338414945,1.538,-1.368,2.882
0.0123,-0.304932,0.027588,1.305176,-38.573914,5.175232,42.337189,2.0472092683121756,-1.0499992091824855,-0.04382083436596584,-0.3194108389251607,18.122793809329202,-170.43912088773018,1.534,-1.367,2.882
0.0121,-0.304443,0.019775,1.338623,-37.566833,2.459167,43.130646,2.0445309724000094,-1.04962458886295,-0.04518484060639504,-0.5651787528743013,18.114120201052387,-169.9175244845795,1.528,-1.366,2.882
0.0116,-0.307617,0.023926,1.335938,-35.247498,-0.012756,44.046173,2.0423101160125157,-1.0490703653370779,-0.046486089042848344,-0.7613226582715752,18.082635999391652,-169.4115709406891,1.524,-1.365,2.8804
0.0121,-0.303711,0.002197,1.345215,-32.287292,-1.294495,45.419464,2.0393382407503546,-1.0490697259477786,-0.04783943317674663,-0.9465319406357108,18.032595626101322,-168.85289348638543,1.52,-1.364,2.8804
0.0121,-0.333008,0.001709,1.352295,-28.869324,-2.271057,46.640167,2.0360583636263487,-1.049176288992844,-0.04927184077358858,-1.0849159419104484,17.99714496999386,-168.27763809618577,1.515,-1.362,2.8804
0.0121,-0.286621,0.006348,1.371826,-25.359802,-1.904846,47.830353,2.0337454795391925,-1.0489668340773048,-0.050540153367819377,-1.1695383921518205,17.927740995710618,-167.69473422266273,1.511,-1.361,2.882
0.0122,-0.306885,0.025146,1.398926,-22.063904,-0.043274,48.227081,2.0318230826395873,-1.0483923089065534,-0.05187761476509691,-1.196293025770051,17.896625598060556,-167.11306675436643,1.505,-1.36,2.882
0.012,-0.301758,0.023193,1.419189,-19.683533,2.215027,48.684845,2.030090236639318,-1.0478764272944596,-0.05314178720500529,-1.1943406501504439,17.885871201583747,-166.53481617748238,1.501,-1.358,2.882
0.0111,-0.316895,0.03125,1.430176,-18.035583,5.175232,48.440704,2.0286856663392707,-1.0472211968588772,-0.05436824620611806,-1.1656237430588285,17.915621401958735,-166.00935845120435,1.497,-1.357,2.882
0.012,-0.322754,0.027832,1.443359,-16.601257,8.196472,48.62381,2.0268180678628367,-1.046813789684618,-0.055704026170678794,-1.125479122879433,17.9881378345282,-165.43284067615915,1.491,-1.356,2.882
0.0122,-0.290527,0.013916,1.411621,-16.235046,11.980652,48.50174,2.024891564943406,-1.0467341091647773,-0.056961376771222164,-1.0932207579489603,18.086642144850163,-164.83971863354515,1.488,-1.355,2.8804
0.0123,-0.298584,0.007812,1.375977,-16.112976,14.879822,47.830353,2.0225620050562294,-1.0469101962411655,-0.058282572903249,-1.0674053892440654,18.231108336939055,-164.24600532883883,1.481,-1.353,2.882
0.012,-0.287109,0.02417,1.362061,-16.540222,17.565369,46.945343,2.021236788321786,-1.0466170711697842,-0.059527964667949636,-1.0333086113020105,18.395828863939578,-163.6887673237454,1.478,-1.352,2.8804
0.012,-0.310547,0.049805,1.351807,-17.486267,19.854187,45.419464,2.0204603789879036,-1.0457807724934705,-0.06089717235094612,-0.9921278056345668,18.606888147432212,-163.16599764471357,1.474,-1.351,2.882
0.0115,-0.318115,0.04834,1.296143,-18.371277,22.295593,44.168243,2.0196856871501385,-1.0449778025405103,-0.06225942311637228,-0.9635782931091106,18.8474217659886,-162.68060582586122,1.468,-1.35,2.882
0.0122,-0.281738,0.041748,1.276611,-20.232849,24.553894,42.398224,2.0192496071670694,-1.0443516198535943,-0.06359406294265832,-0.9696274678807857,19.102806498670702,-162.1793210652565,1.465,-1.349,2.8804
0.0124,-0.256348,0.038574,1.289551,-22.216492,25.774597,40.323029,2.0193738304763467,-1.0438041611315212,-0.06488339903560304,-1.0097279245664312,19.353732582091457,-161.6915612657806,1.458,-1.347,2.882
0.0119,-0.270264,0.051758,1.301514,-23.955994,26.9953,38.125763,2.0202225626216976,-1.0428559423615031,-0.06615590036456342,-1.0608086528209932,19.613761372576352,-161.26080514936038,1.454,-1.346,2.8804
0.0121,-0.299561,0.037354,1.32959,-25.451355,26.690125,36.233673,2.0202242916398587,-1.0423953652584885,-0.06751256964591819,-1.1522836011925357,19.88854331495099,-160.83620775259325,1.451,-1.345,2.8804
0.0115,-0.289062,0.061768,1.320557,-27.068787,25.86615,33.761749,2.0218595357768034,-1.041135695048442,-0.06880129627313912,-1.2383015668558879,20.132186959791706,-160.4794022455357,1.445,-1.344,2.8804
0.0129,-0.260498,0.057861,1.284668,-27.923279,24.492859,32.174835,2.0238427818716014,-1.0400313652272632,-0.07019062642816375,-1.3607510456137308,20.37824442785204,-160.0894329733445,1.441,-1.343,2.882
0.0115,-0.287842,0.040771,1.263672,-28.41156,22.173523,30.618439,2.025120699422122,-1.0392721972604047,-0.07149600080831327,-1.4865093822772473,20.582059740309983,-159.7566088843829,1.435,-1.341,2.8804
0.0115,-0.293945,0.040527,1.233154,-28.594666,19.823669,28.726349,2.0263755626110616,-1.0384680205343417,-0.07285523492865585,-1.6190405793234568,20.767227719747474,-159.44848813556726,1.431,-1.34,2.882
0.0133,-0.282715,0.048828,1.211182,-28.350525,16.222595,26.925812,2.0284621264615708,-1.03734412617722,-0.07422812279794791,-1.776189418544751,20.937532102841008,-159.1157942347858,1.427,-1.339,2.882
0.011,-0.291992,0.049561,1.25,-27.251892,12.468933,25.491486,2.0306288901302794,-1.0362709226962235,-0.0756222036123081,-1.8839324128031865,21.02787151869094,-158.86200526864866,1.422,-1.337,2.8788
0.0122,-0.315674,0.052979,1.246826,-24.993591,8.22699,24.484406,2.032007238132593,-1.0352482702759778,-0.07729756049936339,-1.9856409609355625,21.100034743142437,-158.59434025033556,1.417,-1.336,2.8771
0.0125,-0.312012,0.061523,1.224609,-22.094421,4.44281,23.477325,2.0339694180367296,-1.0339073517991386,-0.07894725104116534,-2.0501115551525735,21.130495334742207,-158.33663165163142,1.411,-1.335,2.8771
0.0113,-0.304688,0.044189,1.226562,-20.507507,1.452087,22.592316,2.035840964686823,-1.0329983682480244,-0.0803416800679221,-2.100606299447102,21.113525843124595,-158.1015419196932,1.407,-1.334,2.8771
0.0122,-0.329346,0.026367,1.193848,-16.723328,-1.813293,21.646271,2.035775503105878,-1.0326964658614382,-0.08197265982963604,-2.1373225026723257,21.07971798635078,-157.85245386195484,1.404,-1.333,2.8771
0.0123,-0.314453,0.072021,1.274902,-13.122253,-4.895569,20.028839,2.0383364231341097,-1.0312672809981343,-0.08353276939778759,-2.0979700485143167,20.99075743235051,-157.6389948155523,1.398,-1.331,2.8788
0.0122,-0.299561,0.066162,1.355713,-11.291199,-6.482483,18.441925,2.0410481298032153,-1.0303783740682024,-0.08494454017481304,-2.052696424951457,20.860975841315103,-157.4273639168079,1.394,-1.33,2.8771
0.0111,-0.310303,0.034668,1.356445,-10.436707,-6.574036,16.855011,2.042437610050986,-1.030288216242407,-0.0861978389761701,-2.0292038619907786,20.739841899773882,-157.2377585478668,1.388,-1.328,2.8771
0.012,-0.326416,0.040527,1.320557,-9.063416,-6.421448,15.390167,2.0431300728943773,-1.030058908826807,-0.08768387628982154,-1.995917104285316,20.632040508627696,-157.06434634493587,1.385,-1.327,2.8788
0.0122,-0.24292,0.064941,1.289062,-7.415466,-5.658508,14.291534,2.046236641115296,-1.029642241400293,-0.08894373062098496,-1.9252327888701641,20.48713922309445,-156.88829694726093,1.381,-1.326,2.8788
0.012,-0.268311,0.043213,1.266357,-5.675964,-5.200745,12.674103,2.0476435564960696,-1.0297507740649734,-0.09026929635722596,-1.862393736013539,20.3661375560146,-156.73270862390555,1.374,-1.325,2.8788
0.0123,-0.302002,0.053223,1.230469,-4.638367,-4.956604,10.69046,2.048432712860801,-1.0292964293207665,-0.09180822985911563,-1.7892214171626244,20.27620991383971,-156.6263836006539,1.371,-1.324,2.8788
0.012,-0.33667,0.039307,1.231445,-3.143005,-4.559875,8.828888,2.0480102369547564,-1.0290082548767214,-0.09338589498625587,-1.721749396501346,20.213248230996516,-156.55173171597426,1.367,-1.323,2.8788
0.0125,-0.291748,0.061523,1.186279,-2.319031,-5.292297,6.723175,2.048840472070096,-1.028431856098423,-0.09495190535201695,-1.6324130457940553,20.119389337980916,-156.50018297894906,1.362,-1.321,2.8788
0.011,-0.233643,0.046631,1.142822,-1.861267,-6.421448,5.410919,2.0503363927991543,-1.0286660103049363,-0.09608567590783734,-1.556221655481355,19.984854366707324,-156.4349630719395,1.358,-1.32,2.8788
0.0121,-0.234863,0.052246,1.163086,-1.098328,-7.947327,3.671417,2.051459594677665,-1.0290072275956728,-0.09736498714944679,-1.475665371529808,19.824782014887365,-156.38720363219156,1.351,-1.318,2.8788
0.0121,-0.263184,0.047852,1.207275,-0.732117,-8.435608,2.542267,2.0516521043301315,-1.0294380388377558,-0.09874940566864128,-1.4038644550985575,19.672970446013093,-156.3601958881938,1.347,-1.317,2.8788
0.0121,-0.258545,0.038574,1.189453,-0.823669,-9.137512,1.352081,2.0513626568359,-1.0301856442325592,-0.10009275043641165,-1.3475403539562896,19.512201617795693,-156.3408471109945,1.344,-1.316,2.8788
0.0121,-0.233643,0.039062,1.172119,-0.274353,-10.022522,0.009308,2.0511607533689777,-1.0312436533878993,-0.1013729658311228,-1.2903457764300719,19.327220551507512,-156.32643358203097,1.338,-1.315,2.8788
0.012,-0.253418,0.053711,1.103516,-0.335388,-10.17511,-1.791229,2.051153700155284,-1.0311885134118974,-0.10277023503461513,-1.226771046271619,19.169804601179383,-156.3737318138816,1.334,-1.314,2.8771
0.0122,-0.214355,0.046387,1.044189,0.702209,-11.30426,-3.286591,2.0510617302507663,-1.0317836099489528,-0.10405544118254666,-1.1622763225688006,18.976592211880906,-156.41675735671456,1.328,-1.312,2.8771
0.012,-0.237549,0.034912,1.077148,1.159973,-13.104797,-4.568329,2.0500151703058616,-1.0325901503264654,-0.1053823261950715,-1.1116053016393173,18.777275741897444,-156.47629016451498,1.324,-1.311,2.8771
0.0122,-0.231689,0.044434,1.078369,1.892395,-15.057922,-6.094208,2.0491559875370533,-1.0331979260378037,-0.10672178291203634,-1.0501065754275687,18.550191450301554,-156.56155068268515,1.321,-1.31,2.8788
0.0111,-0.259033,0.050781,1.084961,3.174133,-17.804504,-7.07077,2.0485121941945175,-1.0329715499449628,-0.10802724455343572,-0.9736374875794616,18.332425009555095,-156.67745557476752,1.315,-1.309,2.8788
0.0124,-0.280029,0.039307,1.13916,4.700012,-20.642639,-8.260956,2.046544933390886,-1.0333054221799454,-0.10953927716034996,-0.8958438579540928,18.063604014276237,-156.8130233044691,1.311,-1.308,2.8788
0.0123,-0.251465,0.041016,1.124512,4.97467,-22.870422,-9.08493,2.0447030206269607,-1.033967328660743,-0.11091275280679794,-0.8169893804585363,17.754358664642655,-156.94300948067183,1.305,-1.306,2.8788
0.012,-0.284668,0.011719,1.128662,5.005188,-24.121643,-9.664764,2.041529872430739,-1.0349564382073655,-0.11237832566441194,-0.7673668960614091,17.4610947844238,-157.0794514368721,1.301,-1.305,2.8788
0.0121,-0.195557,0.039551,1.111816,4.8526,-25.03717,-10.915985,2.039374938284877,-1.036658995665856,-0.1135236616011217,-0.6997069077957077,17.096189574290207,-157.1925532381314,1.297,-1.304,2.8771
0.0123,-0.210693,0.04126,1.081299,5.310364,-25.586487,-11.617889,2.037097637719195,-1.037769249465853,-0.1147509025829273,-0.6263719301537909,16.73998989002695,-157.34058861504084,1.292,-1.302,2.8788
0.011,-0.185791,0.037842,1.062256,4.669495,-26.349426,-13.662567,2.034917058091974,-1.0392293897726177,-0.11573940312798572,-0.5723273151889768,16.394722650274918,-157.47910662279563,1.288,-1.301,2.8771
0.0123,-0.30835,0.022217,1.136719,3.509827,-25.861145,-15.157928,2.032106598158633,-1.0390043195048568,-0.11724918081303586,-0.551291658596007,16.10627869908416,-157.73075022481262,1.282,-1.3,2.8755
0.0121,-0.279541,0.064697,1.060303,2.624817,-22.77887,-16.77536,2.0308666689471893,-1.0373776402081634,-0.11873232032306373,-0.5061907321727165,15.860755617424148,-158.03466100530147,1.278,-1.299,2.8755
0.0122,-0.234619,0.071533,1.049805,1.800842,-19.452454,-18.057098,2.029367719126244,-1.0365289525752877,-0.12008659320271324,-0.4691965999124984,15.622648279951264,-158.32786472514368,1.274,-1.298,2.8771
0.012,-0.179932,0.054199,1.047363,-0.152283,-15.790344,-19.918671,2.02683982561117,-1.0375695981451165,-0.12115255903616347,-0.477213481057755,15.387597340470961,-158.57609543792904,1.269,-1.296,2.8771
0.0123,-0.196045,0.052246,1.11792,-2.013855,-11.609436,-20.986786,2.024046544489371,-1.0386284184626802,-0.12224663981278425,-0.5173703271873645,15.204603537147348,-158.84622027844523,1.265,-1.295,2.8771
0.012,-0.261963,0.042725,1.221436,-4.394226,-7.825256,-22.482147,2.0213943703965476,-1.038845192296417,-0.12347147662932846,-0.5980790052955741,15.105795698814356,-159.1601971921456,1.259,-1.293,2.8755
0.0113,-0.276855,0.05249,1.293457,-7.018738,-3.980042,-23.641815,2.0192163938511904,-1.0387102377616733,-0.12462441025840997,-0.6982189393021574,15.057117064120355,-159.47796680015816,1.255,-1.292,2.8755
0.0121,-0.28418,0.077393,1.317139,-7.384949,0.963806,-24.58786,2.017405896944234,-1.0379898924213349,-0.125884869804927,-0.7984820636543642,15.067899794987927,-159.84578783039598,1.251,-1.291,2.8771
0.0125,-0.305908,0.042236,1.370117,-3.417664,5.724548,-24.404755,2.0144886436999005,-1.038060933004875,-0.12721680506985483,-0.8801469616391684,15.140980941574426,-160.20449715286782,1.246,-1.29,2.8771
0.0121,-0.33667,0.021973,1.447998,0.183411,9.142517,-22.360077,2.011239445193744,-1.038339397381072,-0.12854430431906955,-0.9225647180049296,15.25861954285041,-160.52308518914933,1.242,-1.289,2.8771
0.0124,-0.299072,-0.013672,1.366699,4.242249,11.339783,-20.162811,2.0068186022530483,-1.039962557151958,-0.12982999787257432,-0.9335567151962693,15.389861270937857,-160.78210671502015,1.236,-1.287,2.8771
0.011,-0.303467,-0.009766,1.298584,8.423157,11.3703,-18.606415,2.003152739737664,-1.040920250810899,-0.1310219822684801,-0.890222925741695,15.517189277649406,-161.00919558899437,1.232,-1.286,2.8771
0.0123,-0.30835,0.022461,1.272949,10.589905,10.515808,-18.331757,1.9996914818389568,-1.041133087078332,-0.13243211597935012,-0.7934264460404985,15.656197776596233,-161.28322444233436,1.228,-1.285,2.8771
0.0121,-0.317139,0.015869,1.221924,10.803528,7.891296,-19.003143,1.9962610050634995,-1.0410255235593777,-0.13388902926519122,-0.7028726726493543,15.773501220176312,-161.57255518866077,1.222,-1.283,2.8771
0.0114,-0.259521,0.025879,1.165771,9.338684,3.252625,-19.186249,1.9929873406696204,-1.0417238507122644,-0.13508829746780238,-0.626785837811864,15.801764503722481,-161.8137030644905,1.218,-1.282,2.8771
0.0126,-0.271973,0.023438,1.102051,7.080383,-2.24054,-19.094696,1.9893876033041875,-1.0418842820563965,-0.1365400039371518,-0.5748823681917786,15.78433573080072,-162.1013316998398,1.214,-1.281,2.8771
0.0115,-0.246094,0.032471,1.056396,5.340881,-8.649231,-19.521942,1.9863142002811736,-1.0420417152764152,-0.13780036760452472,-0.5379014820583339,15.685843173310792,-162.36301580878344,1.209,-1.28,2.8788
0.0121,-0.231689,0.025635,1.05835,3.265686,-15.271545,-20.193329,1.9826607931809876,-1.0428208635507696,-0.13906941654038182,-0.5338269591761239,15.49188793398713,-162.62673459391405,1.205,-1.279,2.8788
0.0123,-0.263916,0.047607,1.020264,2.228088,-20.734192,-20.80368,1.9799833873826937,-1.0416530822782777,-0.14055138322421226,-0.5232797917082689,15.264939043580945,-162.96326994474836,1.198,-1.277,2.8771
0.0121,-0.329834,0.030762,1.08374,1.190491,-25.708557,-21.139374,1.977663770547278,-1.0393496943803693,-0.14221027199798894,-0.5401032026830859,15.021685993591145,-163.34054507279848,1.195,-1.276,2.8788
0.0116,-0.33667,0.042969,1.10083,1.983948,-30.499817,-21.627655,1.9759970837726646,-1.0365000639401825,-0.1438148135681087,-0.5367302062167263,14.741489469045657,-163.7240397265911,1.191,-1.275,2.8771
0.012,-0.318359,0.028076,1.153809,4.150696,-35.321594,-21.261444,1.9735410449698583,-1.0347858191484993,-0.14532649010551182,-0.519536971509568,14.371249509037716,-164.07604874575256,1.185,-1.274,2.8755
0.0121,-0.286377,0.012207,1.180176,7.477112,-38.64801,-20.55954,1.9702938168711939,-1.0342950622177873,-0.14668877587384135,-0.47158413123657505,13.934390523085838,-164.38226976600146,1.182,-1.273,2.8771
0.0123,-0.28125,0.003662,1.294922,11.749573,-41.66925,-19.735565,1.9663871847778702,-1.0346301969626883,-0.1479656561120842,-0.37456553485360394,13.437763076360676,-164.6569239359122,1.175,-1.271,2.8771
0.0123,-0.294189,0.001709,1.34082,16.815491,-43.042542,-18.148651,1.9626958984608391,-1.0346735862572307,-0.14924509880791334,-0.21188197160704605,12.933570701570952,-164.92124125723254,1.172,-1.27,2.8771
0.012,-0.307617,0.012939,1.38916,22.278137,-43.500305,-16.89743,1.9595304270249834,-1.0342271458951966,-0.1504958439037006,0.02180493179737155,12.44641523142781,-165.17871612888473,1.168,-1.269,2.8755
0.0114,-0.327881,0.019775,1.421143,27.008362,-41.852356,-15.188446,1.95712013412747,-1.0331334714387121,-0.15173112057775992,0.3045453155072012,12.01912745337468,-165.4251590392409,1.162,-1.267,2.8755
0.0122,-0.347412,0.012939,1.466797,31.097717,-39.044739,-13.815155,1.954831953971152,-1.0318247626891868,-0.1530451289367412,0.6523072449050209,11.604641047726668,-165.67775030482454,1.159,-1.266,2.8771
0.0122,-0.307617,0.016846,1.469238,32.562561,-36.359192,-13.815155,1.9518080188848708,-1.0313368004530652,-0.1542375671489479,1.0161503246754493,11.204735190300953,-165.90692230171368,1.152,-1.265,2.8755
0.012,-0.321777,0.009033,1.441895,32.165833,-32.84967,-14.181366,1.9495802259371333,-1.0302972079840271,-0.1554585751023958,1.3613317062232373,10.87216435457458,-166.15444262754428,1.149,-1.264,2.8771
0.012,-0.305664,0.031738,1.433105,30.823059,-28.82135,-15.493622,1.9472496938936255,-1.0292811065476462,-0.15662942911427827,1.6975797028885462,10.584334944390257,-166.41647039808396,1.145,-1.263,2.8755
0.0116,-0.306396,0.064941,1.465576,28.259583,-24.518372,-16.927948,1.9450926825255164,-1.0279958246002618,-0.15774666536216275,2.005670822380288,10.358457606953618,-166.6942677497742,1.139,-1.261,2.8755
0.0123,-0.317139,0.036133,1.431152,24.50592,-20.88678,-18.209686,1.943355440515744,-1.0265034329892526,-0.15895291287045474,2.264483025036848,10.176130118237326,-167.00730295513233,1.136,-1.26,2.8771
0.0123,-0.357178,0.034424,1.385254,21.332092,-16.553284,-19.644012,1.9431505177483075,-1.0237107229982385,-0.1603148626680713,2.479929620446107,10.082268687469032,-167.37363998051484,1.129,-1.258,2.8755
0.0114,-0.280518,0.05127,1.363281,18.249817,-13.501526,-21.108856,1.9410978778341115,-1.0225395377816149,-0.16139095948055207,2.6494493395987395,9.992443956602612,-167.68741110582286,1.126,-1.257,2.8771
0.0124,-0.288574,0.044189,1.334473,15.228577,-12.341858,-22.726288,1.9391688580545785,-1.0210900080975076,-0.16258281098058963,2.7877658112311225,9.916635300921602,-168.05274670273573,1.122,-1.256,2.8771
0.0113,-0.3125,0.028564,1.360596,11.65802,-12.769104,-24.679413,1.9383927845402396,-1.0191186108946069,-0.16375429042571193,2.859214900892823,9.8633731970913,-168.42598321648308,1.116,-1.255,2.8771
0.0123,-0.365723,0.029785,1.32373,8.148499,-14.294983,-25.961151,1.9391416915764654,-1.0155790601453671,-0.16520489555372458,2.8937846768049043,9.822170487856493,-168.8878194174,1.112,-1.254,2.8771
0.0126,-0.377197,0.036865,1.319336,4.394836,-17.346741,-27.761688,1.9401893676683417,-1.0116372329930654,-0.1667233914875108,2.882654140780859,9.748879874331259,-169.39315855418272,1.106,-1.252,2.8771
