dt,acc_x,acc_y,acc_z,gyro_x,gyro_y,gyro_z,fused_x,fused_y,fused_z,roll,pitch,yaw,pose_x,pose_y,pose_yaw
0.241891,0,0,0,0.397034,0.048279,0.100861,0.0,0.0,0.0,4.040444551278493,-12.291040668545886,-0.40006684823228844,0.0,0.0,0.0
0.0121,-0.008057,-0.000244,1.314941,0.427551,0.078796,0.100861,0.0,0.0,0.0,3.3387971390033098,-10.125107308697245,-0.26152555137837363,0.001,-0.0,-0.0065
0.0124,-0.005859,-0.006592,1.308838,0.580139,0.322937,0.039825,0.0,0.0,0.0,2.8071246872713997,-8.647858267653891,-0.17175876382475933,0.001,-0.0,-0.0065
0.012,-0.008057,-0.010498,1.307373,0.335999,0.170349,-0.02121,0.0,0.0,0.0,2.3887305214335988,-7.549775425581267,-0.11130678701085486,0.001,-0.0,-0.0065
0.012,-0.000244,-0.000732,1.320312,0.397034,0.048279,0.222931,0.0,0.0,0.0,2.136069196382798,-6.759929808660667,-0.07567049912482791,0.001,-0.0,-0.0065
0.0122,-0.010742,-0.000732,1.310547,0.335999,0.292419,-0.02121,0.0,0.0,0.0,1.9375402329973717,-6.0716755597268195,-0.05214678067347625,0.001,-0.0,-0.0065
0.0121,-0.010254,-0.00708,1.317139,0.366516,0.200867,0.039825,0.0,0.0,0.0,1.7431743951126575,-5.516999081109931,-0.031513271734145115,0.001,-0.0,-0.0065
0.012,-0.009033,-0.002197,1.315674,0.427551,0.139832,0.345001,0.0,0.0,0.0,1.6073851682893698,-5.064381685272436,-0.013650503828453824,0.001,-0.0,-0.0065
0.0116,-0.006348,-0.01001,1.317871,0.366516,0.383972,0.467072,0.0,0.0,0.0,1.4573787857523084,-4.693088404595825,0.003912420183998815,0.001,-0.0,-0.0065
0.0122,-0.00415,-0.003418,1.327148,0.549622,0.170349,0.345001,0.0,0.0,0.0,1.3598205148552567,-4.386791319206938,0.01668960316304051,0.001,-0.0,-0.0065
0.0122,0.004639,0.000244,1.312256,0.519104,0.65863,0.406036,0.0,0.0,0.0,1.2900444831600586,-4.1511797640311485,0.027798257550525885,0.001,-0.0,-0.0065
0.0121,-0.005127,-0.003906,1.320801,0.397034,0.200867,0.192413,0.0,0.0,0.0,1.213220753102241,-3.914769382208734,0.03600697275150005,0.001,-0.0,-0.0065
0.0118,-0.007812,-0.008301,1.319092,0.702209,0.261902,-0.204315,0.0,0.0,0.0,1.1344697273030533,-3.6968874072219986,0.0386484607344896,0.001,-0.0,-0.0065
0.0124,-0.002197,-0.003174,1.308594,0.427551,0.200867,0.131378,0.0,0.0,0.0,1.0786908610746926,-3.522413306054095,0.044216358413360135,0.001,-0.0,-0.0065
0.0112,-0.009033,-0.008545,1.313477,0.458069,0.353455,0.009308,0.0,0.0,0.0,1.0126096160702278,-3.344145624317638,0.04792149128912506,0.001,-0.0,-0.0065
0.012,-0.013184,-0.012207,1.314209,0.641174,-0.043274,-0.173798,0.0,0.0,0.0,0.9454091150079377,-3.1759695098585645,0.04883031695202654,0.001,-0.0,-0.0065
0.0124,-0.005127,-0.005615,1.310791,0.549622,0.170349,-0.02121,0.0,0.0,0.0,0.9024571931536663,-3.043849952484059,0.051104706882714054,0.001,-0.0,-0.0065
0.0115,-0.005859,-0.008545,1.321533,0.244446,-0.165344,0.314484,0.0,0.0,0.0,0.8520616889812399,-2.925590012072292,0.05656565439734914,0.001,-0.0,-0.0065
0.0122,-0.009521,-0.005615,1.310059,0.671692,0.41449,0.314484,0.0,0.0,0.0,0.8187574459573717,-2.8020510311494062,0.06283417074498635,0.001,-0.0,-0.0065
0.012,-0.006592,-0.011719,1.322266,0.549622,0.231384,0.253448,0.0,0.0,0.0,0.7723242681957089,-2.6978449842709726,0.06673997850065806,0.001,-0.0,-0.0065
0.0122,-0.000977,0.0,1.319092,0.519104,0.353455,0.222931,0.0,0.0,0.0,0.7569654341470508,-2.6134862426058487,0.07152052462086728,0.001,-0.0,-0.0065
0.0121,-0.002441,0.000977,1.318115,0.458069,-0.012756,0.009308,0.0,0.0,0.0,0.744597306817686,-2.5365041447880663,0.0737412815782306,0.001,-0.0,-0.0065
0.0122,-0.003906,0.000244,1.30542,0.488586,0.628113,0.100861,0.0,0.0,0.0,0.732213807349188,-2.4548329115291256,0.07697888395702333,0.001,-0.0,-0.0065
0.0121,-0.003174,-0.005371,1.314453,0.305481,0.506042,-0.234833,0.0,0.0,0.0,0.7070594123629104,-2.3815815185347606,0.07484926138275544,0.001,-0.0,-0.0065
0.012,-0.008301,-0.008301,1.310547,0.427551,0.078796,-0.204315,0.0,0.0,0.0,0.6791917649870531,-2.307884028261004,0.07290503672904024,0.001,-0.0,-0.0065
0.0115,-0.005615,-0.005127,1.320801,0.458069,0.078796,-0.082245,0.0,0.0,0.0,0.659685016126512,-2.2442698451570666,0.07272428336368086,0.001,-0.0,-0.0065
0.0123,-0.009521,-0.006836,1.303467,0.366516,0.53656,0.283966,0.0,0.0,0.0,0.6374126682084319,-2.1720440956832197,0.07698816797907673,0.001,-0.0,-0.0065
0.0122,-0.009033,-0.007812,1.322021,0.458069,0.292419,0.009308,0.0,0.0,0.0,0.6161001193630545,-2.107780184769821,0.07751300300179799,0.001,-0.0,-0.0065
0.0121,0.000244,-0.001465,1.31958,0.274963,0.506042,0.375519,0.0,0.0,0.0,0.6051998499569293,-2.0614006775074047,0.08277571462985442,0.001,-0.0,-0.0065
0.0118,0.000732,0.003662,1.323242,0.641174,0.475525,-0.051727,0.0,0.0,0.0,0.6081755566200862,-2.0187836722698216,0.0837543465161309,0.001,-0.0,-0.0065
0.0121,-0.007568,-0.002441,1.310303,0.671692,0.292419,-0.112762,0.0,0.0,0.0,0.6015192561383027,-1.9666259840843838,0.08340053779042461,0.001,-0.0,-0.0065
0.0112,-0.008057,-0.000488,1.31958,0.397034,0.200867,-0.02121,0.0,0.0,0.0,0.5950236651930796,-1.9176520279524565,0.08450748604997986,0.001,-0.0,-0.0065
0.0121,-0.009766,-0.003906,1.318115,0.397034,-0.043274,0.253448,0.0,0.0,0.0,0.5837495276218961,-1.8712575843002754,0.08826450366438549,0.001,-0.0,-0.0065
0.012,-0.012695,-0.004639,1.321289,0.335999,-0.073792,0.314484,0.0,0.0,0.0,0.5712625084388788,-1.8230713882213485,0.09278235106940183,0.001,-0.0,-0.0065
0.0122,-0.015137,-0.008789,1.315674,0.519104,0.261902,0.222931,0.0,0.0,0.0,0.5554159277356238,-1.769655379451266,0.0955803348350023,0.001,-0.0,-0.0065
0.012,-0.008545,-0.006348,1.309082,0.702209,0.078796,0.283966,0.0,0.0,0.0,0.5461538142775999,-1.7309069393999073,0.09889066978127631,0.001,-0.0,-0.0065
0.0122,0.001221,-0.000488,1.321045,0.366516,0.322937,0.406036,0.0,0.0,0.0,0.5421865059204093,-1.7052340105480346,0.10407453938342534,0.001,-0.0,-0.0065
0.0123,-0.003174,-0.001709,1.308838,0.549622,0.139832,0.039825,0.0,0.0,0.0,0.5391590073339122,-1.6766942073589002,0.10487284520856746,0.001,-0.0,-0.0065
0.0119,-0.008545,-0.001953,1.30957,0.335999,0.53656,-0.112762,0.0,0.0,0.0,0.5334265878555433,-1.6372916348996958,0.10426800848390175,0.001,-0.0,-0.0065
0.0122,-0.000732,0.001465,1.307861,0.732727,0.41449,-0.356903,0.0,0.0,0.0,0.5376607314111688,-1.6115935260356913,0.10056485860546152,0.001,-0.0,-0.0065
0.012,-0.008789,-0.004395,1.317871,0.580139,0.383972,-0.14328,0.0,0.0,0.0,0.5319399637234493,-1.576411431979701,0.09895008863081838,0.001,-0.0,-0.0065
0.0113,-0.004639,-0.005615,1.309326,0.488586,0.170349,-0.326385,0.0,0.0,0.0,0.5236317720053976,-1.5508224558078247,0.09470264150278412,0.0,0.0,0.0
0.0118,-0.012207,-0.006104,1.313232,0.152893,0.261902,0.009308,0.0,0.0,0.0,0.5114160546484962,-1.51530022625907,0.09483037615165989,0.0,0.0,0.0
0.0121,-0.007568,-0.009521,1.312012,0.519104,0.261902,-0.326385,0.0,0.0,0.0,0.4998464786971213,-1.4869858426430387,0.0897827454745531,0.0,0.0,0.0
0.0122,-0.008301,-0.005371,1.316162,0.305481,0.41449,-0.02121,0.0,0.0,0.0,0.4914637053060059,-1.4569774624281504,0.08935814853810753,0.0,0.0,0.0
0.0121,-0.001465,-0.004883,1.320801,0.244446,0.139832,0.161896,0.0,0.0,0.0,0.4832642645517908,-1.4397053737269048,0.0906304914462187,0.0,0.0,0.0
0.0116,-0.00293,-0.010498,1.309082,0.458069,0.170349,0.131378,0.0,0.0,0.0,0.4709284428095886,-1.4211629881381305,0.09048565905251105,0.0,0.0,0.0
0.0126,-0.011475,-0.009277,1.320801,0.641174,0.41449,0.436554,0.0,0.0,0.0,0.4632529846767659,-1.3898778333147657,0.09536089437275083,0.0,0.0,0.0
0.0123,-0.000488,-0.005859,1.313477,0.488586,0.200867,0.222931,0.0,0.0,0.0,0.4580004279561689,-1.3752308811343075,0.09716459444677501,0.0,0.0,0.0
0.0112,0.0,0.003662,1.314209,0.549622,-0.012756,0.222931,0.0,0.0,0.0,0.46416334787009106,-1.3641831118249819,0.10050539250634553,0.0,0.0,0.0
0.0126,-0.006592,-0.003174,1.308594,0.274963,0.170349,-0.082245,0.0,0.0,0.0,0.45988846088241925,-1.3438073305106841,0.09953719584542431,0.0,0.0,0.0
0.0112,-0.008057,-0.001953,1.319336,0.274963,0.017761,-0.112762,0.0,0.0,0.0,0.45679302102647323,-1.324315014524607,0.09866620188077298,0.0,0.0,0.0
0.0127,-0.008545,-0.000488,1.30835,0.397034,-0.256897,-0.204315,0.0,0.0,0.0,0.45744684190567686,-1.30837487252578,0.09672269444431722,0.0,0.0,0.0
0.0121,-0.006348,-0.008545,1.319824,0.427551,0.261902,0.039825,0.0,0.0,0.0,0.4494384743042722,-1.289058839848116,0.09618127805121608,0.0,0.0,0.0
0.0119,-0.011963,-0.01001,1.313721,0.458069,0.078796,0.070343,0.0,0.0,0.0,0.4404391244040636,-1.2665388647249913,0.09617575040036642,0.0,0.0,0.0
0.0121,-0.000488,-0.000732,1.310791,0.458069,0.628113,0.283966,0.0,0.0,0.0,0.4416686706466659,-1.250401209785404,0.09959430366931979,0.0,0.0,0.0
0.0122,-0.004639,-0.01001,1.312012,0.366516,0.078796,0.222931,0.0,0.0,0.0,0.4321787954629425,-1.2368301033827613,0.1008709133822311,0.0,0.0,0.0
0.0113,-0.016113,-0.009521,1.324219,0.305481,0.41449,0.345001,0.0,0.0,0.0,0.422576027416603,-1.2081787046727817,0.10441772270174869,0.0,0.0,0.0
0.0122,-0.005859,-0.003418,1.30957,0.580139,0.078796,0.314484,0.0,0.0,0.0,0.423052814863148,-1.1944680198934836,0.10812409376654758,0.0,0.0,0.0
0.0124,-0.002441,0.001465,1.321533,0.580139,0.322937,-0.051727,0.0,0.0,0.0,0.42867993536791843,-1.1814712980125575,0.10795248309893465,0.0,0.0,0.0
0.0113,-0.010742,-0.009277,1.305664,0.397034,0.261902,-0.051727,0.0,0.0,0.0,0.4208910184226021,-1.161688568982308,0.10653738619783068,0.0,0.0,0.0
0.0122,-0.008057,-0.002197,1.317139,0.763245,0.048279,0.222931,0.0,0.0,0.0,0.4250360826411169,-1.1473904677393796,0.10945600831048584,0.0,0.0,0.0
0.0124,0.000488,-0.001953,1.317383,0.274963,-0.195862,-0.112762,0.0,0.0,0.0,0.42368300909441525,-1.1447220312547783,0.10758623148638727,0.0,0.0,0.0
0.0116,-0.010498,-0.01123,1.310303,0.274963,0.597595,-0.051727,0.0,0.0,0.0,0.41324545026930587,-1.1224482874920916,0.1058226579463029,0.0,0.0,0.0
0.0125,-0.009521,-0.00708,1.317139,0.488586,-0.073792,0.009308,0.0,0.0,0.0,0.40995190324114433,-1.1093385650363614,0.10538732098317394,0.0,0.0,0.0
0.0121,-0.006348,-0.003662,1.314697,0.427551,0.292419,0.253448,0.0,0.0,0.0,0.4090491739712066,-1.0952272781107628,0.10826746979478251,0.0,0.0,0.0
0.012,-0.004883,-0.00415,1.304688,0.610657,0.475525,0.222931,0.0,0.0,0.0,0.409898949231561,-1.080764239036838,0.11054383166314274,0.0,0.0,0.0
0.0116,-0.007812,-0.007812,1.31543,0.549622,0.200867,0.192413,0.0,0.0,0.0,0.4064969790275649,-1.0671743639305487,0.11195826147721989,0.0,0.0,0.0
0.0122,0.000732,-0.003418,1.316895,0.397034,0.292419,0.222931,0.0,0.0,0.0,0.40573634937614506,-1.060487467381684,0.1139494755699865,0.0,0.0,0.0
0.0123,-0.005615,-0.003906,1.310791,0.305481,0.322937,0.222931,0.0,0.0,0.0,0.403533129350077,-1.0478399215922887,0.11638093181180705,0.0,0.0,0.0
0.0111,-0.006104,-0.001221,1.314697,0.427551,0.200867,-0.082245,0.0,0.0,0.0,0.404866350820002,-1.0367081722154183,0.11561867161822773,0.0,0.0,0.0
0.0124,-0.005615,-0.002686,1.319824,0.397034,0.292419,0.009308,0.0,0.0,0.0,0.4050572091793554,-1.0248676719982894,0.11559615982929135,0.0,0.0,0.0
0.0117,-0.00708,-0.001221,1.317871,0.427551,0.139832,-0.295868,0.0,0.0,0.0,0.40671725409310383,-1.0139473530205367,0.11231644247253449,0.0,0.0,0.0
0.0123,-0.010254,-0.009277,1.315674,0.610657,0.139832,-0.173798,0.0,0.0,0.0,0.4038139365004372,-1.0004520229588698,0.10927782801629332,0.0,0.0,0.0
0.0122,-0.009766,-0.01001,1.310059,0.488586,0.231384,-0.02121,0.0,0.0,0.0,0.3988306468107837,-0.9866328957489434,0.1079732714165763,0.0,0.0,0.0
0.0116,-0.008057,-0.003662,1.326416,0.763245,0.322937,-0.112762,0.0,0.0,0.0,0.4023335355726629,-0.973599685322236,0.10651328280247076,0.0,0.0,0.0
0.0124,-0.014648,-0.006836,1.311035,0.213928,-0.073792,0.131378,0.0,0.0,0.0,0.39697323114940597,-0.9598886378480755,0.10794756661908837,0.0,0.0,0.0
0.0113,-0.008301,-0.007568,1.318604,0.427551,0.292419,0.161896,0.0,0.0,0.0,0.3933017929459009,-0.9477006849532353,0.10900966710086078,0.0,0.0,0.0
0.0122,-0.003906,-0.005371,1.305664,0.397034,0.231384,-0.02121,0.0,0.0,0.0,0.39162292232495793,-0.9399830726456517,0.10798967411027788,0.0,0.0,0.0
0.0121,-0.010498,-0.005859,1.318848,0.488586,0.139832,0.161896,0.0,0.0,0.0,0.39063620943884364,-0.9279903092344964,0.10961045715851424,0.0,0.0,0.0
0.0125,-0.012451,-0.007568,1.314941,0.366516,0.048279,0.100861,0.0,0.0,0.0,0.3870007764829322,-0.9157131323876884,0.11040327007754082,0.0,0.0,0.0
0.0122,-0.003174,-0.009277,1.309814,0.397034,0.383972,0.070343,0.0,0.0,0.0,0.382328982432245,-0.9073201631570046,0.10985305994697912,0.0,0.0,0.0
0.0111,-0.000488,-0.00293,1.314209,0.671692,0.231384,0.192413,0.0,0.0,0.0,0.3855240231124359,-0.903320872690794,0.11135067614692164,0.0,0.0,0.0
0.0124,-0.007812,-0.010498,1.314697,0.427551,0.200867,0.314484,0.0,0.0,0.0,0.3804466733046301,-0.8935624167980386,0.11402681616372837,0.0,0.0,0.0
0.0124,0.002441,0.002686,1.310791,0.793762,0.506042,0.070343,0.0,0.0,0.0,0.390611948292901,-0.8885012139966719,0.1148912329749893,0.0,0.0,0.0
0.0113,-0.012451,-0.003662,1.312744,0.458069,0.322937,-0.173798,0.0,0.0,0.0,0.39100897204046553,-0.8741740853516847,0.11305464703970627,0.0,0.0,0.0
0.0121,-0.011475,-0.010254,1.314941,0.610657,0.322937,0.039825,0.0,0.0,0.0,0.38836721006099933,-0.8606564317438765,0.11260620844438056,0.0,0.0,0.0
0.0127,-0.01123,-0.006104,1.324219,0.519104,0.231384,0.009308,0.0,0.0,0.0,0.38830611369281526,-0.848503421074022,0.11237931656395667,0.0,0.0,0.0
0.014,-0.000732,-0.008301,1.312988,0.335999,0.048279,-0.02121,0.0,0.0,0.0,0.38468344985673025,-0.8470557586520342,0.11062536762390474,0.0,0.0,0.0
0.0091,-0.005371,-0.009766,1.315918,0.519104,0.292419,0.222931,0.0,0.0,0.0,0.38004620745499773,-0.8400686365691349,0.11137182503817691,0.0,0.0,0.0
0.0121,-0.002441,-0.006104,1.307129,0.549622,0.53656,0.314484,0.0,0.0,0.0,0.38021567869722306,-0.8317595808319436,0.11422262469085027,0.0,0.0,0.0
0.0122,0.000488,0.000244,1.324707,0.549622,-0.073792,0.070343,0.0,0.0,0.0,0.3853599773185181,-0.8329457882766418,0.11476682926068066,0.0,0.0,0.0
0.0118,-0.009033,-0.005371,1.308105,0.427551,0.322937,0.009308,0.0,0.0,0.0,0.3845635818982385,-0.8223096639083897,0.11450315114706865,0.0,0.0,0.0
0.0129,-0.008057,-0.005127,1.309814,0.519104,0.322937,-0.051727,0.0,0.0,0.0,0.3856303093362456,-0.8122316841669921,0.11341620762242632,0.0,0.0,0.0
0.0113,-0.010498,-0.002686,1.312256,0.610657,0.048279,0.039825,0.0,0.0,0.0,0.3887482542390539,-0.8040477620298278,0.11392620492668712,0.0,0.0,0.0
0.0122,-0.012451,-0.006836,1.320068,0.397034,0.719666,0.131378,0.0,0.0,0.0,0.3866903977817327,-0.7864202166361023,0.11520359820053196,0.0,0.0,0.0
0.0119,-0.013916,-0.003906,1.313721,0.549622,-0.012756,0.070343,0.0,0.0,0.0,0.38856164604111043,-0.7767939233002054,0.11614558441253796,0.0,0.0,0.0
0.0125,-0.008301,-0.002197,1.310547,0.366516,0.048279,0.039825,0.0,0.0,0.0,0.3897749891277504,-0.7707835122804181,0.11656398571767582,0.0,0.0,0.0
0.0121,-0.012695,-0.008057,1.31665,0.305481,0.353455,0.161896,0.0,0.0,0.0,0.38576534392320666,-0.7579998835389395,0.11799245566574197,0.0,0.0,0.0
0.0111,-0.017578,-0.008545,1.308594,0.397034,0.200867,-0.14328,0.0,0.0,0.0,0.38222863183360717,-0.7438343903080151,0.11613925303398999,0.0,0.0,0.0
0.0124,-0.005371,-0.005615,1.313965,0.458069,-0.134827,0.131378,0.0,0.0,0.0,0.38214268925962525,-0.7427305659801245,0.11699060163191416,0.0,0.0,0.0
0.0117,-0.001953,0.001221,1.315674,0.488586,0.292419,0.192413,0.0,0.0,0.0,0.3870829096190157,-0.7391064654291551,0.11915196704761497,0.0,0.0,0.0
0.0125,-0.005615,-0.01123,1.312988,0.397034,0.231384,0.039825,0.0,0.0,0.0,0.3822212648412609,-0.7334109659573763,0.1181920857783306,0.0,0.0,0.0
0.0122,-0.010498,-0.003662,1.320801,0.366516,0.170349,0.100861,0.0,0.0,0.0,0.38242931237488276,-0.7250491541587392,0.1193019806543674,0.0,0.0,0.0
0.0116,-0.006348,-0.006348,1.307617,0.458069,0.383972,0.009308,0.0,0.0,0.0,0.3815718097765368,-0.71750902906997,0.1186504837132314,0.0,0.0,0.0
0.0124,-0.012939,-0.009521,1.317383,0.519104,0.292419,0.345001,0.0,0.0,0.0,0.3795516919168498,-0.7061678947005278,0.12223607998384627,0.0,0.0,0.0
0.012,-0.008057,-0.006104,1.305176,0.580139,0.139832,0.253448,0.0,0.0,0.0,0.3805451913245015,-0.7004372680515255,0.12464848351872582,0.0,0.0,0.0
0.0121,0.000244,-0.006348,1.314453,0.397034,0.383972,0.222931,0.0,0.0,0.0,0.3792596345569728,-0.69772721667783,0.126123049250689,0.0,0.0,0.0
0.0111,-0.007812,-0.006592,1.305908,0.519104,0.139832,0.039825,0.0,0.0,0.0,0.37881421816856653,-0.6924207719589693,0.12587391083526617,0.0,0.0,0.0
0.0121,-0.00708,-0.007324,1.325684,0.519104,0.292419,0.100861,0.0,0.0,0.0,0.378412038654985,-0.6856766062023931,0.12628714913952283,0.0,0.0,0.0
0.0125,-0.001221,-0.002197,1.309082,0.122375,0.383972,-0.051727,0.0,0.0,0.0,0.3769476212077951,-0.6819618181474434,0.12504609980232065,0.0,0.0,0.0
0.012,-0.009521,-0.002197,1.310059,0.274963,0.170349,-0.173798,0.0,0.0,0.0,0.37727584270263625,-0.6751724135255832,0.12293973543569049,0.0,0.0,0.0
0.0123,-0.006592,-0.005615,1.310303,0.458069,0.170349,0.070343,0.0,0.0,0.0,0.3774983027897938,-0.6705020916354123,0.12316122034464616,0.0,0.0,0.0
0.0116,-0.01123,-0.003906,1.312256,0.366516,0.261902,0.192413,0.0,0.0,0.0,0.3775448572907315,-0.6617456643805196,0.1252842951983198,0.0,0.0,0.0
0.0117,-0.009521,-0.004395,1.315186,0.427551,0.261902,0.070343,0.0,0.0,0.0,0.37802776836071156,-0.6542606045527902,0.12581217723952473,0.0,0.0,0.0
0.0125,-0.007324,-0.009521,1.308105,0.305481,-0.256897,0.161896,0.0,0.0,0.0,0.37379684922222584,-0.6546321070588378,0.12675435558277895,0.0,0.0,0.0
0.0122,0.003662,-0.00293,1.313965,0.580139,0.109314,0.009308,0.0,0.0,0.0,0.3774166905529623,-0.658023459323391,0.1258222021988809,0.0,0.0,0.0
0.0117,-0.011719,-0.00708,1.304443,0.82428,0.322937,-0.02121,0.0,0.0,0.0,0.38069820273192473,-0.6484334159843971,0.12514013935840027,0.0,0.0,0.0
0.0124,-0.010254,-0.001465,1.321533,0.580139,0.53656,0.192413,0.0,0.0,0.0,0.3853288552188942,-0.6371143871255038,0.1276293374213424,0.0,0.0,0.0
0.0111,-0.007812,-0.003662,1.304199,0.519104,-0.165344,0.039825,0.0,0.0,0.0,0.38705219910988786,-0.6360420820572195,0.12769273099769188,0.0,0.0,0.0
0.0121,0.000732,0.000977,1.312256,0.549622,0.261902,0.100861,0.0,0.0,0.0,0.39277034951291373,-0.6358128285335745,0.12848903932569783,0.0,0.0,0.0
0.0145,-0.006592,-0.008545,1.302734,0.519104,-0.043274,-0.082245,0.0,0.0,0.0,0.3928446098947982,-0.6344031453501767,0.1263007975061181,0.0,0.0,0.0
0.0103,-0.007812,-0.006348,1.32251,0.580139,0.261902,0.131378,0.0,0.0,0.0,0.39290444102674515,-0.6288501766450116,0.127021502855763,0.0,0.0,0.0
0.0109,-0.003174,-0.005127,1.298096,0.488586,0.322937,0.100861,0.0,0.0,0.0,0.39315873886475394,-0.625800837293419,0.12729540179117937,0.0,0.0,0.0
0.0122,-0.012207,-0.013184,1.318115,0.152893,0.383972,0.345001,0.0,0.0,0.0,0.38461233452726223,-0.6155178172823266,0.130478233875747,0.0,0.0,0.0
0.0127,-0.009277,-0.003418,1.320068,0.458069,0.139832,0.345001,0.0,0.0,0.0,0.38657723903202657,-0.6101784222177934,0.1346437342733755,0.0,0.0,0.0
0.0113,-0.004639,0.003418,1.312012,0.580139,0.53656,0.192413,0.0,0.0,0.0,0.39383657882963724,-0.6037733179198554,0.13700957132363561,0.0,0.0,0.0
0.0123,-0.006104,-0.005615,1.317139,0.397034,0.078796,0.161896,0.0,0.0,0.0,0.3933692363979087,-0.6014894169257737,0.1383171721930812,0.0,0.0,0.0
0.0121,-0.005127,-0.006104,1.308838,0.458069,0.231384,0.192413,0.0,0.0,0.0,0.3932410044164646,-0.5981164026993666,0.1398572543837586,0.0,0.0,0.0
0.0118,-0.00293,-0.00293,1.326904,0.580139,-0.073792,0.100861,0.0,0.0,0.0,0.39651377753531036,-0.5997495091496203,0.14042248184793524,0.0,0.0,0.0
0.0123,-0.005127,-0.005615,1.30127,0.610657,0.322937,0.131378,0.0,0.0,0.0,0.39864929012929834,-0.5952741158321699,0.1413115240206588,0.0,0.0,0.0
0.012,-0.005371,-0.006836,1.321045,0.610657,0.292419,0.161896,0.0,0.0,0.0,0.3998022162131642,-0.5910573732860237,0.1424335460212943,0.0,0.0,0.0
0.0122,-0.003174,0.0,1.313965,0.366516,0.322937,0.070343,0.0,0.0,0.0,0.4026073696287547,-0.5879256981793693,0.1429922214099522,0.0,0.0,0.0
0.0112,-0.005371,-0.008545,1.317139,0.397034,0.41449,0.070343,0.0,0.0,0.0,0.39979934562779973,-0.5826911495950814,0.14281119583878066,0.0,0.0,0.0
0.0124,-0.01001,-0.009277,1.312744,0.397034,0.200867,-0.051727,0.0,0.0,0.0,0.397036545383042,-0.5766281216942399,0.14143449642659192,0.0,0.0,0.0
0.0122,-0.008545,-0.00415,1.318359,0.397034,0.170349,-0.173798,0.0,0.0,0.0,0.3975879421858127,-0.571972189980122,0.13896846607164728,0.0,0.0,0.0
0.0121,-0.003662,-0.000732,1.314697,0.458069,0.200867,-0.051727,0.0,0.0,0.0,0.40103269957253335,-0.5702158409651701,0.13798725044550328,0.0,0.0,0.0
0.0124,-0.013916,-0.011719,1.31665,0.580139,0.322937,0.070343,0.0,0.0,0.0,0.39896184250751227,-0.5602984757108151,0.13817711608444092,0.0,0.0,0.0
0.0115,-0.01001,-0.005127,1.321289,0.305481,-0.104309,0.161896,0.0,0.0,0.0,0.39753842970089664,-0.5581661542285064,0.13967690503862168,0.0,0.0,0.0
0.0122,-0.006836,-0.006836,1.306396,0.549622,0.506042,0.345001,0.0,0.0,0.0,0.398164362752047,-0.5508904579889173,0.14319095625530642,0.0,0.0,0.0
0.012,-0.009521,-0.009033,1.316895,0.427551,0.41449,0.283966,0.0,0.0,0.0,0.39585015634811255,-0.5431167593697901,0.14588444594962843,0.0,0.0,0.0
0.0121,-0.008545,-0.010254,1.315674,0.397034,0.292419,0.222931,0.0,0.0,0.0,0.3924771160085102,-0.5374826716066298,0.147687114481086,0.0,0.0,0.0
0.0114,-0.001709,-0.002441,1.321777,0.335999,0.41449,0.253448,0.0,0.0,0.0,0.39318384758057373,-0.5350753427213921,0.1499360350470661,0.0,0.0,0.0
0.0122,-0.005615,-0.005859,1.304688,0.213928,0.078796,0.039825,0.0,0.0,0.0,0.3905254367733866,-0.5339926682454522,0.14971942730792817,0.0,0.0,0.0
0.0122,-0.007568,-0.003662,1.318604,0.427551,0.139832,0.039825,0.0,0.0,0.0,0.3918845611115479,-0.5308784462819801,0.14984213751211903,0.0,0.0,0.0
0.0122,-0.007812,-0.001709,1.311523,0.519104,0.41449,0.222931,0.0,0.0,0.0,0.39556605095881614,-0.5243722619056054,0.1523967996796403,0.0,0.0,0.0
0.0116,-0.004395,0.0,1.317871,0.519104,0.200867,0.222931,0.0,0.0,0.0,0.39997830111169247,-0.5227823097974914,0.15471117966149667,0.0,0.0,0.0
0.0119,-0.013428,-0.008545,1.304932,0.397034,0.139832,-0.02121,0.0,0.0,0.0,0.39766767280168264,-0.5161483268179017,0.1540545989910322,0.0,0.0,0.0
0.0118,-0.011963,-0.01416,1.317871,0.366516,-0.012756,0.283966,0.0,0.0,0.0,0.39145799640357204,-0.5123400742897118,0.156430366772681,0.0,0.0,0.0
0.0122,-0.004395,-0.003174,1.306396,0.305481,0.475525,0.222931,0.0,0.0,0.0,0.39166762453076637,-0.5075119768609524,0.15862793769494307,0.0,0.0,0.0
0.0125,-0.015381,-0.014648,1.310791,0.335999,0.292419,0.070343,0.0,0.0,0.0,0.3851077724658238,-0.49787572646131234,0.15876207964350922,0.0,0.0,0.0
0.012,-0.006104,-0.005859,1.314453,0.458069,0.109314,0.192413,0.0,0.0,0.0,0.38545723661052256,-0.49652796328795684,0.16041635266375473,0.0,0.0,0.0
0.0117,-0.00293,-0.003662,1.313232,0.427551,0.261902,0.131378,0.0,0.0,0.0,0.38671151260042674,-0.49545999063712637,0.16127873547369903,0.0,0.0,0.0
0.012,-0.003906,-0.005127,1.307861,0.488586,0.261902,0.192413,0.0,0.0,0.0,0.3878821261184592,-0.4937443687026087,0.16286235606033986,0.0,0.0,0.0
0.0127,-0.001709,-0.000732,1.319336,0.183411,0.231384,-0.234833,0.0,0.0,0.0,0.3883380659988121,-0.4935239038631135,0.15936858485746314,0.0,0.0,0.0
0.0112,-0.004883,0.003662,1.308594,0.427551,0.353455,-0.234833,0.0,0.0,0.0,0.3939996501810518,-0.49035909341788547,0.15678457287150033,0.0,0.0,0.0
0.0123,-0.005127,-0.003418,1.317871,0.366516,-0.073792,0.070343,0.0,0.0,0.0,0.3948472474763118,-0.4918740821416036,0.15713296852221567,0.0,0.0,0.0
0.0121,-0.015137,-0.01001,1.318359,0.458069,0.200867,0.131378,0.0,0.0,0.0,0.3926095487401266,-0.4838442768785227,0.15838740065010945,0.0,0.0,0.0
0.0122,-0.003662,-0.007812,1.315918,0.274963,0.139832,-0.387421,0.0,0.0,0.0,0.38965706182381227,-0.4837340107287368,0.15273170850402576,0.0,0.0,0.0
0.0123,-0.009766,-0.004395,1.312988,0.488586,0.200867,0.100861,0.0,0.0,0.0,0.39144117514609345,-0.4791109935091057,0.15371461099028272,0.0,0.0,0.0
0.0113,-0.009033,-0.010254,1.316162,0.427551,0.109314,0.345001,0.0,0.0,0.0,0.388399256370776,-0.4762372626353486,0.1568656366197138,0.0,0.0,0.0
0.0121,-0.003418,-0.006104,1.316162,0.671692,0.53656,0.619659,0.0,0.0,0.0,0.391199456975311,-0.47170243331737627,0.16358237627014185,0.0,0.0,0.0
0.0122,-0.003662,-0.002686,1.315186,0.488586,0.048279,0.314484,0.0,0.0,0.0,0.3939751101501567,-0.47287995992247345,0.16686998404659106,0.0,0.0,0.0
0.0124,-0.009277,-0.00708,1.318604,0.213928,0.506042,0.222931,0.0,0.0,0.0,0.3907461567467075,-0.46492861712297023,0.16918528548625988,0.0,0.0,0.0
0.0111,-0.005371,-0.00293,1.31665,0.458069,0.078796,0.161896,0.0,0.0,0.0,0.39253589209105394,-0.4648163601771175,0.17053341840707678,0.0,0.0,0.0
0.0122,-0.001709,0.005615,1.31665,0.488586,0.383972,0.100861,0.0,0.0,0.0,0.4004369099261793,-0.46318411521175445,0.1716919763951204,0.0,0.0,0.0
0.0121,-0.007812,-0.000488,1.31665,0.244446,0.170349,-0.387421,0.0,0.0,0.0,0.401575218722309,-0.4603657048638376,0.16688864675715426,0.0,0.0,0.0
0.0118,-0.003174,-0.006836,1.304199,0.549622,0.292419,-0.326385,0.0,0.0,0.0,0.40227926861214286,-0.45913833715592783,0.16218686236368618,0.0,0.0,0.0
0.0127,-0.00293,-0.003906,1.322021,0.458069,0.078796,-0.02121,0.0,0.0,0.0,0.4040949664930701,-0.46042093757391656,0.16125205222467734,0.0,0.0,0.0
0.0121,-0.006104,-0.004395,1.312256,0.335999,0.597595,0.436554,0.0,0.0,0.0,0.4038203889114335,-0.4536627938456699,0.16608198512689276,0.0,0.0,0.0
0.0111,-0.008301,-0.010498,1.323242,0.427551,0.109314,0.283966,0.0,0.0,0.0,0.40053560075901873,-0.45153463466164595,0.1684956833281486,0.0,0.0,0.0
0.0123,-0.010254,-0.002441,1.312256,0.335999,0.292419,0.314484,0.0,0.0,0.0,0.4015891436936613,-0.4459045449908572,0.1722873103970799,0.0,0.0,0.0
0.0126,-0.00415,-0.007812,1.315674,0.305481,-0.012756,0.253448,0.0,0.0,0.0,0.3990703025204186,-0.4477860485127037,0.17464185153696138,0.0,0.0,0.0
0.012,-0.006836,-0.005859,1.308105,0.305481,0.383972,0.345001,0.0,0.0,0.0,0.3975852392048049,-0.4433179846237812,0.17827771742837176,0.0,0.0,0.0
0.0112,-0.008057,-0.006104,1.322266,0.366516,0.445007,0.131378,0.0,0.0,0.0,0.3964422019799374,-0.437712811721403,0.1793184978768635,0.0,0.0,0.0
0.0129,-0.002441,-0.005371,1.304932,0.641174,0.170349,0.222931,0.0,0.0,0.0,0.39985970457740827,-0.43844916234799686,0.18141570040128485,0.0,0.0,0.0
0.0114,-0.012207,-0.007568,1.317871,0.580139,0.445007,-0.051727,0.0,0.0,0.0,0.40030396211070624,-0.43028432451881526,0.18057782412341558,0.0,0.0,0.0
0.0116,-0.008057,-0.005859,1.30957,0.397034,0.017761,-0.051727,0.0,0.0,0.0,0.3998001223247622,-0.4295749300527105,0.17952738251286193,0.0,0.0,0.0
0.0121,-0.008301,-0.003662,1.316162,0.366516,0.445007,0.192413,0.0,0.0,0.0,0.40045140723915734,-0.4236008140709711,0.18158927467915043,0.0,0.0,0.0
0.0126,-0.011963,-0.013184,1.305908,0.427551,0.109314,0.131378,0.0,0.0,0.0,0.396224746799726,-0.4194454059877977,0.1826200603047197,0.0,0.0,0.0
0.0113,-0.003174,-0.010498,1.317139,0.335999,0.322937,0.131378,0.0,0.0,0.0,0.39216256658845217,-0.41840500899596494,0.18309129478229969,0.0,0.0,0.0
0.0122,-0.01001,-0.004639,1.314697,0.427551,0.261902,0.314484,0.0,0.0,0.0,0.3930773808111207,-0.4136966171712099,0.18671042330944862,0.0,0.0,0.0
0.0122,-0.009766,-0.004883,1.313965,0.793762,0.506042,0.070343,0.0,0.0,0.0,0.3982776796606835,-0.4062241256601744,0.1873294490613935,0.0,0.0,0.0
0.0121,-0.001709,-0.003662,1.320312,0.305481,0.078796,0.222931,0.0,0.0,0.0,0.3982271089911459,-0.40885946481187724,0.1892977775423824,0.0,0.0,0.0
0.0121,-0.003418,-0.003418,1.30542,0.732727,-0.104309,0.131378,0.0,0.0,0.0,0.4034566020054401,-0.4126952152197886,0.19026899411523251,0.0,0.0,0.0
0.0123,-0.007812,-0.003906,1.313721,0.366516,0.506042,-0.02121,0.0,0.0,0.0,0.4040319558162385,-0.4063627371448334,0.1897084385421095,0.0,0.0,0.0
0.012,-0.009766,-0.007568,1.313965,0.335999,0.383972,-0.02121,0.0,0.0,0.0,0.4019204109536434,-0.40051677905197647,0.1890700172199645,0.0,0.0,0.0
0.0112,-0.012207,-0.005371,1.314453,0.397034,-0.012756,-0.14328,0.0,0.0,0.0,0.4015887956305058,-0.39794850697420825,0.187330185335803,0.0,0.0,0.0
0.0127,-0.016113,-0.002197,1.312256,0.580139,0.200867,0.100861,0.0,0.0,0.0,0.4060440673573629,-0.39039792909570403,0.18891278534453632,0.0,0.0,0.0
0.0122,-0.006592,-0.007812,1.302002,0.488586,0.53656,0.100861,0.0,0.0,0.0,0.4056581773841067,-0.3847850945294475,0.18952698684432023,0.0,0.0,0.0
0.011,-0.002686,-0.00708,1.323242,0.641174,-0.073792,-0.082245,0.0,0.0,0.0,0.40685469573719335,-0.3887503338015923,0.18775978002826774,0.0,0.0,0.0
0.0122,-0.007324,-0.001709,1.316162,0.427551,0.048279,0.100861,0.0,0.0,0.0,0.40942458617188066,-0.3885455892456016,0.1887267180428602,0.0,0.0,0.0
0.0123,-0.009033,-0.014404,1.321289,0.366516,0.597595,0.283966,0.0,0.0,0.0,0.40365623291265357,-0.38063928195431973,0.19146210237088263,0.0,0.0,0.0
0.0119,-0.008057,-0.002441,1.312744,0.335999,0.017761,0.131378,0.0,0.0,0.0,0.4046212844761819,-0.3804679540415514,0.1927687540147035,0.0,0.0,0.0
0.0121,-0.007324,0.000732,1.318115,0.274963,0.353455,0.100861,0.0,0.0,0.0,0.40680878722284436,-0.37669482868462517,0.1938711299413089,0.0,0.0,0.0
0.0121,-0.013672,-0.008545,1.317627,0.458069,0.383972,-0.051727,0.0,0.0,0.0,0.4056271798769176,-0.3687859827992044,0.19307497354232975,0.0,0.0,0.0
0.0123,-0.004883,-0.005371,1.3125,0.610657,0.078796,-0.326385,0.0,0.0,0.0,0.40832698713145044,-0.36986675273343805,0.1884431442658138,0.0,0.0,0.0
0.0112,-0.001221,0.000244,1.316406,0.519104,0.322937,-0.051727,0.0,0.0,0.0,0.4126634578856373,-0.3705077262371002,0.18730620790621252,0.0,0.0,0.0
0.0123,-0.00708,-0.011963,1.320557,0.549622,0.109314,0.283966,0.0,0.0,0.0,0.410583720915631,-0.369904852329394,0.1900334446816744,0.0,0.0,0.0
0.0121,-0.008789,-0.01123,1.311523,0.610657,0.65863,0.070343,0.0,0.0,0.0,0.40957805231166255,-0.36174031386820277,0.1903078649937598,0.0,0.0,0.0
0.0124,-0.002686,0.002441,1.313721,0.427551,0.41449,0.009308,0.0,0.0,0.0,0.41471114956179805,-0.3601010510345286,0.19006312183996785,0.0,0.0,0.0
0.0121,-0.009277,-0.000977,1.318848,0.458069,0.53656,0.039825,0.0,0.0,0.0,0.41797128088089575,-0.3531803598881086,0.19046648863901908,0.0,0.0,0.0
0.0113,-0.015137,-0.010498,1.307617,0.488586,0.048279,0.070343,0.0,0.0,0.0,0.41548396572737334,-0.34873246578610384,0.1910865003974852,0.0,0.0,0.0
0.0121,-0.004639,-0.000488,1.311279,0.366516,0.353455,0.070343,0.0,0.0,0.0,0.41794883791014453,-0.3469276857432054,0.1915517206002432,0.0,0.0,0.0
0.0123,-0.012207,-0.004395,1.316406,0.488586,-0.012756,-0.14328,0.0,0.0,0.0,0.4196230382355352,-0.34497027528263996,0.18969471629561957,0.0,0.0,0.0
0.0122,-0.005615,-0.007568,1.310791,0.641174,0.048279,0.100861,0.0,0.0,0.0,0.42116042185578006,-0.3462790401799314,0.19026292130521355,0.0,0.0,0.0
0.0112,-0.005127,-0.006836,1.310547,0.519104,0.53656,0.253448,0.0,0.0,0.0,0.4211331858622899,-0.34251215142853475,0.19248183917350498,0.0,0.0,0.0
0.0121,-0.000732,-0.001709,1.310547,0.366516,0.017761,0.406036,0.0,0.0,0.0,0.42279256420691125,-0.34715696282099456,0.19667462540081934,0.0,0.0,0.0
0.0124,-0.006592,-0.003662,1.315186,0.580139,0.017761,0.131378,0.0,0.0,0.0,0.4260135194839162,-0.34820218440161393,0.19789555898065583,0.0,0.0,0.0
0.012,-0.010742,-0.006348,1.309814,0.610657,0.322937,0.131378,0.0,0.0,0.0,0.427733591016192,-0.3431589862494597,0.19924829904669006,0.0,0.0,0.0
0.0124,0.000732,-0.000732,1.315918,0.519104,0.506042,-0.173798,0.0,0.0,0.0,0.43191904806023107,-0.3425853529649998,0.19636604329231128,0.0,0.0,0.0
0.011,-0.007568,-0.006592,1.315186,0.580139,0.048279,-0.051727,0.0,0.0,0.0,0.43252385632930385,-0.3427744402894262,0.1953440413720135,0.0,0.0,0.0
0.0124,-0.009277,-0.009277,1.318115,0.519104,0.261902,0.131378,0.0,0.0,0.0,0.4315750666007962,-0.3392688555723448,0.19655075336202532,0.0,0.0,0.0
0.0122,-0.002441,-0.004395,1.318359,0.427551,0.261902,0.253448,0.0,0.0,0.0,0.4323128335501327,-0.33991438926797557,0.198964995069641,0.0,0.0,0.0
0.0122,-0.002441,-0.003906,1.29834,0.488586,0.200867,0.100861,0.0,0.0,0.0,0.4340876572529156,-0.3413887834097659,0.19952668629410356,0.0,0.0,0.0
0.0122,-0.015137,-0.006836,1.324707,0.458069,0.109314,0.131378,0.0,0.0,0.0,0.43373602839733194,-0.33631380820725887,0.20118953204144513,0.0,0.0,0.0
0.0111,-0.006348,-0.008545,1.300293,0.183411,0.200867,0.131378,0.0,0.0,0.0,0.42884026094447664,-0.3356860762980679,0.20206832140951603,0.0,0.0,0.0
0.0123,-0.001953,-0.001709,1.324951,0.519104,0.292419,0.009308,0.0,0.0,0.0,0.4323680425304167,-0.33619047266967345,0.20158774431086668,0.0,0.0,0.0
0.0126,-0.009277,-0.004395,1.312744,0.397034,0.200867,0.070343,0.0,0.0,0.0,0.4329051506696094,-0.33346837107889127,0.20225558726896367,0.0,0.0,0.0
0.011,-0.004883,-0.01123,1.318604,0.458069,0.292419,0.253448,0.0,0.0,0.0,0.4294402062872799,-0.33269871783799365,0.20431238968490384,0.0,0.0,0.0
0.0121,-0.001221,-0.003174,1.310059,0.427551,0.139832,-0.173798,0.0,0.0,0.0,0.4309312501025854,-0.33561865305819183,0.20150212382192478,0.0,0.0,0.0
0.0127,0.001709,-0.00415,1.313721,0.397034,0.445007,0.375519,0.0,0.0,0.0,0.43165442470653914,-0.33636212642141966,0.20537895477571072,0.0,0.0,0.0
0.0113,-0.007812,-0.004639,1.315918,0.213928,0.170349,-0.204315,0.0,0.0,0.0,0.42952897925006067,-0.33507312184380017,0.20277398724265083,0.0,0.0,0.0
0.0121,-0.00293,-0.003662,1.307129,0.610657,0.200867,-0.173798,0.0,0.0,0.0,0.4329265431883789,-0.3362336173847451,0.20008506491603367,0.0,0.0,0.0
0.0122,-0.005127,-0.000488,1.313965,0.458069,0.017761,-0.02121,0.0,0.0,0.0,0.4363686733288766,-0.3382449153178863,0.19947491822464355,0.0,0.0,0.0
0.0126,-0.015869,-0.010254,1.30835,0.488586,0.65863,-0.02121,0.0,0.0,0.0,0.43454198896665336,-0.3258775092485761,0.1993245714398407,0.0,0.0,0.0
0.0118,-0.005127,-0.003418,1.309326,0.580139,-0.134827,-0.173798,0.0,0.0,0.0,0.4374922076348785,-0.3297960114728665,0.19680992040481426,0.0,0.0,0.0
0.0123,0.001709,0.002197,1.314941,0.335999,0.261902,0.375519,0.0,0.0,0.0,0.441003278035327,-0.3329796592011424,0.20072385828592534,0.0,0.0,0.0
0.0121,-0.008057,-0.012207,1.308105,0.06134,0.506042,-0.082245,0.0,0.0,0.0,0.43262309038564717,-0.3274670455075946,0.19928677654343263,0.0,0.0,0.0
0.0115,-0.006836,-0.002441,1.31665,0.397034,0.200867,-0.112762,0.0,0.0,0.0,0.4339093709939747,-0.3264698948112789,0.197711918517493,0.0,0.0,0.0
0.0122,-0.007324,0.003174,1.313477,0.610657,-0.043274,0.192413,0.0,0.0,0.0,0.4413341251456887,-0.32803730767857964,0.19994248195163217,0.0,0.0,0.0
0.0113,-0.008789,-0.012695,1.312256,0.580139,0.353455,0.009308,0.0,0.0,0.0,0.43844689404578824,-0.3242448338636173,0.19964124779142797,0.0,0.0,0.0
0.0122,-0.007812,-0.004639,1.323486,0.366516,-0.073792,-0.02121,0.0,0.0,0.0,0.43828417625933574,-0.32586844602597836,0.1990944740501964,0.0,0.0,0.0
0.0121,-0.001465,-0.008789,1.303223,0.519104,0.292419,0.100861,0.0,0.0,0.0,0.437442338943958,-0.32694122373396495,0.1995314885204301,0.0,0.0,0.0
0.0121,0.001709,-0.003662,1.317871,0.458069,-0.104309,0.375519,0.0,0.0,0.0,0.43890057044564007,-0.33455237293982226,0.20320018681928423,0.0,0.0,0.0
0.0125,-0.010986,-0.011963,1.308838,0.763245,0.445007,-0.082245,0.0,0.0,0.0,0.43941662667128006,-0.32783620638405997,0.20199042380419246,0.0,0.0,0.0
0.0121,-0.005127,-0.001953,1.318359,0.366516,0.109314,-0.14328,0.0,0.0,0.0,0.44079394976430847,-0.3288062551775726,0.19989082281026566,0.0,0.0,0.0
0.0111,-0.00415,0.000732,1.318359,0.366516,-0.34845,-0.082245,0.0,0.0,0.0,0.4433700371287418,-0.33547591769824203,0.19857878405432192,0.0,0.0,0.0
0.0125,-0.012207,-0.005859,1.322021,0.580139,0.506042,-0.173798,0.0,0.0,0.0,0.4452074282187176,-0.32724430685898975,0.19646605423197522,0.0,0.0,0.0
0.0122,-0.008057,-0.008301,1.314941,0.305481,0.170349,0.070343,0.0,0.0,0.0,0.4420807863783257,-0.32578210980591416,0.1970221579113453,0.0,0.0,0.0
0.0112,-0.00293,-0.001953,1.324219,0.213928,0.200867,0.253448,0.0,0.0,0.0,0.44138871512907674,-0.3271437041755252,0.19936745578038345,0.0,0.0,0.0
0.012,-0.004639,-0.004883,1.313965,0.610657,0.109314,0.100861,0.0,0.0,0.0,0.44388410415502266,-0.32845586637387736,0.2001301047538584,0.0,0.0,0.0
0.0126,-0.012207,-0.010498,1.316162,0.366516,0.475525,0.314484,0.0,0.0,0.0,0.44035411487465664,-0.32068794953856306,0.2040656456055826,0.0,0.0,0.0
0.0118,-0.003418,-0.003662,1.320801,0.641174,-0.043274,-0.112762,0.0,0.0,0.0,0.4438240759897324,-0.32453547536220345,0.20221816536641218,0.0,0.0,0.0
0.0123,-0.002197,-0.003418,1.307129,0.641174,0.017761,-0.051727,0.0,0.0,0.0,0.44772073534485085,-0.3284204241089685,0.20099532662527503,0.0,0.0,0.0
0.0123,-0.01001,-0.010254,1.323486,0.335999,0.231384,0.009308,0.0,0.0,0.0,0.4438545497502459,-0.32501226415838336,0.20094699174047845,0.0,0.0,0.0
0.0116,-0.008545,-0.01123,1.311768,0.458069,0.078796,-0.295868,0.0,0.0,0.0,0.4406218436712868,-0.3244148139569126,0.19721972775792104,0.0,0.0,0.0
0.0122,-0.003418,0.003174,1.321045,0.427551,0.322937,0.222931,0.0,0.0,0.0,0.4457377579595659,-0.3238434118587658,0.199587977273827,0.0,0.0,0.0
0.0114,-0.007568,-0.009521,1.306152,0.274963,0.41449,0.131378,0.0,0.0,0.0,0.4413039288348032,-0.3201177559218742,0.20079067013703072,0.0,0.0,0.0
0.0121,-0.009033,-0.000488,1.310303,0.305481,0.231384,-0.112762,0.0,0.0,0.0,0.4428133033369547,-0.31743066889050003,0.19937113511695323,0.0,0.0,0.0
0.0121,-0.007324,0.00293,1.32373,0.580139,-0.043274,0.070343,0.0,0.0,0.0,0.44954948258046684,-0.3190373222794001,0.20008934684935276,0.0,0.0,0.0
0.0124,-0.009033,-0.005371,1.30542,0.305481,0.139832,0.070343,0.0,0.0,0.0,0.44817351435631736,-0.31744974802110226,0.20081730239416887,0.0,0.0,0.0
0.0122,-0.01123,-0.008789,1.313721,0.458069,0.200867,0.009308,0.0,0.0,0.0,0.4465919678772184,-0.3138514186143612,0.20088253570726622,0.0,0.0,0.0
0.0111,-0.010254,-0.00293,1.313721,0.641174,0.170349,0.131378,0.0,0.0,0.0,0.4499796457264477,-0.3114266058691925,0.20231519703797377,0.0,0.0,0.0
0.0123,-0.011475,-0.006104,1.320068,0.305481,0.048279,0.100861,0.0,0.0,0.0,0.4481498214284279,-0.3095837291613345,0.2035499254575836,0.0,0.0,0.0
0.0121,-0.001953,-0.005859,1.29834,0.488586,0.445007,0.070343,0.0,0.0,0.0,0.44860710467916415,-0.30871116883075816,0.2037905381993649,0.0,0.0,0.0
0.0123,-0.009033,-0.000977,1.321045,0.427551,0.353455,-0.02121,0.0,0.0,0.0,0.45127576358811144,-0.30459322081956136,0.20347132348818311,0.0,0.0,0.0
0.0112,-0.009766,-0.003418,1.316895,0.671692,0.078796,0.253448,0.0,0.0,0.0,0.4547250356467415,-0.30355431449035597,0.2062339489733986,0.0,0.0,0.0
0.0122,-0.003906,-0.006348,1.313477,0.519104,0.41449,-0.051727,0.0,0.0,0.0,0.45526474733767414,-0.3018184383264638,0.20512610526893021,0.0,0.0,0.0
0.0123,-0.000488,0.001221,1.311768,0.305481,0.109314,0.161896,0.0,0.0,0.0,0.4576760371640425,-0.3058085064377598,0.20650077955816643,0.0,0.0,0.0
0.0123,-0.006104,-0.009033,1.310791,0.488586,0.383972,0.283966,0.0,0.0,0.0,0.45625954572589017,-0.3031354540304047,0.20964190553690354,0.0,0.0,0.0
0.0121,-0.011963,-0.006104,1.32373,0.427551,0.261902,0.222931,0.0,0.0,0.0,0.45576231614975693,-0.2985539663049625,0.21240318403048375,0.0,0.0,0.0
0.0131,-0.001709,-0.002197,1.310059,0.366516,0.353455,0.375519,0.0,0.0,0.0,0.4571754930082167,-0.2986545735448699,0.21676220914717856,0.0,0.0,0.0
0.0101,-0.006592,-0.005859,1.327148,0.458069,0.078796,0.009308,0.0,0.0,0.0,0.4562946322889254,-0.29956304256536453,0.2165608837346081,0.0,0.0,0.0
0.0125,-0.006348,-0.006592,1.30542,0.335999,0.567078,0.009308,0.0,0.0,0.0,0.4545536107555918,-0.29446181430402985,0.2163953456754997,0.0,0.0,0.0
0.0121,-0.006348,-0.00415,1.31665,0.427551,0.048279,0.039825,0.0,0.0,0.0,0.45522909020139185,-0.29580813529501754,0.21658112934640242,0.0,0.0,0.0
0.0123,-0.004883,-0.005859,1.314209,0.305481,0.41449,0.039825,0.0,0.0,0.0,0.45349469991417934,-0.2935444723351726,0.2166948392150048,0.0,0.0,0.0
0.0117,-0.010986,-0.013428,1.324219,0.183411,0.53656,0.009308,0.0,0.0,0.0,0.4457968304539295,-0.28654070434286855,0.21676577658648338,0.0,0.0,0.0
0.0116,-0.006836,-0.005127,1.303711,0.458069,0.048279,0.192413,0.0,0.0,0.0,0.4461266459006348,-0.28776688943816237,0.21871518344951738,0.0,0.0,0.0
0.0118,-0.004883,-0.005615,1.322266,0.397034,0.383972,-0.14328,0.0,0.0,0.0,0.445573159207023,-0.2860900475082171,0.2166462801829709,0.0,0.0,0.0
0.0122,-0.014893,-0.007324,1.301025,0.488586,0.109314,-0.082245,0.0,0.0,0.0,0.44526338197667625,-0.2817737898797512,0.21589478224468509,0.0,0.0,0.0
0.0127,-0.009766,-0.001221,1.336182,0.519104,0.170349,-0.173798,0.0,0.0,0.0,0.4491361332958045,-0.27962250215034085,0.21365697302255252,0.0,0.0,0.0
0.0116,0.006348,0.000244,1.302002,0.458069,0.322937,-0.02121,0.0,0.0,0.0,0.4526165188854842,-0.28554704787574653,0.21230908155452702,0.0,-0.0,0.0
0.0116,-0.010986,-0.010986,1.30957,0.458069,0.353455,0.039825,0.0,0.0,0.0,0.4494529793285832,-0.2808097670081831,0.21276375666355227,0.0,-0.0,0.0
0.0123,0.003174,-0.005615,1.307617,-1.708679,-2.576233,1.687775,0.0003628429121462745,1.3416333909011113e-06,1.8244353316743623e-06,0.4233141790144096,-0.3200186866848657,0.2323751124656963,0.002,0.0,0.0049
0.0122,0.06543,-0.311279,1.367432,2.83844,-11.121155,5.258331,0.0021561904140288478,8.381465199721389e-06,1.3287441489071047e-05,0.2877746740830761,-0.49511246165932093,0.289678663547629,0.004,0.0,0.013
0.0115,0.429688,-0.121582,0.927734,-1.525574,9.203552,3.579865,0.0033692652956556434,1.1662181804941535e-05,4.1543956949979604e-05,0.18601538958620129,-0.6973010501980456,0.2834913990347675,0.004,0.0,0.0162
0.0126,0.001465,0.030029,1.462891,1.617737,-1.050354,0.222931,0.0044464721985232126,1.687398714146109e-05,5.474208606755445e-05,0.22244460346245737,-0.7117038767309413,0.2846965927547548,0.005,0.0,0.0162
0.0122,0.158691,0.026367,1.163818,-1.159363,-5.994202,2.542267,0.005861454196873962,2.192175331222027e-05,8.270759345572477e-05,0.22595891724743639,-0.8894960865856211,0.2960624240889493,0.007,0.0,0.0194
0.0113,0.460938,-0.035156,1.608643,-2.532654,3.222107,-0.112762,0.007821464690976854,2.769069711269059e-05,0.0001401537213452554,0.181978553705152,-1.0571146051315632,0.2631263150471132,0.009,0.0,0.0243
0.0125,0.54541,-0.019775,1.383789,-1.83075,-6.39093,1.291046,0.010332936032218201,3.1490579982549886e-05,0.00023280360333976198,0.15012855998412541,-1.402321274292416,0.23620125187114743,0.012,0.0,0.0291
0.0115,0.213867,-0.015625,0.940674,4.333801,1.055359,-2.096405,0.01307430371652426,3.7062912094294926e-05,0.00033610170222935154,0.19020082854783643,-1.5540741076571905,0.18706904886816159,0.014,0.0,0.0324
0.0121,0.30542,0.072998,1.537842,3.540344,0.567078,-5.17868,0.017288877474062537,4.086573146584085e-05,0.0004907947285962389,0.27002369903217927,-1.6851491641019416,0.09115427487319061,0.019,0.0,0.0372
0.0123,0.497314,0.034424,1.445557,0.519104,-0.531555,-7.864227,0.022002147829819126,3.245645406796893e-05,0.0007150350140437384,0.2958684282582744,-1.9217861786056507,-0.04728524357527041,0.023,0.001,0.0421
0.0117,0.422607,0.071533,1.283447,1.129456,2.276062,-7.345428,0.026788358432834402,6.193213295983164e-06,0.0009749899268849991,0.3511087071086217,-2.114501745674783,-0.1812377918133846,0.029,0.001,0.0502
0.0125,0.23877,-0.021973,1.410156,0.122375,1.513123,-5.148163,0.03228928606639923,-1.7033674550562086e-05,0.0012391496063606988,0.3422677250809124,-2.20766702744944,-0.2557915222844398,0.033,0.001,0.0534
0.0122,0.316406,-0.074707,1.264404,-1.617126,3.374695,1.138458,0.03788806491431773,-4.487815480037889e-05,0.0015614254655138653,0.2785191892261047,-2.3342591232963943,-0.24562097129793664,0.039,0.001,0.0567
0.0115,0.33252,-0.162842,1.330078,0.793762,-3.308655,7.54715,0.04345168055729186,-5.480664206854372e-05,0.001906986883250674,0.19522770554879174,-2.5360143060812197,-0.13968681553934598,0.046,0.002,0.0583
0.0117,0.359619,-0.103271,1.535645,1.617737,6.45697,8.340607,0.04977709173987418,-7.102929302232842e-05,0.0023137576305319427,0.16087857638625258,-2.612814536173327,-0.04206568189572721,0.051,0.002,0.0599
0.0126,0.19165,-0.025391,1.444336,-1.159363,4.076599,11.209259,0.0570309242868452,-8.46785803816605e-05,0.0027216839416526807,0.12773962219592971,-2.642603151930619,0.09129723377562195,0.06,0.003,0.0696
0.0123,0.077881,-0.119141,1.256592,0.305481,8.898376,12.216339,0.06454940014946263,-3.294727909768125e-05,0.003100532580787588,0.05355924007814768,-2.5628730724269944,0.2776850278090381,0.067,0.003,0.0745
0.012,0.255371,0.005615,1.248535,4.303284,-3.583313,16.824493,0.07162274074513925,-3.720692262171255e-05,0.003574454947351112,0.10180065363975281,-2.7387342971589543,0.44905486620930074,0.072,0.004,0.0793
0.0117,0.151367,-0.027344,0.971191,5.61554,6.701111,15.634308,0.07889273762591892,7.1805283343883025e-06,0.0040528383977202235,0.13993917753753143,-2.7608184232726893,0.6234588856096959,0.081,0.004,0.0842
0.0123,0.164062,-0.150146,1.76416,0.488586,10.393738,24.972687,0.08654349754531787,0.00013536327399726617,0.00449263455064439,0.06706467578499072,-2.6827397810177525,0.9613887960658474,0.087,0.005,0.0858
0.0118,0.071777,-0.253174,1.507324,-0.1828,-2.789856,23.874054,0.0939431346816489,0.00038320857001147986,0.004865412661317289,-0.07390309624206882,-2.7306754465954373,1.3195626309847914,0.097,0.006,0.0939
0.0121,0.099121,-0.012695,0.724609,-0.213318,13.201355,23.263702,0.10190628934864435,0.000532225840800822,0.005396956364345304,-0.09645867213442937,-2.6618952059595142,1.5819250838684478,0.104,0.006,0.0988
0.0115,0.134766,-0.045898,1.427734,3.815002,16.497253,27.475128,0.10910829192500002,0.0007302505326681656,0.005827476398866117,-0.08793807063169208,-2.5254052375972216,1.8975781786444197,0.11,0.007,0.102
0.0119,0.049805,0.030273,1.25415,3.448792,5.907654,32.144318,0.11664084480848025,0.0009428680268366978,0.006184707198152526,-0.04116906660535895,-2.4685061151753844,2.2622147225922933,0.119,0.008,0.1085
0.0125,-0.011963,0.098389,1.396973,-2.868347,3.740906,31.99173,0.12522279490439253,0.001214144141226198,0.006504480727790554,-0.03613190957975423,-2.398012979292198,2.6313996102514814,0.126,0.009,0.1133
0.0122,0.044678,-0.023438,1.310791,-9.154968,4.076599,33.578644,0.13364181175126505,0.0016087025381674278,0.006879932770292046,-0.17408675018674064,-2.357793949319345,3.044586884512233,0.137,0.01,0.1231
0.0112,0.03418,0.067627,1.13623,-1.891785,-1.325012,31.381378,0.14088954041942736,0.001910321376844507,0.007192840494720876,-0.15839461083251655,-2.3800207457039755,3.3623169948354814,0.143,0.011,0.1279
0.0124,-0.077393,0.181152,1.420898,-2.83783,-1.721741,32.388458,0.1489308933393157,0.0022553172407559323,0.007382166445179234,-0.10850786371338388,-2.3429299302982605,3.7154195533654435,0.15,0.012,0.1328
0.0117,-0.159668,0.004395,1.465088,-3.96698,-3.125549,34.555206,0.15643470908891785,0.0027909097742729234,0.0074453303584236605,-0.16543917740770417,-2.279166259516275,4.138058462391277,0.158,0.013,0.1392
0.0121,0.124756,0.015381,1.334717,-1.586609,7.830261,35.440216,0.16417229117441265,0.0032932924612347203,0.007897302991549143,-0.18745289968285794,-2.2398989105843112,4.546828681206395,0.165,0.014,0.1425
0.0122,0.003662,0.046143,0.699219,-3.234558,-0.775696,33.88382,0.1719045899048476,0.0038099476566975923,0.008183737342507907,-0.18453712665564642,-2.2450175885335444,4.92792881897368,0.171,0.015,0.1457
0.0136,0.128906,0.072998,1.449219,-3.661804,1.635193,33.365021,0.1804865086829633,0.004439172838057739,0.008659336530256065,-0.2079833883724915,-2.2736551496380275,5.346782932805271,0.181,0.016,0.1506
0.0106,-0.043701,0.050049,1.624268,7.538147,-6.360413,33.517609,0.18730438681693942,0.005049609808946803,0.008817392057969907,-0.11495346380352803,-2.30222484105231,5.694238656069871,0.187,0.017,0.1571
0.0116,0.008789,0.10083,1.081787,16.998596,0.872253,29.001007,0.19489394080656172,0.005672057270726651,0.009088598409708052,0.14287132307548947,-2.284931547593932,5.991265789581753,0.197,0.019,0.1651
0.0126,-0.017334,-0.091797,1.519775,2.380676,1.635193,32.480011,0.20343823006112183,0.006671515605173372,0.009364618213156772,0.11062487431311577,-2.2406455745903364,6.430067730728423,0.203,0.02,0.1716
0.0112,-0.039551,-0.115723,1.543701,-6.011658,2.184509,29.824982,0.2108320499596176,0.007636549372140367,0.009556585423817581,-0.025474137009013548,-2.1813860171279393,6.800377567967375,0.21,0.021,0.1749
0.0119,-0.104004,0.070557,1.436768,6.073303,-5.353333,23.965607,0.21846461400447462,0.00852097765971207,0.009608416061126314,0.07540114216930878,-2.174786456479364,7.079171567262246,0.22,0.023,0.1846
0.012,-0.04248,0.113525,1.133789,3.509827,-4.102112,26.040802,0.2260986902103266,0.00934771275417019,0.009740295372844777,0.18401472350410278,-2.1831182499183406,7.360900021584525,0.226,0.024,0.1878
0.0125,-0.169189,-0.006836,1.258545,-4.546814,4.747986,26.590118,0.2340942122443135,0.010462728238117587,0.009649691208145551,0.11190589161223569,-2.0101289348694142,7.7141857466124035,0.235,0.026,0.1927
0.0121,-0.116211,0.082764,1.596436,-0.854187,-0.989319,25.796661,0.24171510037077507,0.011468343469513144,0.009660121984936938,0.13147637885874117,-1.9533564378706239,8.020274169353044,0.241,0.027,0.1975
0.012,-0.084961,0.162109,1.058838,5.554504,2.123474,22.073517,0.24896185254098946,0.012328406576275512,0.009621178861907777,0.30563708253857363,-1.8592032807305006,8.248087297072193,0.247,0.028,0.1991
0.0117,-0.109619,0.03418,1.138184,8.240051,14.635681,23.385773,0.2560848353589568,0.013370401058527968,0.009545580573530929,0.4154312613874298,-1.6085599319438981,8.524754619720323,0.257,0.03,0.204
0.0125,-0.134033,-0.074951,1.216553,-5.889587,-2.637268,18.533478,0.26371998981179007,0.014646098646515794,0.009428665773639155,0.2876713633442661,-1.5517628844333213,8.784729406335936,0.263,0.031,0.2056
0.0113,-0.111572,0.073975,1.641357,-12.267761,2.611755,9.042511,0.27039501223948365,0.01566187459233888,0.009362636809798408,0.1813470014743552,-1.461738886085061,8.883517675153099,0.271,0.033,0.2105
0.0126,-0.092285,0.178467,1.753906,-0.732117,-3.125549,9.80545,0.2776272385287551,0.016704303501451395,0.009327562076073563,0.2465578199791507,-1.4522794337528404,8.98871124925107,0.277,0.034,0.2121
0.012,0.026611,0.233643,0.714844,-1.250916,3.374695,5.716095,0.28457649176163624,0.017444186335163765,0.00953731280828529,0.46267097567395016,-1.438863137668537,8.9854331091303,0.284,0.036,0.2105
0.0115,0.094727,-0.004883,1.708496,-5.126648,-4.804016,3.213654,0.2912199154510919,0.018493553644734737,0.009846243055581872,0.3985228110344946,-1.5278962317523024,9.021829841981468,0.292,0.038,0.2121
0.0122,-0.035645,0.247803,2.06958,0.183411,-5.353333,-1.058807,0.2983711787048501,0.01949349358927829,0.009908416336865658,0.48951070911719946,-1.568787623301713,8.982092144381953,0.298,0.039,0.2121
0.0118,0.055664,0.083008,1.700439,1.526184,-3.125549,-4.385223,0.30510180489474487,0.020502253063570664,0.01014832854199579,0.5431065899473357,-1.620052513022468,8.919391946086236,0.307,0.041,0.2105
0.012,-0.074219,-0.091309,0.937744,-3.356628,-8.130432,-10.519257,0.3119393157428785,0.02169912616243806,0.010080243378743383,0.43113132003757093,-1.651139857845712,8.815890027780732,0.312,0.042,0.2072
0.0122,0.015625,-0.016846,1.009033,3.204651,-7.794739,-18.54538,0.31913106978940897,0.02283566321331097,0.010316331927161632,0.4627486361480189,-1.749448148204775,8.592700447846612,0.318,0.043,0.2072
0.0118,-0.02417,0.022461,1.91333,0.06134,5.114197,-18.240204,0.3259690550568692,0.023862966062097476,0.010429337634883075,0.4758854241607811,-1.6660473210752957,8.376856366851127,0.326,0.045,0.204
0.0127,-0.126953,-0.068604,1.538086,-3.570251,-5.109192,-20.132294,0.3331026974748002,0.024979531441478534,0.0103097416922968,0.4018480950117691,-1.655649003605044,8.132667655747426,0.332,0.046,0.1991
0.0114,-0.075928,0.133789,0.983643,1.648254,-5.750061,-24.648895,0.33963429358050834,0.025777416725915662,0.010177006671634396,0.5304131706662975,-1.6547732122226595,7.827671448562704,0.341,0.048,0.1943
0.0127,0.126465,0.186523,1.26416,1.983948,3.405212,-26.296844,0.34682985254075477,0.026620705094799232,0.010684088187535183,0.6722049202828101,-1.674818623287071,7.468287788181057,0.347,0.049,0.1894
0.0112,0.11084,0.076172,1.523682,-2.9599,-7.39801,-23.519745,0.353047782010224,0.027394452572665404,0.011076153095146448,0.6806095370310415,-1.7988976325216137,7.196191245036384,0.352,0.05,0.1862
0.0129,-0.063477,0.001953,1.602295,-8.392029,-16.522766,-26.144257,0.36051372563783185,0.028328911548175927,0.011096724579087627,0.5807660454906544,-1.9643579557504731,6.855914547145131,0.36,0.051,0.1797
0.0119,0.048096,0.036377,1.219482,-4.821472,8.288025,-26.754608,0.3674201749549789,0.02913411521357333,0.01143267072811655,0.5541884756821726,-1.882588963599066,6.5339027466510435,0.366,0.052,0.1749
0.0112,-0.069336,-0.055664,1.219971,-2.471619,-2.820374,-28.249969,0.3736593401163572,0.029889885040523485,0.011371227868208569,0.49953210649440727,-1.8575617824118054,6.224576417201065,0.375,0.054,0.1684
0.0121,-0.057129,-0.09375,1.268066,-0.152283,2.520203,-30.874481,0.38050117916410814,0.030711955138185722,0.011371928686599144,0.4508682632496293,-1.7797602628872629,5.863655998564846,0.38,0.055,0.1635
0.0122,-0.048096,-0.068115,1.545654,2.655334,2.489685,-31.301727,0.3874297006886929,0.031469955781878584,0.011410538474239793,0.458475408356456,-1.7118033280491505,5.489421888975459,0.386,0.056,0.1587
0.0119,0.035645,-0.028809,1.17627,-2.715759,-10.785461,-32.247772,0.394209106260023,0.032150708328101,0.01168539426460931,0.417829685640405,-1.850831103040918,5.108795553115647,0.394,0.057,0.1522
0.0121,-0.006348,-0.019287,0.806885,-5.523376,-6.513,-33.804169,0.40149687018824626,0.03282607492541135,0.011857470722038932,0.34685498465221576,-1.9149336028412554,4.702771583270366,0.4,0.058,0.149
0.0124,0.029541,0.007812,1.646484,-1.983337,-1.630188,-33.804169,0.40887080573015866,0.03342944895938142,0.01210776951122863,0.3386587286606613,-1.9331518059159394,4.2827699248141675,0.409,0.059,0.1409
0.0116,-0.032959,-0.015625,1.340332,0.915833,-0.684143,-31.637421,0.41559829598467735,0.03394450815286172,0.012168467753418314,0.3516921767257927,-1.90847123453095,3.917644779300575,0.415,0.06,0.1392
0.0119,-0.013916,-0.010742,1.30835,1.983948,-7.001282,-30.26413,0.42256652405126977,0.0344300150506568,0.012289191908199583,0.3800111415324398,-1.9694120773694372,3.558330037831615,0.421,0.061,0.1344
0.0123,-0.012939,-0.109863,1.003418,0.915833,-0.59259,-28.524628,0.42969573671519207,0.034983305085409096,0.012413926423937929,0.31958569056477865,-1.9555347974058488,3.2232509190274663,0.429,0.062,0.1279
0.012,-0.067627,-0.23291,1.654541,2.991028,4.381775,-27.029266,0.43664363412319335,0.035518938222876724,0.01238373819155518,0.25864600088502443,-1.857748583488616,2.9197827393727622,0.435,0.063,0.1247
0.0119,-0.069092,-0.059082,1.259033,3.784485,-12.341858,-26.937714,0.44362196264483084,0.03593390151856034,0.012296525942859142,0.2782820038719012,-1.9496687108436497,2.60732786544188,0.444,0.064,0.1198
0.0118,-0.006348,-0.12207,1.10791,1.251526,5.053162,-25.71701,0.45066218803285085,0.036353583671253555,0.012435360488052037,0.21970187906412228,-1.8749366481425822,2.3177697247070816,0.45,0.065,0.1166
0.0119,0.015625,-0.108398,1.44873,0.732727,0.322937,-24.770966,0.457526943837207,0.036696851237512866,0.012623881568215051,0.1810375596926601,-1.8665695037988683,2.0316981731190773,0.456,0.065,0.1117
0.0123,0.005615,0.054688,1.171875,-0.274353,-5.292297,-23.794403,0.4645337674705066,0.036908363274996456,0.012824851303008825,0.22415187002936685,-1.9240570916575954,1.7337872025502201,0.464,0.066,0.1101
0.0124,0.092773,-0.016113,1.266602,-2.532654,-0.928284,-20.437469,0.47178504441271324,0.03711269139208272,0.013329840718411378,0.19231384993652165,-1.9790360416396116,1.4778003450947887,0.47,0.067,0.1052
0.0117,-0.043945,-0.025391,1.246826,-5.675964,-2.454163,-20.010223,0.4787216317910663,0.03733134292181056,0.013332782295279068,0.11996930595165024,-1.9685554125529106,1.2489473919567937,0.477,0.068,0.102
0.0116,0.098877,0.05542,1.255615,-3.08197,-9.259583,-18.881073,0.485589951708361,0.03741185652422522,0.013868084248282512,0.1273303686155142,-2.122570287223283,1.0202110923634293,0.485,0.068,0.1004
0.012,0.049561,0.024658,1.321045,-1.250916,-8.588196,-17.690887,0.4927168601103875,0.03751181583463747,0.014224625808301916,0.1360998571660237,-2.23917594311105,0.8039051449427225,0.491,0.069,0.0971
0.0123,0.066406,-0.101807,1.253906,-1.281433,-0.958801,-12.228241,0.5000929456108966,0.03768462903899968,0.014648061758058073,0.0660573351935515,-2.2762283985390166,0.6615195167499055,0.501,0.07,0.0971
0.0122,-0.083984,-0.243408,0.923096,-1.250916,-1.386047,-10.763397,0.5075550398867477,0.038079816499942264,0.014387486809433272,-0.13182061197975609,-2.2164303673494845,0.5688847484729767,0.507,0.07,0.0939
0.0117,0.055176,0.00415,1.699951,1.70929,3.649353,-15.585175,0.5147848763306104,0.03813606540347098,0.014725243915708505,-0.09975713202930563,-2.1829223305424263,0.3843819450485749,0.513,0.071,0.0923
0.0123,0.019043,-0.144775,1.379883,1.465149,17.016052,-18.911591,0.5220246560972075,0.03828482000861502,0.014955389129000454,-0.1496066569749992,-1.9720105122432112,0.16277035478404417,0.521,0.072,0.0891
0.0114,0.034424,-0.010742,1.570557,0.610657,-3.583313,-9.420624,0.5289626052609882,0.038302671161108304,0.015213035521840147,-0.14040731289616287,-2.016148720813398,0.05518352838802105,0.527,0.072,0.0858
0.0123,-0.084961,-0.101807,0.898682,1.739807,-2.24054,-3.896942,0.5365454793699388,0.03851481114117025,0.014927275668091097,-0.19765453206882694,-1.9642120816487012,0.030727216166401426,0.537,0.073,0.0842
0.0126,0.039307,0.049561,1.53418,6.317444,-4.132629,0.161896,0.5443979214608753,0.038479129132550444,0.015248690630734866,-0.0898528054197276,-2.0223259526830266,0.028395471883740458,0.543,0.074,0.0842
0.012,-0.053467,-0.17627,1.794434,1.70929,-10.510803,3.183136,0.551804117611345,0.03861504194480437,0.015223960924338475,-0.1426989971936065,-2.1099398133188716,0.0819858170247574,0.549,0.074,0.0842
0.0113,0.015381,-0.104004,1.043213,4.150696,5.480408,3.305206,0.5589708855027543,0.0386961138158651,0.015462386435790565,-0.16839618468814907,-2.0486351977510213,0.1272485689979622,0.558,0.075,0.0858
0.0122,0.04541,-0.006592,1.331055,4.364319,-4.804016,4.190216,0.5665834585081375,0.03869071628024178,0.01581982676003138,-0.11687560278462238,-2.119717166349323,0.17611382867093148,0.564,0.075,0.0874
0.0122,-0.003418,0.001953,1.133789,-0.854187,6.670593,2.572784,0.5739551620447005,0.038731182422868875,0.016003802997468286,-0.12260296910774672,-2.0248529080891027,0.20922025432142863,0.574,0.076,0.0874
0.0123,0.043701,0.064209,1.445068,-1.250916,-2.026917,4.77005,0.5814419222087536,0.038702894559860576,0.016349692838870014,-0.10220783724373553,-2.0593109982312203,0.26197249003454764,0.58,0.077,0.0891
0.0127,-0.064941,-0.10791,0.911377,-1.006775,-16.858459,7.577667,0.5892198071475475,0.038931093777248675,0.016149072694772577,-0.20319194742745042,-2.208581238209221,0.37980579550972793,0.586,0.077,0.0891
0.0112,0.036377,0.053223,1.077393,0.610657,10.912537,9.256134,0.5962872377942834,0.038912557543697275,0.016539186628578006,-0.15714292999652038,-2.1006228822016126,0.4761599244050347,0.595,0.078,0.0923
0.0114,0.044922,-0.024902,1.780273,4.120178,3.222107,7.455597,0.6029905296206031,0.0389675691430146,0.01681164574581355,-0.12075147459839815,-2.067845408780051,0.561101408819477,0.601,0.079,0.0939
0.0121,-0.070557,0.043701,1.507812,2.655334,-10.754944,11.514435,0.610114310832594,0.039104566149372154,0.01671825061555897,-0.06834228728844684,-2.1470901090368724,0.7074630989870904,0.61,0.08,0.0971
0.0122,-0.081299,-0.11377,1.321533,-1.037292,11.736511,14.383087,0.6178430116998658,0.03934954710476564,0.016570607891720147,-0.14913228732558872,-1.9450276513988731,0.8980986529110799,0.617,0.08,0.1004
0.0122,0.072754,0.009766,1.62207,5.218811,-8.618713,12.002716,0.6251920452565937,0.03942224527766166,0.01696502471937372,-0.08282049171176546,-2.069689187102818,1.0405922611014098,0.623,0.081,0.1004
0.012,0.096436,0.097656,1.247559,2.350159,5.57196,6.692657,0.6321657586061015,0.039420529133477406,0.017571921090997745,0.0051876535873630215,-2.0493445990534758,1.107822683758967,0.631,0.082,0.1036
0.0122,-0.013184,0.036621,1.614746,-2.9599,0.963806,14.505157,0.6393798310388072,0.039579937230871186,0.017687272695770896,-0.017269533404286812,-2.0172368093466724,1.2866060956090795,0.636,0.082,0.1085
0.0113,-0.069824,-0.142822,0.823486,0.122375,-3.919006,11.69754,0.6459857804633289,0.03993176713514212,0.0173753079648296,-0.14536685911966088,-1.9912434793741363,1.4396297692142686,0.646,0.083,0.1101
0.0124,0.023438,0.131348,1.077393,0.122375,-0.989319,12.399445,0.6534076990619494,0.04005748391180216,0.01770007826799382,-0.052390478948163455,-2.009430639672895,1.5868148131531656,0.652,0.084,0.1133
0.0116,-0.016602,-0.024902,1.826904,-6.560974,1.024841,15.664825,0.6601610856075972,0.04028581189156207,0.01777686425365886,-0.14190634605453895,-1.9758409574934825,1.7725052583955858,0.658,0.085,0.115
0.0125,0.068359,0.063232,1.195312,-0.274353,0.445007,13.009796,0.667311764558516,0.04042917253700143,0.018272821444751553,-0.10616346617294035,-2.002295755208326,1.9276524825608958,0.666,0.086,0.1182
0.0122,-0.046143,0.0271,0.984619,6.012268,-1.752258,16.122589,0.6746616626250301,0.0407370484323825,0.018194688556343593,-0.014633799196981477,-1.9783792751643126,2.1297398243153682,0.672,0.086,0.1198
0.0113,0.036865,-0.050537,1.513672,9.369202,9.35614,14.444122,0.681352467295029,0.04098364118919885,0.01847296951321401,0.061744973476603404,-1.8793839686947633,2.29326096567731,0.681,0.087,0.1231
0.0127,0.016846,-0.074951,1.345215,9.949036,0.41449,13.864288,0.6888794368979962,0.04130130886187566,0.018704942674358925,0.14056107340848806,-1.8731227240158934,2.4715812489598092,0.687,0.088,0.1263
0.0118,0.079834,-0.043457,1.026123,6.74469,-3.308655,12.643585,0.6959288082453496,0.041525270689500744,0.01931610082817168,0.1843364758770148,-1.9627856463233115,2.614386478138089,0.693,0.089,0.1295
0.0115,0.006592,-0.082031,1.477783,-0.030212,8.196472,10.324249,0.7027948541574168,0.04187445173337589,0.01948538750486618,0.1382207596777325,-1.8607250511521316,2.737239449840554,0.701,0.09,0.1311
0.0126,-0.006592,-0.009521,1.606689,2.71637,-4.804016,8.55423,0.7102816376699997,0.04226678488502044,0.019604944147246436,0.16483246039424654,-1.9055487189815798,2.847887555004489,0.707,0.091,0.1344
0.0115,-0.020508,0.079834,0.848877,7.019348,-10.968567,10.44632,0.7171861615131102,0.04263599116700787,0.01963562913866712,0.31448356949448875,-2.005976604806407,2.9681937316343676,0.717,0.092,0.1376
0.0125,-0.099121,0.082764,1.08667,0.335999,15.642761,14.993439,0.7247786069768796,0.04315561217418543,0.019299406393089656,0.370154156792004,-1.7340887196738182,3.1659200514988752,0.723,0.093,0.1392
0.012,0.008057,-0.049805,2.24292,-10.589294,4.076599,17.526398,0.7319300779197834,0.0435675005223275,0.019440463441048574,0.218948062244651,-1.6766211611626094,3.3782024767213583,0.729,0.094,0.1425
0.0114,-0.042236,0.14502,1.211426,1.06842,-2.24054,14.108429,0.738539407423148,0.04401818998692044,0.019358125516445668,0.31732738590104903,-1.6680686597613794,3.5422416048289347,0.737,0.095,0.1425
0.0127,0.108398,0.117188,0.89624,7.965393,5.968689,14.291534,0.7460927522439637,0.044382980609193615,0.02025217023143852,0.5101207439299462,-1.678871999487075,3.7143055963609375,0.742,0.096,0.1441
0.0119,-0.033691,-0.064453,1.497314,-0.671082,2.123474,19.754181,0.7533505866366518,0.04488599934069297,0.020255673777957322,0.45965100944942144,-1.629083274060099,3.9529311540155234,0.752,0.097,0.149
0.0113,0.007568,-0.153076,1.1521,-0.976257,-2.24054,16.183624,0.7601003869025915,0.04535587544459372,0.02044244526016683,0.341754957257763,-1.654027338411285,4.1380452749599606,0.758,0.098,0.149
0.0126,0.099609,0.094727,1.941895,6.988831,-3.522278,11.789093,0.7677143348265294,0.045865455372363306,0.020876969388688122,0.46003567302454285,-1.726418100662306,4.282403906793879,0.764,0.099,0.1522
0.0122,-0.010742,-0.00708,0.904297,5.157776,-0.59259,13.406525,0.7751410015598008,0.046442340560553845,0.02098497506038976,0.510608956779532,-1.7205599661571824,4.447744273739936,0.773,0.1,0.1571
0.0114,-0.011475,-0.060303,1.076416,0.030823,-5.109192,12.216339,0.7820225583014898,0.047000298215729805,0.021069935750714,0.46205406073813776,-1.764284821622395,4.589430457239136,0.779,0.101,0.1571
0.0126,0.009521,0.111328,1.370361,5.798645,4.351257,9.713898,0.7895808628513784,0.04761799976759558,0.021257890348906513,0.5902766229477607,-1.7059891890473156,4.711660759050685,0.788,0.103,0.1619
0.0112,-0.118652,0.102295,1.984863,3.72345,4.686951,11.178741,0.7962640947211551,0.048251535265648036,0.02098374784691929,0.6627837587977252,-1.5977977020721608,4.842657243776488,0.794,0.104,0.1619
0.0126,-0.059082,-0.05835,1.066895,-2.83783,-2.789856,13.192902,0.8036915401585654,0.04892651808628659,0.0208025069011765,0.5775659660976604,-1.5866682222227355,5.013074581456443,0.8,0.105,0.1635
0.0121,-0.016357,-0.011475,0.838867,-1.922302,4.076599,13.253937,0.8108824001083514,0.049576266728504535,0.020861915224420678,0.5380140077197735,-1.5216499626486626,5.175610881762585,0.809,0.106,0.1668
0.0117,0.030762,0.042236,1.4375,3.601379,-0.287415,13.284454,0.8176945588995773,0.050191921941970474,0.021107941828606556,0.594947224538217,-1.5347651029419302,5.3304975173484435,0.815,0.107,0.1668
0.0119,0.016602,0.073975,1.646729,-1.525574,-4.773499,13.650665,0.8246469092320586,0.05086004794031356,0.021269634494849234,0.6028671230861177,-1.5910703535859478,5.493008615615929,0.821,0.108,0.17
0.012,0.057861,-0.070068,1.2146,-3.204041,-2.972961,14.291534,0.8317823040832683,0.05148477807513505,0.02172387062707818,0.512889100377285,-1.6573837972876777,5.661062191664758,0.829,0.11,0.1732
0.0126,0.160889,0.052979,1.006836,0.458069,-2.026917,13.284454,0.8391295716974695,0.05207021820746376,0.022874632703625972,0.5512328192835415,-1.7968391329557043,5.817105912395999,0.835,0.111,0.1765
0.0118,0.080811,0.040527,1.075684,-1.18988,1.238464,11.69754,0.8461483251401758,0.05272401368745323,0.02350121827334531,0.5592693867036499,-1.8322950362676,5.950222347283988,0.844,0.112,0.1797
0.0118,0.031494,0.019043,1.567627,-3.661804,5.32782,14.261017,0.8532034776731311,0.05345320646758078,0.023761225086770334,0.5170043822209875,-1.7751313690924864,6.118576136429525,0.85,0.113,0.1813
0.0123,-0.061035,0.015869,1.525635,1.800842,-0.012756,12.338409,0.8604185393651049,0.054272134485443844,0.02362994486079307,0.5391933924177034,-1.7351642268983922,6.273494748521335,0.856,0.115,0.183
0.0113,0.095215,0.120605,0.876221,3.174133,6.060242,11.209259,0.8670451365966706,0.05491087947200589,0.024444204485254993,0.6716184531132929,-1.7435554201010146,6.39217218176939,0.864,0.116,0.1878
0.0123,0.062744,0.052002,1.374756,-1.220398,4.137634,12.338409,0.8742424757301557,0.05569076218640962,0.02487233316549342,0.6766675659578738,-1.7196342423119206,6.5421346011675565,0.87,0.117,0.1878
0.0121,-0.032715,-0.020264,1.617432,1.159973,-6.238342,15.176544,0.8813498401588342,0.05652775513858577,0.024859880619495223,0.6706132956128762,-1.770336838488657,6.726913847921044,0.879,0.119,0.1927
0.0121,0.042969,0.075684,1.002197,6.225891,-7.581116,14.688263,0.8887386457677198,0.05736936782479262,0.025277159158917137,0.7935091299041338,-1.888281706276028,6.89979107120551,0.885,0.12,0.1943
0.0123,0.072998,0.029541,1.350586,1.70929,8.47113,15.054474,0.8962306525889372,0.05825892051818996,0.025790164587938817,0.8194646585553682,-1.8175511945981544,7.084916307041074,0.891,0.121,0.1991
0.0117,0.025635,0.040771,1.329346,0.000305,0.53656,14.169464,0.903100519719132,0.059102530321291175,0.026039318008260055,0.8318434732878781,-1.8178933874570657,7.249616869261878,0.899,0.123,0.2024
0.0118,-0.112305,0.047852,1.09668,5.218811,1.085876,12.490997,0.9102034361592934,0.06001885395348771,0.0254998903336224,0.91589171498344,-1.7213077342943421,7.397575958954396,0.905,0.124,0.204
0.0121,0.017578,0.03125,1.667236,5.188293,-2.118469,11.941681,0.9174668374333654,0.060962081264815546,0.025687366397592316,0.9806346683824557,-1.745943001530331,7.541496603961247,0.915,0.126,0.2089
0.0119,0.025879,-0.028076,1.162354,0.671692,1.574158,12.765656,0.9245562644534846,0.0619003850528982,0.025997099097762353,0.9584553522005134,-1.73883369492291,7.69463214416542,0.921,0.128,0.2121
0.0118,0.076172,-0.004395,1.491211,-1.128845,5.541443,12.857208,0.9316137002530845,0.06284596609355081,0.02647647471408552,0.9309878599007219,-1.7051357468263186,7.847252544118951,0.926,0.129,0.2153
0.0124,0.018799,0.108154,1.336426,-2.441101,0.078796,11.331329,0.9390196211558973,0.06385303069158152,0.02667978450271599,0.9513524046052921,-1.707407596376914,7.985173541375147,0.935,0.131,0.2186
0.0121,-0.025391,0.070068,1.277344,0.213928,-4.956604,16.244659,0.9462565637486322,0.06486189765960323,0.026656595813921363,0.9827523416876561,-1.7457244688776499,8.179324014087465,0.941,0.132,0.2202
0.0113,0.01001,0.002197,1.202881,1.098938,3.862976,16.458282,0.9529983690162361,0.0658313968809567,0.026850726468794474,0.983641747911686,-1.7034114487326604,8.366351215674669,0.95,0.134,0.2251
0.0124,0.018799,-0.000488,1.474609,-3.417664,1.024841,16.763458,0.9603434352172385,0.0669124542742337,0.027074955605018033,0.9275540108912798,-1.6940765716074062,8.574795386556668,0.956,0.135,0.2283
0.0121,-0.026855,0.047363,1.146484,0.82428,1.055359,16.214142,0.9675993294607135,0.06800401941200694,0.027045728539833433,0.956673432799039,-1.6588510676834047,8.770339253932885,0.962,0.137,0.2315
0.0122,-0.041016,0.060303,1.446289,0.641174,2.825378,17.740021,0.9748286237680659,0.0691171848629012,0.026963191731478986,0.9825759450606559,-1.597118575574806,8.986515464121302,0.97,0.139,0.2348
0.0113,0.004395,-0.071777,1.031982,-0.94574,4.015564,18.289337,0.9814997267690523,0.07016186361380226,0.027178331335290136,0.9067889594613926,-1.5538809643042486,9.195316000302501,0.976,0.14,0.2396
0.0127,-0.029541,0.021484,1.813965,6.073303,5.388855,17.343292,0.9890565588891057,0.0713883401642739,0.027188660098829573,0.9788865571430514,-1.467380731688658,9.416849840987423,0.985,0.142,0.2461
0.012,-0.049561,0.016113,1.29834,6.805725,-5.811096,16.763458,0.9961676561062112,0.07257190539838759,0.027040743765726395,1.0565672361118084,-1.504242307194021,9.616979727404923,0.991,0.144,0.2477
0.0123,0.053467,-0.056885,1.000488,-2.380066,1.330017,17.465363,1.0034612152445186,0.0737782502466577,0.027609004444456103,0.9714951778635433,-1.5287621788396972,9.832271777213924,0.997,0.145,0.2542
0.0111,0.032471,0.075439,1.483398,-1.434021,-0.59259,17.831573,1.009970122013105,0.07491314213465765,0.027835586147995188,0.9815202487238412,-1.5467316700060647,10.029466660501964,1.005,0.148,0.2591
0.0121,0.030518,0.044434,0.901123,-0.579529,1.207947,17.404327,1.017146645071256,0.07618679467462919,0.028211136800929997,1.0002273626279279,-1.5578349371997064,10.239548627119676,1.011,0.149,0.2623
0.012,0.068604,0.072998,1.251465,1.037903,7.921814,17.801056,1.0242496264986758,0.07747385392195279,0.028701455084702357,1.0436554356409065,-1.5016848736902924,10.453964082245692,1.02,0.152,0.2688
0.0122,-0.053467,-0.026123,1.498535,0.366516,-0.317932,19.38797,1.0313595335339447,0.07878109077088805,0.028584521665694165,1.020183713601772,-1.474695412044052,10.690882789282671,1.026,0.153,0.272
0.0119,0.011719,0.000488,1.544678,-2.929382,-4.437805,21.432648,1.0384849214255645,0.08012483821722041,0.02875269055003638,0.9710501174712429,-1.52923381413407,10.94523729757982,1.032,0.155,0.2769
0.0121,0.049072,-0.057373,1.045654,0.000305,-2.942444,21.493683,1.0457543467274013,0.08152160246838927,0.029278546829383287,0.9158204742480147,-1.5998880292148967,11.205989447066408,1.041,0.158,0.2833
0.0125,-0.012939,0.052246,1.093994,5.798645,-3.980042,22.561798,1.0532060383848085,0.08300299484462849,0.02931345617781371,1.009811633921099,-1.63821692921609,11.486448584892004,1.047,0.159,0.2882
0.0121,-0.035889,-0.038818,1.421631,2.685852,-4.041077,23.782501,1.0605740395910068,0.08449543093284409,0.029289144439526748,1.004902003068218,-1.6636589499264205,11.774423415305296,1.053,0.161,0.2914
0.0112,0.032227,-0.059082,1.315186,0.152893,0.811218,22.317657,1.0671789196428407,0.08585687082323268,0.0296246930315051,0.9575298558761709,-1.6694046213589846,12.025424211919134,1.061,0.163,0.2963
0.0121,-0.008545,0.121338,1.439697,4.028625,3.252625,22.256622,1.0743822656965574,0.08741308516772034,0.02964972906624492,1.0545545938005563,-1.6205748320743767,12.294406513730674,1.067,0.165,0.3012
0.0127,0.016357,0.00293,1.397705,-5.09613,-2.36261,23.965607,1.0816941884403797,0.08900453650542488,0.029866970059548713,0.9751095274294753,-1.6558850331445611,12.598441564243256,1.076,0.168,0.3092
0.012,0.036133,-0.070801,1.404297,-9.429626,-0.34845,25.399933,1.0887604518445193,0.09057027640506204,0.03022762461651544,0.8083999535575653,-1.6756688104728494,12.9041232620024,1.081,0.17,0.3125
0.0111,-0.078125,-0.012939,1.502441,-3.448181,-3.888489,28.939972,1.0953920874389609,0.09210354191225816,0.02996920716925371,0.7485475651755817,-1.6734194507750648,13.22622289769572,1.087,0.172,0.3173
0.0129,0.046143,0.100586,1.263916,-8.178406,-7.27594,25.918732,1.102857152715468,0.09387312552573934,0.030294547904583,0.6896866294785313,-1.7892902340987198,13.558420020445723,1.095,0.174,0.3238
0.0117,-0.051025,-0.047852,1.091797,-12.023621,-1.935364,33.090363,1.1097579791898913,0.09553025117699673,0.030145417753934596,0.5011274885554842,-1.772249695765264,13.946504932363384,1.101,0.176,0.3303
0.0122,-0.101074,0.031006,1.469482,-0.732117,-9.869934,32.144318,1.1168829245834422,0.09731326507382974,0.029742217494668793,0.4932383420029218,-1.8318620824666527,14.338875908370738,1.11,0.18,0.3384
0.0116,0.061768,0.08667,1.182617,2.655334,7.769226,29.397736,1.1236581326122115,0.09908338146488546,0.030186430585176654,0.5666036543898428,-1.7755561536937192,14.681031365121706,1.116,0.182,0.3449
0.0123,0.011963,-0.048584,1.519531,6.225891,3.130554,30.679474,1.1304146616545196,0.1008329220558439,0.030400959665307155,0.6029675124271888,-1.7365424362324102,15.058850063336681,1.121,0.184,0.3497
0.0116,-0.106201,-0.080566,1.202881,16.083069,0.933289,30.557404,1.136925689200049,0.10253780027163834,0.02997024875629655,0.7229949391795283,-1.655167674077786,15.413805775980277,1.129,0.186,0.3562
0.0121,-0.020752,-0.109375,1.411133,8.850403,-1.4776,33.944855,1.1438196353981753,0.10435956951810242,0.030081653304828523,0.7532633238797845,-1.658563129665786,15.823248557000689,1.134,0.189,0.3627
0.0129,0.056396,-0.181152,0.904541,-5.798035,-2.148987,31.99173,1.1511132660266263,0.10619649890614875,0.030937598157193442,0.5155324612606127,-1.7334967689939955,16.229782899960775,1.143,0.192,0.374
0.0122,-0.044678,-0.099854,1.512207,-3.356628,-5.414368,35.318146,1.1582506190036213,0.10826697460980876,0.03092734222912312,0.4084929619473069,-1.7698375725759887,16.662018141265314,1.149,0.194,0.3789
0.0115,0.006104,0.177979,1.096924,8.301086,-0.531555,36.233673,1.1647751826187014,0.11037939530569407,0.030896111394122662,0.6106053369193539,-1.7747465203746606,17.082286929300412,1.154,0.196,0.3837
0.0113,-0.012939,0.184082,1.354492,-3.356628,-1.202942,41.604767,1.1712672400369153,0.1125234353810355,0.030764361240142812,0.6571468574758139,-1.7753337672121594,17.5561363053472,1.162,0.199,0.3951
0.0124,-0.111816,-0.059814,1.119873,-7.079773,0.475525,42.398224,1.178310054103542,0.11472520960555155,0.030266369035012588,0.5100386352732287,-1.6915249242964536,18.08321473287547,1.168,0.202,0.4032
0.0122,-0.08252,0.181396,1.525391,1.373596,5.083679,38.858185,1.1851397757135975,0.11715467705915299,0.029830591596559982,0.599803454621616,-1.5831863380208753,18.564900229079324,1.176,0.206,0.4129
0.0111,-0.011963,0.047119,1.387207,2.472229,3.649353,39.468536,1.1913043070328992,0.11927806579165234,0.02982789213447799,0.637365200490434,-1.5327605404245297,19.0053422969981,1.182,0.208,0.4193
0.0127,0.015381,-0.069824,1.318848,2.380676,-13.379456,39.865265,1.1984651721562571,0.1216399287584979,0.030118117621111457,0.6088740550427925,-1.7084037125897558,19.50675787359619,1.187,0.21,0.4258
0.012,-0.020996,-0.077881,0.88208,10.010071,-4.804016,39.346466,1.2053174566813831,0.1238989365824236,0.030253945273621793,0.6441808733175424,-1.7484918369847964,19.974066323585376,1.195,0.214,0.4372
0.0123,-0.044189,-0.079834,1.763916,14.282532,17.382263,36.752472,1.2123738309271022,0.12637416296389445,0.030293543166354152,0.7658745187223938,-1.512113251082166,20.426857851480516,1.2,0.217,0.442
0.0118,0.002441,0.000488,1.603027,8.423157,-4.804016,36.386261,1.2188876558000183,0.12878860620603924,0.030412563727457983,0.8473049877201951,-1.5668048772807404,20.85536864391927,1.209,0.221,0.4533
0.0114,-0.070312,-0.078613,0.836182,-4.729919,-4.49884,36.233673,1.225263643481135,0.13105530982921712,0.03012037336065806,0.7069528585033248,-1.5578966556407063,21.26462663095883,1.214,0.223,0.4598
0.0122,-0.022217,0.053711,1.402832,-0.579529,5.724548,38.461456,1.2320166408964783,0.13379195652629336,0.030073019166038665,0.7120130803273742,-1.4741017515064956,21.738675066226428,1.22,0.226,0.4663
0.0123,0.061523,0.191406,1.170654,9.826965,-5.048157,39.712677,1.2387226257516701,0.13684257748530532,0.030305514258602687,0.9365616316022933,-1.5745819896983846,22.236965849938695,1.227,0.23,0.4744
0.0121,0.107666,0.105713,1.166992,1.465149,4.778503,41.482697,1.2453019557629776,0.1397165734415293,0.030965899905423002,1.0022299889495476,-1.5876683358872077,22.744395138075266,1.232,0.232,0.4809
0.0113,0.010986,-0.041748,1.326904,-10.406189,5.632996,44.381866,1.2516480041032023,0.14228677943546533,0.031221091801189052,0.840596534688603,-1.5314496277523937,23.244660520853646,1.241,0.237,0.4922
0.0121,-0.125,0.051758,1.732178,-5.09613,-2.60675,41.482697,1.2584295846020312,0.14526036975209947,0.030751196686227857,0.7822308529343334,-1.5053909912384906,23.748498402513864,1.246,0.24,0.4971
0.012,-0.022461,0.150879,1.162842,4.272766,-2.820374,37.454376,1.265025405167458,0.14847379444351938,0.030503364382467077,0.913858595453624,-1.5240660907705643,24.206520132895047,1.251,0.243,0.5035
0.0121,0.048584,0.00415,1.108398,1.70929,10.698914,41.238556,1.2717023104767124,0.15147517004447586,0.030988533396969133,0.9182654400632516,-1.4317163211671482,24.70785589180493,1.26,0.247,0.5133
0.0128,0.014648,-0.121826,1.386963,4.608459,-5.566956,39.376984,1.2786169411574275,0.15440161131341043,0.03138213998012148,0.8901273278883334,-1.5124853723852119,25.204132054591614,1.265,0.25,0.5197
0.0111,0.026855,0.043701,1.078613,2.624817,-16.21759,36.630402,1.28464497937712,0.1573268015969274,0.03160566682646395,0.9327118651936476,-1.7104446089274696,25.610104641860737,1.27,0.253,0.5262
0.0128,0.072266,-0.067627,1.473389,6.683655,11.858582,36.844025,1.2916807189234607,0.16055944650497195,0.03223583619377494,0.9617401143704162,-1.5958407909172905,26.081020983796304,1.278,0.258,0.5359
0.0111,0.129883,0.078125,1.761963,11.322327,-3.125549,34.555206,1.297400789301824,0.16344746678877192,0.0327843188409323,1.101136245181711,-1.68234653700778,26.46561400291139,1.282,0.261,0.5408
0.0123,-0.050049,0.051514,0.74292,3.84552,6.060242,34.341583,1.3039973662759214,0.16686399624377696,0.03236145866535688,1.1819255220259932,-1.5629949628655462,26.892184233574703,1.291,0.266,0.5489
0.012,0.003662,0.124023,1.841309,1.83136,2.001404,30.98465,1.3104649159480408,0.17028604946761158,0.03236130290534116,1.2346123209410178,-1.537845673985706,27.267458035665207,1.296,0.269,0.5554
0.0118,-0.006592,0.129639,1.058838,6.805725,-4.224182,34.066925,1.3166212661581762,0.17375979239824485,0.032206978924116725,1.386155387323716,-1.5850552929840849,27.674236365733577,1.301,0.272,0.5602
0.012,0.046631,0.043945,1.369629,1.404114,10.149597,30.374298,1.3230300299700966,0.1771941083702155,0.0325540545717281,1.4057946281967661,-1.4908984096875784,28.04363272990712,1.308,0.276,0.5667
0.0124,0.153809,0.097168,1.274414,-3.295593,-0.226379,31.381378,1.3293540096782095,0.18085141855511694,0.033417459636981596,1.4008229835987196,-1.5863037732422984,28.440438230623453,1.313,0.279,0.5732
0.0125,-0.137695,-0.032227,1.348633,-1.434021,-6.604553,35.104523,1.3359996361082496,0.18419236312168544,0.032876528462993174,1.3407862975905487,-1.593479820815315,28.870283103180817,1.321,0.285,0.5813
0.0112,0.160645,0.145996,1.448242,3.96759,10.027527,30.648956,1.3417788677058278,0.18773429527677646,0.03359949122898486,1.4396976267177362,-1.5639806706131365,29.224997973261228,1.326,0.288,0.5861
0.0118,0.064209,0.031006,1.276855,2.411194,3.954529,35.257111,1.347772080805631,0.19116880282369358,0.03407173902487264,1.4630684910136973,-1.5590429972372741,29.644866191092234,1.331,0.291,0.5926
0.0125,-0.012939,-0.149658,1.303223,-1.342468,6.579041,31.350861,1.3542917719635887,0.19454152129442792,0.034445380898926486,1.3369600524837804,-1.4739183143166499,30.033985581041225,1.338,0.296,0.5991
0.0121,0.158447,-0.006104,1.703857,-0.457458,15.642761,28.299103,1.360344150843749,0.1980557549572894,0.03528805253609987,1.3088078104204812,-1.3567410064482948,30.383349089146716,1.342,0.299,0.6039
0.0121,0.022461,0.108887,1.119141,-2.715759,-13.837219,27.230988,1.3666750499852478,0.2019469703129385,0.03535260032827803,1.3314612787617035,-1.5402042423314766,30.71089740663335,1.35,0.305,0.6104
0.0113,0.06958,0.124023,0.681396,-3.234558,-1.752258,30.923615,1.3724700440484523,0.2058367124205315,0.03586497539566518,1.4109639512853833,-1.6416078737849171,31.066754780966573,1.355,0.308,0.612
0.0123,0.006104,0.248535,2.185059,1.06842,15.581726,26.376495,1.3787387509386975,0.20975371421889236,0.035765589915037456,1.4880449836985272,-1.4492603776404522,31.395096499871364,1.36,0.312,0.6153
0.0126,0.072021,0.14917,1.4104,4.669495,-2.545715,25.613556,1.3850798043923818,0.21387161545938616,0.036042723852186306,1.6050107663743893,-1.5201186127869872,31.720489618591937,1.367,0.317,0.6234
0.011,-0.014893,0.045654,0.909912,1.098938,1.391052,24.362335,1.3909468012376207,0.21750244352445733,0.03599067485107256,1.6353562662593446,-1.4962472812414418,31.986574594008648,1.372,0.32,0.6266
0.0126,0.042969,0.031982,1.248291,2.136536,2.733826,22.775421,1.397505771391605,0.221680919538262,0.03637137300645914,1.6600354211568227,-1.4900797364219727,32.27723148525629,1.38,0.326,0.6331
0.0115,0.022461,0.046143,1.531006,5.127258,-9.015442,24.881134,1.4035384779218236,0.22551651394952144,0.03655153057991751,1.7188828518088697,-1.6039674101939898,32.56045127079977,1.385,0.33,0.6363
0.0124,-0.03125,0.040771,1.143799,5.523987,-4.37677,22.226105,1.4101669849528389,0.22967019212571324,0.03645691543749295,1.7913533170720948,-1.6382007890205867,32.83029525816663,1.39,0.333,0.6379
0.0123,-0.002686,0.015137,1.500488,3.509827,14.422058,19.082794,1.416375554510445,0.2336184530274381,0.03660861607872179,1.8191103545777698,-1.459372200324255,33.06937975742124,1.397,0.339,0.6412
0.0121,0.034668,0.090088,1.24585,7.721252,-10.388733,19.418488,1.4224338820244344,0.23772970231200335,0.03680295726847021,1.9443140033662987,-1.6057085971914462,33.30178822225967,1.402,0.342,0.6444
0.012,0.017334,0.061035,1.011719,2.777405,1.116394,18.350372,1.428653581189705,0.2419341074142564,0.036991881985388685,2.00035344025989,-1.6069650359732535,33.52316437450313,1.41,0.348,0.6493
0.0111,0.01709,0.032227,1.64209,-3.326111,8.806824,19.662628,1.4343996638806877,0.24572763464621875,0.0371867508854092,1.95422065842606,-1.5159509892506304,33.74465136559727,1.414,0.352,0.6509
0.012,-0.072754,-0.015869,1.132568,-3.631287,-9.717346,19.540558,1.4405645116503478,0.249530480662095,0.036921822705346115,1.8771351003755066,-1.5849156995750946,33.96726590848061,1.419,0.355,0.6557
0.0127,-0.070068,0.096191,1.507812,-2.380066,2.459167,13.162384,1.447245637988081,0.253961581507976,0.03660698223148384,1.8739442531461052,-1.5145888647085188,34.12928873058224,1.426,0.361,0.659
0.0122,0.126953,0.164307,1.405762,0.549622,-0.775696,18.930206,1.4532469574385214,0.2585306786385811,0.0371582108040883,1.945165954422452,-1.5904773861255443,34.36948699652993,1.431,0.365,0.6622
0.0115,-0.037842,0.07666,1.02417,-1.006775,4.686951,17.648468,1.4590530107276267,0.26247815056917734,0.03689504569898766,1.968152308853668,-1.50976403052656,34.5685834990877,1.439,0.371,0.6654
0.012,0.118896,0.032471,1.452637,-3.631287,5.816101,15.115509,1.4649726348162642,0.2668152587398753,0.037628923349005465,1.9194524648320808,-1.501185629001859,34.761849856057495,1.443,0.374,0.6687
0.012,0.048828,-0.033936,1.25,1.159973,-5.170227,16.641388,1.4707764820932274,0.27084008199290527,0.038161191416848775,1.890447514213801,-1.593087599362388,34.963815859099554,1.448,0.378,0.6719
0.0124,-0.081787,0.071045,1.068115,8.301086,-1.630188,9.042511,1.477210242651665,0.2751389124196549,0.03763376794913902,2.0232878274003316,-1.5522401462018764,35.06427808343276,1.455,0.383,0.6735
0.0121,0.050049,0.055908,1.43042,-4.455261,-5.353333,11.209259,1.483219864066616,0.27948627256698705,0.03797078438825642,1.9775027002835468,-1.6392623744989414,35.2005440276812,1.46,0.387,0.6752
0.0122,-0.103027,-0.131592,1.361084,-4.241638,2.703308,9.500275,1.4894327539017895,0.28324918014804507,0.03782651588338437,1.832509000168167,-1.546025083130219,35.30725146301696,1.467,0.393,0.6784
0.011,0.095215,0.188721,1.476074,3.876038,0.567078,7.455597,1.4947789138064962,0.2874976463513059,0.03815012306263887,1.9516064341268462,-1.5814133961752594,35.39587615389266,1.472,0.397,0.68
0.0126,0.08667,0.148926,0.919189,-1.311951,-10.29718,9.134064,1.5008541389250556,0.29250553128001733,0.038667848947976036,2.035471177482752,-1.7777598155357113,35.51641116693746,1.477,0.401,0.68
0.0124,0.012207,-0.025879,1.360107,-3.814392,4.473328,8.004913,1.507124575408794,0.2968676930563439,0.03898285818344336,1.9527025683095214,-1.7235826782793322,35.617835108407895,1.484,0.407,0.6816
0.0111,0.018555,-0.064697,1.847412,-1.556091,8.074402,11.819611,1.5123357030441829,0.3004526021922021,0.03928565147620341,1.8869087648309604,-1.6359244300253284,35.75243398897984,1.489,0.411,0.6849
0.012,-0.105957,-0.009277,1.437012,-1.739197,-9.16803,9.225616,1.5182293057958782,0.3042823535339717,0.03889497936126062,1.8412740205934588,-1.6835136194390048,35.84911194587171,1.495,0.416,0.6849
0.0125,0.146729,0.026123,0.72168,3.876038,2.855896,2.176056,1.5241582916849126,0.30933429748461955,0.040557757532688886,1.9012570393213972,-1.7963121382432408,35.900553109961145,1.5,0.42,0.6849
0.0121,0.060547,0.026367,1.235107,15.259094,11.034607,6.234894,1.5299110430671217,0.31363388040151235,0.0410825435996303,2.0810283859138266,-1.694788796009852,35.985372271257965,1.505,0.424,0.6881
0.0115,-0.111816,-0.001221,2.17041,13.67218,-3.949524,4.709015,1.5354673550206455,0.3173453777734628,0.04082709760795264,2.2148497605178736,-1.6905070590170084,36.030832755885676,1.512,0.43,0.6865
0.0121,-0.07666,-0.056152,1.045166,2.228088,-8.649231,2.450714,1.5413890792818246,0.32113173434881975,0.040585280193627955,2.180881226883322,-1.7339512960125618,36.04942203750834,1.517,0.434,0.6881
0.012,0.018555,-0.121094,1.072754,1.587219,8.623718,3.244171,1.5473134496466516,0.32506376549716026,0.041190728605594126,2.094729799915148,-1.6407382616977684,36.095402872663946,1.521,0.437,0.6881
0.0123,0.191162,0.04834,1.422852,7.202454,3.740906,0.070343,1.5530410274314388,0.3295449831262436,0.04231224712989424,2.1888761825113843,-1.6871021978238379,36.10719126109647,1.527,0.442,0.6897
0.0124,0.009277,0.182861,1.280029,10.193176,-13.806702,0.192413,1.558966372043609,0.3341486848184285,0.04222477459837747,2.4010774191646447,-1.8516294727559754,36.09779494101382,1.532,0.446,0.6897
0.0113,-0.058105,0.144531,1.310791,3.753967,1.482605,1.809845,1.5646561069065787,0.33833609379709684,0.0418291611032499,2.5031116125217556,-1.7907341951962334,36.11047996092916,1.54,0.453,0.6897
0.0125,-0.135986,-0.080811,1.709473,-3.143005,2.153992,1.260529,1.5706457013263062,0.34211837063156664,0.04149628114447192,2.4045205168829393,-1.6937057932774289,36.119567900955445,1.544,0.456,0.6914
0.0112,0.043457,0.052002,0.790039,3.235168,-3.857971,3.427277,1.5757972254803423,0.3461761175657848,0.04198923653015905,2.468523589556239,-1.7758110850660556,36.160190700349546,1.549,0.46,0.693
0.0127,-0.192383,-0.047852,1.577881,7.87384,3.740906,0.314484,1.5820536258817286,0.3500734063063053,0.041310473319638386,2.52170033922252,-1.6267655891609858,36.154402737413534,1.555,0.465,0.6897
0.0121,0.142334,0.102539,1.277588,6.317444,-2.637268,2.938995,1.5876026805695715,0.3546299041455555,0.04217555649518885,2.633208019141361,-1.7347913208865489,36.197087750827606,1.559,0.469,0.6914
0.0112,-0.084229,-0.119873,0.979736,4.913635,3.924011,-1.333466,1.593209693489218,0.357812358741591,0.0419815947042496,2.5739380576720308,-1.6223177826461066,36.177858430539665,1.567,0.475,0.6914
0.012,0.088623,0.173828,1.754395,5.249329,-1.569153,-4.385223,1.5988294135401926,0.3623044660082839,0.04232818625590407,2.6875690508943766,-1.6652890039165815,36.12683230591441,1.571,0.479,0.693
0.0123,-0.061523,-0.06665,1.244385,2.441711,-6.024719,-1.119843,1.6048006860307045,0.36609587250465425,0.042240735820597224,2.6527737526436628,-1.6936490566247673,36.10547877220945,1.576,0.483,0.693
0.0122,-0.0625,-0.015381,1.173828,-0.854187,1.330017,-6.704559,1.6108195177899278,0.37012588386595235,0.042053348892735536,2.610681360386512,-1.626104345999133,36.020350179161674,1.582,0.488,0.6914
0.0124,0.054688,0.059082,1.501221,-2.227478,-1.782776,0.253448,1.61659348283426,0.37440872112835266,0.04242918571938287,2.588487040851729,-1.6663909028594572,36.02390392665838,1.587,0.492,0.693
0.0113,-0.114258,-0.01416,1.379639,1.312561,-4.956604,0.711212,1.622166806600272,0.3780433380025523,0.041961839889435235,2.5713651046923203,-1.6508841255814604,36.0237316013825,1.594,0.498,0.6914
0.0128,0.150635,0.178711,1.137207,0.641174,10.515808,-1.852264,1.6279967149743497,0.3831208394929189,0.042884493746641064,2.6719432381223247,-1.6054847593427446,36.01489393959281,1.599,0.501,0.693
0.012,-0.005127,-0.000488,1.462158,-2.105408,9.844421,-1.516571,1.633674861967058,0.3870621860737145,0.0430375270233497,2.6219266593227553,-1.4767534750715792,36.001082254165986,1.603,0.505,0.6946
0.0111,-0.013184,-0.004639,1.481201,-2.532654,-1.874329,-6.704559,1.63901652973382,0.3907393730293496,0.04312255795748758,2.5690840763569582,-1.4799991907076087,35.92431236585529,1.609,0.51,0.6946
0.0122,0.102295,0.063721,1.154053,-0.732117,-0.34845,-7.467499,1.6448682425426495,0.39522821705859024,0.04390263070305962,2.5807455383594347,-1.5413135164920384,35.8378011391793,1.614,0.514,0.6946
0.0125,0.065186,0.006104,1.392578,4.97467,-7.092834,-6.338348,1.650961795127719,0.39957419187573007,0.044436917398456906,2.6239142618466578,-1.6536304714347474,35.75678990646645,1.621,0.52,0.6946
0.0211,0.065674,0.03418,1.240234,2.136536,-2.728821,-3.713837,1.661114768903968,0.40694907441737205,0.04514110179864702,2.6674661244328535,-1.7399705590334893,35.678103651189275,1.626,0.524,0.6946
0.0025,0.024902,-0.077637,1.596924,-1.495056,1.604675,-4.781952,1.6623825199521625,0.407519857321399,0.04534377103259798,2.6016004107084942,-1.7376715032669323,35.66797633417012,1.63,0.528,0.6946
0.0123,-0.044189,0.001953,1.085938,-1.861267,-2.60675,-5.422821,1.6682939829599668,0.4115590836433357,0.04520724790388559,2.5586374353927037,-1.7277467114090135,35.59846594406125,1.637,0.533,0.693
0.0118,-0.121826,-0.036621,1.218506,-0.091248,5.694031,-3.805389,1.6741463123095714,0.41534514636087466,0.04465162912586102,2.512481335517944,-1.5748770376490193,35.553497898801545,1.641,0.537,0.693
0.0116,0.011475,0.028809,1.414551,-1.769714,5.144714,-2.371063,1.6796652994501242,0.41923949935727034,0.04483963822149235,2.484780052516906,-1.5126537785213916,35.52847793783898,1.649,0.543,0.6946
0.0123,0.077148,0.019531,1.358887,0.458069,0.078796,-2.523651,1.685052189336541,0.4230394410783537,0.045417278030799674,2.4789853809209625,-1.5468258416357408,35.49838591092621,1.653,0.547,0.693
0.0122,0.023682,0.046143,1.173584,1.251526,0.567078,-2.096405,1.6900498562547186,0.4266525063975829,0.045662586447007526,2.502041322736511,-1.5478408960915233,35.47335576331823,1.657,0.55,0.6946
0.0279,-0.051514,-0.067383,1.000244,-1.18988,3.496765,9.195099,1.7010337762593102,0.43403758691742966,0.04573278034341014,2.385461271106878,-1.4173001873666258,35.732926175208156,1.663,0.555,0.6897
0.0003,-0.326904,-0.136719,1.304932,1.007385,-2.728821,-4.720917,1.7013079751170705,0.4337036600826375,0.04399196988658813,2.285388340002013,-1.2237409463488829,35.72916672338534,1.667,0.558,0.6849
0.008,-0.001221,0.184326,1.106201,3.357239,-6.848694,-9.237518,1.7047992274708288,0.43701658032806895,0.043823034649145276,2.4207615733822236,-1.2700653916528128,35.66008349691755,1.673,0.563,0.6881
0.0121,-0.009033,-0.034424,1.101318,1.404114,10.515808,-5.361786,1.7097412677908903,0.4402036616265014,0.04397277590015421,2.3917809437329005,-1.1327898068775593,35.597403445004176,1.677,0.566,0.6881
0.0121,-0.323242,-0.067139,1.69165,-0.671082,3.893494,-8.932343,1.7143878536075459,0.4433380143321357,0.04266848714560588,2.3324017531082344,-0.9297400436688954,35.4883715389153,1.68,0.569,0.6849
0.0114,-0.223389,0.194336,0.903564,4.669495,-11.121155,-7.253876,1.7186786836097319,0.4479455402148404,0.04068439716279245,2.5227596337880356,-0.871508264847161,35.41904007513646,1.686,0.574,0.6849
0.0121,-0.219971,-0.154541,1.419434,3.418274,13.292908,-3.591766,1.7227967064071563,0.44983640988190055,0.039778894576184644,2.457058156764503,-0.5911004886357565,35.36321550125901,1.689,0.576,0.68
0.0124,-0.300781,0.098145,1.558594,4.97467,15.673279,-16.195526,1.7263387647288013,0.4531157460065599,0.03833517692495149,2.5435698931164024,-0.24243129666547023,35.177434888422326,1.692,0.579,0.6768
0.0112,-0.360596,-0.009521,1.285156,2.167053,-3.980042,3.335724,1.729653080324594,0.4556956631473828,0.03637972688319633,2.537885373223751,-0.0844069919575874,35.20699388872346,1.696,0.582,0.6833
0.012,-0.3125,-0.237305,1.356934,2.319641,2.184509,-6.094208,1.7331452360393567,0.45643469096939404,0.03504781745513842,2.412877366633592,0.1077043781211133,35.09272677537761,1.698,0.584,0.68
0.0238,-0.111084,0.259521,1.407715,-0.091248,-0.47052,-19.125214,1.7391234783099085,0.4628674721556103,0.034318227231279606,2.530149892817897,0.16940966069557759,34.679493375078096,1.702,0.587,0.6784
0.0004,-0.228271,-0.01001,0.990723,-5.553894,-18.781067,-8.718719,1.7392362598064897,0.4631662284622843,0.03277482645496571,2.4962105801930243,0.327353426162932,34.669006356681884,1.705,0.589,0.68
0.0125,-0.041748,0.059082,0.940918,2.0755,0.719666,-4.568329,1.7420659151586617,0.465702240526946,0.03252575108489874,2.5481559603326835,0.3582310246991878,34.623045048708384,1.708,0.591,0.6784
0.0115,-0.149414,-0.088379,1.8479,-0.213318,16.710876,-2.340546,1.7442094635572851,0.46631256885320505,0.03211866425874838,2.4819067277355553,0.603162969219981,34.58142636305143,1.71,0.593,0.6719
0.0121,-0.474609,0.102295,1.32251,-3.295593,-15.027405,-9.664764,1.7466500751888132,0.469996170721269,0.02965214539953726,2.4733968061259097,0.6761944483982383,34.48050756934485,1.712,0.595,0.6719
0.0125,0.006104,-0.023438,0.743652,-0.823669,-13.409973,-11.770477,1.7497188301766273,0.47100324354354955,0.02995350496896627,2.4150304998711705,0.4865156577059166,34.30407463923697,1.715,0.597,0.6752
0.0116,-0.08667,-0.030029,1.501709,2.991028,8.013367,-5.087128,1.7517842728907744,0.47179725656561616,0.02969523111600438,2.409134120768541,0.6135297016856136,34.23274525002883,1.716,0.598,0.6719
0.0119,-0.001953,-0.067139,1.656982,0.305481,1.2995,-6.582489,1.7537155929226698,0.471905204388916,0.029882092363463942,2.356099451439763,0.6188149605210369,34.12925196008922,1.717,0.599,0.6687
0.0123,-0.087646,0.006836,1.37793,-0.030212,-6.39093,-5.361786,1.7558317541198551,0.4732029462927378,0.029545334105452185,2.335995996505652,0.57909362191034,34.05440567236306,1.72,0.601,0.6687
0.0121,-0.128662,-0.0271,1.128906,1.526184,1.970886,-3.805389,1.7580208086774882,0.47436375700091676,0.028899937100369418,2.3126450803637444,0.6778801400654307,33.996633160982476,1.721,0.602,0.6687
0.0117,-0.037109,-0.013672,1.28418,-2.105408,1.818298,-0.997772,1.7600447897312317,0.4751637004439953,0.028859837088743432,2.2575920176334683,0.7056442631083172,33.97238179353517,1.724,0.604,0.6703
0.0121,-0.082764,-0.057129,1.391113,-4.668884,-0.775696,-1.119843,1.7620882810117844,0.47571600110166246,0.02862304387187355,2.147220650330911,0.7277617626782779,33.93681754583114,1.725,0.605,0.6687
0.0121,0.012939,0.096924,1.334229,1.06842,0.872253,-2.493134,1.7638147006333542,0.47741110608986587,0.028765955822065408,2.1967842774566813,0.7150797707424936,33.92151081930447,1.727,0.606,0.6719
0.0121,-0.002197,0.074463,1.288574,-0.335388,-0.409485,2.603302,1.7656961195217955,0.47904464383775835,0.02884165360264163,2.2181178872753624,0.6935395148002163,33.962563791113155,1.729,0.608,0.6703
0.0121,-0.005371,-0.102783,1.271484,-4.516296,1.055359,1.718292,1.7680456922044867,0.47893286600657586,0.029052506075336087,2.079886920695614,0.6915964014146001,33.94554225312393,1.73,0.609,0.6703
0.0116,0.062256,-0.039551,1.391113,0.305481,0.41449,-2.432098,1.770212136107329,0.47919977290953203,0.02954425932248136,2.0413470987775324,0.6457822934998472,33.89372753443419,1.733,0.611,0.6687
0.0122,0.058594,-0.002686,1.354004,2.289124,1.452087,-6.521454,1.7723692827000213,0.4798566136041199,0.02999324489798746,2.047678017101385,0.6160468575963239,33.8001991671775,1.734,0.612,0.6703
0.0119,0.075928,-0.019775,1.345215,-1.128845,3.740906,-6.124725,1.774607599588377,0.4803157648386042,0.030544469504322835,2.0032834465767313,0.60246945973022,33.709375525539805,1.736,0.614,0.6719
0.0122,-0.017334,-0.031982,1.281738,2.136536,-2.60675,-2.706757,1.7768492363403765,0.48113694326230083,0.030609624843848493,1.9904877848788207,0.5670040274122723,33.66017682688292,1.738,0.616,0.6719
0.0121,0.057129,-0.035156,1.338135,4.883118,3.832458,-7.345428,1.7790297187392352,0.48149548782786766,0.031068893923259164,2.009195934712806,0.567090042494139,33.5514050115982,1.74,0.617,0.6703
0.0113,0.05127,-0.028809,1.44873,-1.006775,-2.698303,-6.124725,1.7811786060135593,0.4820015379544957,0.03145484748265933,1.9629854963000612,0.4969978999172187,33.46281434146214,1.742,0.619,0.6703
0.0129,0.049316,-0.109863,1.020508,-2.19696,-0.531555,-4.568329,1.784032523452296,0.4818840282362861,0.032027207167640376,1.8338151290412512,0.43715440556427765,33.36134107355561,1.744,0.62,0.6687
0.0111,0.147705,0.054199,1.483643,2.106018,4.473328,-6.002655,1.7861754066299054,0.4825243987718597,0.0327823793286534,1.8683113033916674,0.3980426529716217,33.28333339630731,1.746,0.621,0.6671
0.0121,0.0271,0.017822,1.242432,-0.304871,-0.59259,1.901398,1.7886177580452338,0.4837498409883525,0.03303564947510657,1.8592282432893137,0.3592209467551463,33.29897499330634,1.749,0.624,0.6671
0.0121,0.078369,-0.0354,1.333984,-0.549011,1.055359,-3.896942,1.7912541827221433,0.48442630052213237,0.033567955850996874,1.8149264560622214,0.314343341106501,33.231383252544624,1.75,0.625,0.6671
0.0122,0.116211,0.038574,1.307129,-0.640564,1.055359,-1.638641,1.793905137765633,0.4854216494212077,0.034244264436113996,1.8139804973984925,0.245862067175562,33.19830915898811,1.753,0.627,0.6671
0.0121,0.058105,-0.075928,1.289795,0.610657,1.146912,-5.239716,1.7967753661459378,0.48615030145265525,0.03470397342073143,1.7589757055119881,0.21420044562110535,33.11235571270619,1.755,0.629,0.6654
0.0124,0.084229,0.082275,1.497314,0.366516,0.292419,-4.690399,1.7994701640975572,0.4876285299541648,0.03512261507186955,1.790037370186705,0.16543120050910348,33.04935724169005,1.757,0.63,0.6671
0.0113,-0.000488,-0.023682,1.20166,2.472229,-1.569153,-3.713837,1.8019978198910895,0.4888521313397033,0.03524241305016546,1.786230343257052,0.13784397100071707,32.99851870892697,1.76,0.633,0.6654
0.0121,0.020996,0.025391,1.373535,1.06842,-0.378967,-5.331268,1.8047231636151524,0.49038423652703134,0.03542236086580342,1.797064463281129,0.11325329482208,32.92921970019229,1.762,0.635,0.6654
0.0121,0.060303,-0.018555,1.304932,-0.518494,-2.271057,-4.720917,1.807599020626529,0.4915438295697196,0.03583249474942595,1.763615166679752,0.04127634616884052,32.857341228881765,1.765,0.636,0.6638
0.0121,0.04248,0.060059,1.384033,0.183411,4.503845,-6.613007,1.8103204788949454,0.49312020394673717,0.036092696541816835,1.7835545548616156,0.06470491198838771,32.77533574147384,1.768,0.639,0.6638
0.0316,-0.019287,0.025879,1.392822,-1.647644,3.283142,-3.957977,1.8169238934039647,0.49736778525271863,0.03607980079975791,1.7298884028446395,0.17290330629278622,32.653423390563596,1.77,0.64,0.6622
0.0006,-0.033691,0.078857,1.295654,-0.915222,0.445007,-7.894745,1.816970004046655,0.49774982324070033,0.03596858578574886,1.7626059201479656,0.18339304967846992,32.655509603908015,1.773,0.643,0.6638
0.0037,0.016602,0.006592,1.340576,1.221008,0.139832,-7.436981,1.8178543142843493,0.49802022837340304,0.036145914931091136,1.7544877793650653,0.1635063204229803,32.62243145196089,1.775,0.644,0.6638
0.0125,0.009521,-0.093994,1.362793,1.404114,0.445007,-5.789032,1.820817691285852,0.49921165471459056,0.03633328749226429,1.6997051062110369,0.15459118411855974,32.53695487358144,1.777,0.646,0.6654
0.0113,0.04248,-0.022705,1.26416,2.472229,1.055359,-4.568329,1.8234151712320958,0.5002597961833045,0.03665882173970261,1.6972636028139332,0.12923614181129325,32.47408797512768,1.78,0.648,0.6638
0.012,-0.088867,-0.090088,1.244629,3.570862,-0.623108,-3.225555,1.826137108499381,0.5019386011500087,0.036349999396354485,1.6659968958245803,0.16927401513311724,32.435018038353896,1.782,0.65,0.6622
0.0131,0.057129,0.001709,1.285645,2.380676,-1.630188,-4.04953,1.8293080355392377,0.5033443057924579,0.03672171186093078,1.682645002183177,0.10234918830819707,32.36928131217689,1.785,0.653,0.6622
0.011,0.010498,-0.003662,1.463135,9.369202,-2.148987,2.694855,1.8318407407968562,0.5046548154780259,0.03684987969882236,1.7668422126999668,0.06282492937950392,32.3926522427958,1.787,0.654,0.6622
0.0121,-0.517822,-0.172852,1.676758,24.566956,-8.008362,28.512726,1.8340587512577309,0.5075737345456195,0.03516791873226376,1.968337670909431,0.17946363128792248,32.77248318326801,1.789,0.656,0.6638
0.0121,-0.917725,-0.453369,1.588623,24.38385,-9.839417,44.931183,1.8362158896218954,0.5106168772891055,0.03256771024080989,2.0696648194132132,0.39562953155510633,33.36216604103739,1.792,0.658,0.6654
0.0119,-0.266602,-0.509033,1.015869,12.420959,-8.466125,46.914825,1.8392886047644366,0.5095015313515773,0.031648320022361544,1.8769472215989185,0.43291686422662845,33.86762784315782,1.794,0.659,0.6671
0.0123,0.113037,-0.175537,0.5896,12.024231,-9.41217,40.597687,1.8429051759928907,0.5055312038371738,0.033118342293329446,1.7971388119824008,0.1362272994331189,34.23053730898733,1.796,0.661,0.6752
0.012,-0.059326,-0.006348,1.458496,13.275452,-1.447083,47.494659,1.8445383322155864,0.5067156765626147,0.032958777255388684,1.9354466542783997,0.12356944534675127,34.80355763151094,1.797,0.662,0.6816
0.0121,-0.087646,0.116699,1.705811,9.979553,-7.214905,49.783478,1.845748843715492,0.5086842082161909,0.032656344291211746,2.0912914806016603,0.04965677002153595,35.4262942724708,1.798,0.663,0.6897
0.012,-0.005127,0.187744,1.260498,12.726135,-12.158752,46.914825,1.8471449083707672,0.5112212931697486,0.03257411213033038,2.3391556822547277,-0.12163400494810099,36.00825668497053,1.8,0.665,0.6962
0.0115,0.115723,0.228516,1.352051,14.343567,-2.301575,48.86795,1.8491914824588285,0.5135292542982366,0.03299619407549753,2.6089574432868345,-0.24447982464082732,36.57081658044608,1.802,0.666,0.6962
0.0118,0.092529,0.132568,0.926514,3.570862,0.689148,49.569855,1.8518001605761618,0.5158130220903046,0.033552101025915486,2.7345210668254585,-0.3501369838702156,37.147918917373794,1.806,0.669,0.6881
0.012,0.164307,0.168213,1.355957,2.472229,-3.24762,42.764435,1.8542936854944152,0.5177004979001217,0.034212614317828766,2.8296363309197887,-0.5117187701754559,37.64377988309172,1.808,0.67,0.6897
0.0122,0.196533,0.186523,1.494385,6.439514,3.31366,42.611847,1.8560287145996661,0.5190016245758962,0.034912413523873025,2.9710173702870697,-0.6014034396464695,38.14845219428675,1.809,0.671,0.6995
0.0119,-0.129395,-0.108154,1.322754,10.010071,-13.95929,40.841827,1.8575530827833548,0.5194030307606357,0.034500063244692104,2.991095302772671,-0.71694255070516,38.62965784279444,1.81,0.673,0.7059
0.0124,0.172119,0.066895,1.153809,14.099426,-3.888489,35.928497,1.8600111245426756,0.5204350421379884,0.03538124731038577,3.174207163630087,-0.906756332319854,39.040499215626255,1.812,0.674,0.7092
0.0125,0.247559,0.086914,1.352295,17.364807,-7.001282,28.726349,1.8625798076785982,0.521520735559623,0.03642320583079277,3.401064870820325,-1.1534553607850178,39.35710484989624,1.815,0.677,0.7092
0.0119,0.243164,0.186768,1.688965,6.317444,-15.668274,13.131866,1.8644138961182393,0.5229987777987535,0.03715452383558301,3.5225500549742095,-1.4520721830922279,39.47852917999616,1.816,0.678,0.7124
0.0115,-0.20166,0.130859,1.316162,-6.499939,-28.912903,-6.918182,1.8657259339523307,0.5254295694506791,0.03620048591651266,3.4944427911422924,-1.6500697278042054,39.41624308804171,1.818,0.679,0.7124
0.0118,-0.082031,0.350098,1.506836,1.190491,-25.67804,-11.312714,1.8673683496859361,0.5292167969819221,0.03568048928776883,3.6534448040037266,-1.8887928089219728,39.29264654835967,1.82,0.681,0.7092
0.0125,-0.07373,0.155029,1.185303,3.235168,-17.438293,-4.781952,1.8694737253180669,0.5321442366810865,0.03524148356410609,3.7617617534952146,-2.0407754414311916,39.23946639463078,1.822,0.683,0.7043
0.012,-0.022461,0.047363,1.04248,-5.248718,-9.961487,0.772247,1.8718381717852943,0.5340963462040236,0.035139273110025154,3.698764209135733,-2.131741540358995,39.246545375304244,1.825,0.685,0.693
0.0121,-0.084229,-0.020996,1.280762,-4.97406,-14.508606,3.305206,1.8741485471371724,0.5351718617882655,0.034819307816468616,3.5902637193400118,-2.2428163934822742,39.28188973021604,1.827,0.687,0.6849
0.0112,0.005859,0.195068,1.452148,-2.044373,-11.487366,7.272491,1.875246317407958,0.5372610538661509,0.03468821667650635,3.6325767726395393,-2.36137593033217,39.36821756959059,1.828,0.688,0.6849
0.0126,-0.040039,0.081299,1.492676,-13.122253,-12.647034,19.052277,1.876558015362789,0.5384298214064038,0.034455880005751324,3.4662957163399866,-2.4948829860185713,39.606848300680745,1.83,0.689,0.6849
0.0114,-0.053223,-0.116211,1.095947,-28.472595,-9.442688,30.252228,1.879246420010538,0.538790285736774,0.03435535655146968,3.016319263268799,-2.5685076406479994,39.93741283416675,1.832,0.691,0.6768
0.013,0.142822,-0.072754,0.92334,-31.4328,-5.811096,30.801544,1.8826258683241097,0.5405093046602815,0.03540618914647228,2.5045454530896727,-2.766853810866176,40.2985501184691,1.835,0.694,0.6687
0.0112,0.259277,0.061768,1.591309,-15.56366,-19.391418,19.784698,1.8844045034235515,0.5422150991643447,0.036230051117647495,2.3251529213653206,-3.0931085590317435,40.489238941542744,1.837,0.695,0.6671
0.0122,0.290283,0.090088,1.550781,-12.847595,-11.578918,27.292023,1.8859200577217758,0.5439808517222966,0.037130188049657196,2.1717676666448313,-3.3617385333830914,40.793615772741056,1.838,0.696,0.6719
0.0118,-0.020752,-0.19751,1.146729,-17.791443,-23.511292,29.733429,1.8881538561436968,0.5445324716634775,0.037226515089181726,1.7925329531351994,-3.6109810430255385,41.13347157279539,1.84,0.698,0.6784
0.0123,0.300537,0.015137,1.368408,-12.878113,-18.262268,23.324738,1.890515289098206,0.5469433106199928,0.03838748742634436,1.6067456199373162,-3.9760041592548867,41.37964864685723,1.843,0.699,0.68
0.012,0.304932,0.051025,1.390625,-3.509216,-10.205627,18.747101,1.892884443104146,0.5495855375192346,0.0395162185421615,1.5597812869782763,-4.2328146882256465,41.56894219260686,1.845,0.701,0.6865
0.0125,0.114502,-0.060547,1.227783,-1.556091,-14.20343,20.639191,1.8953862243046466,0.5517539086473753,0.04009639379313958,1.468569365646784,-4.451698435186873,41.81411328359153,1.847,0.703,0.6897
0.0118,0.113525,-0.099854,1.463135,-6.347351,-4.620911,18.25882,1.8976162009061992,0.5536199507716401,0.040580620946535306,1.3109143248376376,-4.53164288135112,42.0242459880659,1.849,0.705,0.6897
0.0128,0.122803,-0.025146,1.103516,-5.09613,-16.736389,21.737823,1.9001109688383475,0.5560176175065872,0.041221695566245456,1.1947094868600234,-4.797195980706339,42.286281512274165,1.853,0.708,0.6914
0.0115,0.176758,-0.082764,1.377441,0.366516,-13.867737,27.780304,1.9024062522163265,0.5582762367679729,0.04196721826095097,1.1140604007474264,-5.016623996779328,42.59000835076139,1.855,0.71,0.6914
0.0113,0.265137,0.051758,1.393555,-0.518494,-10.846497,26.529083,1.9045138210280785,0.5607545135073712,0.042884497486069414,1.098521036024774,-5.24044531676727,42.85826941798479,1.857,0.711,0.693
0.0126,0.146729,0.102783,0.906006,-3.509216,-17.621399,26.345978,1.9072382014895692,0.5637892737748023,0.0436387823587848,1.1008382555890215,-5.543777438778071,43.15833659392403,1.86,0.714,0.6978
0.0112,0.245605,0.052246,1.236084,-1.983337,-5.109192,25.766144,1.9095898165869774,0.56676019414213,0.04462944165516028,1.0714905277295097,-5.703141307536764,43.417742998515976,1.862,0.716,0.7027
0.0119,0.22168,0.07959,1.479492,3.387756,-5.811096,21.432648,1.911934381519689,0.569447343547389,0.045333074088599885,1.116769066845265,-5.836003497158944,43.6524566025271,1.866,0.719,0.7059
0.012,0.183594,0.013428,1.393066,2.014465,2.825378,28.421173,1.9139131564714695,0.5717642393066215,0.04596151351463353,1.1029812936499428,-5.85486231210365,43.984064515972214,1.867,0.72,0.7108
0.012,0.015869,-0.021973,1.198242,2.350159,4.931091,29.428253,1.9151330292763726,0.572643856525359,0.04588450649162885,1.073247709003147,-5.7626664710613955,44.354058684266825,1.868,0.721,0.7075
0.012,0.132812,-0.047363,1.216309,5.279846,5.20575,13.437042,1.9161025135876684,0.5739330055560247,0.046330832523302216,1.0802761726574928,-5.735244370672451,44.51450760129418,1.869,0.722,0.7059
0.0123,-0.09082,0.166504,1.318359,6.500549,-4.010559,13.833771,1.9193460090857866,0.5761003476112607,0.04588323814698842,1.2347390462375796,-5.687900394802879,44.69832678619516,1.872,0.724,0.7092
0.0122,-0.080811,-0.083984,0.841064,4.547424,-1.386047,3.915558,1.923035980449384,0.5787334534314075,0.04571430532073674,1.2023445565109288,-5.591366395751603,44.78439053113887,1.876,0.728,0.7011
0.0122,0.454834,0.169189,1.595215,1.373596,17.626404,-0.631561,1.9245227195999859,0.5812524534740569,0.04690173638757853,1.2824079527366403,-5.528747107630552,44.73571364460262,1.877,0.729,0.6962
0.0118,-0.030762,0.138184,1.343506,4.364319,-5.841614,-17.446747,1.9260200379130603,0.58215017108821,0.04650998640055501,1.4243297651464224,-5.527748899367523,44.53398171095252,1.879,0.73,0.6914
0.0126,0.161865,0.347412,1.005859,5.98175,-2.576233,-22.390594,1.9324258182328056,0.5891186615836682,0.04747297710362252,1.7554955465033182,-5.6177805201788,44.20862520145991,1.882,0.733,0.6897
0.0116,0.332275,0.115234,2.022217,-1.83075,19.274353,-19.888153,1.9345807379514972,0.5919775414576157,0.04825191926357318,1.7805345746672379,-5.457912569051262,43.96962713414788,1.884,0.734,0.6881
0.0122,-0.311523,-0.075684,0.953369,-9.368591,13.26239,-16.470184,1.9357912232187773,0.5904144145100325,0.046585486977255335,1.6222256246976052,-5.026292876990619,43.820588762650395,1.884,0.734,0.6881
0.0113,-0.455078,0.102051,1.304932,-1.617126,-21.191956,-34.41452,1.9389323583442188,0.5906293628633327,0.04486116898866495,1.6908746829359897,-4.975936086254947,43.46420574129822,1.887,0.737,0.6735
0.0121,0.346924,0.320801,0.425781,-2.807312,-4.041077,-46.743622,1.9405599490644996,0.5969029328527153,0.04700841703253477,2.0218484346106966,-5.3339751934866975,42.84934659050525,1.89,0.739,0.6654
0.0124,0.019043,-0.30542,1.767334,-11.169128,11.339783,-33.743134,1.9427256020389876,0.5981421578523799,0.04721280190237669,1.7731306553147752,-5.142782310789729,42.44975053926956,1.892,0.741,0.6541
0.0112,0.020508,-0.08667,1.235596,-0.884705,-7.184387,-48.757782,1.944428889435533,0.5991947992406342,0.04728169410992699,1.7433090018289252,-5.17522235736797,41.907840909527685,1.894,0.742,0.6412
0.0126,0.258789,0.400635,0.797852,0.976868,-6.360413,-55.166473,1.9458241297149605,0.6027363058371042,0.04825217164514017,2.109775270339839,-5.390080381771837,41.16759520757977,1.897,0.744,0.6282
0.0122,0.107178,-0.117188,1.716064,-5.401306,8.288025,-55.166473,1.9482423162442448,0.6047843727288049,0.0486351493243506,2.033514444443687,-5.264360411189238,40.50456444526948,1.899,0.745,0.6217
0.0116,0.297852,0.15332,0.87207,-2.563171,-7.550598,-56.96701,1.9496897558097221,0.6086733096322302,0.050093439286785287,2.164196393632622,-5.5150023897491165,39.816371160724245,1.9,0.747,0.612
0.012,0.123291,-0.00415,1.258789,-6.560974,1.696228,-60.079803,1.9517027557600442,0.6107800316296941,0.050562251705318965,2.1314074214527836,-5.493274277013781,39.096772811159774,1.903,0.749,0.591
0.0124,0.142334,0.114502,1.458252,-8.056335,-1.233459,-69.051971,1.9538371298099098,0.6127906188582859,0.05096702316299972,2.153381789173266,-5.500452621317124,38.228755126446245,1.905,0.75,0.5796
0.0121,0.106689,0.024902,0.954102,-9.063416,-6.513,-65.786591,1.956010195418173,0.6150926144549931,0.05151353055320052,2.1210441506620494,-5.586930969535516,37.42590064594983,1.908,0.752,0.5667
0.0113,0.075439,-0.005859,1.127686,-9.76532,-1.660706,-70.394745,1.958295590340993,0.6169593403495599,0.05183469003844348,2.065514221561343,-5.579451055554795,36.630941824132826,1.91,0.753,0.5521
0.0124,0.28833,0.116211,1.386719,-8.605652,1.146912,-68.31955,1.9603785380729795,0.6198940497253325,0.0528108776770965,2.081217786688963,-5.635249021357655,35.77073480454862,1.912,0.754,0.5424
0.0115,0.020752,-0.144287,1.630859,-9.185486,0.383972,-68.594208,1.9627338418098388,0.6213579770092452,0.05285457333028271,1.9669747077231445,-5.562927608052467,34.9982710586822,1.916,0.756,0.5213
0.012,0.14624,-0.020752,1.017822,-10.00946,-1.080872,-72.530975,1.9648863607694185,0.6238952886448996,0.05357047345066924,1.8968697331618247,-5.605679156598905,34.12908792204723,1.918,0.758,0.51
0.012,0.134766,-0.026611,1.338623,-8.544617,4.595398,-74.453583,1.9671195020512944,0.6259668035907543,0.054046576639227586,1.8476177391541677,-5.547554769848347,33.24008588041678,1.92,0.759,0.4954
0.0125,0.136475,-0.09668,1.229004,-5.340271,-7.825256,-74.026337,1.969527169142918,0.6284805813292531,0.054603241024823945,1.7930769912112616,-5.648824434972478,32.32400354643928,1.923,0.76,0.4809
0.0115,0.181152,0.054688,1.333008,-3.020935,-11.548401,-75.308075,1.9719351706908999,0.6305961992957482,0.05524443010380426,1.857837463684006,-5.803068732702843,31.443364603210874,1.925,0.762,0.4712
0.0123,0.126709,-0.105225,1.375,-6.86615,4.534363,-69.204559,1.9744432431988328,0.632906632527902,0.05569266553278165,1.7823574992761704,-5.737619846818715,30.608212065366146,1.929,0.763,0.4485
0.0125,0.124756,-0.132324,1.308594,-5.187683,-5.475403,-70.181122,1.9767589555532337,0.6352264245896295,0.0561223233056934,1.7113438318667609,-5.798398367790639,29.74734933517088,1.931,0.764,0.4355
0.0121,0.052002,-0.074463,1.415527,-3.295593,-2.789856,-71.249237,1.9791474191878964,0.6367325443407797,0.05623378276498022,1.7030991962716038,-5.7825790027609125,28.89728560859341,1.933,0.765,0.4242
0.0114,0.071045,-0.094971,1.325439,-5.09613,1.42157,-68.838348,1.9814048213858477,0.6383938865862733,0.05642045040633349,1.653477378369651,-5.7328417339134115,28.1283864132345,1.936,0.767,0.408
0.0123,0.088135,-0.078369,1.175781,-9.246521,-2.942444,-65.786591,1.9839339362932955,0.6403299391230528,0.056748428197574995,1.555140442357275,-5.752197999443344,27.329926450206607,1.938,0.768,0.3999
0.0121,0.115723,-0.005615,1.37915,-7.384949,0.628113,-67.770233,1.986535788327572,0.6419362095348825,0.057126047083025606,1.5306728035595834,-5.734263861674311,26.508824980421664,1.942,0.769,0.3837
0.0112,0.05835,0.002441,1.154541,-7.720642,-5.139709,-64.504852,1.98904945525047,0.6431690230982312,0.05732495494789359,1.5063255468577634,-5.761289527717128,25.78590343451908,1.944,0.77,0.3724
0.0121,0.122314,-0.05957,1.276367,-11.077576,-1.019836,-61.849823,1.9915878957167352,0.645033406723965,0.05774225419429737,1.3982018758620907,-5.774740941884427,25.042790303654588,1.947,0.771,0.3611
0.0122,0.128174,0.014893,1.150635,-9.795837,0.719666,-64.138641,1.9940950532751447,0.6465363116032707,0.05825490923668672,1.354983612017793,-5.780095076507956,24.25202634573265,1.95,0.772,0.3449
0.0121,0.159912,-0.008545,1.727539,-8.514099,4.931091,-61.849823,1.996566826710843,0.6479664676530597,0.05864086869995025,1.3104867789352617,-5.719578008368121,23.503101816987268,1.952,0.773,0.3335
0.0123,0.135498,-0.11084,1.325684,-5.431824,2.947449,-60.87326,1.9990563593167359,0.6500519330734996,0.05905594006600873,1.2412445790602742,-5.691183245346631,22.76787308345272,1.956,0.774,0.319
0.0122,0.177734,-0.051758,0.960693,-6.316833,-4.285217,-62.826385,2.0014815754922255,0.6523463356451479,0.05988899224486191,1.1870401661228775,-5.812397964951497,21.995750571002453,1.958,0.775,0.3092
0.0122,0.179932,-0.032959,1.547363,-8.269958,0.628113,-64.382782,2.0040097516129136,0.65396131613469,0.06038383836105315,1.137868053252346,-5.821879161823247,21.208368128705246,1.96,0.776,0.2995
0.011,0.144531,-0.092041,1.290039,-7.476501,-3.583313,-62.277069,2.006195932944667,0.6558592841654409,0.06079787285810039,1.059983078970571,-5.87795620330313,20.53298854266824,1.964,0.777,0.285
0.0123,0.141113,0.001221,1.529297,-6.957703,-2.179504,-61.178436,2.0090496527792387,0.6571562556398642,0.06121234059978067,1.0431270660768048,-5.906229502732646,19.775638434781023,1.966,0.777,0.2736
0.0122,0.098389,0.052002,1.392822,-5.798035,2.184509,-61.941376,2.011949716962597,0.657934579218952,0.061551959206302964,1.0708951497683983,-5.866985444199848,19.00986781389959,1.97,0.778,0.2574
0.0124,0.057861,-0.128662,1.261719,-7.598572,6.853699,-56.936493,2.0144907548685778,0.6598414663914088,0.061654972667376635,0.9612067000297353,-5.7520954332045715,18.332330964064614,1.972,0.779,0.2477
0.0111,0.121826,-0.027832,1.187988,-6.377869,-7.428528,-60.049286,2.0168780726968287,0.6611517697573541,0.062058470359176304,0.9316102278238177,-5.848383678123975,17.663719366807758,1.975,0.78,0.2364
0.0122,0.090332,0.039307,1.158447,-8.575134,4.931091,-61.941376,2.0197058412358198,0.6618341887762249,0.06243777268435386,0.9235642713117362,-5.785141369044185,16.89708655901684,1.978,0.78,0.2218
0.0121,0.125488,-0.067871,1.570557,-7.9953,-4.041077,-59.194794,2.02247813457648,0.6632991182828843,0.06273939518725467,0.8582305398335869,-5.828819013991892,16.18814884303178,1.98,0.781,0.2121
0.0124,0.076904,0.003906,1.172363,-6.194763,1.207947,-62.76535,2.0253800219426337,0.6641851527378593,0.06303966160779058,0.8572341223477136,-5.801374500661478,15.40740209935774,1.984,0.782,0.1943
0.012,0.084473,-0.069824,1.354736,-8.575134,2.672791,-61.453094,2.027992103499645,0.6655416565844493,0.06324002551356889,0.782392323933121,-5.75349912283289,14.682328175548937,1.987,0.782,0.1846
0.0121,0.091797,0.049805,0.997314,-8.605652,-2.454163,-62.032928,2.030990635974338,0.6659574274295448,0.06372306170028055,0.7879454312782779,-5.7941964384009825,13.912463877449236,1.989,0.783,0.1749
0.0122,0.157959,-0.059814,1.571045,-9.185486,13.476013,-58.309784,2.0337962102255966,0.6673281973929548,0.06413091248511592,0.7102491334401293,-5.643364592256399,13.20652661268961,1.992,0.783,0.1603
0.0112,-0.314209,-0.402344,1.168945,-10.223083,9.142517,-20.986786,2.035561663352663,0.6701690934469748,0.06266129576885295,0.38484412523239797,-5.318864078135561,13.090964754225693,1.995,0.783,0.149
0.0121,-0.682861,-0.97583,1.677979,2.624817,29.131531,21.28006,2.0366502805944684,0.6746069729340277,0.060768135302444334,0.05819426202597885,-4.702422339130724,13.501901566968435,1.998,0.784,0.1425
0.0122,-0.718506,-0.676025,1.737549,12.848206,30.047058,44.778595,2.0385817380710156,0.6789741054916453,0.05893951790463503,-0.07104329212318879,-4.047420234765736,14.18648412564386,1.999,0.784,0.1457
0.0122,-0.147461,-0.42334,1.389404,9.094543,37.615417,43.252716,2.039458527081332,0.6818661905220886,0.05814243263310735,-0.21340989222126416,-3.4808148532089476,14.768857210415677,2.0,0.784,0.1554
0.0124,0.091797,-0.022461,0.712891,3.631897,27.544617,34.250031,2.0413282865562072,0.6813823139874977,0.058691043895021486,-0.210617123370867,-3.2177473350189723,15.157410607871451,2.002,0.785,0.1587
0.011,0.193604,0.31665,1.05249,2.594299,9.691833,16.153107,2.044494004411924,0.6790764720711268,0.059745796708651044,0.026445635746427092,-3.2246482474034366,15.277201294046067,2.005,0.785,0.1506
0.0121,0.351074,0.34082,1.1875,0.366516,7.34198,-0.26535,2.0486935524602075,0.6764763217752896,0.061237658857767545,0.2303816238469916,-3.3195598114492655,15.190314213118752,2.008,0.785,0.1392
0.0123,0.305664,0.394531,1.568848,-0.243835,16.680359,-14.974823,2.0522455060052702,0.6745464295020105,0.062309851077023574,0.41904272676056653,-3.232633259045033,14.946545815030643,2.011,0.786,0.1311
0.0123,0.08374,0.292236,1.849609,0.335999,31.603455,-22.848358,2.054656528715511,0.6738762758289175,0.06265128171717327,0.5563488492525372,-2.8556057126048375,14.64680222994215,2.012,0.786,0.1295
0.0122,0.100586,0.256348,1.083008,1.129456,29.89447,-33.102264,2.0575357264282434,0.672381081525483,0.06330757960641521,0.7620139814615416,-2.544069552026513,14.207415485277707,2.016,0.786,0.1166
0.0121,0.170898,0.0896,1.123535,-5.065613,20.403503,-37.039032,2.06129742728813,0.67186129040747,0.06411346139256033,0.776676143668729,-2.3940601722647195,13.734741547912751,2.019,0.787,0.102
0.0111,0.25415,-0.051758,0.968506,-5.920105,7.158875,-51.779022,2.064539845770524,0.6716959076861602,0.065193336457088,0.6926002618862179,-2.485880197712985,13.140649323054877,2.021,0.787,0.0858
0.0124,0.528076,0.203857,1.229736,-1.006775,11.24823,-53.304901,2.0678353635425983,0.6687171427033833,0.06697507052318165,0.8173834913987162,-2.613243109341872,12.409526996468468,2.024,0.787,0.0745
0.0121,0.113037,0.024414,1.259766,0.488586,-13.837219,-58.61496,2.071197947234421,0.6690333208027217,0.06741474286680972,0.8658229102046305,-2.8193213023675825,11.68773226003221,2.027,0.787,0.0631
0.0121,0.452637,0.095459,1.078857,-0.030212,0.383972,-65.115204,2.075158604960679,0.6675351354377616,0.06915431526939748,0.9600718619409079,-3.0689562598547897,10.847066970787404,2.032,0.788,0.047
0.0122,0.128174,-0.033936,1.576416,-4.058533,-0.836731,-63.741913,2.0784393690492364,0.6684768584113527,0.06950746396759093,0.9276396348747655,-3.1030023094193515,10.074452423844583,2.035,0.788,0.034
0.0112,0.092529,0.057861,0.969238,-1.800232,0.200867,-71.157684,2.0819928902902705,0.6681552279545953,0.07004750208622039,0.9906418815386908,-3.140691981286421,9.254104738348614,2.037,0.788,0.021
0.0127,0.137939,0.003662,1.685059,-6.591492,8.410095,-67.831268,2.0855521309809686,0.6687308651058588,0.07044464389021869,0.9469425423609515,-3.0569873081543446,8.392725628718043,2.041,0.788,0.0032
0.0113,0.025146,-0.035645,1.113525,-7.232361,-0.59259,-66.793671,2.0885969024660387,0.6698220416708636,0.07053796979670297,0.8739191811897195,-3.0463594897643067,7.651024384563586,2.044,0.788,-0.0097
0.0121,0.051514,0.010498,1.2854,-6.98822,6.395935,-64.321747,2.092108427600692,0.6702567679383536,0.07077469972289008,0.8305305506004276,-2.9661202212562894,6.871991635820545,2.049,0.788,-0.0308
0.0124,0.047852,-0.018555,1.476318,-4.058533,1.66571,-62.704315,2.0956719296953588,0.671006057683959,0.0709452057886385,0.8040419345032692,-2.93575160788829,6.100593311713486,2.052,0.788,-0.0405
0.0123,0.065674,-0.037354,1.052002,-3.295593,-7.764221,-63.436737,2.099113421866751,0.6719680274529135,0.07121529712346931,0.7711232439548078,-3.046414436925895,5.32995099426062,2.055,0.788,-0.0534
0.0121,0.039551,-0.11499,1.37085,-4.760437,2.123474,-63.986053,2.1023087558975053,0.6737188187297153,0.07126073093713871,0.6831254405548043,-3.0073824811883,4.585689214354662,2.059,0.787,-0.068
0.0111,0.028564,-0.140625,1.433838,-4.028015,0.231384,-64.321747,2.1050970167428575,0.6756301547893061,0.07122373359436016,0.594293301118285,-2.9859364312458903,3.906146288557931,2.062,0.787,-0.0793
0.0124,0.010986,-0.137207,1.204834,-4.241638,1.879333,-64.77951,2.1080468407091026,0.6777694445483434,0.07113789415286635,0.49097574680107897,-2.937286609829624,3.142125112229726,2.067,0.787,-0.0955
0.0123,0.043701,-0.068359,1.387207,-4.424744,0.170349,-64.810028,2.1112725037209095,0.6787846416534955,0.07123784517039367,0.43599389480632317,-2.9289147225614367,2.3606162937877118,2.069,0.786,-0.1052
0.0122,0.03833,0.0,1.241943,-3.600769,-0.317932,-65.786591,2.1146370558346748,0.6789480687108767,0.07141903454887774,0.4314366553645857,-2.9289242930645614,1.557350088364876,2.072,0.786,-0.1166
0.0114,0.016602,-0.132812,1.310791,-6.98822,22.875427,-53.274384,2.117324547869164,0.6807313568970461,0.07135467806377983,0.3004021523386589,-2.6517934903011593,0.9845430151992263,2.076,0.786,-0.1311
0.0118,-0.254883,-0.480469,1.677734,1.251526,35.845398,-48.177948,2.1189903623171435,0.6859526687021551,0.07038218300492742,0.12722325421092492,-2.09429106652045,0.5163039376463991,2.079,0.785,-0.1392
0.0121,-0.233887,-0.099854,1.590332,0.274963,41.124939,-40.548553,2.121489592063107,0.6882685699913883,0.06976279258915936,0.09645914169977811,-1.4714828388523828,0.06564949900750335,2.083,0.785,-0.1571
0.0119,-0.103027,-0.04834,0.950439,0.091858,24.737,-47.964325,2.1234969315200725,0.6900190894592215,0.0693155330456741,0.07197475852197291,-1.090194213197365,-0.4775596136478761,2.085,0.784,-0.1651
0.0122,0.090332,0.189941,0.861084,-5.920105,11.797546,-49.91745,2.126951701472963,0.6859003274898448,0.07015460606135164,0.1822834943627546,-1.0332507111944975,-1.1475050567640928,2.087,0.784,-0.1732
0.0117,0.020752,0.035889,1.481689,-0.610046,18.023132,-60.964813,2.129747278752753,0.6853677057769101,0.07029839071737257,0.20654447359176772,-0.8308527597341729,-1.8672438714986352,2.09,0.784,-0.1894
0.0119,0.218018,0.250488,1.565674,1.251526,15.581726,-64.871063,2.13309847997428,0.6817840598380397,0.0711395305823595,0.3558552978421923,-0.752596019946336,-2.6872056177332495,2.092,0.783,-0.1975
0.0123,-0.165039,-0.089844,1.24585,-2.624207,10.576843,-64.138641,2.1358266845660303,0.6838045083302579,0.07056100071941142,0.2736307341632134,-0.5159243216339215,-3.448519792813361,2.096,0.782,-0.2121
0.0121,0.115967,0.062012,1.023926,-1.464539,11.3703,-66.641083,2.1395654755318163,0.6816079379868637,0.0711647383392369,0.31286847358454106,-0.4714404233789574,-4.277265394404528,2.098,0.782,-0.2202
0.0125,0.004639,-0.104248,1.508057,-0.884705,5.510925,-61.208954,2.1422207724124136,0.6823748832339975,0.07107950856014723,0.25233813713171904,-0.40271681825472266,-5.025786393262347,2.1,0.781,-0.2299
0.0113,-0.048096,-0.099365,1.196777,-1.372986,3.222107,-64.596405,2.1445986373357155,0.6836624399521232,0.07081471548786711,0.17612868237036747,-0.3356203071974159,-5.733782832517926,2.104,0.78,-0.251
0.0122,0.149414,-0.028809,1.077393,-1.556091,0.383972,-61.666718,2.1477148202687446,0.6823966481079106,0.07132112356353071,0.1455008043374518,-0.4427086986933464,-6.492615822208576,2.107,0.78,-0.2591
0.0122,0.030273,-0.183838,1.320312,0.091858,-1.691223,-56.295624,2.150249059759164,0.6839589789447174,0.07116995651331061,0.04508523559828554,-0.47997102549275555,-7.147390871280779,2.11,0.779,-0.2639
0.0121,0.045166,-0.107666,1.361816,-0.793152,-1.386047,-45.828094,2.15290605112867,0.6844712604022924,0.07117562132532707,-0.019117581737494796,-0.5236882141404771,-7.686386805557857,2.113,0.778,-0.2671
0.012,-0.211426,-0.258057,1.46582,-1.006775,-2.118469,-42.043915,2.1546989608586204,0.6880780557610714,0.07036313340398277,-0.16047591607467465,-0.43830753745263823,-8.132750883000792,2.115,0.777,-0.2752
0.0117,0.011719,-0.079834,1.105469,-1.556091,-3.24762,-40.548553,2.1577329148260205,0.6884587581429694,0.07031763132563061,-0.22632008410989868,-0.4898312380641897,-8.594266754983023,2.119,0.776,-0.285
0.0121,0.04834,-0.125244,1.401367,-2.227478,2.672791,-35.055389,2.1607081945165483,0.6888701976280792,0.07031653665487367,-0.31404912281000896,-0.4874921896586533,-9.005025893982626,2.122,0.775,-0.2914
0.0126,-0.003418,-0.043945,1.288086,-2.471619,-2.087952,-33.224335,2.163998776031097,0.6887289547929906,0.07029946589489107,-0.3619561177743124,-0.5170301638454452,-9.417665734296193,2.125,0.774,-0.2995
0.0116,0.019043,-0.049805,1.309082,-0.854187,2.42865,-28.555145,2.1669177834617295,0.6885029512907166,0.07033573190954517,-0.3919242627373596,-0.5053003324318278,-9.745152443225972,2.128,0.774,-0.306
0.0119,-0.034424,-0.131836,1.375,-0.610046,0.475525,-23.306122,2.169716997513509,0.6895647659017836,0.0701119577154377,-0.46548319722032305,-0.48309693801086023,-9.998788060371117,2.131,0.773,-0.3092
0.012,0.008301,-0.131836,1.276611,-1.525574,-4.529358,-19.216766,2.1725980576734663,0.6903569063864772,0.0699901154322087,-0.554555084929256,-0.545486876739353,-10.209453748465265,2.135,0.771,-0.3157
0.0124,0.098145,-0.165771,1.356934,-1.006775,-0.34845,-9.451141,2.1762421652725648,0.6905810618465978,0.07007641516659638,-0.6511961314580446,-0.6065440600898383,-10.315120583080441,2.138,0.77,-0.3173
0.0112,0.149902,-0.110352,1.400146,-0.518494,-2.454163,-5.544891,2.1797599616675325,0.6897955761913032,0.07037182147955728,-0.7066184229271621,-0.7169037992124339,-10.382532489868046,2.142,0.769,-0.3206
0.0127,0.053223,-0.088135,1.349121,-0.426941,0.780701,0.070343,2.1839695788573446,0.6894138526084654,0.07047229408414113,-0.752529942253655,-0.7374069675220909,-10.376937046767623,2.145,0.768,-0.3206
0.0121,0.122314,-0.152832,1.294189,0.06134,2.153992,7.516632,2.188136809126847,0.6892447609760732,0.07067621606617831,-0.8324357793833882,-0.781343678382881,-10.280089084642078,2.149,0.767,-0.3206
0.0112,0.108643,-0.125732,1.328369,0.244446,0.689148,13.009796,2.1919428090369073,0.6889133748924983,0.070879484185821,-0.8927058773848634,-0.8329364738511248,-10.131825381037547,2.154,0.765,-0.319
0.0125,0.099854,-0.152832,1.267578,0.549622,0.017761,16.519318,2.1962065489624543,0.6889634477310024,0.07104140348780405,-0.9690257658694901,-0.8875279139549344,-9.915184351345678,2.158,0.764,-0.3157
0.0116,0.131348,-0.074707,1.324951,1.465149,1.635193,20.51712,2.200779643524415,0.6876202962583786,0.07140319325677359,-0.9854994650656325,-0.9395755482040529,-9.691139149622366,2.162,0.763,-0.3125
0.0119,0.091553,-0.089111,1.215576,1.312561,0.994324,22.683868,2.2053037322707336,0.6868849875421137,0.07165847132772118,-1.0171457500420233,-0.9795578838007137,-9.424064203075813,2.167,0.761,-0.306
0.013,0.089355,-0.001221,1.336182,3.784485,2.489685,26.254425,2.2109932089296307,0.6848179840219548,0.07202731988349419,-0.9605134737837897,-0.9924768520620787,-9.105730694340606,2.171,0.76,-0.3012
0.0111,0.117432,-0.003174,1.363037,1.739807,3.893494,27.353058,2.2157865880809298,0.6827210508009998,0.07245044888880604,-0.934473677953728,-1.0099190376794283,-8.829438826448529,2.177,0.758,-0.2931
0.0126,0.04834,-0.005615,1.35083,-0.274353,-0.195862,28.451691,2.2211087423493514,0.681253646039089,0.07269119330373557,-0.9343337149227409,-1.0326800571980845,-8.483538205554888,2.181,0.756,-0.285
0.0117,-0.032715,-0.14624,1.310059,4.150696,0.719666,36.660919,2.225403979199541,0.6826493945956756,0.07251694170574527,-0.9681078637034364,-0.993668135284697,-8.016729862719268,2.185,0.755,-0.2785
0.0124,-0.000732,-0.01709,1.220215,5.585022,-2.057434,33.517609,2.2309068707645445,0.6818653919972703,0.07260813421459916,-0.9044461952069585,-1.0107314341542142,-7.600778762134606,2.191,0.754,-0.272
0.0111,-0.006836,-0.073486,1.237793,1.06842,-2.271057,36.660919,2.235536400063154,0.6820824660634723,0.0725974526375347,-0.9336451785251328,-1.0226039857841156,-7.177988363541541,2.195,0.752,-0.2655
0.0136,-0.03833,0.010742,1.299316,1.95343,-0.928284,38.644562,2.241440862530773,0.68136349920301,0.07261054011298373,-0.8977244888183278,-1.0022818601090793,-6.650590517105081,2.202,0.751,-0.2542
0.0104,0.018799,0.046387,1.095215,3.082581,-0.531555,41.05545,2.2464898112832126,0.6796010665015217,0.07284881579612588,-0.8274598295215099,-1.0159126285827296,-6.245295242226809,2.206,0.75,-0.2461
0.0122,-0.027588,0.062256,1.556885,-0.304871,6.182312,39.651642,2.251956225966738,0.678409446514388,0.07293414797811533,-0.7972298538189787,-0.9184111881593717,-5.772825750521256,2.211,0.748,-0.2396
0.0119,-0.024902,0.045898,1.333008,-0.487976,4.56488,38.247833,2.2571783490963306,0.6773690955600945,0.07300311801132509,-0.7721675247257361,-0.8438016041450291,-5.327249987198007,2.217,0.747,-0.2283
0.0121,-0.019043,0.0979,1.243408,2.136536,2.520203,38.461456,2.2626961291589813,0.6756402248028551,0.0731418510872758,-0.6813733680695587,-0.7978886294733915,-4.8838390972445,2.221,0.746,-0.2218
0.0123,0.001709,-0.023193,1.167725,0.641174,-1.233459,39.468536,2.2679794544145957,0.675245552058671,0.07322120301637385,-0.6853692835523224,-0.8096827213939456,-4.397183720905374,2.227,0.745,-0.2121
0.0121,-0.00708,0.016846,1.382812,0.702209,-0.409485,40.872345,2.2732511986381843,0.6745452217066232,0.07330239366264266,-0.664562069312412,-0.8050205585334592,-3.9078200541282824,2.231,0.744,-0.204
0.0121,0.02832,-0.006348,1.325439,3.052063,-1.294495,40.170441,2.278537956466842,0.6738139317728443,0.0734766166973303,-0.6285899480611313,-0.8321034196542422,-3.428317102448664,2.236,0.743,-0.1959
0.0116,-0.025879,0.042969,1.477051,4.272766,-0.317932,38.736115,2.2834850206791835,0.6731865339341473,0.07351174852542033,-0.5545181071332235,-0.8171101163628202,-2.985000039912473,2.242,0.742,-0.1846
0.0127,-0.037354,-0.007568,1.174072,1.983948,-1.721741,42.82547,2.2887302331067247,0.6732141699345425,0.0734599508398962,-0.5336136868510007,-0.8100676940108814,-2.435458401481556,2.246,0.741,-0.1781
0.0112,-0.036377,0.037842,1.255371,4.272766,1.696228,40.231476,2.2934192529648207,0.6728244532647949,0.07344569723055526,-0.4608708966186237,-0.7659839244179701,-1.9886874213722574,2.252,0.74,-0.1668
0.0127,-0.078125,0.045898,1.462158,3.113098,0.597595,46.182404,2.2986233554426323,0.672779425055084,0.07331944863039991,-0.3982686589387207,-0.7127340275582581,-1.400301797228964,2.256,0.739,-0.1587
0.0117,-0.016846,-0.007324,1.341309,0.549622,1.146912,45.907745,2.303231704902931,0.6727549605252994,0.07333174215294579,-0.3958335003642798,-0.6870989093275861,-0.8617957818634259,2.26,0.739,-0.1522
0.0118,-0.036865,0.005615,1.123779,4.577942,-1.782776,48.013458,2.3080215035462697,0.6728673275310995,0.07327173637807566,-0.3381428264488436,-0.6819064952980218,-0.29214579021472625,2.266,0.738,-0.1376
0.0124,0.015137,-0.005127,1.312744,4.089661,2.916931,47.799835,2.312993294233959,0.6726337833326296,0.07339691180650267,-0.29134193024880567,-0.653544240973601,0.29685647612123217,2.27,0.737,-0.1295
0.0115,0.002686,0.018555,1.320557,1.343079,-1.233459,51.217804,2.31763531165746,0.6723763164584472,0.07348503268510373,-0.2661047910744137,-0.6683516713061713,0.880828786313425,2.276,0.736,-0.1166
0.0127,-0.029541,-0.05957,1.242432,1.983948,-6.543518,51.889191,2.322537267608093,0.6731316142418077,0.07341494498795181,-0.2805898447326566,-0.7309265458595643,1.5525471137121487,2.28,0.736,-0.1085
0.0127,0.063721,0.113281,1.287109,3.296204,1.482605,53.262482,2.3280514567761226,0.6717268572656495,0.07377578874784128,-0.17426040985320662,-0.7497457330735606,2.200844344529167,2.284,0.736,-0.0988
0.0116,-0.039062,-0.037598,1.344482,-0.304871,1.909851,54.54422,2.3323539844775394,0.6724298039273807,0.07369258572664568,-0.20300169622241826,-0.7036632536057976,2.842954890094565,2.29,0.735,-0.0842
0.0111,-0.028809,0.048828,1.285645,0.641174,0.200867,55.093536,2.336722920626073,0.672447966652263,0.07367632582153705,-0.16935119564072723,-0.683854100044981,3.4501433720434425,2.294,0.735,-0.0745
0.0127,-0.019287,0.059814,1.335449,2.868958,0.506042,57.657013,2.341819290044547,0.6724310023566203,0.07370295519415593,-0.10304296170806665,-0.6661472839320531,4.175747106608369,2.299,0.734,-0.0599
0.0114,0.036865,0.022705,1.135254,3.174133,-0.440002,59.243927,2.3463706732810015,0.6721382365019202,0.07393447475160814,-0.05523987232314678,-0.6986689380262898,4.840523276682491,2.303,0.734,-0.0486
0.0126,-0.019043,-0.047607,1.464844,0.488586,2.062439,59.701691,2.3512785667705507,0.6729376834733899,0.07392924220497456,-0.08005837831354454,-0.6623901909163125,5.599789391342237,2.307,0.734,-0.0389
0.0123,0.093994,0.047119,1.294434,3.082581,1.787781,57.657013,2.3563835155281425,0.67224907129134,0.07434925150761192,-0.018714161054764172,-0.6983357476875633,6.289112233570675,2.314,0.734,-0.0227
0.0116,-0.050293,-0.023438,1.264404,1.343079,0.933289,58.755646,2.360828572094068,0.6732774558555492,0.07422581448586232,-0.0228103773549082,-0.6581349627902141,6.979583352347149,2.318,0.734,-0.0113
0.0124,0.022461,0.004395,1.306396,0.458069,0.902771,60.281525,2.3658234434830656,0.673606608610153,0.0743777612260566,-0.019935689093281517,-0.6621049527214106,7.722519174066224,2.323,0.734,0.0016
0.0121,0.016602,0.050781,1.198242,4.364319,-0.47052,62.783966,2.370705400221921,0.6737067252480834,0.07452023184788746,0.05940759539975564,-0.6814552238101084,8.471639748328188,2.327,0.734,0.013
0.0122,0.037842,0.047852,1.354736,2.472229,-1.630188,64.706573,2.3756527782055747,0.6738308006724939,0.07471979131993207,0.10908030867350596,-0.7253305047546648,9.250011819051247,2.331,0.734,0.0243
0.0116,-0.031982,-0.013184,1.332275,0.671692,-1.843811,64.706573,2.3801731223409357,0.6748702406352259,0.07466875823840606,0.10112343622652419,-0.7301796657846832,10.00555088421108,2.338,0.734,0.0421
0.0122,0.010254,0.036133,1.398193,1.770325,1.085876,65.744171,2.3850719803357587,0.6754419651474287,0.07476866611387072,0.13385435511512306,-0.724920958186459,10.801934087044609,2.342,0.734,0.0551
0.0119,0.043213,0.033203,1.346924,2.472229,3.130554,65.683136,2.3897848422336954,0.6757963989764388,0.07498605827306394,0.17370473996009728,-0.7159600397217947,11.574376284690517,2.347,0.735,0.0712
0.0125,-0.065674,0.011963,1.476562,0.885315,1.970886,64.49295,2.394482359486552,0.6771563902965193,0.07483461430430627,0.18155014003081596,-0.6596526077113661,12.385780851285299,2.351,0.735,0.0826
0.012,-0.016113,-0.003418,1.273438,1.190491,-3.24762,63.302765,2.3989827282437335,0.6782645774533514,0.07483773534042006,0.18560505521193596,-0.6928779683481424,13.147121639218904,2.355,0.735,0.0939
0.0112,0.025146,0.053467,1.250732,2.685852,-3.735901,64.12674,2.4033624562667963,0.6787857587484086,0.07498293062620487,0.24021968852147105,-0.7543108534330463,13.855569041916882,2.361,0.736,0.1117
0.0124,0.010742,0.041748,1.197266,1.983948,-1.752258,65.011749,2.408199949058717,0.6796538631443955,0.07508647765657132,0.2811400884690502,-0.7879488526840998,14.65491482892719,2.365,0.736,0.1231
0.0121,-0.01123,0.08374,1.466553,0.702209,-1.538635,64.157257,2.412891316051956,0.6806250923774628,0.07508654075043113,0.32203717391740005,-0.8037925504985076,15.424080123073594,2.371,0.737,0.136
0.0123,0.031494,0.118652,1.258545,1.06842,-3.674866,62.967072,2.4177185515944557,0.6811984094328664,0.07522994014265094,0.3952779864073909,-0.8728314855299233,16.181843258042722,2.374,0.738,0.1473
0.012,-0.021729,0.125244,1.31665,0.183411,-0.34845,62.875519,2.4223124751451754,0.6821578883427543,0.07516738430680844,0.45705137445471183,-0.868877771009757,16.924880842672735,2.378,0.738,0.1587
0.0112,0.040283,0.103516,1.255859,-0.793152,3.924011,63.302765,2.4265750796829093,0.6827724864696249,0.07534188219298613,0.49874402334560325,-0.8555388875128777,17.619937877884034,2.384,0.739,0.1765
0.012,0.039307,0.110107,1.428467,0.94635,2.581238,62.326202,2.431146729186864,0.6836386552531678,0.07549200499745867,0.5551796314419029,-0.8515161701302323,18.355427260040546,2.388,0.74,0.1846
0.0122,0.005615,0.035156,1.293213,2.655334,1.238464,60.525665,2.4357750524430504,0.6850251744762642,0.07556891535050979,0.5942464895057852,-0.8470465401770321,19.0903560054071,2.394,0.741,0.1975
0.0125,0.024658,0.065674,1.220703,4.150696,3.893494,60.525665,2.4405664869635886,0.6862931434313562,0.07570916565008819,0.6727058672698271,-0.8229531590882336,19.838896594646545,2.398,0.742,0.2056
0.0118,0.004395,-0.007568,1.189941,6.958313,-1.660706,60.739288,2.4449647088048407,0.6879064022110503,0.07580912583373776,0.7347365520376642,-0.8550403538471577,20.556929162801765,2.402,0.743,0.2153
0.0123,0.012451,-0.020508,1.297607,8.575745,4.412292,59.213409,2.449555384265351,0.6896560307434194,0.07595154228368485,0.811640510956185,-0.8186171853236299,21.288732971187166,2.408,0.744,0.2283
0.0113,0.106689,0.034668,1.396973,4.638977,3.649353,59.060822,2.45379928788862,0.6906885805154543,0.076368867509313,0.8674292180245017,-0.8458408169093374,21.948829673789195,2.412,0.745,0.2396
0.0124,0.002197,-0.050293,1.39209,2.044983,0.597595,59.427032,2.4581538779343415,0.6926336130496953,0.07648521066460508,0.8476055284241635,-0.8504708511408311,22.69277763403694,2.417,0.746,0.2574
0.0118,0.030029,0.076172,1.333252,4.638977,1.574158,59.640656,2.462663627731017,0.6941523464276382,0.07661561828049462,0.9290032888931274,-0.8594751729792436,23.387583560576967,2.421,0.747,0.2672
0.0123,0.039307,0.143555,1.231201,3.326721,-0.867249,59.396515,2.46740340693949,0.6955526057951236,0.0767328292812481,1.0400664037809288,-0.9059908746403308,24.09904165906747,2.425,0.749,0.2769
0.0122,0.000732,0.064209,1.186279,-1.006775,-1.843811,64.645538,2.4718214007504797,0.6973486852074212,0.07676129241519318,1.0489023271414413,-0.942580944154118,24.880161918594606,2.431,0.75,0.2914
0.0111,-0.008789,0.052002,1.352539,-0.213318,3.405212,64.309845,2.4758364817476557,0.6991511937823991,0.07676286323429302,1.0561898292243876,-0.9113988932889909,25.590656472289275,2.434,0.751,0.3028
0.0128,-0.000732,0.08374,1.46167,2.96051,0.902771,60.037384,2.4804935456300017,0.7012349064399639,0.07677585505223929,1.1168027916505214,-0.9117036573648358,26.35234502632562,2.441,0.753,0.3173
0.0121,0.04126,0.032471,1.295166,2.0755,5.083679,62.112579,2.4847570908159686,0.7031188405544821,0.07698718064872177,1.140468459217858,-0.8892830531782224,27.101751313928133,2.444,0.754,0.3287
0.0121,0.040283,-0.075928,1.292236,2.746887,4.412292,60.495148,2.4889710859376954,0.7053282409827547,0.0773036226008745,1.1084375449557344,-0.8752637402169213,27.844569301058833,2.448,0.756,0.34
0.011,0.042236,0.123291,1.180664,6.317444,-9.534241,60.647736,2.4929065814259395,0.7068925295078249,0.07741373013002743,1.2371183811977045,-1.019219232190274,28.492957463708642,2.453,0.758,0.3546
0.0124,-0.05957,-0.084473,1.176758,5.798645,0.109314,61.074982,2.4972688967900836,0.7098042717747539,0.07737142834608325,1.2302924956456922,-0.9953411671335686,29.26644114581773,2.457,0.759,0.3643
0.0118,-0.02002,-0.015137,1.575439,3.84552,2.703308,57.931671,2.5014232752868475,0.7122971129305429,0.07740875621530326,1.2456199122043983,-0.965731854096144,29.955259555543147,2.463,0.761,0.3805
0.0121,-0.012695,0.059814,1.352295,1.251526,-0.59259,59.823761,2.505552577069311,0.7146787747846349,0.0773865465300789,1.271871021732331,-0.9792162823985524,30.674986687954164,2.467,0.763,0.3934
0.0126,-0.04248,0.162598,1.231689,3.113098,5.999207,59.671173,2.5098871123781406,0.717234144048751,0.07712883044365111,1.3876869380729298,-0.8926801480859153,31.413370589456953,2.47,0.764,0.4015
0.0112,-0.009277,0.114014,1.332764,-0.030212,4.931091,58.664093,2.513662835162388,0.7194763717290367,0.07705291888964978,1.430733864059691,-0.8468919811817218,32.06226384328696,2.475,0.767,0.4177
0.0123,0.041016,0.03125,1.213867,-2.349548,-1.325012,62.448273,2.517685309342614,0.7218075319531306,0.07726868516182958,1.3984426734861088,-0.9082693090355306,32.82750010108322,2.479,0.768,0.4274
0.0122,-0.007324,0.037354,1.283203,-0.396423,-3.095032,61.288605,2.5218825173327866,0.7245284833920858,0.07729009115072764,1.3920725392221223,-0.9584195106187269,33.572408337862804,2.485,0.771,0.4453
0.0121,0.020752,0.043213,1.380127,-0.274353,5.266785,60.647736,2.5259811107265593,0.7271592729897562,0.07740914550286511,1.3889655580052425,-0.9226300710496622,34.30515458497386,2.488,0.773,0.455
0.0121,0.034668,-0.011963,1.417969,0.488586,-1.752258,61.837921,2.5299589421137387,0.7298032205038949,0.07763274527533207,1.364276387844832,-0.979064233362116,35.05554691631578,2.492,0.774,0.4663
0.0113,-0.003662,-0.001465,1.161377,3.235168,-0.34845,61.47171,2.533633035971381,0.7324235174624062,0.07771953365773136,1.3765006571825178,-0.9968156654870821,35.752360586269766,2.497,0.777,0.4809
0.0122,0.004883,0.053711,1.552979,1.861877,3.222107,60.189972,2.537565632931786,0.7352341156239156,0.07776703392795835,1.400874101217274,-0.97459687267898,36.4849438966103,2.5,0.779,0.4922
0.0126,0.04248,0.023193,1.373535,-1.250916,0.322937,60.006866,2.5414650020033855,0.7379733438353698,0.07798036839990373,1.3734165904397362,-1.010658267808712,37.23992945652898,2.506,0.782,0.5084
0.0122,0.05127,0.098389,1.229492,3.387756,0.963806,59.793243,2.5454809519526305,0.740748418531486,0.07813398520546506,1.4510838183607278,-1.0465136193253861,37.95931802164314,2.509,0.784,0.5197
0.0111,0.02417,0.083984,1.246094,1.190491,3.344177,62.326202,2.5489373560270616,0.7432976348088141,0.07819584421885852,1.490898912620917,-1.0396801758069834,38.644134089002634,2.513,0.786,0.5294
0.0129,0.020264,0.028564,1.384766,-0.579529,-1.538635,62.845001,2.5529521567833404,0.7464587767762035,0.07833132877760968,1.4715203258888747,-1.0886507193203983,39.45341868341562,2.517,0.789,0.5456
0.012,0.047363,0.070068,1.252197,0.671692,-3.888489,62.722931,2.556729647807222,0.7493839195919874,0.07850272507840225,1.49520467711126,-1.180238376962605,40.19831703675063,2.521,0.791,0.5554
0.0117,0.023926,0.021973,1.374512,1.892395,-0.958801,62.631378,2.560328708156187,0.7523861867820544,0.07865703588746377,1.5012653664543074,-1.2196870681650818,40.93072704608472,2.526,0.794,0.5715
0.0114,-0.012939,0.01416,1.311523,2.319641,2.55072,62.997589,2.563746831016936,0.7554120093737423,0.07869650764711508,1.5077045956050739,-1.198035384302845,41.650735581046355,2.529,0.796,0.5829
0.0126,0.015869,0.041016,1.38208,3.753967,-0.073792,62.35672,2.567516000742747,0.7587318967027644,0.07880224651437455,1.5477039097333338,-1.2240422057375606,42.434369875141385,2.533,0.798,0.5942
0.0122,0.045166,0.009033,1.341309,6.103821,1.726746,60.159454,2.5710876737456,0.7619036289761553,0.07906136936120617,1.5975955554866799,-1.24498672713105,43.17008852979283,2.537,0.802,0.6088
0.012,0.050537,0.019287,1.264893,3.84552,-3.583313,59.762726,2.5746225833006338,0.7651034545496607,0.07933058270471244,1.6253551203796879,-1.334262980382616,43.885743336516704,2.541,0.804,0.6201
0.0113,0.007812,-0.024658,1.17334,1.678772,0.353455,60.678253,2.577869340755272,0.768256503673874,0.0795279990869236,1.598289324247037,-1.3510090842272038,44.57768239553522,2.546,0.808,0.6363
0.0128,0.055176,0.11792,1.564941,5.768127,3.862976,59.549103,2.5816543032823778,0.7718472956951185,0.07964912249422193,1.696805397154565,-1.342914355874592,45.33160469746514,2.549,0.81,0.6476
0.012,0.04541,0.123047,1.290283,2.929993,-2.820374,61.990509,2.585085558779516,0.7751876978490622,0.07971613128843721,1.7716013800591908,-1.4188958446653401,46.06152564570454,2.552,0.813,0.659
0.0112,-0.049072,0.000244,1.146973,0.000305,3.893494,62.814484,2.5881457859886168,0.7785129657894296,0.07964777635180424,1.7392985011323572,-1.3597138620074285,46.77006085793445,2.557,0.816,0.6735
0.0122,0.008057,0.075684,1.294434,4.791565,0.567078,63.546906,2.5915181709257182,0.7821084783131479,0.07967036647160125,1.808113112752689,-1.3752508891970108,47.539504508218045,2.56,0.819,0.6849
0.012,-0.004395,0.056396,1.328857,4.120178,-5.597473,63.3638,2.5947219162560744,0.7856492521116956,0.07967913259605403,1.854734956368561,-1.456992343577754,48.29445157708592,2.565,0.823,0.7027
0.012,-0.025146,-0.020996,1.296875,0.94635,-0.47052,62.143097,2.59802096726641,0.7893885296161808,0.07976925815379644,1.8180779410159833,-1.4656697998653587,49.04590701008583,2.568,0.825,0.7124
0.0125,0.114258,0.01123,1.394775,4.303284,3.039001,62.631378,2.6014135945444727,0.7930768678563699,0.0802623106919979,1.8414238540786394,-1.508578185019401,49.83059893295819,2.571,0.828,0.7237
0.0112,-0.030029,0.008545,1.370605,5.218811,2.703308,62.021027,2.604241223841267,0.7965063216464817,0.08027592309798183,1.869390345721148,-1.4769614515852862,50.529287831800886,2.576,0.832,0.7432
0.0124,-0.030518,0.019531,1.30542,0.976868,4.595398,62.143097,2.6073811201682244,0.8004179453225414,0.08027874686328226,1.8566006082773379,-1.4208784257177565,51.30335960347236,2.579,0.835,0.7545
0.0116,0.055664,0.030273,1.134277,1.983948,1.452087,61.34964,2.610301940256374,0.8039217377018258,0.08057063429311993,1.8660964267309257,-1.4597630868895581,52.01346754150419,2.581,0.838,0.7642
0.0128,0.044922,0.140381,1.329102,2.807922,-5.078674,62.661896,2.6133906760357024,0.8079237595415807,0.08058993233301023,1.9442802749236063,-1.567749698523714,52.80006317602556,2.585,0.842,0.7804
0.0112,-0.004639,0.040283,1.185791,0.152893,2.001404,64.37088,2.616176415163825,0.8116407743812474,0.08062909273960588,1.9351669418971043,-1.5597418281080395,53.52003082247244,2.589,0.845,0.7917
0.0119,-0.026611,0.031006,1.499756,-1.556091,1.66571,65.13382,2.619060802486295,0.8156064860688442,0.08063783368495378,1.8939513340991643,-1.5435262176263989,54.29638638025387,2.593,0.849,0.8095
0.0126,0.022705,0.048828,1.230957,2.777405,-2.36261,62.539825,2.622055633367268,0.819790204795045,0.08076794719178544,1.9207317053265436,-1.6058298671080693,55.0805702200149,2.596,0.852,0.8193
0.0122,-0.010498,0.009277,1.38208,3.326721,4.229187,65.347443,2.624869458071331,0.823825435524571,0.0808692642281664,1.9266188582649622,-1.5672813485973576,55.882040570770606,2.599,0.855,0.8338
0.0113,0.004395,-0.057373,1.319092,3.174133,2.642273,66.171417,2.6273445035912757,0.8273191741908044,0.08114131755105056,1.891332860364609,-1.5586581513237112,56.64006525472847,2.602,0.859,0.8484
0.0128,-0.036621,-0.005371,1.359375,4.73053,-0.653625,63.302765,2.6301264993978997,0.8315849595434806,0.081189348106155,1.9090868107748609,-1.5655346575535287,57.45480841720485,2.605,0.862,0.8614
0.0113,0.055176,0.018555,1.451172,1.465149,2.031921,62.783966,2.632647258165354,0.8354036069485736,0.08146058224946226,1.898649576122565,-1.58698306973757,58.16520507911671,2.609,0.867,0.8792
0.0126,0.038086,0.039307,1.318115,1.800842,-1.325012,63.119659,2.63530630293584,0.839648207191997,0.08165620396268669,1.9047820879154802,-1.6436621846323005,58.95810172723188,2.611,0.87,0.8905
0.0121,0.033203,0.056641,1.124023,2.197571,-4.437805,65.896759,2.637767151842626,0.8437739503685168,0.08179490888699195,1.9298130524967079,-1.7381151856463122,59.74887399718369,2.614,0.873,0.9035
0.0115,0.066406,0.126221,1.206299,2.380676,1.513123,68.002472,2.6400367337152137,0.8478246773471515,0.08188352713339873,1.995474517158027,-1.7786369358004384,60.51851248659522,2.617,0.878,0.9229
0.0122,0.00293,0.0625,1.348389,1.70929,3.31366,67.39212,2.6424169717367163,0.8521329463890357,0.08192267693994726,2.00820169604423,-1.7581391746743458,61.338962189737636,2.62,0.881,0.9342
0.0124,0.024902,0.124023,1.474121,1.007385,1.574158,69.619904,2.644806118954672,0.8567176188224093,0.08191433521784572,2.0398657106657208,-1.7699393709797826,62.194247978084775,2.624,0.886,0.9585
0.0117,-0.006592,0.02832,1.181396,0.885315,2.062439,75.692902,2.6470502053481915,0.8609960756502064,0.08198974972162824,2.0230906120163783,-1.7640504381430258,63.080743480439075,2.626,0.89,0.9715
0.012,0.004883,-0.083008,1.35498,1.922913,-1.050354,73.526154,2.6493295344276704,0.865127659374739,0.08235424992311177,1.9535558514301492,-1.8015770126832904,63.974351318302006,2.628,0.893,0.9828
0.0119,0.070557,0.036133,1.282959,1.251526,0.994324,72.427521,2.651512378732773,0.8695312769322876,0.08266682294514707,1.9453169665347163,-1.8508033300354991,64.83456073612562,2.631,0.898,1.0022
0.0123,0.016357,-0.015381,1.545166,-0.487976,1.726746,75.113068,2.6537197376212944,0.8741076864647432,0.08291289769934,1.8841506244824247,-1.8572794828160402,65.76389026771558,2.634,0.901,1.0152
0.0113,-0.023438,0.030029,1.233643,3.662415,-2.148987,76.638947,2.655590242792794,0.8783477037787485,0.08291933942299162,1.898857026585941,-1.884918992225308,66.63002787246481,2.637,0.907,1.0362
0.0129,-0.004883,0.009277,1.250488,2.96051,-0.958801,81.582794,2.657742796967132,0.883293229101183,0.08306892533457187,1.8907112185224912,-1.9184149702267441,67.68468163366235,2.639,0.911,1.0492
0.011,0.055664,0.045898,1.229736,-0.274353,-2.148987,80.636749,2.6594505551002374,0.8874731322171019,0.08329290883422104,1.8696990343765136,-1.993980657381493,68.5675991310825,2.641,0.914,1.0637
0.0122,0.028564,0.040771,1.214111,0.580139,-5.780579,85.519562,2.6613116128447274,0.892269656819617,0.08346029319948171,1.8490758497459114,-2.103500638490001,69.6067906300263,2.644,0.92,1.0848
0.0128,0.012207,-0.002197,1.481934,1.495667,2.520203,84.878693,2.6632200448615406,0.8972881948618842,0.08369340046925497,1.810459601906584,-2.098555859871396,70.69793269735177,2.646,0.924,1.1026
0.012,0.024414,0.077881,1.355713,-1.922302,1.818298,85.336456,2.6648240143320683,0.902075142133602,0.08375433878432896,1.778118251697266,-2.1081490278001294,71.71804722643543,2.648,0.928,1.1172
0.0111,-0.151611,-0.061768,1.130859,-0.976257,-1.325012,87.106476,2.6662846838027714,0.9062102478983246,0.08358215107097539,1.675350538318016,-2.0406951862634553,72.70021955186265,2.651,0.933,1.1382
0.0121,0.079346,0.09668,1.256104,2.472229,-2.087952,87.381134,2.667711967262095,0.9111645094989574,0.08374576258270908,1.7111459701206755,-2.1309443980854854,73.74867807380848,2.652,0.936,1.1528
0.0124,0.056152,0.014648,1.335205,-0.762634,-4.895569,89.517365,2.6691060788872307,0.9158702643222323,0.08404496119226043,1.6533612069617758,-2.241795161397643,74.85699602021624,2.655,0.942,1.1771
0.0122,-0.009521,-0.027588,1.276611,-2.746277,0.53656,90.127716,2.670427647748506,0.9204670213355528,0.08427063857975703,1.5463301532954106,-2.2465158018805207,75.96280093190659,2.656,0.946,1.1933
0.0115,0.004639,0.104736,1.464111,0.488586,-0.775696,90.58548,2.6714826899912314,0.9251500702838469,0.08419799230641097,1.5521240121732938,-2.2689663837441456,77.00007546830321,2.658,0.95,1.2078
0.0121,0.050537,0.098145,1.191406,1.221008,-4.2547,93.057404,2.672459085626235,0.9299955788517106,0.08424103419142764,1.5714641713604967,-2.366911625536446,78.11744894921759,2.66,0.955,1.2305
0.0121,0.06543,0.053711,1.284912,1.526184,2.489685,94.522247,2.6734364359996023,0.934932996421851,0.08446938037626908,1.5613135412552337,-2.390390793214254,79.2587831731949,2.661,0.959,1.2467
0.0117,0.099365,0.073486,1.455322,6.439514,5.114197,91.8367,2.6742190742841134,0.9394957977921582,0.08471016213851648,1.6164513529887676,-2.3946092591570336,80.33030215798925,2.663,0.965,1.2726
0.0122,0.026855,0.057617,1.388184,10.223694,1.604675,92.508087,2.6749948706168096,0.9443024941654606,0.08482234215440014,1.7105577582484919,-2.4051908903212946,81.45750267991608,2.664,0.968,1.2872
0.0116,0.030029,-0.024902,1.235107,10.315247,1.330017,94.766388,2.6757241043249427,0.948570937892589,0.08517009255062567,1.7527093673648437,-2.426544131973405,82.56231786686348,2.665,0.972,1.305
0.0129,0.038086,0.013428,1.328369,8.972473,0.078796,92.935333,2.6763992176342817,0.9535718519499512,0.08544836662401785,1.8087665723430593,-2.467868618116427,83.76274261228842,2.666,0.978,1.326
0.012,0.08667,0.022705,1.443848,5.340881,-1.111389,90.402374,2.676913618734403,0.9583270104533601,0.08579971680495603,1.8212054943633262,-2.5429900310526077,84.84682392242412,2.667,0.981,1.3422
0.0116,0.041748,0.07666,1.259766,3.876038,-1.691223,89.059601,2.6772486121994383,0.9630319048677036,0.08588667195986642,1.850301421448496,-2.601897078507441,85.8744728849284,2.669,0.987,1.3681
0.0122,0.070801,0.10083,1.273682,5.218811,-0.897766,91.409454,2.677474009509897,0.9681515675138596,0.08599689909683465,1.906687653800104,-2.671280606132062,86.98155591813206,2.669,0.991,1.3827
0.0122,0.001221,0.091309,1.158447,2.350159,0.139832,93.72879,2.677652999826887,0.9732972968680883,0.08593728130025653,1.9254311913273974,-2.6889012241072727,88.11903119305956,2.67,0.995,1.3957
0.0116,0.010742,0.128906,1.482178,0.244446,5.541443,92.874298,2.6777085684029602,0.9783115753132741,0.08585626687006714,1.9271240428416083,-2.644855087539092,89.19152778940854,2.671,1.001,1.4135
0.0123,0.032959,0.209473,1.46582,0.82428,0.506042,88.083038,2.677557326855784,0.9838893137943298,0.08562574968994861,1.9778247083854987,-2.6695116225755737,90.26154450171451,2.672,1.005,1.4264
0.0115,0.143311,0.089844,1.074707,2.044983,4.56488,86.526642,2.677270491433254,0.9890591961729415,0.08595317817468273,2.0010974814288045,-2.7321940554898343,91.25238063899614,2.672,1.011,1.4507
0.012,-0.036133,0.0354,1.378418,3.113098,-1.691223,82.315216,2.6772549771408545,0.9933986616751159,0.08599429421846864,1.9923872045983362,-2.7464334267771724,92.23899939978648,2.673,1.014,1.4637
0.0118,0.08374,0.072754,1.17041,4.791565,-7.794739,81.491241,2.676918016702433,0.9984324380103075,0.08620898646197973,2.0315450981794725,-2.9048350288792952,93.19339918615786,2.673,1.018,1.4782
0.0121,0.03125,-0.030518,1.357422,3.72345,4.32074,80.453644,2.676757731319238,1.0028434815305936,0.08660866066185348,1.9915030896393695,-2.883999907230772,94.17568476980674,2.674,1.024,1.496
0.0122,0.042725,0.087891,1.700684,4.028625,1.330017,77.401886,2.676364508676536,1.007746390281821,0.08672858179659616,2.013840825150668,-2.8957509780221873,95.11740794854448,2.674,1.028,1.509
0.0123,0.012207,0.090332,1.162354,3.570862,4.168152,77.554474,2.6758632989093294,1.0126417017753064,0.08671003219835526,2.0511406182136644,-2.8648480905150753,96.06626787778282,2.674,1.034,1.5317
0.0123,0.01709,0.126953,1.368652,1.129456,2.794861,75.601349,2.6752386256738956,1.0177413608542514,0.08664222121322655,2.0708614372873306,-2.8502586776390384,96.98868246547599,2.674,1.038,1.543
0.0132,0.05542,0.100586,1.159912,-0.701599,-3.827454,76.425323,2.6744492838274647,1.0231742272913211,0.0867095524471929,2.059098404652249,-2.9507711426093657,97.98869799408034,2.675,1.041,1.556
0.0105,0.052246,0.121094,1.255371,-0.365906,1.909851,76.577911,2.6736999684180627,1.0276829907161966,0.08667984929377856,2.0690670894665333,-2.9675714665933164,98.78490997545202,2.675,1.047,1.5738
0.0121,0.10083,0.171143,1.347168,3.448792,2.153992,73.770294,2.672639381895283,1.0332497064114397,0.08666951573475866,2.141589596108289,-3.005116921861825,99.667473253681,2.675,1.051,1.5867
0.0123,0.001221,0.062256,1.359375,0.702209,-1.263977,71.05423,2.671884419029948,1.0378334922984278,0.0867540374234537,2.119824457553504,-3.0300887596572283,100.53674926132751,2.674,1.057,1.6045
0.0113,0.050293,0.084229,1.166748,1.434631,0.109314,65.927277,2.6709291539488236,1.0425548300268965,0.08684655681297421,2.132763023785808,-3.065834182446762,101.27658800183046,2.674,1.061,1.6142
0.0118,0.051514,0.11084,1.433838,0.915833,3.283142,63.455353,2.6698904932211036,1.047449583227587,0.08691129256065652,2.143031163529923,-3.0571202119880247,102.0203666101287,2.674,1.065,1.6256
0.0122,-0.025879,0.08374,1.420898,1.343079,-1.325012,61.593781,2.6689755002613054,1.0519577511943385,0.08690012174201171,2.144570568267069,-3.0628178951927487,102.76337263749333,2.674,1.07,1.6418
0.0121,0.05835,0.137939,1.28833,-1.250916,1.024841,56.283722,2.667651131855053,1.0573477489469136,0.08689428875512253,2.155168010260584,-3.084915759741549,103.43561138936447,2.673,1.074,1.6515
0.0125,0.056396,0.158691,1.332764,-1.342468,0.170349,54.208527,2.666224176117831,1.0628922876347486,0.08684440012008572,2.1728003765427446,-3.1141622363580033,104.10210020695165,2.673,1.081,1.6677
0.0116,0.088379,0.17041,1.22583,-0.640564,-1.386047,54.269562,2.6646685878245564,1.0684510688059452,0.08678969985661675,2.2162454434295884,-3.181801028831768,104.72006841863217,2.672,1.085,1.6758
0.0117,-0.046387,0.062012,1.393555,-1.495056,0.109314,51.76712,2.6637020479845064,1.0724787283899415,0.08679902589746333,2.179071565114627,-3.1533656727990675,105.31588179390558,2.672,1.089,1.6855
0.0121,0.068848,0.05127,1.275146,1.83136,-0.501038,52.041779,2.6622724468801224,1.077533767138114,0.08707811918454868,2.177349919885421,-3.1996765365844304,105.94651587284326,2.671,1.095,1.7001
0.0123,0.00293,-0.013428,1.390137,5.61554,1.604675,50.546417,2.6611386531167818,1.0817559594800956,0.08740503751603243,2.183747597366834,-3.1812945846597502,106.5710077392296,2.671,1.099,1.7098
0.0117,0.022217,-0.036133,1.345459,4.120178,-0.287415,49.569855,2.659992770650551,1.0858142435706601,0.08782316765050233,2.1588172558460363,-3.1958855289611234,107.15685090685169,2.67,1.103,1.7179
0.0124,0.017578,-0.053955,1.397461,5.340881,-1.904846,49.661407,2.6588126349530703,1.089874313318441,0.08828035144881595,2.14065127174336,-3.228545412344291,107.77904643970304,2.669,1.109,1.7308
0.0118,-0.044922,0.00293,1.269287,6.256409,-4.285217,48.959503,2.6577213965477973,1.093564047704221,0.08844252307759658,2.163505196378001,-3.2496941226096085,108.35269320311697,2.669,1.113,1.7405
0.0125,-0.022461,0.057129,1.28125,3.906555,4.107117,50.485382,2.6562503487960294,1.0981031772383316,0.08852510977172594,2.1908253341958983,-3.184306033024711,108.97997207481598,2.667,1.119,1.7567
0.0113,-0.04541,0.033936,1.395508,1.251526,-0.501038,50.943146,2.655007206957822,1.1018914383765548,0.08860774495723726,2.171385465303876,-3.162464647951348,109.55072136234142,2.667,1.123,1.7681
0.0127,-0.025391,0.129395,1.275635,-0.762634,1.604675,52.346954,2.653234675864279,1.1068613467427544,0.08847205320060157,2.1828071438631893,-3.1268683109683693,110.20491628719866,2.666,1.127,1.7778
0.011,-0.033203,0.100342,1.418945,-1.586609,3.039001,54.300079,2.651757608739504,1.1109124399474501,0.08839939928078627,2.1670039904228156,-3.0733751724916956,110.7946178078676,2.665,1.132,1.7907
0.0123,0.041016,0.019531,1.199707,-0.671082,-0.012756,56.802521,2.650096487777635,1.1152913951038985,0.08869637286165866,2.114453621549125,-3.1031162803692878,111.49497493036614,2.664,1.136,1.8021
0.0126,-0.068848,-0.057373,1.304932,1.495667,-3.308655,58.389435,2.6489119156530214,1.1185011423585514,0.088981047698407,2.0404357938010973,-3.109542636049584,112.22789853406549,2.662,1.143,1.8166
0.0118,0.059326,0.0,1.338379,3.174133,-3.674866,58.236847,2.6471729072713934,1.1227646709525891,0.08935848624478858,2.0216902485892922,-3.1869726018837947,112.91698765084404,2.661,1.146,1.828
0.0121,0.074219,-0.029785,1.3479,2.685852,2.031921,57.687531,2.645391980924364,1.1269880778679158,0.08985380562282036,1.9801080018620894,-3.204972722664816,113.62191753296891,2.66,1.15,1.8393
0.0114,0.037842,-0.010498,1.376221,3.235168,4.473328,56.924591,2.6437723445326946,1.130706952610538,0.09019872876416239,1.956862634758105,-3.1733226370831815,114.27552322866497,2.659,1.155,1.8539
0.0123,0.02124,0.122314,1.37915,7.019348,3.740906,56.649933,2.6415987181770357,1.135517421576423,0.0901888143857096,2.0539139822177854,-3.137473076315114,114.96807182824212,2.658,1.159,1.8636
0.0117,0.101562,0.09668,1.240723,3.570862,1.330017,59.427032,2.6392337209642314,1.140588247038613,0.09038707704376497,2.0981006643912643,-3.183623593653995,115.66373081158147,2.656,1.165,1.8798
0.0121,0.002686,0.068115,1.213867,1.312561,-2.48468,59.671173,2.6371231773084087,1.1449826644953955,0.09046464095053611,2.097788271024562,-3.2169264947727854,116.38003338015889,2.654,1.169,1.8895
0.0121,0.064453,0.060547,1.25708,1.495667,-4.956604,61.837921,2.6347545169150237,1.1497720069551445,0.09070577212079521,2.091429298657365,-3.3170803610107047,117.1261337581126,2.653,1.173,1.9008
0.0136,0.020996,0.077881,1.375732,2.502747,1.024841,61.34964,2.6321783998658344,1.1548061512361614,0.09086294984940585,2.1012845700011438,-3.318200253359186,117.95722053916602,2.651,1.178,1.9154
0.0104,0.064453,0.011719,1.296387,1.922913,-2.454163,61.441193,2.6301987527521313,1.1585369100442486,0.09120361292965544,2.072024154934132,-3.378853011810874,118.59871890064794,2.65,1.182,1.9251
0.0123,-0.013184,0.042236,1.327881,3.784485,1.085876,62.570343,2.628009850194337,1.1625140822774942,0.09135132226720184,2.07848570312469,-3.359334195815548,119.36522239592412,2.647,1.189,1.9445
0.0125,-0.011719,0.025146,1.360596,7.019348,4.900574,60.159454,2.6257486982317584,1.1664750715948269,0.09156044014792619,2.1168577550030703,-3.2933998862426375,120.11725703757617,2.646,1.192,1.9559
0.0111,0.038574,0.000977,1.261475,4.425354,-1.904846,59.610138,2.6236316531508654,1.1700875755327782,0.09189631118910489,2.1089738553327675,-3.337225142140112,120.78061878816503,2.645,1.196,1.9672
0.0122,0.053467,-0.053223,1.29126,3.021545,-0.836731,58.664093,2.6214086631618505,1.1737319134932749,0.09243293235387502,2.0533011375232584,-3.38046703232846,121.50290187496957,2.642,1.201,1.9818
0.0122,0.046387,0.061768,1.363281,3.815002,-0.043274,58.57254,2.618704679811298,1.1781747327087329,0.09265159943937303,2.073339431155366,-3.4050013567556814,122.21632381278711,2.641,1.205,1.9947
0.0114,-0.018311,0.101074,1.25,1.922913,-4.529358,61.013947,2.6161900175636403,1.1821760814311633,0.09259980902282025,2.096689501399092,-3.4428380334166624,122.9025200456309,2.638,1.211,2.0125
0.0119,0.048096,0.061523,1.22168,0.976868,-1.782776,61.197052,2.613417052254989,1.1865208425372968,0.09280978652690544,2.084162288673794,-3.4928167884238834,123.62896602107321,2.636,1.214,2.0255
0.0129,0.02417,0.118896,1.394287,0.976868,1.024841,62.082062,2.6103315687876227,1.1912415242345287,0.09286536606608842,2.0940469200984473,-3.492261737157444,124.42465796113848,2.634,1.218,2.0352
0.0112,-0.025635,0.072998,1.343994,0.274963,1.604675,62.875519,2.6079248985924366,1.1946828969112766,0.09289219002346155,2.076877763008509,-3.457360605705778,125.12321580699478,2.632,1.223,2.053
0.0126,0.016113,-0.005859,1.252441,-0.365906,-0.409485,64.065704,2.6052994694956673,1.1982842285216773,0.09323634298967014,2.0014569288322734,-3.4748507823305053,125.93131399921012,2.63,1.227,2.0643
0.0117,0.078369,-0.029785,1.160645,3.753967,0.445007,64.065704,2.6026873495356893,1.201849168755343,0.0937682366836482,1.9624929470817039,-3.5213228815137083,126.68818634140143,2.627,1.232,2.0838
0.0121,0.048584,0.050781,1.365967,3.876038,0.994324,62.814484,2.5997255281189333,1.2058567980255288,0.09401427253487438,1.9731436442989376,-3.5336945874944354,127.44841316120771,2.625,1.236,2.0967
0.0123,0.024658,-0.034668,1.321289,1.007385,1.146912,61.624298,2.5970369254812793,1.2091751856805575,0.09444587012434041,1.9009960800275185,-3.5327421586997225,128.21043463067468,2.623,1.239,2.1081
0.0121,0.066895,0.05249,1.368652,1.648254,1.207947,61.593781,2.59394861756565,1.2131789959514148,0.09471300608037075,1.8872819676548414,-3.5508779008035734,128.95668901798,2.62,1.244,2.1243
0.0117,-0.001465,0.052246,1.256104,2.624817,0.261902,65.622101,2.591051708642514,1.2167016731783038,0.09484317135842348,1.8854151106653834,-3.544024567815769,129.7214854608784,2.618,1.248,2.1356
0.0125,0.081299,0.055908,1.272705,1.739807,3.496765,64.828644,2.5874944122556993,1.2211422223995558,0.09515538943398257,1.874081086791886,-3.5468257442816764,130.53458915436715,2.614,1.253,2.1534
0.0114,0.040771,0.060059,1.316895,0.152893,-4.437805,68.826447,2.5843983464728186,1.224814738000698,0.09534091338359497,1.8453691770215668,-3.6168421734720777,131.3161946040882,2.612,1.256,2.1647
0.0125,-0.045166,-0.0625,1.357666,0.976868,-4.102112,71.389923,2.5817553701389735,1.2273224370728415,0.09571553100775991,1.749159612305895,-3.6434964250466186,132.2085416112189,2.609,1.26,2.1793
0.0121,0.041504,0.016113,1.422607,0.793762,0.231384,71.267853,2.578392359031959,1.2309612685049913,0.09604758103585788,1.697103886356862,-3.6590850321301445,133.07229770938687,2.606,1.265,2.1955
0.0114,0.021484,-0.060547,1.438232,1.06842,1.970886,67.819366,2.575745841952195,1.2334761352870633,0.09648851019750594,1.6126767691867085,-3.642126169994311,133.85022962326036,2.604,1.268,2.2068
0.0116,0.00708,0.023193,1.345459,3.692932,2.092957,71.267853,2.572690223559084,1.236528740690878,0.09670708289142046,1.6019930694915117,-3.616110425697746,134.6774073239307,2.601,1.272,2.223
0.0121,0.020508,0.010254,1.473877,2.014465,-0.531555,71.115265,2.56950033650923,1.2396118275245787,0.09698690102821801,1.5631113358560904,-3.6273359901058995,135.5385970976576,2.597,1.276,2.2392
0.0122,0.015381,0.039062,1.139404,0.305481,-6.787659,72.091827,2.5660496245726745,1.2429701655194443,0.09717572402778504,1.5240712086043233,-3.7151440760074945,136.4152162379019,2.595,1.279,2.2522
0.0127,0.01416,-0.004639,1.287842,2.228088,-0.928284,70.199738,2.562600711867681,1.2460444767499743,0.09750937586001962,1.478574398063187,-3.7293895974552735,137.30788152743986,2.591,1.284,2.2716
0.0115,0.046143,0.098877,1.454102,1.770325,-1.904846,71.328888,2.5589539847178275,1.249588897047255,0.09761308929323709,1.4846115043169006,-3.7641553758589117,138.12585311069907,2.588,1.287,2.2829
0.0122,0.061768,0.084717,1.154541,-1.311951,-3.827454,73.495636,2.5549484420762263,1.2534990770858028,0.09776670049791547,1.4536214206869342,-3.8428257906804215,139.0204776433578,2.586,1.29,2.2959
0.0114,-0.052979,0.044678,1.259521,-0.121765,1.54364,71.573029,2.5519140289739632,1.2557984188647835,0.09780506613713189,1.4127170900005976,-3.7834696516308033,139.83245705967298,2.582,1.294,2.3121
0.0122,0.053223,0.144531,1.385986,3.052063,2.398132,69.223175,2.547785738435732,1.259687475070649,0.0978138706123896,1.4615199050351075,-3.7715062613755386,140.67509868232017,2.579,1.297,2.3234
0.0125,0.015381,0.057617,1.189209,1.95343,4.747986,71.05423,2.544000346290273,1.262809300330193,0.09796106164045283,1.4528363781744411,-3.714884705967,141.56291009934418,2.575,1.302,2.3428
0.0115,0.040283,0.040771,1.350342,5.768127,6.640076,70.352325,2.5404396183542985,1.2656557837771658,0.098186148388071,1.4774118573074189,-3.6521205921248625,142.37396975491444,2.572,1.305,2.3542
0.0122,0.05957,0.074951,1.37793,9.704895,2.703308,68.063507,2.536358802552196,1.2690272188050056,0.09837974683978916,1.5710053601082614,-3.6435388916768106,143.20529115244065,2.569,1.307,2.3655
0.0118,0.050293,0.030518,1.309326,5.096741,0.689148,66.873322,2.5324895697213416,1.2719509421869315,0.09866633779857803,1.5849226539203598,-3.6569227094043066,143.99564288359653,2.565,1.311,2.3833
0.0119,0.043701,-0.077637,1.38208,1.95343,1.635193,67.056427,2.5291143265426155,1.273936864739871,0.09920669294479376,1.5004395488678366,-3.6553052176556418,144.79853008744507,2.562,1.314,2.3946
0.0122,0.059082,0.047852,1.453125,3.937073,1.787781,65.866241,2.5250708015549783,1.2768859034915887,0.09946367847179637,1.5092204275272314,-3.6549793111794306,145.60329611874272,2.558,1.318,2.4141
0.0121,-0.007812,0.081543,1.251709,3.296204,-0.59259,68.460236,2.521014134692267,1.2796792227433302,0.099509646722446,1.5331119457000868,-3.649531682762271,146.42685364483467,2.554,1.321,2.4254
0.0116,-0.006348,0.102539,1.169678,1.037903,1.909851,71.05423,2.516808716413096,1.2826382432874122,0.09948089166600627,1.5469589970495372,-3.6160309159850224,147.2461062785271,2.551,1.324,2.4367
0.0119,0.03125,0.128662,1.355713,-0.243835,-5.689026,68.856964,2.512233235079729,1.2859550406072306,0.0994963162498983,1.55119397025279,-3.69156402084938,148.06021252126257,2.547,1.327,2.4513
0.0124,-0.356934,-0.014893,1.61377,2.136536,-3.735901,68.765411,2.5101764477959225,1.2851955190926407,0.09931539139146264,1.5015726879473381,-3.570876947102239,148.88730448502517,2.544,1.33,2.4642
0.0122,0.130371,0.030762,1.394287,2.594299,10.393738,67.453156,2.505624832068909,1.2883571133105887,0.0997274819882828,1.4865535003259702,-3.5078588150418692,149.72068289750695,2.539,1.334,2.4804
0.0114,-0.0271,-0.034912,1.28833,1.282043,5.846619,64.737091,2.50239147467086,1.2895503470051646,0.10002294449231439,1.4227574412213486,-3.4184610468991887,150.45606417166167,2.536,1.336,2.4885
0.0122,0.003174,0.064697,1.10376,4.211731,0.597595,59.365997,2.498012515050955,1.292160477481629,0.10010202361926035,1.4640016031016359,-3.4055664607610305,151.17840323782258,2.532,1.339,2.4982
0.0122,0.02417,0.093994,1.379639,6.256409,-4.163147,60.983429,2.493675703467057,1.294817037239242,0.10016626584640599,1.5348291165623185,-3.460231141387451,151.9200109274304,2.528,1.342,2.5144
0.0121,0.000488,-0.019287,1.188965,3.357239,-6.757141,58.847198,2.4899916150294614,1.2962450255383813,0.10048375672381499,1.5063276966053007,-3.534943076429592,152.6271670463662,2.525,1.344,2.5225
0.0122,0.122803,0.069824,1.209473,4.150696,4.992126,58.816681,2.4849184219871066,1.29967988295643,0.10079591935777528,1.5441175119496167,-3.5412413249681465,153.35426692136022,2.52,1.348,2.5387
0.0121,-0.055908,0.032227,1.536621,2.807922,-2.942444,62.417755,2.4812718627011012,1.3009487539545646,0.10090431767045802,1.533317051693351,-3.540168089804276,154.10136036436222,2.517,1.35,2.5501
0.0118,-0.091797,0.039062,1.124268,2.411194,5.114197,58.358917,2.4778144704961322,1.3019044459077938,0.10086977045579781,1.5330164910011277,-3.4109120194440528,154.77974439861876,2.513,1.352,2.5598
0.012,0.125244,0.139648,1.658447,-0.610046,7.860779,62.448273,2.472783453319072,1.3051428084630656,0.10101695084346597,1.5323205653197758,-3.3640419809970195,155.5380644250632,2.509,1.355,2.576
0.0122,0.064697,-0.161377,1.066162,-0.793152,-1.904846,64.309845,2.469985919977855,1.305196307157259,0.10186760870292857,1.3503940552582032,-3.431962798230753,156.32581681843652,2.506,1.357,2.5857
0.0122,-0.01416,0.00293,1.239014,0.915833,-0.287415,63.424835,2.4660377441821626,1.3064899362238505,0.10208794676723458,1.3058525526996494,-3.4186770693852297,157.09617911743075,2.5,1.36,2.6035
0.0114,0.146729,0.012451,1.291992,3.387756,3.5578,63.455353,2.461565782019976,1.3088954710254765,0.10253332253861289,1.2981805735305014,-3.4532262179625848,157.82903739855828,2.497,1.362,2.6148
0.0121,0.008789,0.006836,1.429443,-0.1828,-1.447083,62.173615,2.4575290030222474,1.3102376210472984,0.10277523935024462,1.243396590794325,-3.464333369119708,158.5793227587813,2.494,1.364,2.6261
0.0116,0.072021,0.01001,1.088623,-0.030212,0.597595,63.638458,2.4530754301020274,1.3122007659719095,0.10313230778239009,1.1962393727867524,-3.4974610857832964,159.32185673018853,2.488,1.367,2.644
0.0125,-0.025879,0.016113,1.436279,2.472229,0.872253,63.577423,2.448845306893907,1.3133676067249944,0.10331723385290302,1.1771653587614612,-3.461389087965127,160.11307840674257,2.485,1.369,2.6537
0.0118,0.074707,0.07666,1.297607,0.335999,1.452087,63.546906,2.4439583591882834,1.3156859599136457,0.10349534121788423,1.1719547213037138,-3.4748736622558387,160.86607582934406,2.48,1.372,2.6699
0.0123,0.056396,0.030518,1.233154,-1.678162,2.42865,65.500031,2.439209725525951,1.3175244926872265,0.10376901850395584,1.112894504780924,-3.4687176389150176,161.67448699479806,2.476,1.373,2.6812
0.0122,0.012939,0.041748,1.259766,0.580139,2.184509,64.706573,2.4346786764023993,1.3190072340231611,0.10393275253801434,1.0892460994493394,-3.437896397853674,162.46282182087575,2.473,1.375,2.6925
0.0117,-0.019043,0.053467,1.270996,-0.915222,-3.796936,67.300568,2.430423520596593,1.3201888542126243,0.10399655563898047,1.055129535243676,-3.4580779448285694,163.24502231573382,2.467,1.378,2.712
0.0121,-0.054443,0.061279,1.146729,1.312561,0.231384,66.964874,2.4259554394024962,1.3212095932209804,0.10397865660854369,1.0552022125781344,-3.407886687289162,164.04756152857888,2.463,1.38,2.7217
0.0121,0.070557,0.063965,1.283203,3.235168,5.266785,65.744171,2.4206528209936837,1.323240528985157,0.1041990349428417,1.0773811563518965,-3.3736793095448947,164.84797427977384,2.46,1.381,2.7346
0.0113,0.073975,-0.01123,1.386475,2.71637,2.337097,68.27713,2.4164834805038518,1.3243566430135605,0.10455504791886722,1.0479886822561613,-3.375720561482937,165.6234679928667,2.454,1.383,2.7508
0.0122,-0.037598,-0.027588,1.350342,6.134338,-1.386047,64.676056,2.4125350375470425,1.3245372882817854,0.1048028623750514,1.0515539427309966,-3.3601994150852477,166.40634547573183,2.451,1.385,2.7621
0.0125,0.085449,0.075439,1.422363,5.493469,-2.637268,64.798126,2.4071242029594675,1.3264396322479513,0.10501876479703434,1.1044182406722711,-3.42543862693502,167.21948649248438,2.445,1.387,2.78
0.0121,-0.027588,-0.04126,1.22998,4.181213,-1.080872,64.462433,2.403163157628539,1.3263925040441127,0.10532911804714926,1.0734022627874076,-3.411197069659192,167.99426069993757,2.441,1.389,2.7897
0.0121,0.050049,0.071289,1.260498,3.113098,2.855896,64.24881,2.398000996116425,1.3279759881228674,0.10548567142043117,1.1000012061353652,-3.394285891526346,168.77396686654316,2.437,1.39,2.8026
0.012,0.008545,0.051025,1.449951,4.608459,1.574158,62.783966,2.393319679132918,1.328862653402212,0.10563248766514459,1.128492901555602,-3.366873166761238,169.52524819889044,2.432,1.392,2.8188
0.012,0.070801,0.132812,1.457275,2.289124,0.65863,63.272247,2.3878066690627353,1.3307859924129,0.10569738890278209,1.1718052755865906,-3.3819040816343064,170.28696891163844,2.428,1.393,2.8301
0.0119,0.064941,0.026367,1.138916,1.312561,1.360535,62.967072,2.3827534811724225,1.3319994521701337,0.10599803635389687,1.1522101197470782,-3.3986409350784177,171.04079044038608,2.422,1.395,2.8463
0.0121,0.041748,0.088135,1.144531,4.638977,0.261902,64.24881,2.3772992726839357,1.3335442525105843,0.10609499184737466,1.2121046589539988,-3.412145541716166,171.81874530077766,2.418,1.396,2.8577
0.0113,-0.024414,-0.023193,1.375488,3.784485,-3.430725,68.948517,2.3734919052414827,1.333211159766464,0.10634401439033953,1.184858752138931,-3.4271702349818858,172.5912211850145,2.414,1.397,2.8706
0.0119,0.010254,-0.039307,1.399414,3.784485,0.017761,67.361603,2.3693415395911614,1.3330152367167252,0.10669567239021961,1.1502219883875624,-3.4225203471429952,173.39078477549802,2.409,1.399,2.8868
0.0127,0.056641,0.012207,1.510986,3.876038,3.679871,65.896759,2.3642399981665476,1.333569066745207,0.10702086317452844,1.1461314462380594,-3.393491408632673,174.23011114160758,2.405,1.4,2.8998
0.0121,-0.008789,0.030762,1.317139,4.181213,7.097839,65.988312,2.3597552665482757,1.333746884659162,0.10717908483228973,1.1583284943566798,-3.2927166354447515,175.0260805017267,2.398,1.401,2.916
0.0112,0.042725,0.02124,1.209473,3.082581,2.581238,65.438995,2.3552385303210617,1.3342331213825107,0.10742404870223089,1.1552063201655365,-3.280677783009244,175.76094525615125,2.395,1.402,2.9305
0.0121,0.08667,0.074219,1.223633,4.455872,-2.60675,65.530548,2.3496857098125887,1.335566023063095,0.10763185277794322,1.2007109816406591,-3.355390381623761,176.55844439488354,2.391,1.403,2.9419
0.0128,0.01416,0.044678,1.26123,0.732727,-2.332092,66.446075,2.34443933079035,1.335891319985989,0.10781735432467388,1.1778457395557467,-3.3847001206669973,177.40586365614723,2.385,1.404,2.9564
0.011,0.03418,0.045898,1.326416,-7.903748,-7.977844,66.26297,2.3397954809768593,1.3362383937836033,0.10798959213442842,1.0655886217970305,-3.4782359525596136,178.13221610532304,2.381,1.405,2.9678
0.0122,-0.293701,-0.269043,0.884033,4.089661,-5.200745,70.901642,2.340742630732401,1.3293301257418215,0.10841961879806063,0.849181171846028,-3.3238394715998605,178.96033369138812,2.375,1.406,2.9872
0.0123,-0.289551,0.114014,1.16748,8.850403,6.45697,68.887482,2.336831261121248,1.327891476895284,0.1078890400529896,0.9736507902935613,-3.0556336071338013,179.78718086474743,2.37,1.406,2.9985
0.0125,-0.434082,-0.109619,1.24585,-2.19696,10.546326,67.209015,2.335228400719903,1.3235440537192087,0.10769408305167613,0.8324451222377095,-2.6782078973034684,-179.41501824255386,2.367,1.407,3.0115
0.011,0.06543,-0.080078,1.133057,0.793762,1.085876,66.079865,2.3319027892905004,1.3225884717566192,0.10818677496745582,0.7478477149037871,-2.7036370313164055,-178.69361687851267,2.361,1.408,3.026
0.0122,0.032959,-0.006836,1.311279,6.836243,-2.545715,65.774689,2.3271982309654464,1.3222822475733873,0.10845169462125273,0.7834807622224514,-2.744963837716323,-177.8923000859657,2.357,1.408,3.039
0.0124,0.096436,0.000732,1.390869,2.655334,1.146912,65.957794,2.3219219709292664,1.3223230151167238,0.10880537369497885,0.772226746444182,-2.7741523942614137,-177.07037450164316,2.351,1.409,3.06
0.0115,-0.097412,0.028564,1.264404,1.037903,-4.468323,68.765411,2.3177889142817136,1.3214718802528937,0.10876331950514558,0.7574639279832132,-2.7574831343061676,-176.2867475748246,2.347,1.409,3.0698
0.0128,-0.014893,0.110596,1.328857,4.089661,-4.2547,71.206818,2.3118984362276747,1.3219553390895629,0.10870786905328482,0.8240091965853497,-2.794008257246418,-175.3697434144302,2.343,1.409,3.0843
0.0111,-0.004883,0.081299,1.499756,2.71637,6.182312,72.580109,2.3069374830722955,1.3220302836303786,0.1087312004675219,0.8507330629273346,-2.7131363304789513,-174.5600376723024,2.337,1.409,3.1021
0.0123,-0.008545,0.067383,1.327881,-2.013855,1.207947,70.29129,2.301550340615878,1.3219254373570015,0.10877579306767138,0.8185077996678226,-2.6857150814487656,-173.69282276786583,2.333,1.41,3.1119
0.0119,0.116943,0.103027,1.147949,2.289124,3.31366,66.720734,2.2951666888493696,1.323319739440157,0.10892299268504466,0.8718833599343063,-2.715004725124196,-172.87795232010953,2.327,1.41,3.1313
0.0125,0.00293,0.071533,1.381592,2.197571,-0.501038,66.903839,2.2899135475844474,1.3231208240260943,0.10897763484670386,0.8930105595281187,-2.714861630977239,-172.03975091953782,2.323,1.41,-3.1389
0.012,0.000977,-0.033691,1.239746,-2.441101,-2.179504,68.03299,2.285657876289616,1.3216832911079786,0.10926185024013567,0.797875608302491,-2.734987566323588,-171.23014260761255,2.318,1.41,-3.1276
0.0116,0.030762,0.046387,1.438965,-1.434021,2.367615,65.805206,2.2805282120972232,1.3212440969877262,0.10941090481874498,0.7644175909263426,-2.7134543532669233,-170.46370986127292,2.312,1.41,-3.1082
0.0123,0.052002,0.05127,1.328613,5.401917,2.245544,66.598663,2.275103945101857,1.3209989540300213,0.1095842976104692,0.8163507700642738,-2.7068213532149015,-169.6381831311463,2.308,1.409,-3.0952
0.0117,-0.01001,0.033691,1.323486,0.397034,2.855896,70.962677,2.270633180909871,1.3201109078091626,0.10967803646449768,0.7959256466141075,-2.6598078488774335,-168.8098654736417,2.304,1.409,-3.0823
0.0121,-0.017822,-0.042236,1.102783,-0.396423,1.848816,71.969757,2.2668084570352494,1.318183848196331,0.10994858089073731,0.716388855952637,-2.620379180458909,-167.94827490640296,2.298,1.409,-3.0661
0.0122,0.045654,0.087402,1.341797,1.983948,-6.726624,72.549591,2.2610950273587913,1.3180323548339774,0.11002336112215365,0.7449153116455485,-2.7187777827546404,-167.05627670444264,2.294,1.408,-3.0531
0.0124,0.007324,-0.020752,1.201416,0.732727,-1.813293,72.610626,2.2565989351552806,1.316377838507207,0.11029197641551138,0.6930764327451614,-2.738565287242924,-166.16039215818873,2.288,1.408,-3.0321
0.0119,0.048584,0.025635,1.407227,-2.135925,2.825378,72.915802,2.2517065500760376,1.315484615527112,0.11050066934495201,0.6364115958115482,-2.7209215508119997,-165.28893307737115,2.284,1.407,-3.0175
0.012,0.062012,0.020508,1.215332,1.678772,2.764343,71.267853,2.2467680871887246,1.3147188598669932,0.1107440606497484,0.6257155384554687,-2.7170107869813984,-164.42722068676224,2.28,1.407,-3.0046
0.0122,-0.006592,0.10791,1.456055,0.580139,4.381775,70.840607,2.2415301277868482,1.3139752017208988,0.11070960558416516,0.6452769319660953,-2.648707588911678,-163.56088922540604,2.274,1.406,-2.9868
0.0113,0.054443,0.039551,1.168701,-1.098328,-6.024719,70.29129,2.2366310510443266,1.3133066036615417,0.11087888902307602,0.6186194524403649,-2.7417958048773308,-162.76036854531682,2.27,1.405,-2.977
0.0119,0.046875,0.078857,1.112061,-0.091248,-3.613831,69.314728,2.231009404828858,1.3128681621715106,0.11095506563988287,0.6293446183718576,-2.8057868060506745,-161.9272439598129,2.264,1.404,-2.956
0.0121,0.023438,0.07959,1.479248,0.915833,2.123474,69.711456,2.2259242979606992,1.3117986883959538,0.11102739451576518,0.6367218324577797,-2.779430977280098,-161.08160804715305,2.26,1.404,-2.9447
0.0126,-0.000488,0.056641,1.404297,0.183411,-5.475403,69.253693,2.221075594594778,1.3102446629987545,0.11110715347459639,0.6234091338211233,-2.835676515963282,-160.21208191810229,2.256,1.403,-2.9317
0.0142,0.015869,0.110596,1.179688,-0.213318,2.794861,68.765411,2.2147580283826978,1.3091901644082284,0.11110758134665451,0.641395894282751,-2.7959951447875953,-159.23096827004503,2.25,1.401,-2.9171
0.0089,0.036377,0.082275,1.329834,2.044983,0.139832,70.443878,2.2106981893450146,1.3085720924489066,0.11112208803950703,0.6726348307829101,-2.801338576194798,-158.59984979812802,2.247,1.401,-2.9058
0.0129,0.048828,0.040283,1.241211,5.188293,1.482605,69.253693,2.2055038325059937,1.307204637425867,0.11132156340003307,0.7166102700319336,-2.802622871615273,-157.7009187298483,2.24,1.399,-2.8864
0.0121,0.045654,0.011963,1.474609,6.958313,3.496765,69.101105,2.2009726782784713,1.3054190352772954,0.11156297452163637,0.7608302220846536,-2.7735792947734517,-156.8625609844146,2.237,1.398,-2.875
0.0113,0.018066,0.010742,1.281006,10.711975,6.121277,68.673859,2.196884709603587,1.303491725007634,0.1117591607840555,0.845008236178561,-2.706716074277779,-156.08728941542898,2.232,1.397,-2.8637
0.012,0.026367,0.033936,1.38208,7.75177,-0.378967,67.880402,2.1923613892812837,1.3016498982912688,0.11192676960836336,0.9115053866418437,-2.717928966970914,-155.27306385166878,2.227,1.395,-2.8475
0.0124,0.055908,-0.031006,1.139648,5.188293,-3.064514,66.568146,2.188170913473555,1.2994801823611855,0.11230863974769564,0.9087855786784058,-2.7882159274754224,-154.44301825705344,2.223,1.394,-2.8362
0.0121,0.044189,0.018555,1.445801,5.646057,0.261902,65.500031,2.1836690171019764,1.2974381504490913,0.11254409471168787,0.9410075636972425,-2.7998465820937986,-153.64893179199996,2.217,1.392,-2.8184
0.0112,0.010498,0.083252,1.319336,6.042786,-0.104309,67.605743,2.1790561915596784,1.295830832247642,0.11257851463496521,1.012643498323317,-2.79841415509319,-152.89427497281469,2.213,1.391,-2.8054
0.012,-0.009033,0.128174,1.272705,2.441711,2.215027,69.680939,2.173892640515222,1.2943329064991578,0.11249320313004343,1.070550158587677,-2.7600667363038984,-152.06293012614032,2.21,1.389,-2.7941
0.0128,-0.012451,0.104492,1.353516,-1.495056,-0.226379,71.1763,2.1688660223749725,1.292284430628958,0.11247845675422921,1.0587318088924536,-2.7512118615310173,-151.1585411405319,2.204,1.388,-2.7747
0.012,0.003174,0.03418,1.291016,-1.556091,-0.409485,70.108185,2.164708304545753,1.289848264037702,0.11261350269173599,1.0121431924872077,-2.7529317941425138,-150.32208010982714,2.201,1.386,-2.7633
0.0118,0.062744,0.132812,1.351562,0.671692,3.618835,67.209015,2.1591475602558154,1.2888057662824728,0.11264082368877207,1.049777029060864,-2.7380758835921815,-149.52107976396317,2.195,1.384,-2.7439
0.0123,0.039551,0.049805,1.279053,0.06134,1.757263,69.009552,2.154520728090735,1.2867601161436084,0.11280344644945942,1.032255053291964,-2.735356947482596,-148.66943981290805,2.191,1.382,-2.731
0.0116,-0.064941,-0.018311,1.356445,2.167053,4.351257,67.14798,2.1518958942292317,1.2831736373980454,0.11292911741311396,1.0015858369268382,-2.643174566230397,-147.90840524666038,2.188,1.381,-2.718
0.0121,0.03833,0.018799,1.391357,4.120178,-0.47052,67.27005,2.147826261048684,1.280724563910765,0.1131428880025062,1.0161201758525658,-2.6646256065233764,-147.09326774861063,2.183,1.378,-2.7018
0.0121,-0.016846,-0.025391,1.3396,4.913635,-5.658508,64.859161,2.1446772313511495,1.277238822084647,0.11336626173582559,1.0154765230488614,-2.718002626014758,-146.318993373698,2.179,1.377,-2.6953
0.012,0.02002,-0.01001,1.235352,5.157776,-2.759338,63.058624,2.140874404663341,1.274106741348825,0.1136355794941862,1.0268363697253569,-2.7578042064039887,-145.56456477508775,2.173,1.374,-2.6824
0.0123,0.13623,0.11792,1.362061,3.509827,2.855896,63.272247,2.134859861203961,1.273134206425955,0.11382274742252933,1.0907854546685303,-2.790671937167902,-144.76721136340132,2.169,1.372,-2.671
0.011,-0.127197,0.083496,1.29541,1.526184,4.809021,64.035187,2.132084152022521,1.26960106038678,0.11362794769155202,1.1137839583258522,-2.656865884910684,-144.0930866457705,2.166,1.37,-2.6613
0.0121,0.032227,0.134033,1.336914,-1.861267,4.839539,61.563263,2.126909008364363,1.2677816165294933,0.1136104070913494,1.125284835773366,-2.6109005352845536,-143.34616627227788,2.161,1.368,-2.6451
0.0121,-0.012695,0.11377,1.25,-2.990417,-3.400208,65.744171,2.1223836904072186,1.2653586612158991,0.11353759009449607,1.1139845046960524,-2.6399117345675633,-142.56020738850748,2.158,1.366,-2.6338
0.0128,0.032959,0.006592,1.303711,1.251526,-3.430725,64.37088,2.1185043762115865,1.262249031310503,0.11378470256750947,1.0868356411457827,-2.6996940695328013,-141.73639626801264,2.152,1.362,-2.616
0.012,0.073486,0.088867,1.305176,-0.732117,3.374695,62.814484,2.1135398771733604,1.2603137412514935,0.11392310530596839,1.0868561761865938,-2.6960738546228735,-140.9727370421843,2.149,1.36,-2.6047
0.012,-0.060059,-0.06543,1.431641,-1.495056,-1.35553,67.453156,2.1114978069397097,1.2557500908467885,0.11415369402010458,0.9867632069221279,-2.6758348670283,-140.181711372412,2.145,1.358,-2.5901
0.0114,-0.038818,0.017578,1.233154,1.465149,2.886414,67.361603,2.108764978734967,1.2522403473859154,0.1142265078557736,0.9712260225031236,-2.6136719853745434,-139.42789517013193,2.14,1.355,-2.5723
0.0125,0.011475,0.02002,1.317383,1.739807,1.54364,66.781769,2.105190176145592,1.2489344345468358,0.11439945790882726,0.9592803265011703,-2.596507808350955,-138.5963458203348,2.137,1.353,-2.561
0.0115,0.050049,0.005859,1.145752,0.580139,-2.36261,66.446075,2.1015725717086178,1.2461761741294004,0.11465888409585898,0.928476340792344,-2.652075884950045,-137.82631560353474,2.134,1.351,-2.5496
0.0121,0.002441,0.027588,1.346924,2.685852,1.2995,68.643341,2.098187208110059,1.2427846039508288,0.11479868947908438,0.9312189332435165,-2.631945906496009,-137.00112767763514,2.129,1.348,-2.5318
0.0121,-0.025879,0.065186,1.299316,2.533264,2.794861,69.406281,2.0946378810633095,1.2393055522276095,0.11481645473678453,0.9549612181481056,-2.5777411860638693,-136.1724247328016,2.126,1.345,-2.5172
0.0124,-0.015625,0.043945,1.399658,1.95343,-1.111389,70.840607,2.0912102260574827,1.2356035645293033,0.11490385656104661,0.9562400056021191,-2.578327662688264,-135.30359534011433,2.121,1.342,-2.4946
0.0115,0.05542,-0.032959,1.258301,4.577942,-2.148987,70.993195,2.088267590786498,1.2323725118944784,0.11524400699097061,0.9444715477718727,-2.6325762431937156,-134.48092624737484,2.118,1.339,-2.4816
0.012,0.042236,0.007812,1.268066,3.876038,-2.759338,68.856964,2.0849461568490475,1.2291441366676668,0.11548411487669534,0.9503243209612404,-2.6858853171948467,-133.65210279392758,2.115,1.337,-2.4703
0.0125,0.054688,-0.032715,1.354248,3.906555,-0.775696,68.887482,2.081705171683168,1.2253293500222233,0.11584432060252557,0.9326326428832742,-2.721334486226999,-132.78564011736947,2.11,1.333,-2.4541
0.0111,0.034424,0.072021,1.391357,4.791565,2.794861,67.575226,2.0780857770349836,1.2224028727902896,0.11594289065137828,0.9827212776940812,-2.7010277883502223,-132.0361092204287,2.107,1.331,-2.4428
0.0129,0.01709,0.060303,1.22583,3.96759,2.855896,67.697296,2.0742502981219078,1.2188461460489524,0.1160562714235197,1.0232594452244987,-2.670797453310101,-131.1656019472962,2.102,1.327,-2.4233
0.012,0.008301,0.030518,1.19165,0.82428,-1.080872,67.514191,2.07111793945863,1.2151775034449397,0.11619864728626,1.007467043357897,-2.6846594903651257,-130.36012428837574,2.099,1.324,-2.4136
0.0111,0.054199,0.06665,1.207275,1.465149,0.902771,65.774689,2.067301939044912,1.2124307438204875,0.11633348326034014,1.0245695957376202,-2.702321759444479,-129.62573112780802,2.096,1.321,-2.4007
0.0125,0.071045,0.156006,1.457275,-0.365906,0.41449,65.805206,2.06249036468549,1.209678115059643,0.11636408294807189,1.055070650528672,-2.726775500924966,-128.8013332265344,2.092,1.317,-2.3845
0.0114,-0.045654,0.025635,1.243896,-0.976257,2.977966,67.209015,2.060289359793029,1.2053406630419394,0.11642158642512945,1.0155465618405817,-2.659675016169505,-128.05170628782568,2.089,1.315,-2.3731
0.0121,0.040039,0.057373,1.334229,2.807922,4.595398,65.072784,2.056735680141151,1.2018188162983032,0.11657572301701132,1.038371374804552,-2.621746271630929,-127.26277838807819,2.084,1.31,-2.3553
0.0122,0.052246,0.018311,1.209961,2.563782,-4.193665,65.652618,2.0535236403271178,1.1983168712269643,0.11682219572543497,1.036442336597097,-2.7016172319959346,-126.45701299404205,2.082,1.307,-2.344
0.0128,-0.006592,-0.035645,1.260498,3.815002,-4.468323,64.920197,2.0514800704697724,1.193472739593168,0.11709580171790984,1.0155033977461962,-2.7506905566774416,-125.63233423141888,2.079,1.304,-2.3327
0.0113,0.088867,0.023682,1.38916,3.906555,0.567078,62.631378,2.048194998971075,1.1902778250126105,0.11738151877925464,1.0307094302201159,-2.78487090910965,-124.91430646030348,2.075,1.3,-2.3165
0.012,0.004639,0.021729,1.409912,4.608459,1.268982,64.462433,2.0456957139036653,1.1860196614070124,0.11755227568407597,1.05173870209762,-2.7653217830616312,-124.14645249974738,2.072,1.297,-2.3068
0.0126,-0.09668,0.074951,1.558838,6.012268,6.701111,65.774689,2.043466283238999,1.18090314688802,0.11751140328119959,1.1154876778292915,-2.6282249334694874,-123.34166265027415,2.068,1.292,-2.2857
0.014,0.063965,-0.000732,1.180908,3.96759,1.879333,65.957794,2.0401773093420403,1.1765364615564355,0.11786663232678542,1.1195163174454474,-2.643845520486151,-122.40782828809213,2.065,1.289,-2.2744
0.0091,-0.013916,0.018311,1.121582,2.624817,-2.179504,65.866241,2.038705951316754,1.1731887074997465,0.11793513160404191,1.1195656802238014,-2.6482231528198064,-121.81806989948105,2.063,1.286,-2.2631
0.0123,0.007568,0.024902,1.364258,1.617737,-5.841614,65.500031,2.0362901086809013,1.1687757049192895,0.11810009304646235,1.106747062993497,-2.7197558495934593,-121.01898084838263,2.059,1.282,-2.2469
0.0125,0.034668,0.075684,1.332031,1.495667,1.177429,64.981232,2.033023375559783,1.1648171071107782,0.11822263842207252,1.121915789151601,-2.7200412146127046,-120.20904134507917,2.056,1.278,-2.2339
0.0122,0.034424,0.060059,1.394043,3.509827,-0.317932,64.12674,2.0301915116425953,1.1609203280195732,0.118364712150485,1.1514248560956968,-2.737338918975836,-119.42902674278683,2.053,1.274,-2.2193
0.0115,-0.00415,0.039307,1.250488,6.347961,4.198669,61.868439,2.0281068917044593,1.1568458075291939,0.11846538986953133,1.2051302795168861,-2.6818390690397322,-118.72495318597869,2.051,1.271,-2.2112
0.0116,0.115234,0.045166,1.421631,3.296204,5.297302,59.030304,2.0249365757088467,1.1537440082447443,0.11875150884839496,1.2259222984615328,-2.676561127138656,-118.02517225210079,2.048,1.268,-2.1999
0.0123,-0.050049,-0.070557,1.290771,4.150696,-2.454163,60.952911,2.0245790851757386,1.1480908429606673,0.11900794885161455,1.189074240994418,-2.6751051041178484,-117.28588161264247,2.045,1.262,-2.1805
0.0125,-0.04126,-0.018311,1.326416,3.235168,0.475525,64.309845,2.023377578194235,1.1426010930615238,0.11918983359810091,1.171193190065958,-2.6432725729450444,-116.4929448038731,2.042,1.259,-2.1691
0.0115,0.091797,0.095703,1.30127,0.580139,-0.836731,65.591583,2.019765420515499,1.1394422166260654,0.11935149337124312,1.1901415275895237,-2.701576254000582,-115.73227314993642,2.039,1.254,-2.153
0.0117,-0.030273,0.05249,1.383789,1.587219,-0.897766,67.819366,2.018089583426128,1.1349885249987512,0.11939023093644358,1.1905010636383113,-2.6914020169835555,-114.95265527380883,2.037,1.251,-2.14
0.0121,-0.030029,0.062012,1.328857,3.357239,-2.423645,69.711456,2.0161577829618893,1.1301598985928554,0.11942642699791021,1.217173303475296,-2.7008151637877824,-114.1241645389712,2.035,1.248,-2.1271
0.0123,0.069824,0.092041,1.328857,2.228088,2.611755,68.643341,2.0128755670805116,1.1263651971347115,0.11958083123753316,1.2481475261524986,-2.706202520821424,-113.2764802824065,2.031,1.242,-2.1092
0.0118,0.034668,0.06543,1.327881,0.610657,0.689148,68.3992,2.010471965570311,1.122358553482754,0.11971004203664773,1.245020854711988,-2.715136386564414,-112.47182835118775,2.029,1.239,-2.0979
0.0126,0.026123,0.029785,1.286865,2.441711,1.238464,67.39212,2.0084762059998513,1.117741268912347,0.1199104472832045,1.2431682041662342,-2.7138349664359676,-111.62394092687916,2.027,1.235,-2.0866
0.0121,0.052246,0.010986,1.39502,2.411194,-0.745178,63.150177,2.006622130619361,1.113323279664945,0.12017922297820585,1.2316923089808542,-2.74765820554833,-110.85599062602186,2.025,1.23,-2.072
0.0115,0.081787,0.042969,1.38501,1.526184,-3.552795,63.638458,2.0042657081165607,1.1095689959976065,0.12042570478704252,1.2276558802038637,-2.827731290880316,-110.11831860567061,2.023,1.227,-2.0607
0.0125,0.05835,0.048584,1.311768,1.922913,1.2995,62.783966,2.0019573710054113,1.1053240623918739,0.1206476276568924,1.231526184816099,-2.8409287065193802,-109.33087391209497,2.02,1.221,-2.0477
0.0115,0.028809,0.123779,1.343018,2.868958,2.153992,63.546906,1.999354124024071,1.101474388619198,0.12066110294747996,1.2887114492083762,-2.8260756789774844,-108.60998027858373,2.018,1.218,-2.0364
0.0121,-0.032715,0.043945,1.361328,0.610657,4.351257,64.676056,1.9982664453181993,1.0963894073178544,0.12073434605012126,1.2718618655927227,-2.7517087657565393,-107.84124634745625,2.016,1.214,-2.0283
0.0125,0.045166,0.098145,1.212402,0.458069,0.353455,61.074982,1.9955525987820852,1.0922254848677786,0.12083072062880133,1.2929048984100378,-2.7719657030831346,-107.0819593695446,2.014,1.209,-2.0137
0.0112,0.025635,0.029053,1.338623,0.488586,-5.078674,62.600861,1.9942540448208648,1.087921572497881,0.12100586639760497,1.270193862355422,-2.8379079063857904,-106.38471976004345,2.012,1.205,-2.0056
0.012,0.074707,0.021729,1.226807,1.098938,-6.879211,62.35672,1.992332948830646,1.0838211233721287,0.1213069683935344,1.2493496524993835,-2.9617150167347726,-105.62940976339233,2.01,1.2,-1.9927
0.0122,0.080811,0.036133,1.29248,2.350159,1.818298,59.762726,1.9902653291544952,1.0795944079565978,0.12160425088698464,1.2517016180448959,-2.9806293782537,-104.89227390596504,2.008,1.196,-1.983
0.0121,-0.061768,0.031494,1.655029,0.610657,-0.440002,62.906036,1.989999834047001,1.073893304107917,0.12168728968685151,1.223176991326776,-2.949800734102793,-104.14903746438901,2.006,1.192,-1.97
0.0116,-0.055664,-0.013428,1.460938,0.519104,4.473328,61.807404,1.990142162909951,1.0681317438868816,0.12183782304364206,1.1751184870905755,-2.8620985162011157,-103.44458736750482,2.004,1.187,-1.9554
0.0121,0.040771,0.0354,1.14209,2.289124,-1.35553,63.943634,1.9885847647948256,1.0635874801701273,0.12205635363391755,1.1787757298529213,-2.9010343593279675,-102.67053196322838,2.003,1.183,-1.9425
0.0121,-0.061768,-0.037842,1.049561,0.397034,-7.245422,65.622101,1.9895497721687683,1.0574842310454426,0.12221811730755297,1.106155458204968,-2.9407046368121494,-101.89222899479948,2.0,1.177,-1.9279
0.0121,0.067139,0.073242,1.286377,1.190491,-2.057434,57.962189,1.9875045239132887,1.0530785400273905,0.12241755666323831,1.1195225900553734,-2.9958120405305175,-101.19065141506006,1.999,1.173,-1.9198
0.0126,0.05957,0.081543,1.610107,-0.213318,-1.630188,61.319122,1.985904227170152,1.0483700474787372,0.12259647867990589,1.1061176885260144,-3.034334299666694,-100.42129632681018,1.997,1.169,-1.9085
0.0119,-0.046143,0.104004,1.095947,-0.732117,-2.301575,58.175812,1.9850353345904819,1.0431206732753249,0.12247087357253877,1.1250865486277564,-3.0207262183634493,-99.75645129727054,1.996,1.164,-1.8939
0.0115,0.080078,0.131836,1.425781,0.854797,4.625916,56.924591,1.9827244671713955,1.0392282605395173,0.12257947392242152,1.162184307970578,-2.9986412015418082,-99.10322512093889,1.994,1.16,-1.8842
0.0122,-0.000732,0.019043,1.280518,2.777405,2.153992,59.762726,1.9823999256897082,1.0341204702538724,0.12275183525153514,1.1599818361571548,-2.9645952673072498,-98.38089194740759,1.992,1.154,-1.868
0.0122,-0.01709,0.045166,1.269775,5.279846,4.412292,56.405792,1.9819935494744636,1.028862398443475,0.12284731149168329,1.2066109409663526,-2.8930029433169815,-97.70464671263767,1.991,1.15,-1.8599
0.0118,0.067383,0.017822,1.318115,5.768127,2.886414,57.718048,1.9810062788054648,1.0244457932168023,0.12314299037404265,1.2405482013275524,-2.8910853956891254,-97.01610466995847,1.99,1.146,-1.8502
0.0116,-0.015137,-0.032471,1.336426,5.157776,3.222107,56.833038,1.981587074419207,1.019096348646872,0.12337944656359855,1.2377866552600658,-2.838912121417987,-96.36050423223519,1.989,1.141,-1.8356
0.0121,0.051758,0.012451,1.459961,3.937073,1.2995,58.511505,1.98102739640308,1.0143139621720423,0.12365073460739276,1.2462639364676404,-2.8439136146072084,-95.64907329078994,1.988,1.137,-1.8259
0.0125,-0.086426,-0.08252,1.16626,3.448792,-4.102112,61.532745,1.9833139735527388,1.0077475123457098,0.12385691366034916,1.1862843025848906,-2.8369894549431596,-94.89354106043541,1.986,1.131,-1.8049
0.0121,-0.016113,0.053955,1.300537,4.516907,-0.806213,64.218292,1.9830434993346469,1.0025937384064652,0.12392958185383261,1.2242841796074864,-2.8322461375154626,-94.12835029307546,1.985,1.127,-1.7951
0.0112,-0.009033,0.05542,1.405029,2.136536,2.001404,65.072784,1.9827987930828666,0.9977130243300526,0.12401070530244529,1.2323034439158185,-2.798957931962103,-93.4091808762524,1.984,1.123,-1.7822
0.0124,-0.01709,0.087891,1.307373,0.976868,-0.34845,65.927277,1.9822400802924727,0.9924151510600666,0.12403010411813284,1.2459659776182923,-2.7895746981435954,-92.60622631865262,1.983,1.117,-1.7676
0.0122,0.012695,0.070801,1.407471,1.129456,2.794861,65.469513,1.981708499597361,0.9875629166660668,0.12413075043851739,1.2493254934987474,-2.7583851985394303,-91.81430150274142,1.982,1.113,-1.7547
0.0122,0.017334,0.029785,1.167969,2.0755,-2.667786,64.157257,1.981514711381346,0.9826916312678095,0.12430539227816804,1.2463768996857891,-2.799625406128721,-91.03548447725407,1.981,1.107,-1.7352
0.0113,-0.008057,0.005127,1.30835,2.289124,2.031921,60.769806,1.9820460436864662,0.9776765390801859,0.12447227552956405,1.231400618888896,-2.7667856959463384,-90.35438558408556,1.981,1.103,-1.7239
0.012,-0.010254,0.047607,1.473877,3.662415,1.970886,58.786163,1.9822087382821367,0.9725197343053725,0.1245772359990333,1.25549976539513,-2.7319866115975584,-89.65780545986468,1.98,1.099,-1.711
0.0122,-0.031738,0.013672,1.232666,5.218811,4.412292,57.534943,1.9829592122004362,0.9670653041892668,0.12469307502870249,1.2837264608039156,-2.6555128312676852,-88.96560115095537,1.979,1.093,-1.6883
0.0122,-0.020508,0.055176,1.317383,5.890198,0.53656,59.610138,1.9831374698792412,0.9618900854576179,0.12475342532204921,1.3428090175523115,-2.6343175207899074,-88.24973452305862,1.979,1.089,-1.6721
0.0116,-0.056396,0.010254,1.123535,1.06842,-2.454163,67.361603,1.9843463154113787,0.9565830027688471,0.12479006040877673,1.3152029202490485,-2.6252614905412432,-87.4849453381129,1.978,1.085,-1.6591
0.0121,-0.05249,-0.057373,1.476807,1.495667,-5.414368,66.598663,1.9863022995582358,0.9507006073061023,0.12499038595479103,1.2546587068352424,-2.6625494167585146,-86.68936181631972,1.978,1.079,-1.643
0.0126,0.065918,0.027588,1.331299,1.190491,-1.386047,67.971954,1.9861408857500855,0.9459973006187203,0.12526404323320606,1.2354215736969167,-2.716584709524264,-85.82806061130677,1.978,1.075,-1.63
0.0112,-0.039795,-0.001709,1.39624,-0.549011,1.207947,72.06131,1.987449933799703,0.9409116524310005,0.1253732645667429,1.179949930849761,-2.6786853597293097,-85.0304409540706,1.977,1.069,-1.6122
0.0121,0.013672,0.083252,1.282471,-2.044373,9.020447,71.023712,1.9872265183673872,0.9362794107110773,0.12543416751947553,1.1564877661976711,-2.57631315569373,-84.17505367145048,1.977,1.065,-1.5992
0.012,0.0271,0.061279,1.406006,1.312561,3.924011,71.786652,1.9872902593373531,0.9316873729139589,0.12555722942052366,1.1578280092648152,-2.5424013888779515,-83.31555506047417,1.977,1.061,-1.5863
0.0123,0.020264,-0.036865,1.181641,2.685852,-2.179504,74.655304,1.9885768150569527,0.9266310084296615,0.12586397292265802,1.1167598590600492,-2.584036231943367,-82.3947420536032,1.977,1.055,-1.5669
0.0122,-0.058594,-0.049316,1.265625,0.213928,-4.712463,74.96048,1.9909364391009352,0.9206605888107631,0.1260427708784667,1.038948450201614,-2.605965507520855,-81.4909521360248,1.977,1.051,-1.5539
0.012,0.027344,-0.076416,1.510254,-2.319031,-0.653625,72.580109,1.99260976213836,0.9155663242671208,0.1263938100259289,0.9246191124021226,-2.6237985365498,-80.61632043685506,1.977,1.045,-1.5345
0.0122,-0.053955,-0.009033,1.319824,5.188293,-6.635071,74.105988,1.9945794625174862,0.9099367186689947,0.12649741942870252,0.9331158866891596,-2.669112008310151,-79.72356259408764,1.977,1.041,-1.5199
0.012,-0.097412,0.085205,1.439209,2.563782,10.668396,74.19754,1.995900442999887,0.9045225009529517,0.12637571233345835,0.9611209161057037,-2.485362869138636,-78.85030750545833,1.978,1.036,-1.5069
0.012,0.077148,0.081787,1.295166,-0.854187,5.785583,74.07547,1.9955876337846115,0.9005876539273189,0.12653099409841737,0.9543239576772615,-2.458572052534733,-77.95543641269428,1.978,1.031,-1.4891
0.0116,-0.07666,-0.064941,1.265625,0.793762,-1.813293,76.577911,1.9983953449367706,0.8951099209864573,0.12667767930941154,0.8786982629251278,-2.432097805087931,-77.0789468642796,1.978,1.027,-1.4762
0.0115,0.050781,0.07373,1.414795,3.113098,1.391052,72.641144,1.9987261368438458,0.8906639204978086,0.12680756904946022,0.9123705463138118,-2.4385591262662785,-76.24259614084048,1.979,1.021,-1.4519
0.0121,0.075928,-0.029053,1.224365,0.549622,0.322937,78.775177,1.999815939213294,0.8862448615636822,0.12718996508710836,0.8540548960542775,-2.4807091310047307,-75.27905302005753,1.98,1.017,-1.4373
0.0122,-0.077393,0.0354,1.252197,2.472229,-5.719543,80.392609,2.0018596741060404,0.8808623872573188,0.12714229429251267,0.8565727621586342,-2.5005405186830774,-74.31503648327681,1.98,1.013,-1.426
0.0124,0.055908,0.036621,1.358643,6.531067,2.855896,80.026398,2.002751365893177,0.8762060909012127,0.12736226926481647,0.9084435865673509,-2.493987511499532,-73.31918786511338,1.981,1.007,-1.4049
0.0123,0.065674,-0.02124,1.575928,3.113098,3.039001,78.622589,2.0042535579422576,0.8716281116773846,0.12767304541989172,0.8872741515033188,-2.4853849948218687,-72.34602977155585,1.982,1.003,-1.392
0.011,-0.019775,-0.003418,1.239746,1.373596,-2.667786,80.056915,2.006236949832447,0.8670054877102753,0.12780128613347586,0.8554698465086376,-2.499159574259812,-71.47105106537909,1.983,0.997,-1.3693
0.0122,-0.023193,-0.074219,1.247559,5.005188,-0.59259,83.322296,2.009284848329704,0.8616884663793779,0.12809164194383532,0.8198850094435833,-2.4913424434558964,-70.45589218224283,1.984,0.993,-1.3548
0.0123,0.056885,0.058838,1.322998,5.218811,-2.332092,84.298859,2.0101499747139493,0.8573969151119019,0.1282576002549659,0.8667537691869682,-2.5495594127600523,-69.41804084407646,1.985,0.989,-1.3418
0.0125,-0.086426,-0.056885,1.303223,0.091858,-0.409485,86.313019,2.013799677341266,0.8517380989632248,0.12839823429148123,0.7799706526158875,-2.5029937645108995,-68.34872506872644,1.986,0.984,-1.3191
0.011,0.075684,0.126221,1.557861,5.554504,3.893494,84.359894,2.0140930222450204,0.8481499186804998,0.12845999629560595,0.8566647290639082,-2.4906517522248026,-67.42036205018967,1.987,0.98,-1.3046
0.0123,0.039551,0.037842,1.157471,5.798645,4.44281,85.977325,2.0154089854602844,0.8439274343798443,0.1286371692204342,0.9013725539852316,-2.4621245503962257,-66.3607659198363,1.989,0.974,-1.2819
0.0126,-0.049561,-0.035156,1.285889,-0.762634,-1.416565,89.029083,2.018671296100067,0.8387313625093953,0.12879900172359543,0.8158762373318564,-2.4510824463062444,-65.24558893869488,1.99,0.97,-1.2641
0.0117,0.081055,0.052246,1.206055,3.692932,-4.49884,87.991486,2.0195197852777076,0.8350340215792514,0.12900920625066192,0.8422771815553474,-2.552121652425588,-64.21165991593678,1.991,0.966,-1.2495
0.0122,0.072754,0.098877,1.449951,7.87384,0.567078,86.404572,2.020450527319076,0.8310373048165983,0.12913481363992282,0.9367960890406793,-2.5797920646953507,-63.15754885567842,1.993,0.961,-1.2285
0.0122,0.063721,0.066895,1.241455,2.563782,-1.111389,84.207306,2.0216124158536357,0.8270736101497133,0.12930299120555938,0.9562550979680622,-2.630478760706429,-62.129239148889,1.994,0.957,-1.2155
0.0112,0.039551,0.110107,1.356689,2.563782,7.403015,79.019318,2.0225838660640902,0.8233698062355584,0.12933674445942214,0.9997151850528043,-2.5653971910157036,-61.248380231286475,1.997,0.951,-1.1961
0.0125,0.012695,0.188232,1.503174,7.477112,1.452087,77.584991,2.023418196218907,0.819250734060236,0.12923008767883498,1.1364720204998267,-2.5508310326295986,-60.292446732365455,1.998,0.947,-1.1831
0.0114,-0.003906,0.058105,1.275146,-1.098328,-7.184387,78.317413,2.025535257586779,0.815123564095584,0.1292810230949031,1.1099221080261565,-2.62878500847678,-59.409532355909946,2.0,0.944,-1.1718
0.0124,0.031982,0.030762,1.036621,-9.246521,-11.487366,82.864532,2.027654880410225,0.8109665682026681,0.1294710595677316,0.9631863478310959,-2.794863680062111,-58.384484737684765,2.002,0.938,-1.1524
0.0122,0.232666,0.384277,3.046875,6.347961,6.914734,73.373566,2.0278557066975686,0.8076609772484644,0.12951189328006749,1.0838911771149715,-2.7574300122933204,-57.49096676696524,2.004,0.934,-1.1394
0.0123,0.10498,0.310059,1.348633,-3.112488,0.200867,76.913605,2.026621552685849,0.8047546337052817,0.1293001789747735,1.1614085868177078,-2.8067353224849,-56.559099680128114,2.006,0.929,-1.12
0.0111,0.018311,-0.059814,1.153809,-2.166443,3.924011,73.06839,2.0300471942823552,0.8009156934725006,0.1296541093147982,1.0495651769675602,-2.773025778326656,-55.74026195121983,2.008,0.926,-1.1086
0.012,0.061279,0.174805,1.36792,11.444397,4.259705,73.495636,2.0306436095421216,0.7975692917760928,0.12962268371086907,1.2320206981242836,-2.751091478707659,-54.867903525868364,2.009,0.923,-1.0925
0.0119,0.007324,-0.023682,1.243652,3.265686,-3.49176,76.242218,2.0341053635956317,0.7935085863803083,0.12987899923403698,1.2021943753014228,-2.7969923843420914,-53.960991241139254,2.012,0.917,-1.0698
0.0126,0.030518,-0.044678,1.479004,-3.112488,-2.728821,73.983917,2.0377651123323033,0.7893386467002519,0.13021182823446523,1.0845025007868894,-2.844574687685282,-53.02437678014802,2.014,0.914,-1.0585
0.0123,0.049561,0.01709,1.154785,4.028625,-1.904846,78.10379,2.040277554605453,0.7857586703798555,0.1304734944765886,1.089183998014829,-2.8986131211969717,-52.06011005436929,2.016,0.91,-1.0439
0.0112,-0.047852,0.05249,1.284912,4.272766,1.360535,79.507599,2.0435698186518954,0.7816644893631194,0.13046689092059488,1.114522321799961,-2.8506663540270756,-51.1870445739,2.019,0.906,-1.0261
0.0126,0.177734,-0.010986,1.284424,2.472229,2.855896,80.972443,2.04518439231844,0.7790345744944107,0.1310083699583203,1.0802731981079674,-2.917566851402758,-50.138174375871465,2.021,0.902,-1.0115
0.0116,-0.14917,0.02002,1.415283,5.493469,2.642273,83.291779,2.050118172107681,0.7742041676920409,0.13092428597245157,1.0964035448874736,-2.8040411644025536,-49.1990483530208,2.025,0.897,-0.9888
0.0125,0.040039,0.11792,1.222412,3.96759,-0.775696,80.545197,2.051999774678832,0.7706559471117408,0.13096035750490892,1.1616642885871078,-2.8367048434639037,-48.202738988778194,2.027,0.894,-0.9743
0.0119,0.053955,-0.063477,1.192871,0.213928,1.482605,80.392609,2.055739223639151,0.7673193920199436,0.1313997193502628,1.0673326539831847,-2.853263505443186,-47.23069754509981,2.029,0.89,-0.9597
0.0114,0.014404,0.002197,1.236328,1.678772,-5.322815,78.561554,2.0592463067911257,0.7637665262411176,0.13161443210070276,1.0346173655117137,-2.9182197295009527,-46.33715234119495,2.032,0.886,-0.9419
0.012,0.050293,0.125977,1.637695,4.608459,4.473328,77.707062,2.061603493753478,0.7603791131242857,0.1316891313167158,1.0928540529247779,-2.88104425217527,-45.413021116358465,2.035,0.883,-0.9273
0.0126,-0.021484,0.094971,1.240234,3.937073,1.909851,78.744659,2.0648794815166616,0.7563965498514682,0.13167333695597014,1.1426742577884046,-2.8414907542852914,-44.43915761335115,2.039,0.877,-0.9063
0.012,0.046631,0.053467,1.069336,-0.457458,3.31366,78.134308,2.0674797782377476,0.7532397321889812,0.13185372487520622,1.121172404636898,-2.833941155049207,-43.50201932020074,2.041,0.874,-0.8933
0.0124,0.115723,0.097168,1.319336,-0.457458,-0.684143,74.289093,2.0691767459478303,0.7505930378997359,0.13206280090763745,1.1175586235327413,-2.904252296524565,-42.57748249016936,2.043,0.871,-0.8804
0.014,0.045654,0.04541,1.246582,0.580139,-6.879211,77.340851,2.0726995910469115,0.7470025276017545,0.13228827131289336,1.089550521252548,-3.0264884312388833,-41.49835227053182,2.047,0.867,-0.8658
0.0092,0.00708,0.024658,1.248291,0.427551,-3.674866,77.066193,2.0757395538478014,0.7443047409100746,0.132403329529511,1.0627243560424715,-3.055056810623211,-40.796068638661076,2.05,0.864,-0.8561
0.0125,0.031494,0.116211,1.512939,-1.678162,2.886414,74.472198,2.078821291110066,0.7409320900544166,0.13247145064735205,1.0430976916830728,-3.0267840608618117,-39.87763855144052,2.054,0.859,-0.8383
0.0122,0.014893,0.134033,1.458496,-0.823669,8.34906,69.28421,2.0817485324024663,0.737647807943751,0.13246707487389256,1.051378647435867,-2.924134881065189,-39.048563935128875,2.056,0.856,-0.8285
0.0122,0.065186,0.094238,1.324463,-0.610046,3.496765,66.507111,2.0843847366786847,0.7348325425421276,0.13260002010449526,1.0494430112129425,-2.9111228116690397,-38.241442341261376,2.059,0.854,-0.8172
0.0116,-0.028564,0.053955,0.985107,1.129456,-7.39801,64.096222,2.0883452248183705,0.7313288526329164,0.13259282860853808,1.059111732728447,-2.9682677308827197,-37.52016257601645,2.063,0.849,-0.8026
0.012,0.144287,0.136719,1.110352,-1.861267,-0.623108,58.908234,2.0893390262425364,0.7293531317984305,0.13279035104059078,1.085290754109845,-3.062740054942483,-36.80811223003182,2.066,0.846,-0.7945
0.0123,0.043457,0.045166,1.580566,-2.868347,-2.545715,61.380157,2.0933667765582586,0.7261667062451441,0.13300860599749253,1.0230477069920527,-3.1034978178256463,-36.057661368838424,2.071,0.842,-0.7784
0.0111,-0.038574,0.055664,1.376953,1.70929,-3.400208,61.929474,2.0977730579284444,0.7227147071165752,0.1330404656209739,1.02756731889985,-3.1075167374854478,-35.39115885013542,2.074,0.839,-0.7686
0.0129,0.013672,0.10376,1.343994,2.655334,2.153992,59.915314,2.1017311296129364,0.7192802839350406,0.1331129835757534,1.0711153524909252,-3.0769356806101835,-34.6347968394344,2.077,0.836,-0.7589
0.0112,0.028809,-0.022461,1.165283,1.739807,-0.165344,61.288605,2.1059193400500233,0.7166611192378943,0.13342363094362256,1.030861594776938,-3.0883691515144625,-33.94307542529191,2.081,0.832,-0.7444
0.012,0.00415,0.029053,1.507324,5.890198,4.351257,60.556183,2.1103904712218613,0.7135637843792793,0.13360261894673922,1.0685923959225527,-3.027407962967163,-33.2233596477529,2.084,0.829,-0.733
0.0125,-0.029053,0.023926,1.403564,8.331604,3.191589,62.326202,2.115550235092186,0.7100915644626098,0.13375072342853944,1.1354332772914373,-2.963695977342746,-32.45630759311415,2.089,0.825,-0.7168
0.0123,-0.02002,-0.057617,1.312988,7.568665,6.45697,61.47171,2.1211715450877993,0.7069711854342788,0.1340512382499583,1.1461490647195316,-2.8674130392057173,-31.697994400300203,2.092,0.822,-0.7071
0.0112,-0.021729,0.001465,1.127197,4.913635,-0.714661,61.34964,2.1258800156868918,0.704089779731105,0.13420163881478211,1.1585516961985056,-2.854929825156522,-31.019114988216412,2.095,0.819,-0.6958
0.0123,0.032715,0.032471,1.271729,3.84552,-0.836731,61.410675,2.1300343275040374,0.7014750580020183,0.13441478930754122,1.1782722314784722,-2.878993973779933,-30.26597238509338,2.1,0.816,-0.6812
0.0121,0.023682,0.133545,1.43042,4.516907,0.41449,63.180695,2.1334404040628505,0.6987902917306988,0.13443883103173407,1.255811518064528,-2.87937912934294,-29.517778222130868,2.103,0.813,-0.6699
0.012,-0.057373,0.0354,1.297119,3.387756,-1.721741,63.882599,2.1385031848107094,0.6956522562628094,0.13447624354703436,1.2681765834776004,-2.861696404776558,-28.77043975942649,2.108,0.809,-0.6521
0.0115,-0.064453,0.03833,1.102539,2.746887,1.391052,63.516388,2.1435189549688065,0.692517623671389,0.13446033178657954,1.2798549867236928,-2.798008571759117,-28.062339463434117,2.111,0.807,-0.6407
0.012,0.030518,0.062012,1.356934,4.089661,1.024841,63.3638,2.1473936001417404,0.6902020004010099,0.134607810960145,1.3159462149494747,-2.798766736191227,-27.307161831796595,2.114,0.804,-0.631
0.0122,-0.033447,0.012207,1.161133,2.563782,-2.118469,63.211212,2.152512695222199,0.6874190352749322,0.1347224878964945,1.3066661406694766,-2.800782697587658,-26.548237579249058,2.12,0.8,-0.6132
0.0126,-0.01416,0.080811,1.352295,2.899475,2.611755,58.206329,2.1569476505465177,0.6847655227580469,0.13477365634741784,1.3422184131769686,-2.755654270546444,-25.82917007965164,2.123,0.798,-0.6035
0.0116,0.098145,0.096191,1.222412,2.472229,3.710388,58.938751,2.1594811052706286,0.683317217348071,0.13497156111752007,1.3870494554619186,-2.7692573012278965,-25.140548999123766,2.126,0.796,-0.5922
0.0123,-0.097412,-0.024658,1.451172,2.136536,4.686951,59.701691,2.165545709373483,0.6803029633927937,0.13506145065795094,1.352917971942131,-2.6584117890878196,-24.421946418421268,2.131,0.793,-0.5776
0.0115,0.069824,0.133057,1.308838,2.685852,2.245544,55.459747,2.167929420888523,0.6788049541627633,0.13512357672051578,1.4201917717016908,-2.668016598940703,-23.789145380144667,2.134,0.791,-0.5662
0.0124,-0.046387,0.043457,1.20166,0.763245,-3.857971,56.802521,2.1728573994125586,0.676210940069564,0.13514610716166106,1.4125986191033584,-2.6846801108210956,-23.104370241469667,2.139,0.788,-0.5517
0.0117,0.020508,0.044678,1.186768,1.098938,-7.764221,56.283722,2.176924585200014,0.6743057032039126,0.13529031025112825,1.4114244403722074,-2.785083465222072,-22.45293629987681,2.143,0.785,-0.5403
0.012,0.009033,0.038818,1.299316,-0.091248,2.001404,57.351837,2.181327859747312,0.6723088003686789,0.13543699370534898,1.3881723449507084,-2.7628612909379027,-21.77051255361899,2.146,0.783,-0.5306
0.0117,-0.001953,0.042236,1.470459,1.007385,1.482605,56.985626,2.185811920325335,0.6703009528005809,0.13555821947556498,1.3779513977709865,-2.739491590529346,-21.111812521560758,2.151,0.781,-0.5161
0.0123,-0.007568,0.048828,1.416748,-0.762634,5.999207,56.802521,2.190293597518613,0.6683035230329023,0.1356591862999538,1.3504276873424923,-2.658171067520996,-20.421337840342417,2.154,0.779,-0.5063
0.0125,0.000244,0.010254,1.37085,-0.335388,4.686951,55.276642,2.1951417918873433,0.6663943670435789,0.13583792256542554,1.3089579603957775,-2.5970185719077117,-19.733551422134646,2.16,0.776,-0.4902
0.0114,0.025635,0.052246,1.107422,3.906555,-4.193665,56.009064,2.198796612144582,0.6649315815141387,0.13595712239849808,1.3498094062764585,-2.659326634666192,-19.100243872375994,2.163,0.774,-0.4804
0.0123,0.035889,0.029297,1.400635,1.495667,0.567078,57.138214,2.2033191651651562,0.6633372548011067,0.13616859240275042,1.340173962735989,-2.668652574010564,-18.39762221966315,2.167,0.772,-0.4691
0.0116,-0.013184,0.017334,1.313477,0.671692,-1.782776,56.985626,2.208189661209184,0.6615140709997269,0.13630124380010047,1.3160509409886516,-2.677652860957735,-17.744842156472572,2.172,0.77,-0.4529
0.012,-0.068604,0.018066,1.305176,1.95343,0.719666,57.870636,2.213681404296452,0.6592973085982627,0.1363347535734689,1.3066144282843537,-2.6259334377028694,-17.067826785465964,2.175,0.768,-0.44
0.0127,-0.030273,0.042969,1.472656,-0.091248,1.909851,56.772003,2.2187742665946053,0.6573996071632052,0.1364138358344291,1.2839276376557367,-2.582655566465241,-16.358389937897304,2.181,0.765,-0.4238
0.0115,0.021484,0.084229,1.178223,-1.037292,0.963806,58.3284,2.222189605083177,0.6561788178127702,0.13645673463506788,1.286448599510104,-2.582369105181471,-15.695048137611497,2.184,0.764,-0.4108
0.0122,-0.014648,0.064453,1.171875,0.549622,0.078796,59.213409,2.2265873657617603,0.6545798300617243,0.1364826993687029,1.2925049949567382,-2.5702707375972453,-14.985683304890841,2.188,0.762,-0.4027
0.0125,0.050293,0.041504,1.37915,-1.586609,-0.836731,61.502228,2.2308305957353736,0.6534764744862623,0.13668509271920187,1.2507632895488294,-2.6065214825401095,-14.215711904656207,2.193,0.76,-0.3865
0.0119,-0.072754,-0.047119,1.229492,1.06842,1.116394,62.082062,2.2369924741374847,0.6514863450091138,0.13681971686907865,1.190452571934672,-2.547072827767206,-13.489494371098663,2.196,0.759,-0.3752
0.0118,0.105469,0.052734,1.313721,3.96759,2.459167,60.037384,2.240467097707533,0.6509759307612694,0.13709628411850133,1.2266658854507826,-2.5756760068674964,-12.769949963278266,2.202,0.757,-0.3574
0.0121,0.022705,-0.021973,1.185791,3.753967,-3.705383,61.624298,2.2456393920714235,0.6498556306577776,0.13737902677046426,1.2140596315128689,-2.633693561388449,-12.02157793390006,2.206,0.755,-0.3461
0.0114,0.010986,0.012695,1.343262,4.028625,-2.087952,61.380157,2.2503797486046357,0.6487368610989097,0.13755648708312798,1.2246815090709484,-2.659416927688441,-11.32505057860628,2.21,0.754,-0.3347
0.012,0.037598,-0.004395,1.363525,8.056946,1.757263,61.624298,2.2551908267683864,0.6478298426444963,0.13782157851807353,1.2737601127711857,-2.6565110303503547,-10.58167806396713,2.215,0.752,-0.3185
0.012,0.026367,0.034424,1.224854,4.97467,-0.836731,60.891876,2.259666117116554,0.6469417804144628,0.13799940639664712,1.3103209331681032,-2.680593836719384,-9.853162020030437,2.219,0.751,-0.3072
0.0124,-0.010742,-0.026855,1.384521,0.274963,2.825378,61.715851,2.265410425427794,0.6457792678925146,0.13822923314642716,1.2522808518714241,-2.6379646114558897,-9.088819730404925,2.225,0.749,-0.291
0.0123,0.004395,0.077393,1.303223,0.671692,-1.416565,63.455353,2.269801401862289,0.6448390899335966,0.13828637589156154,1.259843232455889,-2.655321042839709,-8.318596640288416,2.229,0.748,-0.278
0.0112,0.015137,0.060547,1.2771,0.091858,-2.118469,65.713654,2.2740535551006147,0.6440635910041009,0.13838411273494874,1.25283463502857,-2.684596182261991,-7.589777057115318,2.233,0.747,-0.2667
0.0122,0.001221,0.058594,1.2771,-0.213318,-0.134827,67.117462,2.27891900709546,0.6431818909233986,0.13848059575674035,1.2370196233339945,-2.6851017480800317,-6.779683830489621,2.239,0.745,-0.2473
0.0125,0.089111,0.072998,1.296875,0.549622,6.060242,64.737091,2.282881832568707,0.6429962480320863,0.13872344387064975,1.239469800677497,-2.6595981870328242,-5.964550196681154,2.243,0.744,-0.2376
0.0116,-0.016846,0.061035,1.395996,0.000305,1.787781,65.194855,2.2875255752120425,0.6421637334327563,0.13877067167101792,1.2278548008206076,-2.6261202996021558,-5.219599195794507,2.248,0.743,-0.2198
0.0118,0.072021,-0.004883,1.240967,0.610657,1.604675,63.974152,2.2920199905566423,0.6420549479043249,0.13911063515921784,1.1878527633617613,-2.649324053789976,-4.45401250462118,2.252,0.742,-0.21
0.0124,0.055908,0.014893,1.346191,3.021545,-3.766418,64.431915,2.29687937679137,0.6418078373020322,0.13938689964750314,1.1867278436653441,-2.7244381144426573,-3.651838538815254,2.256,0.741,-0.1971
0.0123,0.026855,-0.031006,1.19751,3.84552,-4.926086,65.896759,2.3024779544694467,0.6414703347387725,0.13971259784116738,1.1656021933084508,-2.799802450179948,-2.8366197901490326,2.263,0.74,-0.1777
0.0116,0.017822,0.001709,1.45752,5.005188,0.170349,64.615021,2.3075960875379553,0.6410976567911186,0.13993409367366227,1.1778647978685681,-2.8013028405431393,-2.0875465475407076,2.267,0.739,-0.1663
0.0125,0.001465,0.007812,1.399414,4.455872,6.640076,64.950714,2.3129830128459083,0.6406974839281393,0.14013153721250843,1.1885713750009486,-2.7157785516276673,-1.2769030250594795,2.272,0.738,-0.1485
0.0121,-0.006104,0.075684,1.490234,1.159973,4.778503,66.659698,2.3175984859106924,0.6403176734779856,0.1401889872511762,1.1937839102101364,-2.6509015886677743,-0.4798824217588056,2.276,0.738,-0.1372
0.0113,0.066406,0.08374,1.196045,0.152893,-4.041077,65.988312,2.3210557207474585,0.6405230655191146,0.14033732170941293,1.204968467692588,-2.734521809315224,0.2627142673369454,2.28,0.737,-0.1275
0.0122,0.064697,0.07666,1.242676,3.265686,-0.409485,66.354523,2.3250449027108266,0.6407510257407427,0.14052168107945942,1.243462772627327,-2.7758932927708106,1.0702864216882926,2.287,0.737,-0.1064
0.012,0.023682,-0.004639,1.320312,1.556702,-2.667786,68.490753,2.330179905769097,0.6407691415758454,0.14077114049865036,1.2092195110379231,-2.818743803175966,1.8931807452504683,2.291,0.736,-0.0935
0.0125,0.002197,0.038574,1.42627,3.296204,-1.35553,67.514191,2.3353221562426483,0.6406826967075265,0.14091446783622136,1.2192833474123248,-2.8329034742652333,2.7301471991102435,2.297,0.736,-0.0773
0.0114,0.024902,0.052002,1.39209,6.988831,4.259705,65.316925,2.3397568991163977,0.640803999818697,0.14106326624141696,1.2803248005567698,-2.792912168500278,3.4708133260342655,2.301,0.735,-0.0643
0.0117,0.016602,0.001465,1.198486,5.401917,4.56488,64.859161,2.344797324504696,0.6409998249033441,0.14129633952838283,1.2969724654145263,-2.7482551689444135,4.231494193856859,2.305,0.735,-0.0546
0.0122,0.055176,0.046875,1.172363,3.296204,-1.141907,63.3638,2.349001513529704,0.641528353000294,0.14152111767557105,1.3200218863835156,-2.7958642412559596,5.004579320589116,2.311,0.735,-0.0352
0.0127,0.018311,0.091797,1.31665,2.289124,-0.531555,63.24173,2.3534449103926858,0.6418113179209364,0.1416028280460739,1.3521582009962538,-2.810284175744907,5.796279694040179,2.315,0.735,-0.0239
0.0112,0.003662,0.055176,1.451904,1.739807,0.65863,63.455353,2.3579581599342867,0.6420248753918252,0.14170574267593777,1.3543502625210928,-2.799841621599911,6.498882226624525,2.321,0.735,-0.0093
0.0126,-0.015381,0.095703,1.151611,3.815002,-0.409485,62.967072,2.3625622567364957,0.6422138705623716,0.14169503869276356,1.415876577309875,-2.793501144069235,7.2736759049822055,2.325,0.735,0.0004
0.0114,0.0,0.097412,1.410156,1.434631,2.123474,64.645538,2.366720014480206,0.6425220106591131,0.14172447804065214,1.4371040389151584,-2.7659134242281156,7.997463237162621,2.329,0.735,0.0134
0.0125,-0.04834,0.00293,1.293701,1.251526,-4.285217,65.530548,2.372766738661426,0.6426312908878618,0.1418366069067043,1.4024169981085082,-2.791038310858409,8.804965756617399,2.335,0.735,0.0312
0.012,0.023193,0.003662,1.31665,4.455872,2.703308,64.615021,2.377884602383738,0.6432988699638537,0.1420824443976729,1.408182012279207,-2.7710917682122984,9.582067210395817,2.339,0.735,0.0409
0.0117,0.019043,0.008789,1.281738,3.204651,0.322937,63.699493,2.3828101483992463,0.6439844684710833,0.14230242424422718,1.4028431289328853,-2.7770438345166677,10.327222005855349,2.345,0.735,0.0555
0.0121,-0.063965,-0.054932,1.266113,1.129456,1.726746,63.577423,2.389330311955741,0.644195923385499,0.1424809926384636,1.3342953593285913,-2.7176544338071027,11.092353028634204,2.349,0.735,0.0668
0.0116,0.033447,0.057861,1.30835,0.976868,-1.386047,62.722931,2.39352007228783,0.6450941006407341,0.142630605516769,1.3338484925064051,-2.749718349190553,11.815739273784278,2.353,0.736,0.0765
0.0124,0.043945,0.080078,1.248535,2.533264,-2.423645,63.150177,2.397590105585445,0.6461882401272664,0.1427742145895197,1.3654481159786747,-2.8040630658057464,12.59300851274742,2.36,0.736,0.0911
0.0116,0.089355,0.138428,1.32666,3.326721,-1.35553,54.849396,2.400503180111131,0.6475626388752901,0.14290033863765153,1.4402589591818251,-2.863593071324963,13.22316955891438,2.364,0.737,0.0976
0.0127,0.221436,0.198242,1.282227,-0.732117,5.053162,51.828156,2.4015331101189337,0.6498482038178272,0.14317963663340152,1.5004472724241884,-2.9195824090182123,13.889370399775435,2.369,0.737,0.1073
0.0114,-0.020508,0.12207,1.248047,-0.1828,3.801941,50.851593,2.4050687215305953,0.6503568521031126,0.14309226629584082,1.530969997345549,-2.857040832412517,14.446257395082975,2.373,0.738,0.1105
0.012,0.133545,0.138672,1.371582,3.479309,1.604675,47.311554,2.4073134983422815,0.6520612619226772,0.1432959400789072,1.6072944323948153,-2.9034027827040805,15.0153931452244,2.376,0.738,0.117
0.0125,0.019287,0.149658,1.341553,0.732727,-5.658508,38.705597,2.4107959429570096,0.653027336250185,0.14328334025940548,1.6625689090252613,-2.974689549586242,15.475995838923923,2.383,0.739,0.1267
0.0119,0.096436,0.119629,1.163818,0.274963,-8.923889,34.12796,2.414010281608227,0.6549389726649524,0.14351109748775537,1.7081931190945334,-3.131062830125585,15.875807701135276,2.387,0.739,0.1332
0.0123,-0.018311,0.033447,1.547363,1.221008,3.344177,35.836945,2.419647559934236,0.6558647245272816,0.14367342213498385,1.700331862227133,-3.0692761715763854,16.306733767559667,2.393,0.74,0.1413
0.0111,0.070312,0.151611,1.212891,3.143616,-3.033997,27.20047,2.4222243319245087,0.6573597253306401,0.1437629362913781,1.7983790533973096,-3.130886642411872,16.593976610067593,2.397,0.741,0.1462
0.0121,-0.007324,0.090332,1.426758,-2.257996,6.914734,24.087677,2.427039271978325,0.658355158054495,0.14384956820013525,1.7877971061857632,-3.0281008902661575,16.870051986618485,2.402,0.742,0.151
0.0122,0.016846,0.013916,1.301025,-0.884705,1.42157,21.920929,2.432137229640955,0.6596074535744127,0.14408682238116982,1.7554402306514771,-3.0064982542211642,17.135667594674253,2.408,0.743,0.1559
0.0121,0.006104,0.240723,1.12915,-0.1828,-1.4776,13.620148,2.4343961428137115,0.6605578494236375,0.1438618638407479,1.8873463991994515,-3.009708762112991,17.25836133825393,2.412,0.743,0.1575
0.0121,0.051514,0.102051,1.205811,-5.737,-3.064514,13.894806,2.4383372837890915,0.6622150636791452,0.1440353003435038,1.8575469057316312,-3.061263503191854,17.417377092431295,2.417,0.744,0.1623
0.0121,0.066162,0.063721,1.299805,-4.485779,-0.47052,8.55423,2.4425672142818136,0.6639753599818445,0.14430620522341858,1.819133402367878,-3.085272423116662,17.521577634582076,2.423,0.745,0.164
0.0124,0.006836,0.132812,1.311768,-0.579529,0.261902,5.868683,2.446946895278994,0.6651602551396733,0.14434719530396975,1.8689116593664534,-3.063828012405919,17.5717746230156,2.428,0.746,0.1656
0.0123,0.01001,-0.022705,1.327148,-0.335388,4.381775,5.288849,2.4527666651421143,0.6664965647419134,0.14464631989862733,1.8314868896337775,-2.9957452044387716,17.638927145680885,2.433,0.747,0.164
0.0111,0.015625,0.036621,1.262451,2.746887,1.574158,1.718292,2.4571743908807,0.6676492074810505,0.14481816319463667,1.8666156262988591,-2.966294230416567,17.652293412962315,2.437,0.747,0.1656
0.0121,-0.032715,-0.003906,1.339355,5.279846,1.940369,0.100861,2.463061456398745,0.6685492217719733,0.14497696987005057,1.9108433278485695,-2.9026748692526567,17.642800185823027,2.442,0.748,0.1656
0.0122,-0.034912,-0.09082,1.471436,5.890198,2.398132,-2.432098,2.46959476200169,0.6694260148124976,0.1452420606806561,1.9190127966828179,-2.8338189892720798,17.612968357387768,2.448,0.749,0.1656
0.0118,-0.077148,0.000977,1.133057,6.714172,-0.256897,-5.331268,2.4755903292597434,0.6698067478502217,0.1452418676303702,1.984518097826525,-2.764066289827977,17.527534941726746,2.452,0.75,0.164
0.0123,-0.016357,-0.001709,1.293945,3.753967,4.015564,-3.500214,2.481221256088701,0.670895993302231,0.1454210206109181,2.0133191240562978,-2.6845787759127253,17.479363809551465,2.458,0.751,0.164
0.012,-0.091797,-0.007812,1.428467,3.204651,-1.325012,-4.751434,2.487208747782328,0.6713246226716594,0.14542572754239272,2.031582845818629,-2.63008865751498,17.401746397704084,2.462,0.751,0.1623
0.0117,-0.086426,0.075684,1.280029,-1.739197,0.597595,-4.019012,2.4921512659968736,0.6718323949500932,0.14529409537573051,2.040289990047837,-2.5515418891988717,17.32727321263851,2.466,0.752,0.1623
0.012,-0.084961,0.012207,1.111572,-3.478699,0.292419,-3.195038,2.49791393309389,0.6722269941648376,0.1452290027042297,1.991159002345648,-2.4726394442727906,17.26455869321928,2.472,0.753,0.1607
0.0129,-0.023438,0.111816,1.173584,-2.105408,0.53656,-5.727997,2.5022138211710607,0.673507197170198,0.1451887038961653,2.022113062557385,-2.43123365989031,17.174731914706594,2.476,0.754,0.1607
0.0112,-0.048096,0.017334,1.204346,-2.19696,0.597595,-2.03537,2.507290349857894,0.6742027147980186,0.14520861533818802,1.9916909015816182,-2.377670601565835,17.13645948578087,2.482,0.755,0.1591
0.0121,-0.026123,-0.018066,1.298584,-3.661804,4.686951,-6.429901,2.5126725738959026,0.6750874240385101,0.1453463298616375,1.922392188584105,-2.2880567342414153,17.051901770437183,2.486,0.755,0.1591
0.0119,-0.034912,-0.032715,1.30249,-1.403503,2.916931,-4.232635,2.5182071394387378,0.6758864905912612,0.14547628155226414,1.8714491720131312,-2.217104069297973,16.99296607921336,2.49,0.756,0.1575
0.0121,-0.049561,-0.114502,1.316895,0.976868,2.55072,-7.07077,2.5244908829348356,0.6763769526912367,0.14567405324522614,1.8038243474997362,-2.142148908400817,16.8985853985452,2.496,0.757,0.1559
0.0121,0.022461,0.071045,1.396973,0.610657,-2.881409,-9.84787,2.528570788682776,0.6777985032018716,0.1457850600354729,1.8381688169154187,-2.17071038508271,16.77683131115085,2.5,0.757,0.1542
0.0119,-0.016113,0.002197,1.131592,-1.678162,0.292419,-7.864227,2.533600025259282,0.6788445115541817,0.145899124753248,1.8074588006006684,-2.1411052481922574,16.67674139577385,2.506,0.758,0.1526
0.0121,-0.072266,-0.024414,1.472168,1.404114,0.719666,-8.047333,2.5390849775451168,0.6794829830913414,0.14591837920336764,1.7988968917324761,-2.0778679015478416,16.56501508565471,2.509,0.759,0.151
0.0123,-0.063965,0.032471,1.381348,2.533264,-2.48468,-10.427704,2.5440035090864432,0.6802985686253479,0.14587125260629166,1.836226539656521,-2.055352081622785,16.42180664040051,2.513,0.76,0.1494
0.0122,0.000977,0.034668,1.251221,0.213928,1.452087,-9.08493,2.5485852490890033,0.6815491952209038,0.14598079575373749,1.8476177598141617,-2.0225351042899837,16.308288019396414,2.519,0.76,0.1478
0.0115,0.009521,-0.03125,1.305664,0.763245,-1.416565,-8.07785,2.5534469570347875,0.6825123693613436,0.14618174505915404,1.824903237326059,-2.0293764124210196,16.212693653773968,2.523,0.761,0.1462
0.0134,0.03833,0.034668,1.302246,1.159973,1.085876,-10.061493,2.558150930675499,0.6840490150923261,0.14639834291568732,1.849069079282016,-2.0207572123908144,16.081116766908636,2.528,0.762,0.1429
0.0106,-0.046387,-0.058594,1.447021,1.495667,1.146912,-8.749237,2.5631378128932107,0.6845273874183285,0.14647418865926823,1.8204295185689923,-1.9687841351162199,15.97849287800702,2.532,0.762,0.1445
0.012,-0.006836,-0.039307,1.329102,2.533264,0.811218,-9.786835,2.568329162972019,0.685413451008624,0.14664293962536942,1.8157385390230498,-1.9400848697579551,15.856756834809707,2.536,0.763,0.1413
0.0126,0.00293,0.005859,1.290527,1.770325,0.017761,-8.138885,2.5730772632493286,0.686518297990602,0.146782917570869,1.8286117765871615,-1.9271371993045827,15.751653874634462,2.542,0.764,0.1397
0.012,-0.081543,-0.020508,1.326172,1.526184,-1.965881,-7.803192,2.5782301219419748,0.6870351130305542,0.14671950456900362,1.8218327543412145,-1.8894864197704682,15.643106647723721,2.546,0.764,0.1397
0.0118,0.008545,-0.007568,1.351074,-0.549011,-2.698303,-8.596649,2.5827784465562473,0.6880097171238388,0.14687220144028806,1.798239240803876,-1.9116245076860137,15.53834340749873,2.551,0.765,0.1364
0.0121,0.014404,-0.003418,1.191162,0.82428,-3.613831,-8.627167,2.587433065802081,0.6890879489763014,0.14705134004481915,1.7937760586482845,-1.9507301826173022,15.43150438749275,2.555,0.765,0.1332
0.0121,0.102539,0.041016,1.348877,1.556702,-0.562073,-6.460419,2.591494424359638,0.6907403080248496,0.1474133188746358,1.8222208447519868,-2.000801217005159,15.3626320225406,2.558,0.766,0.1332
0.0112,-0.006592,-0.01416,1.387207,-1.403503,1.146912,-6.979218,2.59603848092746,0.6915789374768676,0.1475296962857884,1.7852346746198444,-1.9697069230335071,15.280981102794007,2.564,0.767,0.1316
0.0126,-0.032471,0.015381,1.364258,-1.403503,3.679871,-7.07077,2.6009304071629016,0.692564064507679,0.14756469158701774,1.763356833210613,-1.8908582203241038,15.187294532852553,2.568,0.767,0.13
0.0117,0.004639,0.035645,1.425293,0.427551,1.268982,-9.176483,2.605287544953881,0.6936994474683579,0.14766434650392582,1.7750439018558817,-1.863654259374219,15.078794835030335,2.573,0.768,0.1267
0.0121,0.033936,0.010986,1.345703,-1.342468,1.452087,-9.237518,2.6097435909270543,0.6948766761098409,0.14786992153637357,1.7529930793106374,-1.8512755893650452,14.968754001037095,2.577,0.768,0.1267
0.0123,0.025635,0.010498,1.223877,-1.647644,0.750183,-10.97702,2.614286931438257,0.6960574668692622,0.14806447205321618,1.7284967547560182,-1.8441966488123949,14.834779629709594,2.581,0.769,0.1235
0.0121,-0.014404,0.003662,1.151611,0.458069,0.811218,-12.197723,2.6190418998131086,0.6970372902902668,0.1481446768316008,1.7262295222998887,-1.8113204682667419,14.683556316848138,2.587,0.77,0.1219
0.0111,-0.061523,-0.022705,1.393799,0.915833,-2.393127,-10.549774,2.623755606236636,0.6976295827963858,0.14810787541309253,1.7122735592314553,-1.790069425012173,14.556542097701323,2.591,0.77,0.1202
0.0121,0.041748,0.036621,1.319336,-2.471619,-1.874329,-12.441864,2.628271919741982,0.698974432377899,0.1483168078657292,1.6934535260921142,-1.8221381514142545,14.407995899592592,2.597,0.771,0.1186
0.0123,0.049316,0.009277,1.224121,-1.647644,0.200867,-9.329071,2.633068231551389,0.7002841629126013,0.1485945566396764,1.6681415416172523,-1.8374843487971777,14.296289152068042,2.601,0.771,0.1202
0.0122,-0.020996,-0.016357,1.402832,-0.732117,2.092957,-8.474579,2.638158843076532,0.7011939606030315,0.14867835381820385,1.6388703894947616,-1.7870348295529102,14.18887574919295,2.605,0.772,0.1186
0.0123,0.092773,-0.012695,1.49292,-3.020935,3.283142,-8.413544,2.6430020922190756,0.7024781313060406,0.14905133089395967,1.584194770951921,-1.780744094028582,14.090962099122624,2.61,0.772,0.117
0.012,-0.000244,-0.080566,1.265381,-3.234558,-1.050354,-6.490936,2.648333103302599,0.7032227872916329,0.14925234893169503,1.4861574314373915,-1.7819779400907214,14.008260781278175,2.614,0.773,0.117
0.0118,0.062988,0.036865,1.19751,0.580139,-0.562073,-9.054413,2.652643807985859,0.7045744555571779,0.14953874932077862,1.507215262076756,-1.816690001000311,13.905673795147058,2.618,0.773,0.1154
0.0113,0.00415,0.0,1.349854,0.030823,-0.104309,-7.772675,2.657243041015222,0.7055587842522469,0.14966279649630407,1.497328641651338,-1.8075596356067354,13.816224457699096,2.625,0.774,0.1138
0.0122,-0.048584,-0.095459,1.322998,-0.732117,0.597595,-7.040253,2.662834232494236,0.7061732086458757,0.14972849674095823,1.4236081722747633,-1.7606260045040167,13.722865733039772,2.629,0.775,0.1122
0.0123,-0.014893,-0.006104,1.373291,2.014465,0.841736,-8.352509,2.667714232372527,0.7071454078003815,0.14980630617113516,1.4356622115211852,-1.7296423829301444,13.617636260240051,2.634,0.775,0.1122
0.0125,0.027588,-0.013672,1.338379,1.892395,-0.897766,-6.857147,2.6727211282884924,0.708215770198706,0.15001973756040027,1.4416172026883407,-1.745004190863859,13.530997939505875,2.638,0.776,0.1105
0.0115,-0.001465,-0.040283,1.255127,1.434631,1.146912,-7.498016,2.6775758501500637,0.7090363272821505,0.1501635780721825,1.4239474750080976,-1.7201125504420882,13.442114711076172,2.642,0.776,0.1089
0.0115,0.043457,0.052246,1.269043,1.983948,3.527283,-6.979218,2.681803590735587,0.7102698831821953,0.1503655595003208,1.4682011968890758,-1.694988068194933,13.36539435567673,2.648,0.777,0.1073
0.0122,-0.010254,0.001465,1.260498,1.312561,2.55072,-5.789032,2.686715341189887,0.7112876087216765,0.1504508112212188,1.4745559291761168,-1.647673663758912,13.29371555626334,2.652,0.777,0.1057
0.0124,0.013672,-0.00708,1.227295,2.319641,-1.141907,-6.918182,2.691688776270219,0.7123216064976902,0.15061987336197438,1.488692354448907,-1.660246505698584,13.206645477216288,2.658,0.778,0.1057
0.0123,-0.019775,0.014648,1.306152,3.357239,-3.827454,-6.9487,2.6965958109145722,0.7133613708175451,0.15065853018070838,1.527910075883581,-1.6844916779411012,13.118205086223227,2.662,0.778,0.1041
0.0114,0.06665,-0.024414,1.201172,1.190491,-1.691223,-6.582489,2.7013780866273764,0.714349777426535,0.15101955328097502,1.5152904697952583,-1.7359784025218579,13.043385822056344,2.666,0.779,0.1041
0.0122,0.011963,0.031982,1.338135,-0.396423,-1.691223,-7.925262,2.7061471175584364,0.7154865201908349,0.15114633516266,1.5185936100556667,-1.7510869958764597,12.946209333562843,2.672,0.779,0.1024
0.0121,0.007568,0.039307,1.280518,-0.06073,2.916931,-8.108368,2.710872306129067,0.7166417418178497,0.15125944751175593,1.5311918403939502,-1.708693540094495,12.849243357842209,2.676,0.78,0.1024
0.012,0.00708,0.080566,1.43042,0.458069,3.130554,-6.918182,2.7151990138827657,0.7178459139386622,0.15133139234768483,1.5684709408900617,-1.6630584386978167,12.768268373085983,2.682,0.78,0.1008
0.0124,-0.029541,-0.020752,1.268555,-1.128845,-1.141907,-5.17868,2.7203180415219492,0.7187120170417608,0.1513625772731891,1.5305375848250518,-1.6494042853167918,12.700514293041065,2.686,0.781,0.0992
0.0111,-0.046875,-0.00708,1.267334,-0.854187,-1.202942,-4.110565,2.7249357634362266,0.7195025530748791,0.15131104357895425,1.5051669074660268,-1.625155871864871,12.651223221357748,2.69,0.781,0.1008
0.0121,-0.078857,-0.026367,1.345459,1.098938,-2.271057,-5.331268,2.73000921426805,0.7202534126243181,0.15118484977617477,1.4923399212046409,-1.5977974120704328,12.581055535498475,2.696,0.782,0.0976
0.0126,-0.095947,-0.032959,1.20459,0.610657,-0.440002,-3.469696,2.73546348337897,0.7210109497093226,0.150989749362011,1.467899816582522,-1.5346296789220593,12.531100673005572,2.7,0.782,0.0976
0.0122,-0.030762,-0.043457,1.301514,1.159973,5.999207,-7.040253,2.7406233676912013,0.7217575153917891,0.15103038746538167,1.446110809411131,-1.4350036424006576,12.442107599322414,2.706,0.783,0.0976
0.0111,0.017578,0.039307,1.330322,1.251526,0.994324,-8.108368,2.7448360185184706,0.7227875530926492,0.1511504845735732,1.4722574672836293,-1.4254646479798987,12.353607953169144,2.71,0.783,0.096
0.0121,0.037598,-0.040283,1.27832,-1.95282,2.703308,-7.375946,2.7499559206598474,0.7235817867858865,0.15140966632773595,1.414601465850933,-1.4076045449755188,12.261898226326695,2.714,0.783,0.096
0.0122,0.050537,0.006348,1.312744,-1.495056,0.841736,-10.061493,2.754712961391035,0.7245535418733234,0.15166938243683506,1.3912673077775428,-1.4179131187790666,12.139161853677516,2.72,0.784,0.096
0.0124,0.01001,0.041016,1.297607,-0.549011,-0.34845,-6.338348,2.7594736496736343,0.7256840553262847,0.15177753555052365,1.3988658632372406,-1.4201322075564677,12.061641735856924,2.724,0.784,0.0943
0.0113,0.003906,-0.018066,1.447021,-1.250916,1.116394,-2.187958,2.7640880110749584,0.7264869033988044,0.15188771204139262,1.363912511828095,-1.4023336411740501,12.035078664156652,2.73,0.785,0.0943
0.012,-0.016846,-0.006836,1.356934,-0.365906,-3.644348,-2.310028,2.7689313913272713,0.7273847116973299,0.15193073916784536,1.3449091316098274,-1.429346547628391,12.004587568301696,2.734,0.785,0.0943
0.0122,-0.006348,-0.028809,1.226074,-0.335388,-4.620911,-0.631561,2.774244703842245,0.7282673585497932,0.15203433330810884,1.3121303978731191,-1.4755631223201822,11.992628968932827,2.738,0.786,0.0943
0.0132,-0.014404,-0.107422,1.30835,-0.579529,-2.942444,-3.683319,2.7802407111359644,0.7289284015912089,0.15216916393176214,1.232529126020074,-1.4982781640620828,11.935832219044915,2.745,0.786,0.0927
0.0112,0.06665,0.047363,1.307861,1.343079,-1.050354,-6.124725,2.7845227451134025,0.7299592129637652,0.15245421072644041,1.2666907810330745,-1.5402563790779358,11.868088583346907,2.749,0.787,0.0927
0.012,-0.012451,-0.000488,1.25,0.335999,5.907654,-5.911102,2.7894340702137654,0.7309154848773232,0.15251789551369915,1.261885897903507,-1.454078404673384,11.797916191186912,2.755,0.787,0.0927
0.0115,0.05957,0.077148,1.255127,1.83136,3.862976,-9.634247,2.793681341638538,0.7320638393171269,0.15277483467502032,1.3218351344803485,-1.4374981753124374,11.69112388905026,2.759,0.788,0.0927
0.0124,0.036377,0.01416,1.432617,2.899475,3.252625,-7.498016,2.7984914794292597,0.7330187029254546,0.1529763407510114,1.3559835162708622,-1.407846491166246,11.598709130376438,2.763,0.788,0.0911
0.0122,-0.019775,-0.042969,1.479492,1.343079,0.933289,-6.979218,2.8035187931815306,0.7338023416945608,0.15302944923902664,1.3404371347760349,-1.3775894724144255,11.511238427960318,2.769,0.789,0.0879
0.0117,0.037354,0.036377,1.396729,-1.769714,-2.057434,-5.17868,2.808013185432878,0.7347689628307921,0.15321521049239187,1.3299061868231967,-1.4141898538779147,11.450606247126446,2.773,0.789,0.0879
0.0122,-0.039795,-0.044922,1.269287,-0.213318,0.445007,-1.211395,2.8130821749796184,0.7355437175461869,0.15319744443492372,1.2897251854724987,-1.378987660748474,11.433343523727498,2.776,0.789,0.0879
0.0121,-0.054199,0.074219,1.355469,1.312561,-1.202942,-1.669159,2.817621857673586,0.7367460336421491,0.1530677163517448,1.336845751558404,-1.3563572539342639,11.41631368789753,2.783,0.79,0.0879
0.0115,0.013672,0.044189,1.319824,1.190491,-1.263977,-2.340546,2.821961672618602,0.7377349692988503,0.15317536428312933,1.365372938501654,-1.372453298829517,11.390367270252462,2.787,0.79,0.0895
0.0119,-0.077148,-0.064453,1.274902,2.563782,-2.60675,-2.340546,2.8269516624794706,0.7383686230904309,0.1530229052284841,1.3465350923054116,-1.351380903672995,11.357788220885421,2.792,0.791,0.0879
0.0122,-0.051758,0.006592,1.270996,3.937073,-0.836731,-6.429901,2.831768492534562,0.73931801418582,0.15292603573647096,1.388702810136472,-1.3234645727805256,11.279200538914248,2.796,0.791,0.0879
0.012,-0.080078,-0.021729,1.429688,4.272766,-0.440002,-1.211395,2.8366861346482155,0.7401485285114354,0.15276492806824357,1.4163164035339664,-1.2799465458359125,11.263132329772686,2.8,0.791,0.0879
0.0121,-0.003906,-0.146729,1.111816,6.256409,2.520203,2.63382,2.8424854605538705,0.7401955255958881,0.15293263245379238,1.379901876450988,-1.2456043232286338,11.282276567195167,2.807,0.792,0.0879
0.0123,0.075195,0.035889,1.290283,10.071106,3.008484,2.145538,2.8472211672270085,0.7410863458289512,0.15327611078255107,1.5115350645349968,-1.2498490240358378,11.308123248326243,2.811,0.792,0.0895
0.0122,-0.038818,-0.101318,1.271973,13.000793,3.222107,10.415802,2.853013402803861,0.7415555974687879,0.1532795564219151,1.5925386889234674,-1.187770475244554,11.430318814132082,2.817,0.793,0.0927
0.0112,0.033691,-0.129883,1.396484,17.395325,13.079285,8.371124,2.8587671857765526,0.7416666972703883,0.15352853437059538,1.6994029499747503,-1.0605536730684841,11.518474177276016,2.82,0.793,0.0943
0.0123,0.115479,0.001709,1.501465,24.200745,15.856384,9.591827,2.864289573308472,0.7422044206142788,0.15397100602667055,1.9777377533056428,-0.9267961769008354,11.636247842772725,2.824,0.794,0.096
0.0121,-0.043945,-0.140137,1.310791,35.492249,17.504333,12.490997,2.871162049079787,0.7424452594245539,0.15395722144699692,2.302457860850316,-0.6980591206962838,11.791790322861848,2.831,0.794,0.1041
0.012,0.081787,-0.085205,1.091064,46.722717,22.173523,12.918243,2.879094525046573,0.742159386276059,0.15440969830227072,2.7770623394957252,-0.503741981314514,11.94887517919925,2.835,0.795,0.1073
0.0127,0.027344,-0.167969,1.397949,55.725403,24.523376,12.307892,2.8887305570171287,0.7417641027295244,0.15458570061236507,3.3608494994393823,-0.22513031009765705,12.11992724761233,2.841,0.795,0.1122
0.0112,-0.01001,-0.182861,1.447998,67.200012,34.502625,10.354767,2.899095484551521,0.7411844490987466,0.1546072989698986,3.979924478818501,0.14504444966718386,12.26480623326886,2.845,0.796,0.117
0.0127,0.040039,-0.104248,1.446533,80.414124,41.002869,6.234894,2.9107475286817293,0.7405267533225394,0.15474027025825202,4.899533447315122,0.6181507574842122,12.386585687958066,2.85,0.796,0.1202
0.0112,0.06958,-0.001953,1.322266,97.015686,49.18158,4.434357,2.9209964740078407,0.7397379723670178,0.15496390247868022,5.928647040113631,1.0973580673146008,12.486406236542122,2.856,0.797,0.13
0.0123,-0.084229,-0.031738,1.328369,-0.549011,-16.431213,17.709503,2.9300800139276832,0.7403173366543281,0.15463349829500012,5.849502106604708,0.9021656761033788,12.69803806395139,2.861,0.798,0.1332
0.0125,-0.311768,-0.345703,2.595215,-34.698181,-6.482483,21.798859,2.941575405794105,0.7406878408482884,0.15403560484636933,5.268760808822344,0.868369440107449,12.992804786766081,2.866,0.798,0.1316
0.0119,-0.006592,0.689209,1.247559,4.150696,-20.184875,1.840363,2.9309829720981813,0.7457729746882336,0.1541664705520161,5.612488293520863,0.6270908371136026,12.965958518007362,2.871,0.799,0.1364
0.0114,0.092041,0.095947,0.776367,24.353333,14.116882,-4.04953,2.9369472695158776,0.7459862989021128,0.15475161386162892,5.926159391447047,0.6810008455066666,12.91581324033093,2.876,0.8,0.1429
0.0123,-0.10498,-0.129639,0.117188,-7.415466,-10.144592,16.641388,2.9620850007986035,0.745215765208213,0.15266372486134613,5.398654546226677,0.8231094008755214,13.213235146158693,2.883,0.801,0.151
0.0124,-0.473877,0.19751,1.429932,-19.744568,9.905457,37.057648,2.9594038404911807,0.7510730942039691,0.15138705663462243,5.208240786186362,1.1226546312260068,13.73831777009935,2.887,0.801,0.1542
0.0114,-0.298096,0.869141,2.162842,-1.525574,0.933289,46.884308,2.950943617729392,0.7575948486948694,0.1509262333352671,5.4188622418284424,1.1688111909263634,14.302904313609815,2.893,0.802,0.1575
0.0122,-0.115723,0.564941,1.237305,-2.135925,-0.317932,49.569855,2.942182694321975,0.7643700177233387,0.15064543302274228,5.650953007380617,1.1575147831377581,14.932198948400346,2.898,0.803,0.1656
0.0124,0.139893,-0.003662,0.558105,-12.176208,12.652039,41.757355,2.9559487917253096,0.7622671692125652,0.1517171011166936,5.4620904320120225,1.0468451482098866,15.439397623450336,2.902,0.804,0.1721
0.0115,0.131104,-0.103027,1.070557,-14.098816,-9.503723,28.177032,2.9694897952891535,0.760301925236996,0.15224425010769133,5.186672681030577,0.7920083544510245,15.73550772994296,2.909,0.805,0.1818
0.0126,-0.084961,-0.052734,2.047852,-1.586609,9.539246,24.911652,2.9777834267691934,0.7609513613356862,0.15206294488761274,5.1012254469534755,0.8988566434363241,16.061224608642174,2.914,0.806,0.185
0.0115,0.015625,0.117432,1.58667,12.634583,2.153992,28.512726,2.983331702680258,0.762174572829276,0.15211771840560376,5.255781795691721,0.8698144668073281,16.386242427130952,2.921,0.807,0.1915
0.0121,0.059326,0.041016,0.7854,6.256409,4.870056,30.496368,2.9910593350970003,0.7624712942071951,0.15250324811060703,5.327229967574104,0.812363451125398,16.74673936102751,2.925,0.808,0.1963
0.0119,-0.044189,0.112061,1.513184,-1.403503,7.586121,27.627716,2.99585026133789,0.7641263054019329,0.15239504436543122,5.318776724149696,0.8775579056501571,17.08327529747041,2.93,0.809,0.2012
0.0116,0.091064,0.269043,1.675781,2.258606,1.42157,21.127472,2.999038346253186,0.765863564124183,0.15264395748626874,5.414608059190292,0.8160551595816706,17.318617563825192,2.936,0.81,0.2061
0.0125,0.041992,0.102783,1.125977,1.221008,-3.980042,25.827179,3.004723191967302,0.7672143927799768,0.15283487554497946,5.4502306992135505,0.6899750640715387,17.628455705609753,2.941,0.811,0.2093
0.0122,-0.057129,0.072998,0.973389,-0.213318,7.158875,22.40921,3.0095301309299343,0.7693268985530911,0.1526150474474042,5.454810418017901,0.7764697863357809,17.911849141582845,2.948,0.813,0.2125
0.0119,0.153076,0.193604,1.487549,-4.08905,4.778503,23.874054,3.0147004960119177,0.7704519302138986,0.15308907003263145,5.454152510381669,0.7136326942101987,18.186959695272012,2.952,0.814,0.2158
0.0122,-0.112305,0.156494,1.094971,-10.162048,2.733826,26.223907,3.016232212934467,0.7734548926142873,0.15265782509460304,5.387157508483141,0.7776711260711868,18.51115700089378,2.957,0.815,0.219
0.0112,0.013916,0.247559,1.1521,-12.969666,8.654236,23.813019,3.0173351779124884,0.7761503043022555,0.15272297335845192,5.3508419033035715,0.8244224068341375,18.778787582243005,2.963,0.816,0.2206
0.012,0.047363,0.155029,1.269775,-19.347839,14.391541,21.127472,3.022127672037669,0.7780021020781811,0.15290881897738853,5.164277802378131,0.9265925782530641,19.04318408624429,2.968,0.817,0.2239
0.0124,0.022461,0.179932,0.995117,-26.885681,17.29071,17.038116,3.025684294029613,0.7805167876593548,0.1530050917047976,4.921775526108026,1.0835068159245687,19.268130449577846,2.976,0.819,0.2239
0.0122,0.063721,0.186035,1.204346,-34.942322,25.98822,15.023956,3.030838283034793,0.7825998899618661,0.15321871342278895,4.571726177304277,1.3217428865786394,19.475845806763445,2.981,0.82,0.2239
0.0115,0.004395,0.173584,1.403076,-45.135193,30.535339,17.221222,3.0357182954541746,0.7846822869337075,0.15320347161822442,4.111971356217677,1.629775863980267,19.70018629023276,2.986,0.821,0.2222
0.0121,-0.013916,0.086426,0.809814,-63.049011,33.495544,20.486603,3.0414976001000573,0.7868994368352447,0.15309592320838897,3.4080987589943748,1.9963037766161142,19.976522202132745,2.993,0.823,0.2158
0.0121,-0.141602,0.135254,1.102051,-74.27948,36.608337,14.138947,3.044842329651381,0.7899172517469755,0.15242623109466302,2.5835691694597056,2.4921162739699603,20.16719182020029,2.998,0.824,0.2142
0.0122,0.104492,0.358887,1.133301,-82.061462,31.511902,17.556915,3.055324947581505,0.7916987637643318,0.15236082887501057,1.8074977516285362,2.7645529874998265,20.436488896086544,3.006,0.826,0.2125
0.0116,-0.235352,0.210693,0.878418,-61.217957,-14.08136,12.918243,3.056649730737381,0.7946279488663409,0.1509048790501773,1.2605203192564578,2.749434981854073,20.5703611475843,3.011,0.827,0.2093
0.0121,0.238525,0.731934,2.234863,9.002991,-54.486633,-7.681122,3.067247726126188,0.7971794342112705,0.15078429752632033,1.5866557105749817,1.9910006513328922,20.514191691474668,3.017,0.828,0.2125
0.0128,-0.077148,0.081787,2.794189,14.343567,-63.611389,-6.033173,3.074456607709673,0.799906909815912,0.1504747791848803,1.7726201496350946,1.1841829369495147,20.412410912450575,3.025,0.83,0.2158
0.0117,0.093262,-0.50708,0.821045,-24.200134,-22.809387,13.894806,3.0809548718503863,0.8023884276722957,0.15153994834112106,1.1146296828119258,0.8271490769824195,20.554201076080187,3.031,0.831,0.2109
0.0118,0.19165,0.036865,0.396729,9.826965,-38.739563,-2.950897,3.091778424683766,0.8042525795048215,0.15356603661205045,1.2902754937840513,0.035807284859834546,20.544571399717782,3.039,0.833,0.2044
0.0123,-0.297607,-0.089355,1.484863,20.935364,2.031921,-32.339325,3.095426372858308,0.8065435040138661,0.15270632861028524,1.4878122170034822,0.21202367811434655,20.136092911793344,3.044,0.834,0.2028
0.0122,-0.353271,-0.251221,2.629883,-14.098816,24.614929,-48.116913,3.100013266220315,0.8092685394065908,0.15220356129541454,1.2266865248002885,0.6185539035507873,19.54699631471385,3.05,0.835,0.1963
0.0113,0.075195,0.076172,0.735107,-3.265076,7.494568,-53.304901,3.108440572369703,0.8111191935544471,0.15268947867449015,1.2549687877370252,0.6159310197067163,18.95723487587988,3.057,0.837,0.1866
0.0126,0.099121,0.285889,0.555176,17.090149,-5.780579,-51.962128,3.117806437072351,0.8122480036322898,0.15309905329293655,1.7793524740353954,0.4247370621194504,18.311653147414706,3.063,0.838,0.1802
0.0118,-0.056396,0.303711,1.162109,4.120178,-14.905334,-37.19162,3.123479176961185,0.8133944499443817,0.15268180475003054,1.9993134501357346,0.2860148837576432,17.853313852062396,3.07,0.839,0.1623
0.012,-0.305908,0.049805,1.809326,-14.251404,-6.543518,-32.461395,3.1283001518057536,0.8147189053548323,0.15181617442796289,1.8290180411462278,0.33941324180815374,17.434713984305176,3.076,0.84,0.1526
0.0121,-0.109619,0.223877,1.341309,-9.154968,1.238464,-39.20578,3.1342455107849996,0.8161430746123954,0.15130928331891644,1.8245739657479716,0.41800204726377077,16.949823889374933,3.081,0.841,0.1462
0.0118,-0.229248,0.025146,0.651611,2.502747,4.290222,-40.609589,3.1376778628009836,0.8165436457094883,0.14964612907154087,1.8615071108394101,0.7120600582942634,16.41412101148523,3.088,0.842,0.1364
0.0125,-0.076172,0.054199,1.415039,-3.112488,5.419373,-40.640106,3.143808257405875,0.8183085823900216,0.14937588908071397,1.8284665464734624,0.8209534356189615,15.903048454689305,3.093,0.842,0.13
0.012,-0.05127,-0.299561,1.810059,-8.666687,2.672791,-39.816132,3.1491227146861926,0.8197284414177523,0.1493732696892984,1.5770786672957697,0.8743267975540887,15.410570474020043,3.098,0.843,0.1235
0.0118,0.050537,-0.070068,1.301025,0.885315,6.426453,-41.98288,3.1554355742148985,0.8214442808589698,0.14967102999748522,1.5254304021948937,0.9153334881274713,14.922468364511246,3.107,0.844,0.1122
0.0122,0.166016,0.077637,1.009521,7.141418,2.764343,-41.280975,3.1639914014938504,0.8236335696374439,0.15054915787015033,1.6512286868086359,0.8192225131440294,14.453894169769725,3.112,0.845,0.1057
0.0111,0.048584,-0.12793,1.324707,1.343079,-0.653625,-38.473358,3.169994567319827,0.8253362487924368,0.15084986968600855,1.5727119284199456,0.779454285395173,14.032298056725292,3.12,0.845,0.096
0.0121,0.025879,-0.163086,1.453613,2.807922,-0.562073,-43.600311,3.176383500918719,0.8271297323108023,0.1510369340065094,1.5005331084630618,0.7579744164267421,13.50662513837588,3.126,0.846,0.0879
0.0123,0.023438,-0.03418,1.649658,9.369202,3.618835,-48.849335,3.183330744827615,0.8288199755425204,0.15115388880534922,1.5773893674067987,0.7924249270470601,12.910503796811662,3.132,0.846,0.0814
0.0124,0.010498,0.070068,0.928467,10.345764,-2.423645,-48.422089,3.1907438150612375,0.8303862435451493,0.15124925115200702,1.7416161590717492,0.7504920251199417,12.314286531361606,3.14,0.847,0.0717
0.012,-0.093506,-0.086426,1.436523,-0.976257,-0.043274,-44.851532,3.1969127345059016,0.8318964640073304,0.150930661242622,1.660992139078778,0.8001290801841532,11.770488892501808,3.146,0.847,0.0636
0.0112,-0.045166,-0.064697,1.446533,-2.83783,4.625916,-39.571991,3.202716151775337,0.8332149344802474,0.15080753215710155,1.5740306758181644,0.8716740921392785,11.326801810807659,3.155,0.848,0.0539
0.0127,-0.086914,-0.007324,1.317871,0.82428,2.855896,-40.731659,3.209316434471736,0.8346493266648513,0.15046249887735497,1.558005931067075,0.9543730387063512,10.80608093827316,3.16,0.848,0.0474
0.0113,-0.015381,0.009033,1.256836,1.129456,9.020447,-41.006317,3.2158455723805726,0.8358749098764267,0.15043618235774517,1.5548514612713422,1.058030413903955,10.346623596637688,3.166,0.848,0.0393
0.0129,-0.016113,-0.075195,1.168701,-3.173523,-0.34845,-39.480438,3.2229641640655364,0.8372523303210071,0.15038540711823056,1.4426814573001343,1.0568854886909207,9.83607986793402,3.174,0.849,0.0328
0.0111,-0.007812,-0.054932,1.239014,-1.006775,-5.231262,-42.715302,3.2293381131994825,0.8384006352523321,0.15038178557600104,1.3771747601035051,0.9958470190020642,9.360266151183408,3.18,0.849,0.0247
0.0125,0.049316,0.084961,1.191406,-1.403503,-17.773987,-43.173065,3.2375345701836395,0.8395136481216809,0.1506273809246423,1.3950833839406622,0.7373760623605622,8.82042856479867,3.19,0.849,0.015
0.0126,-0.064453,-0.13916,0.731934,-2.349548,-42.340637,-45.339813,3.24401602237429,0.840957457651183,0.15014059466078095,1.209452186170095,0.26600390040500455,8.232096488661647,3.196,0.849,0.0069
0.0113,-0.008057,-0.008057,0.984131,5.127258,-62.940002,-50.771942,3.2508689237146418,0.8419848669644949,0.15011269281181203,1.2523459441695106,-0.43344082902312087,7.6429313099984295,3.202,0.849,0.0037
0.0122,0.051514,0.057617,1.061523,2.71637,-70.569397,-42.745819,3.2584170865983313,0.8430391683811568,0.15047001537324156,1.3246364809139424,-1.3168116438750592,7.100254614889655,3.211,0.849,-0.006
0.0128,-0.196045,-0.299805,1.078857,3.601379,-4.712463,-35.970917,3.267806144133898,0.8441833412282699,0.14947891066915206,1.1749478451852398,-1.2342882476880723,6.649055586343385,3.218,0.849,-0.0158
0.0117,-0.365723,0.086914,3.674561,3.631897,-16.919495,-34.689178,3.276724316053633,0.8451137960035324,0.14889271174602978,1.2342331798112067,-1.336533458103254,6.2494580632252275,3.229,0.849,-0.0287
0.0114,-0.310059,0.092041,1.013184,-5.035095,20.495056,-33.834686,3.2864322230791574,0.846127037363855,0.14720341314691565,1.2437157264683727,-0.8768397382479407,5.894226390831958,3.235,0.849,-0.0352
0.0123,-0.024414,-0.005127,0.95459,-2.807312,23.455261,-25.167694,3.293336129315498,0.8467990073315745,0.14718737769648904,1.2000667717466902,-0.5680879794737781,5.590205749278244,3.24,0.848,-0.0384
0.0113,0.024658,-0.237793,0.361816,6.103821,-20.032288,-19.216766,3.2975531748903433,0.84577966901212,0.1475661266160307,0.8820547343152689,-0.8478007390104553,5.317341127237856,3.248,0.848,-0.0417
0.0128,0.047119,0.00293,1.080322,9.64386,1.574158,-22.390594,3.305073241894221,0.8462907373736612,0.14798416177383245,1.0042915244952388,-0.8582035241944536,5.023721597198374,3.255,0.848,-0.0449
0.0116,0.02832,-0.061768,1.95874,-1.922302,-5.658508,-13.448944,3.3121760958858273,0.8468107369666258,0.14814172379259918,0.9517278151950547,-0.9284199285479039,4.862209027049359,3.264,0.847,-0.0498
0.0122,-0.144043,-0.243408,0.976074,2.014465,-0.836731,-17.202606,3.319377708222372,0.8475873669617481,0.14724967531573877,0.7938618006908922,-0.8306261326175967,4.657637152435488,3.27,0.847,-0.053
0.0114,0.021729,0.09082,1.075195,4.242249,-3.033997,-17.507782,3.3266841651427486,0.8482443038410399,0.1475331578737986,0.9039897125094141,-0.8792511615539158,4.460071396846493,3.277,0.847,-0.053
0.012,-0.004639,-0.03833,1.63623,2.624817,-1.59967,-14.303436,3.33395711030116,0.8487610708235864,0.14759179804268668,0.9126193863850658,-0.8911757421713938,4.286481135186288,3.285,0.846,-0.0562
0.0125,-0.086426,0.043701,1.222168,3.479309,8.47113,-19.55246,3.3417702995205354,0.8498076756100018,0.14725554828777804,0.9802985305122317,-0.7285403712151821,4.058602785302143,3.291,0.846,-0.0611
0.0118,0.037354,-0.031982,1.054688,2.685852,1.940369,-13.99826,3.349009637291724,0.849974059261531,0.1476010510449649,0.9834992777361562,-0.7333199934721808,3.8832402062713953,3.301,0.845,-0.0643
0.0126,0.127441,-0.118896,0.744873,0.427551,7.067322,-14.028778,3.355705322435006,0.8489363179980653,0.14879680869253656,0.8681340708631206,-0.774657285511435,3.663867224879802,3.307,0.845,-0.0676
0.0117,0.039062,0.049561,1.696289,2.533264,-0.378967,-11.526337,3.3631077182171807,0.8492843878483063,0.14905170789032346,0.914626033046681,-0.7932332867935972,3.5256037651737593,3.314,0.845,-0.0692
0.0123,-0.053467,-0.064209,1.659424,2.258606,-13.837219,-11.86203,3.371121575658581,0.8499605929434757,0.14888648678110172,0.9075346200574844,-0.9332674170650187,3.3823140204282263,3.323,0.844,-0.0708
0.0117,0.030273,0.010742,1.117676,1.983948,-1.508118,-13.815155,3.378592262809041,0.8502127114314251,0.14920115651913549,0.9341084883195853,-0.9693395205220073,3.214596844267835,3.329,0.843,-0.0724
0.0123,-0.013184,-0.082764,1.090332,4.425354,-5.689026,-10.458221,3.3865618368223824,0.8506330317426234,0.1492029108239589,0.9258978639960924,-1.027607566806238,3.084091338649594,3.337,0.843,-0.0724
0.0111,-0.012451,-0.064453,1.170654,5.61554,-0.256897,-13.204803,3.3937411076769033,0.8510145755556993,0.14921199485342346,0.9416253690635756,-1.0189463940096346,2.937590492985673,3.346,0.842,-0.074
0.0124,0.017822,0.072266,1.591553,-1.800232,7.769226,-11.068573,3.402074076879316,0.8514287008006316,0.14943658290521494,0.9489353456075924,-0.9265018183396327,2.80161631085037,3.353,0.842,-0.0757
0.0125,0.140869,-0.016602,1.286621,-2.776794,10.454773,-11.434784,3.409615328979896,0.850900234373735,0.15031564256886348,0.8994487494090417,-0.8769950413335438,2.6361532999210735,3.363,0.841,-0.0789
0.012,0.041992,0.05127,1.349121,-0.274353,-5.231262,-7.284393,3.4173987444604754,0.8510378551423837,0.15065972384561552,0.9198047725575347,-0.9608334665242693,2.541872186427364,3.37,0.84,-0.0789
0.0114,0.07251,0.017822,1.10498,-0.243835,-9.625793,-5.239716,3.424815457002245,0.8508912381050049,0.1512509201094644,0.9238070369103368,-1.118691381026919,2.4663735813187615,3.377,0.84,-0.0789
0.0124,0.142578,0.02002,1.399658,-10.924988,4.778503,-4.324188,3.432780279518652,0.8505126445305282,0.15211275878442843,0.7941546107058252,-1.132923633479468,2.3928038476611455,3.386,0.839,-0.0789
0.0123,-0.069336,-0.037109,1.456055,-12.817078,-6.757141,-3.805389,3.4414247462361973,0.8513060942988896,0.1518760736353217,0.6140225583839193,-1.1742012071419077,2.3567535228245204,3.393,0.838,-0.0805
0.0119,-0.025635,0.126709,1.033447,-3.265076,-6.604553,-5.972137,3.45037045613929,0.8517200579892742,0.15190720253109252,0.6673136868467839,-1.2313733303668963,2.291415160015948,3.404,0.838,-0.0805
0.0116,0.005127,-0.005615,1.475342,-7.720642,-2.210022,-1.516571,3.458510594293616,0.8520769950827409,0.15205272924872587,0.5716386197076581,-1.2541039514612526,2.2741575491436365,3.411,0.837,-0.0821
0.0121,-0.035889,-0.067139,1.365479,-7.445984,-2.393127,-5.605927,3.4668215849461146,0.8526724266669338,0.15197161443420273,0.4431053244099817,-1.2573492952199885,2.2118686228790145,3.418,0.836,-0.0821
0.012,0.080322,0.046143,1.181396,-2.319031,5.907654,-2.92038,3.4750039929349614,0.8525230100318297,0.1526419746754997,0.4442326962339408,-1.2351538372771664,2.1651358604597273,3.428,0.836,-0.0838
0.0123,0.061035,-0.037109,1.21582,-2.19696,10.027527,-3.286591,3.483139667415817,0.852573647258823,0.1531593157593412,0.3930390603148508,-1.1475452811315097,2.116244911459869,3.435,0.835,-0.0838
0.0114,-0.022705,-0.171875,1.263916,4.883118,-0.653625,-4.507294,3.4902866422529804,0.8532332745069043,0.15309279596422803,0.34508053643462605,-1.138011251129613,2.068858273880064,3.446,0.834,-0.0854
0.0117,-0.000244,0.045654,1.317383,10.406799,-3.888489,-0.112762,3.4987458012603274,0.8535286851915975,0.15323534050158288,0.49130252648575834,-1.1797064926483996,2.068364564932976,3.453,0.834,-0.0838
0.0121,0.000977,-0.007812,1.293945,3.72345,3.191589,-2.15744,3.5073507554602648,0.8538772250155439,0.15338408678256388,0.5294418221025705,-1.1383525988698404,2.0432748600632404,3.46,0.833,-0.087
0.0128,0.030518,-0.07666,1.3396,0.580139,-1.141907,-4.324188,3.5160090246913183,0.8541319849196358,0.1536695720294786,0.49119662656790236,-1.1662987762604677,1.983944996917097,3.47,0.832,-0.087
0.0112,-0.156006,0.063232,1.373047,9.613342,-8.771301,-1.608124,3.5248698269340766,0.8553041811513974,0.15295674831159684,0.6311393935159794,-1.173670362426213,1.9909408822197419,3.477,0.831,-0.087
0.0119,-0.050049,-0.02124,0.88208,7.171936,3.31366,0.497589,3.533572709860907,0.8560247632755915,0.1526979715307177,0.6947959470614932,-1.0921268029781472,2.0084852583216923,3.489,0.83,-0.087
0.0122,0.024902,-0.010986,1.329102,-4.577332,-4.529358,0.98587,3.542175764362836,0.8562152706831262,0.1529664255945055,0.6283887405674611,-1.1584503197037224,2.0165385477102467,3.496,0.83,-0.087
0.0121,0.037109,0.074463,1.019043,-1.983337,-3.674866,-0.26535,3.5507637327688593,0.856257515168845,0.15343703849907467,0.6571717685331077,-1.2291881342055986,2.006880423795036,3.503,0.829,-0.087
0.0126,-0.022705,0.046631,1.350098,0.885315,8.837341,1.016388,3.5598900585215785,0.8567206055717811,0.1534821868609134,0.6902780991556241,-1.1019526219239066,2.02549495153856,3.512,0.828,-0.0854
0.0121,-0.0271,0.053711,1.460449,-1.18988,-7.123352,5.044708,3.5688093373747276,0.857199371912541,0.15347485781021578,0.6983878418441403,-1.1701277675650743,2.0907292294504995,3.519,0.828,-0.0886
0.0117,-0.04126,-0.008057,1.314209,-0.884705,4.809021,3.183136,3.577411243162684,0.8577398646317289,0.15336939574668462,0.6782888132799509,-1.0873896448416835,2.1348201991183915,3.531,0.827,-0.0854
0.0116,0.030762,-0.051025,1.355713,-4.394226,0.65863,4.953156,3.585520306301595,0.8579009090432954,0.1536558281308616,0.5934961101013516,-1.0948508988041148,2.187684796173573,3.538,0.826,-0.087
0.0122,0.061523,-0.008789,1.113281,-10.680847,-2.911926,4.129181,3.5939669953570466,0.8578620912502959,0.15423376701016042,0.4543981797196353,-1.1713541016605493,2.2274628783068695,3.545,0.826,-0.087
0.0124,-0.015137,-0.037354,1.251465,-2.013855,1.2995,4.739532,3.602938829036511,0.858335432753022,0.15428174484827362,0.40379314949430833,-1.1434989692051594,2.2886608957497976,3.556,0.825,-0.087
0.0564,-0.079346,0.001465,1.316895,8.484192,-0.195862,2.786407,3.644342203865715,0.8604482995847786,0.15456341934912754,0.8726188987846827,-1.0962842250338967,2.458006124298685,3.563,0.824,-0.0886
0.0016,0.055908,-0.040771,1.711182,1.648254,-1.019836,5.227814,3.6453538498986107,0.8602673312759067,0.15478689285273106,0.8447224918733186,-1.1222677027965668,2.4607419733761877,3.574,0.823,-0.0886
0.0004,-0.033203,-0.059082,1.248535,-11.413269,-7.031799,3.915558,3.6456991600547792,0.8604610216999778,0.15452447534056807,0.7903815500452728,-1.0979607777228502,2.4673017807548976,3.582,0.822,-0.0886
0.0019,-0.001221,-0.041992,0.65625,-1.647644,0.933289,-1.760712,3.6469541709502393,0.8604003767624231,0.15456834438058673,0.726871696105688,-1.1014326736135205,2.461382799075533,3.589,0.822,-0.0886
0.0009,-0.056152,0.159912,1.792969,5.890198,5.419373,-2.065887,3.6479223101997955,0.8608333354782072,0.15431737763633452,0.8043665831717415,-1.063175027700056,2.469268980597329,3.599,0.821,-0.087
0.0106,0.016846,0.008057,1.354248,-0.701599,-5.994202,1.168976,3.655517645499097,0.8610984503950481,0.1545230824028203,0.7954197900492546,-1.1340043386603496,2.479155008622048,3.607,0.82,-0.0886
0.0117,-0.088867,-0.040771,1.169678,-1.342468,-4.468323,0.039825,3.6645435187163886,0.8620206064460458,0.15404299556364384,0.7437218366004159,-1.1168770312436127,2.4933575770906895,3.618,0.819,-0.087
0.0121,0.087891,-0.009277,1.286865,2.258606,-1.752258,-2.889862,3.673415153668137,0.8618857263935973,0.15473306867131234,0.7592466056832561,-1.1936813826944621,2.4447403489905497,3.626,0.818,-0.087
0.0117,0.079834,-0.105469,0.963135,0.702209,5.510925,-2.218475,3.6815097619376576,0.8614411613204273,0.15552468904800848,0.6688356635979468,-1.2000891837841752,2.400525532023501,3.633,0.818,-0.087
0.012,0.163818,-0.056396,1.680664,0.94635,4.931091,-3.988495,3.6899892727503656,0.8609756936665626,0.15642502176091183,0.6463628656071196,-1.218592200424615,2.333364929940173,3.644,0.817,-0.0886
0.0121,-0.034668,-0.088135,1.685791,1.06842,10.302185,-8.07785,3.6990268853185504,0.8616210467107575,0.156377088529502,0.6105753212723255,-1.06975301904428,2.2432533723094776,3.651,0.816,-0.0886
0.0122,0.115723,0.05957,1.063477,-4.546814,2.916931,-4.690399,3.707979680430479,0.8608875101459877,0.15744319111883984,0.601068627173613,-1.1263950043019568,2.1621561506340856,3.663,0.815,-0.0902
0.0124,0.138184,0.017334,0.745605,-2.135925,-5.109192,-5.605927,3.7170277204592854,0.8595171191769664,0.15914799499795745,0.5937505416408229,-1.3469418310548111,2.0516542653542342,3.671,0.814,-0.0902
0.0116,0.071045,0.218262,1.61792,5.829163,3.649353,-4.415741,3.7263163697294153,0.8591504067438829,0.1597054027263081,0.7716113482510828,-1.3340435789157608,1.9857953197290792,3.679,0.814,-0.0902
0.0125,-0.067139,-0.006592,1.48291,2.044983,-7.642151,-3.469696,3.736194508883612,0.8599374242490267,0.159467162548595,0.7879646175280076,-1.3820337987099804,1.952377850628277,3.691,0.813,-0.0935
0.0116,-0.006104,-0.093262,1.512451,-1.95282,4.931091,-4.202118,3.745183140498819,0.8605265376199676,0.1595528672168093,0.7074342324942785,-1.3137006663086641,1.9106807957438547,3.699,0.812,-0.0935
0.0118,0.246582,-0.005127,0.996338,-0.06073,5.999207,-2.248993,3.753739372474895,0.8589056848302887,0.16171891061464658,0.6987015889577444,-1.441366523249243,1.8400939094564401,3.707,0.811,-0.0951
0.0121,-0.000732,-0.165283,1.039551,-1.556091,0.994324,-7.345428,3.762729240723198,0.8600409385579274,0.16183558849163102,0.5448933187834012,-1.4232143155156392,1.7683303729687656,3.718,0.81,-0.0967
0.0119,0.164307,-0.013916,1.525391,0.366516,9.722351,-6.979218,3.7717870913366003,0.8594133676038092,0.16289798129125804,0.539659686556101,-1.3905595175604006,1.665791808515544,3.726,0.809,-0.0967
0.0121,0.131348,0.161865,1.342773,8.026428,-10.266663,-4.04953,3.7812749549015288,0.858198517803828,0.1639207626241509,0.7338842596335402,-1.5876468878608399,1.5826395661110715,3.738,0.808,-0.0999
0.0116,0.099365,0.140869,1.294922,5.646057,1.757263,-4.812469,3.790686709229971,0.857256290590119,0.16479990583712098,0.8854325840362425,-1.6222027585201193,1.4999428238537775,3.746,0.807,-0.0999
0.0123,0.078369,-0.05249,1.172363,-2.990417,3.893494,-4.873505,3.800294964405006,0.857441379658198,0.16555503478135308,0.8061791721332117,-1.6220883428039334,1.4379136386294409,3.754,0.806,-0.0999
0.0126,-0.024414,-0.099121,1.195557,3.815002,-8.557678,-7.436981,3.810550490772008,0.8586195602993247,0.1655253207592783,0.7808602439935967,-1.7020671690479519,1.363215071139595,3.766,0.805,-0.0999
0.011,-0.028076,0.095459,2.311035,5.096741,3.649353,-10.824432,3.8198500169981564,0.8588579839227499,0.16556606851719682,0.8672776955923988,-1.6365222562453596,1.2456355479865948,3.774,0.804,-0.1032
0.0127,0.137207,0.002686,0.952148,-5.85907,3.130554,-7.07077,3.829410385177807,0.8579617512161717,0.1670406754130458,0.7926324907997632,-1.7088816257772952,1.1303215214297104,3.787,0.803,-0.1032
0.0122,-0.159668,-0.039307,0.865234,-3.936462,-5.109192,-5.209198,3.8401678931792307,0.8600974397287202,0.16565680526795004,0.7058060502907396,-1.6137727160445139,1.1112726481488153,3.795,0.802,-0.1064
0.0117,0.021484,0.169434,1.172363,10.864563,2.459167,-5.361786,3.849822184435923,0.8593721967096752,0.16608018578622055,0.9474578536627221,-1.5919692529738916,1.0290905414265838,3.803,0.801,-0.108
0.0121,-0.15625,-0.100342,1.798096,4.97467,0.628113,-0.753632,3.8600411994610058,0.8606836375295351,0.1654299192499428,0.9525804164079522,-1.5012538739762311,1.0465350419962174,3.814,0.8,-0.108
0.0118,-0.029053,-0.12085,1.431152,-4.638367,-4.865051,-7.681122,3.869777842316448,0.8615828689023349,0.1653555014050706,0.822841527385694,-1.531410556428792,0.9713442571490329,3.823,0.799,-0.1097
0.0124,0.14209,0.150146,1.015869,-0.793152,2.153992,-7.192841,3.8795547478332097,0.8599558511848279,0.16685908565874027,0.9286177157595239,-1.6108362923681696,0.8424782085084119,3.836,0.798,-0.1097
0.0117,-0.008057,0.088135,0.898193,-0.518494,0.353455,-10.000458,3.8894477431846766,0.8596576277538427,0.16705747591426,1.0006635541994777,-1.5931164356979657,0.7160363688909848,3.844,0.797,-0.1145
0.0121,0.070801,0.1521,1.291504,-2.19696,14.086365,-8.291473,3.89938180333682,0.858853398056354,0.16781524434172732,1.0649300895026397,-1.4592898906847769,0.5983273044140988,3.852,0.796,-0.1145
0.0126,-0.093994,0.157715,2.225098,-4.119568,0.231384,-9.878387,3.910076793224452,0.8588909187356446,0.1676173855785597,1.0650831858027425,-1.4085647381434343,0.4729804958897274,3.864,0.795,-0.1161
0.0114,0.153564,0.135254,1.061523,-11.77948,-12.769104,-7.345428,3.9191954401188864,0.8576755968035465,0.16913250453784118,1.028080449213264,-1.6623078822961264,0.3569714685328105,3.872,0.794,-0.1178
0.0119,-0.006592,-0.044678,1.121338,-6.713562,4.747986,-7.528534,3.929225086157261,0.8581353033054387,0.16926412685236253,0.9106219237237443,-1.592369651696616,0.27667391241136696,3.885,0.792,-0.121
0.0122,0.054443,0.072998,1.761963,-0.762634,-1.843811,-8.108368,3.9394168907800955,0.8578955962116797,0.16972576160160982,0.9302213147495656,-1.6275502884234332,0.17117500934651517,3.893,0.791,-0.1242
0.0123,-0.039307,-0.106201,1.003174,-6.194763,-2.942444,-3.744354,3.949797879169433,0.8588909696366182,0.16952771167832864,0.7632249179212093,-1.6246965527969284,0.14462959534118688,3.902,0.79,-0.1259
0.0111,0.104248,-0.003906,1.071533,3.753967,3.43573,-7.436981,3.958857277454332,0.8585681835270649,0.1706143073761396,0.7986676773286514,-1.6580279779065847,0.0536324424743647,3.914,0.788,-0.1291
0.0125,0.185059,0.143066,1.511719,8.789368,20.006775,-9.023895,3.969290636016187,0.8574171879807032,0.1719972761977269,0.9799269759162922,-1.4969476903264676,-0.07947918563746224,3.922,0.787,-0.1291
0.0123,0.152832,0.020508,1.408936,12.329407,6.731628,-9.664764,3.9796045901428276,0.8569790591065134,0.17319315663608162,1.1364394026408418,-1.4926602998193796,-0.20616290200383144,3.936,0.786,-0.134
0.0121,-0.055908,-0.187256,0.881104,12.298889,-6.14679,-10.397186,3.990162107105656,0.8591502739405337,0.17268965758063082,1.1112519356632635,-1.5110534343915785,-0.2856812991029558,3.944,0.784,-0.1372
0.0112,-0.128418,-0.217773,1.955078,2.472229,-1.935364,-9.08493,4.000078637364379,0.8605960877470121,0.1721243452507727,1.0413223951780126,-1.4672613436496136,-0.3560782119618514,3.953,0.783,-0.142
0.0125,0.059814,-0.010986,1.599609,1.861877,-20.764709,-17.416229,4.010919351252106,0.8605065885489511,0.1726118802129513,1.0556663726125346,-1.7416341378748077,-0.5792571893241353,3.965,0.781,-0.1453
0.0113,0.023193,0.170166,0.576904,3.96759,-4.193665,-13.87619,4.020542926116811,0.8580742783661476,0.17348361739896986,1.3231442297971914,-1.8172482494252038,-0.7882320832633533,3.973,0.78,-0.1501
0.0122,0.064209,0.02124,0.563965,-4.028015,-0.562073,-13.601532,4.030653613273609,0.8572212864164092,0.17493649103119688,1.3018213999438175,-1.9121557584965474,-0.9720433461860826,3.987,0.778,-0.1566
0.0128,-0.102051,-0.05835,2.118164,0.030823,6.273865,-14.700165,4.042214591221788,0.8576812771967204,0.17463917356093211,1.2734425209110232,-1.7742468914004943,-1.1431360978914227,3.996,0.777,-0.1582
0.0119,-0.18335,-0.052002,2.418945,8.697815,-5.353333,-16.378632,4.053227790937884,0.8581910494498697,0.17401684686856891,1.3523523295615154,-1.7572814880558159,-1.3219846757950853,4.005,0.775,-0.1615
0.0114,0.038086,0.064209,0.342285,0.671692,7.982849,-18.911591,4.0626035286204845,0.856099005618074,0.17570012471264107,1.5067500014726827,-1.7623415808655662,-1.5781484186083967,4.017,0.773,-0.1663
0.0122,-0.181641,-0.166992,0.434814,-14.831238,-4.590393,-20.529022,4.075043354182265,0.859528548060777,0.1724481967439483,1.0733975156675173,-1.5408689000051343,-1.7431051335315364,4.025,0.772,-0.1712
0.0117,-0.038574,-0.048828,1.15918,-1.586609,-6.513,-27.792206,4.085525057923478,0.8597480855225608,0.17226513489738127,1.0215053426772454,-1.5769177340679725,-2.0579999473002646,4.039,0.769,-0.1777
0.0127,-0.013184,0.055908,1.926514,4.486389,-14.935852,-30.752411,4.097029540629523,0.8594042508237734,0.17236723258047915,1.1034326431527288,-1.7407993861323985,-2.4505475887692088,4.048,0.768,-0.1809
0.0119,-0.02002,0.000977,0.94458,-3.478699,5.358337,-26.907196,4.10774619144257,0.8591644150457817,0.17240214492894432,1.0646796454633263,-1.6483018031867744,-2.764743102878466,4.057,0.766,-0.1874
0.0121,0.04834,0.020752,0.872559,-3.692322,-5.780579,-31.057587,4.118098087287565,0.8582876337797345,0.1732086862481533,1.0430631632022884,-1.7506516706740276,-3.1503719333517344,4.069,0.764,-0.1955
0.0111,-0.10376,0.133301,1.225342,0.244446,-15.179993,-36.367645,4.128465108118857,0.8578340272474096,0.17264099315842876,1.1369752154467105,-1.8339149898304141,-3.553748045615559,4.078,0.762,-0.2036
0.0129,-0.081543,-0.006348,1.481689,-8.819275,-0.806213,-39.755096,4.140494047443082,0.8575019271172271,0.17229441744416915,1.0276146333712348,-1.7786120018236324,-4.056902645683912,4.088,0.76,-0.2117
0.0118,-0.109375,-0.231689,1.243164,-26.153259,4.595398,-36.337128,4.151241771440462,0.8578688656377362,0.1714483672607125,0.5821407506120437,-1.6404717119986059,-4.461361075148849,4.101,0.757,-0.2198
0.0121,0.145996,0.045898,0.34668,12.6651,-3.766418,-43.264618,4.160132612342891,0.8542447060244209,0.17566608141620954,0.8421159813095117,-1.979351249312471,-5.0489127215189775,4.109,0.755,-0.2279
0.0123,-0.118408,0.279297,2.432373,17.853088,-24.884583,-48.361053,4.171561581493689,0.8530437069442764,0.17543666044102113,1.1652081052757672,-2.2174449259488784,-5.651999641424785,4.123,0.752,-0.2424
0.012,-0.093262,-0.315186,1.2146,-19.134216,11.705994,-39.602509,4.18272607945063,0.853736615200361,0.17460395178944135,0.7494354430301909,-1.998074259360789,-6.085718231669659,4.132,0.75,-0.2554
0.0115,0.029785,-0.197998,1.012451,-1.311951,-3.766418,-47.292938,4.192450754429324,0.8534614879721181,0.17484192885351119,0.5970959699796602,-2.0467371744895964,-6.614946937972663,4.141,0.747,-0.2667
0.0124,0.045654,0.189697,1.12207,26.459045,-40.723206,-59.652557,4.203098012579858,0.8513091898141819,0.17568177160582366,1.0799162497175907,-2.5565273042754897,-7.383652836894908,4.152,0.744,-0.278
0.0114,-0.115234,0.016846,1.438477,-1.281433,9.935974,-60.049286,4.214592144663217,0.85061993881611,0.17509072414342833,1.0956382844218866,-2.34906491294906,-8.048196561274457,4.161,0.741,-0.2894
0.0125,-0.149658,0.071533,3.46582,-14.495544,22.08197,-69.113007,4.22607818696573,0.8494743784885155,0.17487412738868496,0.9550329473333736,-2.0046186796849605,-8.89747205058413,4.175,0.737,-0.304
0.0111,-0.058105,0.034912,1.26416,8.911438,-17.712952,-73.965302,4.235961551488638,0.8483620097013811,0.17457775049345897,1.0976224046099852,-2.13601251441605,-9.713159985772194,4.183,0.734,-0.3137
0.0124,0.052979,0.240967,0.683838,11.902161,0.719666,-75.918427,4.24632529125569,0.8451890600229729,0.17633909507691212,1.5251327425152916,-2.157529502376847,-10.689887559869172,4.192,0.731,-0.3299
0.012,0.091553,-0.177246,1.719482,-9.521179,3.985046,-74.392548,4.2566598444944646,0.8435303583474663,0.17680394128983704,1.349403427676429,-2.112943237313743,-11.573978357787446,4.204,0.727,-0.3461
0.0119,-0.07251,-0.251953,0.82959,-0.457458,-6.909729,-74.575653,4.26818624214583,0.842914836048343,0.17551315582931143,1.1434585278300125,-2.1014450658118444,-12.422989972032763,4.212,0.724,-0.3574
0.0123,0.182617,0.05835,1.279785,6.500549,1.54364,-85.561981,4.278101209411477,0.8395454792279026,0.17728340490119862,1.2859808447631544,-2.1580557752018383,-13.49915519694175,4.226,0.719,-0.3801
0.0114,0.270508,-0.088867,1.8396,-16.601257,-0.287415,-77.535858,4.2868217092416945,0.8366621928322976,0.17877519154903762,1.081799328829857,-2.2399850362123854,-14.397751333250497,4.234,0.716,-0.3914
0.0121,0.146729,-0.199463,1.575195,-11.108093,-1.447083,-76.589813,4.29635460352361,0.8343093562846673,0.17954903868849864,0.8767510126860726,-2.296367083350484,-15.321539967132322,4.242,0.712,-0.4043
0.012,0.112549,0.242432,1.298828,13.79425,-12.555481,-78.848114,4.305972146593498,0.8298861233649844,0.18112030143435823,1.2153256975037694,-2.480089753892459,-16.307248324872088,4.253,0.707,-0.4238
0.0125,-0.008301,-0.079102,1.76416,8.728333,6.792664,-77.841034,4.317035972060322,0.8273691299474272,0.18111820128042494,1.3176605057787445,-2.3508758567021624,-17.264626780066394,4.261,0.704,-0.4367
0.0125,0.228027,-0.456055,0.177246,-14.67865,-1.325012,-78.420868,4.3239638570220595,0.826591334686006,0.18299675723999406,0.6434866232478413,-2.6205331370388425,-18.20492157993372,4.274,0.698,-0.4562
0.012,0.006348,-0.19873,0.937012,-4.08905,-11.700989,-85.378876,4.333628400664429,0.8257691364740458,0.18265056025938595,0.4769501033293614,-2.7377087614222435,-19.18522636656766,4.282,0.694,-0.4691
0.011,0.124268,-0.130371,2.768066,2.807922,16.070007,-90.078583,4.342798981092605,0.8228218841418323,0.18310949227721343,0.511691194547495,-2.564038837780072,-20.16975831158487,4.29,0.689,-0.4837
0.0122,0.072998,-0.062988,2.357178,-0.610046,-7.550598,-84.280243,4.35288369515494,0.8194263055928835,0.18349434778572324,0.5255685701432892,-2.647490772266022,-21.193542090784806,4.301,0.684,-0.5015
0.0118,0.047852,-0.262695,0.66333,-14.159851,13.720154,-76.009979,4.360686252553946,0.8189061182832718,0.1832597374708734,0.12060220852199777,-2.519597832022875,-22.035996028737987,4.309,0.679,-0.5144
0.0123,0.200684,0.10083,1.043945,5.127258,9.691833,-78.573456,4.369861749494942,0.8105251273751312,0.18577940560644943,0.29949636877899966,-2.5289683119522306,-23.08343961100201,4.321,0.672,-0.5355
0.012,-0.128174,-0.220703,1.827637,-1.525574,-12.097717,-77.352753,4.380038211382261,0.8097841619746455,0.18479531705045582,0.22783322507186904,-2.5924891602567643,-23.949734440033275,4.329,0.668,-0.5484
0.0128,-0.00708,-0.441406,1.130615,-21.880798,0.872253,-75.674286,4.3887600266556,0.8101888806446176,0.18372259051862563,-0.2828144673219868,-2.5575223121702524,-24.83353302145402,4.337,0.663,-0.5614
0.0116,0.020264,-0.231934,1.057861,-10.497742,7.036804,-77.169647,4.3964663714288434,0.8086133871401302,0.18338354422222794,-0.5252646312167403,-2.4790715728150214,-25.687328918155327,4.347,0.656,-0.5808
0.0122,0.186523,0.11084,1.415527,9.796448,5.297302,-76.345673,4.406144926452493,0.8002158348489431,0.18527548680461156,-0.29867091020209563,-2.5064638315288277,-26.684576255276795,4.355,0.651,-0.5922
0.0112,0.079346,-0.018311,2.044678,0.091858,0.475525,-74.270477,4.415032551497281,0.7954721727332656,0.1858236190039488,-0.2636779185605007,-2.5145482520467266,-27.52137874395059,4.367,0.643,-0.6116
0.0154,0.11377,-0.296143,0.911377,-8.727722,-6.329895,-75.186005,4.424074461154881,0.7914878989580582,0.18616263473002023,-0.5748216907486127,-2.6919104520698354,-28.648507590175655,4.374,0.638,-0.6245
0.0087,0.04248,-0.077881,1.343994,-2.532654,3.985046,-77.535858,4.430586011356479,0.7882913178781692,0.18639956951021394,-0.6021383926437521,-2.6685398774114724,-29.3149192845801,4.381,0.632,-0.6375
0.0118,0.152588,-0.140381,1.07666,-0.06073,3.771423,-77.963104,4.437849500923362,0.7822097690858475,0.18754224242884224,-0.6506691388335711,-2.723327347143645,-30.257778779011375,4.391,0.625,-0.6537
0.0127,-0.088379,-0.250488,2.155518,-3.692322,-6.696106,-83.486786,4.447270649964452,0.7802526255229331,0.1868909100721516,-0.7287839902953333,-2.763032484351778,-31.255204581833315,4.398,0.619,-0.6666
0.0115,0.057861,-0.176514,1.199219,-12.023621,-1.141907,-76.956024,4.454517646117439,0.77665356422102,0.18701486136219633,-0.9264654474535128,-2.8042181712553416,-32.11604126894078,4.41,0.61,-0.6861
0.0122,-0.076172,-0.118164,0.868408,-8.300476,8.928894,-77.535858,4.463265274218521,0.7758349358586807,0.18596487103534592,-1.0734235871097684,-2.6267956895792626,-32.98252912897387,4.417,0.604,-0.699
0.0122,0.016602,-0.026611,0.875,-7.812195,-4.804016,-75.674286,4.4723393399360045,0.7700672778775206,0.1864131187210332,-1.1334790031384077,-2.7023370626243715,-33.90253895718708,4.423,0.598,-0.712
0.012,-0.066895,-0.009521,2.009033,5.005188,-3.552795,-75.24704,4.482145006398306,0.7654624633363057,0.18636196613626763,-1.0213665921417145,-2.7123464946672438,-34.77789474557026,4.433,0.59,-0.7282
0.0117,-0.050293,-0.242432,1.418701,1.861877,7.799744,-71.188202,4.489874197701681,0.7634730425705366,0.18554641323305407,-1.0797765042762397,-2.5872480973603893,-35.54649904332913,4.44,0.584,-0.7411
0.0122,-0.153076,-0.172852,0.91748,13.092346,2.459167,-72.744598,4.498668788384314,0.7647032559160649,0.1834855957154749,-1.0095888749592707,-2.43131660602752,-36.307802090600696,4.451,0.574,-0.7605
0.0123,0.069092,-0.272461,1.912109,3.418274,9.325623,-72.805634,4.506283345229046,0.7597197533001772,0.18342558408222961,-1.0286738153742847,-2.3399894343978036,-37.18367251927793,4.457,0.568,-0.7719
0.0121,0.052002,-0.314941,1.724121,-5.401306,4.625916,-72.256317,4.513069660853621,0.7555707428863239,0.1830923004199694,-1.1852403574058397,-2.3040173268459836,-38.0265809454235,4.463,0.561,-0.7848
0.012,0.104004,-0.302734,0.711182,-0.1828,-6.665588,-73.965302,4.517011408440591,0.7509583139120901,0.1827949058201301,-1.4248170331249859,-2.4898245921194735,-38.89266626405294,4.472,0.552,-0.8026
0.0116,0.016357,0.008301,0.945068,6.62262,6.182312,-74.758759,4.52567145848968,0.7437070406605997,0.18342637270568385,-1.2858170321245521,-2.4390705261056804,-39.77012667656123,4.479,0.546,-0.814
0.0121,0.022705,-0.239258,1.157959,-3.234558,-7.245422,-66.42746,4.532109602025073,0.739986064830007,0.18290098473672642,-1.4304958745781804,-2.540925789377631,-40.52426363301774,4.489,0.535,-0.835
0.0121,-0.12915,-0.294922,1.889404,5.432434,-9.656311,-66.519012,4.539913292688447,0.7384552985062786,0.181759318731504,-1.432820616488358,-2.6008668641835406,-41.23552644159825,4.495,0.528,-0.848
0.0119,0.186279,-0.189697,1.102783,2.472229,14.910339,-68.166962,4.545617940305315,0.72870810829394,0.18280844836392424,-1.4778426559480424,-2.553477920853401,-42.09946825914787,4.501,0.521,-0.8609
0.0116,0.080078,-0.055176,1.761719,-0.549011,4.229187,-67.342987,4.5530446095592065,0.7212492531239593,0.1834021964807749,-1.4563343048139534,-2.539562811120934,-42.891679718632346,4.51,0.51,-0.8787
0.0119,-0.036621,-0.161621,1.069092,-8.330994,-7.123352,-67.861786,4.5597497019279505,0.7185105212616977,0.18264720981512064,-1.61639331972049,-2.6000471470562325,-43.62847707097738,4.516,0.503,-0.8901
0.0126,0.037598,0.005371,0.735596,3.906555,4.473328,-66.793671,4.568303427172747,0.7084851948194653,0.18371186369918346,-1.5019319232802093,-2.5957401387711263,-44.503948378623136,4.524,0.493,-0.9063
0.0121,-0.206299,-0.100342,2.204102,-0.610046,1.482605,-68.258514,4.576733271372911,0.7056422589299021,0.18293906667200516,-1.4908770530965116,-2.503615428250743,-45.25224252660192,4.529,0.486,-0.9192
0.0116,0.010498,-0.054199,1.068604,-3.387146,-3.186584,-66.457977,4.583740086236125,0.6992502471641835,0.1831323381572611,-1.516453281971557,-2.551603316948337,-46.008947399601155,4.535,0.479,-0.9289
0.0126,0.033691,-0.141357,1.029541,1.95343,6.609558,-66.702118,4.5902204166436,0.6928717202948839,0.1830930254838103,-1.5416021363062524,-2.4989352578543325,-46.82817054976358,4.543,0.467,-0.9467
0.0121,-0.047363,-0.109375,0.869873,-3.692322,1.177429,-67.67868,4.596990658063197,0.6894439866885474,0.1823294511899021,-1.6276132561984937,-2.450027755722161,-47.5786797217822,4.548,0.46,-0.9597
0.0111,-0.157471,-0.108398,2.252441,-7.903748,0.963806,-69.296112,4.60409272216633,0.686016887018641,0.18173541427065973,-1.7010217008155564,-2.385649959892339,-48.2855300602946,4.555,0.45,-0.9775
0.0143,0.083984,-0.06543,0.3396,0.549622,-5.078674,-69.692841,4.6091285689685115,0.670764958664986,0.18354488989725215,-1.760997349130132,-2.670805371400643,-49.3791675435519,4.56,0.442,-0.9905
0.0104,-0.065186,0.031738,1.0625,8.606262,-2.911926,-70.669403,4.616575555402941,0.6655671162817368,0.18356013326555812,-1.5935425442682045,-2.6576827162974,-50.08086555042378,4.565,0.435,-1.0002
0.012,-0.083008,-0.240234,1.700928,-9.521179,-1.202942,-67.617645,4.622783703785397,0.6623400490762477,0.1826705799917788,-1.7594151491890664,-2.6344305402667563,-50.814262773078006,4.573,0.423,-1.0196
0.0122,0.054688,-0.250488,0.974121,-11.596375,0.445007,-68.350067,4.6265887355043915,0.6570029774154342,0.18214010193807303,-2.029923760134868,-2.678195772475093,-51.60632344834031,4.578,0.415,-1.0326
0.0126,-0.071289,-0.100342,1.833252,5.676575,-0.104309,-72.897186,4.633866333712078,0.6512285882313547,0.18189907717372467,-1.9361315011413252,-2.6577300085584414,-52.47612529354459,4.582,0.407,-1.0455
0.0108,0.096924,0.047363,0.957275,12.726135,9.23407,-72.561493,4.640032722167649,0.6389738809458195,0.18355659137543345,-1.7016349051615862,-2.64747617002963,-53.33472984290524,4.588,0.396,-1.0666
0.0123,-0.022949,-0.306152,1.676514,-10.223083,-3.613831,-72.103729,4.644930946036625,0.6351386305406207,0.18271744792104094,-1.9044089036778036,-2.684641739868482,-54.149481581213244,4.592,0.389,-1.0779
0.012,-0.090088,-0.220703,0.917725,-3.143005,-1.019836,-72.714081,4.649634120400003,0.6350016702189812,0.1809264734262349,-2.057401035453157,-2.6338690955973174,-54.89296485600141,4.599,0.376,-1.0973
0.012,0.260254,0.046875,1.602539,4.150696,-8.557678,-76.071014,4.655293946467485,0.6200418970249649,0.18294322860825218,-1.9185499414535758,-2.871623156484218,-55.90037509089614,4.603,0.368,-1.1103
0.0122,0.239014,0.062012,0.905273,-4.913025,8.379578,-77.078094,4.66059889622242,0.6003888903601204,0.1860946884176286,-1.856147999113686,-2.9798128740885543,-57.0101480890203,4.607,0.36,-1.1248
0.0114,-0.242188,-0.106445,2.25415,-13.854675,1.42157,-75.826874,4.667314550517298,0.5972877948567226,0.18528486093666502,-1.9845643333429857,-2.8830193330302305,-57.789136057832025,4.612,0.349,-1.1426
0.012,-0.097412,-0.041748,0.84375,2.197571,-8.344055,-77.017059,4.674200306017584,0.5935743070292465,0.184507646251322,-1.9259293974190779,-2.9072301231227797,-58.626875133952716,4.616,0.341,-1.1572
0.0125,-0.095459,0.059082,1.602539,15.137024,0.994324,-82.693329,4.681667808142757,0.5856583832284001,0.18473193341193941,-1.6361314378093361,-2.85839055367898,-59.633202431272075,4.621,0.327,-1.1799
0.0115,0.251953,-0.088379,0.742676,0.458069,-9.808899,-82.784882,4.6829550754542355,0.5689516273958405,0.18713825782047144,-1.6433788494365456,-3.2189889830420686,-60.708208409537576,4.625,0.319,-1.1928
0.0122,-0.279297,-0.536865,1.546631,-9.612732,-1.691223,-88.339081,4.68760220383294,0.5730835193647755,0.18411618647366607,-1.9259783046137358,-3.11633738493582,-61.572063927423414,4.628,0.311,-1.2074
0.012,0.152344,-0.093994,0.821289,3.570862,-0.653625,-94.167938,4.69001904711891,0.5599446843906699,0.18543980627962386,-1.8820997801433965,-3.2791809241228744,-62.76206751477561,4.633,0.299,-1.2285
0.0123,0.02417,-0.008301,1.389893,2.746887,-7.428528,-94.686737,4.695595786888465,0.5501573109440202,0.18607678308262982,-1.763808140534914,-3.3938737860525925,-63.92302333985257,4.635,0.29,-1.2447
0.0114,0.129395,-0.024414,0.102783,-12.878113,8.165955,-93.069305,4.691178075060737,0.5201703905790032,0.1915223248049194,-1.9017764596097226,-3.838715344610287,-65.31868930682049,4.64,0.276,-1.2706
0.0126,-0.144775,-0.398193,2.709473,-8.971863,-4.2547,-91.970673,4.695984653752675,0.5173427567817129,0.1906108738333683,-2.029112709415606,-3.8518075504934446,-66.36245675230353,4.642,0.268,-1.2851
0.0122,0.015137,0.255859,0.942871,5.829163,-4.865051,-93.160858,4.704010739259224,0.49910188423288476,0.19322992284639304,-1.6579347064364753,-3.939690133930316,-67.62808525912347,4.645,0.259,-1.3013
0.0115,0.118896,0.015869,0.947754,-1.525574,-3.857971,-90.444794,4.707071896666927,0.4853102671299215,0.19496029425086872,-1.5686248872079915,-4.079468236932566,-68.73374001500405,4.648,0.247,-1.324
0.0124,-0.031982,-0.172852,0.680664,-10.162048,-3.278137,-92.092743,4.710192467514234,0.48442173223106827,0.19353254120477886,-1.7818237304455233,-4.087987134127204,-69.72747034670721,4.65,0.238,-1.3402
0.0116,-0.008057,-0.36792,1.86792,16.540833,-13.409973,-95.815887,4.713253906690859,0.4818133389271736,0.19258412571953398,-1.6420205123715417,-4.23173084737092,-70.72256949246345,4.653,0.224,-1.3645
0.0121,0.082275,0.058594,1.791016,23.804016,2.398132,-92.611542,4.717306555546796,0.46985555593392586,0.19377071908955698,-1.2299355547198365,-4.229394883833747,-71.87194702887955,4.655,0.215,-1.3807
0.0114,0.024902,-0.284424,0.911621,-3.631287,-5.597473,-88.705292,4.719037469879296,0.46941934285604275,0.19233054545475103,-1.4076924797159351,-4.299419208273034,-72.73604678032336,4.657,0.206,-1.3985
0.0128,0.014893,-0.320312,0.909668,-20.049744,-6.024719,-87.545624,4.720284187671354,0.46897793085585726,0.19071251026395886,-1.812413234284092,-4.380766878542425,-73.6912159414966,4.659,0.194,-1.4179
0.0121,0.124023,-0.075684,1.289551,11.841125,-8.618713,-91.848602,4.722094850369672,0.45810586499741046,0.1916335747660745,-1.6081607126589412,-4.552006029362071,-74.81117031086688,4.66,0.185,-1.4325
0.0121,0.138184,0.091797,1.866699,10.193176,-0.34845,-94.686737,4.72499567442215,0.44472309742014765,0.1931865847006187,-1.3379483013631475,-4.6021177437836,-76.00825617868831,4.662,0.171,-1.4568
0.0111,-0.040039,-0.134766,1.255127,-11.840515,6.273865,-85.836639,4.728448245296352,0.4406689234733484,0.19270568834290214,-1.459863242361135,-4.491762792241802,-76.87690640196756,4.663,0.162,-1.4697
0.0123,0.021484,-0.181152,1.793213,-5.218201,-7.855774,-82.113495,4.731215211555534,0.4340817589943518,0.19262408312518214,-1.5056257823278476,-4.580342678329681,-77.82358935764825,4.664,0.153,-1.4827
0.0118,0.002197,-0.017578,0.911621,7.202454,9.966492,-82.388153,4.734309748473552,0.42508131450819714,0.19318405480178233,-1.3406594593156873,-4.454732194013302,-78.78115687602167,4.665,0.141,-1.5005
0.0125,-0.124023,-0.384277,1.391846,-15.289001,-1.050354,-74.636688,4.737334763633509,0.42592573001971956,0.19121124276471596,-1.646553065879074,-4.386306524348415,-79.52683911090854,4.665,0.132,-1.5134
0.0121,0.068359,-0.269043,0.661133,-2.654724,0.200867,-76.25412,4.735474751362661,0.42335976922979435,0.18984542860474424,-1.8671094549029625,-4.447618915286405,-80.31959934392802,4.666,0.117,-1.5345
0.0116,-0.000977,-0.056885,2.355957,18.402405,-8.557678,-74.36203,4.738448331020052,0.41498737075232767,0.19025502519313858,-1.5871788412297898,-4.529815097464897,-81.14833809371228,4.666,0.108,-1.5458
0.0117,0.175293,0.058838,1.641602,7.385559,-6.360413,-71.005096,4.7393305181295915,0.40075922439157385,0.1919391890761419,-1.3886509489327334,-4.666645576463635,-82.03811002852636,4.667,0.099,-1.5571
0.0125,-0.071045,-0.35791,1.062988,-22.979431,-4.651428,-64.626923,4.741140068129465,0.4023045011459255,0.18981668472951704,-1.8338804923473326,-4.658145935748479,-82.64234201007488,4.667,0.084,-1.5766
0.0119,-0.046143,-0.277832,0.255615,-6.072693,10.546326,-62.52121,4.739704370323164,0.41418062960349805,0.18507389697024643,-2.3250146144920265,-4.460239225987066,-83.03177586563396,4.666,0.075,-1.5863
0.0124,-0.162354,-0.116211,1.963623,29.541321,10.698914,-65.450897,4.7435053895133175,0.4095955344544816,0.18475523826608486,-1.9220653801446523,-4.25436273853857,-83.74780039969066,4.666,0.066,-1.5944
0.0113,-0.10376,-0.13916,1.675049,4.150696,13.567566,-55.441132,4.746171804686218,0.4057952023817208,0.1842948857053087,-1.873400366746367,-4.037211664889914,-84.28616899586136,4.666,0.054,-1.6106
0.0126,-0.028564,-0.482422,1.085693,-15.746765,-13.19635,-51.748505,4.745418311021361,0.4071040021377075,0.1818120685218814,-2.305068475904328,-4.170743889235034,-84.74014770021088,4.665,0.045,-1.6203
0.0121,-0.042969,-0.225586,0.844238,4.97467,-10.541321,-44.546356,4.746322255473352,0.40512993746548626,0.18032887617357404,-2.3770043626679622,-4.247214253503876,-85.1227442795103,4.665,0.03,-1.6284
0.0115,0.13623,-0.01001,2.367432,6.225891,32.79364,-41.738739,4.7473349673944965,0.3929896734982626,0.1814403688416501,-2.247889844846702,-3.8987588246955562,-85.63782850137513,4.664,0.02,-1.6365
0.0124,-0.10083,-0.339355,1.430664,-12.847595,-1.111389,-37.344208,4.748121762509904,0.3919182868700167,0.1799339005535247,-2.526313244267061,-3.842723027640047,-85.9493630876987,4.663,0.011,-1.6446
0.0117,-0.179199,-0.110596,1.343506,-6.194763,-7.306458,-33.743134,4.751502679316782,0.39065217550425285,0.17907875540445606,-2.6082926237521638,-3.8107391083780375,-86.20156000002277,4.663,-0.001,-1.6494
0.012,-0.359619,-0.28418,1.739746,1.95343,14.818787,-28.890839,4.754684976567381,0.3930688523730975,0.1772538681121061,-2.6572481621065855,-3.4631979894560794,-86.35037069285393,4.662,-0.01,-1.6543
0.0125,-0.012207,-0.047607,1.381836,5.676575,4.534363,-25.930634,4.756108954994981,0.38369512046048,0.1776584524313168,-2.564262713235982,-3.3866501477207596,-86.64707526338078,4.661,-0.025,-1.6624
0.0113,-0.010254,-0.351807,1.259521,4.150696,3.740906,-25.991669,4.7549519232742465,0.379567952270914,0.17628002301122328,-2.6755187445462183,-3.32190445593511,-86.84698097900795,4.66,-0.034,-1.664
0.0123,-0.089355,-0.261475,1.418945,-5.401306,-8.801819,-17.324677,4.755446013848741,0.37541365986498554,0.17521564012708452,-2.8383039433526305,-3.3618662091223848,-86.94495967495062,4.659,-0.043,-1.6689
0.0116,-0.085449,-0.221436,0.823242,-8.269958,22.387146,-17.965546,4.754870547413095,0.37403311846957615,0.17345848242980214,-3.084317210370187,-3.0139686245487813,-87.02316418206772,4.658,-0.056,-1.6721
0.0129,0.177246,-0.024902,1.572998,-1.250916,0.41449,-9.115448,4.754888169150071,0.3579635811121027,0.17485221188245273,-3.0710486162007014,-3.078296814365147,-87.20775545982403,4.657,-0.065,-1.6737
0.012,-0.147705,-0.233154,1.033203,9.033508,1.2995,-9.786835,4.755379869753772,0.3576588783635837,0.1730466371219572,-3.089796436425283,-2.938399087607953,-87.16318475932829,4.655,-0.079,-1.6786
0.0115,0.103516,0.093994,2.039307,-0.396423,5.846619,-9.695282,4.756885263115022,0.3448189992685143,0.17436377111014942,-3.0195034193247032,-2.893783632755037,-87.31243293634003,4.654,-0.089,-1.6786
0.0123,-0.103516,-0.039795,1.417725,-9.88739,4.809021,-3.347626,4.7587794713542575,0.33850843448832957,0.1743077158224947,-3.126265697921238,-2.7582809745400265,-87.28772217409255,4.653,-0.097,-1.6786
0.0122,0.008789,0.074219,1.494629,3.815002,2.520203,0.253448,4.76079097572576,0.327397852262209,0.17532955782918627,-3.007801269959105,-2.712560431341445,-87.29043661436891,4.652,-0.11,-1.677
0.0112,0.041748,0.040771,0.996338,4.272766,-4.224182,4.983673,4.7621406024218365,0.31527001208234207,0.17654029928470744,-2.8971765819779254,-2.7734400664489893,-87.26259173251259,4.651,-0.119,-1.6753
0.0129,-0.248779,-0.262207,2.082031,-3.692322,-17.712952,5.838165,4.763668653498775,0.3110335258618398,0.17543337024056851,-3.0130968939500606,-2.8794516333335824,-87.0578670705403,4.649,-0.134,-1.6753
0.0115,-0.064209,-0.132324,0.454834,-0.610046,16.558289,4.739532,4.762823287314057,0.30907228357797484,0.1734422776709334,-3.193600431645071,-2.576644421536774,-86.88384819630474,4.648,-0.143,-1.6753
0.0121,0.058838,0.184326,1.80542,0.915833,7.677673,5.471954,4.765371456465178,0.2967507067008334,0.1749375642410458,-3.0735614927503785,-2.488162502229419,-86.84869471033015,4.647,-0.151,-1.6721
0.0123,-0.010254,0.214355,1.506836,-6.469421,-8.649231,9.256134,4.768889437555236,0.28589496984124785,0.17635329089872406,-3.01758449536131,-2.5666361959338695,-86.73444035364649,4.646,-0.164,-1.6689
0.0117,0.01709,0.06958,0.667236,-1.098328,9.35614,12.155304,4.771359048517754,0.2738751172076648,0.17788600972755078,-2.921366136146224,-2.463442530006903,-86.62756265642625,4.645,-0.173,-1.6656
0.012,-0.344238,-0.155518,1.24707,-3.509216,4.839539,13.528595,4.773388500374201,0.2749501177087217,0.17569489642023495,-3.0290539457253156,-2.1791275013435056,-86.29217556053503,4.644,-0.187,-1.664
0.0119,0.035889,-0.147217,1.940918,-3.661804,-0.501038,13.131866,4.773660906283712,0.26469056240705696,0.17587599702369036,-3.102385172266671,-2.1735596182093393,-86.1309727776016,4.643,-0.196,-1.6608
0.0122,0.035645,0.048096,1.994629,9.094543,6.823181,15.329132,4.775283657689892,0.2537208255673366,0.176673686724229,-2.947042010184357,-2.079017302313763,-85.95221875989418,4.642,-0.205,-1.6575
0.0122,0.0625,-0.137451,1.258545,-3.295593,-4.2547,13.406525,4.774986431283046,0.24206971709597558,0.17693471610656078,-3.0418197948056087,-2.146604880009062,-85.79955523638225,4.641,-0.217,-1.6543
0.0116,0.0354,-0.132568,1.08667,-7.476501,-11.975647,16.36673,4.774592594110797,0.23137910955443006,0.17701185967599026,-3.192229299098987,-2.285745856139647,-85.6051392101163,4.641,-0.226,-1.651
0.0122,-0.125,0.070801,1.232422,14.221497,5.602478,15.695343,4.777668388147966,0.22471996984799583,0.1770728078854322,-2.949362048122332,-2.1162507585695285,-85.35620811304688,4.639,-0.24,-1.6462
0.0116,-0.027588,0.099854,1.969482,7.232971,5.083679,12.094269,4.779768636692509,0.21566286621434907,0.17769822321535708,-2.8005907184414047,-2.0245552854224775,-85.20553550368061,4.639,-0.249,-1.6446
0.0127,-0.018799,-0.179688,0.641113,-10.284119,-1.294495,14.35257,4.778268304883488,0.20617124603413342,0.17657737044414634,-3.1049223059828233,-2.004447798767101,-84.99326968000629,4.638,-0.258,-1.643
0.0119,-0.121338,0.114258,1.219238,6.103821,-2.393127,13.009796,4.781739146990532,0.19965390983724732,0.17676658119843047,-2.933902052000415,-1.9378388510449471,-84.77858313053672,4.637,-0.272,-1.6397
0.0111,-0.000488,0.245605,1.568115,4.364319,-2.820374,16.061554,4.785011225602756,0.19031855778833995,0.17803618084229714,-2.7434763231268366,-1.948643781830758,-84.59505612479941,4.637,-0.281,-1.6381
0.0124,0.036621,-0.03833,1.402832,-10.131531,-4.895569,21.219025,4.786171963921825,0.17892969978922885,0.17857807092139036,-2.8666618801230332,-2.0038804228524847,-84.33429039034921,4.636,-0.293,-1.6381
0.0123,-0.022705,-0.107178,0.775879,-1.037292,-1.721741,21.035919,4.786458005826617,0.16912437374534658,0.1781593709435298,-2.958071911985418,-1.9824373678578342,-84.05408689837788,4.635,-0.302,-1.6349
0.0117,-0.012207,0.259521,2.128906,5.462952,-6.513,14.901886,4.789625715527659,0.15995819815942122,0.1791316201913334,-2.777684994390246,-2.0307531681684403,-83.86512819153457,4.635,-0.311,-1.6349
0.0123,0.222168,0.256104,1.247559,13.580627,10.180115,13.559113,4.791939423207355,0.14460641979981137,0.18206421224482316,-2.440519701492298,-2.0192229573354536,-83.78133965622578,4.634,-0.325,-1.63
0.0123,-0.017822,-0.057129,1.318604,-1.525574,3.344177,9.68338,4.793243277509703,0.13469832371721482,0.1821575851415766,-2.468146806482319,-1.9504736200921375,-83.65110968131046,4.633,-0.334,-1.6284
0.0112,0.128174,-0.160645,1.313965,-13.152771,-13.562561,11.69754,4.792940919179218,0.12268465186915739,0.18277902762772494,-2.681902114761601,-2.1564060252977604,-83.54479451736827,4.633,-0.342,-1.6251
0.0123,0.111084,-0.030762,0.854004,9.735413,-15.881897,7.180939,4.793069733020414,0.10833756862970925,0.18423962007684205,-2.5621210492514788,-2.4349527912364612,-83.498589177716,4.632,-0.355,-1.6235
0.0123,0.210938,0.181885,1.265625,8.789368,-1.965881,3.091583,4.794109870461471,0.09261976248100448,0.18685205932400598,-2.3225946511077566,-2.5658292909520886,-83.53380340054052,4.632,-0.364,-1.6251
0.0113,0.064697,-0.07251,1.442139,-9.00238,-11.273743,6.479034,4.794904754736996,0.08224453423590629,0.1873997441740319,-2.438383385264307,-2.7040831168203368,-83.46166499626835,4.631,-0.378,-1.6235
0.0124,-0.12207,-0.061523,0.57959,-9.277039,-14.539124,6.875763,4.7987881818447535,0.0777503530570301,0.18560030427850116,-2.6059435429621294,-2.713966794378512,-83.2716762456136,4.63,-0.387,-1.6251
0.0115,0.134033,0.163086,0.934814,8.362122,1.574158,0.802765,4.800112367911547,0.06387318217345714,0.18816462316916496,-2.3538822350066018,-2.786913375721155,-83.3251747363971,4.63,-0.396,-1.6268
0.0129,0.239014,0.263672,1.592529,15.930481,-2.118469,4.953156,4.800766097624338,0.049045833411269696,0.19072329426497517,-2.0057323635297215,-2.901783400033446,-83.32177003707464,4.629,-0.408,-1.6251
0.0111,-0.177979,-0.255859,1.390381,-1.891785,-7.581116,5.075226,4.80361495285167,0.04344690313046778,0.18907632774298155,-2.1435329071578346,-2.8667716640964644,-83.19209494602796,4.629,-0.417,-1.6268
0.0122,0.132812,-0.058594,0.817383,3.418274,17.412781,5.410919,4.803092913154122,0.029167219961215834,0.19077936579739632,-2.1314645090836564,-2.7592552550302325,-83.18279406464094,4.628,-0.432,-1.6284
0.0125,-0.280762,-0.0625,1.521973,18.432922,-9.717346,-1.486053,4.807300320164104,0.023643151233119858,0.18925859244627044,-1.910697278477266,-2.721702796979034,-83.11755896477167,4.627,-0.44,-1.63
0.0116,0.14209,0.071533,1.263916,0.519104,-15.149475,-1.211395,4.807506149130898,0.010875801510846052,0.19096129362794956,-1.8386879640832259,-2.961828156971547,-83.16344324902545,4.627,-0.45,-1.6316
0.012,0.282471,-0.13208,0.461914,-10.589294,7.250427,-4.110565,4.802195327071744,-0.010631349843196525,0.19501641164217823,-2.1015185167178116,-3.2190149076402323,-83.35883523972076,4.626,-0.462,-1.6332
0.0122,0.009766,0.053711,1.686768,3.174133,9.569763,-4.873505,4.804037668992805,-0.02142726663012364,0.1956622002580925,-2.0115673243476437,-3.0837771722499974,-83.42180875209773,4.625,-0.472,-1.6349
0.0123,0.187256,0.420166,1.030762,13.67218,-11.456848,-6.124725,4.803402519288405,-0.03886208286301877,0.1993019869236586,-1.548824821957484,-3.3288581500368877,-83.60081467091995,4.624,-0.486,-1.6397
0.0119,0.182129,-0.089844,2.042236,-7.018738,12.652039,-7.620087,4.803901354298263,-0.050719481655412096,0.2003656264968986,-1.6414252681918322,-3.2208375685074198,-83.70844315931825,4.624,-0.495,-1.643
0.0122,0.327637,-0.056152,1.372803,-8.453064,-0.928284,-7.864227,4.8023194069781745,-0.06576853757409448,0.20284823286121537,-1.7476975860005026,-3.3835958885434096,-83.86154331117004,4.623,-0.504,-1.643
0.012,-0.043213,0.039795,1.134766,-3.234558,-8.252502,-8.291473,4.804693815497659,-0.07582453337895616,0.20306733912639385,-1.7327156639756063,-3.431089250388322,-83.94928328008108,4.622,-0.517,-1.6462
0.0114,0.020752,0.212158,1.228516,-2.929382,11.217712,-11.73996,4.806143959114457,-0.08803341445925691,0.2044262226565828,-1.6083406026706284,-3.296512015495266,-84.12151977768576,4.622,-0.526,-1.6462
0.0122,0.11084,0.056641,1.73291,-0.762634,4.198669,-6.490936,4.806884770037294,-0.1000848822879415,0.20559593426264544,-1.5690731115262322,-3.26915143998553,-84.22069499509722,4.62,-0.541,-1.6478
0.012,-0.213623,-0.102051,1.669434,-3.448181,-3.217102,-13.815155,4.810217950372843,-0.10780358247567876,0.20445016460094512,-1.6296422198753613,-3.1892938436275857,-84.33855223485477,4.62,-0.55,-1.6527
0.0123,-0.041992,-0.048584,0.483154,-2.532654,13.170837,-15.371552,4.812358265603491,-0.11663326311180484,0.20381136052204388,-1.7026813305376862,-2.9589281512985703,-84.49754434195114,4.619,-0.559,-1.6543
0.0117,0.124512,0.156006,1.143799,-3.509216,-4.834534,-15.188446,4.812732992795618,-0.1296786071445006,0.20583881824725608,-1.6118826204846426,-3.0813478347761474,-84.71775672640669,4.618,-0.572,-1.6575
0.012,-0.200928,-0.015869,1.392578,-1.434021,-0.623108,-20.437469,4.815758158028142,-0.1379966282817393,0.20476268863085734,-1.6061801800369206,-2.9640847848604417,-84.92655902160519,4.617,-0.581,-1.6608
0.0124,-0.220947,0.246094,1.95874,8.331604,-2.087952,-23.336639,4.818326313446331,-0.14805253104698785,0.20456659828935558,-1.3772425995331965,-2.8895575985225572,-85.20481080115245,4.616,-0.596,-1.6656
0.0114,0.00415,0.148438,1.238525,3.418274,1.268982,-19.888153,4.819302046693307,-0.1587399939888547,0.20547497841981527,-1.2196934878270629,-2.8628240994569083,-85.44434382756158,4.615,-0.605,-1.6689
0.0127,-0.045898,-0.140625,0.595947,-3.234558,7.555603,-22.360077,4.821136666071568,-0.1679657863642902,0.20427824687380947,-1.4020846845597177,-2.7069905451337366,-85.69329699022626,4.614,-0.613,-1.6753
0.0119,0.033936,0.089844,1.310059,2.258606,7.982849,-24.069061,4.821889784474882,-0.17879313720178378,0.20519030336997907,-1.2926169418137534,-2.6203459307662005,-85.99144283710427,4.613,-0.626,-1.6802
0.0115,-0.23584,0.040039,1.845947,5.310364,0.841736,-23.641815,4.823603493269494,-0.18733629040398192,0.20431287680298404,-1.1885403889325254,-2.4996261255470196,-86.24120764864239,4.612,-0.635,-1.685
0.0127,-0.12085,-0.065674,0.784912,-4.699402,-2.972961,-26.876678,4.82546789212837,-0.1966626650982564,0.2028856622146288,-1.2793350935955246,-2.4173911015015674,-86.55014632409392,4.61,-0.649,-1.6915
0.0112,0.250732,0.206543,0.662598,-6.652527,2.489685,-25.900116,4.824746999725964,-0.21053247255296434,0.20762332103386236,-1.125439291708278,-2.6318114225885787,-86.90657400415039,4.609,-0.658,-1.6964
0.0123,-0.133789,-0.019531,2.057129,-6.042175,2.855896,-19.338837,4.8258668681495624,-0.22068538906494015,0.20723841149956773,-1.1821703089831799,-2.5305883502483484,-87.13449012834386,4.608,-0.667,-1.6996
0.0118,-0.217529,0.01123,1.463135,-2.746277,-5.658508,-21.139374,4.827441113076144,-0.22982215206096093,0.20610997490025693,-1.1832160483818277,-2.47206859318061,-87.36371465744176,4.606,-0.681,-1.7061
0.012,0.071777,-0.13501,1.030029,-7.75116,7.250427,-19.247284,4.827548391374022,-0.24072506751252776,0.20660058027011716,-1.3483267560670196,-2.428362595099239,-87.5968786483309,4.605,-0.69,-1.7077
0.0128,-0.058838,-0.143311,0.84668,-4.119568,0.689148,-19.7966,4.828052535466802,-0.25120404108370703,0.2056342460044257,-1.4986601200239715,-2.3616361123034473,-87.8316701113435,4.603,-0.698,-1.711
0.0113,-0.075439,0.006836,1.343506,2.472229,-18.201233,-18.911591,4.8290803676805485,-0.2604623876674083,0.2053688321574722,-1.4401507988678304,-2.511896232488221,-88.02921084274108,4.602,-0.711,-1.7158
0.0124,-0.077393,0.005859,1.571289,-6.622009,15.398621,-19.766083,4.829881606618621,-0.270889600066786,0.20525934300499843,-1.4909128214626883,-2.272856266257834,-88.27002368387103,4.6,-0.72,-1.7174
0.0121,-0.152344,-0.153076,0.959473,-8.453064,-5.353333,-23.855438,4.830337876837175,-0.28032192219178176,0.20343255481625344,-1.6799936114795837,-2.2154155995728604,-88.53146907366356,4.598,-0.734,-1.7223
0.0114,-0.214111,-0.011719,0.800781,3.082581,-3.857971,-24.374237,4.831979128772451,-0.2875648449342892,0.2011950101330381,-1.6243759365559667,-2.063938958257231,-88.7666583096024,4.597,-0.743,-1.7223
0.0124,0.159912,0.170898,1.42334,-1.525574,9.905457,-24.648895,4.832989662754079,-0.2987836189361599,0.20314922454361045,-1.523922993936497,-2.0224602538787644,-89.08237691266761,4.595,-0.752,-1.7255
0.0118,-0.104004,-0.051025,1.625488,-11.504822,-3.156067,-20.864716,4.83333221842517,-0.30867830363138526,0.2026643188497581,-1.6555080471791077,-2.0031917418007725,-89.31747268054889,4.593,-0.764,-1.7304
0.0116,-0.070557,0.036377,0.921875,6.317444,-4.559875,-21.44455,4.8341549741191,-0.31790454346562474,0.20242023463846243,-1.5233225201956258,-1.9960552259968039,-89.55073637523411,4.592,-0.773,-1.732
0.0123,0.095215,0.200928,1.154541,9.308167,9.508728,-20.315399,4.835198586040421,-0.3282729102686469,0.20431066801668268,-1.2544168674221317,-1.9378179825259612,-89.80038132709426,4.59,-0.787,-1.7352
0.0122,-0.109131,-0.14209,1.632812,-8.483582,-3.064514,-13.601532,4.834984850015233,-0.3390862658947642,0.2035510496895401,-1.402074433429266,-1.914481560491514,-89.96153548998315,4.588,-0.796,-1.7369
0.0121,-0.045654,-0.117676,1.450928,-12.878113,-4.681946,-13.845673,4.834635776379859,-0.34993769884155745,0.20318685675750794,-1.5953480952118702,-1.9385328693867656,-90.12665223265667,4.587,-0.805,-1.7385
0.0122,-0.012207,-0.004883,1.500732,-3.051453,3.191589,-18.942108,4.834828058607591,-0.36043328827484483,0.20340049190438644,-1.6079658233215683,-1.8876990241192788,-90.35498922148288,4.585,-0.817,-1.7401
0.0116,-0.043213,-0.064697,1.963379,7.995911,-2.423645,-15.341034,4.834746504464895,-0.37046561350515395,0.20328291789430694,-1.5169418924499782,-1.8895689148856043,-90.52905002716663,4.583,-0.826,-1.7433
0.0121,-0.047852,-0.138184,0.81543,-2.715759,-9.839417,-14.150848,4.833739038101536,-0.38174182292122394,0.20237037529828514,-1.6505701696781807,-1.9618295608494511,-90.7007847791875,4.581,-0.84,-1.7433
0.0121,-0.058105,-0.138428,0.77002,-2.532654,-2.026917,-6.887665,4.832542813379783,-0.3933289464618753,0.20130693728961754,-1.7904496740999414,-1.9260778600447932,-90.78617191757962,4.579,-0.849,-1.745
0.0121,-0.14624,0.129883,1.767822,8.911438,0.902771,-14.456024,4.833543763519835,-0.40252972458983505,0.20106294543450953,-1.6017971178765582,-1.8447204526124954,-90.93838219051385,4.578,-0.858,-1.7466
0.0122,0.095703,-0.148193,1.236084,-8.422546,-3.735901,-12.106171,4.832315271090293,-0.41488003676976676,0.20168246380208674,-1.7695477635679688,-1.9419780671596665,-91.10234257302257,4.575,-0.87,-1.7482
0.0111,-0.018311,-0.156738,1.074707,-12.542419,2.825378,-6.704559,4.830916884527059,-0.4256686963220285,0.20126412108418545,-1.9927773389229113,-1.8903442360546898,-91.18543288409998,4.574,-0.879,-1.7482
0.0126,-0.049072,0.000732,1.476562,4.608459,-4.987122,-9.390106,4.831221087739371,-0.43631406498369196,0.20124679574141474,-1.9079440141876292,-1.919283926620073,-91.29092471717829,4.571,-0.893,-1.7514
0.0122,-0.125244,-0.119629,1.427002,-0.091248,-2.36261,-4.385223,4.830788910129182,-0.44691997310712067,0.2003328100363289,-1.948455555165244,-1.8708963272806545,-91.33436485204304,4.57,-0.902,-1.7498
0.012,-0.0896,-0.220215,1.077148,6.073303,-4.529358,1.535187,4.829129017432278,-0.45871032889577773,0.19905832116342562,-2.0047409294633383,-1.8532344932887872,-91.3206907563042,4.568,-0.911,-1.7498
0.0113,0.122559,0.064209,1.645752,24.231262,2.062439,-1.577606,4.829203953569961,-0.46898672603376906,0.20025908802638334,-1.680779461044217,-1.8752057291318642,-91.34093130019075,4.566,-0.923,-1.7514
0.0127,0.272217,-0.046387,1.158936,4.577942,7.128357,4.831085,4.828188432515418,-0.4828447246714042,0.20280920832815102,-1.6347362431135481,-1.945874290266707,-91.31812647426953,4.564,-0.932,-1.7466
0.0115,0.04126,-0.276855,1.553467,-17.547302,10.515808,2.359161,4.826604864153864,-0.49446573501847735,0.20270757658569183,-1.9488894446673029,-1.831960890505675,-91.3095986471917,4.562,-0.946,-1.745
0.0122,0.008789,0.053711,1.909668,1.587219,-8.099915,3.579865,4.826950574535551,-0.5049239946992811,0.2031326490801569,-1.8877220705914226,-1.9188920538959018,-91.25508581334444,4.56,-0.955,-1.7433
0.0125,-0.015625,0.158203,1.023438,13.458557,7.46405,5.319366,4.8280572596936455,-0.5145736859701407,0.20393003212257216,-1.5848166008925177,-1.8049565210839833,-91.1719678938993,4.558,-0.964,-1.7433
0.0119,-0.011963,-0.056641,1.253174,-0.518494,11.278748,9.43924,4.827723704002118,-0.5253520581240112,0.2039812051131075,-1.609305591348117,-1.6520095391933143,-91.06228168062984,4.556,-0.979,-1.7401
0.0114,-0.168945,-0.358643,0.614502,-7.659607,-1.721741,14.810333,4.824552558967555,-0.5373511568672045,0.20043922113813528,-2.0296561198935845,-1.502297628194576,-90.90330622972884,4.554,-0.987,-1.7369
0.0122,-0.271973,-0.080566,2.332031,4.211731,-2.118469,17.37381,4.824532461278091,-0.5470292039379036,0.19933717673005794,-1.987718158329603,-1.4212519920167859,-90.66510460596868,4.552,-1.0,-1.732
0.0121,0.063721,0.098145,1.461182,2.83844,-3.888489,17.984161,4.825290021935543,-0.557337091479993,0.20030650670430747,-1.8853693242591638,-1.4869247564477452,-90.43842225594211,4.551,-1.009,-1.7304
0.0122,-0.200439,-0.220947,1.101807,-11.626892,2.947449,23.874054,4.823651695725416,-0.5683653242552682,0.19814331827067239,-2.1561687225765875,-1.303451831769248,-90.1392606808951,4.549,-1.018,-1.7255
0.0114,-0.207275,-0.039795,1.637207,-7.720642,2.642273,20.27298,4.823772479024771,-0.5770414348422789,0.19698019172063042,-2.241930491750058,-1.1622643391831862,-89.88116914609088,4.547,-1.032,-1.719
0.0121,0.052002,0.19165,1.495605,-0.152283,8.989929,17.587433,4.826037519947466,-0.5855418223268102,0.1980184585614479,-2.126498017315636,-1.0689087438611222,-89.64722053720672,4.546,-1.041,-1.7158
0.0123,0.001221,0.039307,1.193604,6.62262,-1.813293,22.836456,4.8268550982868845,-0.5954719390123463,0.19840908286851838,-2.0009446866365157,-1.080215444190589,-89.35337253164636,4.545,-1.05,-1.7142
0.0119,-0.02832,0.081055,1.090576,8.972473,-4.895569,20.944366,4.827959909611644,-0.6044759354353292,0.19863078772358506,-1.8195440131430256,-1.1090434751630018,-89.07906873981484,4.543,-1.063,-1.7077
0.0122,-0.056641,0.062012,1.785889,-2.83783,4.717468,16.427765,4.828643212825475,-0.6142498513060639,0.1986220851545561,-1.8099716134399844,-1.0163878519796785,-88.86390184809578,4.542,-1.071,-1.7045
0.0123,-0.017822,-0.120361,1.015869,-10.314636,-8.008362,16.427765,4.827856606219829,-0.6263244719069443,0.19837152199254587,-2.0066508722761403,-1.0943336681702738,-88.67289738771953,4.54,-1.085,-1.7012
0.0117,0.012939,-0.034668,0.915039,6.561584,-1.782776,16.732941,4.828051239318797,-0.6368350517719881,0.19871783949718663,-1.9385870778308534,-1.1201696909744283,-88.47978167311257,4.539,-1.094,-1.6996
0.0113,-0.020752,0.161133,1.82959,14.740295,7.21991,15.878448,4.829228155765608,-0.6448679593371791,0.1990426766610725,-1.688202284957567,-1.0198358900905145,-88.27980799926671,4.538,-1.103,-1.698
0.0124,-0.044678,-0.198486,1.551758,-4.85199,-10.632874,17.190704,4.828647402726728,-0.6566915889959689,0.19857900189100236,-1.8285506237613505,-1.118747953630214,-88.07700249487642,4.536,-1.115,-1.6964
0.0121,-0.12793,-0.106934,0.785889,-5.553894,0.200867,21.829376,4.827806944168851,-0.6673364022902023,0.19680613152423615,-1.9776264786194264,-0.9892934226232298,-87.8123226253853,4.535,-1.123,-1.6948
0.0125,0.123535,0.350098,1.659912,5.554504,2.947449,16.183624,4.830706313311817,-0.6747055069970121,0.19832909368864066,-1.7359241026042431,-0.9979720541085707,-87.57210017194518,4.533,-1.136,-1.6948
0.011,-0.04834,0.128906,1.351074,3.113098,-4.712463,18.289337,4.832019047892863,-0.6818218069486289,0.1983670900462568,-1.61267169917174,-1.0143191405347665,-87.34163141935818,4.532,-1.145,-1.6931
0.0123,0.067139,-0.0625,1.618408,-3.265076,-0.897766,17.038116,4.83247933590833,-0.6924613849825365,0.1989254994030175,-1.6666679206796584,-1.0474673283891631,-87.13750844018995,4.531,-1.153,-1.6915
0.0124,0.113037,0.195801,1.665039,4.944153,-2.637268,12.70462,4.834135658243199,-0.7011223671006271,0.2001411553407654,-1.501311228297237,-1.122694879363106,-86.95773433966687,4.53,-1.165,-1.6867
0.0124,-0.084473,0.058838,0.887451,-1.617126,-0.989319,17.37381,4.8351086880898055,-0.7098078619397243,0.1995170278509609,-1.455332592425046,-1.0581503502832363,-86.71979322672175,4.529,-1.173,-1.6834
0.0111,-0.223145,-0.047119,1.263184,-5.126648,8.288025,14.47464,4.834870266152475,-0.7188430398526537,0.1977106412846126,-1.5243000588992064,-0.8287861824303271,-86.55590799346307,4.528,-1.186,-1.6786
0.0124,-0.216309,0.224609,1.835449,6.86676,-19.360901,14.047394,4.836244677199803,-0.7264024866358936,0.19680992445879816,-1.333607019746793,-0.9714085301416251,-86.33927574093877,4.527,-1.194,-1.6753
0.0123,-0.017822,0.162109,1.973633,5.554504,2.031921,14.35257,4.837397284580084,-0.7346661980643462,0.19704646455858457,-1.1905501051696847,-0.9315521649833869,-86.13991067825118,4.526,-1.202,-1.6737
0.0122,0.059082,-0.154297,0.559814,-3.84491,9.844421,12.765656,4.8373094864514465,-0.7478660926355303,0.1979587676864849,-1.4194535322114215,-0.8949515956595556,-86.04098717608655,4.525,-1.213,-1.6705
0.0119,-0.015137,0.062988,0.95874,5.554504,-10.754944,8.6763,4.838399622961023,-0.7555915849837168,0.19813289814973156,-1.287093504268913,-1.0096399851608515,-85.9156265543108,4.524,-1.22,-1.6689
0.0114,-0.215576,0.117676,2.148926,8.423157,5.022644,8.950958,4.838988850439657,-0.763342300369172,0.19725776154675542,-1.137038882407759,-0.8695925757445367,-85.79671498778907,4.523,-1.233,-1.6656
0.0124,0.046631,-0.004639,1.420654,-2.624207,-3.156067,5.77713,4.839829159653208,-0.7722042848759708,0.19777890785053268,-1.1584997418385339,-0.9309423003488059,-85.72137573996102,4.522,-1.24,-1.6656
0.012,0.208008,0.217529,0.953125,-0.426941,-7.214905,6.54007,4.841854267615732,-0.7775844284093153,0.200690367007377,-0.989299380880765,-1.1710428582920123,-85.59660640865006,4.521,-1.247,-1.664
0.0117,-0.169922,-0.054443,1.003662,3.174133,2.337097,12.918243,4.84207068741035,-0.7868386478039987,0.1989046308542519,-0.9825823932074758,-1.0138867574625068,-85.45494287405047,4.521,-1.257,-1.6608
0.0124,-0.223145,-0.107666,1.595215,0.183411,14.391541,10.354767,4.841898531166573,-0.7966474190975301,0.1973889083633673,-1.0207368917898307,-0.7264057866421335,-85.34193425816382,4.52,-1.264,-1.6608
0.0113,-0.141113,-0.044189,1.457764,-1.708679,-7.916809,7.760773,4.842010610757023,-0.8044814413106538,0.1963667581608639,-1.050941999448177,-0.7400544355604213,-85.25621236262131,4.519,-1.275,-1.6575
0.0121,0.004639,0.071777,0.990967,-0.518494,-7.733704,8.157501,4.843075492427822,-0.81110024322046,0.1967402566317076,-0.9887053094903987,-0.8381811820816661,-85.1346168727361,4.518,-1.282,-1.6527
0.0121,-0.114746,0.051025,1.154053,0.732727,9.661316,7.364044,4.843434078242137,-0.8186516298430855,0.19590447077580758,-0.9339555352331191,-0.6466166567571056,-85.0355246766612,4.518,-1.288,-1.6543
0.0123,-0.046875,0.148682,1.36792,5.73761,-4.529358,0.222931,4.844257583801729,-0.8249811674121839,0.1958646524507423,-0.7692128019514944,-0.677290093752743,-85.00359016653111,4.517,-1.299,-1.6543
0.0122,-0.182617,0.008057,1.699951,4.547424,-1.538635,1.504669,4.844308931726578,-0.8329618775890352,0.19478746256134283,-0.7007217368078598,-0.6136444864454873,-84.98600621661225,4.516,-1.305,-1.6527
0.0122,-0.255615,-0.095703,1.129883,-2.349548,-5.322815,4.556427,4.843629846348237,-0.8427180333857595,0.19235338525364848,-0.7820449306321741,-0.5144884266247354,-84.95737018321762,4.516,-1.314,-1.6527
0.0115,0.046143,0.16626,0.60498,2.71637,3.374695,1.230011,4.845642214561447,-0.8445237879688052,0.19390603995400382,-0.5408287735046936,-0.5430012812378834,-84.86259877301902,4.515,-1.32,-1.6527
0.0122,-0.3396,0.033447,1.663574,2.746887,-1.416565,4.922638,4.844853616984866,-0.8527207861423607,0.1918403935749745,-0.48555442245538577,-0.4091077341543158,-84.81058444335407,4.515,-1.326,-1.651
0.0123,-0.22583,0.041016,1.074219,1.800842,-12.982727,3.671417,4.84427757987225,-0.8602201744763568,0.18977672235483065,-0.4273459429243698,-0.41704043652160966,-84.76674356401897,4.514,-1.335,-1.6494
0.0111,0.025635,0.230225,1.137451,-1.891785,-10.05304,6.356964,4.845413692939242,-0.8625848256758352,0.190502388243948,-0.29079215746660475,-0.5491910029873345,-84.62802251398963,4.514,-1.341,-1.6494
0.013,-0.125732,-0.050293,1.04541,-5.004578,-0.928284,6.173859,4.84529069811582,-0.8714376734485928,0.18925381424115337,-0.3863296219900394,-0.4746461723036982,-84.5728542275582,4.513,-1.349,-1.651
0.0119,-0.1521,0.054688,1.547852,-3.204041,10.180115,2.664337,4.845212403057826,-0.8777051196787204,0.18836007327323542,-0.3909313041927565,-0.2822436815401201,-84.53838754786452,4.513,-1.354,-1.6478
0.0116,-0.0625,0.082275,1.558594,1.190491,4.32074,4.586945,4.845580292716245,-0.8824220784473769,0.18812439410229645,-0.33054117420177,-0.20609326117769888,-84.46921972182209,4.512,-1.359,-1.6478
0.0123,-0.181152,0.030273,1.439941,5.035706,-0.287415,6.845245,4.845017730158633,-0.8890549706359748,0.18691642063250993,-0.2476538875154095,-0.11955802187229375,-84.39087237906436,4.512,-1.367,-1.6462
0.0114,0.080811,0.040283,0.52832,-1.06781,-3.033997,4.64798,4.847531413739722,-0.8909732064147498,0.18895845715265713,-0.1936499368928693,-0.28682943694389385,-84.28482523524394,4.511,-1.371,-1.6462
0.012,0.010254,-0.119629,1.085938,-5.706482,3.43573,4.983673,4.848121293714237,-0.8984093620968089,0.1890342908357249,-0.34039044992608203,-0.2603303141830761,-84.2546326655165,4.511,-1.378,-1.6446
0.0124,-0.029297,0.004883,1.432861,4.547424,2.123474,3.030548,4.848589916337129,-0.9041594846908367,0.18893499881948667,-0.2760361213257016,-0.2236647019857075,-84.21558978831975,4.51,-1.383,-1.6446
0.0114,-0.039795,0.057373,1.625244,7.477112,3.344177,2.542267,4.848948508950998,-0.9088630846361703,0.18883054107751424,-0.1595455150932406,-0.1718019355721581,-84.17642766430286,4.51,-1.388,-1.6446
0.012,-0.054932,-0.123047,1.039795,-0.426941,1.879333,7.974396,4.849037958532346,-0.9167376325415978,0.18824200826425785,-0.24985635486209679,-0.11829291090487185,-84.12027369099556,4.509,-1.395,-1.643
0.0123,-0.079102,0.000732,1.243652,4.700012,-0.897766,5.380402,4.849056083829388,-0.9226944597304217,0.1876965277350027,-0.1868264174014052,-0.08829930639287323,-84.0580764224847,4.509,-1.399,-1.6413
0.0123,-0.077393,0.128174,1.586914,2.197571,7.433533,4.678497,4.849182256553818,-0.9271791914795589,0.18742482712326777,-0.09406979801451738,0.03320177341337287,-83.97834564307863,4.509,-1.404,-1.6413
0.0123,-0.039062,-0.05542,1.544922,2.014465,3.161072,2.816925,4.849559614223238,-0.933115093963348,0.18721802799394646,-0.09383188921231847,0.08336866480914809,-83.95583312718303,4.508,-1.41,-1.6397
0.0112,-0.058594,0.155762,1.226807,-1.06781,-7.703186,-0.417938,4.84964320140809,-0.9359234447873066,0.18704171310961798,-0.0054597581973492935,0.023893317284271992,-83.92331638840099,4.508,-1.414,-1.6381
0.0122,-0.081787,-0.006348,1.386475,-3.08197,8.47113,0.497589,4.849583623083718,-0.9418565674063158,0.186554341817751,-0.04352737452651545,0.1628083806957649,-83.92409015630766,4.508,-1.421,-1.6381
0.0123,0.116211,0.170166,1.594238,0.854797,-2.210022,-0.875702,4.851203739651344,-0.9438237124333253,0.18756426571210882,0.0505741782027254,0.07203392699971566,-83.88815182474023,4.507,-1.425,-1.6397
0.0122,-0.035645,0.128418,1.109131,4.913635,-7.39801,-1.638641,4.851289432476784,-0.9469732232854938,0.18754244745324636,0.20074321392079789,-0.003926566169628654,-83.87548260750778,4.507,-1.429,-1.6381
0.0121,-0.242188,-0.082031,1.487549,0.641174,-4.590393,0.711212,4.850190106910409,-0.9548449587291973,0.1859024170250437,0.16688375309906062,0.05585549685742166,-83.90863466604488,4.507,-1.435,-1.6381
0.0111,-0.349854,-0.312256,1.474609,0.000305,6.304382,-3.652802,4.848183320114032,-0.9654315152109347,0.18344959058716773,0.015472557436917358,0.2865196013223996,-84.04618900612297,4.506,-1.438,-1.6413
0.0128,-0.146973,-0.046143,1.364014,4.455872,-0.287415,-10.397186,4.847451476290815,-0.9716546338303426,0.1824399143838977,0.047790715999366795,0.35360035207533624,-84.20215977222885,4.506,-1.444,-1.6413
0.0112,-0.1604,-0.10083,1.094482,1.037903,0.078796,-3.134003,4.846168037341451,-0.978931003302339,0.1810123381916973,-0.007856631568858932,0.4505919836050398,-84.28439498935946,4.506,-1.448,-1.6397
0.0125,-0.11377,-0.040039,1.546631,0.366516,10.302185,-4.537811,4.845682377189167,-0.9839675270488425,0.1803885297115538,-0.02130947765818616,0.6221197240602632,-84.35598790529059,4.506,-1.451,-1.643
0.0122,-0.060791,0.26123,1.10083,2.563782,-4.590393,-14.669647,4.845853627222189,-0.9829894429391702,0.18037627035729326,0.1861520439027471,0.5905514621200507,-84.44924163089159,4.505,-1.455,-1.6462
0.0121,-0.119629,0.05127,1.153809,-0.732117,-2.881409,-6.124725,4.845020699657972,-0.9871521690964012,0.17958640532897394,0.21184077301587817,0.6190177530167036,-84.51702747386183,4.505,-1.459,-1.643
0.0116,-0.12915,-0.063232,1.543457,-0.884705,2.367615,-3.195038,4.844326785431076,-0.9926517462409813,0.17884565610688252,0.16987888824510786,0.6963133822847912,-84.57916303027837,4.505,-1.463,-1.6478
0.0115,-0.07666,0.038574,1.383301,4.608459,1.207947,-12.594452,4.844055987109747,-0.9954320987132479,0.17851301720382964,0.24286542856315949,0.7373169289791565,-84.71730707883508,4.504,-1.466,-1.651
0.0126,-0.087402,0.007324,1.196289,1.892395,-11.395813,-15.737762,4.843644052903318,-0.9995599933792269,0.17796620127200927,0.2693262541137752,0.6346501235026429,-84.92063725217227,4.504,-1.469,-1.651
0.0116,0.204102,-0.133301,1.452148,3.540344,0.994324,0.161896,4.846231683262759,-1.002892296824945,0.17929382122948892,0.2405624348964556,0.5271995648553501,-84.93448386853538,4.504,-1.474,-1.6494
0.0126,-0.077148,-0.058838,1.542969,6.958313,3.710388,-4.110565,4.846119456685959,-1.0071319130516767,0.1788903147461622,0.2972353298451467,0.5990853163791429,-85.00465592547695,4.504,-1.476,-1.6543
0.0116,-0.138916,-0.036377,1.233154,2.96051,2.916931,-7.803192,4.845112991753868,-1.01141170724084,0.17794507589849776,0.3074737120702442,0.7031387220987536,-85.11630116777621,4.503,-1.479,-1.6559
0.0123,0.026611,0.104248,1.186768,-2.532654,-0.59259,-6.9487,4.845940575269074,-1.0121220539362736,0.17846396014486796,0.34278395082454877,0.662408359922931,-85.16342287171246,4.503,-1.482,-1.6543
0.0121,0.001465,0.115967,1.220947,-1.647644,-0.226379,-1.882782,4.846375548169493,-1.012539999000537,0.17879052545348006,0.3949423985274497,0.6426542196631448,-85.14846917949738,4.503,-1.483,-1.6543
0.0114,-0.183105,0.09375,1.574707,-2.9599,6.823181,-2.981415,4.8450103434657885,-1.0147254585651555,0.17796355938082892,0.4046307627384498,0.7937964329650646,-85.17321412456285,4.503,-1.487,-1.6575
0.0124,-0.033936,0.118408,1.250977,-4.272156,-6.665588,-4.385223,4.845136554691649,-1.015658240421799,0.17801731375881738,0.4226234027574186,0.715497368638483,-85.19362444053166,4.503,-1.489,-1.6575
0.0116,-0.087891,-0.077148,0.956787,-9.124451,3.191589,-2.706757,4.844256273919719,-1.020574936476141,0.17726756946274622,0.2551520251240645,0.8028898554002827,-85.26434725466369,4.502,-1.492,-1.6575
0.0119,-0.13208,-0.101562,1.775635,0.793762,2.947449,-5.850067,4.843488393550028,-1.0245894930042028,0.176658639649994,0.21897821622945193,0.8798437052738155,-85.36330098810626,4.502,-1.493,-1.6591
0.0121,-0.116943,0.040039,1.477783,0.610657,-1.233459,-7.95578,4.8428212307443825,-1.0268732022129958,0.1761511848361164,0.24576123162681673,0.9087852054914638,-85.45608497082642,4.502,-1.495,-1.6608
0.0123,-0.074463,-0.20459,1.286377,-1.800232,2.245544,-5.148163,4.842121017073722,-1.0327655204102333,0.17559523452355838,0.10281149894791229,0.9620344955618519,-85.58464207409759,4.502,-1.498,-1.6608
0.0117,-0.066895,0.008545,1.260742,5.493469,0.567078,-9.634247,4.841847463838106,-1.034778628038862,0.17532759020211747,0.17154687534214944,0.9903025571297822,-85.69691686222451,4.502,-1.499,-1.664
0.0124,-0.071777,0.140625,1.293457,3.326721,-0.134827,-14.425507,4.841713383819232,-1.0346287564110166,0.17519404227762955,0.29326890000753125,1.0120334376243973,-85.83600826788697,4.501,-1.501,-1.6656
0.0121,-0.1875,-0.046387,1.497803,-0.549011,0.200867,-4.781952,4.840190913925681,-1.0383871162194476,0.17423964722012822,0.261323580345158,1.0914353546117856,-85.91770553818641,4.501,-1.503,-1.6656
0.012,-0.1521,-0.024658,1.312744,0.763245,-0.501038,-5.575409,4.838829839366472,-1.0414803373985033,0.17341275094844114,0.2547240206213887,1.1536934722874785,-86.00185020464832,4.501,-1.504,-1.6689
0.0123,-0.082031,0.114258,1.37085,-1.18988,3.191589,-7.528534,4.838600462678005,-1.0414104997587605,0.17323074767928054,0.30226506407854176,1.217944220185149,-86.06307998595267,4.501,-1.506,-1.6705
0.0112,-0.139893,0.007568,1.232666,-1.342468,-2.576233,-5.392303,4.837267633349278,-1.0434520984894717,0.17250050939048364,0.29054266915934174,1.253847585475801,-86.13076474769785,4.501,-1.507,-1.6721
0.0128,-0.154297,-0.009766,1.227295,1.556702,-3.49176,-2.706757,4.8357430229607905,-1.0461038574606936,0.1716531365865568,0.30325668476412665,1.2827651243972513,-86.18004317548598,4.501,-1.508,-1.6721
0.0113,0.352539,0.226074,1.58667,1.282043,10.180115,-9.207001,4.840561120947968,-1.0411070844040538,0.17378036537218897,0.4183170912505893,1.2174463638438853,-86.19903002841775,4.501,-1.509,-1.6753
0.0124,-0.35791,-0.044189,1.369629,2.136536,4.229187,-7.742157,4.836555892160874,-1.0457261912067333,0.17189073434129945,0.4168715781365215,1.440077990742901,-86.33632618002989,4.501,-1.509,-1.677
0.0124,-0.22583,0.05957,1.057129,1.617737,-8.984924,-10.85495,4.8336136433913195,-1.0473514764994902,0.17053185032069593,0.47450273074178617,1.4633464063653616,-86.47039736002255,4.501,-1.51,-1.6786
0.011,-0.04541,0.038574,1.203369,0.152893,0.65863,-10.85495,4.833610780519875,-1.0472293630761453,0.17052121439430928,0.49590513040641165,1.4755152430167484,-86.57726992592596,4.501,-1.51,-1.6802
0.0125,-0.076416,-0.081543,1.527344,1.129456,3.344177,-2.27951,4.833165245316651,-1.0493510335232974,0.17026641442674367,0.46512019968540175,1.5326623110758453,-86.63325983534861,4.501,-1.51,-1.6802
0.012,-0.129639,-0.059082,1.188477,1.465149,-5.750061,3.610382,4.8317440843217225,-1.0519956642698902,0.16957882373352368,0.4436042460610386,1.5213625833863322,-86.62246636598563,4.501,-1.51,-1.6802
0.0122,-0.116211,-0.043213,1.323975,-0.884705,-0.043274,4.556427,4.830690972308775,-1.0538855989022733,0.16908573461898935,0.4072830572605629,1.562852869106123,-86.58865625306508,4.501,-1.51,-1.6802
0.0123,-0.047852,-0.013184,1.216797,-0.579529,-0.867249,4.464874,4.830567924890461,-1.0545843003362125,0.16901321101082847,0.3920099927572448,1.5563685391513224,-86.54004086417956,4.501,-1.51,-1.6802
0.0111,0.005615,0.049072,1.36792,0.000305,0.506042,2.969513,4.83131718096635,-1.0535628553567418,0.1693314393634074,0.4191530875283256,1.5340585123232526,-86.48812248805373,4.501,-1.51,-1.6802
0.0121,0.060059,0.041016,1.325439,0.152893,-1.050354,3.122101,4.83271664756013,-1.0522024890933688,0.1699478135266981,0.44420453520139896,1.4623003618785846,-86.42972121548297,4.501,-1.51,-1.6802
0.0123,0.016602,-0.044434,1.265381,0.488586,-0.836731,3.671417,4.833381104708914,-1.0527097762086752,0.17022546367994493,0.42243387215346423,1.4177502317790658,-86.39552280726093,4.501,-1.51,-1.6802
0.0124,0.032959,-0.001709,1.33252,1.251526,-0.34845,-0.051727,4.83425351574164,-1.0523515589059984,0.1706255377374281,0.4351095392860581,1.371387365152652,-86.39208571540365,4.501,-1.51,-1.6802
0.0113,0.048828,0.011719,1.304443,1.098938,0.780701,-2.03537,4.835311303294821,-1.0516173542668927,0.17112794223012304,0.4520297001963458,1.3288988236352575,-86.40569381478596,4.501,-1.51,-1.6802
0.0122,0.030518,0.003906,1.348389,0.580139,0.811218,-0.936737,4.8361007560515095,-1.0512050741834436,0.17150278334834115,0.4589849455643603,1.299327342374918,-86.41182734218356,4.501,-1.51,-1.6802
0.0121,0.02002,0.036621,1.281006,0.519104,0.017761,-1.15036,4.836782593902628,-1.0503621348529664,0.17185897783512263,0.4849343278931793,1.2653356903480124,-86.41176839989929,4.501,-1.51,-1.6802
0.0124,0.034668,0.059814,1.311279,0.458069,0.383972,-0.478973,4.837592460392019,-1.0491140524840785,0.17230593962927485,0.5231986851707954,1.228096383491718,-86.39693339210427,4.501,-1.51,-1.6802
0.0122,0.012695,0.00415,1.289062,0.152893,0.994324,0.253448,4.838146069130092,-1.0488113373079724,0.1725743926699756,0.5249477453024826,1.2109596849327864,-86.38979347250124,4.501,-1.51,-1.6802
0.0123,0.017334,-0.014404,1.343018,-0.091248,0.994324,-1.516571,4.838730598499542,-1.0487322402226302,0.17283807821026317,0.5124100056365084,1.1923393608848045,-86.4089538746408,4.501,-1.51,-1.6802
0.0122,0.019287,0.022705,1.288086,0.091858,-0.043274,-2.065887,4.839313746527358,-1.0481532162491622,0.1731513686602778,0.5240424418442154,1.1593334412139358,-86.42519788804846,4.501,-1.51,-1.6802
0.012,-0.005127,-0.001709,1.312988,0.793762,0.780701,-0.051727,4.839638264841682,-1.0480842673614377,0.173303606236646,0.5297341377894728,1.150862656759719,-86.42495430580581,4.501,-1.51,-1.6802
0.0121,-0.018799,-0.002197,1.327881,0.94635,0.353455,-1.974335,4.8398184028478175,-1.048119927897523,0.1733820217029101,0.5364957059704779,1.1455899325047092,-86.44924340052074,4.501,-1.51,-1.6802
0.0112,-0.019775,0.029297,1.29834,1.404114,0.750183,-3.04245,4.951217810459636,-1.1999428797860092,0.008504150108960194,0.3720798782461502,1.6621309333667806,-92.03054266262954,4.501,-1.51,-1.6802
0.0121,-0.02124,-0.023682,1.306641,0.488586,-0.317932,-0.936737,4.951215951784298,-1.2000159632332856,0.008506704713123644,0.3627074515075922,1.6452735092207222,-92.04577046074465,4.501,-1.51,-1.6802
0.0122,-0.024658,-0.018555,1.310059,0.274963,-0.256897,0.345001,4.951213915796754,-1.2000895189845586,0.00850858355031326,0.3543407816240379,1.6310972576698999,-92.04463900083178,4.501,-1.51,-1.6802
0.0122,-0.030273,0.026855,1.307861,-0.457458,0.811218,-0.540009,4.951212181997853,-1.2001376974157238,0.008512538777263583,0.3631829377081376,1.6332840043722616,-92.04879232409915,4.501,-1.51,-1.6867
0.0122,-0.057617,-0.019287,1.317139,1.129456,-3.24762,-11.831512,4.951211056025864,-1.200168639922235,0.008506584071374784,0.3607171247753565,1.6024366070927345,-92.19534496834967,4.501,-1.511,-1.6948
0.0121,0.299561,0.337891,1.210938,-0.518494,2.55072,-25.381317,4.9511927481908895,-1.2007233136172377,0.008600944024346543,0.53364044215059,1.44914796490667,-92.47822885878988,4.501,-1.511,-1.698
0.0113,-0.013184,0.012695,1.524414,-0.915222,0.597595,-23.214569,4.951174860418287,-1.2011463165865746,0.008598047555680638,0.5198649553043128,1.4428342469089428,-92.7406719240983,4.501,-1.511,-1.7012
0.012,-0.063965,0.155273,1.200928,1.373596,0.902771,-30.294647,4.951170405104829,-1.2011914508356367,0.00860039991939779,0.6210484547019293,1.4725571354205198,-93.08678219970274,4.501,-1.51,-1.7061
0.0123,0.061035,0.186035,1.41748,-0.701599,1.574158,-47.109833,4.951177987416047,-1.2010468822835396,0.008640342439878842,0.6911522281691248,1.4446224346277294,-93.6515369364539,4.501,-1.51,-1.719
0.012,0.139648,0.253418,1.271729,-3.08197,-5.597473,-54.281464,4.951184006764452,-1.2009519192014364,0.008705682899740884,0.7781703537278616,1.2860798835419107,-94.28269007655227,4.501,-1.51,-1.7271
0.0122,0.119629,0.098145,1.278076,-2.929382,2.825378,-62.002411,4.95119557401967,-1.200815638733914,0.00875613181698842,0.7773570174290236,1.2405466343593996,-95.03205015851151,4.501,-1.51,-1.7369
0.0124,0.067383,0.29126,1.214844,-1.220398,-1.538635,-67.800751,4.951195088111589,-1.2007980310371724,0.00880530835074738,0.911878909235774,1.1735774088234376,-95.84789286618182,4.501,-1.51,-1.7514
0.0117,0.064697,0.093262,1.380615,-2.288513,-0.562073,-73.751678,4.951203922417766,-1.2007146638263617,0.008836974405537929,0.9115318233182851,1.1262107387773668,-96.70434107582281,4.501,-1.51,-1.766
0.0122,0.087646,0.135742,1.210205,-1.434021,-3.36969,-83.914032,4.951205551164921,-1.2006995655714994,0.008879902292010827,0.9512388684915676,1.0284717272736426,-97.71731668648383,4.501,-1.51,-1.779
0.0115,0.063232,0.081299,1.199707,-2.807312,5.32782,-87.301483,4.951211537416175,-1.2006577447976685,0.008912411359323334,0.944535547340742,1.0469998267380987,-98.71383171400495,4.501,-1.51,-1.8016
0.0126,0.017578,0.014893,1.538574,-1.372986,1.024841,-89.681854,4.951231244693121,-1.2005328308516015,0.008925790346570988,0.906435220302151,1.0515212388138535,-99.84344454948422,4.501,-1.51,-1.8162
0.0118,0.032715,0.102295,1.196533,-2.715759,-5.26178,-91.329803,4.951256301099091,-1.200385603351754,0.008953998110979243,0.9131743806075019,0.9667318766716486,-100.91425984717173,4.501,-1.51,-1.8372
0.0115,0.084229,0.089355,1.017578,-3.204041,2.947449,-95.968475,4.951251662517992,-1.2004112924102714,0.00899617495040905,0.916905964223709,0.9362640297478259,-102.0091462290782,4.501,-1.51,-1.8534
0.0121,0.053467,-0.056641,1.749268,-2.319031,-1.813293,-94.77829,4.951241608560763,-1.200464647077163,0.009004962021763646,0.8385804899350459,0.8935056270294784,-103.15940473814669,4.501,-1.51,-1.8696
0.0126,0.04126,-0.018799,1.109375,-0.915222,-9.625793,-100.210419,4.951245483067324,-1.2004521166984512,0.009019589003236897,0.7902898990994925,0.7445101121986666,-104.42488553317622,4.501,-1.51,-1.8972
0.0113,0.077637,0.125244,1.223389,-4.729919,2.611755,-100.057831,4.951204866418631,-1.2006085314019748,0.009054978133767143,0.7931752082353867,0.7256927592311834,-105.5468492202245,4.501,-1.51,-1.915
0.0122,0.100586,-0.095947,1.359619,-4.821472,-6.757141,-100.393524,4.951209735820614,-1.200596879345361,0.009070227770397956,0.6615166047983345,0.5895124193084591,-106.77636208028017,4.501,-1.51,-1.9376
0.0121,-0.037354,0.061279,1.063965,-3.600769,13.445496,-99.996796,4.951249407219467,-1.2004630395090425,0.009076665754314466,0.6442411712881306,0.7737571292817732,-107.98107830337901,4.501,-1.51,-1.9538
0.0117,-0.009277,-0.182617,2.07959,0.091858,1.635193,-94.625702,4.951192437540284,-1.2006422011171778,0.009063635907907323,0.5592767375379399,0.794597599807929,-109.09412246690756,4.501,-1.51,-1.9716
0.0119,0.129883,-0.021729,0.965088,2.014465,-2.332092,-95.968475,4.951254913264497,-1.2004669833138408,0.009103257080081027,0.5479935438663441,0.6598214566165592,-110.23730266575573,4.501,-1.51,-1.9975
0.0122,0.008789,-0.032959,1.013916,-2.9599,-3.522278,-99.233856,4.951240648739433,-1.2005072097002867,0.009105442848419309,0.4719503853887951,0.6038277618471459,-111.44996874443662,4.501,-1.51,-2.0137
0.0121,0.03833,-0.114502,1.400635,-5.920105,-0.47052,-96.700897,4.951177201305872,-1.2006711079163854,0.009101848598229626,0.32485314321967096,0.5719906313140091,-112.62383423892805,4.501,-1.51,-2.0396
0.0118,0.090088,0.020752,1.547607,-1.464539,-9.656311,-98.135223,4.951164113567167,-1.2007031926765885,0.009121812235331884,0.30606659906854694,0.40891799552395935,-113.78139593408208,4.501,-1.51,-2.0558
0.0121,0.022705,0.037598,0.87207,-4.424744,-3.339172,-98.104706,4.951132669003562,-1.2007744197866257,0.009140422051119979,0.278210456153493,0.33831717250901405,-114.9665608150793,4.501,-1.51,-2.072
0.0123,0.06543,-0.046631,1.631592,-6.042175,4.503845,-90.139618,4.951109648861308,-1.2008245207576758,0.0091483380519383,0.17508957694512844,0.3571394714172853,-116.07538974083805,4.5,-1.51,-2.0963
0.0114,-0.052246,-0.076904,1.225098,-1.495056,11.339783,-91.329803,4.951119354833628,-1.2008047180575099,0.009132653503698743,0.10455382303832016,0.506926358416749,-117.11800899931664,4.501,-1.51,-2.1141
0.012,0.094971,0.10498,1.27832,-4.241638,1.970886,-90.1091,4.951087713839251,-1.200867589546686,0.009167320798567276,0.1070335741804673,0.463069942243104,-118.19720469998983,4.501,-1.51,-2.14
0.0122,0.012695,-0.122314,1.171387,-4.028015,-2.667786,-85.897675,4.95101837562869,-1.200997266560913,0.009155242600116714,-0.026190486923838147,0.40948334709939316,-119.247144670108,4.5,-1.51,-2.1546
0.0126,0.072021,-0.0271,1.392822,1.434631,-0.989319,-88.278046,4.951064970868054,-1.2009146419014316,0.009167785958293049,-0.02822330854660572,0.3455323595728033,-120.35962784305082,4.501,-1.51,-2.1692
0.0121,0.025879,0.033203,1.27124,-1.708679,-9.992004,-87.179413,4.951077498251359,-1.2008933939275663,0.00918081378929144,-0.031212455139512617,0.1975264010441919,-121.41379221591129,4.5,-1.51,-2.1886
0.0116,0.082275,-0.07666,1.06958,-5.035095,-0.989319,-88.644257,4.95102903862905,-1.200972637596894,0.009188089278083334,-0.1428966597910724,0.11485237103737257,-122.4416726190045,4.5,-1.51,-2.2032
0.0122,-0.000732,0.005615,1.603027,-0.365906,4.168152,-88.461151,4.951025863369236,-1.2009776957299703,0.009191854589022256,-0.14361312557371236,0.15462777677182143,-123.5209132181559,4.5,-1.51,-2.2274
0.0122,-0.054443,-0.043701,1.527588,-1.098328,1.2995,-86.996307,4.950975080997007,-1.2010541974182114,0.00918266555485278,-0.17755205297530435,0.18539921689767871,-124.58245184633775,4.5,-1.51,-2.2436
0.0111,0.061035,0.027588,1.143311,-5.828552,2.642273,-88.705292,4.9510512492692555,-1.2009441307892204,0.009202064247062415,-0.2221818877583821,0.15909215798596238,-125.56698447902681,4.5,-1.51,-2.2582
0.0124,0.01416,-0.039062,1.253906,-3.08197,-2.48468,-85.409393,4.951079953490136,-1.200903828915362,0.009202439085514928,-0.28112235629304655,0.10490624047653513,-126.62561110670302,4.5,-1.51,-2.276
0.0122,0.054932,0.053467,1.313232,-1.06781,2.367615,-84.341278,4.951025996843228,-1.2009768557992873,0.009221148003168308,-0.26004332666301,0.08738177799894431,-127.65475465546598,4.5,-1.51,-2.2906
0.0123,-0.037842,-0.067139,1.367188,-5.614929,1.879333,-79.092255,4.951089389453546,-1.2008943173438686,0.009210981882132655,-0.36179473937651757,0.11691918824980513,-128.62731595341273,4.501,-1.51,-2.3116
0.0121,-0.080566,-0.04248,1.223877,-2.044373,2.092957,-79.15329,4.951122920278786,-1.200852037385915,0.009197584598202942,-0.4077501205406921,0.17502770505763834,-129.58510044012786,4.5,-1.51,-2.3262
0.0121,0.017578,-0.052246,1.394531,-1.739197,0.841736,-80.099335,4.951103404249224,-1.200875431551897,0.009196450646876235,-0.4532273295752931,0.15851775262442513,-130.55399491195388,4.5,-1.51,-2.3392
0.0114,0.040283,-0.04248,1.199219,-2.898865,-3.857971,-75.643768,4.951169906476139,-1.2007974960069805,0.009199646824691304,-0.5072199165851367,0.07145159290535859,-131.41542765341765,4.501,-1.51,-2.3602
0.0124,-0.076172,-0.088379,1.198242,2.929993,-12.585999,-77.688446,4.948736839937768,-1.2035552194061632,0.009172539668813252,-0.5182593620659453,-0.0535343878505799,-132.37681927001967,4.499,-1.512,-2.3715
0.0111,0.791504,0.618896,1.986572,3.357239,4.32074,-82.967987,4.945810003546748,-1.206766333502462,0.00931414900626363,-0.279160132168391,-0.26966997865192593,-133.30061692371646,4.495,-1.515,-2.3877
0.012,0.45752,-0.027832,1.80542,2.746887,-4.865051,-79.031219,4.944129487745413,-1.208548293492905,0.009393304912319262,-0.24894089911025954,-0.5172484247281753,-134.24255361831428,4.494,-1.516,-2.4023
0.0122,0.307373,-0.015381,1.391113,-5.950623,4.992126,-74.819794,4.9422550960633815,-1.2104717785099175,0.00948477014763252,-0.3169929940549345,-0.6247866525770693,-135.15001421862559,4.493,-1.518,-2.4201
0.0119,0.445801,-0.063232,1.145508,-8.819275,4.656433,-78.39035,4.939989273900507,-1.2127236782240662,0.009634055699851977,-0.4439728163461608,-0.8409727628847694,-136.07152381500293,4.489,-1.52,-2.4428
0.0121,0.384277,0.017334,1.498047,-4.028015,-11.30426,-77.017059,4.93744319785613,-1.215173663770933,0.009783735606649756,-0.46353965193741015,-1.1669054274483845,-136.99490222826657,4.487,-1.522,-2.4541
0.0121,0.407959,-0.182373,1.304688,-3.661804,2.855896,-75.460663,4.934455680525095,-1.2179568904069102,0.009966232422833468,-0.5799910015940547,-1.3537738822401977,-137.88592116022178,4.483,-1.526,-2.4687
0.0124,0.29834,0.109375,1.112061,-7.781677,9.691833,-77.688446,4.930607581605377,-1.221432193868437,0.010233332475027439,-0.5764896575864041,-1.4315449015656447,-138.8528315473581,4.479,-1.529,-2.4784
0.0122,0.272217,-0.046631,1.238281,-11.474304,5.541443,-77.963104,4.92632060773869,-1.225176992374562,0.010485738514278867,-0.7116629258457122,-1.5296851810499656,-139.79304335174447,4.475,-1.531,-2.4881
0.0115,0.584229,0.070557,1.165283,-5.065613,4.656433,-72.073212,4.922720025449025,-1.2282159520124827,0.010878840293278715,-0.7022541350562909,-1.7990876865251653,-140.6126823866743,4.471,-1.535,-2.5027
0.0122,0.079102,-0.277344,1.546875,0.549622,-3.857971,-73.110809,4.91862686493932,-1.2315847813184273,0.011031918987524744,-0.7908337681285639,-1.8831390266259453,-141.4775403657277,4.468,-1.537,-2.5173
0.0122,0.315918,0.002197,1.339111,1.861877,5.602478,-79.061737,4.9139582484837385,-1.2352989005710702,0.011388930948974944,-0.7265852786874388,-1.9885728632379467,-142.43494393708897,4.461,-1.542,-2.5286
0.0116,0.129639,-0.044189,1.059326,-1.525574,10.24115,-74.331512,4.90884451795863,-1.2392341848368216,0.011695316196193722,-0.736095097657978,-1.9634608778338876,-143.28912707168715,4.456,-1.545,-2.5334
0.0124,0.176514,-0.053223,1.148438,0.885315,3.405212,-74.880829,4.903361574911486,-1.2433262940897898,0.012044012976365651,-0.7183757272529665,-2.037000068608864,-144.20625505324224,4.452,-1.548,-2.5399
0.0114,0.14624,-0.08252,1.815674,4.150696,0.506042,-71.859589,4.89901584027627,-1.2464643890545395,0.01228304730788413,-0.6678445246652935,-2.0868657767564396,-145.01700736906025,4.447,-1.552,-2.5577
0.0126,0.080566,-0.13916,0.950439,-2.19696,-3.033997,-66.061249,4.89388148914083,-1.2500765630223298,0.012546605730047407,-0.7635419171757072,-2.1876735592642444,-145.8232466519014,4.442,-1.555,-2.5674
0.0117,0.025391,-0.22998,1.082764,-8.025818,7.128357,-58.920135,4.888397692672734,-1.25383150588296,0.012754444001243039,-0.9760901824565904,-2.1198767566480567,-146.47985754070888,4.435,-1.559,-2.5804
0.0121,0.126221,-0.101562,1.413574,-0.976257,2.611755,-52.81662,4.882846417375215,-1.2575184584131172,0.01306659165227792,-1.006220936840615,-2.152535490049683,-147.10699537412864,4.43,-1.562,-2.5869
0.0122,0.104736,-0.138184,1.395996,-3.173523,1.940369,-50.497284,4.877531607880626,-1.2609720851885957,0.013348546901296061,-1.0834068143097544,-2.182068250644892,-147.70664185471,4.426,-1.565,-2.595
0.012,0.166016,-0.056885,1.376221,-6.286316,6.243347,-47.964325,4.872080638788203,-1.2644218113583072,0.013718389433269284,-1.1542724216087676,-2.1951230871376857,-148.27616228934184,4.419,-1.569,-2.6031
0.0117,0.253906,-0.189209,1.205322,-4.760437,-0.501038,-41.158905,4.866628624650174,-1.2678241130707792,0.014171066973663257,-1.2904215126251313,-2.3490180266602834,-148.72558326861486,4.415,-1.572,-2.6079
0.0125,0.084229,-0.053223,1.07373,-0.671082,-4.071594,-36.672821,4.8607829381109475,-1.271382126204302,0.014527197539280385,-1.300951016421231,-2.4549347486209414,-149.17516093002462,4.407,-1.576,-2.6176
0.0112,0.007324,-0.116211,1.049072,-4.790955,5.816101,-31.728973,4.85507598117314,-1.27481412608806,0.01476560179811921,-1.4059064668087409,-2.3890747400752055,-149.5143377156821,4.402,-1.579,-2.6225
0.0129,0.031738,-0.231934,1.716064,0.641174,1.452087,-32.40036,4.848576254965079,-1.2786767816500266,0.015033469759579799,-1.4656126831007295,-2.3761855512415737,-149.90983360335483,4.397,-1.582,-2.629
0.0114,-0.201904,-0.027832,1.551025,5.707092,-14.630676,-31.851044,4.842771355396561,-1.282041598297281,0.015059239295142048,-1.3818233762843413,-2.43534777696527,-150.2752834984965,4.388,-1.587,-2.6371
0.012,-0.016602,-0.104492,1.10376,4.242249,15.459656,-26.418915,4.836582462947095,-1.2856002960706163,0.015281045147566124,-1.372520059191686,-2.2327362928510106,-150.58382100219782,4.383,-1.589,-2.6419
0.0123,-0.06665,-0.067139,1.510742,-4.85199,-1.416565,-28.921356,4.8305781407183135,-1.2889950895783766,0.015424980786574234,-1.4348940038129467,-2.209379800435031,-150.93656245278092,4.378,-1.592,-2.6468
0.0121,-0.096436,-0.057129,1.385986,-7.049255,4.107117,-25.198212,4.824704381930596,-1.2922679695196926,0.015513424469529045,-1.5214697805907151,-2.1004750788932975,-151.2412935171339,4.372,-1.596,-2.6516
0.012,-0.061035,-0.055664,1.255615,7.171936,0.933289,-20.956268,4.81883306716602,-1.2954997294720352,0.01562504349437581,-1.442171726365705,-2.0460868795401566,-151.490443891769,4.367,-1.598,-2.6581
0.0116,-0.024414,-0.015381,1.350098,4.8526,-7.092834,-15.676727,4.8131276988567775,-1.2985956440066095,0.01578889868478597,-1.370992491292426,-2.105375901842365,-151.672930741204,4.359,-1.603,-2.663
0.0122,-0.201416,-0.225586,1.437256,-3.905945,-4.468323,-9.908905,4.807033880948233,-1.301933458512467,0.01567501085662063,-1.5130655100489394,-2.0450924576027427,-151.77330435083272,4.354,-1.605,-2.663
0.012,-0.015625,-0.081055,1.294678,3.113098,-0.562073,-10.641327,4.801152147473366,-1.3051063201162902,0.015837826997726005,-1.5006589366186178,-2.0333656063887666,-151.89483989943946,4.349,-1.608,-2.6662
0.0122,-0.115234,0.051758,1.552002,9.155579,-1.325012,-12.808075,4.79547826111664,-1.308120443013293,0.015884747777492398,-1.3414440989648464,-1.9833748589975353,-152.06057786476103,4.342,-1.611,-2.6694
0.0121,-0.074951,-0.156494,1.28418,-1.098328,1.54364,-8.932343,4.789872481118568,-1.311132755551594,0.01590296369547284,-1.4258930101294747,-1.911689640590897,-152.15518383714326,4.338,-1.613,-2.6711
0.0113,-0.144287,-0.119141,1.110107,1.70929,-7.031799,-6.18576,4.784669417359645,-1.3139189722854168,0.015742512396184776,-1.4667093040677561,-1.8854257588030587,-152.2125298088855,4.33,-1.617,-2.6727
0.012,-0.037109,-0.004883,1.325928,4.333801,-4.620911,-6.765594,4.779190655968758,-1.316802307960882,0.015851392095533438,-1.3974851556431713,-1.9100592432336843,-152.29529827335674,4.325,-1.62,-2.6727
0.0124,-0.01709,0.02124,1.404053,-0.1828,-0.34845,-5.605927,4.773699397558833,-1.319674532849708,0.01600549493782363,-1.3688842751478931,-1.8950920566339278,-152.37000035074558,4.321,-1.622,-2.6743
0.0124,-0.072998,-0.076416,1.36792,-1.342468,-5.078674,-6.582489,4.7681927178168415,-1.3225727864130583,0.016027553157311882,-1.4082469029128821,-1.9074240706334025,-152.44646838676556,4.315,-1.625,-2.6759
0.0111,-0.061035,0.009277,1.159424,1.648254,6.426453,-1.058807,4.763452633336075,-1.3250396426404145,0.016053933789261756,-1.3659432649297305,-1.7872067952474262,-152.46426759771708,4.31,-1.627,-2.6759
0.0121,-0.043701,-0.030273,1.285156,-0.549011,-1.782776,-0.509491,4.758269695675481,-1.327745227265331,0.016114748534589583,-1.3732847322305552,-1.773123254840602,-152.47008899968267,4.303,-1.631,-2.6759
0.0123,0.033447,-0.086426,1.225586,-4.150085,-3.735901,1.230011,4.753010545565029,-1.3305014532585315,0.01631926476054449,-1.4606265228338575,-1.8297043637042456,-152.44796531595517,4.299,-1.633,-2.6759
0.0119,-0.080322,-0.044434,1.346924,0.915833,1.391052,1.779327,4.747865175281396,-1.3331946997951623,0.016305600753926234,-1.4577204491829423,-1.7569518445922547,-152.42640622272924,4.295,-1.635,-2.6759
0.0124,0.034912,0.033936,1.519287,6.256409,-3.613831,-1.119843,4.742723565571912,-1.3358643484182948,0.01652190872214074,-1.346147044444766,-1.8084386304505418,-152.44420256848895,4.289,-1.638,-2.6743
0.012,-0.023438,0.002441,1.407715,3.692932,0.65863,2.267609,4.7377316445366615,-1.3384636343046832,0.016623115443009664,-1.2852994573589895,-1.7766391940713724,-152.41991998136035,4.285,-1.64,-2.6727
0.0123,-0.052979,-0.141113,1.401123,4.97467,-0.897766,0.467072,4.732603465602056,-1.3411719602472882,0.01663030626722993,-1.2851813614880137,-1.7484642337636283,-152.40591098013581,4.278,-1.644,-2.6727
0.0119,-0.009521,-0.013428,1.300049,10.589905,-5.444885,0.253448,4.727612677963065,-1.3437792165843077,0.016746512148837607,-1.152375794374441,-1.7975156617382595,-152.4025371164215,4.274,-1.646,-2.6727
0.0113,0.028564,-0.054199,1.254883,5.707092,-1.325012,1.016388,4.722859897205455,-1.3462705097156125,0.01693513554491083,-1.1069455273443165,-1.8197832139496748,-152.38837754268795,4.269,-1.648,-2.6711
0.0122,-0.027344,0.02417,1.39209,2.655334,-4.712463,-0.14328,4.717738801627927,-1.348940744647014,0.017029129245731082,-1.047608401057605,-1.8510669650266725,-152.39262896381567,4.263,-1.651,-2.6711
0.0121,0.004639,0.045166,1.366943,-1.708679,-9.503723,2.145538,4.712685260366359,-1.3515684389428173,0.017193329563537956,-1.0304161951833943,-1.9561256220638639,-152.36944332678834,4.259,-1.653,-2.6711
0.0116,0.078125,0.064209,1.049316,-3.570251,3.893494,3.915558,4.707797241373243,-1.3540982944743547,0.017596298333563843,-1.012904174287747,-1.9574114086604115,-152.33127793030678,4.252,-1.657,-2.6694
0.0125,-0.020752,0.11377,1.388916,0.82428,7.555603,4.556427,4.70248749707553,-1.356851302690808,0.017742696419693036,-0.9295201796078326,-1.8396799710684861,-152.2853881447023,4.248,-1.659,-2.6694
0.0122,-0.021484,0.116699,1.693359,5.066223,2.947449,3.030548,4.69746816178903,-1.3594623776906751,0.017862802065746662,-0.8055026355441309,-1.7816140535686393,-152.25644687613985,4.244,-1.661,-2.6694
0.0121,-0.046631,0.012207,1.239746,-3.509216,-8.771301,3.152618,4.692275931686352,-1.362185703358495,0.01789060168568486,-0.8300184064141815,-1.8481355235418384,-152.22011500918387,4.238,-1.664,-2.6711
0.0111,-0.016113,-0.21167,0.866211,-4.943542,-6.024719,1.74881,4.6873444329436165,-1.3648505850624004,0.017918546504283563,-1.0505544605289703,-1.8945112459591298,-152.18239242349864,4.233,-1.666,-2.6694
0.0128,0.094482,-0.000244,1.564453,3.418274,5.632996,0.467072,4.681760147928846,-1.367789390597171,0.018278856867288126,-0.9944080690248802,-1.8565534429225043,-152.17845428828704,4.226,-1.67,-2.6694
0.0121,0.011719,0.062988,1.512939,3.876038,-12.677551,-1.547089,4.6766315736405595,-1.3704778622288112,0.01845213534014294,-0.9031234835737949,-2.002851925771063,-152.1996146266843,4.222,-1.672,-2.6711
0.012,-0.017578,0.020508,1.240723,-1.83075,5.022644,0.8638,4.671279787974682,-1.3732899510152796,0.0185779709035998,-0.9003273954086768,-1.9206492879262844,-152.19350792395835,4.218,-1.674,-2.6711
0.0117,0.02417,-0.082031,1.53125,0.793762,7.189392,-2.767792,4.66620290319522,-1.3759794639435021,0.01876054932109927,-0.9190895290245271,-1.8373860263161026,-152.22424271573232,4.212,-1.677,-2.6711
0.0123,-0.002197,0.161377,1.239258,1.190491,-0.867249,-3.195038,4.661122331455638,-1.3786100771237,0.01893756086321049,-0.7932995217781311,-1.8375717097586959,-152.2747799077915,4.208,-1.679,-2.6727
0.0114,-0.09082,-0.046143,1.341553,-0.94574,0.261902,2.267609,4.656093659626068,-1.3812592348083386,0.01883190550608456,-0.8199951909478697,-1.7723087742569021,-152.24937742671966,4.201,-1.683,-2.6727
0.0126,0.089844,0.003418,1.243652,-1.678162,-0.684143,1.199493,4.650663638478679,-1.384110457370281,0.019236474240950506,-0.8280065584653546,-1.8261620095112923,-152.23415546774135,4.196,-1.685,-2.6711
0.0114,-0.075195,-0.047607,1.263916,-4.302673,-5.414368,3.6409,4.6456604650400655,-1.3867512900061478,0.019150479863981364,-0.8950970553553343,-1.8315056173180373,-152.1919068235916,4.192,-1.687,-2.6727
0.0125,0.08252,-0.01709,1.05542,-2.471619,5.968689,-0.051727,4.640024791482676,-1.3897226821236621,0.019598781158652222,-0.9253019014335971,-1.8086601186668825,-152.192493592044,4.184,-1.691,-2.6711
0.0121,0.091309,0.018555,1.413086,-0.396423,5.541443,1.901398,4.634755058881008,-1.3924919102964821,0.019981419010358957,-0.9087000393317266,-1.7802992385026535,-152.1718476183529,4.18,-1.693,-2.6711
0.012,-0.077148,0.016113,1.225586,-0.610046,-8.862854,1.168976,4.629485819805731,-1.3952630869276528,0.019893912966770975,-0.8940922846847023,-1.8282842198942362,-152.1602432703381,4.175,-1.696,-2.6711
0.0115,0.145508,0.041748,1.272461,-1.739197,6.670593,-0.570526,4.624243120125021,-1.3980169112845569,0.020471474730478636,-0.8771244942405257,-1.8284937925937126,-152.16949833460615,4.169,-1.699,-2.6743
0.0121,0.021973,0.037842,1.379639,1.495667,-5.689026,2.694855,4.618950264075603,-1.4007961467375585,0.020677333378896122,-0.827748071486215,-1.8975383171917408,-152.13908386905925,4.165,-1.701,-2.6727
0.0115,-0.160156,-0.068115,1.06665,1.587219,4.32074,1.840363,4.61394942749524,-1.40345054072324,0.020250407099611515,-0.8463187828008204,-1.7268831782593992,-152.1193659731831,4.158,-1.705,-2.6743
0.0122,0.02002,0.02002,1.755859,-1.434021,2.886414,-3.16452,4.608625645204636,-1.4062590717146992,0.02042669302581163,-0.8429894677376426,-1.689857976656994,-152.16028056462463,4.153,-1.707,-2.6759
0.012,-0.029053,-0.055664,1.075928,-0.365906,-4.529358,-0.692596,4.603466440469759,-1.4089937555933985,0.020446634911440758,-0.874372646843674,-1.716241175931744,-152.16630165018208,4.149,-1.709,-2.6775
0.0124,0.020996,-0.006104,1.364502,0.885315,0.445007,-0.631561,4.598066134954345,-1.4118419283385266,0.0206441493176018,-0.8549897648983924,-1.7131347430960258,-152.1748386096658,4.143,-1.712,-2.6791
0.0123,0.103271,0.071289,1.262939,1.06842,-3.735901,-1.791229,4.592714154014573,-1.4146469545387101,0.021115957373323196,-0.7871531062535132,-1.8119887392792853,-152.19912681987125,4.138,-1.714,-2.6808
0.0112,-0.019287,-0.007324,1.404053,6.225891,-5.292297,0.375519,4.5879144028398455,-1.417173676451008,0.021175709122256137,-0.7115574498756003,-1.849424373837106,-152.1954883745836,4.131,-1.718,-2.684
0.012,-0.01709,-0.005127,1.330322,-0.396423,1.42157,1.046906,4.582711164660376,-1.4199132307776516,0.021261140517083794,-0.7095160497122917,-1.8119606666237815,-152.18446558808114,4.127,-1.72,-2.684
0.0127,-0.085205,-0.021729,1.205811,-2.776794,0.383972,-2.584686,4.577204689064237,-1.4228150452822528,0.021121499411404444,-0.7467615339655522,-1.7444720116948134,-152.21945025870917,4.122,-1.722,-2.6856
0.0121,0.056885,0.081543,1.284668,-0.030212,-2.545715,0.375519,4.572046727541299,-1.4255126196572252,0.02144722526962038,-0.6886887230913895,-1.7992687093588988,-152.21794512971107,4.116,-1.725,-2.684
0.0111,-0.007568,0.036133,1.454346,-0.701599,-2.423645,0.650177,4.567264468671199,-1.4280195766157207,0.02154460259448099,-0.6681212616005038,-1.811012985945269,-152.21316781538408,4.112,-1.727,-2.684
0.0121,0.001709,0.087891,1.28833,-0.426941,1.482605,-0.02121,4.561998828372474,-1.430770333623953,0.021704788829225902,-0.6118067511400376,-1.784370397225076,-152.21841442421993,4.105,-1.731,-2.6856
0.0124,-0.032715,0.032227,1.477539,-0.152283,0.963806,1.168976,4.556839457154536,-1.433474636646308,0.021742807772225686,-0.5887217817062864,-1.7447123488305971,-152.20705696947496,4.101,-1.733,-2.6856
0.0124,-0.007568,-0.022217,1.251465,-0.732117,5.053162,-0.173798,4.551812372027414,-1.4361236320884772,0.021842447149461063,-0.6021797110135072,-1.6690718639716793,-152.2101424594007,4.096,-1.735,-2.684
0.0112,-0.063965,0.006836,1.210693,0.763245,-5.566956,-1.9133,4.547113608441638,-1.4385867933386811,0.021729169367140463,-0.5796108994510333,-1.6828923697681077,-152.2340172156427,4.09,-1.738,-2.6872
0.012,0.079102,-0.022217,1.151367,2.71637,-2.148987,-2.401581,4.542127446665703,-1.441221915391628,0.022141338411018775,-0.5520699914820418,-1.7531527537929812,-152.26019906274473,4.086,-1.74,-2.6889
0.0123,-0.011719,-0.048828,1.287842,2.533264,-1.294495,0.345001,4.536992476996537,-1.4439262700884596,0.022219441382635947,-0.5417357456692871,-1.7525662895748433,-152.25537867105942,4.08,-1.743,-2.6889
0.0119,-0.014648,-0.031494,1.092773,3.021545,-3.735901,2.481232,4.532155846992971,-1.4464714748356515,0.02227752775854981,-0.5201278633875666,-1.7782902219721457,-152.22556271500991,4.075,-1.745,-2.6905
0.0123,-0.035156,-0.050781,1.564209,1.861877,10.912537,-0.784149,4.527119715187202,-1.4491251520137838,0.022294767275672936,-0.5141890641946814,-1.617230094943893,-152.23654932799752,4.071,-1.747,-2.6905
0.0121,0.024902,0.041748,1.322754,-3.600769,3.618835,-4.385223,4.522185644620603,-1.4517137652518293,0.02249992089612352,-0.5237658496423011,-1.5805336768222051,-152.29146107800878,4.066,-1.75,-2.6921
0.0123,-0.017822,0.030518,1.105469,-0.94574,-0.378967,-5.94162,4.517242827404572,-1.454297765703023,0.022555720454927628,-0.503544646877881,-1.567392881772397,-152.36668630542124,4.061,-1.752,-2.6921
0.0112,-0.035889,0.13501,1.319092,5.768127,1.055359,-3.866425,4.51264215772488,-1.456677410560172,0.022559718195367496,-0.35327460965272195,-1.5279170743151909,-152.41479979216868,4.055,-1.755,-2.6953
0.0123,-0.053955,0.020264,1.257812,2.594299,2.55072,0.192413,4.507800838080113,-1.4591928809245749,0.02248077674627741,-0.3029601916092489,-1.457350443244726,-152.4148508062887,4.051,-1.757,-2.6953
0.0121,-0.146973,-0.174316,1.490234,0.427551,-6.574036,0.161896,4.502984373997532,-1.4617069979652006,0.022109642947422535,-0.38016695090768593,-1.454754230617849,-152.41354904938143,4.047,-1.759,-2.6953
0.012,0.009766,-0.058838,1.049805,3.082581,1.085876,-3.256073,4.498200187337441,-1.4642131875348416,0.02225361203824999,-0.37787421428808143,-1.4449100281489853,-152.45174505291587,4.041,-1.762,-2.6953
0.0121,-0.039062,-0.02002,1.591064,1.983948,1.2995,-3.957977,4.493393543745923,-1.466716906877245,0.02223149668339568,-0.3563404954518311,-1.4030624518079293,-152.50046860148294,4.036,-1.764,-2.6953
0.0114,-0.006348,0.08667,1.403076,3.296204,-4.37677,-2.126923,4.489080276089323,-1.468952818453885,0.022303803766358404,-0.2654124323863349,-1.4426804050414153,-152.52582588807982,4.032,-1.766,-2.697
0.0121,-0.062744,0.050781,1.076172,3.235168,2.703308,-0.997772,4.4844184272320655,-1.4713619545135563,0.022157005993297525,-0.1844640452073741,-1.361660839757986,-152.5402755680586,4.027,-1.769,-2.697
0.0121,0.03833,0.041016,1.181885,5.066223,-0.378967,-4.293671,4.47972142346927,-1.4738048306713585,0.02241338818258147,-0.09125539463777586,-1.3864518290323569,-152.5916920348016,4.023,-1.77,-2.6986
0.0126,-0.051025,0.013428,1.422119,1.892395,-0.440002,-2.462616,4.475008910966469,-1.476238878881764,0.022339376199965434,-0.05623733333116476,-1.3581971000020938,-152.6240815877538,4.017,-1.773,-2.7002
0.0115,-0.063232,0.001709,1.201904,2.044983,2.611755,-5.453339,4.470632679052796,-1.4784933398198123,0.02218655895529766,-0.026856975132851586,-1.2838038871543862,-152.68844571772811,4.013,-1.775,-2.7018
0.012,-0.016113,0.030273,1.362061,1.70929,2.611755,-2.584686,4.466200595790879,-1.4807780497817322,0.02222031945811716,0.013976863195219682,-1.2387708835127984,-152.71981355491903,4.009,-1.777,-2.7018
0.0122,-0.147949,0.028076,1.429688,0.122375,1.848816,-5.972137,4.461619215215017,-1.4831185069766122,0.02182645814375562,0.03422968592986074,-1.1331565966624733,-152.79524612821146,4.004,-1.78,-2.7018
0.0125,0.036133,0.084229,1.293945,-1.556091,-2.332092,-5.17868,4.456977075277923,-1.4855123258284932,0.02205621401087942,0.06812550955804779,-1.1801715259734271,-152.85865289853928,4.0,-1.781,-2.7034
0.0116,-0.094238,-0.040527,1.26123,-0.121765,-0.165344,-3.92746,4.452635697362439,-1.4877178063882661,0.021777947247538915,0.045362699483733976,-1.121997617457151,-152.90680040024108,3.994,-1.784,-2.705
0.012,0.037109,0.024658,1.223877,0.030823,-1.35553,-6.368866,4.448255551790491,-1.4899662869255819,0.022007592697792108,0.0650196683033802,-1.1587463269561125,-152.98221636968103,3.99,-1.786,-2.7067
0.0122,-0.062256,-0.029053,1.3125,-3.478699,-0.073792,-2.645721,4.443794978832421,-1.492227416783104,0.021857870649974288,0.00884867222846934,-1.1200846176292178,-153.01614237977662,3.987,-1.787,-2.7067
0.0114,-0.014648,-0.013672,1.324951,-2.807312,0.048279,-7.223358,4.439607979553448,-1.494355415990827,0.02187631886140903,-0.02648439300318732,-1.108062908141511,-153.09896607941872,3.981,-1.79,-2.7099
0.0122,0.033936,0.048828,1.338135,-2.471619,2.062439,-5.300751,4.435163633702149,-1.4966181412225308,0.022086585697048574,-0.024383719127894304,-1.0994799229107663,-153.1626895824616,3.978,-1.792,-2.7099
0.0116,-0.065674,-0.061279,1.359131,0.82428,1.482605,-5.727997,4.430902199181125,-1.4987589674908932,0.021918490656470155,-0.04506989339430587,-1.0427020087214212,-153.2309224098636,3.972,-1.794,-2.7131
0.0121,0.00708,0.016846,1.34375,1.007385,1.024841,-8.047333,4.426625089912852,-1.5009186392755671,0.022021058288544955,-0.018573748789686838,-1.0321293982245874,-153.3280365255247,3.968,-1.796,-2.7148
0.0127,-0.03125,-0.044678,1.286865,2.533264,1.207947,-7.009735,4.422203658699201,-1.5031307773080218,0.02197399709398184,-0.008663273830687001,-0.9965494377500544,-153.4181254483493,3.964,-1.798,-2.7148
0.0122,-0.05835,-0.029785,1.349121,4.547424,-0.897766,-10.671844,4.417817305772902,-1.5053139760288798,0.02183202337284897,0.034400516882586905,-0.9724235306543401,-153.54959072826384,3.959,-1.8,-2.718
0.0112,0.050537,0.078369,1.282471,0.610657,-3.644348,-12.258759,4.413815890866899,-1.5073209728581394,0.022105055659768037,0.0923015416333935,-1.0413473040970518,-153.68493254371933,3.956,-1.802,-2.7196
0.0121,-0.058594,-0.074219,1.180664,-1.678162,-4.804016,-10.397186,4.409409863309942,-1.5094803049556544,0.021925719059578637,0.028832277201825733,-1.0598326228613866,-153.81320261729263,3.95,-1.804,-2.7229
0.0119,0.072754,0.083496,1.2771,1.983948,1.024841,-16.317596,4.405034152806165,-1.5116533239217866,0.02229908001807071,0.10770730707606511,-1.088604360279725,-154.0049403838688,3.946,-1.806,-2.7261
0.0121,-0.079102,0.098389,1.652344,-2.990417,7.586121,-11.556854,4.400777977773156,-1.5137245820722145,0.02215258890836256,0.12069310077570698,-0.956726597114663,-154.14460184003906,3.943,-1.807,-2.7277
0.0122,-0.133789,-0.046143,1.292236,-5.401306,3.191589,-11.556854,4.396527641864082,-1.5157539046803796,0.02171321698358643,0.032232377723801726,-0.8384269426436163,-154.2882938992813,3.938,-1.809,-2.7309
0.0122,0.018066,0.104736,1.123291,-1.464539,-0.378967,-12.594452,4.392461240127095,-1.5177350272800685,0.021897668697952406,0.09020264520706754,-0.8564734200831867,-154.43940187587552,3.934,-1.811,-2.7342
0.0119,-0.045898,0.022705,1.357422,2.594299,-2.301575,-13.509979,4.388271193308912,-1.5197330381361696,0.021802069310004227,0.13763484683539173,-0.856949218267205,-154.6005654580819,3.929,-1.813,-2.7374
0.0115,0.095459,-0.095947,1.529297,1.373596,-2.545715,-11.190643,4.384409096737615,-1.5215702962507593,0.02213852364151658,0.10859997406877225,-0.9314495431918047,-154.72957420202277,3.925,-1.815,-2.739
0.0122,0.017822,-0.052246,1.144531,3.631897,-4.071594,-13.357391,4.3802561735642485,-1.5235262355174852,0.02227272998861538,0.12238503151513948,-0.9923716859473676,-154.89333821669996,3.922,-1.816,-2.7407
0.0122,-0.0625,-0.029541,1.399414,6.378479,-2.850891,-16.470184,4.375982527320871,-1.5255128026612115,0.022110325894057627,0.1880968596671154,-0.9900079295340758,-155.09602457684662,3.917,-1.818,-2.7455
0.0128,0.043945,-0.093506,1.437988,5.462952,0.53656,-13.113251,4.371739118351246,-1.5274735314202743,0.022302468452821616,0.2112085650872091,-1.0034903448916779,-155.26524906426465,3.913,-1.82,-2.7455
0.0109,-0.025635,-0.077637,1.23877,9.155579,0.506042,-17.233124,4.3681953784848035,-1.5290866293520031,0.022236812539169683,0.2662294729350051,-0.9802480725421602,-155.45546433663105,3.908,-1.822,-2.752
0.0121,0.08667,0.08252,1.363525,6.286926,1.452087,-16.409149,4.364154480885361,-1.530956702845598,0.022637880221053036,0.39053201482366207,-1.0080427323241425,-155.65113729475638,3.905,-1.824,-2.7536
0.0122,-0.111328,-0.030518,1.285889,-1.495056,5.846619,-13.387909,4.360111263909227,-1.532765587294479,0.022272832205635737,0.35592744597174536,-0.8689987552746807,-155.8159868088223,3.901,-1.825,-2.7569
0.0123,-0.072266,0.042969,1.449219,2.380676,7.067322,-16.012421,4.3560513053087675,-1.5345904051138926,0.02210317553899353,0.4090855079268547,-0.7424826401694284,-156.01164091029756,3.897,-1.827,-2.7601
0.0114,-0.026123,0.117432,1.318604,5.829163,1.513123,-14.272919,4.352288938309272,-1.5362912156394857,0.022103037131001244,0.5428705110303907,-0.7099616267137834,-156.17049492785708,3.894,-1.828,-2.7633
0.0122,-0.036865,-0.060791,1.156006,0.152893,0.750183,-13.509979,4.348364601212448,-1.5379992833536198,0.021990022233665626,0.5041363112247861,-0.6775711161359476,-156.33813262683648,3.889,-1.83,-2.7666
0.0122,-0.013916,-0.077881,1.16748,-0.610046,-4.2547,-11.129608,4.344321433746749,-1.539743720907803,0.02196596727091796,0.4454865359985281,-0.7214516303911217,-156.47764939371305,3.885,-1.831,-2.7682
0.0119,0.018066,-0.029541,1.35376,2.472229,-3.522278,-10.610809,4.340287803540123,-1.5414916680915034,0.02207954515748852,0.45759349006403754,-0.7730338327724484,-156.6053096830791,3.881,-1.833,-2.7698
0.0117,0.012695,-0.049561,1.436035,-0.854187,2.123474,-8.688202,4.336441712955979,-1.543142745415663,0.022163923739327535,0.4204714981198111,-0.7543139673108062,-156.708369527086,3.876,-1.835,-2.773
0.0121,-0.08374,-0.034424,1.267578,-0.1828,3.893494,-10.366669,4.332402417402593,-1.544867359101013,0.02189019827936738,0.39766450807165793,-0.6576483286740311,-156.83471872008187,3.872,-1.836,-2.773
0.0122,-0.037842,0.088379,1.185791,-0.426941,3.344177,-9.939423,4.328336900218022,-1.5466348497484739,0.021837673978475684,0.4493426346170005,-0.5948744485313704,-156.9522468152115,3.869,-1.838,-2.7747
0.0122,-0.037354,-0.014648,1.174805,-2.349548,-3.888489,-7.07077,4.324374202227937,-1.548312860957869,0.021736481190975883,0.4107671817888698,-0.620399625589648,-157.03955175632757,3.864,-1.839,-2.7763
0.0116,-0.031738,-0.019775,1.338379,0.335999,-1.630188,-7.314911,4.320412312679904,-1.5499826904789509,0.021668560763202827,0.4026871696648505,-0.622471055432205,-157.12534660442088,3.861,-1.841,-2.7779
0.0123,0.000977,0.040283,1.57373,0.94635,5.846619,-9.329071,4.316205096850889,-1.5517678721882588,0.02174229030409288,0.43298859813845697,-0.5517062244132457,-157.2384776167706,3.855,-1.843,-2.7795
0.0115,-0.095215,0.036621,1.31958,0.763245,3.924011,-8.321991,4.312449795953219,-1.5533523035201617,0.02145581835394474,0.4618732788145072,-0.4543093182513256,-157.33224592392324,3.852,-1.844,-2.7795
0.0121,-0.041748,-0.020508,1.368408,0.82428,-3.583313,-9.603729,4.308565318321846,-1.554964422019191,0.02134817581493053,0.4590933915496969,-0.47659977441211354,-157.44968230756103,3.849,-1.845,-2.7779
0.0123,0.024414,0.001221,1.019531,3.052063,-4.590393,-13.540497,4.304551668888222,-1.556632185949847,0.021540659710021767,0.49735585913647656,-0.5555605382170499,-157.61681978717027,3.844,-1.847,-2.7811
0.0117,0.04541,0.023193,1.593994,1.404114,8.623718,-15.157928,4.300739290776062,-1.5582081749695909,0.02174459517960263,0.5233199164920673,-0.4772315307024018,-157.79290511060012,3.841,-1.848,-2.7811
0.0125,-0.006348,0.016357,1.554199,0.122375,-6.665588,-14.547577,4.296704077810344,-1.5598584728703309,0.02177366562831657,0.5313714945338647,-0.5572649483681429,-157.97518495205105,3.836,-1.85,-2.7828
0.0116,0.016602,0.035645,0.996826,-0.94574,8.989929,-12.563934,4.293112642881619,-1.561327993279374,0.0219564141573179,0.5470856360767702,-0.4710113426113674,-158.11841299997013,3.833,-1.851,-2.7844
0.013,-0.095459,-0.024658,1.545654,-2.441101,5.632996,-7.314911,4.289102944351934,-1.5629279725710898,0.021693269501619813,0.500862109654563,-0.35301316514148406,-158.21340204473788,3.83,-1.852,-2.786
0.0111,0.009033,-0.068115,1.103271,-10.680847,-1.202942,-5.972137,4.285697970623186,-1.5642603118768295,0.02176582413444995,0.3350073461951751,-0.37862239914369944,-158.2828427972032,3.825,-1.854,-2.7876
0.0123,0.074707,0.022949,1.257568,-7.75116,3.740906,-6.216278,4.281893639630241,-1.5657797760868783,0.022136056537725362,0.25436230882887806,-0.3829914943096831,-158.35921665672038,3.822,-1.855,-2.7876
0.012,-0.021484,0.058105,1.338135,-2.380066,-2.301575,-2.096405,4.278098004480356,-1.56730156288063,0.022134077852008136,0.25941148665219704,-0.4024659686021927,-158.38286801742672,3.817,-1.857,-2.7876
0.0116,-0.102783,-0.087646,1.351562,-0.06073,-0.134827,0.74173,4.274407713047532,-1.5687398656464278,0.021776439101571014,0.20944736851147738,-0.35058769594926886,-158.37603511020615,3.814,-1.858,-2.786
0.0123,-0.031738,-0.060791,1.333252,-2.257996,2.764343,-2.03537,4.270483911692792,-1.570278708203534,0.02169405677020698,0.1478573732566,-0.30359526387333985,-158.40239134383063,3.811,-1.859,-2.786
0.0125,0.041016,-0.038818,1.293457,-5.370789,-2.087952,-6.246796,4.266610555477849,-1.5717986531031634,0.021895832662869315,0.06018824319542974,-0.3591167273668265,-158.48203084400052,3.806,-1.861,-2.786
0.0111,0.056396,0.035889,1.264893,-2.19696,2.031921,-9.664764,4.263181975396422,-1.5731557747364855,0.02219454566648643,0.06047125610034114,-0.3758740317317162,-158.58921255112284,3.803,-1.862,-2.786
0.0121,-0.018066,0.084229,1.408691,0.000305,3.466248,-8.566132,4.2593647982492495,-1.5746721029532018,0.02222052115896081,0.10850768790811068,-0.32863426068484286,-158.69100198192896,3.798,-1.864,-2.7876
0.0122,-0.071045,0.017578,1.250488,-1.128845,1.54364,-5.361786,4.255493184517858,-1.5761902270370192,0.022007079100991974,0.10769368085075506,-0.272224464582943,-158.75524903230848,3.795,-1.865,-2.7892
0.0118,-0.018799,-0.039795,1.169434,-0.243835,2.30658,-4.354706,4.251793395428316,-1.5776181693326423,0.02197578097593083,0.08107034030482622,-0.23982921590010092,-158.8074744124484,3.792,-1.866,-2.7892
0.0122,-0.003662,0.006348,1.316406,1.770325,-3.186584,-5.026093,4.247906017656705,-1.5791275173854988,0.022020757121294858,0.10828212610941845,-0.28222841633030793,-158.86870563701137,3.787,-1.868,-2.7892
0.012,-0.05127,-0.106689,1.367188,-0.121765,-2.728821,-5.300751,4.244064775334268,-1.5805875706685293,0.02184644893684059,0.04938386719085288,-0.29139643786146263,-158.93429591330187,3.784,-1.869,-2.7908
0.0124,0.010254,-0.033691,1.391357,0.335999,2.153992,-9.145966,4.240126957568968,-1.5820948264096342,0.021929036324791377,0.037626230451094714,-0.27565111259955377,-159.0486094702728,3.779,-1.871,-2.7908
0.0121,-0.004395,0.046143,1.325684,0.793762,5.846619,-10.97702,4.236378324000213,-1.583542374189728,0.021994531994255946,0.07655901156986267,-0.20872106948529284,-159.18033549272343,3.776,-1.872,-2.7908
0.0112,-0.016602,-0.017578,1.2854,-3.509216,-0.409485,-9.176483,4.232962709157,-1.584838261591863,0.021980889518079964,0.029599266674479333,-0.20997867312640472,-159.2833394502108,3.773,-1.873,-2.7908
0.0121,-0.022461,0.049072,1.420654,-4.668884,-2.332092,-10.244598,4.229222517296217,-1.5862658716791829,0.021973626063565847,0.002718733039801403,-0.23165361677167537,-159.4061580255217,3.768,-1.875,-2.7925
0.0124,-0.029785,0.0979,1.306641,-4.333191,3.069519,-8.627167,4.2252679756110565,-1.587777336344747,0.021964278526357354,0.009571282219026651,-0.18296271744942805,-159.5109440808472,3.765,-1.876,-2.7925
0.0123,-0.050293,-0.041016,1.263428,-5.401306,-2.911926,-4.141083,4.221442196047939,-1.5892005057267486,0.02180655196030335,-0.07802964158939077,-0.19513308068790497,-159.56211639395758,3.76,-1.878,-2.7925
0.0121,-0.055908,-0.041504,1.350098,1.098938,2.977966,-1.608124,4.217842668875407,-1.5905367287416916,0.021642178192579308,-0.08480172700930867,-0.13427115951884538,-159.58176176881344,3.757,-1.879,-2.7941
0.012,-0.012451,-0.031494,1.589111,2.502747,-0.409485,-0.14328,4.214327213863457,-1.5918398366594142,0.021640451837655308,-0.06707744469935283,-0.13891732221405648,-159.58391774235173,3.754,-1.88,-2.7925
0.0112,-0.026367,-0.112549,1.22583,-0.457458,-2.301575,1.321564,4.211081486611807,-1.5930198524352446,0.021544868613744855,-0.13821155496459614,-0.15588296401539306,-159.5712019957523,3.75,-1.882,-2.7925
0.0122,-0.005615,-0.077393,1.276123,-1.525574,-4.834534,-2.187958,4.2074125825233875,-1.5943677821315534,0.021548149694283442,-0.1984850379221985,-0.2182478926672203,-159.59914107031975,3.747,-1.883,-2.7925
0.0122,0.016357,0.001221,1.274658,1.770325,-0.043274,-2.065887,4.203758730810623,-1.5957246645724872,0.02167452203381423,-0.17141094560401923,-0.23531199858919122,-159.62464328484748,3.743,-1.884,-2.7925
0.0122,-0.026611,0.020996,1.588867,2.350159,-0.378967,-2.432098,4.200290865958053,-1.597020416447695,0.021646023610606864,-0.12877901386554727,-0.23188472705437366,-159.653662543275,3.74,-1.885,-2.7925
0.0122,-0.058594,0.075928,1.249268,0.549622,-6.451965,2.420197,4.1967757710139155,-1.5983512728516698,0.021500139008968553,-0.07183705131137767,-0.2806868852413589,-159.62179658412802,3.737,-1.886,-2.7925
0.0114,0.006836,-0.043945,1.066406,-3.173523,2.672791,7.119904,4.193464041485313,-1.5995671496858488,0.02158432396384384,-0.13532227576015274,-0.2630398904692767,-159.54180920581774,3.733,-1.888,-2.7908
0.0121,-0.02124,0.022217,1.520996,0.458069,3.31366,3.610382,4.189956244558866,-1.6008833239557416,0.021575210199358756,-0.11510358684275057,-0.21734119086855055,-159.4976198482166,3.73,-1.889,-2.7908
0.0121,-0.078857,0.02124,1.47168,1.129456,1.879333,2.481232,4.186710187476572,-1.602110227314922,0.021368105986687796,-0.0870482851602876,-0.159375710686933,-159.46634605323013,3.727,-1.89,-2.7892
0.0122,-0.025879,0.009033,1.258057,-1.678162,-0.440002,6.906281,4.1833697985257805,-1.6033674390945378,0.021329294023439017,-0.09829986075989586,-0.15621735818461258,-159.38155541106508,3.723,-1.892,-2.7876
0.0122,-0.045654,-0.098145,1.191406,0.091858,-1.59967,8.004913,4.179986555662332,-1.6046141386777495,0.021164024315826778,-0.15605558606681352,-0.15412767837911331,-159.2855750765959,3.72,-1.893,-2.786
0.0112,-0.007568,-0.045166,1.308594,3.937073,-0.378967,6.753693,4.176903992306681,-1.6057672782323253,0.02117673939820153,-0.1345833983443984,-0.16082896621349735,-159.21086603932102,3.716,-1.894,-2.7844
0.0122,-0.000732,-0.050049,1.384521,0.702209,-2.881409,6.692657,4.173585116077119,-1.6070135134309451,0.02121059629216033,-0.14994259481363537,-0.20157301462806446,-159.13016853591154,3.713,-1.895,-2.7844
0.0123,-0.069092,0.031738,1.38208,0.213928,1.177429,6.417999,4.170180454635795,-1.6083308842489819,0.02102869573799253,-0.12593761159467828,-0.1550332106233784,-159.04960414657987,3.71,-1.896,-2.7811
0.0121,-0.039795,0.005127,1.311035,3.021545,3.100037,7.608185,4.166949534292969,-1.6095756959575962,0.02093968726672455,-0.08293544579444435,-0.10161890030573317,-158.9568887138842,3.707,-1.898,-2.7811
0.0115,-0.001221,0.034668,1.176758,0.580139,0.719666,8.004913,4.163963094277774,-1.6107384093906165,0.021010484569794978,-0.05011775209924902,-0.10110976630607808,-158.8638910019213,3.704,-1.899,-2.7795
0.0123,-0.026367,0.004883,1.322754,-0.457458,-2.942444,12.216339,4.160705457664798,-1.6120028619701177,0.020967677057104717,-0.0499400545844267,-0.12911201984107223,-158.71314618104617,3.7,-1.9,-2.7763
0.0121,-0.049316,-0.038818,1.307617,-0.854187,-3.308655,11.239777,4.157401750104143,-1.6132820313135026,0.020825060311480174,-0.07990360341619548,-0.14717409757692318,-158.57749198556138,3.697,-1.901,-2.7747
0.0115,-0.007812,-0.039307,1.256836,0.091858,-1.386047,8.432159,4.154344879029082,-1.6144686099377925,0.020840841326597647,-0.09928994903610747,-0.16559174874948546,-158.4814363433887,3.694,-1.902,-2.7714
0.0121,0.023926,-0.004639,1.292725,-1.220398,-0.562073,9.43924,4.151165683420704,-1.6157188400069213,0.02098761602446515,-0.11317331722372104,-0.1933065684364381,-158.36762704843952,3.691,-1.904,-2.7698
0.0125,-0.041016,0.023193,1.383789,-0.854187,-3.949524,12.063751,4.147768762392765,-1.61707787738663,0.020897976186838488,-0.10773776330260541,-0.2254275078119467,-158.2157930891766,3.688,-1.905,-2.7682
0.012,0.036621,-0.038086,1.313721,2.624817,-4.041077,10.843048,4.144611347458435,-1.6183257936234259,0.021078045671592223,-0.09539396034895724,-0.3007837796484762,-158.08672339298042,3.684,-1.907,-2.7666
0.0118,-0.007812,0.02417,1.251709,-1.556091,-1.263977,8.950958,4.141469635376018,-1.6195996293811223,0.02110998182239322,-0.09552969604066915,-0.3165460014041374,-157.9804305330627,3.681,-1.908,-2.7633
0.0115,0.007568,-0.016602,1.419922,-3.722839,-0.745178,8.767853,4.138415600309878,-1.6208314488610507,0.02118224662253813,-0.14385904206133368,-0.33360614181957565,-157.87984237001152,3.678,-1.909,-2.7617
0.0123,0.022949,0.139404,1.396729,0.488586,-0.012756,9.744415,4.135297820020096,-1.622137552444647,0.021340325604753314,-0.05908333934549937,-0.350527392811935,-157.75770379529,3.675,-1.91,-2.7601
0.0121,-0.062988,-0.002197,1.314697,-1.922302,-1.325012,9.256134,4.132306064192523,-1.6233609692741298,0.021157596189862994,-0.08072745788467313,-0.33471411633216275,-157.6455220034034,3.672,-1.911,-2.7585
0.0116,-0.035645,-0.044678,1.141113,-5.950623,-4.285217,12.857208,4.129379987083554,-1.624550729544962,0.021053583234316355,-0.17582416910823268,-0.3662801914078937,-157.49697414839991,3.668,-1.913,-2.7552
0.0121,-0.028564,0.001709,1.372559,-2.563171,-2.698303,9.042511,4.126252590763386,-1.6258487837903817,0.02100191217914643,-0.20184870682301487,-0.3868247503993141,-157.3872801773059,3.666,-1.914,-2.7536
0.0122,0.039551,0.074707,1.442139,-0.152283,-0.287415,7.79129,4.123342613350381,-1.6270846036143396,0.021193854487412213,-0.16035259766976637,-0.41467712794926564,-157.2910391502803,3.663,-1.915,-2.752
0.012,0.016846,-0.041016,1.232666,-3.173523,0.872253,9.652863,4.12044127463252,-1.6282908516922538,0.021309285664948545,-0.2196562640812177,-0.4192885093712521,-157.17566638486934,3.66,-1.916,-2.7504
0.0122,0.00415,0.037842,1.229736,-1.250916,-3.461243,7.303009,4.1174644879737095,-1.62955695027479,0.021385371065226044,-0.20676889803572687,-0.4681900225206243,-157.0858101042724,3.658,-1.917,-2.7488
0.0122,0.006348,0.016357,1.400879,0.122375,-2.026917,8.645782,4.114476113333347,-1.630827004607625,0.021456374255022993,-0.1925387148643922,-0.49899936163547454,-156.97992789105126,3.654,-1.919,-2.7471
0.0123,0.049561,-0.102539,1.342041,0.183411,2.001404,7.150421,4.111515361153097,-1.6320676287840994,0.021671531832687125,-0.24442688874439827,-0.5056619050650826,-156.89278573877127,3.651,-1.92,-2.7455
0.012,0.028076,0.061768,1.255127,1.434631,2.947449,4.068146,4.10868504935161,-1.6332928190874991,0.021842835159632094,-0.18492378900915726,-0.4913031289064275,-156.84341700740197,3.649,-1.921,-2.7439
0.0112,-0.047607,-0.041016,1.351318,-1.372986,0.353455,6.601105,4.106010246205488,-1.6344271937918644,0.021715124415744178,-0.21933489551576035,-0.4635829596956544,-156.76989853999166,3.645,-1.922,-2.7439
0.0121,0.081055,-0.005371,1.287842,-2.715759,-2.301575,4.525909,4.10309828047916,-1.635684214688671,0.022066208715093665,-0.2504351361543239,-0.5427415129531603,-156.71469021901763,3.643,-1.923,-2.7439
0.0125,0.035889,0.095703,1.490723,-1.708679,-2.423645,5.563507,4.100069559108023,-1.6370053360068422,0.02223432523424029,-0.21843265766643302,-0.5927057563846536,-156.64455498588603,3.639,-1.925,-2.7423
0.0121,-0.056152,0.013672,1.186035,-1.739197,-3.919006,5.410919,4.097166019277364,-1.6382544787976738,0.02206139436888978,-0.22586553759447547,-0.6066738861371818,-156.5794286613394,3.637,-1.926,-2.7423
0.0121,0.003174,-0.005859,1.152832,-5.340271,-2.637268,9.011993,4.094152298272122,-1.6395619695672874,0.022130071828157873,-0.28940193809672965,-0.6434308727717221,-156.47012675122474,3.634,-1.927,-2.7407
0.0115,0.017578,-0.084473,1.359131,-3.783875,-4.865051,12.552032,4.091178089090845,-1.6408501917357672,0.022228128959347768,-0.3758110274255325,-0.7095222777353402,-156.3251174080529,3.63,-1.929,-2.739
0.0121,0.024414,0.027832,1.394287,-2.044373,4.931091,8.950958,4.088315550264475,-1.642113049930196,0.022362648371647864,-0.379854261976898,-0.6638938641832736,-156.2170959839683,3.628,-1.93,-2.739
0.0123,-0.075439,0.041748,1.37915,1.007385,6.579041,7.516632,4.085447553449693,-1.6433742867506325,0.022156621102129067,-0.3389722579659141,-0.5428805415616265,-156.12580336179892,3.624,-1.931,-2.7358
0.012,-0.041016,-0.017334,1.359375,2.228088,5.388855,5.197296,4.082607958118839,-1.6446255705331108,0.022063097100742154,-0.31663248015960505,-0.4582150788697087,-156.06403232311388,3.622,-1.932,-2.7342
0.0114,0.023438,-0.02832,1.422363,1.343079,-0.409485,4.89212,4.079897248080589,-1.6458294132693743,0.022183678123394595,-0.3112998166342173,-0.4783321980059656,-156.00813341656664,3.62,-1.933,-2.7342
0.0127,-0.036377,-0.05957,1.241943,0.976868,-0.012756,3.915558,4.076918915218075,-1.6471426094429964,0.022094522845576642,-0.32989943267634614,-0.4600629472062149,-155.95873432257338,3.616,-1.935,-2.7342
0.0111,-0.005371,-0.016846,1.236816,1.892395,-2.454163,2.023468,4.074443001184343,-1.6482459169642865,0.022120860179711804,-0.31336173638221043,-0.48799370603002407,-155.9361431171447,3.614,-1.936,-2.7326
0.0122,0.007568,0.077637,1.179443,1.587219,-0.317932,1.260529,4.071681709475439,-1.6494979037052717,0.022210993973633172,-0.2380259057290485,-0.5011897549359344,-155.92027046250578,3.611,-1.937,-2.7326
0.0123,-0.073242,0.08667,1.503662,2.319641,-1.874329,2.084503,4.06876612272994,-1.6508071240436701,0.022028448527674077,-0.16134275607042237,-0.48921589619320155,-155.89459560625363,3.608,-1.938,-2.7309
0.0122,-0.044678,-0.001221,1.321533,1.861877,-0.928284,2.725372,4.065969032152925,-1.6520527391504225,0.021916886305555605,-0.13546114483643562,-0.47804287379007154,-155.8616715049371,3.606,-1.939,-2.7309
0.0122,-0.01416,-0.026123,1.170654,-2.898865,-1.263977,2.786407,4.063242357950141,-1.6532682814205544,0.02191203275859943,-0.18331731832403786,-0.4887208382213589,-155.82790451275312,3.602,-1.941,-2.7309
0.0113,0.003662,-0.071777,1.142334,-0.762634,-4.895569,4.342804,4.060772162282697,-1.6543622938663232,0.021972472433628584,-0.2350707914664401,-0.5506028074048367,-155.77908099268703,3.6,-1.942,-2.7309
0.0123,-0.040283,-0.058105,1.376709,3.601379,-5.109192,7.455597,4.057970052038513,-1.6556063755318915,0.021874709771646687,-0.21929974814003822,-0.592678519531713,-155.68790390323494,3.598,-1.943,-2.7293
0.0122,-0.016357,-0.003174,1.426025,3.235168,-2.36261,7.180939,4.055054444928765,-1.6569229499738127,0.02186373781980574,-0.17806198266660056,-0.6139542639114367,-155.60028327865805,3.594,-1.944,-2.7309
0.0116,-0.040283,-0.003906,1.353271,2.746887,-3.461243,5.502472,4.052417153521409,-1.6581147068502442,0.021766101172509284,-0.14493236560154574,-0.632816320392524,-155.53673967212052,3.592,-1.945,-2.7309
0.0124,0.010742,-0.019775,1.229004,3.753967,-3.552795,3.152618,4.049800242990545,-1.6593036069704385,0.021851458875529008,-0.10716965144645914,-0.6856789316367137,-155.49752645391945,3.589,-1.947,-2.7293
0.0123,0.00415,0.027588,1.287354,3.876038,-4.315735,2.115021,4.047192204153206,-1.6605028195202742,0.021908758549435862,-0.04003668037315887,-0.7423398153774409,-155.47091832831524,3.586,-1.948,-2.7293
0.0117,-0.035645,-0.013428,1.401367,1.800842,-0.501038,3.946075,4.044514287698995,-1.6617168882563416,0.021831133220535343,-0.02412353964678512,-0.7290964853575119,-155.42535962053452,3.584,-1.949,-2.7293
0.0114,-0.027588,-0.005615,1.387207,2.106018,2.703308,1.474152,4.041962105059896,-1.6628797558056694,0.021780745600227722,-0.0008256057051301604,-0.6840431141927137,-155.40891380288664,3.581,-1.95,-2.7309
0.0124,-0.009766,0.062744,1.288086,0.610657,4.32074,1.809845,4.039344200031605,-1.66409817301242,0.02179564923206824,0.04632252413074186,-0.626956966295082,-155.38540577724146,3.579,-1.951,-2.7309
0.0124,-0.036865,0.01001,1.28418,-0.243835,1.116394,1.046906,4.036822073857339,-1.66525207735196,0.021709426042208185,0.05145955248631965,-0.5936812247176275,-155.37260767875904,3.576,-1.952,-2.7309
0.0112,0.052734,0.073242,1.226807,0.854797,0.261902,0.894318,4.034595413601886,-1.666311262404637,0.02195101653266632,0.10851483864868755,-0.6264696569766768,-155.3602666503697,3.574,-1.953,-2.7293
0.0127,-0.004639,-0.014404,1.374756,1.190491,-0.836731,0.406036,4.032198740168573,-1.6674067111915518,0.021974066537176738,0.11689758161173083,-0.6361814525642714,-155.35535664666895,3.572,-1.954,-2.7309
0.0121,0.040039,-0.057617,1.207275,0.976868,1.787781,1.260529,4.029923514066543,-1.6684431682101153,0.022169156146849094,0.09382748458981605,-0.6428717603697273,-155.34036235680747,3.569,-1.955,-2.7309
0.0117,-0.039551,-0.095947,1.378662,2.289124,0.506042,1.840363,4.027692464945751,-1.6694364092496066,0.0220750563797278,0.06875542005930921,-0.6168028012200464,-155.32071279656643,3.567,-1.956,-2.7309
0.0121,0.041016,-0.034912,1.263428,1.95343,-2.667786,1.99295,4.02537417174134,-1.6704987841368633,0.022261838297940213,0.07293890138847395,-0.6761148628565208,-155.2966608324942,3.564,-1.957,-2.7293
0.0124,-0.029297,-0.049561,1.278809,0.915833,-5.780579,4.068146,4.022839165747881,-1.6716484108327598,0.022197499536082844,0.05600690802143953,-0.7315016015491709,-155.2473443263686,3.562,-1.958,-2.7293
0.0116,0.055908,-0.002197,1.215088,1.922913,-3.095032,4.373322,4.020452511509035,-1.6727566761698434,0.022445569075505545,0.07841614369937593,-0.8038783153754981,-155.19585913059836,3.56,-1.959,-2.7293
0.0123,-0.030518,0.005859,1.376953,2.136536,-0.34845,5.65506,4.017967604762293,-1.6739034816409772,0.022383763515970306,0.10849686926490014,-0.7912008837746447,-155.1265775696929,3.557,-1.961,-2.7277
0.012,-0.01123,-0.003174,1.372314,0.274963,2.794861,5.105743,4.0156040041964385,-1.6749979645578361,0.022385526588775437,0.11066175234319256,-0.7519386155493674,-155.06536476138234,3.555,-1.961,-2.7293
0.0116,-0.005127,-0.020264,1.360596,-0.030212,-0.378967,4.831085,4.013251442654073,-1.6760867850480172,0.022405697500770132,0.09969754694864769,-0.7540642403355522,-155.00962108875223,3.552,-1.963,-2.7261
0.0116,0.036621,0.020996,1.188965,0.335999,-2.667786,3.152618,4.0107933273044605,-1.677244253294888,0.02258628785668827,0.11850170340064906,-0.8099240749091012,-154.97221887390964,3.549,-1.964,-2.7277
0.0123,0.053711,-0.007812,1.317139,-1.06781,1.177429,0.131378,4.008136531244063,-1.6784903095502361,0.02281065450799152,0.10245313440797042,-0.8268668994757906,-154.969947562436,3.547,-1.965,-2.7277
0.0118,0.014404,0.018311,1.460205,0.885315,2.642273,0.711212,4.005889785748805,-1.6795446860184406,0.022887201957823514,0.1236327167034808,-0.8027408787805579,-154.9611559937725,3.545,-1.966,-2.7277
0.0125,-0.024658,0.005615,1.31543,2.533264,1.66571,-1.119843,4.003403463646786,-1.6807046875264942,0.022845761896778605,0.15986379896382627,-0.7680874158237911,-154.97529852661447,3.542,-1.967,-2.7293
0.0114,0.084473,0.062988,1.235596,0.610657,4.168152,-0.662079,4.001022707141741,-1.6818417679207553,0.023189634682763093,0.2066934280326104,-0.7739968738864371,-154.9809276582961,3.539,-1.968,-2.7293
0.0123,0.02832,-0.018066,1.282715,-0.213318,-1.080872,0.070343,3.998441488568541,-1.6830484481130445,0.023329186088824908,0.19398979523664245,-0.8048155452470277,-154.979868737842,3.537,-1.969,-2.7293
0.0124,0.029541,-0.024658,1.24292,-0.976257,-0.59259,0.619659,3.9959526761116573,-1.68421151095416,0.023476175409868804,0.16763205745189794,-0.8310320244014823,-154.97195991157005,3.535,-1.97,-2.7293
0.0113,0.011475,-0.021729,1.325439,-1.922302,1.726746,2.145538,3.993760724499202,-1.6852341765617875,0.023550089899289004,0.13424769354795485,-0.8183352838873297,-154.94762528196645,3.532,-1.971,-2.7309
0.0119,-0.024414,-0.008301,1.302246,-1.464539,0.506042,1.596222,3.991334522644854,-1.6863645820557387,0.023508178523271365,0.11322735907868835,-0.7983440548912564,-154.928911030334,3.53,-1.972,-2.7309
0.0121,0.010254,0.015137,1.290039,0.000305,0.445007,4.89212,3.988815053668145,-1.687546797342201,0.023584635018429632,0.12297200129255942,-0.7997057293179576,-154.86949049085004,3.528,-1.973,-2.7309
0.0126,-0.063721,-0.0625,1.420166,1.06842,-0.623108,8.706818,3.9863122260920054,-1.6887066445312706,0.02342725701448857,0.10246804222150678,-0.7732354923148569,-154.76075389563178,3.525,-1.974,-2.7326
0.0113,0.02417,-0.067383,1.300537,0.06134,3.039001,8.6763,3.9841838061213486,-1.68970298003864,0.0235468418466365,0.06412461445984245,-0.7542794354566236,-154.66287572892398,3.523,-1.975,-2.7326
0.0127,-0.036133,-0.012207,1.435791,-0.396423,0.750183,3.244171,3.981851421085648,-1.6908046616744423,0.02347317114147406,0.05394711687297675,-0.7257568161724948,-154.62188526051403,3.52,-1.977,-2.7326
0.0115,0.037842,0.106934,1.200928,1.95343,-3.644348,0.283966,3.9795439939990858,-1.691918617127049,0.02364579524050359,0.1459423570122355,-0.7929710867456093,-154.61764787832513,3.518,-1.977,-2.7326
0.0121,-0.035156,0.039551,1.306641,4.547424,-6.848694,-1.425018,3.976976044471836,-1.693137582446217,0.02356623099425257,0.22496066264180734,-0.8548682636725288,-154.63534550647478,3.516,-1.978,-2.7326
0.0127,0.051514,0.05542,1.349854,2.899475,0.048279,-3.225555,3.974270969208519,-1.6944360187734733,0.02377046791057067,0.29360150049447775,-0.8826708493791257,-154.6751150628212,3.513,-1.98,-2.7342
0.0113,-0.108643,-0.039795,1.502441,3.387756,2.764343,-1.089325,3.9721149401448685,-1.69543388073607,0.023492246402271766,0.31085136064030844,-0.7951115786396924,-154.6890806537612,3.511,-1.98,-2.7342
0.0125,-0.091309,-0.073975,1.405273,1.739807,8.318542,-1.211395,3.9697884371970695,-1.696509192989753,0.023257791263228918,0.2918276537105918,-0.6425476846450415,-154.70546091456336,3.508,-1.982,-2.7326
0.0114,-0.036133,-0.055908,1.290527,-0.487976,2.489685,2.450714,3.9679063437572943,-1.697382422710657,0.023176668025697282,0.2527383849628855,-0.595406224005326,-154.67851941467956,3.507,-1.982,-2.7342
0.0118,-0.084961,-0.020996,1.147705,1.06842,-7.27594,3.000031,3.9659378622136185,-1.6983018622998827,0.022902061140702167,0.25140676581950416,-0.6279440051780901,-154.64445235744955,3.505,-1.983,-2.7342
0.012,-0.039795,0.050049,1.292969,0.549622,-5.170227,3.366241,3.9636675199910765,-1.6993907021076788,0.022807208201709766,0.2871297770171342,-0.6683297355710762,-154.6035727167759,3.502,-1.984,-2.7342
0.0124,0.056396,-0.011719,1.17749,-1.342468,-7.367493,3.000031,3.961375914746846,-1.700481253834525,0.023048479648143518,0.2626874092551998,-0.7980762473531567,-154.56636229375098,3.5,-1.985,-2.7326
0.0124,-0.044922,0.012939,1.317871,-0.091248,-6.024719,0.436554,3.959014766855037,-1.7016027857946745,0.02293867248977583,0.268984312765281,-0.8463383380627868,-154.56168581193361,3.497,-1.986,-2.7326
0.0115,0.01001,0.008789,1.477539,0.702209,4.046082,-1.791229,3.9567530946805354,-1.7026814753712232,0.02300052956180586,0.2814387383083208,-0.8042619656167533,-154.58184681088272,3.495,-1.987,-2.7326
0.0126,0.03833,0.004395,1.419189,-3.143005,4.717468,-0.845184,3.9545991509315046,-1.7037097545470512,0.02314840566242081,0.24435498419091475,-0.7656561771234559,-154.5918086940122,3.494,-1.988,-2.7342
0.0114,-0.019043,-0.044434,1.219727,-0.274353,2.092957,-5.514374,3.9526860416192546,-1.7046043953661982,0.02312143067640673,0.2146828705790727,-0.7312489467302539,-154.65547653787885,3.491,-1.989,-2.7326
0.0123,0.068359,0.054688,1.357666,3.448792,4.56488,-6.765594,3.9507008479269565,-1.7055632399152958,0.023364539344669918,0.28871364527944776,-0.7143786350034589,-154.73717638709584,3.49,-1.99,-2.7358
0.0117,-0.002197,0.041504,1.304688,0.274963,0.65863,-6.094208,3.94881133142564,-1.7064647836490807,0.023390542339700372,0.3167843971418405,-0.7063891744928891,-154.80780716845373,3.487,-1.991,-2.7374
0.0122,-0.005859,-0.006592,1.263916,-0.762634,0.292419,-6.246796,3.946763720547713,-1.7074258332884404,0.023408535465971898,0.3040654468152204,-0.7005653966431623,-154.88414542415802,3.485,-1.992,-2.739
0.0123,0.038818,0.074707,1.348633,0.000305,-0.104309,-6.277313,3.9446211046973083,-1.7084515941951073,0.023561391167400105,0.34666388744822535,-0.7244558180722663,-154.9599639881355,3.484,-1.992,-2.739
0.0115,0.016846,-0.009766,1.270996,-0.884705,0.65863,-3.835907,3.942650214187215,-1.7093728515589963,0.02365136471628029,0.33049960418735863,-0.7282309840023053,-155.00397652131826,3.481,-1.993,-2.7407
0.0123,0.046631,-0.000244,1.405029,-0.610046,-1.508118,-3.439178,3.940538844668952,-1.710363323473731,0.023818377551699438,0.3226005063590118,-0.7721781135653301,-155.04592243294783,3.479,-1.994,-2.7407
0.0125,-0.011719,-0.000488,1.20874,1.465149,-2.423645,-3.195038,3.9384641350802108,-1.7113268278338514,0.023815385391957593,0.3405747100858239,-0.7959029793223105,-155.08618898322473,3.477,-1.995,-2.7423
0.0113,0.033691,-0.015137,1.287842,0.976868,-4.437805,-5.94162,3.936452347929664,-1.7122635566456554,0.023952534310126603,0.3427358871678814,-0.8656323728220512,-155.1533513321109,3.475,-1.996,-2.7439
0.012,0.010498,-0.015869,1.283936,-0.335388,-3.217102,-3.774872,3.9342701890720684,-1.7132726982827369,0.02401901456349344,0.32924514295836094,-0.9096711641614971,-155.19889168801868,3.473,-1.997,-2.7455
0.0127,-0.036377,-0.127197,1.417725,2.899475,-4.346252,-3.713837,3.9320106941581834,-1.7142916387660871,0.023944088206408434,0.2973951220735958,-0.943140219366655,-155.2480138254434,3.47,-1.998,-2.7471
0.0115,0.03418,0.019043,1.311768,3.357239,-1.4776,-4.293671,3.929988370595471,-1.715230053728863,0.02407880705068576,0.34713383293813155,-0.9784107743491918,-155.29694096588602,3.469,-1.999,-2.7471
0.0125,-0.030518,-0.0625,1.320312,0.335999,-0.012756,-2.584686,3.9279106632685052,-1.7161720136610124,0.024016387284209812,0.3148104377543172,-0.9592063617600036,-155.33022791689953,3.466,-2.0,-2.7471
0.0113,-0.039307,0.008301,1.286865,3.509827,0.353455,-8.291473,3.9260417599583497,-1.7170292824743145,0.023923027343478117,0.36004691104810005,-0.9302722867956488,-155.4242540625471,3.464,-2.001,-2.7488
0.012,0.012695,0.079102,1.384277,2.167053,0.994324,-8.291473,3.9239575508943356,-1.7179987703410031,0.02399121826521357,0.4297146148109211,-0.9233213049172905,-155.52265986513692,3.462,-2.001,-2.7504
0.0127,-0.008789,-0.029297,1.253174,-0.701599,1.238464,-5.666962,3.921847247242271,-1.7189513747894534,0.02399807393384029,0.40255745654535857,-0.9013586422544473,-155.59506081337966,3.46,-2.002,-2.7536
0.0111,0.013184,0.025391,1.363037,3.082581,3.893494,-6.796112,3.9200192694612643,-1.719786320435685,0.024065586718649883,0.4502185877278897,-0.8643847787792895,-155.66978778478546,3.458,-2.003,-2.752
0.0122,0.001465,0.005615,1.427246,2.136536,7.372498,-4.629364,3.9180340014028507,-1.720684253901955,0.024102145822373914,0.477638816128635,-0.7746916777941094,-155.72551976534513,3.456,-2.004,-2.752
0.012,-0.005615,-0.056152,1.319092,1.007385,3.252625,-3.744354,3.916124130169653,-1.7215318934913855,0.02411682614877874,0.45547449447873634,-0.7330384006562858,-155.7711142930435,3.454,-2.005,-2.7536
0.0117,0.095947,0.0,1.23291,3.387756,1.268982,-2.950897,3.914302830820218,-1.7223521155322197,0.024455278722818066,0.4933195800494515,-0.7786489988044875,-155.80536913083816,3.452,-2.005,-2.7536
0.0122,0.013672,-0.008789,1.286621,3.509827,-1.202942,-3.378143,3.912395223459781,-1.7232071189398306,0.024527908298686677,0.5287027486788513,-0.8016636842608553,-155.84685737951452,3.45,-2.006,-2.7585
0.0122,0.07666,0.018799,1.287598,-0.732117,-0.928284,-4.842987,3.9103192609894433,-1.7241417309427656,0.024793780121669846,0.5290897682777366,-0.8580835403738751,-155.9056020518437,3.448,-2.007,-2.7585
0.0121,-0.015381,-0.061768,1.412842,-0.152283,-1.35553,-3.408661,3.908284872275738,-1.7250437397274017,0.024777230892236334,0.49157588035337024,-0.8647952081099809,-155.94766522007458,3.446,-2.008,-2.7585
0.0124,0.034424,0.030762,1.219482,3.235168,-5.872131,-3.561249,3.9060414065084186,-1.7260491983201893,0.02492268250173712,0.5490478200237023,-0.9583046705635824,-155.99201329757582,3.444,-2.009,-2.7601
0.0112,0.009033,-0.008789,1.273682,-2.471619,-2.759338,-0.051727,3.904041350288389,-1.7269388920739368,0.02497938206592267,0.5135117078717878,-0.9932644228965476,-155.9929248988659,3.442,-2.009,-2.7601
0.0124,-0.057129,-0.025391,1.433594,-2.135925,-1.233459,-0.204315,3.9019930793969277,-1.7278466862259103,0.02485074757802426,0.47099563354998913,-0.9756018079942097,-155.9961815000917,3.44,-2.011,-2.7617
0.012,-0.055664,0.072266,1.543213,1.190491,0.933289,-1.9133,3.900024767994294,-1.7287297182723769,0.024737784226244335,0.5186282673575957,-0.934070863592366,-156.0188917253855,3.438,-2.011,-2.7617
0.0117,-0.034912,-0.021973,1.22876,-1.769714,-3.888489,-1.608124,3.898116584832461,-1.7295722616784468,0.024657204466415783,0.482337396583685,-0.9568121128855318,-156.03869634536144,3.436,-2.012,-2.7617
0.0128,0.038574,0.036377,1.192627,-1.006775,-5.994202,-2.310028,3.8960440559764127,-1.7305017021533045,0.024813797795028875,0.4913579522832017,-1.056716790311838,-156.06819185650255,3.434,-2.013,-2.7633
0.0116,-0.004395,0.007324,1.336426,1.465149,-6.451965,-2.615204,3.8940095294113157,-1.7314041220725076,0.024826235253752,0.5105240561786405,-1.1255290082199618,-156.0993017146004,3.432,-2.013,-2.7633
0.0121,0.071045,-0.017334,1.326904,-0.671082,-0.531555,-1.089325,3.8918655913486018,-1.7323570296531745,0.02505813765778818,0.49019915671860276,-1.1694031638761067,-156.11180522356707,3.429,-2.015,-2.7633
0.0121,-0.059814,-0.070312,1.4375,0.122375,7.799744,-3.469696,3.8901003398967022,-1.7331272040034522,0.024921675299299544,0.4525794848014449,-1.0397467914335823,-156.15398703819113,3.428,-2.015,-2.7649
0.0113,0.026855,0.093262,1.402344,2.106018,8.989929,-9.298553,3.8883055978122263,-1.733932843294173,0.02502500743980298,0.5262982208843305,-0.9501911832046547,-156.25744651473826,3.426,-2.016,-2.7649
0.0124,-0.020508,0.035889,1.286377,-0.06073,1.42157,-7.772675,3.886655998579154,-1.7346620817820093,0.024992420990121923,0.545727594582645,-0.9186582688617214,-156.35353797332365,3.424,-2.016,-2.7666
0.012,-0.012939,0.026123,1.156494,-1.128845,-2.60675,-9.176483,3.8849245338323586,-1.7354231977152865,0.024982106839169432,0.5487749798642861,-0.9403217973342677,-156.46385289281767,3.423,-2.017,-2.7682
0.0123,0.068848,0.0625,1.374268,-1.037292,2.092957,-8.199921,3.8829726338688646,-1.7362871483459368,0.02520063276946576,0.5692552719348931,-0.9504603723944532,-156.5634865817651,3.42,-2.018,-2.7698
0.012,0.028809,-0.040283,1.226562,-1.95282,-3.095032,-5.544891,3.8811284882496704,-1.7370842633062857,0.02531342291284191,0.5191392969064803,-1.003892082101142,-156.6303488995173,3.419,-2.019,-2.7682
0.0121,0.036865,-0.057373,1.338867,-1.311951,2.153992,-6.06369,3.8792019027824267,-1.737913795939775,0.02544006722619938,0.4692968850670677,-0.9965181188627551,-156.70343350756067,3.417,-2.019,-2.7698
0.0111,0.016602,-0.014404,1.409668,1.06842,3.008484,-4.904022,3.87752898248273,-1.7386333604092454,0.025504680790309316,0.471823260654074,-0.9697213971469695,-156.75757080198025,3.415,-2.02,-2.7698
0.0121,-0.033447,-0.030273,1.362793,1.495667,1.024841,-5.789032,3.875835066213284,-1.739357367100985,0.025435389569555884,0.4716793145767614,-0.9364297496141945,-156.82779612896002,3.414,-2.021,-2.773
0.0121,0.006592,-0.036621,1.349609,0.458069,3.893494,-4.873505,3.8741914174289707,-1.740057210351921,0.025475710634138206,0.4551442376369897,-0.8917588627295566,-156.8865400664867,3.411,-2.022,-2.773
0.0124,0.013428,-0.02832,1.214844,2.167053,2.794861,-5.270233,3.8724323398274323,-1.7408042364488678,0.025545503785557838,0.4631463524493737,-0.8654743477801059,-156.95178227772547,3.41,-2.022,-2.773
0.0123,0.072998,-0.004883,1.300781,1.770325,-0.47052,-6.674042,3.870434764073957,-1.7416492322565853,0.02578028673621641,0.4810160174059757,-0.9129989555856314,-157.0340542456166,3.408,-2.023,-2.773
0.0121,-0.017822,-0.05957,1.32666,0.335999,-4.224182,-2.828827,3.868650128920847,-1.7424037297989714,0.025750484186139976,0.4490307985932275,-0.9521491090163564,-157.06879942574216,3.406,-2.024,-2.773
0.0114,-0.009277,-0.000732,1.273193,2.777405,-5.322815,-3.072968,3.8669431346615477,-1.7431264264142379,0.025746979602933283,0.4786774260162971,-1.0053895764331406,-157.10434217027478,3.405,-2.024,-2.7747
0.0123,0.103027,0.098877,1.27832,1.800842,-1.294495,-3.774872,3.8650253401292174,-1.7439367253753577,0.026070410444229548,0.557640872039212,-1.0799702232556687,-157.15063469776007,3.402,-2.025,-2.7747
0.0113,-0.028564,0.012939,1.338623,0.274963,1.42157,-5.544891,3.863415857474493,-1.7446149560417727,0.02601523692128109,0.5661329455061954,-1.0444652009695183,-157.21329266302837,3.401,-2.026,-2.7763
0.0129,0.015137,-0.010986,1.452148,1.343079,4.198669,-6.307831,3.861513842279604,-1.7454131814040363,0.026077351689951015,0.575500401888276,-0.9949999484567945,-157.29413267394276,3.399,-2.026,-2.7779
0.0112,-0.0625,-0.069092,1.281494,2.746887,-1.111389,-4.141083,3.859986384934389,-1.7460499361405508,0.025918661116858796,0.5625621773123491,-0.9683274451410406,-157.34098738809723,3.397,-2.027,-2.7747
0.0123,0.000488,-0.061523,1.150146,3.204651,-4.346252,-3.591766,3.8582968246977702,-1.7467483181394097,0.025941312030847718,0.5588540598323307,-1.0209695132205845,-157.3860631484097,3.395,-2.028,-2.7779
0.0123,0.081787,-0.007568,1.314941,2.197571,-0.928284,-2.462616,3.8564701211806125,-1.7475002945187461,0.026185398002559795,0.5786919299287951,-1.077309365814927,-157.41662001894767,3.393,-2.029,-2.7779
0.0121,-0.029541,0.01123,1.316895,2.411194,-3.24762,-4.141083,3.854803976786659,-1.7481965508671506,0.026126879656122124,0.6117429578826453,-1.0959847712062234,-157.46714737670965,3.392,-2.029,-2.7779
0.0114,-0.026611,0.058105,1.356934,1.312561,-2.332092,-6.9487,3.853167022647894,-1.7488820238404614,0.0260811403346535,0.6569940245648505,-1.1034755692247595,-157.54653143416616,3.391,-2.03,-2.7779
0.0124,0.019287,-0.060547,1.371582,-0.457458,1.940369,-2.218475,3.8516247505514736,-1.7495120020113382,0.026143485694182157,0.6140267315791961,-1.0869343597948715,-157.57406169196454,3.389,-2.03,-2.7811
0.0122,-0.016846,0.021729,1.243652,0.763245,2.642273,0.802765,3.8500712036593048,-1.7501568444558917,0.02612122296772759,0.6328994814312383,-1.0426326027172546,-157.5638170135056,3.387,-2.031,-2.7795
0.0122,-0.00708,-0.0271,1.359375,1.556702,0.628113,-0.997772,3.8484517488253633,-1.7508229567417297,0.026121294116536582,0.6327326362837489,-1.028480787234242,-157.5760822621519,3.386,-2.031,-2.7795
0.0112,-0.018555,-0.161377,1.373291,-0.610046,3.893494,4.586945,3.8471461941567897,-1.7513468490413875,0.026078447091416712,0.5323904549181284,-0.973386483091936,-157.52509488722546,3.384,-2.032,-2.7779
0.0122,0.016357,-0.010254,1.324219,1.526184,6.609558,3.274689,3.845650092706955,-1.7519601345132594,0.026144207631242724,0.5414249749212129,-0.9018694209089013,-157.48466033317763,3.383,-2.032,-2.7779
0.0122,0.035889,0.088623,1.256836,1.282043,-0.104309,-1.516571,3.844043292279947,-1.7526254631114246,0.026274900090814433,0.607977508826637,-0.9242637328966383,-157.50311813669248,3.381,-2.033,-2.7763
0.012,0.094727,-0.009033,1.318359,-0.487976,2.916931,-2.798309,3.8425006060129885,-1.753243057550345,0.02654272459798829,0.593916865742883,-0.9428735400154393,-157.537354029129,3.379,-2.034,-2.7779
0.0122,0.072266,0.073486,1.2229,0.335999,2.30658,-5.17868,3.840788446006122,-1.7539355531168175,0.026778679371086883,0.641332060654006,-0.9586485755920976,-157.6009463840829,3.378,-2.034,-2.7779
0.0113,0.000488,0.063232,1.339111,0.335999,0.475525,-7.650604,3.8391660440261273,-1.7546036200124113,0.026807725255360734,0.6784903859453506,-0.9511468685780072,-157.68735435007892,3.376,-2.035,-2.7795
0.0121,-0.005371,-0.109863,1.352539,-1.006775,-0.043274,-4.659882,3.837558140810248,-1.7552659365754422,0.026806752396210446,0.6012944988080273,-0.9465847459818877,-157.74367245113015,3.375,-2.036,-2.7795
0.0122,0.043701,-0.023193,1.205811,0.549622,2.55072,-0.204315,3.8358899157856947,-1.755938918965997,0.02695569633010953,0.5900413085936774,-0.9429852399212725,-157.74630813862092,3.373,-2.036,-2.7811
0.0126,0.038574,0.003174,1.269531,0.732727,-0.317932,0.619659,3.8340594241407,-1.7566793134143623,0.027086369478040842,0.5976516838644799,-0.9693741787536674,-157.73894979887964,3.371,-2.037,-2.7795
0.0117,-0.021973,-0.135498,1.340576,-0.732117,0.139832,1.291046,3.8325365506244373,-1.7573183042766274,0.027041104595506026,0.5087943418156681,-0.9539703547531101,-157.7229516681205,3.37,-2.038,-2.7795
0.0122,0.022461,0.047852,1.333252,1.190491,1.513123,-2.15744,3.830815092199143,-1.7580142449720526,0.027126783193650982,0.5483725469556484,-0.9469121130078858,-157.749616126205,3.367,-2.038,-2.7795
0.0121,0.078613,0.076904,1.20874,-0.579529,-0.501038,-2.432098,3.82898063185443,-1.758734602210452,0.027379379034361592,0.5874145159357465,-1.0014471925065613,-157.7806960959471,3.366,-2.039,-2.7795
0.0122,-0.012939,-0.020508,1.388672,-1.06781,-1.080872,-3.591766,3.8273239280133624,-1.759418191228723,0.027367258756498338,0.5604705927885176,-1.0047210899724486,-157.82428387989452,3.364,-2.04,-2.7779
0.0112,-0.034424,0.01001,1.36499,0.915833,2.031921,-4.659882,3.8258554362322763,-1.7600251375147327,0.027303757173186977,0.5739121616876945,-0.9603276841325041,-157.875864675591,3.363,-2.04,-2.7795
0.0123,-0.014893,0.023682,1.288818,-0.457458,-0.623108,-0.967255,3.8240107174162414,-1.760777525344975,0.02729524398512779,0.5793900739370743,-0.95780323524388,-157.8877577560642,3.361,-2.041,-2.7779
0.0122,-0.001465,0.029297,1.345459,-2.013855,-2.637268,-1.394501,3.8222789443718406,-1.7614801421874082,0.027317028378017746,0.5686382568167357,-0.9871283338027207,-157.90519710767126,3.359,-2.042,-2.7795
0.0121,0.01001,0.009521,1.354492,-0.030212,-0.104309,-3.317108,3.8206887861585317,-1.762124091515754,0.02736310281146922,0.5710659020760793,-0.9917590598290733,-157.94543006221693,3.358,-2.042,-2.7795
0.0113,0.015869,0.004639,1.344971,1.282043,0.780701,-1.821747,3.8191388822158223,-1.7627496648923715,0.02742295738484649,0.585115909351171,-0.9899714155034683,-157.96603087428662,3.356,-2.043,-2.7795
0.0123,0.003906,0.011475,1.331055,-0.243835,0.628113,-2.340546,3.8175150815858703,-1.7634061634154343,0.02745617065672172,0.5858307574081779,-0.9825258571405429,-157.99478805850623,3.354,-2.043,-2.7795
0.0124,-0.021484,0.021973,1.320557,0.213928,0.65863,-4.812469,3.815927919709414,-1.764050868349399,0.027427710475832617,0.5987978654839432,-0.9598003975680887,-158.05427042006423,3.353,-2.044,-2.7811
0.0121,0.009766,0.023193,1.238281,1.495667,2.123474,-3.195038,3.814294647817397,-1.764706003653103,0.02748218049998611,0.6283099981813046,-0.939189419818915,-158.09283019529627,3.351,-2.044,-2.7779
0.0112,0.004883,0.049805,1.396484,0.091858,-1.843811,-2.493134,3.8128803426622557,-1.7652719481988517,0.027514305549561312,0.6530151937034937,-0.9603494423341606,-158.1211841562557,3.35,-2.045,-2.7779
0.0123,-0.010498,-0.063232,1.361572,1.06842,0.689148,-1.455536,3.811510512049128,-1.7658276816069642,0.027501792731901762,0.6267564270609636,-0.9442831263631482,-158.13863859673225,3.348,-2.046,-2.7779
0.0125,0.007812,-0.051514,1.182861,1.037903,1.970886,0.283966,3.809861062917214,-1.7664908238695807,0.027546835502609453,0.6028204322822648,-0.9248118436349152,-158.1346804416616,3.347,-2.046,-2.7763
0.0111,-0.015625,-0.010986,1.326416,0.94635,-0.836731,2.084503,3.808357754013582,-1.7670991990131524,0.02752914527651091,0.6029642277182102,-0.9242232447481448,-158.1113652583673,3.345,-2.047,-2.7763
0.0122,0.029053,0.005859,1.402344,0.732727,-0.653625,0.650177,3.806876065219188,-1.7676885550649974,0.02761401967147827,0.6111646633789282,-0.9465035240049499,-158.1038057472363,3.343,-2.047,-2.7763
0.0121,0.017822,0.044678,1.2229,1.190491,0.231384,-0.723114,3.805253030340536,-1.768334116460574,0.027690395804084507,0.6499893360744853,-0.9541863638210112,-158.11291420490977,3.342,-2.048,-2.7763
0.0124,0.022217,0.049072,1.331543,1.95343,0.719666,-1.608124,3.803715118583914,-1.768945473555686,0.027768645400814425,0.698328187874941,-0.9564521513728979,-158.13310624587646,3.34,-2.049,-2.7763
0.012,0.008301,0.066406,1.352295,1.221008,-0.226379,-5.05661,3.802312340410358,-1.7695041120190145,0.027811437548293128,0.7466545104861171,-0.961516225485157,-158.19407389650027,3.339,-2.049,-2.7747
0.0122,0.020996,-0.018311,1.296631,0.335999,1.54364,-5.972137,3.8008198842725838,-1.7700998769884213,0.02788258357236386,0.7361233032373588,-0.9530947581576437,-158.2667441597666,3.338,-2.05,-2.7747
0.0112,0.006592,-0.000977,1.274658,1.190491,-1.752258,-5.605927,3.799384509007659,-1.770671933631312,0.027918750634476533,0.7449456573113942,-0.9746736652520149,-158.32978470525535,3.336,-2.05,-2.773
0.0122,0.045898,-0.020264,1.272705,1.06842,-0.562073,-4.781952,3.7979531703251963,-1.7712354654968923,0.02804902709570731,0.7417846131732694,-1.0070016990221577,-158.38841735065793,3.335,-2.051,-2.773
0.0121,-0.0271,-0.030762,1.318115,0.519104,-1.111389,-1.852264,3.7965608826937656,-1.7717957213435493,0.028000360558019854,0.7255941485336848,-1.0025091334662153,-158.41055701081467,3.333,-2.051,-2.773
0.0123,0.051025,0.041748,1.369629,1.465149,-0.073792,-2.859344,3.7950466811241754,-1.7723840124387917,0.028137506658693093,0.7623436197061576,-1.0292079517404864,-158.44628208190696,3.332,-2.052,-2.7747
0.0122,0.009033,-0.032471,1.291016,0.610657,1.482605,-1.791229,3.7936478697974336,-1.7729393517206626,0.028175541690897303,0.7457408744767424,-1.0144967651832277,-158.46769904427003,3.331,-2.052,-2.7747
0.0112,-0.080322,-0.030029,1.39502,0.152893,-0.104309,3.091583,3.7923625626373565,-1.77346597347343,0.02801157227713566,0.7252667821309197,-0.9698797335805138,-158.43214373624065,3.329,-2.053,-2.7747
0.0121,0.039795,-0.072998,1.343506,0.366516,1.726746,3.549347,3.7909540984682675,-1.7740178327882608,0.028115006629413946,0.6827595376020344,-0.9707087910312361,-158.38908715480562,3.328,-2.053,-2.773
0.0123,-0.011963,0.014648,1.362061,0.610657,3.039001,1.962433,3.7896084685678644,-1.7745545617371374,0.028107979137423588,0.6935340982017761,-0.9255526711345495,-158.3643204530512,3.326,-2.054,-2.773
0.0123,0.011719,-0.008301,1.304443,0.030823,2.337097,5.014191,3.7882893997944995,-1.7750755911383158,0.02815438467205987,0.6836105598589459,-0.9038136177492015,-158.30240008157205,3.325,-2.054,-2.7714
0.0122,0.022949,-0.031494,1.264893,-0.335388,1.268982,2.176056,3.786917535213134,-1.7756172222194564,0.02822823340573711,0.6558684125219496,-0.9022773164403411,-158.27586776578448,3.324,-2.055,-2.773
0.0117,0.033447,0.07959,1.340576,0.274963,-0.378967,-0.906219,3.7855010287776683,-1.776164165418824,0.028328615666279335,0.7002502884395664,-0.9245989263915824,-158.28749551342685,3.322,-2.056,-2.7714
0.0121,0.05249,0.016357,1.293213,0.335999,0.811218,-2.706757,3.78415194449,-1.7766855372105903,0.028471014256044386,0.7099355147306157,-0.9446093219579457,-158.3209605781097,3.321,-2.056,-2.7714
0.0116,-0.013428,0.021973,1.373291,-1.525574,0.65863,2.237091,3.7829028553411272,-1.777184322888929,0.02845936819536217,0.6994435251066996,-0.9283531816151573,-158.29481466483185,3.319,-2.057,-2.7714
0.0118,0.060059,0.028564,1.310547,0.213928,0.170349,-2.340546,3.781412050211862,-1.7777594023767225,0.02861877610167355,0.7144488211470528,-0.9599209513884174,-158.32338749474675,3.318,-2.057,-2.773
0.0124,0.056641,-0.014893,1.340576,-0.762634,0.139832,-1.760712,3.779896138538847,-1.7783530828529093,0.028763355589752886,0.6922467859345472,-0.9886527212423104,-158.34561380608054,3.317,-2.058,-2.773
0.0122,0.046875,0.030518,1.345459,0.152893,2.581238,1.474152,3.7785618257918503,-1.7788668360066415,0.02888635993798607,0.706552346595105,-0.9824346035075793,-158.32811361308012,3.315,-2.058,-2.7698
0.0114,-0.11792,-0.129639,1.267578,0.488586,0.567078,1.718292,3.777412021462512,-1.7793868395149262,0.02862381213256294,0.6302426129993898,-0.9050324734839152,-158.30501881352268,3.314,-2.059,-2.7714
0.0125,0.096924,0.076172,1.344727,1.343079,-0.897766,-0.417938,3.7758738853871407,-1.7799561598402962,0.02885977155330885,0.6859950148097899,-0.969710524275448,-158.31270739742254,3.313,-2.059,-2.773
0.0123,0.044678,-0.009033,1.321289,0.274963,-0.440002,-3.988495,3.77447195351384,-1.7805053659839207,0.028976635605300224,0.6805383642815214,-0.9988211517967582,-158.36222468963535,3.311,-2.06,-2.7714
0.011,-0.150391,-0.080322,1.391113,-0.1828,-1.141907,2.298126,3.7732128536066867,-1.7810662237067236,0.028675198804033,0.6300481160569332,-0.927730571347276,-158.3338627640775,3.31,-2.06,-2.7698
0.0124,0.150635,0.105469,1.333984,-0.487976,0.292419,-3.04245,3.7714894270854042,-1.7816848953788869,0.029029392191989457,0.6801731687248213,-1.0073011745845752,-158.3751850781621,3.308,-2.061,-2.773
0.0117,0.053223,0.010254,1.311523,0.397034,1.787781,-6.094208,3.770128651093388,-1.7822096033351864,0.02916616946331866,0.6876241566815268,-1.0148657233934137,-158.44699731314367,3.307,-2.062,-2.773
0.0122,-0.230713,-0.082031,1.294189,-0.976257,3.679871,14.047394,3.768894781733455,-1.7827872242830631,0.028679419249565238,0.6214206658842363,-0.8380143953517653,-158.27025689017427,3.306,-2.062,-2.7698
0.0125,-0.082764,-0.084961,1.196777,0.06134,1.635193,4.007111,3.767347668390984,-1.783449271598692,0.028503796056681314,0.5641114403209359,-0.7666180338175433,-158.21740004840805,3.305,-2.063,-2.773
0.0122,0.016602,0.06543,1.353271,-2.288513,-1.141907,2.63382,3.765792118552874,-1.7840587980504603,0.028566185777279603,0.5697018819567667,-0.7904805074737925,-158.1861451009905,3.303,-2.063,-2.7714
0.012,0.08667,-0.002197,1.341553,-0.457458,1.726746,2.115021,3.7646122636551493,-1.7844970804477378,0.028768167989542286,0.5594494655982573,-0.8196552860118242,-158.16244427044953,3.302,-2.063,-2.7666
0.0112,-0.296143,-0.141113,1.27124,2.380676,1.268982,14.59671,3.763630313212606,-1.7850278474228296,0.028147597067638138,0.4998795202157418,-0.6379893812716483,-157.99123507258585,3.301,-2.064,-2.7649
0.0124,-0.034912,0.00293,1.208984,0.641174,-1.965881,9.56131,3.7621337150746705,-1.7856502276136,0.028093285102335757,0.5060363191954582,-0.6438557989947928,-157.87190682060577,3.3,-2.064,-2.7666
0.0121,0.116211,-0.093994,1.37085,-2.105408,2.642273,4.64798,3.760778635093625,-1.7861349112120553,0.0283480988144457,0.4257917748076117,-0.6784179238809059,-157.81908460136776,3.298,-2.065,-2.7649
0.0116,0.114502,0.070068,1.310547,2.929993,-5.200745,2.725372,3.759664062988489,-1.786524311833029,0.028611543652381263,0.4977700034560883,-0.8059873665474404,-157.79157722807614,3.298,-2.065,-2.7633
0.012,0.049316,0.036865,1.282715,2.991028,4.992126,7.058868,3.7585784028449414,-1.7869382365371587,0.028740496228756764,0.5516551259152601,-0.7772152287816081,-157.70796452275476,3.296,-2.066,-2.7585
0.0122,-0.19751,-0.064697,1.305664,-1.18988,1.66571,14.932404,3.7574996459537613,-1.787482598001813,0.028343974965571762,0.49474043490770353,-0.645876224748278,-157.51992824363248,3.295,-2.066,-2.7585
0.0121,0.1521,0.083984,1.311523,-0.091248,0.170349,5.838165,3.756351974660355,-1.7878749497425421,0.02868312834762527,0.5385974514402755,-0.7335007514499828,-157.4540152471759,3.294,-2.067,-2.7585
0.0115,0.116455,0.015625,1.327393,0.641174,0.231384,6.204376,3.7550750433462876,-1.788349338479973,0.028944344370345224,0.551041007858681,-0.798909921553537,-157.3857813463267,3.293,-2.067,-2.7585
0.0126,0.109619,0.058838,1.30249,-0.243835,-2.454163,2.267609,3.7537593566111025,-1.7888402071618874,0.02919495319166092,0.5788503373028988,-0.8939074048688515,-157.36066699715602,3.292,-2.068,-2.7585
0.0117,0.040527,0.055908,1.29541,-1.617126,4.473328,5.502472,3.752635223160458,-1.7892800517837777,0.029300583431025016,0.5887625286823063,-0.8660378738979817,-157.29739920570967,3.291,-2.068,-2.752
0.0119,-0.25708,-0.097656,1.559814,1.587219,-0.104309,14.840851,3.751609944725634,-1.789808834869325,0.028871520699305857,0.5543207773971315,-0.7443435371238374,-157.11533454958123,3.29,-2.068,-2.7504
0.0123,0.197021,-0.030762,1.068848,0.335999,-1.59967,8.981476,3.7502432431777133,-1.7902871559113394,0.029383644033855846,0.5333743511602302,-0.9041679478606511,-157.01056843201826,3.288,-2.069,-2.752
0.0122,0.193604,0.031494,1.486572,0.183411,-1.111389,4.586945,3.7488442685567893,-1.790803272199724,0.029747597558730826,0.5475678260684568,-1.0142950110126032,-156.95885896566023,3.287,-2.07,-2.7504
0.0113,0.081055,0.028809,1.300293,2.350159,-4.2547,-0.448456,3.7476512107033266,-1.7912718742683034,0.029929464991930454,0.5878613223959437,-1.1073652157045684,-156.96637479545288,3.286,-2.07,-2.7488
0.0121,-0.030518,0.045166,1.30249,2.777405,7.555603,12.216339,3.746432656651342,-1.7917861291249302,0.029885933923043864,0.6414667588466597,-0.9977822484060124,-156.81783107637804,3.284,-2.071,-2.7439
0.0122,-0.153809,-0.024414,1.39209,1.770325,2.153992,7.79129,3.745272987078515,-1.7923479702067409,0.029608599059270244,0.6438692991949814,-0.8869823999009243,-156.71900872959546,3.284,-2.071,-2.7455
0.0121,0.00415,-0.004395,1.193359,2.289124,-3.522278,6.479034,3.7439347944632844,-1.7929253987941007,0.029639934472217848,0.6635580909699229,-0.9330154247790167,-156.64101785379304,3.282,-2.072,-2.7455
0.0126,0.033691,-0.053711,1.411621,0.030823,2.703308,2.511749,3.7426447516573464,-1.793487409742782,0.02972181245696576,0.6300571521348002,-0.9162693141997483,-156.60878470114707,3.281,-2.072,-2.7439
0.011,0.067139,-0.040039,1.153076,0.06134,-1.843811,1.321564,3.7415561787400176,-1.7939417438120808,0.029894516054663894,0.6007133024803467,-0.9810874114946543,-156.5953515703595,3.28,-2.073,-2.7423
0.0125,-0.015137,0.13501,1.370117,0.397034,2.153992,3.244171,3.740418242667143,-1.7943978668810294,0.02988064516025632,0.6759721870308405,-0.9445650902962577,-156.55643944879242,3.279,-2.073,-2.739
0.0122,-0.11792,-0.077393,1.412598,-0.304871,3.862976,4.129181,3.73938456351362,-1.794915094191037,0.02967819566788029,0.6254206370596187,-0.8333888999141732,-156.5018337829461,3.278,-2.073,-2.739
0.0123,0.05127,0.0625,1.29126,1.434631,-1.080872,3.76297,3.738231233588483,-1.7953791806177688,0.02979917001765825,0.675344512421865,-0.8774068416529556,-156.45768225687365,3.277,-2.074,-2.7374
0.011,0.00708,-0.072021,1.281982,0.427551,-1.019836,-0.875702,3.7372750893396103,-1.7958165150501824,0.029828909764065166,0.6331748631170533,-0.8923848774507244,-156.46645977615788,3.275,-2.074,-2.739
0.0124,0.017822,-0.00293,1.284424,-0.457458,-2.118469,3.824005,3.736061028957526,-1.7963406827492052,0.02988310797377182,0.62129587294741,-0.9290703688297464,-156.4195769235154,3.274,-2.075,-2.7358
0.0127,-0.060791,-0.065674,1.281006,0.549622,0.719666,3.396759,3.7348154937848066,-1.7969345342048055,0.029781726327463544,0.5847694727128869,-0.883543702720802,-156.37370412904372,3.273,-2.075,-2.739
0.0112,-0.017822,0.072266,1.43457,3.174133,-1.233459,4.77005,3.7335975599481324,-1.7974612906305525,0.02976490383241502,0.653929828977542,-0.8870230242926768,-156.32068658878413,3.272,-2.076,-2.7358
0.0122,0.040527,-0.085449,1.224121,0.274963,1.116394,4.617462,3.732464928635293,-1.7979615398138415,0.029870555252245464,0.5995093103755589,-0.8994600822123211,-156.26415687261257,3.271,-2.076,-2.7358
0.0122,0.02417,0.011475,1.291748,0.06134,2.062439,4.709015,3.7313482041684076,-1.7984386665460301,0.029936297898746266,0.6026942856889651,-0.8888987233765031,-156.20718944150036,3.27,-2.077,-2.7326
0.0122,-0.148438,-0.068359,1.333008,0.854797,-1.111389,3.091583,3.7302459968666133,-1.7990183466944378,0.029673715871488465,0.5700774663448273,-0.8177340428217698,-156.16469980596213,3.269,-2.077,-2.7358
0.0112,0.050049,0.031494,1.335938,-0.030212,-0.836731,5.563507,3.728946851579672,-1.79956050216494,0.02978778743377782,0.5835782840853296,-0.8561618999996706,-156.10418249166975,3.267,-2.078,-2.7342
0.0124,0.008545,0.020264,1.390625,0.976868,-1.172424,2.664337,3.7276234099631456,-1.8001406839043508,0.029821750785479034,0.6027123080979819,-0.8748496430585337,-156.07160969415304,3.266,-2.078,-2.7358
0.0121,-0.037354,0.043945,1.254639,2.899475,0.383972,-0.14328,3.726438091670404,-1.8006784741064485,0.02976604756115248,0.6607643868064903,-0.8474658326556941,-156.072586641989,3.265,-2.079,-2.7342
0.0124,-0.05249,-0.025146,1.506348,-1.403503,2.001404,7.882843,3.7254230942568927,-1.8011570806758985,0.029692704438206357,0.6248815125102398,-0.7961249646680933,-155.9730642425235,3.264,-2.079,-2.7293
0.0113,-0.092285,-0.072998,1.159668,0.091858,-0.562073,3.122101,3.7244009565419245,-1.8016763969550078,0.02951810057426057,0.5742881712138262,-0.7439482220090863,-155.93454884155474,3.263,-2.08,-2.731
0.0122,0.02002,0.051514,1.518555,0.488586,0.811218,-1.791229,3.723147636808548,-1.8022235433069438,0.02956734223714279,0.6027287032369889,-0.743736890938744,-155.95693092306277,3.262,-2.08,-2.7326
0.012,0.014893,0.031494,1.216553,-0.884705,-3.095032,1.779327,3.7220583384976624,-1.8026974741483694,0.02961640034216523,0.6083795862305991,-0.7916580024586243,-155.9365844529262,3.261,-2.081,-2.731
0.0123,0.050049,0.07373,1.346924,2.044983,3.740906,0.192413,3.7209939127140155,-1.803141431068545,0.029724312946800436,0.6712199742195568,-0.7746126180591227,-155.93532979244006,3.26,-2.081,-2.7293
0.0123,-0.078857,0.023682,1.382324,0.397034,-2.637268,10.720978,3.720077188280346,-1.8035828258792324,0.02959750820946052,0.6829379521227137,-0.7648710893509788,-155.80204211071245,3.259,-2.081,-2.7277
0.0122,-0.004883,-0.158203,1.224854,-0.915222,4.412292,3.000031,3.719355565929366,-1.8039195605610923,0.029609404957669012,0.5697812274239874,-0.7104127611661597,-155.76464573984077,3.258,-2.082,-2.7293
0.0111,0.066162,0.039062,1.404053,-0.793152,-3.156067,-0.295868,3.718347749522918,-1.8043355361423496,0.02973732892996115,0.5789299493909021,-0.7816269012879369,-155.7703282196394,3.257,-2.082,-2.731
0.0123,0.06543,0.017578,1.118896,0.458069,-0.195862,1.99295,3.717195753738383,-1.8048094649003936,0.029901216617441936,0.5933280206911818,-0.8307810980891507,-155.74826239543458,3.256,-2.083,-2.7326
0.0123,0.00708,0.080322,1.45166,1.617737,2.55072,1.809845,3.7160885558833967,-1.8052940116482563,0.0299270852356651,0.651173220861155,-0.8028582842927021,-155.72632438807543,3.255,-2.083,-2.7326
0.0122,-0.045654,-0.005127,1.230713,1.129456,-1.019836,5.014191,3.715194869109476,-1.805720997342598,0.029854770756828953,0.6569104413908802,-0.7884042297140692,-155.66400349446238,3.254,-2.084,-2.731
0.0121,0.053711,-0.067627,1.381348,0.122375,3.954529,0.009308,3.7144034748078893,-1.8060635015453574,0.02996301439615698,0.6168569654316848,-0.7707645189057896,-155.6644567209911,3.254,-2.084,-2.7326
0.0111,0.000732,0.012207,1.229248,-0.091248,-2.057434,-0.051727,3.7136504227681293,-1.8064015474249,0.029978443154342303,0.619951524497985,-0.7950489940800063,-155.66540183523074,3.253,-2.084,-2.731
0.0122,0.018555,-0.050781,1.271729,-0.549011,2.581238,3.854523,3.712893685195002,-1.8067432761962725,0.030029237926446968,0.5786231763788974,-0.7762190697412378,-155.61820656671313,3.252,-2.085,-2.7293
0.0121,0.013428,0.069824,1.447266,1.159973,0.628113,2.725372,3.7119895067879884,-1.8071356248122863,0.03006218468395556,0.6253031131266786,-0.7758746739532271,-155.58600036492223,3.251,-2.085,-2.7326
0.0121,-0.051514,0.04126,1.228271,-0.976257,-3.095032,0.375519,3.7109919480987794,-1.8076075764539787,0.029980561112216645,0.6355890315957183,-0.7821622920241545,-155.5807358066451,3.25,-2.085,-2.731
0.0122,0.169922,-0.059326,1.275635,-1.495056,7.189392,2.725372,3.710118730150933,-1.807929134696817,0.030305374448636235,0.5785049687031025,-0.7965299880233359,-155.55117037016242,3.249,-2.086,-2.731
0.0121,-0.020752,-0.019531,1.429443,2.441711,-0.531555,-0.601044,3.709306393826593,-1.8083156333968908,0.030283786828917754,0.5938906594414797,-0.7914002689096888,-155.557605258021,3.249,-2.086,-2.7293
0.0115,-0.047607,0.003906,1.258545,-0.335388,-1.569153,4.434357,3.708507061855964,-1.8087050718439448,0.030210831459876724,0.5884112312156407,-0.7816995292256445,-155.50533989192976,3.248,-2.086,-2.7277
0.0121,0.050781,-0.118408,1.324463,1.404114,2.581238,1.596222,3.707586397167982,-1.8091248327860616,0.030318329525944585,0.5338537823818935,-0.7805617532318992,-155.48603920892802,3.247,-2.087,-2.7293
0.0125,0.147217,0.157959,1.239502,2.807922,-2.36261,-1.302948,3.7064423490436864,-1.8095116261481943,0.03059648346179247,0.6610451323578399,-0.8990174208830053,-155.509789743942,3.245,-2.087,-2.7293
0.0112,-0.001221,-0.076416,1.342285,-0.304871,0.109314,3.183136,3.7054521993664453,-1.8099936564170664,0.03061189819674385,0.6095676334994652,-0.8966754051254072,-155.47261693845067,3.244,-2.088,-2.7293
0.0124,0.037109,-0.017334,1.407471,2.685852,0.017761,2.572784,3.7043807095589263,-1.8104735300455188,0.030687240171589733,0.6288527696051195,-0.9156980457979068,-155.44124233227956,3.244,-2.088,-2.7293
0.0125,-0.012939,0.012695,1.285889,2.014465,1.66571,2.664337,3.70334021256155,-1.8109544220601048,0.03068118065462507,0.657039169320134,-0.8870878094896831,-155.40739429034704,3.242,-2.089,-2.7293
0.0111,0.033203,-0.026367,1.335449,-1.006775,-1.263977,4.190216,3.7024333684977773,-1.811364622455252,0.03075124043583944,0.626075561002261,-0.9197675965453659,-155.36136605329744,3.241,-2.089,-2.7277
0.0126,-0.033691,-0.025635,1.316162,0.763245,-4.956604,7.699738,3.7012909556519262,-1.8119205522725939,0.03071081183237398,0.6153406403075855,-0.9621488956904001,-155.26342178218556,3.24,-2.09,-2.7245
0.0114,0.0271,-0.006104,1.309082,2.106018,-1.202942,4.89212,3.700179605378551,-1.812423278872355,0.030773848741273202,0.6309606693350103,-0.9908103264885093,-155.2082713732343,3.239,-2.09,-2.7245
0.0122,0.050049,-0.002441,1.337402,-1.128845,0.506042,5.716095,3.699050937370506,-1.8129218899114257,0.030873859728994174,0.6108828960032363,-1.0121954471966,-155.1396027541998,3.238,-2.091,-2.7245
0.0122,-0.004395,-0.039307,1.288086,0.488586,0.841736,3.610382,3.698092578215502,-1.8133885236748206,0.03088252631005032,0.5891485775358353,-0.9982151759429597,-155.0943014709705,3.237,-2.091,-2.7245
0.0116,0.048828,0.069092,1.368896,1.282043,-0.104309,1.74881,3.697136186840311,-1.8137836408812735,0.030970510416624727,0.6384049886742609,-1.0246673939749773,-155.0764985269724,3.236,-2.092,-2.7229
0.0122,-0.01709,0.024902,1.29126,-0.732117,0.139832,2.267609,3.6960324480822044,-1.8142997418580045,0.030956978885079176,0.6399373610863631,-1.0113233174833063,-155.04866091217147,3.235,-2.092,-2.7229
0.0124,0.011963,0.028564,1.34668,0.549622,2.520203,-2.615204,3.6947631298762573,-1.8148774479014798,0.03099520994174611,0.6594402089816007,-0.9847469529846108,-155.08138411023353,3.234,-2.093,-2.7229
0.012,-0.019043,0.050781,1.389404,1.251526,2.42865,-2.493134,3.693647363462893,-1.815390620314732,0.030979493643757593,0.6984148519109566,-0.9430305565625213,-155.11115827721588,3.233,-2.093,-2.7245
0.0118,-0.026855,-0.001221,1.308838,0.458069,2.215027,-2.462616,3.6928098330613337,-1.8157963627646938,0.030947930124414835,0.6989871184315873,-0.9000229704102916,-155.13900208441498,3.232,-2.093,-2.7293
0.0122,-0.006348,-0.029297,1.334473,-0.030212,1.177429,0.924835,3.692093924556257,-1.8161445049519107,0.030949653069852208,0.6770943893939827,-0.8814885131374962,-155.12676960596,3.232,-2.093,-2.7277
0.0123,-0.034668,-0.027344,1.26123,1.06842,-2.759338,0.619659,3.6912825627583654,-1.8165516127389136,0.030904239987021898,0.6692185547905035,-0.8940152974949758,-155.1180008163103,3.231,-2.094,-2.7277
0.0121,0.145264,0.062988,1.271484,-0.152283,2.520203,3.6409,3.690347163043516,-1.8168880511673604,0.03115988232010539,0.6999714610001126,-0.950069450509588,-155.07876404989491,3.23,-2.094,-2.7261
0.0117,-0.116455,-0.114258,1.370117,-0.213318,1.513123,5.594025,3.6894907742242515,-1.8173892023799942,0.030996744267245364,0.6286898579937902,-0.8674566792815341,-155.0078959350273,3.229,-2.095,-2.7245
0.0116,-0.035889,-0.03125,1.356934,0.82428,-2.881409,1.474152,3.6886403805701287,-1.8178186422917944,0.03095349569691233,0.616424014825194,-0.8798958415502212,-154.98948294477475,3.228,-2.095,-2.7261
0.0123,0.159668,0.076904,1.251221,-0.426941,0.628113,3.518829,3.6878703510797717,-1.8180577416381216,0.031228944012791266,0.6531898952291135,-0.9683366241221185,-154.95247450590225,3.228,-2.095,-2.7261
0.0123,-0.093262,-0.077393,1.294678,-1.006775,0.231384,4.434357,3.687155485535566,-1.8184782591945345,0.031091742873242963,0.5905679747143886,-0.9100930080928054,-154.89348332227584,3.226,-2.096,-2.7245
0.0117,-0.01001,0.010742,1.360352,1.83136,-4.224182,-1.363983,3.6862007160281816,-1.818931444965378,0.03108842122635226,0.6145641190353862,-0.9521053609708063,-154.90966368219202,3.225,-2.096,-2.7245
0.0614,0.139404,0.052246,1.387207,-0.518494,-0.34845,2.328644,3.6808897030759917,-1.8213311737750093,0.03139190510976571,0.6118408983600011,-1.068072952886782,-154.77143528988563,3.225,-2.097,-2.7212
0.0013,-0.070068,-0.082275,1.19751,-0.1828,-0.012756,3.88504,3.680855357409495,-1.821431600718718,0.03126951916724857,0.5424941973652133,-1.0109468825685295,-154.76189006746407,3.224,-2.097,-2.7245
0.0003,0.04248,0.026367,1.297119,0.854797,-0.775696,-0.601044,3.6808268262034565,-1.8214127808822151,0.03133275410241967,0.5582373621365356,-1.0396545939679671,-154.76376866713943,3.223,-2.097,-2.7261
0.0035,0.020508,-0.030518,1.44043,-1.006775,-2.759338,4.525909,3.68062535512531,-1.8215140165306969,0.031359709925395135,0.5308663506890327,-1.0589900661247815,-154.74754166572623,3.222,-2.098,-2.7245
0.0004,-0.041504,-0.020752,1.224365,0.122375,-0.165344,0.619659,3.680611122743861,-1.8215600741153117,0.03128730539354156,0.5123231945665353,-1.0260298875092486,-154.74524993891504,3.221,-2.098,-2.7277
0.0047,0.174072,0.150879,1.299072,0.458069,4.839539,0.375519,3.6802253252131103,-1.8215841114945692,0.03154830742359373,0.6135566589371106,-1.1191135987684664,-154.75189324098216,3.221,-2.098,-2.7277
0.0124,-0.126709,-0.100586,1.307861,-1.617126,1.574158,3.915558,3.6794954335150662,-1.8220448400881935,0.03136877505824642,0.5199405774735297,-1.0104854200884588,-154.69698458152254,3.22,-2.099,-2.7277
0.0124,-0.069092,-0.063232,1.238037,0.854797,-0.775696,-1.27243,3.6787261414470493,-1.8224800334408744,0.031271735710469574,0.48198940009487845,-0.968309327674338,-154.7089955334216,3.219,-2.099,-2.7277
0.0118,0.130371,0.09668,1.428711,0.885315,1.391052,1.077423,3.677937922073288,-1.822751998547163,0.03145774069469787,0.5490652591510805,-1.0304683927228453,-154.70163407043407,3.219,-2.099,-2.7277
0.0117,-0.133789,-0.136475,1.226807,-0.304871,0.170349,4.373322,3.6771824694545563,-1.8232502566544364,0.03126321305405256,0.44384012447896903,-0.931669652333624,-154.64284171358798,3.217,-2.1,-2.7261
0.0122,0.117676,0.023193,1.271729,0.915833,1.360535,-0.14328,3.67620398132825,-1.8236265046442093,0.03146009017229818,0.4689248185610308,-0.9959843250506267,-154.64910018205333,3.217,-2.1,-2.7245
0.0122,0.092529,0.00708,1.439941,-1.495056,-0.012756,4.159698,3.6752324772402227,-1.8240340204027805,0.031598503020458586,0.45162772909019466,-1.0504501936412536,-154.6010367159249,3.215,-2.101,-2.7229
0.0113,-0.09668,-0.080322,1.227783,1.06842,-0.226379,3.854523,3.674396521296597,-1.824539480742593,0.03146181554755704,0.4033156709926829,-0.9823158472619201,-154.5516464248462,3.215,-2.101,-2.7245
0.0128,0.11792,0.086426,1.292969,0.854797,1.452087,-3.988495,3.6735219717006657,-1.8248410967715516,0.03164782320492448,0.47158573777306123,-1.0414040098156312,-154.60887431547928,3.214,-2.101,-2.7261
0.0113,0.040527,-0.021973,1.420166,-1.708679,-1.172424,1.962433,3.672824153642897,-1.8251635732983276,0.03171075918751155,0.43581235428501425,-1.076466689863599,-154.58708700479596,3.213,-2.102,-2.7293
0.0123,-0.023682,-0.053467,1.287354,1.098938,-0.653625,-0.570526,3.6719067154164198,-1.825645987299196,0.03169068393768871,0.41095419184442156,-1.0655598459352438,-154.5915190996854,3.212,-2.102,-2.7261
0.0116,0.153809,0.096191,1.386475,0.152893,2.367615,1.474152,3.670854291856818,-1.826010346611698,0.03191286656596301,0.4701215335297487,-1.1306155627965717,-154.5815788159252,3.211,-2.102,-2.7261
0.0123,-0.084473,-0.125,1.312744,-0.396423,-2.118469,3.88504,3.669900273859379,-1.8265902283255275,0.03180865548829963,0.37972403272765876,-1.097716826458771,-154.52700293291653,3.21,-2.103,-2.7261
0.0125,0.082275,0.023926,1.27832,1.037903,1.452087,-2.981415,3.6688972537792695,-1.827000827879565,0.03194595685889517,0.40815030758478515,-1.132358834413291,-154.56763044376015,3.21,-2.103,-2.7293
0.0111,0.064697,-0.115234,1.340332,-0.976257,-0.226379,1.382599,3.6682309579349934,-1.827344343742922,0.032048368280986714,0.3215561159655716,-1.1727016735815121,-154.5500358368098,3.209,-2.103,-2.7342
0.0123,-0.057373,0.030029,1.246582,0.94635,-0.256897,-6.338348,3.6674804924960767,-1.827732206253947,0.03196950953328143,0.35488899300163723,-1.1322075051044038,-154.62685795038573,3.208,-2.104,-2.7358
0.0123,0.046387,0.044434,1.338623,0.06134,2.215027,1.107941,3.666325502564882,-1.8282276599912413,0.03205115326375258,0.3827797784718375,-1.1314773960191324,-154.615964480796,3.207,-2.104,-2.7326
0.0114,-0.043945,-0.06665,1.24292,0.702209,-3.033997,1.016388,3.6652613365521867,-1.8288089702843149,0.032003460847385194,0.34326706510189653,-1.1324945878256651,-154.60035280348737,3.206,-2.105,-2.731
0.0121,0.1521,0.057861,1.317627,-0.915222,1.54364,0.619659,3.664171042585732,-1.8291905409764804,0.03223232069041354,0.36835745079305604,-1.208125021765006,-154.59988059631317,3.205,-2.105,-2.731
0.0121,-0.081543,-0.124756,1.409668,-1.739197,1.207947,1.321564,3.6632152859116283,-1.829776621117755,0.032140826303190456,0.270657725494995,-1.1396642391610055,-154.57634187093902,3.204,-2.106,-2.7342
0.0123,0.050049,0.182373,1.29834,0.732727,2.611755,-8.810272,3.6623635299630624,-1.8300416026062303,0.03221771325063055,0.3993309241625937,-1.1363229377442323,-154.6931093866151,3.204,-2.106,-2.7374
0.0123,-0.018066,-0.006104,1.389893,-0.701599,-1.202942,1.321564,3.6615624630499273,-1.8304397932916177,0.032202164842946475,0.3849840540237972,-1.1359261549714204,-154.6759444197124,3.202,-2.106,-2.7326
0.0121,-0.012939,-0.011475,1.254883,1.678772,-3.217102,-2.706757,3.660363453275823,-1.8310268801026985,0.0322021620175258,0.3966681545305878,-1.1623505576361912,-154.7079125126724,3.201,-2.107,-2.7342
0.0121,0.149414,0.066162,1.428467,-0.915222,2.337097,-1.455536,3.659188971078908,-1.8314702167537493,0.03240916175056757,0.42312650670715324,-1.2173944473511837,-154.73124502575277,3.201,-2.107,-2.731
0.0113,-0.123047,-0.190674,1.299072,-0.884705,1.268982,-4.354706,3.6587273236500915,-1.8318849070415306,0.03224677157381019,0.29102237282264165,-1.1202478352358551,-154.7692823343201,3.2,-2.107,-2.7407
0.0123,0.108887,0.084229,1.212158,0.641174,3.008484,-14.669647,3.6572706063358735,-1.832439239652061,0.032435533937818804,0.3601317136680644,-1.1551856071591329,-154.9569361079883,3.199,-2.108,-2.7407
0.0123,-0.074463,0.004639,1.27002,-1.220398,-1.904846,-8.596649,3.656530947826507,-1.8328346065654764,0.03233652577046311,0.34947591185285565,-1.1249905726965157,-155.06048632356752,3.198,-2.108,-2.7423
0.012,-0.047119,0.119141,1.201904,1.129456,-2.576233,-10.85495,3.65566957626384,-1.8331974969785967,0.03227551389777631,0.4473702624863326,-1.1196317644765639,-155.19394387852947,3.197,-2.109,-2.7423
0.0112,0.10791,0.018311,1.504395,-1.006775,-1.874329,-6.002655,3.6547324103316283,-1.8335811624697163,0.03241525243993841,0.4452206081244727,-1.195226894829738,-155.26378601206522,3.197,-2.109,-2.7423
0.0123,-0.020264,-0.134277,1.219727,-0.671082,2.733826,-10.946503,3.653794688320661,-1.834109782667152,0.03240281178209389,0.3466025403163901,-1.1437964697858047,-155.39228729616076,3.195,-2.109,-2.7471
0.0122,0.153809,0.053711,1.394775,-1.220398,4.137634,-8.657684,3.652909575689178,-1.834403061695365,0.032611738780752665,0.3645981198959863,-1.1802265396285072,-155.50365045321954,3.195,-2.11,-2.7471
0.0121,-0.093994,-0.150879,1.338623,0.427551,-1.843811,-6.582489,3.6521061511080877,-1.8349222658934694,0.03249695763028455,0.27722732343574297,-1.1398084652743632,-155.57465562475508,3.194,-2.11,-2.752
0.0123,0.080811,0.193359,1.265869,0.427551,4.747986,-11.953583,3.65127452210076,-1.8351306329409753,0.03262141217793567,0.40949392483146635,-1.1302608178204956,-155.7316685393401,3.193,-2.11,-2.7536
0.0111,-0.156738,-0.015381,1.381348,1.434631,-4.315735,-11.617889,3.6505534130147734,-1.8355445438026472,0.032426633313281855,0.4168369867451241,-1.0794415626584155,-155.85662103631918,3.192,-2.111,-2.7552
0.0124,0.099365,0.025146,1.223389,0.580139,2.153992,-12.533417,3.649555247115173,-1.835925331718866,0.03258756528005352,0.4422381559986806,-1.116727079056978,-156.0153937480399,3.191,-2.111,-2.7552
0.012,0.003418,-0.08252,1.484863,-0.854187,-0.989319,-7.650604,3.6485433667669986,-1.83642151875324,0.032603655453613926,0.38558405727740275,-1.1253943016799635,-156.10442640446266,3.19,-2.111,-2.7552
0.0123,-0.029053,-0.03418,1.149658,0.06134,1.116394,-7.345428,3.6475306058459784,-1.8369135377747283,0.03257645102208513,0.36251877385942666,-1.0883547627650338,-156.19222880874185,3.19,-2.112,-2.7569
0.0117,0.036865,-0.058838,1.508545,-1.220398,1.66571,0.192413,3.6466142155123658,-1.8373314808105958,0.032630161330199026,0.31471572632842737,-1.0851581065264209,-156.18874832585357,3.188,-2.112,-2.7569
0.0121,-0.033447,-0.05957,1.092041,-0.06073,-2.271057,-0.02121,3.6457907321959575,-1.8377614867872074,0.032590144933678025,0.26913015892980446,-1.086185243781777,-156.18522911492528,3.188,-2.112,-2.7617
0.0122,0.135742,0.013428,1.429932,-0.1828,5.510925,-4.873505,3.645039992173556,-1.838003502017959,0.032765573581421355,0.2753753030419165,-1.0933423290047188,-156.2490674568337,3.187,-2.113,-2.7649
0.0125,-0.145996,-0.043945,1.173584,-0.030212,-3.49176,-5.270233,3.6443397632429537,-1.8384506034137253,0.032559722724099044,0.24598767167213806,-1.033142016577795,-156.30789198148057,3.187,-2.113,-2.7649
0.0111,0.034668,-0.013916,1.212891,2.350159,1.818298,-7.009735,3.643542307820508,-1.838782352552338,0.03262244560517306,0.264190819247621,-1.0347946681551308,-156.38643560397728,3.186,-2.113,-2.7649
0.0124,0.080078,-0.020996,1.534668,0.702209,-0.928284,1.321564,3.6423500883744233,-1.8392685938481905,0.03272852748964378,0.2609003273492942,-1.0853147114545327,-156.37170406490688,3.184,-2.114,-2.7617
0.012,-0.053955,-0.091309,1.096191,1.282043,-2.728821,-1.119843,3.641277812314419,-1.8398436280974109,0.032661743030442184,0.20919620703801384,-1.076599828100746,-156.37913265663772,3.183,-2.114,-2.7601
0.0114,0.149658,0.061523,1.456055,-0.213318,3.649353,-1.089325,3.6404200788488605,-1.8400876982406935,0.03284967109144815,0.2414359290952214,-1.1148048539021196,-156.39849626529377,3.183,-2.114,-2.7666
0.012,-0.083252,-0.067627,1.295898,0.030823,1.268982,-5.209198,3.639569159915551,-1.8405657628800733,0.03275034209127767,0.2008801270016997,-1.0442933163254458,-156.45507158519067,3.182,-2.115,-2.7698
0.0125,0.050293,0.150635,1.298828,-0.396423,0.597595,-12.197723,3.638855533379957,-1.8407598411006538,0.03282838127119612,0.29268496525549,-1.0653382173008556,-156.61474752463513,3.181,-2.115,-2.7714
0.0122,-0.019775,-0.03418,1.309326,0.488586,-0.623108,-2.615204,3.6379439707209458,-1.8411888991480319,0.032814872841421726,0.27759787426221655,-1.057846536488234,-156.6446750726477,3.18,-2.116,-2.7682
0.0121,0.01001,-0.054443,1.247314,2.228088,-3.400208,-4.93454,3.6367595593246738,-1.841725571050967,0.03284633825747441,0.2699272213981165,-1.1027443780217032,-156.70286905389975,3.179,-2.116,-2.7682
0.0117,0.088379,-0.043213,1.326904,-0.701599,0.65863,1.077423,3.6357043696782756,-1.842143163045772,0.03297480825428753,0.2351825155941662,-1.1458901519004967,-156.69164084156668,3.178,-2.116,-2.7682
0.0123,-0.074951,-0.171631,1.350098,0.366516,3.191589,0.589142,3.6347669239863443,-1.8427015535997764,0.03289226226461932,0.13802381130037583,-1.058978927459534,-156.6751408447281,3.177,-2.117,-2.7698
0.0121,0.162109,0.148438,1.31665,0.152893,7.036804,-9.115448,3.63397856636618,-1.8428217033410215,0.03311290197359305,0.23222854980340843,-1.0693953475325242,-156.79775233315212,3.177,-2.117,-2.7747
0.0118,-0.171387,0.054932,1.396729,0.671692,-4.010559,-4.019012,3.633266723430479,-1.8432179614863218,0.0329153873179859,0.2725554711827314,-1.014761706095954,-156.84128946051518,3.176,-2.117,-2.7747
0.0115,-0.068115,-0.02832,1.141113,2.197571,-4.987122,-3.683319,3.6323702588675073,-1.8436732279856143,0.032828953253804256,0.27864371601958277,-1.0225559721618496,-156.88014533202673,3.175,-2.118,-2.773
0.0119,0.226562,0.06665,1.478027,1.404114,2.398132,1.382599,3.631219718551337,-1.843999632535295,0.033099705502668664,0.3299556636454922,-1.1121720600972473,-156.87229400671498,3.173,-2.118,-2.7714
0.0125,-0.095215,-0.186523,1.173584,1.739807,-0.714661,1.62674,3.630098294935425,-1.8446635976624346,0.03298234697964684,0.22549027069860406,-1.0552624805653996,-156.8414201709296,3.173,-2.118,-2.7714
0.0122,0.067139,-0.027344,1.43335,0.274963,5.632996,-3.774872,3.629150909108062,-1.8450316046678739,0.03307457150091537,0.214471221769607,-1.021551998104266,-156.88895091847115,3.172,-2.119,-2.7747
0.0113,0.03125,0.027832,1.39624,-0.06073,-0.653625,-7.192841,3.6283705726264697,-1.8453290395002797,0.03312218899705367,0.23159109233579533,-1.043928411735525,-156.9722643362936,3.171,-2.119,-2.7779
0.0122,-0.077881,0.179199,1.143066,1.678772,-2.850891,-10.793915,3.6274935978959952,-1.8456664730586403,0.033030108843890724,0.37801239667941294,-1.0233972209261408,-157.10737900973004,3.17,-2.119,-2.7779
0.0119,0.025879,-0.021729,1.383789,0.366516,2.977966,-2.706757,3.6263827953460672,-1.8461316752795989,0.03307795493470305,0.36889807162097493,-1.0005868251131023,-157.13943760608794,3.169,-2.12,-2.7779
0.0122,-0.031738,-0.084717,1.248047,2.228088,-2.48468,-3.744354,3.6252742693515696,-1.8466629143929383,0.03305132275616691,0.3413704950766377,-1.0086067174315636,-157.18162933271728,3.168,-2.12,-2.7779
0.0122,0.054443,-0.074951,1.364014,0.366516,3.588318,-0.204315,3.6242456960830824,-1.8470892676511335,0.03313212577801492,0.3010590192825164,-0.994896050552892,-157.18381704753918,3.167,-2.12,-2.7779
0.0122,-0.021484,-0.111328,1.378906,2.044983,4.168152,-6.490936,3.623416691458966,-1.847505021934561,0.033116116869836495,0.2622022353602993,-0.9295615374809572,-157.25881603896937,3.167,-2.121,-2.786
0.0121,0.109863,0.226074,1.39624,1.495667,1.42157,-10.275116,3.6226587036860285,-1.847644546299008,0.03325892907211049,0.40783535167686796,-0.971633273112598,-157.39327120017253,3.166,-2.121,-2.7844
0.0112,-0.129883,0.020264,1.325684,0.427551,-0.806213,-1.425018,3.621852192342547,-1.8480643613343009,0.033109921252624415,0.4233485365265199,-0.9011538526712606,-157.40504511354766,3.165,-2.121,-2.7828
0.0137,-0.007568,-0.053711,1.275635,2.228088,-2.789856,1.657257,3.6207977629034978,-1.848530695093697,0.03311499911401744,0.41790097281110294,-0.9339254558018386,-157.38102256053182,3.164,-2.122,-2.7828
0.011,0.164551,0.012451,1.310303,0.549622,2.215027,2.023468,3.619917339592282,-1.848775148404523,0.03333280349871402,0.42936521686641727,-1.0076201096129807,-157.36496305234078,3.163,-2.122,-2.7811
0.0115,-0.054932,-0.182617,1.459473,0.06134,2.30658,2.298126,3.619068152127849,-1.8492475972659812,0.03327956764725828,0.32916616463809373,-0.9492166477420155,-157.3316630087253,3.162,-2.122,-2.7811
0.0121,0.013672,-0.015869,1.323486,1.617737,1.513123,-3.622284,3.6182740319013926,-1.8495769815289491,0.0333080377325128,0.33896424050722895,-0.9377434029867892,-157.37544429632047,3.162,-2.123,-2.7844
0.0125,0.076416,0.086914,1.268066,0.305481,1.696228,-4.1716,3.6175210192540943,-1.849783321679575,0.03341975803459408,0.3969436929291988,-0.963228162331788,-157.4333761612673,3.161,-2.123,-2.786
0.0113,-0.131348,0.123047,1.215576,1.770325,-2.911926,-3.469696,3.6168125849555683,-1.8501221430332806,0.03326109884051839,0.49524733575720575,-0.9103654704821181,-157.4710150830921,3.16,-2.123,-2.7876
0.0121,-0.043213,-0.015381,1.260986,1.95343,1.726746,-6.857147,3.6158951434952757,-1.8505405269392776,0.033220534857841454,0.5078415249266718,-0.8613172946400567,-157.55179326339498,3.159,-2.123,-2.7844
0.0123,0.057617,-0.048828,1.451416,-0.335388,-1.080872,-1.852264,3.6148259416955946,-1.8509634776485253,0.03329817285581915,0.47459431562940885,-0.9045430156994542,-157.57558254515345,3.158,-2.124,-2.7811
0.012,-0.071777,-0.108398,1.182129,1.312561,0.841736,-2.462616,3.6138544293405026,-1.8514643971015359,0.03321540920436021,0.4165857906975262,-0.8467864414035418,-157.59962509166076,3.157,-2.124,-2.7828
0.0123,0.167725,0.056885,1.279541,1.190491,5.938171,-1.333466,3.6130401801030163,-1.8516392497722451,0.033439267901154736,0.46436332270848757,-0.8765655263921116,-157.62414611227848,3.157,-2.124,-2.786
0.0117,-0.074219,-0.072021,1.374023,-0.06073,-0.531555,3.183136,3.612276520704256,-1.8520405677584348,0.03336193520838396,0.4194598336940622,-0.8395306227221186,-157.58227595957405,3.156,-2.124,-2.7892
0.0117,-0.09375,0.04126,1.434326,0.488586,-0.806213,-5.81955,3.6116454171207284,-1.8523606373256392,0.033266900061716335,0.4468349613856851,-0.7960000242079222,-157.64736118875936,3.156,-2.125,-2.7908
0.0121,0.118408,0.162842,1.211182,-0.152283,2.703308,-5.636444,3.6110459906980314,-1.85245398876607,0.03343484021894852,0.5478301915104314,-0.8395866128120598,-157.72372257821192,3.155,-2.125,-2.7892
0.0116,-0.070557,-0.120605,1.400879,-0.640564,1.2995,-1.974335,3.6100930005622724,-1.8529324911684417,0.03336675276364808,0.47013454520207937,-0.7843673135189089,-157.74171513244946,3.154,-2.125,-2.7876
0.0123,-0.058105,-0.102539,1.359863,1.526184,-3.735901,-3.591766,3.609107028693668,-1.85341105310463,0.033310822454770246,0.42783959175596087,-0.796138478306957,-157.78220258586484,3.153,-2.126,-2.7876
0.0117,0.147217,0.036621,1.358398,0.000305,3.466248,0.161896,3.6082662887084247,-1.8536263325676217,0.03349474779644177,0.44697944130256284,-0.8405399068370125,-157.78687227335726,3.152,-2.126,-2.786
0.0122,-0.057129,-0.071289,1.270264,0.06134,0.65863,0.894318,3.607351225775942,-1.854076788272364,0.03343717023437476,0.4016206563465732,-0.7975680833207077,-157.77174110485163,3.152,-2.126,-2.7892
0.0122,0.007812,0.022949,1.362793,1.648254,-1.019836,-5.331268,3.6065790272456018,-1.8543794469476003,0.03345815470230242,0.4340785497428486,-0.8139809582609177,-157.83758794924842,3.151,-2.126,-2.7957
0.0121,0.133301,0.211914,1.386475,0.82428,-0.531555,-6.429901,3.60587787600166,-1.8544983314420418,0.03361979061002191,0.5600261364361353,-0.8930430228456704,-157.92457892983614,3.15,-2.127,-2.7941
0.0122,-0.054932,-0.085938,1.183105,-0.335388,2.001404,-2.615204,3.60506700084997,-1.8549082530336056,0.03355993843476509,0.4967226062245034,-0.832562415797515,-157.95187988121154,3.149,-2.127,-2.7925
0.0121,0.032471,-0.013184,1.32959,3.387756,-1.569153,-5.361786,3.6038937779187625,-1.8553670270006208,0.03361535231839825,0.5279027134783422,-0.8698628906184991,-158.01776348102774,3.148,-2.128,-2.7908
0.0118,0.043213,-0.068115,1.460938,0.305481,-2.454163,2.389679,3.602762917471449,-1.855823195695495,0.03367506177630641,0.49141600369258237,-0.9206800373267643,-157.98969542827672,3.147,-2.128,-2.7876
0.0116,-0.053711,-0.061523,1.229004,2.044983,-0.256897,-1.211395,3.6018044031026695,-1.8562839162615212,0.03362127893792702,0.47368237958538795,-0.8889704719299519,-157.99988328062128,3.146,-2.128,-2.7908
0.0123,0.134521,0.116699,1.280273,0.549622,2.611755,-3.622284,3.6009855079893938,-1.8564596371866315,0.033798529204308106,0.5491454299553046,-0.937440204822373,-158.0524412368485,3.146,-2.128,-2.7925
0.0121,-0.093262,-0.082275,1.361816,-1.06781,-1.35553,0.100861,3.6002627549551103,-1.8568558110264304,0.03370055298924714,0.48606422101754576,-0.8988168064307814,-158.04583714841905,3.145,-2.129,-2.7925
0.0122,-0.055908,-0.019531,1.313721,2.106018,-3.064514,-3.988495,3.599376311764991,-1.8572668779088386,0.03364711162677405,0.4982231724251608,-0.9013259400750302,-158.09205159847048,3.144,-2.129,-2.7925
0.012,0.143066,0.104736,1.325439,2.228088,2.276062,-2.798309,3.598449302772774,-1.8574968526121225,0.03382810207966794,0.5835976848072191,-0.95639790332512,-158.13291697510348,3.143,-2.129,-2.7908
0.0125,-0.036621,-0.061768,1.285156,0.732727,2.459167,-1.638641,3.5975558319358476,-1.857912142578683,0.03379718464988895,0.5520222940950232,-0.9023688138263313,-158.15007158552817,3.142,-2.13,-2.7908
0.011,-0.007568,0.006836,1.359131,2.197571,-1.782776,-3.347626,3.596783655235874,-1.8582285411005781,0.03379932589444031,0.5772779227667318,-0.9160134171660861,-158.1867500823171,3.141,-2.13,-2.7941
0.0123,0.127686,0.0979,1.321533,0.671692,0.200867,-3.774872,3.595943157615774,-1.858438659225958,0.03396008146253719,0.6400076082935112,-0.9866925942169607,-158.23977533672573,3.141,-2.13,-2.7957
0.0124,-0.039062,-0.042725,1.331299,-0.274353,0.689148,-0.631561,3.595182928424697,-1.8587918751421766,0.03392511128391241,0.6076328384713142,-0.9534668362093142,-158.24489675210924,3.14,-2.131,-2.7941
0.0122,0.04126,0.010986,1.349121,1.770325,0.109314,-1.699677,3.594079144455845,-1.8592045570357099,0.03398864653320137,0.6319662016669424,-0.9743048203018696,-158.26703000710646,3.139,-2.131,-2.7925
0.0111,-0.005127,0.03833,1.422852,0.244446,-1.172424,0.100861,3.5930742221988394,-1.8595982066175838,0.03399766555546498,0.6515072420461903,-0.9821859555022425,-158.2664766247511,3.138,-2.131,-2.7892
0.0126,-0.030273,-0.049561,1.178223,0.274963,0.445007,-1.852264,3.592249165704226,-1.859976201088065,0.03397155778709332,0.6187057462862121,-0.9557739597229048,-158.28715214359377,3.137,-2.132,-2.7941
0.0122,-0.005859,-0.009521,1.318604,0.488586,-0.684143,-5.850067,3.591409495730725,-1.8603227593695286,0.033976757341925984,0.6163515344030035,-0.9584554274977193,-158.35796884133157,3.136,-2.132,-2.7957
0.0113,0.037109,0.045166,1.297119,0.549622,-0.775696,-5.209198,3.59061982985876,-1.8605960001570947,0.03403251777933655,0.6468508450261031,-0.9875251485282505,-158.4190418938992,3.135,-2.132,-2.7957
0.0123,-0.041016,-0.024902,1.328125,0.213928,0.597595,-1.852264,3.5895189154837612,-1.8610729930581906,0.03400232721215633,0.6311148381476791,-0.9541889576077351,-158.43959439778766,3.134,-2.133,-2.7941
0.0115,0.018311,0.057617,1.358154,2.044983,1.787781,-0.204315,3.588411624379674,-1.861482107002037,0.03404101031181036,0.6833910338049782,-0.9427109734155538,-158.44324359121757,3.133,-2.133,-2.7908
0.0126,-0.020996,-0.009033,1.395264,1.800842,1.42157,-2.065887,3.58741404643088,-1.8618966953472464,0.03403266260052581,0.6965827829977714,-0.9112681104808678,-158.46800026884148,3.132,-2.133,-2.7925
0.0119,-0.017822,-0.01709,1.260986,-0.426941,1.055359,-2.096405,3.5866581653120075,-1.862216297451822,0.034023065147393734,0.6769041631684152,-0.887078114649454,-158.4916795904518,3.132,-2.133,-2.7941
0.0124,0.0,0.030029,1.269531,0.335999,-1.202942,-3.469696,3.5858207849598016,-1.862539056836281,0.034036789359258586,0.6958088631255335,-0.9010516609897734,-158.53528664196023,3.131,-2.134,-2.7973
0.0115,0.005859,0.074707,1.306641,0.915833,-1.4776,-5.575409,3.5848229916400927,-1.862907481857438,0.03406042396629844,0.7470118206219258,-0.9198616495260757,-158.60093389113345,3.13,-2.134,-2.7957
0.0125,0.077881,0.074463,1.319824,-0.365906,-0.34845,-3.530731,3.583537789689712,-1.863347665225437,0.034170194567671355,0.781692959997403,-0.9682454125132443,-158.64843278133185,3.128,-2.135,-2.7908
0.0114,0.046875,-0.109863,1.278076,0.885315,3.100037,-5.361786,3.582681878499205,-1.86370141787504,0.034235868433360704,0.7209995965991216,-0.9596350275517381,-158.70791105842102,3.128,-2.135,-2.7892
0.0123,0.034668,0.060791,1.354492,0.030823,0.170349,-6.216278,3.5817365538816848,-1.8640302804024373,0.03428937528767907,0.7525045567697278,-0.9748294089347833,-158.7864495828051,3.127,-2.135,-2.7925
0.0122,-0.012695,0.026855,1.338623,0.06134,0.780701,-4.568329,3.5810109577351756,-1.8643130602191147,0.03428596295675863,0.7645246487152412,-0.9556331416097417,-158.84204729860787,3.127,-2.135,-2.7957
0.0113,-0.046875,-0.040039,1.36084,0.488586,0.841736,-1.577606,3.5804026734110965,-1.8645939567113696,0.034241604560805675,0.742066223216558,-0.9176824367064297,-158.85737547702865,3.126,-2.136,-2.7941
0.0125,-0.030029,-0.035889,1.278076,1.892395,1.604675,0.467072,3.5790267998111047,-1.8651611215266672,0.034228170880339755,0.7385932392053123,-0.8790357454036136,-158.84943569648027,3.124,-2.136,-2.7941
0.0123,0.023438,-0.042725,1.353027,0.488586,1.818298,4.586945,3.5775761036088123,-1.865724460814382,0.0342756172978348,0.7140985412260917,-0.8703525329176162,-158.79256029970668,3.123,-2.137,-2.7925
0.0111,0.024902,-0.036133,1.450195,0.793762,1.207947,0.345001,3.5765839664225636,-1.8661094265758145,0.034314274981149626,0.6984467129231005,-0.8692351732543083,-158.78851485882237,3.122,-2.137,-2.7941
0.0136,0.018311,0.053223,1.277344,0.976868,0.322937,-2.493134,3.5754982432093776,-1.8665007018576476,0.03435442341598034,0.7398868877081504,-0.8754476369121181,-158.82396109624295,3.122,-2.137,-2.7957
0.0104,-0.000244,0.064453,1.262451,-0.304871,1.360535,-4.141083,3.57490437507224,-1.8667093695553365,0.03436555843215928,0.7719386916469004,-0.8606312336430337,-158.86800318961502,3.121,-2.137,-2.7957
0.0124,-0.025635,0.056396,1.310791,-0.091248,0.292419,-2.248993,3.5741231074991133,-1.8670105524445644,0.034350031028241856,0.7991532970611419,-0.8412329856675544,-158.89592354271002,3.121,-2.137,-2.7908
0.0122,-0.03833,0.003418,1.27124,-0.243835,-1.752258,0.253448,3.572912234413695,-1.8675021568211925,0.03432419276619059,0.7926759214450675,-0.8392496219871343,-158.8918872910868,3.119,-2.138,-2.7892
0.0121,0.088623,-0.047852,1.351318,-0.06073,0.628113,-4.965057,3.57183444361343,-1.8678855674248331,0.034436010027392286,0.7599036471512749,-0.8812045817873586,-158.9534760431371,3.119,-2.138,-2.7908
0.0115,0.01709,-0.013916,1.296631,0.641174,1.268982,-5.17868,3.5710387047894274,-1.8681898286275413,0.03446755348513747,0.7545921497754868,-0.8758004143502911,-159.0129034171705,3.118,-2.138,-2.7957
0.0121,-0.005127,0.019531,1.293945,0.885315,2.947449,-4.293671,3.570311802789328,-1.8684678677047295,0.0344740341954526,0.7724906345511402,-0.8364400195346486,-159.06443692922298,3.118,-2.139,-2.7989
0.0124,-0.10791,0.00708,1.329346,0.519104,-1.874329,4.556427,3.5696859142790816,-1.8687736778131139,0.034364314060326015,0.7767361133900097,-0.7973991712927826,-159.00487967525987,3.117,-2.139,-2.7989
0.012,-0.140381,-0.046631,1.197021,0.458069,-0.531555,0.283966,3.569158961171359,-1.8690846347197978,0.03420318835385451,0.7471508975335334,-0.7150387227457763,-158.99596748802094,3.116,-2.139,-2.7989
0.0123,0.051514,0.003662,1.476807,-0.274353,-3.308655,2.481232,3.5676512745779334,-1.8696340164667045,0.03427388502555512,0.7399513863165985,-0.7829551507769237,-158.96747895620913,3.115,-2.14,-2.7941
0.0112,0.012207,-0.003662,1.331543,-1.403503,0.231384,3.427277,3.566365678266696,-1.870122116559459,0.03430666233123921,0.7166967331218946,-0.788378054803713,-158.92936153205076,3.114,-2.14,-2.7925
0.0122,0.022461,0.154541,1.520264,1.190491,4.259705,-0.936737,3.565433052761769,-1.8704450842740434,0.03434487450893384,0.8039492271954549,-0.7473698127518091,-158.94208580478488,3.114,-2.14,-2.7941
0.012,-0.023682,0.076172,1.355469,-0.671082,-0.043274,-4.080048,3.564738653562032,-1.870712520879964,0.03433209361773696,0.8341409243047645,-0.7343318616698313,-158.99106724406704,3.113,-2.14,-2.7957
0.0122,-0.02417,0.047119,1.236084,-1.403503,-2.148987,-6.002655,3.5641837124361846,-1.8709304233909412,0.03431502953285709,0.8417256794860786,-0.7456916462638731,-159.06445276062956,3.112,-2.141,-2.7941
0.0115,0.048096,-0.060791,1.212158,-1.037292,-1.294495,3.183136,3.563651249230987,-1.8711203294108658,0.034380236108866535,0.7850634666433632,-0.7931604737946094,-159.02869818222337,3.112,-2.141,-2.7892
0.0124,-0.035645,-0.178223,1.208984,0.244446,-1.4776,2.267609,3.5629192302749995,-1.871459238067687,0.03434583397649298,0.6705515423441399,-0.7905003903604482,-158.99756239035102,3.111,-2.141,-2.7925
0.0121,0.071045,0.060059,1.378174,-0.671082,2.916931,0.222931,3.562009504892486,-1.871751807444503,0.034435361495822964,0.6915821651981997,-0.7952791468679764,-158.9974458424562,3.11,-2.141,-2.7941
0.0123,-0.013428,0.026367,1.291016,-0.121765,1.055359,1.657257,3.5610721423870184,-1.872114826504493,0.03443612450654414,0.7011265799444489,-0.7751830505972757,-158.97678054401604,3.109,-2.142,-2.7957
0.0112,0.07373,0.02417,1.305908,0.06134,0.719666,0.802765,3.560323681121185,-1.8723522491655942,0.03452949297781106,0.7113479576941087,-0.8113701610956632,-158.97029369348303,3.108,-2.142,-2.7957
0.0122,0.037354,0.060791,1.322266,0.732727,-3.644348,0.772247,3.559483284441311,-1.872639492586245,0.03458326622135107,0.7507069759410899,-0.8773637770761687,-158.96336722370052,3.108,-2.142,-2.7941
0.0122,0.092285,-0.036133,1.244629,0.671692,5.541443,4.190216,3.5587362768418007,-1.8728879528838454,0.03470123155474823,0.7308858654555709,-0.8680442183319357,-158.91325246013884,3.107,-2.142,-2.7876
0.0126,-0.196045,-0.16748,1.568848,-1.159363,0.963806,6.051788,3.5579907475342374,-1.8733276929350313,0.034532431032922646,0.6291446292007407,-0.7605480314164096,-158.82883513942528,3.106,-2.143,-2.7876
0.0119,0.033203,-0.01709,1.126709,1.037903,-5.353333,4.617462,3.557325612907917,-1.873564070035996,0.03458586822161689,0.6255535954233832,-0.8491262246274179,-158.77558363917328,3.105,-2.143,-2.7876
0.0112,0.139893,-0.062988,1.356445,1.159973,6.3349,3.976593,3.55640628628175,-1.8738440335934803,0.03474465275926544,0.5985972692617163,-0.8575786623847974,-158.73404962303027,3.104,-2.144,-2.7892
0.012,0.093262,0.130127,1.412354,1.434631,-7.336975,2.298126,3.5553339318926738,-1.874154519587897,0.03485327284066318,0.6817043938852134,-0.9944022111985349,-158.71316428622848,3.103,-2.144,-2.7892
0.0125,0.02417,0.018799,1.157959,2.044983,5.510925,8.615265,3.554249206693085,-1.8745530814257747,0.03490365398072597,0.7136820343473753,-0.9430918790689075,-158.60587611932797,3.102,-2.144,-2.7828
0.0123,-0.080078,-0.0896,1.673584,0.519104,1.787781,8.706818,3.5533255020775805,-1.8749946878621304,0.03484614996922354,0.6717897372350172,-0.8828423567914111,-158.4943056336686,3.101,-2.144,-2.7811
0.0114,-0.022949,-0.040283,1.074219,-0.976257,-3.949524,9.500275,3.5524620514063234,-1.8753763739435632,0.03483131273590634,0.6265503134539694,-0.9136188452677331,-158.38427688395703,3.101,-2.145,-2.7795
0.0122,0.072021,-0.033936,1.330811,-0.1828,0.750183,4.678497,3.5514518868186897,-1.8757428484702738,0.03492309013497641,0.6000487869374391,-0.9457945988219761,-158.32864591271414,3.099,-2.145,-2.7795
0.0115,0.082764,0.042969,1.26001,0.82428,-2.942444,6.356964,3.5502751680010105,-1.876131372462463,0.035034762823049556,0.6309284308420223,-1.0295042162242047,-158.25994332791493,3.098,-2.146,-2.7779
0.0122,0.05957,0.139893,1.432617,-0.213318,2.794861,11.026154,3.549110632328932,-1.8764972841259489,0.035111824638018325,0.6963522313514952,-1.0261301969533831,-158.13042167322845,3.097,-2.146,-2.7747
0.0125,-0.186768,-0.019043,1.242676,-0.335388,3.039001,10.080109,3.548033738765307,-1.8770604226842162,0.03492019604147751,0.6740225821564745,-0.8744974510150425,-157.99737755325,3.096,-2.146,-2.773
0.0121,0.047363,0.021973,1.3125,1.129456,1.54364,6.417999,3.5471293188720003,-1.8773905785007665,0.03498583265170721,0.6949561744433461,-0.8842517479684704,-157.92132932621067,3.095,-2.147,-2.7714
0.0122,-0.045654,-0.128662,1.357422,-0.549011,-2.057434,7.303009,3.546214922273161,-1.87784406027863,0.034951736238645933,0.6098542618508775,-0.8836278830292602,-157.8280725192614,3.094,-2.147,-2.7698
0.0113,0.138184,0.068848,1.266357,0.213928,-0.59259,1.321564,3.5453201837183292,-1.8780831549018893,0.035118647053968555,0.6497932176954242,-0.9729934224867688,-157.819745229331,3.093,-2.148,-2.7714
0.0121,0.062744,0.087402,1.276123,2.899475,4.900574,9.225616,3.5442142430730406,-1.8784524603523696,0.03520678038378517,0.7310651125608215,-0.9519558939553131,-157.7117368433793,3.092,-2.148,-2.7649
0.0121,-0.233643,-0.054932,1.695801,0.458069,2.611755,13.376007,3.543227003871111,-1.878991239489598,0.03502687746859865,0.7038681571947675,-0.8149921991969815,-157.5425496636624,3.092,-2.148,-2.7649
0.0121,-0.020264,-0.021729,1.040039,-1.18988,-3.827454,11.422882,3.542350011871726,-1.879380280018788,0.03501671750135244,0.6676554287245542,-0.849971407674018,-157.40348675502472,3.091,-2.149,-2.7633
0.0122,0.137207,-0.06958,1.32959,1.404114,5.053162,3.976593,3.541602294291954,-1.8796278519783014,0.03517453778849042,0.639953577831342,-0.8677654154384972,-157.3576124521087,3.09,-2.149,-2.7601
0.0113,0.026123,0.019287,1.476562,0.030823,-3.033997,13.833771,3.5408052808573798,-1.8799413141642138,0.03520931371006973,0.6436989900215023,-0.9156781543018623,-157.20265389962665,3.089,-2.149,-2.7585
0.0125,-0.142578,-0.082275,1.012695,0.122375,2.489685,9.80545,3.53989628962628,-1.8805009109185555,0.035035247008275955,0.5787572872502297,-0.781482818802771,-157.07047481059573,3.088,-2.15,-2.7585
0.0121,0.062744,0.097412,1.500488,2.0755,-0.134827,11.239777,3.5386985129431228,-1.8809390960043368,0.03510944639594549,0.6477811434150246,-0.815915711400876,-156.9381130620454,3.087,-2.15,-2.7569
0.0123,0.099609,-0.009766,1.30249,2.197571,1.848816,3.976593,3.5376446157948362,-1.8813208095527414,0.03523452081895505,0.6641534333471484,-0.8527478405654644,-156.8925088118031,3.086,-2.15,-2.7536
0.0112,-0.001709,0.067383,1.52002,-0.793152,2.886414,15.48172,3.5368445431031432,-1.881642175819994,0.0352428354543724,0.6822731389036538,-0.8204647719847428,-156.71976153622413,3.085,-2.151,-2.7488
0.0123,-0.188232,-0.201416,1.13916,-0.1828,-2.301575,11.941681,3.5360819804900308,-1.882208553599752,0.035039161193164685,0.5437720228150627,-0.7297773874996507,-156.56089470791335,3.085,-2.151,-2.7488
0.0122,0.144043,0.156738,1.37915,-0.579529,-0.623108,8.432159,3.535271840342714,-1.8824021956351895,0.03519190735831977,0.6179777057342404,-0.8175197346194409,-156.46652605954603,3.084,-2.152,-2.7471
0.0122,0.076416,-0.056641,1.1604,0.427551,0.780701,9.774933,3.53439990155313,-1.8827426635985454,0.0353017816013064,0.5808726555374312,-0.861030494882536,-156.34927142341655,3.083,-2.152,-2.7423
0.0122,0.032471,0.154785,1.513428,0.549622,-0.287415,11.636505,3.533565324282873,-1.8830308937078113,0.035338860233251654,0.659615486509704,-0.8808182756849849,-156.21143027909068,3.083,-2.152,-2.7407
0.0112,-0.106445,-0.048584,1.13623,-0.304871,1.360535,11.026154,3.532803807634741,-1.8834754549081552,0.035225401254814576,0.6180329157588712,-0.7964888881300308,-156.08204285051556,3.081,-2.153,-2.7407
0.0121,0.161133,0.003174,1.41748,-0.304871,4.809021,1.046906,3.5319402249778418,-1.883750608664643,0.03539643059683622,0.6120756571779763,-0.8250746763044248,-156.07470985875952,3.081,-2.153,-2.7423
0.0123,0.098389,0.05127,1.207275,0.732727,-6.940247,3.610382,3.5309809628040147,-1.8840782219118557,0.03552256129651717,0.649318144112055,-0.9729422864119694,-156.03634600350475,3.079,-2.153,-2.7374
0.0123,0.070312,-0.034424,1.329346,0.976868,7.036804,8.523712,3.5301937112320876,-1.8844061302492316,0.03561112007986219,0.6356358993153417,-0.9274534278640321,-155.93173781899324,3.079,-2.153,-2.7342
0.0121,-0.225586,-0.066162,1.640625,0.915833,-3.522278,12.674103,3.5293990078204565,-1.8849223357566152,0.03543343051963947,0.6091284665517216,-0.864429703704594,-155.77051752815618,3.078,-2.154,-2.7342
0.0111,0.115967,0.039062,1.118408,-0.426941,0.628113,7.638702,3.5287844459916045,-1.885079728220929,0.03558640779694486,0.6265766282119047,-0.938228272778816,-155.69198324344754,3.077,-2.154,-2.731
0.0124,0.102539,0.04834,1.52124,-0.579529,4.290222,9.530792,3.528079906424641,-1.8853187545048604,0.03568738061681166,0.6377156054362513,-0.9360565047821858,-155.57744303701202,3.077,-2.154,-2.7293
0.0123,-0.157471,-0.114014,1.062744,-1.06781,-8.649231,14.199982,3.527280658773209,-1.8858935000683705,0.03550832551588134,0.5379900119498481,-0.9329513821917034,-155.39307174278824,3.076,-2.155,-2.7277
0.0112,0.121338,0.05542,1.450928,0.06134,0.933289,10.263214,3.5264718511598505,-1.886161680064617,0.03563194107471979,0.5627845734591636,-0.9854443505747191,-155.2833825298599,3.075,-2.155,-2.7261
0.0121,0.014893,0.020996,1.257324,1.617737,-0.928284,11.728058,3.5254010515188807,-1.8866359376492792,0.035665336584684806,0.5895172997696468,-1.0058333951971477,-155.14254449202235,3.074,-2.156,-2.7245
0.0124,0.051758,-0.003662,1.35498,0.885315,2.916931,6.997833,3.5244039788615766,-1.8870706621042346,0.035734635769947974,0.5933403548161654,-0.9981377809376508,-155.05679141466118,3.073,-2.156,-2.7212
0.0124,0.048584,0.006836,1.354492,0.732727,-2.454163,10.293732,3.5235389432642346,-1.8874431881635396,0.035796315987654787,0.6004438974830575,-1.0550806639752428,-154.9309556709151,3.072,-2.156,-2.7164
0.0111,-0.075439,-0.118408,1.269043,1.404114,0.597595,8.981476,3.522837842792961,-1.88790631509911,0.03573310550309217,0.5397030184654783,-1.0023701451770992,-154.82423349321948,3.072,-2.157,-2.7164
0.0123,0.068359,0.104492,1.352783,1.037903,-2.057434,10.56839,3.521941382858055,-1.88822594308784,0.03580983713230789,0.6058762785061478,-1.065063962113176,-154.69976894940908,3.071,-2.157,-2.7131
0.0123,-0.092041,-0.115234,1.31543,1.159973,0.383972,9.774933,3.5210854760946684,-1.888768368961908,0.03573529439999398,0.5475688286278264,-1.0060118258924313,-154.5724800228948,3.07,-2.158,-2.7115
0.012,0.093506,0.121094,1.354492,1.95343,-2.545715,8.767853,3.5199814622388037,-1.889169129683428,0.03583942182346188,0.6336697102257,-1.0875286253600691,-154.4739083969782,3.068,-2.158,-2.7115
0.0116,0.065674,-0.038818,1.250977,-0.091248,1.604675,7.333527,3.5189775893548885,-1.889631161445529,0.035931465334717166,0.6036294954980544,-1.1079348288123096,-154.38941220115728,3.068,-2.159,-2.7115
0.0123,-0.001465,0.094971,1.337891,0.580139,-1.59967,3.122101,3.5179548104967413,-1.8900715322106005,0.03594078979645061,0.660552463310105,-1.1239305770035082,-154.3538563769876,3.067,-2.159,-2.7083
0.0122,0.029541,-0.019287,1.254883,0.152893,3.31366,4.556427,3.517046068907247,-1.8905073239400727,0.03599054993622358,0.6455330695240091,-1.0999821443715354,-154.2977933281972,3.066,-2.159,-2.7083
0.0115,0.000732,0.049561,1.418701,0.183411,2.825378,5.8992,3.5162665357121505,-1.8908609910558811,0.03599986994174043,0.6688883777423361,-1.0655423918139122,-154.2306746831327,3.065,-2.16,-2.705
0.0126,-0.223877,-0.169922,1.247314,-0.06073,-1.538635,17.068634,3.5154914561607677,-1.89148900141722,0.035787954099301085,0.5593610527900362,-0.9524979809864088,-154.00322533975847,3.064,-2.16,-2.7034
0.0114,0.046387,0.005859,1.337402,1.587219,2.092957,7.486115,3.5152553852811836,-1.891570121266976,0.03583726915355523,0.5760958689247611,-0.9548722587542077,-153.91942553651214,3.064,-2.16,-2.7083
0.0122,0.019043,-0.027344,1.247314,0.671692,-4.559875,0.589142,3.5146972143798076,-1.8918454302505574,0.03586796290733072,0.5641847131624609,-1.0208863091141005,-153.91268601720196,3.063,-2.161,-2.7196
0.0126,0.345703,0.263428,1.161621,-2.044373,5.877136,-6.429901,3.5140242111407094,-1.891772415272517,0.0362248986595052,0.6935230059484618,-1.150657732492665,-154.01429119211986,3.063,-2.161,-2.7229
0.011,-0.216064,-0.103271,1.388672,-0.671082,4.381775,-2.645721,3.5137324245081163,-1.8921060788543425,0.03602870937696852,0.6264144464596387,-0.9821806631359787,-154.03312468748777,3.063,-2.161,-2.7245
0.0124,-0.147217,0.027588,1.370117,2.807922,3.008484,-7.375946,3.5133645732047096,-1.8923663218331146,0.03589000112491797,0.6737875638699232,-0.8606003814426422,-154.11966651137817,3.062,-2.161,-2.7277
0.012,-0.033447,0.147461,1.240479,2.319641,-5.963684,-27.822723,3.5124615004728907,-1.892761819065503,0.03586107738551554,0.7923804051271244,-0.9071865083835269,-154.45620777837877,3.061,-2.161,-2.7342
0.0117,0.241943,0.294678,1.308594,0.366516,4.168152,-26.083221,3.5118933489868387,-1.8928172634101261,0.03608545627145872,0.9570103244270188,-0.9860278798025811,-154.77168527143533,3.061,-2.162,-2.7374
0.0122,-0.185059,-0.024902,1.417969,-0.732117,-5.353333,-24.099579,3.511579187522246,-1.8930246192973577,0.035919665874487465,0.9326848324684557,-0.9447995287265214,-155.06384451654267,3.061,-2.162,-2.7439
0.0121,0.084229,0.237793,1.09668,-0.457458,1.54364,-25.778046,3.510964783907719,-1.8931773872242637,0.036016982508714115,1.0848700460029403,-0.9779444064201132,-155.38168689661214,3.061,-2.162,-2.7488
0.0122,-0.077637,-0.069092,1.58667,-1.739197,0.231384,-28.280487,3.5106787195425646,-1.8933442543408234,0.03595705632738732,1.0273682960331532,-0.9283672341803284,-155.7249757649369,3.06,-2.162,-2.7585
0.0122,0.122314,0.099121,1.180176,0.458069,4.534363,-46.0112,3.5104069323879874,-1.8934139741462912,0.03609167027787665,1.097314283844751,-0.9416426873988453,-156.28806986595876,3.06,-2.162,-2.7649
0.0113,0.013428,0.147705,1.406982,-0.121765,0.567078,-50.375214,3.5101635635143347,-1.893460761720065,0.03610342993046703,1.1758806118606417,-0.9299410294244451,-156.85993747432707,3.06,-2.162,-2.7714
0.0125,-0.048096,0.09375,1.055908,1.251526,-3.095032,-57.058563,3.5098350053134597,-1.893548516013613,0.036052938022995286,1.2616448900308594,-0.9199634910458816,-157.57629095631867,3.06,-2.162,-2.786
0.0123,0.073486,0.210205,1.596191,0.335999,2.184509,-60.018768,3.509609847658121,-1.8935946629988671,0.03611093754522771,1.365639275748509,-0.9093718136915043,-158.31602485781286,3.06,-2.162,-2.7941
0.0114,0.006592,0.081543,1.10791,-0.030212,-1.630188,-67.861786,3.5094820480852635,-1.8936193555846788,0.036122976437945854,1.4225495918164912,-0.9147131300740026,-159.09121951586118,3.06,-2.162,-2.8087
0.0119,0.074707,0.181885,1.385986,-2.013855,-2.576233,-77.566376,3.509430132346184,-1.8936137334703471,0.03619081481027777,1.5000844221446354,-0.9615756610077774,-160.0162812485188,3.06,-2.162,-2.8265
0.0123,0.089844,0.072021,1.234863,-3.265076,-1.660706,-80.557098,3.5094107784929247,-1.8936517645303295,0.03627923536513795,1.5083809903775414,-1.0107267192214402,-161.00605156639878,3.06,-2.162,-2.8394
0.0121,0.044678,0.023438,1.324707,-2.166443,4.839539,-77.841034,3.5094326165257717,-1.893668164047917,0.036317343121882444,1.4987047206676374,-0.952209901943409,-161.94499060189608,3.06,-2.162,-2.8637
0.0129,0.029297,0.044678,1.466553,-1.800232,-2.454163,-76.925507,3.509525863696451,-1.8936436588320833,0.03633705575333394,1.502248588858612,-0.9710389436991742,-162.93772460059824,3.061,-2.162,-2.875
0.0111,0.076172,0.015381,1.172852,-4.180603,0.53656,-76.528778,3.509569174985699,-1.8936833340492756,0.03641068298779702,1.4678087992120221,-0.9924580938350323,-163.7841309338534,3.06,-2.162,-2.8896
0.0116,0.108887,-0.008545,1.26123,-2.135925,2.398132,-81.197968,3.509659858508475,-1.8937380963710806,0.03650290994057436,1.4414905683768788,-1.0054492358323532,-164.72074045950112,3.06,-2.162,-2.909
0.0121,0.006104,-0.055176,1.434326,-0.671082,0.048279,-80.312958,3.5097730061037824,-1.893749481520602,0.03649382324531915,1.4081947484350852,-0.9813739956158318,-165.68958699433838,3.06,-2.162,-2.922
0.0122,0.013184,-0.065674,1.293457,-0.854187,-2.179504,-77.322235,3.5096712142937103,-1.893830584789578,0.036493358268206724,1.363225366380559,-0.9911159784688283,-166.62981600025103,3.06,-2.162,-2.943
0.0117,0.101074,0.018555,1.155273,-1.983337,-3.400208,-77.322235,3.50961584531076,-1.8938989800632027,0.03658911947559803,1.3570718292915966,-1.0751868071768311,-167.5324468002276,3.06,-2.162,-2.956
0.0124,0.025635,-0.000732,1.275635,-2.563171,-4.987122,-75.826874,3.509542721399366,-1.8939417684810615,0.03660529540493403,1.3316513838645154,-1.1275600450935157,-168.47249437069547,3.06,-2.162,-2.9673
0.0119,0.005859,-0.077881,1.649658,-0.823669,4.107117,-69.906464,3.509451910095099,-1.8940160603786482,0.036591348269214674,1.2898433311849855,-1.0579444072215363,-169.29946619793523,3.06,-2.162,-2.9851
0.0121,-0.037598,-0.112793,1.409912,-0.030212,2.947449,-66.763153,3.5095801107278906,-1.8940604982570353,0.03653544035521821,1.2320147042571825,-0.9813529749077823,-170.1017324117029,3.06,-2.162,-2.9981
0.0115,-0.004395,0.000244,1.153076,-2.9599,3.832458,-64.321747,3.5096813529715254,-1.8940530081450595,0.036527016307680495,1.2009051796608756,-0.9188946424625897,-170.8397785906293,3.06,-2.162,-3.0143
0.0121,0.016357,-0.057617,1.300049,-1.159363,-0.653625,-59.988251,3.509794206495996,-1.894091817535983,0.036522134842771045,1.1548840044221402,-0.9205049037627218,-171.56219585983558,3.06,-2.162,-3.0224
0.0122,0.039062,-0.043213,1.368652,-1.342468,1.024841,-57.272186,3.50978160393523,-1.8941434312023149,0.03653796041394718,1.116077987528978,-0.9147925111059599,-172.2575654606599,3.06,-2.162,-3.0321
0.0121,0.05835,-0.057617,1.346436,-1.159363,-2.728821,-58.920135,3.5099029338126413,-1.894194477970004,0.036561966373890344,1.0719758425369195,-0.9657481815916357,-172.96706001425676,3.06,-2.162,-3.0483
0.0122,-0.000732,-0.079834,1.188721,-0.121765,2.55072,-55.929413,3.509860103613025,-1.8942884926092807,0.036539137864634114,1.022178333786775,-0.9213304786011725,-173.6436582918508,3.06,-2.162,-3.0548
0.0122,0.025879,-0.02832,1.428467,0.244446,-2.271057,-51.504364,3.5097899784827544,-1.894333247033555,0.036546284362929136,1.0118905492577825,-0.9498295402426897,-174.27034315210773,3.06,-2.162,-3.0693
0.0121,0.020752,-0.031982,1.176514,-1.128845,-3.522278,-48.544159,3.509545415454558,-1.8944047747664219,0.036555083843354076,0.9798635147970352,-0.9950437125859553,-174.85581246696955,3.06,-2.162,-3.0774
0.0121,0.003418,-0.091553,1.422119,-0.854187,1.330017,-49.001923,3.509475326515836,-1.8945060110393472,0.03653229476116112,0.9227834980558905,-0.9685670984295053,-175.44322865031802,3.06,-2.162,-3.0888
0.0113,-0.05835,-0.057861,1.303467,-0.213318,1.970886,-42.288055,3.5093825116853195,-1.8945885505973832,0.03647340249001196,0.8874777697132055,-0.9033454784701561,-175.91684545222006,3.059,-2.162,-3.0985
0.0123,-0.027832,-0.11792,1.422852,-1.098328,1.879333,-39.694061,3.5091762426874094,-1.8947264839894697,0.036427135439145365,0.8116998684651588,-0.8566922542947005,-176.39844571935782,3.059,-2.162,-3.1066
0.0121,0.022461,-0.048096,1.227295,0.335999,-3.857971,-35.940399,3.508973171160728,-1.8947943490998678,0.03643125727909406,0.7868034027471454,-0.9110893205119953,-176.83112448406527,3.059,-2.162,-3.1163
0.0121,0.001465,-0.090088,1.293457,-1.06781,-1.263977,-29.562225,3.5088324896593837,-1.8949078622337305,0.03640767458997932,0.7210657932383345,-0.921543533009796,-177.18376018813925,3.059,-2.162,-3.1228
0.0124,-0.007812,-0.062012,1.245605,-0.671082,0.261902,-34.780731,3.5086391492715356,-1.895001005715141,0.036385576098504686,0.6768996308168798,-0.907690363368632,-177.61096537329036,3.059,-2.162,-3.1292
0.0114,-0.049805,0.005859,1.377686,-0.671082,-0.501038,-31.057587,3.508576404224647,-1.8950257709449216,0.03635270104001053,0.67368927934078,-0.880354291941704,-177.96408853726132,3.059,-2.162,-3.1357
0.012,-0.063721,-0.050049,1.230225,-0.610046,-2.60675,-29.287567,3.5084845940210996,-1.8951198053493339,0.03629277328783963,0.6366751246778903,-0.8677286183298675,-178.31164788921336,3.059,-2.162,3.141
0.0122,0.005127,-0.016846,1.367432,0.427551,0.048279,-31.118622,3.508364900189055,-1.8951457608530244,0.03629086685754694,0.6340587245819365,-0.8650928016863483,-178.69027098316587,3.059,-2.162,3.1297
0.0116,-0.052734,-0.006836,1.306885,1.434631,-2.698303,-30.081024,3.508291665126565,-1.895183704976194,0.036253250332293666,0.6479636465807247,-0.8610178699726995,-179.03784138490224,3.059,-2.162,3.1248
0.0124,-0.005371,-0.046875,1.314453,-0.243835,0.994324,-27.36496,3.508285723385412,-1.895238912796146,0.036235280676197995,0.6186412441661501,-0.8415712228591912,-179.3745199483217,3.059,-2.162,3.1216
0.0116,0.024902,-0.038574,1.312988,0.183411,0.017761,-26.449432,3.5082906563824166,-1.8952710868241076,0.03623872419335834,0.599022603880165,-0.8524674961100426,-179.67990890081282,3.059,-2.162,3.1119
0.0121,-0.019043,0.061768,1.358398,1.037903,-1.233459,-29.409637,3.5084548671749385,-1.8952260782729764,0.03623861984919792,0.6478941447437676,-0.8523157100007425,179.96209384921488,3.059,-2.162,3.1038
0.012,-0.032471,-0.003906,1.203369,-1.098328,-1.843811,-27.792206,3.508544740292072,-1.895250768535703,0.0362131132317784,0.6335639141454127,-0.850440836188161,179.6295116768208,3.059,-2.162,3.0973
0.0125,0.023926,0.033936,1.333984,-1.342468,-4.010559,-30.416718,3.5084237438513735,-1.895215976020303,0.036235670115379176,0.6382685910823126,-0.909333279515856,179.24712590086082,3.059,-2.162,3.0892
0.0112,0.125488,0.05542,1.246338,-0.274353,0.109314,-32.491913,3.508427635312871,-1.8951256656946145,0.03632738148148833,0.670836661655504,-0.9798674453104783,178.87861860800461,3.059,-2.162,3.0843
0.0124,-0.034912,0.018799,1.371338,-1.495056,2.794861,-29.073944,3.508646622281137,-1.895126626875181,0.03630551503683244,0.6645911407729517,-0.9200658668907129,178.51846719948156,3.059,-2.162,3.0811
0.0122,0.035889,0.0,1.301025,-1.342468,-0.745178,-27.670135,3.508793577956519,-1.8951303234202979,0.03632124053083021,0.6496025203684916,-0.94548280065321,178.18062389663373,3.06,-2.162,3.0746
0.0118,0.02002,-0.018555,1.328369,1.251526,0.689148,-30.843964,3.5091080294039436,-1.8951647016981545,0.03631899308589778,0.6553631502403655,-0.9435349825935282,177.8177686119091,3.06,-2.162,3.0665
0.0116,-0.027588,-0.018555,1.227295,-2.654724,-0.043274,-26.998749,3.509255496711259,-1.8952075290227317,0.036292354124273195,0.6145145206138053,-0.9228180580220082,177.50633335897913,3.06,-2.162,3.0601
0.0124,0.048584,0.007324,1.249023,-1.159363,-2.881409,-31.820526,3.5090572700445795,-1.895187405010744,0.036323312507453305,0.6076505554332655,-0.9832227155459372,177.11055127069054,3.06,-2.162,3.0536
0.0123,0.065918,0.047607,1.412842,0.091858,0.353455,-32.369843,3.509046458037826,-1.895132346530346,0.0363652237383914,0.6374466736820432,-1.0081370873006212,176.7096615540945,3.06,-2.162,3.0422
0.0112,-0.039795,0.02832,1.318604,-0.701599,0.811218,-30.721893,3.509157081894109,-1.8951159661872319,0.036346663417417,0.6481366604501132,-0.9704627380814325,176.3649350828357,3.06,-2.162,3.039
0.0125,0.063721,-0.024902,1.283203,-0.671082,-0.104309,-31.39328,3.5091734066955644,-1.8951503688324083,0.03637038528515411,0.6276390348968259,-1.0039971537964092,175.9735373824165,3.06,-2.162,3.0342
0.0124,-0.017334,0.090576,1.390381,0.732727,-0.745178,-32.888641,3.509418421576286,-1.8950700716767122,0.0363778783087349,0.6895214434573729,-0.9969236941036834,175.56145353455116,3.06,-2.162,3.0277
0.0113,-0.031006,-0.091553,1.245361,-1.220398,3.069519,-27.731171,3.509522272068408,-1.8952055786472763,0.036329456938617805,0.6208326183253677,-0.9386703419233985,175.25423532299135,3.06,-2.162,3.0244
0.0131,0.034668,-0.051025,1.34082,-0.335388,0.750183,-25.076141,3.5094731681773803,-1.8952660452586292,0.0363302781520774,0.5888532308718989,-0.9438900517176886,174.92836328776465,3.06,-2.162,3.0163
0.0112,0.010742,-0.030273,1.258057,0.030823,-1.508118,-23.153534,3.5093197414327597,-1.8952989415768768,0.036326995298136974,0.571758137711983,-0.9636961060256019,174.67072929694154,3.06,-2.162,3.0082
0.0125,0.088867,-0.049805,1.404541,-1.342468,3.496765,-25.869598,3.5091808959316944,-1.8953345165983464,0.036353931165666716,0.5299694870323909,-0.9635353783203355,174.34927748038484,3.06,-2.162,3.0034
0.0114,-0.011475,0.002686,1.195312,-0.030212,0.078796,-22.69577,3.509171289984828,-1.8953391143206202,0.03634719139581653,0.5331316222900283,-0.9524221744977541,174.09085306484792,3.06,-2.162,3.0002
0.0119,0.050049,0.011963,1.365234,0.702209,-1.019836,-21.383514,3.5091359954998764,-1.8953159888101077,0.03637114528973427,0.5493892815724052,-0.9884723894863063,173.8351101810715,3.059,-2.162,2.9969
0.0118,-0.007812,-0.062256,1.371826,-0.579529,-0.47052,-17.843475,3.508994184806814,-1.8953960188826517,0.036350099831727864,0.5084384489153988,-0.9856113133964974,173.62851469817653,3.059,-2.162,2.9953
0.0128,-0.010742,-0.054688,1.318604,0.671692,2.489685,-16.988983,3.508804870976778,-1.8954636677269168,0.0363306822150167,0.4862567673439599,-0.9442615077408676,173.41502852259035,3.059,-2.162,2.9921
0.0116,-0.01709,-0.060059,1.322266,0.732727,-0.775696,-14.425507,3.5086357134647526,-1.8955419840372123,0.036306712936150454,0.46032540496700475,-0.9406222321269898,173.25170199075822,3.059,-2.162,2.9888
0.0122,-0.022949,-0.055176,1.305176,0.671692,-2.179504,-14.822235,3.508382574948728,-1.895605083884207,0.03628274356263166,0.43702813705649773,-0.9509445647336999,173.07460314270512,3.059,-2.162,2.9823
0.0121,0.109619,0.031738,1.345215,-1.769714,3.252625,-19.094696,3.5086690458947474,-1.8955483053862863,0.03633301620574552,0.4356284515233223,-0.9707782122323835,172.83937114739317,3.059,-2.162,2.9743
0.0116,-0.072266,0.011963,1.214111,1.556702,-0.775696,-17.080536,3.5090793724936775,-1.8956149777498825,0.03629369784032101,0.4627852338821106,-0.9320050536608057,172.64250485191013,3.059,-2.162,2.971
0.0118,0.00293,-0.035645,1.261963,-0.06073,0.322937,-14.425507,3.509272136634325,-1.8956960693533607,0.036280247384465496,0.4412341343530353,-0.9279465897895797,172.47450188861532,3.059,-2.162,2.9694
0.0124,0.010986,-0.016602,1.4021,-0.762634,-5.414368,-17.263641,3.509249745609594,-1.8957183371306099,0.03627817705314646,0.42433754048739414,-0.9972063730338842,172.2608144629279,3.059,-2.162,2.9678
0.0124,0.179199,0.073486,1.192627,-0.579529,-0.287415,-19.766083,3.509192661095365,-1.895539615150792,0.03638079087490959,0.4661578123124602,-1.1103757320473806,172.00662645927784,3.059,-2.162,2.9613
0.0114,0.001709,-0.000977,1.436523,-1.18988,3.5578,-23.092499,3.5091554220073364,-1.8955428589300685,0.03637857723913276,0.45480433704426726,-1.0654148941317605,171.74405204052394,3.059,-2.162,2.9564
0.0123,-0.067871,0.110596,1.294434,-0.365906,0.353455,-18.820038,3.509239516644696,-1.895395345621419,0.03637704638724262,0.5175918464561243,-1.0172793107931828,171.5069441554802,3.059,-2.162,2.9532
0.012,-0.007568,-0.024902,1.36084,0.458069,-0.287415,-15.218964,3.5092283567514384,-1.8954372032858648,0.03636489912924785,0.5094788681429193,-1.0125574619408189,171.32615885014758,3.059,-2.162,2.95
0.0114,0.003662,-0.075195,1.352539,-0.274353,-1.813293,-14.517059,3.5091936770720964,-1.8955447673863024,0.036344513199973394,0.46423142137099277,-1.0314693031711275,171.16506131354836,3.059,-2.162,2.9484
0.0125,0.087158,-0.029785,1.249023,-1.525574,-1.050354,-16.226044,3.509117987757786,-1.8955719479780153,0.036371411697984565,0.4288868373706929,-1.0942862935812512,170.96258338641357,3.059,-2.162,2.9419
0.0122,0.021973,-0.032227,1.355713,0.030823,3.222107,-23.153534,3.5091340584985917,-1.8956267727747027,0.0363683452409231,0.41448088178862474,-1.0626560750514524,170.68225194811444,3.059,-2.162,2.9354
0.0122,-0.009277,0.107178,1.347412,1.06842,2.672791,-20.284882,3.5093359354427154,-1.8955005246481644,0.0363866894194424,0.4908132193281716,-1.020793722069202,170.42877738679536,3.059,-2.162,2.9322
0.0114,0.00293,0.033203,1.241943,-0.640564,-0.226379,-16.470184,3.5094735661937904,-1.8954750837482883,0.03639274019821364,0.5051268242571477,-1.022123415304971,170.23900346817524,3.059,-2.162,2.9289
0.0123,0.006104,0.005127,1.300049,-0.396423,-1.843811,-18.54538,3.509540076166391,-1.895484919891376,0.03639272734073752,0.5048934236579723,-1.0442854542817668,170.01057512123003,3.06,-2.162,2.9257
0.0121,0.00293,-0.030273,1.266602,-0.304871,-2.087952,-23.611298,3.5095656942789866,-1.8955436714325222,0.0363826621837249,0.4857365926023555,-1.0666616023007733,169.7268352188856,3.06,-2.162,2.9208
0.0113,0.102539,0.019531,1.360107,-0.823669,-0.623108,-28.37204,3.50956819957951,-1.8955181839013762,0.03642003293979654,0.49095392895348255,-1.1254645180956004,169.403912805062,3.06,-2.162,2.9144
0.0126,0.075439,0.07373,1.266357,-0.1828,1.207947,-25.808563,3.50960151217876,-1.895408514246947,0.03646419687769357,0.5369450257023796,-1.1501801769450257,169.07310174180154,3.059,-2.162,2.9095
0.0119,0.015625,0.03418,1.392334,-0.304871,0.109314,-19.735565,3.5095928906006986,-1.895363383580655,0.036474334866994106,0.553779577684707,-1.1515030502672905,168.83628766451417,3.059,-2.162,2.9063
0.0118,-0.017578,-0.040771,1.254639,-0.487976,-1.325012,-20.345917,3.5095234759911187,-1.8954228246270517,0.036455257834473315,0.5251309892198114,-1.1510535166055738,168.5994415913253,3.059,-2.162,2.9014
0.0117,0.07373,-0.016602,1.330078,0.244446,0.078796,-30.081024,3.5094116278302514,-1.89544510467345,0.03647449375549895,0.5226647527211046,-1.1856777499391176,168.24836187018235,3.059,-2.162,2.8933
0.0122,0.014648,0.005371,1.303711,-0.030212,0.078796,-29.562225,3.5093469106479325,-1.8954321143904054,0.036478894025884986,0.5301358006642314,-1.186422900573091,167.88753612694833,3.059,-2.162,2.8885
0.0125,-0.041748,0.023438,1.344482,-0.701599,-0.287415,-22.421112,3.509359297319521,-1.8953940488015442,0.03646785098061397,0.537705340481246,-1.159825639909225,167.6062561848717,3.059,-2.162,2.8852
0.0117,-0.049072,0.000488,1.272217,-0.1828,-1.141907,-17.721405,3.5093813195275065,-1.8953927663364432,0.036448158020513266,0.5372933602478714,-1.1385406472466704,167.3993904223123,3.059,-2.162,2.8804
0.0125,-0.016602,-0.025391,1.344727,-0.152283,-1.050354,-20.101776,3.509380484878409,-1.895434532085352,0.0364334236182273,0.5229913202299484,-1.1363566000725118,167.15001839358828,3.059,-2.162,2.8755
0.0121,0.152588,0.033203,1.255127,-0.243835,-0.684143,-28.61618,3.5093150304436365,-1.8954053774530886,0.03649020064736227,0.5442761478156403,-1.2302890900118493,166.8006497390215,3.059,-2.162,2.869
0.0113,0.036865,-0.002441,1.337158,-0.549011,1.207947,-25.747528,3.5092700585958703,-1.8954168045152553,0.03649817370446405,0.5398948566763662,-1.2307923993732826,166.51018361993778,3.059,-2.162,2.8658
0.0119,-0.047363,0.011963,1.32959,0.122375,0.994324,-19.094696,3.5092921533186003,-1.8953938599650388,0.03648312201041193,0.5501093508983237,-1.185525530098683,166.28279412910442,3.059,-2.162,2.8625
0.0127,-0.021729,-0.022705,1.334229,0.458069,-0.562073,-15.707245,3.509274832930054,-1.8954261330174238,0.03646807928193304,0.5438929265762071,-1.1744067996012177,166.08520496206495,3.059,-2.162,2.8609
0.0112,0.015137,-0.064941,1.308105,-0.091248,-1.843811,-15.524139,3.5091894143659834,-1.8955200253954985,0.03645484418007009,0.5056323580210214,-1.1984809409398423,165.91570559921766,3.059,-2.162,2.8593
0.0122,0.017334,-0.101562,1.304688,0.06134,-1.569153,-16.256561,3.5090167218587367,-1.895653598957538,0.036435003047649836,0.44873738949971503,-1.2220023700304508,165.72419143960548,3.059,-2.162,2.8561
0.0122,0.105225,-0.01001,1.328369,0.152893,2.42865,-12.655487,3.5088425507739496,-1.895645267190782,0.03646348571613218,0.446097234167858,-1.2474748821675177,165.56965370790718,3.058,-2.162,2.8545
0.0124,-0.065674,-0.029053,1.32666,0.458069,2.123474,-6.124725,3.5087457087130223,-1.8956675590864007,0.03643701660436029,0.43465354213239127,-1.1786162493263643,165.49714797897846,3.058,-2.162,2.8545
0.012,-0.028076,-0.012451,1.281982,0.183411,0.017761,-1.608124,3.5086351016230255,-1.8956637538802656,0.03642558643578741,0.4280638382511854,-1.1581196126478677,165.4794372714062,3.058,-2.162,2.8545
0.0112,0.01001,-0.063477,1.318604,0.397034,-0.684143,-2.218475,3.508486110426543,-1.8957344701574663,0.03641373020850875,0.39448563561556615,-1.1678562381198345,165.45877969190923,3.058,-2.162,2.8545
0.0125,-0.006348,-0.068115,1.290283,0.397034,1.055359,-2.615204,3.508359593760754,-1.8958216162565857,0.03639573091253261,0.3584007614964676,-1.147457477912568,165.43106469169754,3.058,-2.162,2.8545
0.0122,-0.029297,-0.042969,1.333008,0.183411,0.628113,1.046906,3.5082777186951892,-1.895879420235658,0.03637715027263081,0.3346629937224848,-1.1197344703840029,165.44751069086658,3.058,-2.162,2.8545
0.0121,-0.037598,-0.015381,1.293457,0.671692,0.65863,4.89212,3.508244272960563,-1.8959081975934646,0.036361811819101766,0.33175360066427634,-1.0871081262794844,165.50889199927823,3.058,-2.162,2.8545
0.0118,-0.036621,-0.00293,1.295898,1.098938,0.170349,6.356964,3.5082339168092993,-1.8959236317264097,0.03634948060607167,0.3407656342346397,-1.061426140594842,165.58526817365927,3.058,-2.162,2.8528
0.0115,0.0,-0.03125,1.313477,0.580139,-0.34845,5.685577,3.508175278121781,-1.8959586431993867,0.03634194864214943,0.32716987953084475,-1.0633848559633488,165.6525866856081,3.058,-2.162,2.8528
0.0124,0.01416,-0.03833,1.314209,0.519104,-0.928284,4.007111,3.5081083177631296,-1.8959969749530117,0.03633694890375819,0.30965512930842604,-1.080862310576507,165.7041500333575,3.058,-2.162,2.8528
0.012,0.058105,0.023682,1.292725,0.854797,-0.958801,2.908478,3.5080900776349915,-1.8959415963357036,0.03635720089432127,0.3326855539604009,-1.1242664089512995,165.73614834879922,3.058,-2.162,2.8528
0.0122,0.050293,0.060303,1.341553,1.06842,-0.012756,3.061066,3.5080987794088556,-1.895848992789995,0.036381346690885705,0.37835058275249983,-1.1500155974569182,165.76902931814786,3.058,-2.162,2.8512
0.0114,0.030029,0.054688,1.308105,-0.671082,2.30658,1.382599,3.5081130543099017,-1.8957692158678883,0.03639926133361553,0.40116031772635796,-1.1383531172264922,165.78124471237663,3.059,-2.162,2.8464
0.0122,0.05127,0.064697,1.382568,0.580139,1.66571,-13.113251,3.50843954404664,-1.8957601003615783,0.036416278275684145,0.4453582317638581,-1.1417675029906698,165.6170114034484,3.059,-2.162,2.8431
0.0121,-0.056885,0.132568,1.131104,1.06842,-2.026917,-14.486542,3.5088067890508805,-1.8956492649439172,0.03642338096862646,0.54870517863247,-1.1250095871767214,165.43377178997773,3.059,-2.162,2.8431
0.0123,0.002197,0.058105,1.275146,0.274963,0.872253,-10.336151,3.5090662656638445,-1.8956502044877777,0.03642903042935179,0.5864119398295917,-1.1117364710558095,165.30378182413335,3.059,-2.162,2.8415
0.0113,0.063232,-0.022217,1.347412,-1.403503,-4.163147,-9.817352,3.5091889875217017,-1.895725356323736,0.0364342191982329,0.556898812581132,-1.189779646700454,165.1934562555713,3.059,-2.162,2.8399
0.0125,0.077393,0.022705,1.257568,-0.152283,2.215027,-14.730682,3.5092880695807094,-1.8957384684483016,0.036453733122507485,0.5695570542994877,-1.2040901569420677,165.0078850010852,3.059,-2.162,2.835
0.0122,0.132324,0.049561,1.396484,-0.365906,2.276062,-22.360077,3.5093779102137397,-1.895726345369444,0.03648708930644667,0.5942832499762577,-1.2412746719117043,164.73204189513416,3.059,-2.162,2.8318
0.0122,0.089111,0.079834,1.260742,0.244446,-2.515198,-25.991669,3.509439937254263,-1.8956658738620835,0.03652045264416251,0.64883141226117,-1.3180566580277036,164.4092848754884,3.059,-2.162,2.8269
0.0118,0.109863,0.115723,1.322021,0.427551,-0.897766,-27.36496,3.5094036078640634,-1.8955568834833294,0.0365645529901107,0.7232662883001237,-1.3824838368755412,164.07907721777406,3.059,-2.162,2.8205
0.0113,-0.009521,0.064941,1.32251,0.06134,-0.806213,-26.418915,3.5093616082074783,-1.8954530867176929,0.0365728010307307,0.7637593171459899,-1.3765198541103674,163.77615453678922,3.059,-2.162,2.8188
0.0122,0.008789,-0.00708,1.352295,-0.823669,-0.501038,-28.829803,3.509228378003369,-1.8954345804332018,0.03657258720069445,0.7528863367640274,-1.3769898430198046,163.42538299950388,3.059,-2.162,2.8107
0.0121,0.09082,-0.005859,1.371582,-0.976257,2.184509,-28.646698,3.5089350690293246,-1.8954193574743026,0.03659318429821021,0.7408655723036929,-1.3906379572898633,163.0808307779533,3.059,-2.162,2.8075
0.0124,-0.06543,-0.067139,1.256836,-1.678162,3.191589,-23.245087,3.5087602840159415,-1.8954330985071244,0.036565813374487124,0.681501407824292,-1.3027703568934443,162.7980634455528,3.059,-2.162,2.7994
0.0113,-0.066406,-0.056152,1.32373,0.458069,0.597595,-25.655975,3.5088797794466537,-1.895523994860178,0.03653483734403552,0.6564197164920447,-1.249503721299948,162.51220339356712,3.059,-2.162,2.7978
0.0125,-0.077637,-0.010254,1.206299,0.366516,0.689148,-21.230927,3.509106210583348,-1.895586449414368,0.036507532465984954,0.6563307257512924,-1.1853353263808823,162.24794687658996,3.059,-2.162,2.7978
0.0122,-0.014648,-0.028809,1.417969,-0.304871,2.245544,-16.195526,3.509177747776044,-1.895649075467268,0.03649503109659558,0.6367947098747552,-1.143778397053328,162.05271111782037,3.059,-2.162,2.7978
0.0113,-0.050781,-0.125977,1.218506,0.549622,-1.294495,-14.486542,3.509186959951361,-1.895819451386167,0.03645524741484614,0.564231480387442,-1.1223341175159331,161.8971921588979,3.059,-2.162,2.7962
0.0128,0.039551,-0.072998,1.360352,0.305481,0.353455,-11.251678,3.5091584022030644,-1.8959101020615716,0.03644741335240178,0.5267254787818324,-1.1352666246708254,161.7571260310752,3.059,-2.162,2.7946
0.0121,0.079346,-0.095703,1.255615,1.221008,-1.141907,-5.331268,3.5090143227190973,-1.8960033366895706,0.03644535612501292,0.48218433782016956,-1.193462543052145,161.69751277755893,3.058,-2.162,2.7865
0.0114,0.0354,-0.035889,1.317383,0.06134,0.170349,-6.551971,3.5087400168182454,-1.8959701781614022,0.036449245875918516,0.4613235294531444,-1.2076159127058907,161.62481308581962,3.058,-2.162,2.7848
0.0124,0.092773,0.026367,1.373291,0.122375,0.383972,-4.04953,3.5084248816467998,-1.8958291159487917,0.036476286740577187,0.47630554998325947,-1.2496034595817276,161.5717910275745,3.058,-2.162,2.7848
0.0122,0.014648,-0.049561,1.355957,0.793762,1.757263,-3.16452,3.508229263699367,-1.8958434790769663,0.03647206764288171,0.45645527307502937,-1.2316839805667907,161.53671177649565,3.058,-2.162,2.7832
0.0119,0.016602,-0.02124,1.319336,-0.121765,-0.47052,-1.974335,3.508093955980739,-1.8958361891182691,0.03647222794291398,0.44117780308258153,-1.2424505414447529,161.51463989956645,3.059,-2.162,2.7816
0.0121,-0.008057,0.002197,1.329346,-0.091248,-0.256897,0.467072,3.508048982984015,-1.8958238046704894,0.036470072581331475,0.4393368966166984,-1.2365683546985136,161.52064646121974,3.059,-2.162,2.7784
0.0116,-0.037354,-0.025146,1.307617,-0.610046,2.855896,-1.547089,3.508071376175747,-1.8958821000497017,0.03645579960666134,0.41617666863470326,-1.1776631071243542,161.50571651720597,3.059,-2.162,2.7767
0.0117,-0.064209,0.044922,1.294678,1.251526,-0.043274,0.314484,3.5081540238111457,-1.8958612160356618,0.03644835132182855,0.45549851713475814,-1.136983215957938,161.50832544509174,3.059,-2.162,2.7767
0.0121,0.005371,-0.042969,1.323486,0.671692,-0.897766,1.62674,3.5081579116337926,-1.8959251351967659,0.036439810347791445,0.4363301493916248,-1.1477392989164303,161.53059723547202,3.059,-2.162,2.7767
0.0121,0.006592,-0.033936,1.302002,0.549622,-0.440002,1.99295,3.5081897296202675,-1.8959861518728822,0.036432612996706124,0.4207342533799984,-1.1538411980154735,161.55679716612684,3.059,-2.162,2.7767
0.0124,0.01123,-0.027344,1.300049,0.641174,1.787781,2.389679,3.5082499189614147,-1.8960454537534577,0.03642703674345172,0.4103138731849299,-1.1354556939450469,161.58818240053478,3.059,-2.162,2.7767
0.0112,0.009766,-0.006592,1.336914,0.793762,-0.043274,4.403839,3.5083011396483843,-1.8960737197167896,0.03642503638351667,0.412794743170663,-1.1385614288444361,161.63793907026863,3.059,-2.162,2.7767
0.0124,0.013916,-0.001953,1.278564,0.671692,0.994324,4.739532,3.5083372812383486,-1.8960884587533906,0.03642516973588278,0.4172317549382416,-1.1321486614914924,161.69682375207344,3.059,-2.162,2.7751
0.012,0.032959,0.039795,1.313965,0.915833,-1.59967,0.314484,3.508386784520192,-1.8960491401118944,0.03643524770958198,0.44954008353868286,-1.1671974957205513,161.69770175937634,3.059,-2.162,2.7751
0.012,0.040771,0.053955,1.328613,0.793762,-0.226379,-2.096405,3.508432768980331,-1.8959939078097272,0.036448569751911186,0.4884602178368243,-1.1895072580543642,161.66892842197103,3.059,-2.162,2.7751
0.0116,0.007568,0.037842,1.323975,0.152893,0.872253,-1.455536,3.508465948656107,-1.8959635441083433,0.03645361387005794,0.5100047821627371,-1.1799493022627037,161.6501947693313,3.059,-2.162,2.7751
0.0122,0.017334,0.022461,1.305664,0.366516,0.353455,-0.997772,3.5084884633004876,-1.8959475844447984,0.03645803705905138,0.5252578453276182,-1.18215245665443,161.63682535541966,3.059,-2.162,2.7751
0.0121,0.035156,0.016357,1.320068,0.06134,-0.501038,-1.089325,3.508496187509827,-1.8959329358001873,0.03646452814214958,0.5329792258456203,-1.2046708057569986,161.62243969632144,3.059,-2.162,2.7751
0.0121,0.02124,-0.008057,1.303223,-0.274353,0.780701,-2.15744,3.508497372155482,-1.8959467535638939,0.03646492989469769,0.5227197744278317,-1.2037199486401782,161.596903074547,3.059,-2.162,2.7751
0.0118,0.035889,0.013672,1.318359,0.06134,0.933289,-3.103485,3.5085042395525656,-1.8959341083145902,0.03647100291629579,0.5293947439679563,-1.209363199803949,161.5593545776998,3.059,-2.162,2.7751
0.0121,0.028076,0.015869,1.316895,0.305481,0.322937,-2.401581,3.508508386418068,-1.8959197423950531,0.036476089554503204,0.5400792080866255,-1.217559167188527,161.52933245926036,3.059,-2.162,2.7735
0.0123,0.023193,0.010986,1.322998,0.335999,0.170349,-3.134003,3.5085116857865524,-1.8959123025988573,0.03647949474518338,0.5484180813978933,-1.2244445395474919,161.4902016480204,3.059,-2.162,2.7719
0.012,0.038574,0.029541,1.302002,0.854797,0.292419,-7.040253,3.5085109486895614,-1.8958807273071696,0.03648834352286951,0.574723837902764,-1.238765469001069,161.40380816659047,3.059,-2.162,2.7719
0.0117,0.044922,0.03833,1.328613,0.793762,0.231384,-8.718719,3.5085093803648926,-1.895841915258718,0.036498987711909466,0.6048176614391605,-1.2565095128487573,161.29939915230284,3.058,-2.162,2.7703
0.0126,0.031982,0.019287,1.317871,0.091858,0.719666,-7.864227,3.5084992671199493,-1.8958233930910457,0.036504924906934036,0.6157164574598083,-1.2605890111104707,161.19931128275064,3.058,-2.162,2.7687
0.0113,-0.016602,0.017334,1.3125,-0.1828,1.238464,-6.06369,3.5084777176708153,-1.8958036798898266,0.03650340348844256,0.6215724644904206,-1.2319225475188007,161.1305201697672,3.058,-2.161,2.767
0.0121,-0.032959,0.002686,1.321533,-0.213318,0.292419,-4.415741,3.5084590952552572,-1.8958024817309487,0.0364972116379221,0.6179553854225234,-1.2046093948016185,161.0777709147701,3.058,-2.161,2.767
0.0125,-0.033936,-0.016113,1.311035,-0.549011,-0.287415,-3.317108,3.5084095589366626,-1.8958115652442997,0.036488895947018235,0.5989365491129298,-1.1840931285096652,161.03798575827784,3.058,-2.161,2.7654
0.0121,-0.025391,-0.03418,1.303955,-0.121765,0.109314,-3.286591,3.5083465951782102,-1.8958354167827365,0.03647964474831105,0.5747677384913423,-1.163898071496151,161.00082168451,3.058,-2.161,2.7654
0.0115,-0.012207,-0.011963,1.31543,0.610657,-0.012756,-2.767792,3.5082899450313065,-1.895836783162215,0.03647560178287561,0.5721546210135462,-1.1531791964269025,160.97017752329612,3.058,-2.161,2.7654
0.0121,0.003418,-0.013672,1.339111,1.159973,0.231384,-2.645721,3.5082276294544985,-1.8958345243130346,0.03647380952390298,0.5756051957440385,-1.1485355071707077,160.9392101657805,3.058,-2.161,2.7654
0.0123,0.008545,-0.008789,1.310547,1.556702,0.139832,-3.408661,3.5081538051024626,-1.8958220421555647,0.036473764882157644,0.5870055091152618,-1.148121876300909,160.8979828303061,3.058,-2.161,2.7638
0.0114,0.015869,-0.001953,1.323486,1.282043,-0.165344,-3.683319,3.5080805462456697,-1.895801708106704,0.036475686696554155,0.5977833325023049,-1.1553606208982456,160.8561984360825,3.058,-2.162,2.7622
0.0123,0.026123,-0.000488,1.30249,0.183411,0.445007,-4.202118,3.5080181064525626,-1.8957811110430027,0.03647919155326771,0.5972966340855507,-1.1614333598977993,160.8045314670705,3.058,-2.161,2.7606
0.0121,0.00415,0.044434,1.334229,0.213928,1.024841,-9.023895,3.507969229118478,-1.8957305128623108,0.03648505611406059,0.6239379681932093,-1.1468616481149554,160.69360544358494,3.058,-2.162,2.7589
0.012,-0.009033,0.111572,1.297363,0.030823,0.048279,-10.763397,3.5079676123197294,-1.89564092213241,0.036497127823602586,0.688465680764816,-1.1364844361285444,160.55944274246926,3.059,-2.162,2.7557
0.0123,0.019043,0.072754,1.30249,-0.457458,0.322937,-13.509979,3.507955915907847,-1.8955835126935505,0.03650799245194032,0.7243243458437116,-1.1386428342224688,160.39005301676187,3.059,-2.162,2.7541
0.0115,0.020508,0.098633,1.330566,-0.549011,-1.019836,-16.805878,3.5080470202971274,-1.8955482800185939,0.03651958251682855,0.7734129918795527,-1.1562665767173361,160.19232564383162,3.059,-2.162,2.7508
0.0121,0.054932,0.006592,1.262451,-0.335388,0.139832,-17.019501,3.508129378144273,-1.8955833833689368,0.036524649340168656,0.7722882169259768,-1.1819729915418766,159.98640669723378,3.059,-2.162,2.7476
0.0127,0.110352,0.006836,1.335693,-0.793152,0.353455,-17.78244,3.5082648371332983,-1.8956449044340107,0.0365348229817078,0.7654798988773854,-1.233478537331635,159.76060117349638,3.059,-2.162,2.7444
0.0112,0.080078,0.014648,1.330566,-0.213318,2.092957,-19.247284,3.508376336436477,-1.8956898277746257,0.03654220369099912,0.770780520585588,-1.2489139006278924,159.54495579172428,3.059,-2.162,2.7395
0.0122,-0.006836,0.010986,1.323486,0.274963,2.031921,-17.477264,3.5084877216019112,-1.895728223073563,0.036538073425440555,0.7796779518459164,-1.2131940922153692,159.3319522711844,3.059,-2.162,2.7363
0.012,-0.009033,0.003906,1.300049,-0.1828,-0.440002,-17.66037,3.508614056333752,-1.8957786662943676,0.03653260578630977,0.7788981965557936,-1.206387472762781,159.12023241317218,3.059,-2.162,2.7347
0.0122,0.010986,-0.015137,1.312256,-0.213318,-1.59967,-16.042938,3.508691343935782,-1.8958304651706264,0.03652830823364934,0.7662464584982953,-1.2255765949060782,158.92557451767522,3.059,-2.162,2.733
0.012,0.0271,-0.036377,1.336426,-0.121765,0.597595,-14.63913,3.5087281371580823,-1.8958875506678836,0.03652420372790753,0.7424297823497178,-1.2273886841957329,158.75244612684196,3.059,-2.162,2.7298
0.0113,-0.000488,-0.040039,1.310059,-0.365906,1.635193,-12.380829,3.508733565738244,-1.8959357941819577,0.036517217246584396,0.7129685436656471,-1.2029469291055925,158.6155359066887,3.059,-2.162,2.7266
0.0123,0.005615,-0.024658,1.322754,0.152893,-1.050354,-12.228241,3.5086713064344943,-1.895943046790208,0.03651443490144195,0.6990293747736621,-1.213199222830651,158.46678639894537,3.058,-2.162,2.7233
0.012,0.094727,0.008789,1.279785,0.519104,-1.050354,-9.939423,3.508573020081431,-1.895906226618874,0.03652710028726063,0.7084802874864281,-1.2766779967725603,158.3466789294453,3.058,-2.162,2.7233
0.0119,0.013672,-0.013184,1.282227,-0.030212,0.628113,-9.237518,3.508473502747152,-1.8958896178855675,0.03652762200150333,0.6981147923839047,-1.2716636837073156,158.23807771923717,3.058,-2.162,2.7233
0.0129,-0.008545,-0.017334,1.305664,0.366516,0.719666,-8.779755,3.508383312391458,-1.8958792223079448,0.03652490144851891,0.6905888024023399,-1.2515809298647707,158.12654554941875,3.058,-2.162,2.7233
0.0112,-0.013916,-0.012695,1.32373,0.152893,-0.501038,-7.498016,3.5083329387651503,-1.895879351980352,0.036521245898796934,0.6823010426491721,-1.2436796672450177,158.04385516800852,3.058,-2.162,2.7233
0.0123,-0.010498,-0.009521,1.306641,0.06134,0.139832,-6.277313,3.5082936556531807,-1.8958809980732583,0.0365181519935246,0.6747786009400173,-1.23069767267504,157.9677941025528,3.058,-2.162,2.7233
0.0116,-0.020264,-0.000977,1.302734,0.427551,-0.134827,-4.751434,3.5082602218923773,-1.8958766759672017,0.0365148973146586,0.6760216602428961,-1.2156609477505103,157.9133925465941,3.058,-2.162,2.7233
0.0123,-0.01709,-0.003906,1.323242,0.274963,1.268982,-2.706757,3.5082387565508264,-1.8958811102008404,0.03651143987183074,0.6734799992369669,-1.185914297416264,157.88114910219028,3.058,-2.162,2.7233
0.0121,-0.034424,-0.03125,1.303467,0.152893,0.261902,-1.699677,3.5082194939263296,-1.8959144352832136,0.036502880909019673,0.6531583486813116,-1.1587653348483125,157.86311197823622,3.058,-2.162,2.7233
0.0121,0.002197,-0.026367,1.311035,0.244446,-0.59259,-1.669159,3.5081906603034123,-1.8959331968991529,0.03649927052737432,0.6370621940759527,-1.163532232124457,157.8445456323406,3.058,-2.162,2.7233
0.0116,0.001953,-0.020264,1.306885,0.488586,-0.195862,0.253448,3.508169192667596,-1.8959493990618257,0.036496233277918844,0.6268879511842117,-1.1635545622734655,157.84885783499402,3.058,-2.162,2.7233
0.0122,0.007812,-0.019043,1.347656,0.702209,0.41449,2.145538,3.508152536404885,-1.895964407274572,0.0364939056499412,0.6201851211997855,-1.1595983441927564,157.87630210815377,3.058,-2.162,2.7233
0.0123,0.026855,-0.011719,1.306885,0.976868,0.902771,2.420197,3.5081366212132994,-1.8959671948059165,0.03649452585539091,0.6209247229099227,-1.161263444466651,157.9066963779945,3.058,-2.162,2.7233
0.0113,0.019775,-0.01709,1.321289,0.793762,0.017761,2.420197,3.5081210250710995,-1.8959769419565213,0.036493745268796195,0.6156414798763047,-1.1693083457249027,157.93494793694325,3.058,-2.162,2.7233
0.0121,0.01416,-0.015137,1.311523,0.549622,-0.317932,2.63382,3.5081052437943616,-1.8959866738719218,0.03649260992525916,0.6091013397515489,-1.1782056324397985,157.96768536701722,3.058,-2.162,2.7233
0.0123,0.021973,0.014404,1.311523,0.793762,0.078796,3.488312,3.5080996689383936,-1.8959725936631988,0.036495246983155816,0.6226796523080705,-1.186910516978176,158.00989507264035,3.058,-2.162,2.7233
0.0115,0.013184,0.016357,1.311279,0.702209,0.475525,4.312286,3.508089879328377,-1.8959583646529146,0.03649722061895157,0.635439051346469,-1.1860409373712164,158.0589348792038,3.058,-2.162,2.7233
0.0122,0.01001,0.004395,1.300293,0.305481,0.567078,3.88504,3.5080836839207024,-1.895956433827401,0.0364975439148329,0.6368903137396282,-1.1820067261995773,158.1064484792543,3.058,-2.162,2.7233
0.0123,0.028076,-0.000244,1.312988,0.549622,0.139832,2.694855,3.508075881150084,-1.895952149489665,0.03649921953868066,0.638873385887859,-1.1933608908410658,158.13954797402275,3.058,-2.162,2.7233
0.0126,0.025879,0.005371,1.305908,0.702209,0.445007,2.847443,3.508068678269791,-1.895944292235124,0.036501223950366375,0.6461352789483434,-1.1996472541088097,158.1751887692664,3.058,-2.162,2.7233
0.0111,0.013672,0.00415,1.315918,0.335999,0.53656,3.122101,3.508062864009045,-1.895941945452488,0.03650179223204443,0.6475248523143807,-1.198240059651248,158.20991889875262,3.058,-2.162,2.7233
0.0123,0.013428,0.01123,1.310059,0.885315,0.200867,3.122101,3.508056969657575,-1.895934234039576,0.036503029020239684,0.6600588600333566,-1.200275870434049,158.2480151358318,3.058,-2.162,2.7233
0.0121,0.023193,0.013428,1.322021,0.976868,0.109314,2.75589,3.5080504769994674,-1.8959223732548571,0.03650535682860216,0.6746727138184505,-1.2088644933278094,158.28078529591434,3.058,-2.162,2.7233
0.0124,0.019043,-0.003418,1.308594,0.610657,0.109314,2.053986,3.5080496641984524,-1.8959262475536909,0.03650554797685747,0.6753598039341631,-1.2150569613328137,158.306585873951,3.058,-2.162,2.7233
0.0112,0.014893,0.00708,1.310791,0.488586,0.383972,1.931915,3.508043923535049,-1.8959218275541465,0.036506429483277945,0.6801602240297312,-1.2157685868092618,158.32814552034645,3.058,-2.162,2.7233
0.0122,0.006592,0.010498,1.316162,0.488586,0.261902,2.63382,3.508038200366383,-1.8959176143645788,0.03650680410448652,0.6871287846724153,-1.2128095181288945,158.36018332113238,3.058,-2.162,2.7233
0.012,0.0,0.015625,1.315186,0.274963,0.078796,2.603302,3.5080327543612353,-1.8959120518005743,0.03650701132890682,0.6943953545646983,-1.208283243494181,158.39117531959621,3.058,-2.162,2.7233
0.0118,0.012695,0.005859,1.3125,0.183411,0.048279,1.809845,3.5080325238528163,-1.8959114707441769,0.03650740782679088,0.6950136367266607,-1.211459903412586,158.4125266274683,3.058,-2.162,2.7233
0.0122,0.006104,0.002197,1.31543,0.610657,0.628113,1.535187,3.508032916275604,-1.8959153756919631,0.03650684421705238,0.6987683492632666,-1.2036950043466035,158.43163001610944,3.058,-2.162,2.7233
0.0124,0.00708,0.001465,1.318115,0.366516,0.383972,1.413116,3.5080333731442184,-1.895919380076695,0.03650631305415493,0.6992021086205551,-1.1994089590954824,158.44950582214713,3.058,-2.162,2.7233
0.0122,0.006348,0.006348,1.305664,0.94635,0.109314,1.443634,3.508033530021877,-1.8959203963666227,0.03650616668427504,0.7094512348255462,-1.198254837769246,158.46721160685965,3.058,-2.162,2.7233
0.0116,0.005615,0.010254,1.320312,0.732727,0.139832,1.809845,3.508033303327262,-1.8959194889358097,0.03650625377775294,0.718698926341578,-1.1963098957780869,158.48815432250734,3.058,-2.162,2.7233
0.0124,0.013428,0.000977,1.308105,0.610657,0.139832,1.352081,3.5080342537960845,-1.895921457384201,0.03650625810987189,0.7216815670127738,-1.1988988128876517,158.5051449710908,3.058,-2.162,2.7233
0.0115,0.025391,0.00293,1.320801,0.763245,0.231384,0.8638,3.5080296342387833,-1.8959163408330515,0.03650756739967541,0.7270695178198495,-1.2072062601838198,158.51502318464276,3.058,-2.162,2.7233
0.0124,0.018311,0.014404,1.299072,0.519104,0.261902,1.016388,3.5080227047542376,-1.8959065054966668,0.0365092818971502,0.7368470859384144,-1.211116779199673,158.527174092252,3.058,-2.162,2.7233
0.0114,0.009766,0.007568,1.317139,0.06134,0.109314,1.260529,3.508022811186268,-1.8959061275833506,0.03650945884489437,0.7366879424554371,-1.2117681189750493,158.54155410132861,3.058,-2.162,2.7233
0.0124,0.018555,0.014648,1.306885,0.397034,0.292419,0.589142,3.5080215778980453,-1.8958987646611787,0.036511006478630044,0.7450513299619473,-1.2152143302688245,158.54842115327466,3.058,-2.162,2.7233
0.0124,0.020508,0.008057,1.328613,0.519104,0.109314,-0.26535,3.5080157522792867,-1.89589289710855,0.036512204296528315,0.7510740444197515,-1.2215439604332865,158.54496237708096,3.058,-2.162,2.7217
0.0116,0.015625,-0.000732,1.311279,0.244446,0.261902,-0.570526,3.508006718738131,-1.8958914025194993,0.036512420836827285,0.7485170254142695,-1.2235215536074984,158.53866804170264,3.058,-2.162,2.7217
0.0125,0.013184,0.009521,1.313477,0.519104,0.41449,-0.540009,3.5079890559705262,-1.8958821797934895,0.03651340602364764,0.7555634105010957,-1.2219102317051498,158.53184576864643,3.058,-2.162,2.7217
0.0113,0.006348,0.010498,1.320557,0.641174,0.353455,0.222931,3.507972955560477,-1.8958753667948949,0.036513830178061486,0.7636097590802156,-1.217567934840353,158.53436307077394,3.058,-2.162,2.7217
0.0123,0.011963,0.00293,1.315674,0.244446,0.231384,-0.051727,3.5079171732851333,-1.8958545920128662,0.03651507733223401,0.7630831220689844,-1.2176706638212926,158.53395084239708,3.058,-2.162,2.7217
0.0121,0.018799,0.003662,1.316895,0.397034,0.109314,-0.326385,3.5078622099020618,-1.8958316445052323,0.03651692033404776,0.7648320099882882,-1.2231854334509267,158.53005840974313,3.058,-2.162,2.7201
0.0122,0.01001,0.002197,1.322021,0.366516,-0.012756,-0.14328,3.507438214321638,-1.8956670667446232,0.03652639944418423,0.7653194964966668,-1.2249829461120672,158.52856774279047,3.058,-2.162,2.7201
0.0113,0.006592,0.003174,1.307617,0.488586,-0.684143,-3.500214,3.5074396982390037,-1.8956703324038935,0.036525908599954325,0.7682638573123437,-1.2319171258634758,158.4891749996696,3.058,-2.162,2.7201
0.0121,0.037109,0.021484,1.375488,0.458069,0.231384,-1.760712,3.5074363173682497,-1.8956560689823354,0.0365290917438153,0.7807418920789481,-1.244895994834802,158.4669486383136,3.058,-2.162,2.7201
0.0125,-0.02832,0.016357,1.29541,0.732727,1.207947,-1.547089,3.507434334436306,-1.8956630769800629,0.03652665731494042,0.7945090130336461,-1.2088224505713179,158.44807678383646,3.058,-2.162,2.7201
0.0121,0.016113,0.006348,1.282715,0.274963,-0.012756,-3.561249,3.507435488624077,-1.8956613730129428,0.036527272341606194,0.7970146948931325,-1.2142735103492683,158.40493956204594,3.058,-2.161,2.7185
0.0118,0.033203,0.013184,1.314941,0.122375,-2.332092,-5.514374,3.5074330200498913,-1.8956528879869419,0.03652965093249384,0.801928911119863,-1.2558977897736125,158.33893556903865,3.058,-2.161,2.7185
0.0122,0.04248,0.036865,1.308594,0.458069,0.445007,-7.467499,3.5073715247150856,-1.895610431873173,0.03653571434785054,0.8253272100853033,-1.269640922082994,158.24619565825077,3.058,-2.161,2.7169
0.0111,0.037598,0.057617,1.319092,0.305481,1.513123,-8.108368,3.507292750243854,-1.8955552118314165,0.036543031805314895,0.8580381325250369,-1.2688445560808943,158.15392504495082,3.058,-2.161,2.7152
0.012,0.027832,0.047607,1.30835,0.366516,-0.043274,-10.85495,3.5072217879448666,-1.8955110044637506,0.036548666267622494,0.8867973744614369,-1.279119975200855,158.02175150494315,3.058,-2.161,2.7136
0.012,0.070557,0.043701,1.327637,-0.06073,-0.317932,-13.265839,3.5071142896366894,-1.8954517004107474,0.036558072317426256,0.9081257801336262,-1.3161034450982254,157.86051798046265,3.057,-2.161,2.712
0.013,-0.008545,0.017578,1.313721,-0.396423,1.54364,-12.960663,3.507011089179698,-1.8954083621870477,0.03655967814707602,0.9103251480448404,-1.283602193307911,157.6921378252425,3.057,-2.161,2.7104
0.011,-0.051514,0.001953,1.313232,-0.335388,0.719666,-11.221161,3.5068961939275574,-1.8953694675717858,0.03655712114030189,0.9038028858567616,-1.2392359382552751,157.56964356867246,3.057,-2.161,2.7088
0.8383,-0.041748,-0.00708,1.321045,-0.335388,-0.806213,-10.244598,3.4968923573272392,-1.891185435232383,0.036784687071477674,0.5041378565523159,-0.6315751021718085,148.9924540328835,3.057,-2.161,2.7071
0.0015,-0.024414,-0.009766,1.314453,-0.121765,-1.508118,-11.312714,3.4968637531950475,-1.891175980544567,0.03678242085027886,0.2992584091754843,-0.33048076877871563,148.976392530141,3.057,-2.161,2.7039
0.0017,0.053223,0.019775,1.296875,0.000305,-0.043274,-13.174286,3.496908842990572,-1.8911358262318732,0.036787501883115414,0.5232454978066018,-1.056980743604321,148.94922755380148,3.057,-2.161,2.7007
0.0005,0.013428,0.013184,1.361084,-0.121765,1.116394,-24.58786,3.496926418880941,-1.8911463902603973,0.036787803726407046,0.5989514544688493,-1.1370115728939583,148.93524752226233,3.058,-2.161,2.6909
0.0004,-0.026367,0.009521,1.200684,1.312561,-2.210022,-24.557343,3.496952197243986,-1.8911478685059417,0.0367860623953794,0.6391319621596506,-0.8690489497259328,148.924243505613,3.058,-2.161,2.6877
0.0005,0.006104,0.17041,1.314209,0.030823,-0.073792,-28.463593,3.496963076264431,-1.8911983151674772,0.03678960977843904,1.7887552964381424,-0.9068568946957979,148.898178069956,3.058,-2.162,2.6812
0.0004,-0.003662,0.047852,1.306885,-0.426941,-5.078674,-27.303925,3.496942446871068,-1.8912135416379094,0.03678980426417366,1.9201104695792037,-0.877096490022214,148.88442598258098,3.058,-2.162,2.6764
0.0003,0.043457,0.018066,1.338623,-1.434021,1.116394,-27.639618,3.4969562582824727,-1.8912745743168569,0.036790833563471605,1.8517380852265923,-1.1123413414384398,148.88975830388742,3.059,-2.162,2.6715
0.0006,0.016113,0.068359,1.350342,-1.678162,-0.440002,-34.41452,3.4969257386284434,-1.8913200829411752,0.03679147090084209,2.0461609500504085,-1.164561568898021,148.867051321408,3.059,-2.162,2.665
0.0004,-0.008545,-0.013672,1.216064,-1.525574,-1.233459,-29.62326,3.497002485190785,-1.891277778429224,0.03679000270052797,1.8273122201965617,-1.098800007022073,148.85688045276788,3.059,-2.162,2.6586
0.0007,0.041504,-0.002686,1.399658,-1.342468,-3.003479,-33.498993,3.497032782460658,-1.89131549449195,0.036789935661327454,1.6929787240909981,-1.24478495532272,148.84371864469617,3.059,-2.162,2.6472
0.0003,0.177246,0.140137,1.282227,-0.854187,-0.409485,-33.254852,3.4968814138089908,-1.891510574234022,0.036794830975019455,2.1565127133822695,-1.9296662158106095,148.84160893902532,3.06,-2.162,2.6424
0.0004,0.001221,-0.107178,1.527344,-0.640564,5.510925,-31.179657,3.497054632286441,-1.8915478491314233,0.03679254240083369,1.6810360177809474,-1.8502273466945132,148.87037937421937,3.06,-2.162,2.6391
0.0006,-0.026855,-0.044189,1.291504,0.702209,5.053162,-36.245575,3.4971545664060932,-1.8915576732403483,0.03679031917255129,1.4343898894228277,-1.6874383799116828,148.8655321303307,3.06,-2.163,2.631
0.0111,-0.007568,-0.015381,1.198486,-0.762634,1.54364,-44.515839,3.497726511505087,-1.891901432832937,0.036771490572913006,1.3157618030037075,-1.586109000293304,148.38021370965419,3.08,-2.181,2.2069
0.0118,0.001709,0.044434,1.321289,1.373596,-0.165344,-42.410126,3.4983213811936213,-1.892243596065797,0.036753264924086516,1.423531701104005,-1.5396617312150722,147.87418866498695,3.08,-2.181,2.202
0.0118,0.016846,-0.033203,1.340576,-1.525574,-2.637268,-35.970917,3.4984229943052063,-1.89233333703652,0.03674950883032038,1.2583302679173993,-1.5698215417837464,147.45934338938696,3.08,-2.181,2.2053
0.0127,0.01709,0.065186,1.300049,-2.624207,-6.818176,-28.49411,3.4983940355131766,-1.8922803263556398,0.03675083684306638,1.372438830428194,-1.6563937736887884,147.0860834259327,3.08,-2.181,2.2069
0.0122,0.118896,-0.183838,1.318115,0.183411,2.794861,-16.317596,3.4985275593697622,-1.8925697687823257,0.03673586262246851,0.8430024946466647,-1.8934931980916585,146.92874000254554,3.08,-2.181,2.202
0.0122,-0.026611,-0.171387,1.344238,-0.365906,3.588318,-9.542694,3.498586008223149,-1.8929014169263558,0.036732590555004656,0.3876410341776943,-1.7341218714814919,146.86778563128112,3.08,-2.182,2.1988
0.0113,-0.009277,-0.154785,1.284912,-2.715759,-3.033997,-6.643524,3.4986480003302574,-1.8933168942319165,0.0367253336779878,-0.032465322050661556,-1.7040844110898534,146.83675540528685,3.08,-2.182,2.1972
0.0124,0.07373,-0.182129,1.242432,1.95343,0.170349,3.915558,3.4985922749836655,-1.8936924951525014,0.03670914608853816,-0.44637985596467583,-1.8489343665407512,146.9003958078065,3.08,-2.182,2.1972
0.0114,0.104248,-0.118408,1.422852,3.174133,-0.684143,9.68338,3.498526002336783,-1.8938514565876547,0.03669438471579198,-0.6343816222479273,-2.0295330781304917,146.99768351212762,3.08,-2.182,2.1972
0.0121,0.01123,-0.084229,1.324707,0.641174,3.191589,10.293732,3.4985107600999843,-1.8941124239049978,0.03668990292814786,-0.779399584636723,-1.9677435369918423,147.14820711385232,3.08,-2.182,2.2004
0.0117,0.027344,-0.052734,1.331299,1.770325,4.625916,8.6763,3.498401442693924,-1.8941526943907245,0.036690309249267646,-0.833691966149531,-1.9279153976315802,147.2544837022698,3.08,-2.182,2.2004
0.0122,0.039307,0.049316,1.330078,2.594299,-1.294495,9.378204,3.49852403116899,-1.8939464095975005,0.03668926713816833,-0.6671078658525947,-1.9810334547517536,147.3388792355823,3.08,-2.182,2.202
0.0122,-0.000244,0.067383,1.253906,-0.243835,-0.928284,11.392365,3.498590281032482,-1.8937285893221036,0.036695993048244446,-0.5014397369917458,-1.9509360439249421,147.46366141577855,3.08,-2.182,2.2036
0.012,0.003906,0.014893,1.320801,-0.579529,-0.958801,16.122589,3.498509825354449,-1.893615845354099,0.03670291667543522,-0.45983173785079745,-1.929285887288596,147.65726553548538,3.08,-2.182,2.2069
0.012,0.010254,0.015381,1.326904,0.458069,2.55072,18.350372,3.498312067692757,-1.8934283077258844,0.03671336825332818,-0.4092261087412329,-1.880124614085559,147.87449977326315,3.08,-2.181,2.2117
0.012,0.020508,-0.040039,1.404297,-1.250916,5.236267,19.082794,3.498150249652443,-1.8933890937001043,0.03671807599021232,-0.47743873123447467,-1.8166610645842063,148.1084111479292,3.08,-2.181,2.2134
0.0126,-0.041016,-0.056641,1.23999,-0.213318,0.017761,18.625031,3.4979236316572617,-1.893455570411902,0.03672738594597903,-0.5689476381662278,-1.7084489554258622,148.3763877464215,3.08,-2.181,2.2182
0.0111,-0.021729,-0.018066,1.312256,1.556702,-0.287415,20.578156,3.4985439743422653,-1.8939119629239514,0.036708253774050716,-0.5642953378579729,-1.6452138269690797,148.62076813189827,3.08,-2.181,2.2198
0.0129,-0.0354,-0.0271,1.312988,1.95343,-1.782776,18.075714,3.4984661568091417,-1.893979345030549,0.03671371903270252,-0.5669102887707649,-1.5818973414696598,148.87600773385682,3.08,-2.181,2.2198
0.0118,0.026611,-0.007568,1.290527,1.83136,0.139832,15.817413,3.498431676129347,-1.8939196323226755,0.036714278947911766,-0.53920561073077,-1.6012235079739154,149.05646760632473,3.08,-2.181,2.2215
0.0113,0.048828,0.049561,1.401123,2.868958,2.337097,11.026154,3.4985204427567984,-1.8938150210627096,0.0367120378411451,-0.41550424364780436,-1.6237570508412338,149.1626436774319,3.08,-2.182,2.2231
0.012,0.003418,0.060791,1.294922,1.434631,0.139832,11.087189,3.49861792223708,-1.8937804078146807,0.036712144110133495,-0.28852391888274737,-1.605159588575693,149.29078428145903,3.08,-2.182,2.2231
0.0123,0.006592,0.093262,1.323486,0.06134,-0.836731,10.751495,3.4987333172092443,-1.8937321766845936,0.03671200066692819,-0.13752045683626682,-1.603545056766171,149.4146806444237,3.08,-2.181,2.2247
0.0117,0.000244,0.087402,1.293945,0.213928,-2.179504,10.476837,3.4988154817227235,-1.8937036746642295,0.036712475479323804,0.0025650173222793366,-1.6086001648781962,149.5314569483668,3.08,-2.181,2.2247
0.0121,0.012939,0.072754,1.309082,-0.762634,1.574158,9.195099,3.4988828279325657,-1.8936886592364177,0.036711793175941955,0.10232858396573287,-1.5888678824658722,149.63638419018073,3.08,-2.181,2.2279
0.0126,0.007324,0.027832,1.332031,-1.403503,1.116394,7.455597,3.4988824517184205,-1.8936752689888972,0.03671262567046777,0.12529870578986652,-1.5661184160836474,149.72883841081767,3.08,-2.181,2.2328
0.0117,0.0354,-0.001465,1.2771,0.183411,-2.545715,7.394562,3.4986245570839105,-1.8935118555694435,0.036719689509894606,0.1265685212558276,-1.6281335798010383,149.81242225654125,3.079,-2.18,2.236
0.0121,0.144043,-0.01123,1.318115,0.641174,-0.165344,3.579865,3.4982893882629003,-1.8932610285105709,0.03672556038447567,0.12120957342223551,-1.8034777202335743,149.8414539295427,3.079,-2.18,2.236
0.0117,0.072021,0.039795,1.309814,1.007385,1.787781,1.260529,3.4980902279815145,-1.8930984209874286,0.03673121674854006,0.1885236584229277,-1.8557880215146614,149.84377169086878,3.079,-2.181,2.2376
0.0126,0.006836,0.009033,1.328613,1.373596,2.245544,-0.204315,3.4979367694347934,-1.8930040198275175,0.03673745481696042,0.2188283780837022,-1.8128613445499466,149.8407455668914,3.079,-2.181,2.2376
0.0119,0.022217,0.023926,1.341797,2.136536,0.170349,-0.784149,3.497844759143845,-1.8929362781008185,0.03674084781960284,0.2748412557431746,-1.8158396910517625,149.82743000841867,3.079,-2.181,2.2376
0.0118,0.021484,0.040039,1.253418,1.495667,-0.867249,-0.692596,3.497776090526951,-1.8928761521638158,0.03674333922130436,0.3451020831144952,-1.832892305689322,149.81247833283882,3.079,-2.181,2.2376
0.0121,0.001953,0.025635,1.340332,-0.457458,-0.806213,-0.14328,3.4977322593903373,-1.8928399293846774,0.03674547788205516,0.3688725424197743,-1.8223101326895286,149.8080734352453,3.079,-2.181,2.2376
0.012,-0.022217,0.033691,1.322998,-0.426941,1.604675,1.291046,3.4976913276515638,-1.892804603197505,0.036747991061175815,0.4016799098316776,-1.7551532441430069,149.82116685793414,3.079,-2.181,2.2376
0.0122,-0.008301,0.026123,1.321289,-0.762634,1.513123,2.481232,3.4976594274039665,-1.8927818246567303,0.03674960460539742,0.4197145757200368,-1.707605221913911,149.84962698290613,3.079,-2.181,2.2376
0.0114,-0.002197,0.000977,1.311035,-1.098328,-1.080872,2.023468,3.497632088256646,-1.8927663850312835,0.03675088325425819,0.4046414587439073,-1.698872421351247,149.8732257655791,3.079,-2.181,2.2376
0.0122,0.006592,-0.008789,1.304443,0.244446,-0.989319,0.924835,3.4976136347092224,-1.8927571981406113,0.03675168169362486,0.3940843851853738,-1.7006362391822152,149.88575128587146,3.079,-2.181,2.2376
0.0124,0.005371,-0.007324,1.319336,0.732727,0.841736,-0.02121,3.4975996852839226,-1.8927508543544347,0.03675232646813868,0.39196711616956403,-1.6787262423286478,149.88674598385134,3.079,-2.181,2.2376
0.012,0.004883,-0.020264,1.343262,1.098938,0.933289,-0.448456,3.4975880906352903,-1.892746891260228,0.03675289219052186,0.3800585979748829,-1.6557073472147632,149.88368678303266,3.079,-2.181,2.2376
0.012,0.012207,0.010742,1.296387,1.861877,-0.409485,-2.248993,3.4975761403903145,-1.8927403061465866,0.03675330447709061,0.4125213388811314,-1.6579507686957626,149.85608044991508,3.079,-2.181,2.2376
0.012,0.043213,0.0354,1.316895,1.434631,-0.623108,-2.462616,3.497557143295767,-1.892727046632605,0.03675345583283998,0.46578498775751564,-1.6958760913180733,149.82297571808314,3.079,-2.181,2.2376
0.0112,0.011963,0.022949,1.307373,0.580139,0.780701,-2.676239,3.4975467615453533,-1.8927227818507117,0.03675374478769049,0.49393942107387645,-1.6834481503023608,149.79150017490159,3.079,-2.181,2.2376
0.0123,0.013184,0.038818,1.312744,0.000305,0.292419,-1.180878,3.4975305497680744,-1.892717426668233,0.03675410212134304,0.5311785910640813,-1.6776434201529777,149.774198571932,3.079,-2.181,2.2376
0.0126,0.03418,0.01001,1.303711,-0.701599,-0.317932,1.382599,3.497522262503942,-1.8927138131204795,0.03675410334205055,0.5275761695705132,-1.7020683700653496,149.79108392322962,3.079,-2.181,2.2376
0.0114,0.027832,-0.006104,1.325195,-0.640564,0.750183,1.260529,3.497520037655916,-1.892711906691958,0.03675410179175559,0.5087916944990309,-1.7061006208944454,149.8064326669781,3.079,-2.181,2.2376
0.0121,0.006104,0.002686,1.318604,-0.121765,1.54364,0.283966,3.497520736735432,-1.8927124021445727,0.03675419078126114,0.5054580948675476,-1.6779865967485117,149.81023908304536,3.079,-2.181,2.2376
0.0117,0.013916,-0.005859,1.318359,0.519104,0.078796,-0.387421,3.4975238295470263,-1.8927133863949954,0.03675416206277261,0.5012647972703305,-1.6757181786642006,149.80657925126513,3.079,-2.181,2.2376
0.0125,0.009766,-0.010986,1.314209,0.976868,-0.653625,-0.356903,3.4975287927746797,-1.8927148186661422,0.036754154233245885,0.49817713439631633,-1.6783925864643918,149.80335481223034,3.079,-2.181,2.2376
0.0115,0.013672,-0.001953,1.314697,1.404114,-0.775696,0.192413,3.4975309773674588,-1.892715266354539,0.03675414425155882,0.507901720241892,-1.6857127856086456,149.80601717330535,3.079,-2.18,2.2393
0.0122,0.031738,-0.028809,1.320312,1.404114,0.933289,0.98587,3.497548207756066,-1.892717863126342,0.036753665497476794,0.4921925611696162,-1.6904335551116405,149.8204076169389,3.079,-2.18,2.2393
0.0122,0.019043,0.002686,1.314209,0.854797,1.146912,1.87088,3.4975488095776446,-1.892717393048464,0.03675362039649121,0.5004082202908299,-1.6804185639812192,149.8433829384805,3.079,-2.18,2.2393
0.0121,0.011963,0.0,1.307861,0.366516,-0.531555,3.946075,3.497545047118103,-1.8927150454104833,0.03675381200846157,0.4993550653876939,-1.6842085442424495,149.89152491269132,3.079,-2.18,2.2393
0.0124,0.02002,0.010742,1.308105,-0.06073,-0.623108,6.204376,3.497537432911678,-1.8927109293170468,0.03675397505917734,0.5025888936611742,-1.6971056811977083,149.9677692974985,3.079,-2.18,2.2409
0.0113,0.001465,0.003662,1.305664,-0.396423,0.322937,8.188019,3.497532943859358,-1.8927097670769204,0.03675426558010949,0.4949494651061684,-1.6813392194606627,150.06075370743645,3.079,-2.18,2.2409
0.0121,0.016846,-0.030762,1.337402,-0.121765,1.42157,7.303009,3.4975907897306984,-1.8927383576481973,0.03675252711501097,0.45914003902730016,-1.666187435721329,150.15176446086318,3.079,-2.18,2.2441
0.0126,0.010742,-0.003906,1.316895,0.519104,0.53656,5.441437,3.497669092612294,-1.8927835610533985,0.03674998248142317,0.4568196238204039,-1.6562046483129198,150.22110194181073,3.079,-2.18,2.2457
0.0111,0.015381,0.0,1.31543,0.702209,-0.378967,4.739532,3.497737560311619,-1.892822201337494,0.03674771757966614,0.45983984836680597,-1.6613036307979085,150.27392809343817,3.079,-2.18,2.2457
0.0122,0.006836,0.00708,1.304932,1.587219,-0.501038,4.251251,3.497810298056364,-1.8928660730289797,0.0367453608986113,0.4806703331686661,-1.6606956294146726,150.32584588618204,3.079,-2.18,2.2457
0.0122,0.012451,0.024414,1.33374,1.648254,0.963806,3.579865,3.4978768154309208,-1.8929093027244606,0.03674299807345734,0.5170598907804653,-1.647016826993422,150.36846809527077,3.079,-2.18,2.2457
0.0121,0.015137,0.017822,1.314453,0.580139,0.53656,2.603302,3.49794504288792,-1.892951656842749,0.03674060378425002,0.5347580420411518,-1.6413837185083158,150.3992039550201,3.079,-2.18,2.2457
0.0117,0.015381,0.030273,1.309814,0.427551,-0.34845,1.657257,3.497984945549426,-1.8929819515424424,0.03673901101426771,0.5613957167204143,-1.6464354724119612,150.4169865227509,3.079,-2.18,2.2474
0.0121,0.015869,0.049561,1.30249,0.091858,-0.287415,1.962433,3.497969915135204,-1.8929881874730732,0.03673898591383534,0.6004456540773333,-1.6514257652757849,150.43799118488,3.079,-2.18,2.2474
0.0122,-0.005371,0.040039,1.318115,-0.549011,0.353455,2.63382,3.4979363448333176,-1.8929837506946834,0.0367399516793151,0.6219815611331772,-1.6302924149891973,150.46827379759634,3.079,-2.18,2.2474
0.0121,-0.004639,0.026611,1.310791,-0.426941,0.872253,1.199493,3.497939903097024,-1.8929963912451597,0.03673980362766701,0.6337300179982218,-1.6039651525977887,150.48177367972227,3.079,-2.18,2.249
0.0117,0.015625,0.021729,1.311768,0.580139,-0.226379,-0.692596,3.497942249630571,-1.8930047541380317,0.0367395094750969,0.6534109928068601,-1.6080508580835218,150.47297426356968,3.079,-2.181,2.2538
0.0121,0.029297,0.003174,1.373535,-0.243835,1.330017,3.152618,3.497962339115073,-1.8930124531494326,0.03673877211837583,0.6459673945356286,-1.6039249798680923,150.5116838794331,3.08,-2.181,2.2555
0.0115,-0.08374,-0.037354,1.27417,0.122375,-0.165344,2.145538,3.498018478427557,-1.893033635386914,0.03673872072395298,0.6091863152301554,-1.5235118233862972,150.53730328353427,3.08,-2.181,2.2555
0.0122,0.056396,0.026611,1.375244,0.763245,-0.897766,0.589142,3.498065404794956,-1.893060267911848,0.03673665938306502,0.6338238009534719,-1.5679719376917636,150.54393522166114,3.08,-2.181,2.2555
0.0126,0.012207,0.002197,1.317871,1.312561,-0.378967,-0.295868,3.4999377809266288,-1.8941152051483405,0.03667790874681494,0.6465632774429003,-1.5717865974794452,150.54029228896573,3.08,-2.181,2.2571
0.0113,0.013428,0.038574,1.280762,0.549622,1.726746,-0.967255,3.499865712986286,-1.8940927969755417,0.03667968810373412,0.6796214494445358,-1.553172946326233,150.52862523763054,3.079,-2.18,2.2506
0.0122,0.017334,0.015381,1.272461,0.549622,-0.562073,0.406036,3.499325386769949,-1.8937918394813134,0.03669622978563542,0.6930176738240595,-1.564407258937845,150.53331569631925,3.079,-2.18,2.2506
0.012,0.026123,-0.033203,1.431885,-0.121765,-0.775696,2.847443,3.499219206851407,-1.893707372616554,0.03669985387755525,0.6597722227938507,-1.5817303114725465,150.56868050080263,3.079,-2.181,2.2538
0.0123,0.00415,-0.00293,1.301025,0.458069,3.222107,5.349884,3.499613777591373,-1.8939265321478402,0.0366877507308988,0.6555633509006046,-1.5361949175411143,150.6352715533043,3.08,-2.181,2.2587
0.0122,-0.150146,-0.062988,1.291504,-0.701599,-0.501038,4.159698,3.499954769526661,-1.8941231964227108,0.03668421799181533,0.5901315257577617,-1.4135343497054786,150.68811615752054,3.08,-2.181,2.2587
0.0113,0.042969,0.012939,1.38208,0.183411,-1.172424,3.183136,3.500021617113775,-1.8941501328882,0.03668124825586188,0.5961731755878326,-1.4502724589388647,150.72342491554173,3.08,-2.181,2.2571
0.0121,0.029785,0.024658,1.328369,1.617737,-0.684143,1.168976,3.500081147022564,-1.8941878762235302,0.03667867054367643,0.6294524222445006,-1.472798570176095,150.7372748104143,3.08,-2.181,2.2555
0.0123,0.001953,0.002197,1.29126,1.129456,0.994324,0.436554,3.5000379600356046,-1.894164224937724,0.036680310393445166,0.639716202502466,-1.4536495685148296,150.74289304050225,3.08,-2.181,2.2555
0.0122,0.029785,0.011963,1.353271,0.793762,0.139832,0.467072,3.499998364428437,-1.894137950324575,0.03668082678900014,0.6527732869180082,-1.4654197402348914,150.74837629225075,3.08,-2.181,2.2555
0.0122,0.048828,-0.006592,1.284668,1.06842,0.445007,0.589142,3.4999709974123334,-1.8940965193244264,0.03668056337861489,0.6550196054238073,-1.489987983263151,150.7550958390549,3.08,-2.181,2.2555
0.012,0.042236,0.007812,1.317383,0.488586,-0.317932,0.314484,3.499931436393279,-1.8940637390776094,0.036680764252569456,0.6612864286124039,-1.5168872173816537,150.75832731497988,3.08,-2.181,2.2555
0.0121,0.022705,0.022217,1.302002,0.000305,1.330017,0.039825,3.501213204839819,-1.8947868315532443,0.03664109523915391,0.6728950349220665,-1.5091958114434956,150.7585384333896,3.08,-2.181,2.2555
0.0111,-0.005615,0.035156,1.313721,2.441711,-1.35553,-2.03537,3.5010996021869234,-1.8947476731035604,0.036644995807248656,0.721180152399731,-1.5104065859029903,150.7354124796092,3.079,-2.18,2.2522
0.0122,0.214111,0.142578,1.474609,0.915833,1.2995,-3.011932,3.5009175309343936,-1.894677924841003,0.03664072679234989,0.81951083831826,-1.6233806812961507,150.69627865864578,3.079,-2.181,2.2538
0.0125,0.025391,0.036377,1.325684,-0.243835,0.872253,-1.9133,3.5009368554459432,-1.8947060928455677,0.036639001163917724,0.8365784958798972,-1.6203697610533092,150.6712666465808,3.08,-2.181,2.2571
0.0122,0.008545,-0.015381,1.310547,0.335999,0.261902,-2.584686,3.501169403824857,-1.8948187643822596,0.036632306094776086,0.8224347150118295,-1.6126990772124974,150.64115817300652,3.08,-2.181,2.2571
0.0114,-0.021973,-0.021973,1.351318,0.580139,-1.416565,-0.753632,3.501390079894073,-1.8949204566378535,0.03662783573160422,0.8059439987780965,-1.6021569411914802,150.63323847947606,3.08,-2.181,2.2555
0.0121,-0.002441,-0.061279,1.290527,0.82428,0.750183,2.298126,3.501369604729301,-1.894858627847468,0.036630818617136476,0.7621842871630659,-1.5819097382473366,150.66442533821066,3.079,-2.181,2.2538
0.0122,0.003418,-0.021729,1.333252,0.763245,0.261902,3.610382,3.501320718267484,-1.8948125374031375,0.036633451116180896,0.7479310329848639,-1.571855824058588,150.7099090696815,3.08,-2.181,2.2555
0.0122,0.015869,-0.003662,1.319824,0.305481,0.292419,5.960236,3.5013828593240426,-1.8948386795107777,0.03663159536105522,0.7406529298757049,-1.5710965095050216,150.78318720511575,3.079,-2.181,2.2571
0.0117,0.041748,-0.033691,1.351074,0.427551,-0.378967,6.448517,3.5014613707346918,-1.8948494421672741,0.03662854637441649,0.7135795884299257,-1.595955628009058,150.8600288363837,3.079,-2.181,2.2571
0.0122,0.028564,-0.00293,1.295166,0.244446,-0.226379,7.150421,3.5015236807540844,-1.8948741148391957,0.03662596927066427,0.7062159306475929,-1.6109450711667608,150.94745875674752,3.079,-2.181,2.2571
0.0121,0.03125,-0.02002,1.32666,-0.1828,-0.59259,9.835968,3.5015951431092964,-1.8948956219577855,0.036623264932392006,0.6807733905992073,-1.6315777487479,151.06749125647485,3.079,-2.18,2.2587
0.0114,0.037598,-0.024902,1.308838,0.610657,-0.775696,12.643585,3.501655794792992,-1.894908502034868,0.03662059190691523,0.6604273620282735,-1.6587714926872248,151.21271872227337,3.079,-2.18,2.2619
0.0123,0.05835,-0.05957,1.324463,0.519104,0.53656,14.871368,3.501696145703406,-1.894891516486546,0.0366180623289042,0.6145427408787346,-1.684820700144195,151.3982742415833,3.079,-2.18,2.2635
0.0117,0.041504,-0.017334,1.33252,0.580139,1.146912,13.192902,3.5016430582282876,-1.8948470382492908,0.036618881985665874,0.6001852480612803,-1.691218847648846,151.55316790270416,3.079,-2.18,2.2652
0.0122,0.003418,-0.011475,1.296143,0.397034,0.475525,13.162384,3.501538649527469,-1.8947889424027133,0.03662318652996142,0.5878654089968453,-1.6789040460625986,151.7159336478032,3.079,-2.18,2.2684
0.0123,0.020996,0.004639,1.317139,1.159973,-1.050354,14.35257,3.5013662803473657,-1.894694105751439,0.03662868953119558,0.5959810505434834,-1.6975064396185346,151.8921639632663,3.078,-2.179,2.27
0.0113,-0.001465,0.011963,1.293457,1.129456,-0.684143,15.054474,3.5011786404399436,-1.894600538663725,0.036635645445514765,0.6079737838449083,-1.6951933961959331,152.062848416876,3.078,-2.179,2.2749
0.0122,0.014404,0.008301,1.324951,0.976868,0.261902,14.749298,3.500972839912562,-1.8944925139377684,0.03664256096801324,0.6158883457067618,-1.6930392340148122,152.24283693971776,3.078,-2.179,2.2765
0.0123,0.022461,-0.005371,1.300781,0.244446,0.017761,12.490997,3.500713098918376,-1.8943490406626664,0.03665114933520539,0.6062482068819962,-1.6996167756105631,152.39689218984898,3.078,-2.179,2.2765
0.0123,0.025391,0.036865,1.328125,0.183411,-0.897766,12.246857,3.5004674153958537,-1.8942298394959305,0.036658626546106826,0.6249840660736367,-1.7186033345975895,152.54482608553377,3.078,-2.179,2.2765
0.0114,-0.006348,0.02124,1.291748,-0.243835,-0.104309,13.162384,3.500277325035222,-1.8941414166936656,0.03666550028701674,0.6282653551323267,-1.7061795168000904,152.69500852190868,3.078,-2.179,2.2765
0.0126,-0.019531,0.034668,1.371338,0.763245,-0.195862,10.934601,3.5000998713242373,-1.8940683345897478,0.03667200292496996,0.6518992449960639,-1.6860809647785566,152.83283529354358,3.078,-2.179,2.2765
0.0112,0.009033,0.012451,1.299072,1.06842,-0.165344,6.78421,3.499986702002086,-1.894014359687046,0.036675804777267784,0.6653956558153088,-1.684682313498762,152.9087828063247,3.078,-2.179,2.2765
0.0123,0.006592,0.032715,1.308594,0.427551,0.41449,3.122101,3.4998656915866473,-1.8939683646053798,0.036679552157292,0.6869691827764569,-1.674229908586384,152.9462888278183,3.078,-2.179,2.2765
0.0123,-0.028564,0.049805,1.322021,0.94635,0.597595,-0.723114,3.4997469649123354,-1.893941824537149,0.03668357697335728,0.7271708333665133,-1.6372643854315736,152.93696769424304,3.078,-2.179,2.2765
0.0117,-0.025146,0.079102,1.333252,0.305481,-0.684143,-1.882782,3.4996204693888506,-1.8939324346363413,0.036687059604877136,0.7783314586976211,-1.6182368471188726,152.91325280272798,3.078,-2.179,2.2765
0.0119,0.015137,0.04126,1.295166,0.366516,-0.287415,-1.608124,3.4995254429452003,-1.8939101756104608,0.03668937042244014,0.8052317678137388,-1.622348914817796,152.893205581458,3.078,-2.179,2.2765
0.0123,0.023926,0.022217,1.320068,0.305481,0.53656,-2.493134,3.499455832501091,-1.8938839281646143,0.036691163419958074,0.8181309616214724,-1.6218549482700517,152.86230349331626,3.078,-2.179,2.2765
0.0121,0.023926,0.007568,1.330322,-0.243835,0.963806,-3.408661,3.4994050845767535,-1.8938547888871426,0.036692695713844384,0.8146672172922222,-1.6160059737973522,152.82130182541212,3.078,-2.179,2.2765
0.0124,0.02832,-0.008057,1.312012,0.06134,0.322937,-3.011932,3.5001159493504144,-1.894203578581756,0.03667020095596402,0.804445876403674,-1.6211468929718367,152.78455606556673,3.078,-2.179,2.2781
0.0113,0.029541,0.011719,1.322266,1.190491,-1.172424,-4.629364,3.4999548215446805,-1.8941207809197014,0.036674964440359344,0.8204921403121455,-1.6435943429664999,152.73195470512061,3.078,-2.179,2.2765
0.0122,0.113281,0.05249,1.334961,0.488586,0.933289,-2.950897,3.4998475247935175,-1.8940882496322247,0.036675579570765886,0.8548495839128497,-1.6956045587048048,152.69442827744766,3.078,-2.179,2.2765
0.0125,-0.020996,-0.027588,1.326904,0.763245,2.062439,-2.004852,3.4998007516671854,-1.8940367194200838,0.03667877763115874,0.8397777608562901,-1.6456320442689116,152.67165253482997,3.078,-2.179,2.2765
0.0111,0.002686,-0.021973,1.307617,0.671692,0.353455,-2.584686,3.499758048016537,-1.8939911254164523,0.036681113458920174,0.8265354516880099,-1.63356893585461,152.64460650307015,3.078,-2.179,2.2765
0.0122,0.02832,-0.006348,1.346191,0.458069,-1.996399,-1.180878,3.4997018787716767,-1.8939483549357767,0.03668306643635754,0.8216613899238487,-1.665973826629174,152.63049529868755,3.078,-2.179,2.2781
0.0124,-0.003418,-0.015381,1.266602,0.488586,0.41449,0.589142,3.5010097787362406,-1.8946084179088976,0.03664141854243757,0.8104534260698996,-1.6492256347584076,152.6393400354106,3.078,-2.179,2.2781
0.012,0.016113,0.012207,1.308838,2.685852,-1.569153,-4.904022,3.4999375647231497,-1.894054938740445,0.03667610764514042,0.8456179179871514,-1.6680487820262286,152.58009846606643,3.078,-2.179,2.2749
0.0122,0.259766,0.130371,1.409668,-0.030212,0.506042,-0.509491,3.5002528034555263,-1.8942752113555767,0.03665783648166209,0.91540132143509,-1.8045370756711097,152.56557791811403,3.078,-2.179,2.2797
0.0113,0.046875,0.009277,1.209717,0.427551,2.245544,1.016388,3.5004915814952424,-1.8944024660195387,0.036648290344919454,0.9190251245276232,-1.8023072103658437,152.5779063161077,3.078,-2.179,2.2814
0.0124,0.025391,0.006592,1.331299,-0.457458,1.2995,1.138458,3.5007431463502905,-1.8945306123699297,0.0366392547830073,0.909518632927594,-1.7914947459398443,152.5928688574215,3.078,-2.179,2.2797
0.0121,-0.040283,-0.044189,1.375,-0.335388,-3.095032,2.75589,3.5008050238212145,-1.8945190986333889,0.0366406481096472,0.8693726346778703,-1.7924841969879581,152.63059442763068,3.078,-2.179,2.2797
0.0114,-0.028076,-0.038574,1.231445,0.519104,1.696228,3.335724,3.500886752826974,-1.8945279244057682,0.03664066106351984,0.8405340066895892,-1.7440964580200538,152.6736576626949,3.078,-2.179,2.2797
0.0122,0.012207,0.007812,1.29126,0.82428,1.330017,3.946075,3.5009266160557293,-1.8945473015119239,0.0366394596603044,0.8475298326816555,-1.7264106688051735,152.72230156036164,3.078,-2.179,2.2797
0.0124,0.030273,0.010498,1.352295,0.305481,-0.989319,3.671417,3.5009653292069514,-1.8945661741288677,0.036637745737685544,0.8496605959172795,-1.747581111185374,152.7674683550861,3.078,-2.179,2.2797
0.0121,0.039795,0.004639,1.331299,0.82428,-0.928284,1.657257,3.5010067965428844,-1.8945831490990586,0.036635719287094144,0.8550622004424584,-1.773590342375886,152.78744525251895,3.078,-2.179,2.2797
0.0113,0.040039,0.027588,1.285645,0.580139,0.689148,0.833282,3.5010314004851075,-1.8946058695043553,0.0366335946695776,0.8726064966908128,-1.7816621191377005,152.79511713718568,3.078,-2.179,2.2797
0.0121,0.025635,0.022461,1.364502,0.335999,0.200867,1.107941,3.501065281515646,-1.8946296935026257,0.03663189329254055,0.8829678403573488,-1.784026189164836,152.80757359694886,3.078,-2.179,2.2797
0.0127,0.017334,0.027588,1.311279,0.458069,0.109314,0.802765,3.5010627348299104,-1.8946385712709264,0.03663153760892192,0.8990045949555727,-1.7830290215879143,152.81638094034804,3.078,-2.179,2.2797
0.0122,0.036865,0.039062,1.28833,0.458069,-0.104309,-0.234833,3.5010477614565514,-1.894649864764518,0.036630592066339895,0.9228429147540982,-1.7975371254098482,152.81092895813094,3.078,-2.179,2.2797
0.0112,0.026123,0.018799,1.310547,0.06134,0.078796,-0.997772,3.501050816085733,-1.8946566717614728,0.03662998325834598,0.9283574170245972,-1.8021791850057698,152.79913351826352,3.078,-2.179,2.2797
0.0122,0.019043,0.007812,1.343994,0.458069,0.475525,-1.455536,3.501065516213007,-1.8946614091862555,0.03662955410662894,0.9316422232530666,-1.7967488936404241,152.78186467380277,3.078,-2.179,2.2797
0.0124,0.015625,0.017334,1.300293,0.366516,0.506042,-1.516571,3.5010718094019087,-1.8946681290011669,0.036629218688795595,0.9402692894543658,-1.7894002166905405,152.7626695296192,3.078,-2.179,2.2797
0.0122,0.017334,0.00708,1.327148,0.274963,0.231384,-0.967255,3.501087240766389,-1.8946726433499668,0.03662882428280272,0.9406711031006386,-1.7863458128740886,152.75136699195542,3.078,-2.179,2.2797
0.011,0.008545,-0.004883,1.313721,0.732727,0.048279,-0.967255,3.5011175279585394,-1.8946763971834457,0.03662851831371551,0.93820051110152,-1.7802681830293379,152.7422169407004,3.078,-2.179,2.2797
0.0124,0.019287,-0.006836,1.307129,0.793762,0.689148,-0.997772,3.5011508980881807,-1.8946805905431432,0.03662780395338623,0.9363423082845939,-1.773210132461512,152.73155718488883,3.078,-2.179,2.2797
0.0122,0.019287,-0.01416,1.31665,0.488586,0.628113,0.192413,3.5011901239840384,-1.8946830964365544,0.03662708596834017,0.9256329081726862,-1.7671899435217873,152.73618774998567,3.078,-2.179,2.2797
0.0124,0.005859,-0.004883,1.313232,0.366516,-0.256897,0.894318,3.501221148988177,-1.894688755878411,0.03662679531185192,0.9192304857568808,-1.7636838330658464,152.7487853921172,3.078,-2.179,2.2797
0.0112,0.008057,0.009766,1.301514,0.244446,-0.165344,1.504669,3.5012377139187514,-1.8946966994902148,0.03662652707900914,0.9202647235873529,-1.760509461932,152.7659192865561,3.078,-2.179,2.2797
0.012,-0.000244,0.006592,1.30957,0.335999,0.231384,2.053986,3.5012632923719336,-1.8947079631337405,0.03662627959630682,0.9202760321471605,-1.7476159789680774,152.79133543548105,3.078,-2.179,2.2797
0.0124,-0.000977,-0.001953,1.327881,0.274963,0.292419,1.260529,3.5012963597429634,-1.8947177849585615,0.036626008849828695,0.9145520955036979,-1.7333179603634088,152.8083781037404,3.078,-2.179,2.2797
0.0116,0.015137,0.008789,1.296143,0.274963,0.170349,0.772247,3.5013192180206603,-1.8947277585305473,0.03662531574007194,0.9157537267092659,-1.7311457656081504,152.81756956152765,3.078,-2.179,2.2814
0.012,0.01123,0.009766,1.326904,0.732727,0.048279,1.168976,3.5013421471766333,-1.8947387955959838,0.03662473763152847,0.9227403061712377,-1.727604485613133,152.8318788011478,3.078,-2.179,2.2814
0.0118,0.012695,0.010498,1.320068,0.06134,-1.386047,2.511749,3.5013642255558097,-1.8947496046598067,0.036624134490645846,0.9217122400108186,-1.7420929052455703,152.8614412251927,3.078,-2.179,2.2846
0.0127,0.080566,-0.080322,1.283936,0.152893,-0.59259,4.129181,3.5014012860900063,-1.8946976534370292,0.03662330913136714,0.8639570055437428,-1.791576709903014,152.91824257348222,3.078,-2.178,2.2878
0.0114,0.060059,-0.072998,1.284668,-0.396423,0.689148,7.211456,3.5013295920208716,-1.8946097208219286,0.03662651583497667,0.8041521508691897,-1.81266068731723,153.00542238206782,3.077,-2.178,2.2911
0.0122,0.070801,-0.039062,1.362793,1.007385,0.872253,4.983673,3.50115944004901,-1.8944911097284176,0.036632299751298704,0.7849915725208617,-1.834056920413573,153.06758457064294,3.077,-2.178,2.2911
0.0127,0.01123,0.018555,1.309082,0.763245,1.207947,4.190216,3.5009726014212457,-1.89440118601986,0.03663896509074358,0.7986620411031324,-1.8155094486845083,153.12057267487174,3.077,-2.178,2.2911
0.0119,0.012451,0.011963,1.328613,0.580139,0.231384,4.068146,3.5008227465109103,-1.8943274941318893,0.03664435866114546,0.8053266773598592,-1.8100775394868351,153.16920623125856,3.077,-2.178,2.2911
0.0112,0.009521,0.043945,1.319092,1.556702,-1.019836,2.511749,3.500689600078731,-1.8942768629153912,0.0366484802039863,0.842723450743686,-1.8167612528114856,153.1945755263959,3.077,-2.178,2.2927
0.012,0.016846,0.046143,1.337158,0.793762,1.055359,0.253448,3.500556883710038,-1.8942272349468592,0.036652381749958565,0.8735567462735583,-1.8034422371446854,153.19474086857585,3.077,-2.178,2.2927
0.0123,0.004639,0.017578,1.297607,0.305481,1.696228,-1.333466,3.5004577650464186,-1.8941839933803557,0.03665588241665549,0.8820429350464859,-1.7748500503033173,153.17866650166619,3.077,-2.178,2.2927
0.0121,-0.000488,0.037354,1.347168,0.519104,0.017761,-1.241913,3.500329232613658,-1.894137738522712,0.03665994631012987,0.9042582911086853,-1.7634816265922357,153.16238181418288,3.077,-2.178,2.2943
0.0122,-0.004639,0.037354,1.29834,0.122375,-0.836731,-0.662079,3.5002148879396753,-1.894100367016445,0.03666348238043871,0.9222191558938789,-1.7603985603233896,153.15295812258955,3.077,-2.178,2.2943
0.0121,-0.02002,0.012207,1.310303,-0.06073,0.506042,-0.204315,3.500131052351916,-1.8940666515715956,0.03666671370409498,0.9218390657170819,-1.7317651353958694,153.15191827834406,3.077,-2.178,2.2959
0.0121,-0.014648,-0.004883,1.327393,-0.121765,-0.409485,-0.234833,3.500060859715969,-1.894027731886449,0.03666975520788018,0.9102157437478142,-1.717735609496016,153.15123341244768,3.077,-2.178,2.2975
0.0122,0.028809,-0.060059,1.303223,0.091858,-0.806213,2.328644,3.500042468749458,-1.893966672698841,0.036672000803351756,0.8663071792044958,-1.7361183511125757,153.1831780872147,3.077,-2.178,2.3008
0.0119,0.034424,-0.046631,1.310791,1.190491,2.184509,5.53299,3.500030466721115,-1.8939170695662408,0.036673663677854185,0.8431295285747408,-1.7226803651727272,153.2518978629601,3.077,-2.178,2.3024
0.0112,-0.157471,-0.115479,1.461426,0.519104,0.170349,6.173859,3.5017809183365673,-1.8947994856728234,0.03662115495594678,0.7775025765722382,-1.625763976732683,153.33898087968194,3.078,-2.178,2.304
0.0125,0.068359,0.029541,1.270752,-0.1828,-0.256897,3.457794,3.501329803161839,-1.8945491913148884,0.03663418476237435,0.7871296817831861,-1.6642330664344935,153.37627274019653,3.077,-2.178,2.2992
0.0114,0.050537,0.02417,1.340576,1.556702,-1.263977,1.99295,3.5008068411771744,-1.8942773318366664,0.036650495606005556,0.8126924851715631,-1.699708880419116,153.3952914643164,3.077,-2.178,2.2992
0.012,0.020752,0.047119,1.344727,0.793762,0.628113,-0.082245,3.5002998377110686,-1.8940431009881111,0.036666545786169596,0.844111147232882,-1.6949021450101005,153.39227763009308,3.077,-2.178,2.2992
0.0123,0.029541,0.036621,1.310059,0.213928,0.628113,-0.601044,3.500233841291333,-1.8940198419739835,0.03666808641307278,0.8629545112118967,-1.695796140590212,153.38264673487407,3.077,-2.178,2.3008
0.0123,0.05542,0.029541,1.280518,0.702209,0.628113,-1.180878,3.500100264280584,-1.8939462718429876,0.0366719217112131,0.8838850715721381,-1.7133117849766932,153.36441578955305,3.077,-2.178,2.3024
0.0115,0.055908,0.025635,1.340088,-0.274353,-0.47052,-2.432098,3.500064105694481,-1.8939216013477356,0.03667264074363968,0.8900469514913887,-1.7417309665520282,153.33312799501383,3.077,-2.178,2.3024
0.0124,0.026611,0.020752,1.29834,-0.396423,1.116394,-2.310028,3.5000306218788406,-1.8939062744920714,0.03667350993503829,0.8920079350486825,-1.734170468550705,153.3033688406887,3.077,-2.178,2.3024
0.0124,0.000488,-0.001709,1.314453,0.335999,0.628113,-1.516571,3.5000104637173552,-1.8938944274053455,0.03667454594289879,0.8888006197307952,-1.716668621419327,153.2864519461053,3.077,-2.178,2.3024
0.012,-0.012451,0.0,1.331543,0.213928,0.200867,-0.692596,3.499987502729129,-1.8938877388407451,0.036675638869113306,0.8847394514434267,-1.6969728605513925,153.28055897196148,3.077,-2.178,2.3024
0.0118,-0.023193,-0.033203,1.297852,0.580139,0.078796,0.161896,3.499987257753991,-1.8938768922667208,0.036676702888754575,0.8643585119933573,-1.6726073578015965,153.28744426517235,3.077,-2.178,2.3024
0.0119,-0.02832,-0.026123,1.328857,0.732727,-0.073792,0.680695,3.499983520917156,-1.8938734980018048,0.03667762886470879,0.8505480180935718,-1.6474485976294544,153.3003634408305,3.077,-2.178,2.3024
0.0125,0.006836,-0.022217,1.294189,0.519104,-0.256897,1.382599,3.499982869229336,-1.8938555958204781,0.03667832458746464,0.8364879850595291,-1.646405352945787,153.31951541861724,3.077,-2.178,2.3024
0.0111,0.022217,-0.001465,1.324219,0.732727,0.322937,2.542267,3.4999781420799305,-1.8938409698649001,0.03667872477486656,0.8366285067307986,-1.6477220702241846,153.34764013008086,3.077,-2.178,2.3024
0.0122,0.019531,0.016846,1.310059,0.488586,0.65863,2.298126,3.499958633244855,-1.893832150704669,0.03667923085908912,0.8457335323351937,-1.6432183394910684,153.37510549874466,3.077,-2.178,2.3024
0.0121,0.025391,0.023438,1.315918,0.488586,0.078796,0.924835,3.4999361931133968,-1.8938226699557252,0.036679710162124554,0.859081334294407,-1.6489546448809782,153.3849033814685,3.077,-2.178,2.3024
0.0124,0.043945,0.021729,1.30249,0.305481,-0.501038,-0.723114,3.4999185229308054,-1.8938043035882521,0.036680089037726474,0.8698913244635819,-1.6729417221019325,153.3730365369651,3.077,-2.178,2.3024
0.012,0.0354,0.02417,1.325439,0.397034,-0.47052,-0.662079,3.499902305451364,-1.8937943736880014,0.03668035108265011,0.882700221419985,-1.6903932772488213,153.36289646903487,3.077,-2.178,2.3024
0.0112,0.02124,0.006592,1.304443,0.244446,0.628113,-0.082245,3.4999017586839525,-1.893788156240156,0.0366804720481866,0.8827731469110299,-1.6871195290368077,153.36186874241,3.077,-2.178,2.3024
0.0146,0.027344,0.001709,1.323975,0.610657,0.475525,0.009308,3.4999047124829423,-1.8937774527929747,0.036680602641973634,0.8858883874575423,-1.6873405199980698,153.36176918828238,3.077,-2.178,2.3024
0.0102,0.033936,-0.00293,1.314453,0.488586,0.353455,-0.662079,3.4999143135185333,-1.893763776614038,0.03668062417154754,0.8825438777183244,-1.694876864561009,153.3544847073449,3.077,-2.178,2.3024
0.012,0.027832,-0.007324,1.314941,0.580139,0.475525,-1.02829,3.4999249809945425,-1.8937512800112832,0.036680701092565736,0.8787180425315323,-1.6964876219954437,153.34237369563098,3.077,-2.178,2.3024
0.0121,0.010986,0.006348,1.312012,0.610657,0.53656,-0.662079,3.499922144509057,-1.8937493173833255,0.0366808949318419,0.8834561542071643,-1.6872743221068232,153.3350880721391,3.077,-2.178,2.3024
0.0118,0.003174,0.00415,1.314453,0.732727,0.41449,0.161896,3.4999194270733622,-1.893750251082111,0.036681119481680416,0.8877672171046289,-1.675178939152554,153.33843952598076,3.077,-2.178,2.3024
0.0115,0.006836,0.004395,1.309326,0.274963,0.53656,-0.14328,3.499917295211115,-1.8937496221531573,0.0366813174151327,0.8868849978351536,-1.664151156569966,153.337906790381,3.077,-2.178,2.3024
0.0121,0.019043,0.010254,1.318848,0.335999,0.048279,-0.356903,3.499919062030628,-1.8937474626182194,0.036681294719961205,0.8904486717082266,-1.6659210780060747,153.33332791163627,3.077,-2.178,2.3024
0.0123,0.008545,0.002686,1.307129,0.091858,0.017761,0.345001,3.499923675584535,-1.8937481154335964,0.036681311970001594,0.8863429967269773,-1.6620267483053237,153.3385312481517,3.077,-2.178,2.3024
0.0124,0.000977,-0.004639,1.316895,0.274963,-0.165344,1.230011,3.4999205662079405,-1.893744797286392,0.03668171347380249,0.879805701712067,-1.6559588246646888,153.35570182659322,3.077,-2.178,2.3024
0.0112,0.004883,0.011719,1.322266,0.580139,-0.165344,1.657257,3.499907764092911,-1.8937446652086642,0.03668208646261934,0.8860437204894942,-1.6520995821419424,153.37504956045893,3.077,-2.178,2.3024
0.0122,0.008057,0.002441,1.323975,0.335999,0.109314,0.589142,3.499906923406802,-1.8937425875444855,0.036682278854491185,0.8846487477984694,-1.6468344729472848,153.3832204379878,3.077,-2.178,2.3024
0.012,0.016357,0.001709,1.303955,0.397034,-0.256897,0.100861,3.4999088006638144,-1.8937361601399827,0.036682425537827815,0.8837291897263572,-1.6511140051008193,153.38463621911887,3.077,-2.178,2.3024
0.0124,0.032227,0.006104,1.313232,0.488586,0.322937,0.345001,3.4999114354380185,-1.8937232918923093,0.036682514498584555,0.8866133163920714,-1.6577326887460535,153.38771441541493,3.077,-2.178,2.3024
0.0116,0.023438,0.00293,1.314209,0.366516,0.475525,0.955353,3.4999143766784275,-1.893714107733453,0.0366826292910209,0.8855865575486309,-1.6576173855325325,153.3985395070251,3.077,-2.178,2.3024
0.0124,0.027832,0.009766,1.314697,0.702209,0.689148,0.619659,3.499913460297914,-1.8937043577605142,0.0366827479043009,0.8931506630659609,-1.65706185957625,153.40530663806896,3.077,-2.178,2.3024
0.0121,0.028076,0.014648,1.307129,0.488586,0.597595,-0.02121,3.499914766626753,-1.893698482736783,0.0366826932288697,0.9010724313430252,-1.6579771401390915,153.40383125769816,3.077,-2.178,2.3024
0.0115,0.028076,0.017334,1.311523,0.213928,0.261902,-1.241913,3.4999141162356455,-1.8936934917389643,0.036682643974582964,0.9074585729134413,-1.6627379027565072,153.38815918780594,3.077,-2.178,2.3024
0.012,0.020996,0.017334,1.313965,0.213928,0.322937,-1.241913,3.499911622005654,-1.8936920005989517,0.0366826258000778,0.9138743702516859,-1.662317140759009,153.37249035034625,3.077,-2.178,2.3024
0.0125,0.016602,0.013672,1.316895,0.366516,0.445007,-0.723114,3.49991072791599,-1.893691647395245,0.03668262099020385,0.9198411453154559,-1.6576676966204702,153.363290589081,3.077,-2.178,2.3024
0.0116,0.006104,-0.00293,1.317139,0.366516,-0.043274,-0.692596,3.4999243953228403,-1.8936944482774523,0.03668246943626902,0.915530759187212,-1.6528547050258142,153.35675548259695,3.077,-2.178,2.3024
0.0125,0.007812,-0.004395,1.313232,0.427551,0.200867,-0.295868,3.499934249068005,-1.8936934007168837,0.03668247569490478,0.9113497229555593,-1.6462358924293539,153.35451370134714,3.077,-2.178,2.3024
0.0117,0.005371,-0.00293,1.312744,0.580139,0.200867,0.619659,3.4999422446993482,-1.8936939223418567,0.03668249403253394,0.9092108063632612,-1.6385739683058043,153.36332090107834,3.077,-2.178,2.3024
0.0118,-0.003174,-0.00708,1.327637,0.274963,0.200867,1.199493,3.499950368507615,-1.8936977718592805,0.03668254329414626,0.9009470400736772,-1.625924749233169,153.37994914235634,3.077,-2.178,2.3024
0.0122,0.005615,-0.000488,1.305908,0.732727,0.048279,1.352081,3.4999563806197718,-1.8936987025215424,0.036682562227286684,0.9022653638925529,-1.6205768855518523,153.39775014140636,3.077,-2.178,2.3024
0.0123,0.012939,0.013672,1.306152,0.580139,0.475525,1.046906,3.4999545029528787,-1.8936998722188179,0.036682569351521775,0.9103497972700925,-1.6143938581215742,153.41070993390778,3.077,-2.178,2.3024
0.0111,0.01709,0.010742,1.313965,0.213928,-0.012756,0.406036,3.49996605195755,-1.893702898507412,0.03668224185732307,0.9120707314888407,-1.6164383120310115,153.41497898491178,3.077,-2.178,2.3024
0.0124,0.034912,0.01001,1.304932,0.458069,0.261902,0.436554,3.4999851782172176,-1.8936964906327522,0.03668179495284953,0.9166471109963935,-1.6258911560906526,153.41863770405078,3.077,-2.178,2.3024
0.0124,0.034912,0.012451,1.31665,0.610657,0.353455,0.497589,3.4999968249131994,-1.893688449923281,0.0366815273138194,0.9243897374101318,-1.6338696006852156,153.42304280717812,3.077,-2.178,2.3024
0.0119,0.027588,0.009033,1.304932,0.671692,0.780701,-0.112762,3.5000086232642382,-1.8936830251314196,0.03668129247777774,0.9307259445637852,-1.6326814668448997,153.4208078833074,3.077,-2.178,2.3024
0.0115,0.022217,0.010498,1.319092,0.488586,0.170349,-0.753632,3.500012241741044,-1.8936784939014426,0.036681255878638554,0.9356321048337072,-1.6351910729768582,153.41158472761668,3.077,-2.178,2.3024
0.0125,0.025391,0.01416,1.314697,0.580139,0.170349,-1.180878,3.500014176289985,-1.8936733159807069,0.03668120955062429,0.9444713675466563,-1.6393565275320934,153.39580371507108,3.077,-2.178,2.3024
0.0115,0.014404,0.002686,1.321777,0.610657,0.170349,-0.570526,3.500021422830458,-1.893670689753888,0.0366811993325044,0.945948869522001,-1.6371898915899954,153.3898246361884,3.077,-2.178,2.3024
0.0118,0.007568,0.000977,1.313721,0.671692,0.383972,-0.204315,3.5000279614980174,-1.8936709483749958,0.03668121588829457,0.9472037659127188,-1.6286324171443554,153.38868913769173,3.077,-2.178,2.3024
0.0125,0.01416,0.005371,1.320068,0.427551,0.506042,0.314484,3.500033218847487,-1.893668965105989,0.03668120846870394,0.9482817731180904,-1.6223085204645034,153.3931063467529,3.077,-2.178,2.3024
0.0123,0.003418,-0.004639,1.310059,0.397034,0.200867,0.253448,3.5000425088165636,-1.8936697310691428,0.036681235668689145,0.9430186689685867,-1.6136116540478633,153.39808612023364,3.077,-2.178,2.3024
0.0114,0.014404,0.00415,1.305908,0.091858,0.109314,0.345001,3.500048600543299,-1.8936670424015614,0.03668122402610742,0.9392362147806118,-1.6128023868142465,153.40238079331328,3.077,-2.178,2.3024
0.012,0.006592,0.006104,1.319336,0.671692,0.200867,0.406036,3.50005065302608,-1.893669360811131,0.03668124944994066,0.9435012648048137,-1.606089431087432,153.40827703361686,3.077,-2.178,2.3024
0.0123,0.004883,0.001221,1.307129,0.458069,0.475525,0.74173,3.5000557190126553,-1.8936709815632427,0.03668127512044737,0.9423611188627966,-1.5952205212324946,153.41882372243992,3.077,-2.178,2.3024
0.0123,0.022949,0.005859,1.319336,0.397034,-0.012756,0.192413,3.5000637836974264,-1.8936636591241824,0.036681228253617824,0.9433812353263568,-1.6008181711154155,153.42062447758175,3.077,-2.178,2.3024
0.0122,0.020752,0.001709,1.325439,0.519104,0.078796,0.161896,3.5000740492201032,-1.8936564908212514,0.036681187820310886,0.9433759333832807,-1.603857870123255,153.42248134434084,3.077,-2.178,2.3024
0.011,0.023438,0.004639,1.311035,0.488586,0.048279,0.161896,3.50008305382353,-1.893648555039875,0.036681138120611606,0.9442130863313741,-1.6090937847200582,153.42371070005336,3.077,-2.178,2.3024
0.0125,0.017578,0.011719,1.318604,0.335999,0.078796,0.345001,3.5000847178246683,-1.8936463182800285,0.036681122255051664,0.9479330672698738,-1.610290168256657,153.427729755672,3.077,-2.178,2.3024
0.0124,0.014648,0.007812,1.312256,0.519104,0.506042,-0.02121,3.5000883886425935,-1.8936444526454643,0.03668111411252149,0.9516896458000295,-1.6045300085205485,153.42771204975807,3.077,-2.178,2.3024
0.0115,0.019043,0.004883,1.318359,0.366516,0.322937,0.100861,3.500095799459453,-1.8936391845315246,0.036681085076425736,0.9514198312494452,-1.6038910676745792,153.42881368521643,3.077,-2.178,2.3024
0.0121,0.017822,0.008057,1.301758,0.641174,0.139832,-0.387421,3.5001005158763756,-1.8936353677030446,0.036681062843955475,0.956781360888724,-1.6046877456726067,153.4239510524247,3.077,-2.178,2.3024
0.0119,0.022217,0.008301,1.32666,0.397034,0.292419,-0.295868,3.5001065967015466,-1.893629358791812,0.036681025185988335,0.9590540157076889,-1.6059240750629724,153.41993316380342,3.077,-2.178,2.3024
0.0118,0.010498,0.001465,1.300049,0.305481,0.475525,0.192413,3.500113655047869,-1.8936278852786224,0.03668102807184925,0.9561195272405879,-1.5986047773530456,153.42314342361993,3.077,-2.178,2.3024
0.0127,0.013916,0.009277,1.321777,0.610657,0.322937,-0.02121,3.5001161803200223,-1.8936268225062356,0.03668102476472772,0.9619040678105784,-1.5945620597400336,153.4231003179507,3.077,-2.178,2.3024
0.0112,0.01416,0.003662,1.310059,0.274963,0.170349,0.039825,3.5001229740717927,-1.8936237901135933,0.03668101465186734,0.959746326018457,-1.5930422499030579,153.42395669281686,3.077,-2.178,2.3024
0.0126,0.018066,0.003662,1.30542,0.458069,0.170349,-0.26535,3.5001312535270563,-1.893618312964,0.03668098799676828,0.9603941756175994,-1.593616239329842,153.42062719925332,3.077,-2.178,2.3024
0.0123,0.011719,0.002686,1.303955,0.427551,0.048279,0.314484,3.500137870093327,-1.893616408403393,0.03668098708493724,0.9597530898020934,-1.5920954760674721,153.42516131073324,3.077,-2.178,2.3024
0.0115,0.016113,0.001709,1.314941,0.732727,0.170349,0.467072,3.5001468875550645,-1.8936115643566946,0.036680968090216606,0.9616084622838666,-1.5917191682835912,153.43084972962222,3.077,-2.178,2.3024
0.0117,0.006836,0.006592,1.30957,0.244446,-0.012756,0.100861,3.500148797807413,-1.8936138559330784,0.036680990818985765,0.9609494253597279,-1.5879588726169382,153.4329881710033,3.077,-2.178,2.3024
0.0121,0.015137,0.003662,1.317139,0.458069,0.109314,0.283966,3.5001559361528716,-1.8936101585795118,0.03668097750373013,0.961136238256225,-1.5876179626585296,153.43671171882318,3.077,-2.178,2.3024
0.0123,0.018311,0.00293,1.305908,0.488586,0.261902,0.375519,3.5001648696243293,-1.8936040888671772,0.03668094969669981,0.9613591772512958,-1.5874522197789638,153.44132581694686,3.077,-2.178,2.3024
0.0124,0.019043,0.00708,1.324219,0.335999,0.353455,0.589142,3.5001709361665267,-1.8935990823064743,0.036680924018241176,0.9620382986567259,-1.5863377267437442,153.4484260360427,3.077,-2.178,2.3024
0.0111,0.018799,0.006348,1.310791,0.671692,0.353455,0.192413,3.5001775899152268,-1.8935937808140961,0.036680897654544284,0.9657522786729869,-1.585657673566236,153.45037159576557,3.077,-2.178,2.3024
0.0123,0.030762,0.012451,1.318848,0.335999,0.231384,-0.112762,3.5001842583506413,-1.8935829845686014,0.036680828729167725,0.9697676795793702,-1.5928642574837195,153.44728304858288,3.077,-2.178,2.3024
0.0125,0.023926,0.004639,1.307861,0.366516,0.200867,-0.387421,3.5001940073585445,-1.8935741956389314,0.03668078215976603,0.9697530328509117,-1.5964713539662823,153.44182974654913,3.077,-2.178,2.3024
0.0117,0.020996,0.004883,1.33252,0.519104,0.200867,-0.112762,3.5002023380224725,-1.8935677360287173,0.03668075067876291,0.971159617869124,-1.5981336239995971,153.44027964347757,3.077,-2.178,2.3024
0.0117,0.022217,0.005859,1.30835,0.549622,0.322937,-0.112762,3.5002105449510226,-1.893560431832269,0.03668071274796072,0.973585652378884,-1.599464858961421,153.4385023904352,3.077,-2.178,2.3024
0.0121,0.015137,0.002197,1.312012,0.610657,0.231384,-0.234833,3.500218903739303,-1.893556569459732,0.03668070178316081,0.9748056477759067,-1.5975045796353766,153.43614864846197,3.077,-2.178,2.3024
0.0124,0.015869,0.005615,1.312744,0.458069,0.139832,-0.02121,3.5002249943635584,-1.8935531934787195,0.03668068971939479,0.9762542886235814,-1.5970815054556045,153.43608478617278,3.077,-2.178,2.3024
0.0113,0.018311,0.00415,1.315674,0.549622,0.567078,-0.02121,3.500233149418384,-1.893547816704342,0.036680667502944214,0.977345823407384,-1.5934281280807034,153.43594810218332,3.077,-2.178,2.3024
0.0124,0.009766,0.003174,1.315918,0.305481,0.170349,0.192413,3.5002387746486403,-1.8935476150705466,0.03668067853123615,0.9753800136217854,-1.5890988791562426,153.43932230296463,3.077,-2.178,2.3024
0.0122,0.012939,-0.000244,1.325195,0.519104,0.048279,0.467072,3.5002480418476143,-1.893544488830053,0.03668067628204307,0.9738435547381108,-1.588125588808583,153.44584064353376,3.077,-2.178,2.3024
0.0126,0.015381,-0.000977,1.304932,0.671692,0.353455,0.436554,3.5002589694894426,-1.8935391885879786,0.03668066221226621,0.9740370241677646,-1.5850320701328084,153.45193298804824,3.077,-2.178,2.3024
0.0116,0.025879,0.002686,1.315918,0.732727,0.41449,0.375519,3.500271272634509,-1.893528090674208,0.03668060948115788,0.9764344510530966,-1.5875975993720277,153.45555220983434,3.077,-2.178,2.3024
0.0112,0.017822,0.004395,1.299072,0.305481,0.383972,0.283966,3.500279149610841,-1.8935226781836798,0.03668058805719622,0.9748875269797047,-1.5861423620235549,153.4587450167731,3.077,-2.178,2.3024
0.012,0.019287,0.013916,1.325439,0.244446,-0.165344,0.039825,3.5002805113440787,-1.893519346138741,0.03668056707907553,0.9783696339109406,-1.5913327470214864,153.4585256420768,3.077,-2.178,2.3024
0.0124,0.023193,0.015137,1.308594,0.183411,0.567078,-0.26535,3.500282614395283,-1.893513468422207,0.03668052959757571,0.982120510869852,-1.5900388468877527,153.45412781158666,3.077,-2.178,2.3024
0.0124,0.020752,0.008789,1.310791,0.305481,-0.012756,-0.417938,3.5002882754779026,-1.893507724687021,0.03668050095760008,0.9836377833774294,-1.5943751049506383,153.4483933980403,3.077,-2.178,2.3024
0.0115,0.018799,0.009766,1.313721,0.244446,0.078796,-0.326385,3.500292437019061,-1.8935036163876982,0.03668048075623587,0.9846891517310651,-1.5964414090707546,153.44428381913661,3.077,-2.178,2.3024
0.012,0.018311,0.013428,1.306641,0.610657,0.139832,-0.387421,3.5002938553992524,-1.8935006585928784,0.03668046265993529,0.9924245630107911,-1.5975234922321815,153.4391109655891,3.077,-2.178,2.3024
0.0124,0.010986,0.005859,1.331543,0.610657,0.139832,0.283966,3.5002982096662256,-1.8935006219609731,0.036680472715987254,0.9955193443445556,-1.594083555555832,153.4434379324109,3.077,-2.178,2.3024
0.0113,0.009521,-0.002686,1.316406,0.397034,0.261902,0.436554,3.500308241130901,-1.8934990522094088,0.036680485431646634,0.9905755325712123,-1.5888149680971446,153.44980553818647,3.077,-2.178,2.3024
0.013,0.015869,0.001709,1.318848,0.366516,0.170349,0.406036,3.5003172870449606,-1.8934945850416975,0.03668047522876311,0.9885012498134094,-1.5880190713321176,153.45553909810891,3.077,-2.178,2.3024
0.0111,0.010986,0.002197,1.322998,0.335999,0.322937,0.283966,3.500324049793503,-1.893493485296709,0.0366804835890245,0.9857628687661009,-1.5829420074871723,153.45967915824212,3.077,-2.178,2.3024
0.0121,0.011963,0.002441,1.310303,0.335999,0.292419,0.222931,3.5003309888266534,-1.8934916169404248,0.0366804870986949,0.9835807432763133,-1.5786751557901013,153.46318731711742,3.077,-2.178,2.3024
0.0126,0.018555,0.011719,1.316406,0.366516,0.048279,0.131378,3.5003338634564196,-1.8934878556300223,0.03668046775096716,0.9873963061179263,-1.5811085458536434,153.4643451682945,3.077,-2.178,2.3024
0.0112,0.018066,0.008789,1.316162,0.397034,0.139832,0.131378,3.500338627963655,-1.8934836818938825,0.03668045016802677,0.9893002714357895,-1.5822813593395992,153.46556691948635,3.077,-2.178,2.3024
0.0127,0.018311,0.010742,1.30835,0.183411,0.139832,-0.082245,3.500342090534131,-1.8934797849767828,0.03668043141356977,0.990349542397368,-1.583451983200749,153.46411503013186,3.077,-2.178,2.3024
0.0122,0.018555,0.003174,1.313965,0.244446,0.261902,0.039825,3.500350912345852,-1.8934739039911916,0.036680412062028475,0.9875239073734744,-1.5832970879558679,153.46465306914152,3.077,-2.178,2.3024
0.0119,0.017334,0.001465,1.31543,0.397034,0.353455,0.070343,3.5003604162569815,-1.8934684300367302,0.03668039743800449,0.9854395820407899,-1.5814139136418153,153.46579756615836,3.077,-2.178,2.3024
0.0113,0.016602,0.004883,1.313477,0.610657,0.200867,0.161896,3.5003672926080367,-1.8934642494360756,0.0366803855630053,0.987515583044193,-1.5810779091446912,153.46777638431507,3.077,-2.178,2.3024
0.0124,0.016357,0.004883,1.312744,0.610657,0.322937,0.283966,3.500374172946383,-1.8934601495633814,0.036680374543493016,0.9901880358209334,-1.5789262329987108,153.47150017903564,3.077,-2.178,2.3024
0.012,0.014404,-0.000244,1.318848,0.366516,-0.012756,-0.082245,3.5003837690294985,-1.8934562123846688,0.03668037157926329,0.9868046992800396,-1.5796131704137075,153.4711873397429,3.077,-2.178,2.3024
0.0123,0.015869,0.000977,1.319092,0.397034,0.170349,-0.112762,3.5003929864498,-1.8934516051903558,0.036680363318106375,0.9846553653037695,-1.5789118815284862,153.47026199289823,3.077,-2.178,2.3024
0.0117,0.016113,0.00708,1.320557,0.458069,0.322937,0.070343,3.5003981023396022,-1.8934483220503557,0.036680353964301034,0.9864879541578166,-1.5767079815191611,153.47118747126703,3.077,-2.178,2.3024
0.0121,0.010498,0.000977,1.318359,0.610657,0.383972,0.131378,3.5004053499004013,-1.893447249565668,0.03668036514208759,0.9867427404627042,-1.570442416041139,153.47389583094647,3.077,-2.178,2.3024
0.0123,0.02124,0.007324,1.307373,0.305481,0.078796,0.100861,3.5004124122781812,-1.8934401517173225,0.036680335595093906,0.9871715359199094,-1.5743101323202267,153.47449843526786,3.077,-2.178,2.3024
0.0115,0.022461,0.008057,1.311523,0.397034,0.383972,0.131378,3.50041944854623,-1.893432479978743,0.03668030233107628,0.9887970109509298,-1.5753744146197193,153.47526761584422,3.077,-2.178,2.3024
0.0119,0.012939,0.008057,1.313721,0.397034,0.41449,0.283966,3.5004227499275444,-1.8934314719538254,0.036680304055733214,0.9904963613698038,-1.5703464540194978,153.47906440499048,3.077,-2.178,2.3024
0.0118,0.01123,0.004639,1.319824,0.213928,0.231384,0.161896,3.5004276496214968,-1.89343088078281,0.036680312731579956,0.9880218967189598,-1.5664576601623765,153.48176590997556,3.077,-2.178,2.3024
0.012,0.022949,0.007812,1.31665,0.335999,0.017761,0.039825,3.5004350307297223,-1.8934228509550393,0.03668027868968438,0.9889712325288826,-1.5719390784054692,153.48139521632012,3.077,-2.178,2.3024
0.0123,0.022217,0.003418,1.312988,0.488586,0.078796,-0.112762,3.5004450392319257,-1.8934143476094287,0.03668024845772972,0.9893702115196703,-1.576221971158977,153.47953007458077,3.077,-2.178,2.3024
0.0122,0.017578,0.00708,1.311768,0.519104,0.383972,0.253448,3.5004507962219806,-1.893409907560894,0.03668023420955259,0.992104235228003,-1.5741656354936333,153.48254436534768,3.077,-2.178,2.3024
0.0115,0.019043,0.00293,1.317627,0.610657,0.017761,0.131378,3.500459920358095,-1.8934036039155324,0.0366802167310125,0.9930964757962912,-1.5773048282714677,153.48400941719896,3.077,-2.178,2.3024
0.0121,0.030518,0.01416,1.313232,0.519104,0.689148,0.222931,3.500466128372647,-1.893391655933697,0.03668015487970329,0.9998804551959045,-1.5791407485751991,153.48469806754005,3.077,-2.178,2.3024
0.0126,0.017578,0.001221,1.304443,0.427551,0.53656,0.131378,3.500476111791711,-1.8933858080693415,0.036680143076392537,0.9981990661768718,-1.5750857360010901,153.48670588216515,3.077,-2.178,2.3024
0.0123,0.022461,0.013428,1.313721,0.213928,0.383972,-0.112762,3.500479673031721,-1.8933793388690858,0.03668011043320247,1.000997592742642,-1.57574961959191,153.48427038131783,3.077,-2.178,2.3024
0.0115,0.018311,0.009521,1.318848,0.244446,0.048279,-0.234833,3.50048412247447,-1.893375157103584,0.03668009499133126,1.001668685749918,-1.5780056273044882,153.48124839636355,3.077,-2.178,2.3024
0.0124,0.012451,0.00708,1.315918,0.274963,0.200867,-0.051727,3.5004879163119416,-1.893374492674896,0.0366801008020117,1.0014595432453266,-1.5749853849111304,153.48117344206008,3.077,-2.178,2.3024
0.0126,0.011719,0.003662,1.327637,0.519104,0.109314,-0.356903,3.5004937411935666,-1.8933736845193814,0.036680111356058705,1.0024144881309924,-1.5724680121194319,153.47756193409757,3.077,-2.178,2.3024
0.0113,0.009033,0.002197,1.325439,0.549622,-0.134827,0.070343,3.500499542124585,-1.8933743313848348,0.03668013155963907,1.0020568190199273,-1.5714106726044832,153.47959237737237,3.077,-2.178,2.3024
0.0116,0.008545,-0.002686,1.314453,0.397034,0.200867,0.222931,3.500508392516887,-1.8933740554044343,0.036680154374194474,0.9972549504445462,-1.5664182119942305,153.4837982730144,3.077,-2.178,2.3024
0.0121,0.014893,0.006592,1.299805,0.458069,0.139832,0.467072,3.500513544237319,-1.8933711046194384,0.03668014973001872,0.9988353356202685,-1.5660578213439005,153.48962642548815,3.077,-2.178,2.3024
0.0122,0.020996,0.005127,1.322021,0.549622,0.261902,0.161896,3.5005220821650664,-1.8933637648807387,0.0366801265320459,1.0006887526802855,-1.5673977225108386,153.49121863812672,3.077,-2.178,2.3024
0.0129,0.017334,0.002197,1.297607,0.427551,0.292419,0.100861,3.5005312570585967,-1.893357996692608,0.03668011546328634,0.9997284052915031,-1.5663738106472938,153.49270413349032,3.077,-2.178,2.3024
0.0113,0.020996,0.009277,1.32251,0.427551,0.048279,0.131378,3.500536959974919,-1.8933516559870296,0.03668009098570535,1.0021351213489014,-1.5703141069085191,153.49350719582822,3.077,-2.178,2.3024
0.0121,0.016602,0.003418,1.310059,0.183411,0.292419,0.009308,3.500544788376145,-1.893347049952703,0.03668008378089862,0.9986134651455781,-1.5688564223745403,153.49387365170264,3.077,-2.178,2.3024
0.011,0.015625,0.001709,1.307617,0.458069,0.567078,0.253448,3.5005533842444176,-1.893342687070125,0.036680080549812887,0.9968629500878808,-1.5642485218290583,153.49717546222718,3.077,-2.178,2.3024
0.0121,0.016357,0.003662,1.317871,0.213928,0.322937,0.345001,3.5005608325465616,-1.8933383861951598,0.03668007455900604,0.9937748096042247,-1.5623035934664242,153.50162646025376,3.077,-2.178,2.3024
0.0128,0.016113,0.002441,1.315918,0.580139,0.139832,0.100861,3.5005690292491636,-1.8933339466542272,0.03668007009271126,0.9948728752742656,-1.5623124629492362,153.50325973608645,3.077,-2.178,2.3024
0.0112,0.018311,0.00708,1.312988,0.366516,-0.043274,-0.02121,3.5005750270902865,-1.8933288779742865,0.036680055397315815,0.9954394578936718,-1.5658629817366443,153.50273534979766,3.077,-2.178,2.3024
0.0122,0.017578,0.005371,1.312988,0.488586,0.383972,-0.02121,3.5005819012677506,-1.8933239558195718,0.03668004437708685,0.9968368282224094,-1.5638357143549015,153.50248626321007,3.077,-2.178,2.3024
0.0121,0.012451,0.004883,1.315186,0.335999,0.017761,0.314484,3.500586968186048,-1.8933227711283733,0.036680051785110884,0.9959397692690158,-1.5633027548642164,153.50692621483003,3.077,-2.178,2.3024
0.0121,0.012207,0.004883,1.319092,0.458069,0.261902,-0.082245,3.500591956560878,-1.893321743617339,0.0366800601097691,0.9966248876966224,-1.5595807397409185,153.50664597588977,3.077,-2.178,2.3024
0.0115,0.015137,0.004883,1.311035,0.519104,0.200867,0.009308,3.5005982000580715,-1.8933183735708528,0.03668005759460671,0.99773625821314,-1.5585754764474942,153.5070376646553,3.077,-2.178,2.3024
0.0127,0.019043,0.003418,1.325439,0.335999,-0.012756,0.283966,3.5006067939471928,-1.8933121178389707,0.03668004411067715,0.9961467283563314,-1.5621576483672694,153.5105288349319,3.077,-2.178,2.3024
0.0117,0.013428,0.004639,1.313477,0.610657,0.506042,0.131378,3.5006125014692397,-1.893309986688807,0.03668004806364502,0.9982293901057198,-1.5565488324844665,153.5126598047363,3.077,-2.178,2.3024
0.0125,0.015381,0.006104,1.318604,0.335999,0.231384,0.161896,3.5006180339954795,-1.8933067493305675,0.03668004467693916,0.9981917946355725,-1.5550744277362902,153.5148829876603,3.077,-2.178,2.3024
0.0116,0.019287,0.004639,1.316406,0.702209,0.200867,-0.02121,3.5006262107838286,-1.8933001984567581,0.036680028879623905,1.0012838760091862,-1.5564351954095372,153.51440218955995,3.077,-2.178,2.3024
0.0123,0.017334,0.006104,1.30835,0.976868,0.231384,0.009308,3.5006328591747344,-1.8932952053649097,0.03668001838926783,1.0090512586151243,-1.5562567859487217,153.51443472937245,3.077,-2.178,2.3024
0.0122,0.015625,0.006104,1.309082,0.549622,0.231384,0.253448,3.50063885454414,-1.8932914845366777,0.03668001400685967,1.0113975254032759,-1.5551443188332719,153.51767711764117,3.077,-2.178,2.3024
0.0112,0.014404,0.005127,1.319336,0.183411,-0.073792,0.161896,3.500644837081539,-1.89328870404523,0.03668001556486843,1.0085423691607656,-1.5567824858218398,153.51983866349627,3.077,-2.178,2.3024
0.0128,0.015625,0.012207,1.31665,0.427551,0.170349,0.009308,3.500646723827445,-1.8932864694958096,0.03668000757687846,1.0132688618037087,-1.5561418931243642,153.51973085635896,3.077,-2.178,2.3024
0.0111,0.012207,0.00708,1.305176,0.580139,0.41449,-0.082245,3.5006507378044622,-1.8932854178576177,0.036680013985887334,1.0160112189151127,-1.5512465458877611,153.51937069950156,3.077,-2.178,2.3024
0.0121,0.018311,0.01001,1.325684,0.488586,0.109314,0.253448,3.5006552843807466,-1.8932807413340462,0.03667999946028673,1.0196835580453567,-1.5529936111966782,153.52201915506916,3.077,-2.178,2.3024
0.0124,0.017578,0.003418,1.318604,0.702209,0.200867,-0.02121,3.500664065020315,-1.893274955894372,0.03667999211110098,1.022390208528803,-1.5531910874434658,153.52185495626514,3.077,-2.178,2.3024
0.0122,0.02002,0.003174,1.309814,0.488586,0.292419,0.253448,3.5006740580917737,-1.8932671299105917,0.036679976173191506,1.0221490068007606,-1.553936603875893,153.52472625117647,3.077,-2.178,2.3024
0.0112,0.016113,0.006348,1.31958,0.427551,0.078796,0.131378,3.5006801980157327,-1.893263197864553,0.03667997197549971,1.0226064020229966,-1.5548778687790152,153.52628556493508,3.077,-2.178,2.3024
0.0121,0.015869,0.005127,1.304443,0.427551,0.292419,0.009308,3.500687142504209,-1.893258903645549,0.0366799683617209,1.0228330837769102,-1.5532240591435718,153.52658618586406,3.077,-2.178,2.3024
0.0119,0.014648,0.00415,1.326416,0.427551,0.017761,0.100861,3.500694112462691,-1.89325567536083,0.03667997167241623,1.0222868982256599,-1.5538951707930313,153.52822034496464,3.077,-2.178,2.3024
0.0127,0.015625,0.007324,1.316162,0.397034,-0.134827,0.039825,3.5006993525679038,-1.8932523154019902,0.03667996840520394,1.0236004885175862,-1.5571511599055947,153.52875876521958,3.077,-2.178,2.3024
0.0122,0.020996,0.006592,1.313721,0.427551,0.353455,0.161896,3.500707253457929,-1.893244706404265,0.03667994771309124,1.0246179507945028,-1.5576050004111492,153.530193273618,3.077,-2.178,2.3024
0.0121,0.014648,0.004395,1.304443,0.488586,0.383972,0.070343,3.500714171943264,-1.8932412084824832,0.0366799496098043,1.0250972102191316,-1.5541252371575776,153.5314751003407,3.077,-2.178,2.3024
0.0118,0.021973,0.007324,1.310303,0.274963,0.383972,0.406036,3.5007220438315083,-1.8932329001792763,0.0366799248355393,1.024519156767146,-1.5550678467261076,153.53552816795877,3.077,-2.178,2.3024
0.0117,0.023193,0.010742,1.326416,0.641174,0.506042,0.070343,3.5007281997236537,-1.8932246815328766,0.03667989486613825,1.0301535665189128,-1.554992440438088,153.53533078619694,3.077,-2.178,2.3024
0.0122,0.01416,0.006104,1.304443,0.305481,0.292419,-0.173798,3.500733819007768,-1.8932219685694245,0.036679897512486,1.029499227595603,-1.5522658328657009,153.53359348249106,3.077,-2.178,2.3024
0.0114,0.012451,0.00415,1.318115,0.641174,0.017761,0.131378,3.500740056953079,-1.8932202838866876,0.036679908946609135,1.031106434680787,-1.5517928934268357,153.53582299255288,3.077,-2.178,2.3024
0.0123,0.02002,0.007812,1.314697,0.274963,0.109314,-0.051727,3.500746859357343,-1.8932136505410349,0.03667989154296849,1.0310114970746467,-1.5546025234231073,153.53465670686649,3.077,-2.178,2.3024
0.0124,0.016357,0.007324,1.325195,0.641174,0.109314,0.131378,3.5007525359220057,-1.8932098498539904,0.03667988800160525,1.0350341339209645,-1.555137621044691,153.53633668289174,3.077,-2.178,2.3024
0.0118,0.016113,0.00415,1.314453,0.458069,0.353455,0.131378,3.5007603037790513,-1.8932053354432872,0.03667988765139034,1.034708151964095,-1.5528867654066087,153.53819192600074,3.077,-2.178,2.3024
0.012,0.020264,0.00415,1.32373,0.458069,0.353455,0.070343,3.5007697005623544,-1.89319782465241,0.03667987463899758,1.0344615225587266,-1.5528505614469201,153.53881331933596,3.077,-2.178,2.3024
0.012,0.018311,0.004883,1.308105,0.458069,0.200867,-0.051727,3.5007778703013277,-1.8931917159205196,0.036679866101970916,1.0347466622306734,-1.5536995645341365,153.53809552944847,3.077,-2.178,2.3024
0.0116,0.012451,0.005371,1.321045,0.519104,0.017761,0.009308,3.5007833041967937,-1.89319038587516,0.03667987760776022,1.035757840471918,-1.5531475016364635,153.53888487637036,3.077,-2.178,2.3024
0.0122,0.013916,0.01123,1.31665,0.519104,0.078796,-0.051727,3.5007855041233893,-1.8931890721683113,0.03667987748096401,1.040506838039757,-1.552741948075012,153.53832723306513,3.077,-2.178,2.3024
0.0121,0.019531,0.003662,1.3125,0.732727,0.231384,0.131378,3.5007951561351804,-1.8931817188408786,0.03667986730542964,1.0432759318503053,-1.5538927526847524,153.53976467349366,3.077,-2.178,2.3024
0.0116,0.009766,0.000244,1.320068,0.610657,0.170349,0.161896,3.500803224015056,-1.8931811017974713,0.03667989363003133,1.0422376413335412,-1.5500781044762926,153.54306831771214,3.077,-2.178,2.3024
0.0126,0.021973,0.007812,1.309814,0.580139,0.109314,0.375519,3.5008110844324443,-1.893172664447454,0.03667987042325537,1.0457977025734972,-1.5541875794157285,153.54697104838655,3.077,-2.178,2.3024
0.0122,0.015381,0.005859,1.316895,0.488586,0.261902,0.222931,3.50081763315075,-1.8931689761710153,0.036679872123358534,1.0468603697925272,-1.5524737594421842,153.54998045986312,3.077,-2.178,2.3024
0.0121,0.015137,0.001953,1.313965,0.335999,0.231384,0.161896,3.5008266875984133,-1.8931645619730453,0.036679878944074054,1.0437957675348586,-1.5510545931118294,153.5525050535447,3.077,-2.178,2.3024
0.0115,0.016113,0.004395,1.310791,0.366516,-0.104309,0.283966,3.5008343695346196,-1.8931599700057495,0.036679879551111925,1.0423181983386163,-1.55424016822245,153.5559490622426,3.077,-2.178,2.3024
0.0126,0.020264,0.013184,1.319092,0.580139,0.139832,-0.082245,3.5008378168657908,-1.8931542581159684,0.03667985704066037,1.0490929841438543,-1.5566776077754716,153.55400367302394,3.077,-2.178,2.3024
0.011,0.015381,0.001709,1.311035,0.519104,0.109314,0.222931,3.500847126730879,-1.8931496538844317,0.036679864216231074,1.0474978305907985,-1.556983420567295,153.5569924093195,3.077,-2.178,2.3024
0.0127,0.017334,0.005859,1.320068,0.488586,0.322937,0.100861,3.5008543663349077,-1.893144578222151,0.036679860588114066,1.0488101837696129,-1.5554077739874232,153.5583271222855,3.077,-2.178,2.3024
0.0113,0.013916,0.005127,1.311035,0.519104,0.41449,0.039825,3.500860843759121,-1.8931417573626355,0.036679868267952886,1.0494151940277694,-1.551389682961654,153.55933011179405,3.077,-2.178,2.3024
0.0123,0.009033,0.000977,1.322021,0.335999,0.200867,-0.082245,3.500868089374738,-1.8931419075138112,0.03667989769764195,1.0458869128480717,-1.5466128550476936,153.55982273507882,3.077,-2.178,2.3024
0.012,0.012207,0.011963,1.313965,0.641174,0.383972,-0.173798,3.5008693518568106,-1.89314180258297,0.03667990204052173,1.0523594344399327,-1.5416798847154574,153.5580385619016,3.077,-2.178,2.3024
0.0125,0.019287,0.00708,1.319092,0.397034,-0.195862,0.192413,3.500876689989727,-1.8931352341995786,0.03667989016795977,1.0530787477411707,-1.547911475920153,153.55997615653064,3.077,-2.178,2.3024
0.0122,0.016357,0.003906,1.30835,0.702209,0.353455,0.253448,3.500885181845659,-1.8931299484961184,0.03667989116230755,1.0555328842799014,-1.5458529082037162,153.5633138898853,3.077,-2.178,2.3024
0.0114,0.018066,0.002686,1.312988,0.335999,0.231384,-0.02121,3.5008950645206367,-1.8931231783789777,0.03667988860531718,1.0526434729122018,-1.5463410293600577,153.56314005362904,3.077,-2.178,2.3024
0.0125,0.016846,0.006836,1.323486,0.427551,0.200867,0.467072,3.500901586717467,-1.8931185011404188,0.03667988572161856,1.05347798587894,-1.5462025575683196,153.5689805387962,3.077,-2.178,2.3024
0.0117,0.017822,0.002686,1.310791,0.732727,0.017761,0.161896,3.5009114040663714,-1.8931119029712404,0.03667988438759835,1.0552525476596628,-1.5490208887532437,153.57093622268832,3.077,-2.178,2.3024
0.012,0.018311,0.00708,1.309082,0.702209,0.109314,0.070343,3.500918466465852,-1.8931059010354385,0.03667987570370868,1.0594631004078718,-1.5510065625809801,153.57149074162987,3.077,-2.178,2.3024
0.0116,0.015381,0.01001,1.315674,0.702209,0.261902,-0.02121,3.500922459760839,-1.893102924579704,0.03667987350465569,1.0650483144243956,-1.5494396939991244,153.57124149106994,3.077,-2.178,2.3024
0.0121,0.011719,0.005127,1.320312,0.305481,0.506042,0.039825,3.5009283681263383,-1.8931016560829321,0.036679890068702495,1.0632937315626438,-1.5426697875966568,153.5726389918149,3.077,-2.178,2.3024
0.0127,0.013672,0.00708,1.314941,0.580139,0.261902,0.100861,3.5009338167496904,-1.8930991347936248,0.03667989701108909,1.0663247565399288,-1.5399512804161133,153.57433799261537,3.077,-2.178,2.3024
0.0111,0.012207,0.002686,1.327881,0.397034,0.445007,-0.173798,3.500941624016463,-1.893096848768607,0.03667991545229119,1.0638906362011389,-1.5346015154548516,153.57338842667173,3.077,-2.178,2.3024
0.0128,0.008301,0.00415,1.3125,0.702209,-0.195862,-0.112762,3.5009470050819944,-1.8930977040450778,0.03667994360945885,1.0668977459701638,-1.534586944042622,153.57320120042297,3.077,-2.178,2.3024
0.0113,0.013184,0.005371,1.315674,0.549622,0.322937,0.070343,3.500953546251874,-1.8930949169981375,0.03667995395553205,1.0677689139977606,-1.5313315128619207,153.5745617281196,3.077,-2.178,2.3024
0.0122,0.021484,0.008789,1.3125,0.458069,0.353455,-0.051727,3.5009612248850654,-1.8930862289122106,0.03667993224863906,1.0700589539602994,-1.5323020770517726,153.5730536143435,3.077,-2.178,2.3024
0.0121,0.009766,0.008301,1.316895,0.641174,0.322937,0.283966,3.5009644489078657,-1.893086844014523,0.036679949989684345,1.0740496081074633,-1.5268612742470895,153.5773751712795,3.077,-2.178,2.3024
0.0125,0.017822,0.00293,1.302246,0.763245,0.322937,0.345001,3.5009750659249037,-1.8930791764793622,0.036679947807179064,1.0766715024448879,-1.5262663916596813,153.58167548364867,3.077,-2.178,2.3024
0.0121,0.019531,0.00415,1.314209,0.610657,0.048279,0.100861,3.5009854225789145,-1.893070736252065,0.036679939811094055,1.0778892286517103,-1.5298562478591367,153.5825482928861,3.077,-2.178,2.3024
0.0114,0.015625,0.007812,1.317383,0.427551,0.383972,0.161896,3.5009915386248545,-1.8930664586363188,0.036679939634320105,1.0787029487169155,-1.5273447495060661,153.5844668887613,3.077,-2.178,2.3024
0.0122,0.019043,0.009277,1.307617,0.641174,0.261902,-0.14328,3.5009981891269564,-1.8930595699528143,0.0366799255031162,1.0834321368368516,-1.5280938818565162,153.582130014738,3.077,-2.178,2.3024
0.0124,0.012939,0.012207,1.308594,0.488586,0.078796,0.100861,3.501000216142841,-1.893058431696177,0.03667992728604979,1.0879899113091778,-1.5275005961957486,153.58347600818556,3.077,-2.178,2.3024
0.0116,0.019531,0.003418,1.316895,0.549622,0.109314,-0.173798,3.5010112486131764,-1.8930498283009731,0.036679922031912976,1.0877418490250015,-1.53029639253302,153.5812137615724,3.077,-2.178,2.3024
0.0114,0.013672,0.005127,1.317871,0.458069,0.475525,0.009308,3.501018617819249,-1.8930463713833836,0.036679933107975585,1.0872868614462838,-1.525576009235145,153.58189669897078,3.077,-2.178,2.3024
0.0124,0.013184,0.006104,1.308594,0.335999,0.231384,0.375519,3.5010250828424985,-1.8930434018041005,0.03667994334204983,1.0862803279923303,-1.52334735317629,153.58704359716396,3.077,-2.178,2.3024
0.0123,0.018799,0.005127,1.31543,0.305481,0.231384,0.192413,3.5010345231062447,-1.893035741972306,0.03667993747433313,1.0843399888611083,-1.5243036616971557,153.58915209384367,3.077,-2.178,2.3024
0.0114,0.012695,0.006592,1.305908,0.519104,0.170349,0.406036,3.5010403829764654,-1.8930332890452481,0.036679948463410085,1.0853994424540185,-1.5227517355488909,153.59428339771227,3.077,-2.178,2.3024
0.0125,0.01416,0.006104,1.323242,0.580139,0.078796,0.253448,3.5010471996154835,-1.89302973687679,0.03667995699399219,1.087435058481157,-1.5227715699223225,153.5978122795672,3.077,-2.178,2.3024
0.0123,0.011719,0.005371,1.302734,0.458069,0.170349,0.222931,3.501053583559786,-1.8930276337355518,0.03667997285567525,1.087524072313751,-1.5205156037418812,153.60126555976447,3.077,-2.178,2.3024
0.0121,0.012451,0.00293,1.317383,0.488586,0.048279,0.192413,3.5010619259543354,-1.8930244846470048,0.0366799912341797,1.0864154782312823,-1.5200233690557514,153.60436876969226,3.077,-2.178,2.3024
0.0119,0.018799,0.006348,1.308594,0.458069,0.322937,0.406036,3.5010705831698847,-1.8930168379186936,0.03667998275334468,1.0868269347345627,-1.5201768996632261,153.60881397397992,3.077,-2.178,2.3024
0.0113,0.019531,0.003906,1.314453,0.335999,0.078796,0.253448,3.5010810705923303,-1.8930082119542118,0.036679976638951964,1.0842091682192656,-1.52354761816687,153.61132255612063,3.077,-2.178,2.3024
0.0124,0.019287,0.009277,1.30835,0.519104,0.53656,0.100861,3.5010878544929054,-1.8930009604068092,0.03667996222809209,1.0874260492136056,-1.5211014701467747,153.611978940137,3.077,-2.178,2.3024
0.012,0.019531,0.010986,1.311035,0.458069,0.109314,-0.051727,3.5010935254411923,-1.8929940659066626,0.0366799449671135,1.0907102239717084,-1.5240307631379542,153.6105423599862,3.077,-2.178,2.3024
0.0122,0.007568,0.007568,1.322754,0.519104,0.353455,-0.448456,3.5010966211397627,-1.892996202308832,0.036679973040199654,1.0928512992566335,-1.5167734429970008,153.6063862799986,3.077,-2.178,2.3024
0.0114,0.01001,0.005615,1.319336,0.335999,-0.012756,-0.051727,3.5011020604316774,-1.8929957666227644,0.036679995909699406,1.091261135688768,-1.5155472832715708,153.60676090858024,3.077,-2.178,2.3024
0.0124,0.011963,0.000977,1.308838,0.274963,0.322937,0.161896,3.5011114748761307,-1.8929923550826313,0.03668001878935014,1.0865388726213239,-1.5115362098670084,153.6097589050284,3.077,-2.178,2.3024
0.0115,0.022217,-0.000977,1.319092,0.427551,0.139832,0.345001,3.5011263798526358,-1.8929802093411228,0.03668001243611586,1.082164621974256,-1.515794642980337,153.6132683205676,3.077,-2.178,2.3024
0.0122,0.012695,0.000244,1.316406,0.274963,0.383972,0.467072,3.501136207815561,-1.8929763619845035,0.03668003476277106,1.0769460992540543,-1.5115119767880991,153.61993427169878,3.077,-2.178,2.3024
0.0122,0.013428,0.006592,1.318359,0.610657,0.353455,0.131378,3.501142158772419,-1.8929733575174623,0.03668004413039563,1.0796138431216917,-1.5079639558024605,153.62195665190967,3.077,-2.178,2.3024
0.0115,0.021484,0.010986,1.306641,0.305481,0.200867,0.192413,3.501148712162851,-1.8929643938090506,0.03668001866885664,1.0809760841220595,-1.5112999422360132,153.62295619360557,3.077,-2.178,2.3024
0.013,0.013916,0.006592,1.30957,0.580139,0.170349,-0.26535,3.50115494421084,-1.8929608744739002,0.03668002633347742,1.0838654905502567,-1.5101312615581293,153.6197957076265,3.077,-2.178,2.3024
0.0116,0.019775,0.007812,1.315674,0.458069,0.261902,-0.26535,3.501162880460427,-1.892952810533657,0.0366800134528404,1.0851939677723645,-1.5114935227437205,153.61605755508106,3.077,-2.178,2.3024
0.0119,0.023193,0.005127,1.310059,0.488586,0.017761,0.009308,3.501174007119851,-1.8929412802656849,0.036679994084846256,1.0853911032827697,-1.51777960470704,153.615104180393,3.077,-2.178,2.3024
0.0116,0.014404,0.004883,1.314941,0.427551,0.078796,-0.356903,3.50118144892148,-1.8929372710190753,0.03668000481758194,1.0846872323541659,-1.5180309215474042,153.611335861832,3.077,-2.178,2.3024
0.0132,0.014893,0.003662,1.312744,0.488586,0.139832,0.161896,3.5011899257538377,-1.892932512743093,0.03668001599156496,1.0845857371339251,-1.5177928773178877,153.61385893611836,3.077,-2.178,2.3024
0.0111,0.016357,0.003662,1.312012,0.397034,0.017761,0.345001,3.501198903151523,-1.8929265901261185,0.03668002232299937,1.0824342763842183,-1.5200807372381453,153.61781164914453,3.077,-2.178,2.3024
0.0123,0.007812,0.004395,1.320557,0.427551,-0.134827,0.039825,3.501203846048614,-1.8929280926779422,0.03668005637019986,1.0816211614391424,-1.5190489392774458,153.61971112256998,3.077,-2.178,2.3024
0.0123,0.011475,0.004395,1.314209,0.366516,0.353455,0.406036,3.501210256792121,-1.892926369559513,0.0366800771692341,1.0799772778808028,-1.514366598877245,153.62559993333525,3.077,-2.178,2.3024
0.0111,0.01709,0.004395,1.307129,0.519104,0.261902,0.253448,3.501219035537763,-1.8929197463983898,0.03668007854161867,1.079690563375785,-1.514484568945916,153.62834860023102,3.077,-2.178,2.3024
0.0123,0.015869,0.005371,1.323975,0.580139,0.109314,0.436554,3.501226593070455,-1.8929146989257832,0.03668008404699684,1.0811914843192465,-1.515252874932768,153.63383122047642,3.077,-2.178,2.3024
0.013,0.019287,0.003418,1.30835,0.335999,-0.073792,0.467072,3.501236769237724,-1.8929061651613848,0.0366800804546689,1.0788405257969573,-1.520523749706487,153.63950385324526,3.077,-2.178,2.3024
0.0107,0.026855,0.007324,1.313721,0.183411,0.383972,0.070343,3.5012473216223534,-1.8928923750675342,0.03668004514071822,1.0765388343624689,-1.5249342149849465,153.6385102546305,3.077,-2.178,2.3024
0.0122,0.023926,0.015381,1.304932,0.519104,0.383972,0.253448,3.501251557852607,-1.8928826540538592,0.03668000412402104,1.0832816609384415,-1.5272189306158173,153.63974759852815,3.077,-2.178,2.3024
0.0128,0.015381,0.008301,1.313965,0.458069,0.139832,-0.26535,3.5012568873690886,-1.8928788758427384,0.036680006878655615,1.0854577159760903,-1.5271016178154684,153.6363859204076,3.077,-2.178,2.3024
0.0115,0.018799,0.006836,1.317139,0.610657,0.261902,-0.173798,3.501264574985581,-1.8928719920443946,0.036680001763735974,1.0878580854634836,-1.5277443370895285,153.63403083035686,3.077,-2.178,2.3024
0.0122,0.018066,0.000977,1.301758,0.335999,0.383972,0.039825,3.5012758192478177,-1.892864217622617,0.036680009244923664,1.0839119608561898,-1.5265767344537005,153.63466681723526,3.077,-2.178,2.3024
0.0114,0.006592,0.0,1.320557,0.305481,0.445007,0.222931,3.5012828069594333,-1.8928661745452027,0.03668005775151217,1.0787307915311803,-1.5181527496469678,153.63931264186414,3.077,-2.178,2.3024
0.0123,0.017334,0.000732,1.312744,0.519104,0.200867,0.253448,3.501293725748601,-1.892859021438034,0.03668006797919539,1.076907228516226,-1.5187343216559834,153.64265503037655,3.077,-2.178,2.3024
0.0125,0.019043,0.007324,1.320312,0.763245,0.109314,0.253448,3.501301164811957,-1.892851908302771,0.03668006063754578,1.0820173084493028,-1.5212856464205442,153.6453209522783,3.077,-2.178,2.3024
0.012,0.01709,0.004883,1.313477,0.335999,0.200867,0.131378,3.5013093300478113,-1.8928458856517236,0.036680064212475307,1.0802788430563428,-1.5217130961682068,153.64688280234586,3.077,-2.178,2.3024
0.0112,0.018555,0.005371,1.306641,0.427551,0.139832,0.039825,3.5013177505275372,-1.8928386445082164,0.03668006136061181,1.079660325633743,-1.5239004682653614,153.64699831729578,3.077,-2.178,2.3024
0.0124,0.023926,0.011475,1.310547,0.427551,0.139832,0.100861,3.5013244094969633,-1.8928282202973337,0.0366800287784446,1.0830738768507737,-1.5289886415409382,153.64663324888835,3.077,-2.178,2.3024
0.0123,0.012939,0.003906,1.320312,0.580139,0.048279,0.253448,3.501331455463438,-1.89282583401516,0.03668005040878873,1.0837597501354488,-1.5286590525262118,153.65052937793857,3.077,-2.178,2.3024
0.0111,0.019775,0.007812,1.318115,0.244446,0.322937,0.345001,3.501338659736041,-1.892818453621883,0.03668004057630182,1.0823254607537245,-1.529374600479417,153.65377772166164,3.077,-2.178,2.3024
0.0127,0.016113,0.006348,1.32251,0.671692,0.445007,0.375519,3.50134545030866,-1.892813861359228,0.03668004679352279,1.085759932905987,-1.5258762251385123,153.65872879712043,3.077,-2.178,2.3024
0.012,0.018066,0.006104,1.320801,0.183411,0.170349,0.345001,3.5013530670639397,-1.892807623720482,0.036680046804166866,1.082781925783277,-1.5271260259589594,153.66267724879367,3.077,-2.178,2.3024
0.0122,0.022461,0.009033,1.315186,0.458069,0.292419,-0.02121,3.501360650301011,-1.8927981379720575,0.03668002561899668,1.0850319725017514,-1.5294107017954364,153.6613024054808,3.077,-2.178,2.3024
0.0111,0.020264,0.004395,1.30835,0.274963,0.200867,-0.234833,3.5013701627852147,-1.8927896706565353,0.03668002147056251,1.0821518967299493,-1.531775209833606,153.65825431056984,3.077,-2.178,2.3024
0.0122,0.01416,0.000732,1.318115,0.671692,0.109314,0.070343,3.5013795175807707,-1.8927858835770819,0.03668004715728173,1.082132747932969,-1.5313781236729525,153.6599857028956,3.077,-2.178,2.3024
0.0123,0.012939,0.006348,1.318115,0.549622,0.445007,0.192413,3.501384935070473,-1.8927840181245899,0.03668006428236516,1.083902315700936,-1.526206917339705,153.66304363344673,3.077,-2.178,2.3024
0.0129,0.018066,0.00415,1.308838,0.183411,0.383972,0.039825,3.501393768051217,-1.8927772065073405,0.03668006774543121,1.0801104105287949,-1.5246863711882528,153.6635107390435,3.077,-2.178,2.3024
0.0113,0.009521,0.003662,1.32251,0.397034,0.017761,0.131378,3.5013993103399423,-1.8927778713331498,0.03668010227177021,1.0780997890236446,-1.5227548730336924,153.66635486284483,3.077,-2.178,2.3024
0.0122,0.020264,0.002686,1.314941,0.366516,0.109314,0.283966,3.5014097226354335,-1.8927690915934923,0.03668010176831416,1.0755081858427677,-1.5260936310818027,153.66946486494209,3.077,-2.178,2.3024
0.0112,0.018799,0.001221,1.304932,0.366516,0.139832,0.253448,3.5014203439777547,-1.892761242496028,0.036680108626037315,1.0717816522715016,-1.5284489096272624,153.67227223325634,3.077,-2.178,2.3024
0.0125,0.013428,0.004395,1.321533,0.549622,0.109314,0.375519,3.5014267965094352,-1.8927588620256128,0.03668012854487163,1.0725621852624545,-1.527656551733629,153.6776548914224,3.077,-2.178,2.3024
0.0124,0.019043,0.003174,1.31543,0.274963,0.231384,0.497589,3.5014361472552893,-1.8927513832760705,0.03668013114609957,1.069184911362633,-1.5287572227448665,153.68366350822527,3.077,-2.178,2.3024
0.0113,0.022949,0.008057,1.315186,0.793762,0.200867,0.283966,3.5014441805311027,-1.8927413628377412,0.03668010990584747,1.0742688818732988,-1.532651118739953,153.6856771943512,3.077,-2.178,2.3024
0.0123,0.015869,0.004395,1.314453,0.335999,0.139832,0.131378,3.501451538771953,-1.8927369206380467,0.03668012165657668,1.0724255502530096,-1.532916828925844,153.68757920975708,3.077,-2.178,2.3024
0.0124,0.01709,0.003418,1.312744,0.580139,0.261902,0.070343,3.5014600184178675,-1.8927311955271746,0.03668013137528818,1.073084273176235,-1.5323914639166756,153.68862755592647,3.077,-2.178,2.3024
0.0126,0.020508,0.015137,1.304688,0.763245,0.383972,-0.478973,3.5014629385545915,-1.8927241734002218,0.036680101491228946,1.0832124854836038,-1.5322888982923268,153.68124215730128,3.077,-2.178,2.3024
0.0118,0.008545,0.009766,1.316895,0.488586,0.017761,0.039825,3.5014644584348167,-1.8927267469567963,0.03668012707579966,1.0860208341860444,-1.529738539838984,153.68279051874353,3.077,-2.178,2.3024
0.0118,0.015869,0.004883,1.312988,0.519104,0.109314,-0.234833,3.501471883982804,-1.8927221359526913,0.03668013868075289,1.0864281892628218,-1.5303996703154346,153.68026102358186,3.077,-2.178,2.3024
0.0119,0.02124,0.01001,1.311768,0.274963,0.475525,0.039825,3.50147828764475,-1.8927137739300721,0.036680119754018206,1.0869167886277191,-1.5299395759574157,153.67974452819007,3.077,-2.178,2.3024
0.0123,0.012695,-0.001221,1.313477,0.274963,0.261902,0.283966,3.5014880588717783,-1.8927109282603545,0.03668015667472851,1.0808736568873345,-1.5269509274108544,153.6845342872944,3.077,-2.178,2.3024
0.0119,0.012939,0.000732,1.324463,0.519104,-0.073792,0.314484,3.501496594182043,-1.8927084005079682,0.036680188813644266,1.078768031192334,-1.5280606667160757,153.6893299897574,3.077,-2.178,2.3024
0.0122,0.019775,0.008545,1.304688,0.488586,0.41449,0.375519,3.5015032567314406,-1.8927008358363981,0.03668017690903065,1.081074890151865,-1.5275556843873508,153.69320041225032,3.077,-2.178,2.3024
0.0122,0.011963,0.001709,1.315186,0.366516,0.109314,0.283966,3.5015108217630635,-1.892699151647137,0.036680209379212056,1.0778705713435495,-1.5260102036073597,153.69780498578353,3.077,-2.178,2.3024
0.0121,0.021484,0.003174,1.320557,0.305481,-0.012756,-0.082245,3.5015210618953403,-1.892689728699159,0.036680205970108105,1.0748900125265906,-1.5313290093651373,153.6962190083657,3.077,-2.178,2.3024
0.0114,0.017822,0.004883,1.311768,0.641174,0.200867,-0.112762,3.501528908665384,-1.8926835823361627,0.036680210624211354,1.0765534670577859,-1.532167558325111,153.69484261735806,3.077,-2.178,2.3024
0.0127,0.019043,0.003418,1.312012,0.366516,0.53656,0.314484,3.5015381265881294,-1.8926761032869046,0.036680214518041314,1.0745695666550936,-1.5293331252182403,153.69873241368813,3.077,-2.178,2.3024
0.012,0.014648,0.005371,1.319092,0.580139,0.109314,0.161896,3.5015444135796074,-1.8926728957318393,0.03668022990947664,1.0760510168637059,-1.529273957192768,153.7010995230829,3.077,-2.178,2.3024
0.012,0.02124,0.006104,1.312744,0.397034,0.139832,0.161896,3.501552844132054,-1.89266400600506,0.03668022002064087,1.075802586945689,-1.5327824852253256,153.70225957982748,3.077,-2.178,2.3024
0.0111,0.018066,0.011475,1.313232,0.519104,0.078796,0.039825,3.501556828415158,-1.8926587792161207,0.036680208520739666,1.0797113970312857,-1.5351548013998098,153.70203178028626,3.077,-2.178,2.3024
0.0123,0.013916,0.008789,1.30249,0.397034,0.200867,-0.326385,3.501560853117399,-1.8926565283864107,0.036680217256066544,1.081325866686901,-1.5335626874288026,153.6982623818287,3.077,-2.178,2.3024
0.0122,0.01416,0.009033,1.313477,0.335999,-0.043274,0.161896,3.501564782062099,-1.8926543214100444,0.03668022578463468,1.0820649297033162,-1.5350667348257183,153.7004204216423,3.077,-2.178,2.3024
0.0116,0.014648,0.002441,1.314453,0.427551,0.261902,0.314484,3.5015727910826473,-1.8926506693719616,0.03668024901700489,1.0797667358536853,-1.5333316683133185,153.70476920385775,3.077,-2.178,2.3024
0.013,0.010986,-0.003174,1.312988,0.610657,0.383972,0.650177,3.5015827885665702,-1.8926491181644558,0.03668029847985749,1.077028905569985,-1.5276574262155405,153.7150073434859,3.077,-2.178,2.3024
0.0116,0.016357,0.00415,1.303467,0.519104,0.017761,0.345001,3.5015904999403653,-1.8926439059145177,0.03668030972457555,1.0768585333349245,-1.5299578034901007,153.7191343707174,3.077,-2.178,2.3024
0.012,0.018799,0.011719,1.320068,0.427551,0.322937,0.039825,3.5015946712598573,-1.892638073789474,0.03668029555291011,1.0802200990939712,-1.5297204438113927,153.71886051433918,3.077,-2.178,2.3024
0.0122,0.011475,0.010498,1.308594,0.549622,0.383972,0.009308,3.5015968120554497,-1.8926381185411199,0.03668030882531834,1.0844796877108849,-1.5245640923023347,153.71953719227395,3.077,-2.178,2.3024
0.0114,0.018066,0.004883,1.319336,0.702209,0.078796,-0.082245,3.5016049362666135,-1.8926316949526767,0.0366803148045796,1.0866927255662528,-1.5268878603380365,153.71846643170244,3.077,-2.178,2.3024
0.0125,0.026855,0.00708,1.30835,0.458069,0.261902,0.070343,3.5016152474371602,-1.8926178534000864,0.03668028400091575,1.0879098440310697,-1.532175497547705,153.7175355688023,3.077,-2.178,2.3024
0.0117,0.014648,0.000977,1.315918,0.610657,0.170349,-0.02121,3.501624366060601,-1.8926138453743773,0.03668031269097503,1.086958537190713,-1.5314135856108286,153.71810571718356,3.077,-2.178,2.3024
0.012,0.014404,0.004395,1.318848,0.580139,0.109314,-0.02121,3.501631323526103,-1.8926106223246824,0.03668033359217239,1.0878103631533567,-1.53115242861066,153.71842396119033,3.077,-2.178,2.3024
0.0116,0.024658,0.005859,1.315918,0.641174,0.170349,0.161896,3.5016413809284845,-1.8925987569995173,0.03668031497627579,1.0899402544460584,-1.536271692995152,153.71899989422633,3.077,-2.178,2.3024
0.0125,0.009277,0.001709,1.299072,0.549622,0.41449,-0.173798,3.501648139572892,-1.8925992061196752,0.03668035991526513,1.0892150324011645,-1.529333604479805,153.7185183505629,3.077,-2.178,2.3024
0.0121,0.009766,0.004639,1.327148,0.671692,-0.012756,0.009308,3.501653277571732,-1.8926000266012493,0.03668039748304423,1.0912911356571744,-1.527769405511043,153.7199810914204,3.077,-2.178,2.3024
0.0121,0.016602,0.006592,1.30957,0.335999,0.261902,0.192413,3.5016599086852844,-1.8925948983316079,0.03668040387234412,1.0904823229964928,-1.527162807712592,153.72228543865378,3.077,-2.178,2.3024
0.0118,0.014893,0.005127,1.325195,0.335999,0.261902,0.528107,3.5016666464744657,-1.8925913138606079,0.036680421577189384,1.0885572771306244,-1.5255093607423793,153.72897441006816,3.077,-2.178,2.3024
0.0125,0.016113,0.003418,1.317871,0.397034,-0.043274,0.283966,3.5016748371965125,-1.8925863049356972,0.03668043877594512,1.0867481413114748,-1.5282219107290318,153.73280633684973,3.077,-2.178,2.3024
0.0113,0.017822,0.009033,1.312256,0.610657,0.353455,0.222931,3.5016804169610767,-1.8925805823374187,0.03668043475664168,1.090198548474007,-1.5274683544197267,153.73491502514435,3.077,-2.178,2.3024
0.0122,0.019531,0.01001,1.314941,0.641174,0.322937,0.131378,3.5016861633728302,-1.8925735591027302,0.03668042294549752,1.0951009007448866,-1.527715238507686,153.73575559741258,3.077,-2.178,2.3024
0.0114,0.017578,0.007324,1.321289,0.488586,-0.165344,-0.356903,3.5016926754656814,-1.892568045922815,0.03668042642440268,1.0962846422306283,-1.5323859397908326,153.73142851860098,3.077,-2.178,2.3024
0.0125,0.01709,0.008545,1.31543,0.488586,0.200867,-0.082245,3.501698311829254,-1.892563045220119,0.03668042794050173,1.098641576474318,-1.532518275897492,153.7301890841909,3.077,-2.178,2.3024
0.0124,0.009277,0.003418,1.311523,0.610657,0.292419,0.131378,3.501704210501648,-1.8925637271870928,0.03668047041733087,1.0993791973838127,-1.5270938689316635,153.73337324730062,3.077,-2.178,2.3024
0.012,0.016602,0.005371,1.317627,0.488586,0.322937,0.375519,3.501711720476178,-1.8925584300958986,0.036680482112457,1.0994585143913498,-1.525725344701028,153.73801445627694,3.077,-2.178,2.3024
0.0112,0.020264,0.004883,1.310547,0.458069,0.475525,0.161896,3.501721019316231,-1.8925496756328557,0.03668048156960272,1.0986398405086153,-1.5251163436968007,153.73935099304552,3.077,-2.178,2.3024
0.0123,0.013916,0.010254,1.32251,0.366516,0.200867,-0.02121,3.501724486738141,-1.8925476590308021,0.036680490039304035,1.10031455145449,-1.5234419754707882,153.73929376496892,3.077,-2.178,2.3024
0.0117,0.012207,0.012207,1.321777,0.641174,0.200867,-0.112762,3.50172620782343,-1.8925473725464297,0.03668049922755507,1.1060957146953512,-1.5209035209896424,153.7383097295555,3.077,-2.178,2.3024
0.0124,0.026855,0.007568,1.314697,0.580139,0.506042,0.070343,3.5017367698985846,-1.8925332790956706,0.036680470280300054,1.1088172845063213,-1.5231585149727866,153.73740561996513,3.077,-2.178,2.3024
0.0124,0.015869,0.001221,1.310059,0.549622,0.048279,0.161896,3.5017468030721495,-1.892527691930484,0.036680497051331105,1.1074201817941116,-1.52470457873836,153.73994983121054,3.077,-2.178,2.3024
0.0112,0.016846,0.002441,1.334717,0.580139,0.017761,0.161896,3.5017562433754064,-1.8925220056171883,0.03668051940725999,1.106373957398105,-1.5268508001266516,153.74213501710773,3.077,-2.178,2.3024
0.0127,0.019043,0.003906,1.298096,0.335999,0.292419,0.314484,3.5017657765197114,-1.8925139437124494,0.036680525969500194,1.104043334263491,-1.5273498852494978,153.74588344942777,3.077,-2.178,2.3024
0.0121,0.014648,0.008545,1.321777,0.671692,0.048279,0.222931,3.5017706659677836,-1.8925110207959437,0.036680537857848076,1.1081808725807825,-1.5280098351430307,153.74879160782308,3.077,-2.178,2.3024
0.0115,0.01416,0.009033,1.319336,0.549622,0.628113,-0.234833,3.5017751819729876,-1.892508424885441,0.036680549646694725,1.1109261895972231,-1.5217382684724257,153.74644482833978,3.077,-2.178,2.3024
0.0123,0.017578,0.003906,1.305664,0.610657,0.41449,-0.112762,3.5017844150817474,-1.8925015343888345,0.03668056285620009,1.1118705653509888,-1.5198423467068487,153.74512049036215,3.077,-2.178,2.3024
0.0123,0.016113,0.006348,1.317871,0.610657,0.078796,0.161896,3.5017914782461226,-1.8924966456524608,0.036680575744300156,1.114084187037017,-1.5210894950071314,153.74721839703,3.077,-2.178,2.3024
0.0118,0.006104,0.000732,1.315918,0.610657,0.445007,-0.051727,3.5017981109099963,-1.8924993519326048,0.03668063912296674,1.112781673165394,-1.5122421380242097,153.7489738993893,3.077,-2.178,2.3024
0.0121,0.016846,0.008057,1.30542,0.610657,0.017761,0.131378,3.501804574215281,-1.8924936608347893,0.03668064259497369,1.115939958714321,-1.5149075500483091,153.7502839702042,3.077,-2.178,2.3024
0.0118,0.020264,0.006104,1.32666,0.427551,0.200867,0.192413,3.5018135180754535,-1.8924850580883232,0.036680642401438625,1.1154862137077801,-1.5170989954280831,153.75199115462723,3.077,-2.178,2.3024
0.0122,0.013184,0.001953,1.307129,0.305481,0.170349,0.039825,3.501822182937262,-1.8924816284965977,0.03668067683259235,1.1114390233061904,-1.515682352033803,153.7533976342184,3.077,-2.178,2.3024
0.0112,0.019043,0.007812,1.327148,0.366516,0.200867,-0.082245,3.5018294174268516,-1.8924745058217154,0.036680675688901196,1.1111700326132623,-1.517207271664731,153.75198045192784,3.077,-2.178,2.3024
0.0121,0.020996,0.004395,1.302246,0.458069,0.506042,0.345001,3.5018397369831664,-1.8924644449234687,0.03668067489335241,1.1103272155284776,-1.5165040932800298,153.75553386579676,3.077,-2.178,2.3024
0.0123,0.016113,0.00415,1.32251,0.427551,0.292419,0.283966,3.5018480226438147,-1.8924591986395587,0.03668069434963637,1.1090011976525005,-1.515150626290629,153.75935330284463,3.077,-2.178,2.3024
0.0124,0.018311,0.01001,1.313232,0.305481,0.292419,0.161896,3.5018536640322697,-1.8924528247369707,0.03668068786894262,1.109715936402693,-1.5151604745802412,153.76076548726385,3.077,-2.178,2.3024
0.0122,0.012207,0.010498,1.320801,0.397034,0.261902,0.009308,3.5018565181625325,-1.8924521016245481,0.0366807023328862,1.1117465714461887,-1.5119116806847641,153.76135616054148,3.077,-2.178,2.3024
0.012,0.01709,0.004883,1.314209,0.580139,0.322937,-0.326385,3.501864899268321,-1.892445843500774,0.03668071567257006,1.1127378003363697,-1.5108723107415583,153.75748932577022,3.077,-2.178,2.3024
0.012,0.011963,0.005859,1.307617,0.244446,0.139832,-0.112762,3.5018704829536125,-1.892444280413033,0.03668074313479105,1.1102622282940173,-1.5091584459196632,153.75693800518764,3.077,-2.178,2.3024
0.0111,0.015137,0.005127,1.321045,0.152893,0.139832,-0.112762,3.501877635240369,-1.8924400354470445,0.03668076249368955,1.1061109631003787,-1.5092664897421972,153.75602923927966,3.077,-2.178,2.3024
0.0129,0.005859,-0.000244,1.316162,0.671692,0.231384,0.222931,3.501884281778358,-1.8924429368559794,0.036680829340586626,1.1056753364027705,-1.502705519108938,153.76131678070593,3.077,-2.178,2.3024
0.012,0.007812,-0.001953,1.31958,0.305481,0.200867,0.467072,3.501892559537047,-1.8924437857115273,0.03668089309162354,1.099231963304557,-1.4979364882376869,153.7690719181272,3.077,-2.178,2.3024
0.0116,0.016113,0.002197,1.310059,0.458069,0.53656,0.192413,3.5019019480573816,-1.8924375008241543,0.036680913912675944,1.0970172275718422,-1.49432429236821,153.7716232341736,3.077,-2.178,2.3024
0.0121,0.015381,0.002686,1.312988,0.610657,0.231384,0.039825,3.501910726199366,-1.8924320147565115,0.03668093630554545,1.0972001545643773,-1.4936376134748708,153.7724639416024,3.077,-2.178,2.3024
0.0114,0.015137,0.010986,1.320801,0.397034,0.109314,0.283966,3.5019144663566504,-1.8924283977595546,0.036680936753265135,1.0992557173518458,-1.4942965022154813,153.77546952949731,3.077,-2.178,2.3024
0.0122,0.016846,0.003418,1.310303,0.854797,0.383972,-0.234833,3.5019236456238407,-1.8924215097676194,0.036680952236774124,1.1029501714538033,-1.4925710370568668,153.77266458854513,3.077,-2.178,2.3024
0.0118,0.017822,0.005615,1.316406,0.488586,0.078796,0.039825,3.5019318367577195,-1.8924143242052964,0.036680958714324856,1.103162137890415,-1.4951208649401655,153.77281326384056,3.077,-2.178,2.3024
0.0123,0.02002,0.004883,1.318115,0.610657,0.445007,-0.051727,3.50194149622093,-1.892404957011548,0.036680960075000116,1.104692720664944,-1.494379962357614,153.7716112620124,3.077,-2.178,2.3024
0.0118,0.017334,0.004883,1.297363,0.488586,0.261902,-0.14328,3.501950081162082,-1.8923976812602232,0.036680968928829896,1.1045975235519727,-1.4947239977449451,153.76970195779356,3.077,-2.178,2.3024
0.0124,0.013184,0.009766,1.328125,0.274963,0.292419,-0.082245,3.501953778016742,-1.8923957321176152,0.036680981309672456,1.104824910426916,-1.4917170137026592,153.76899177678226,3.077,-2.178,2.3024
0.0126,0.013184,0.007324,1.300293,0.244446,0.475525,0.070343,3.5019590249954584,-1.8923927735141286,0.036680997584595844,1.103412971632141,-1.4867854987900477,153.77027668894445,3.077,-2.178,2.3024
0.0111,0.016113,0.001709,1.321045,0.519104,-0.043274,0.070343,3.5019687110680477,-1.892386556324979,0.03668102233576379,1.1013283479017049,-1.4897434019073812,153.77134232341936,3.077,-2.178,2.3024
0.012,0.019531,0.005615,1.312012,0.427551,0.139832,0.070343,3.5019775941660813,-1.8923777165834976,0.03668102248385204,1.1009387458225381,-1.4926499861284095,153.7715381607604,3.077,-2.178,2.3024
0.0124,0.02417,0.001953,1.307617,0.580139,0.475525,-0.14328,3.5019907746286356,-1.8923637969648948,0.036681017056889975,1.1005412203348983,-1.4940881137560578,153.7686195504995,3.077,-2.178,2.3024
0.0123,0.016357,0.00708,1.308105,0.091858,0.322937,0.345001,3.501997297318311,-1.8923582209199754,0.036681023933491194,1.096977206969014,-1.4929514664382153,153.7727202535837,3.077,-2.178,2.3024
0.0118,0.017822,0.005615,1.320068,0.335999,0.109314,-0.051727,3.5020051493993365,-1.8923513908384342,0.036681031454941476,1.0954743991441458,-1.4950711473285394,153.77183577035174,3.077,-2.178,2.3024
0.0117,0.019287,0.008057,1.314453,0.641174,0.322937,-0.112762,3.5020123529596736,-1.8923434252867077,0.036681026107776134,1.0989525871175785,-1.4956237054411945,153.76979715421405,3.077,-2.178,2.3024
0.0125,0.008057,0.01001,1.32373,0.397034,0.231384,0.070343,3.502013560574796,-1.892346290140813,0.036681055782104295,1.100890950695783,-1.490457669425729,153.77187810511205,3.077,-2.178,2.3024
0.0112,0.017822,0.009521,1.306641,0.488586,0.078796,0.009308,3.5020193832943294,-1.8923397014730439,0.03668105049282095,1.1031696830022446,-1.493209527608912,153.77131402950482,3.077,-2.178,2.3024
0.0123,0.023438,0.00708,1.325195,0.549622,0.109314,0.131378,3.5020289016769657,-1.8923280966681133,0.03668103585121491,1.1051393659754982,-1.4984793319895093,153.7715823031554,3.077,-2.178,2.3024
0.0126,0.011719,0.002441,1.311523,0.458069,0.322937,0.528107,3.5020361299081255,-1.8923262460114394,0.0366810756799699,1.1033325231510303,-1.494494026937268,153.7793940670876,3.077,-2.178,2.3024
0.0117,0.018555,0.005859,1.317627,0.732727,0.322937,0.222931,3.502044398587827,-1.892318644071244,0.036681081275127536,1.1063930463105847,-1.4946575314350585,153.7816371732382,3.077,-2.178,2.3024
0.0113,0.01709,0.005371,1.311768,0.397034,0.292419,0.222931,3.5020523009166404,-1.8923122367835037,0.036681093002508866,1.1051293276288048,-1.4945153485807465,153.78406392636592,3.077,-2.178,2.3024
0.0123,0.015137,0.004639,1.321045,0.549622,0.200867,0.283966,3.502059740215586,-1.8923077028125936,0.03668111513837538,1.1056355962891098,-1.493958553444667,153.78791496855112,3.077,-2.178,2.3024
0.0125,0.012695,0.013916,1.309082,0.366516,0.048279,-0.356903,3.5020608267291955,-1.8923066384724752,0.03668111543216218,1.1096442735783925,-1.4938321531219418,153.7833875235428,3.077,-2.178,2.3024
0.0113,0.02002,0.005127,1.306885,0.397034,0.383972,-0.02121,3.5020702153817203,-1.8922973587026068,0.03668111748222228,1.1082980572638053,-1.4944058609955275,153.78253874679388,3.077,-2.178,2.3024
0.012,0.013184,-0.000977,1.321045,0.549622,0.109314,0.345001,3.5020800286105915,-1.8922937690936483,0.03668116476747202,1.1053480328671128,-1.4938804491673123,153.78784750208746,3.077,-2.178,2.3024
0.0123,0.012451,0.002197,1.321533,0.610657,0.261902,-0.051727,3.502087716268915,-1.89229127277319,0.036681204284881,1.1052851257837442,-1.4909484814770217,153.7882664330617,3.077,-2.178,2.3024
0.012,0.020996,0.006592,1.303955,0.519104,0.445007,0.100861,3.5020967595498864,-1.8922810647342847,0.036681197217365805,1.106539849349223,-1.4912095423498937,153.7885254034197,3.077,-2.178,2.3024
0.012,0.015137,0.004883,1.314697,0.335999,0.170349,0.253448,3.502104044013844,-1.8922764175733537,0.0366812180420627,1.1045107085867243,-1.4911845476748116,153.79185264884933,3.077,-2.178,2.3024
0.0121,0.01123,0.00293,1.31958,0.458069,0.261902,0.131378,3.50211071163275,-1.8922751481714382,0.03668125931592173,1.1028797603688913,-1.487690252838494,153.79464325961072,3.077,-2.178,2.3024
0.012,0.017334,0.01001,1.306396,0.122375,0.139832,0.161896,3.5021159947604867,-1.8922690299185765,0.03668125419302751,1.1014135852880258,-1.4894387108955742,153.79595758511903,3.077,-2.178,2.3024
0.0125,0.016357,0.000732,1.320801,0.397034,-0.195862,-0.051727,3.5021258437735816,-1.8922629226681593,0.0366812840907376,1.0980231867490629,-1.4944359262538878,153.79565825951468,3.077,-2.178,2.3024
0.0113,0.013916,0.00415,1.308105,0.610657,0.353455,-0.082245,3.502132842215697,-1.8922592646797818,0.03668131051720856,1.0986232894079297,-1.491746188032793,153.79529536627,3.077,-2.178,2.3024
0.0121,0.012451,0.002686,1.313721,0.397034,0.322937,0.009308,3.5021399711510326,-1.8922568194746163,0.03668134709613382,1.0962407372346397,-1.4882655934759654,153.7963763595009,3.077,-2.178,2.3024
0.0121,0.016846,0.006592,1.316162,0.549622,0.078796,-0.051727,3.5021468109419014,-1.8922508849877866,0.036681355552934926,1.097990865801214,-1.490253585992808,153.79552548549694,3.077,-2.178,2.3024
0.012,0.011963,0.006592,1.311035,0.427551,0.353455,-0.112762,3.502151590667615,-1.892249364335987,0.03668138114307692,1.0982584113598979,-1.486176991666476,153.7948905513931,3.077,-2.178,2.3024
0.0124,0.020264,0.009766,1.302734,0.549622,0.41449,-0.082245,3.5021583810699695,-1.8922402385710784,0.03668136553614721,1.1020871793158298,-1.4862360918883126,153.79273298919134,3.077,-2.178,2.3024
0.0115,0.020264,0.008057,1.326904,0.519104,0.109314,0.039825,3.5021659313450075,-1.8922315562779004,0.03668135920412912,1.103867970083208,-1.4897843684010907,153.79229157889432,3.077,-2.178,2.3024
0.012,0.013672,0.003174,1.303711,0.458069,0.261902,-0.112762,3.502173496406561,-1.8922278097238767,0.0366813900864016,1.102474878236371,-1.4878911862303164,153.7915966172323,3.077,-2.178,2.3024
0.0126,0.01416,0.006836,1.32373,0.671692,0.200867,0.100861,3.5021791886289404,-1.8922244611327181,0.036681409447550425,1.106002224296888,-1.4867020055566014,153.79320351863083,3.077,-2.178,2.3024
0.0117,0.009521,0.003906,1.305908,0.549622,0.445007,0.345001,3.502184663933709,-1.89222455200911,0.03668145307697566,1.1057858940422252,-1.4804421578181288,153.79863649986729,3.077,-2.178,2.3024
0.0114,0.013916,0.005127,1.323486,0.366516,-0.104309,-0.14328,3.502191209198389,-1.8922210581597745,0.03668147823763083,1.1041381125871712,-1.4828163854596508,153.79742137537525,3.077,-2.178,2.3024
0.0125,0.00708,0.006104,1.311035,0.458069,0.292419,0.100861,3.502194315121184,-1.8922237902031191,0.036681523345702856,1.104576190660359,-1.4765974967323328,153.80031548300292,3.077,-2.178,2.3024
0.0118,0.012695,0.000244,1.316162,0.397034,0.048279,0.222931,3.5022031137138017,-1.8922203423864778,0.03668156690057252,1.1005281756596472,-1.476738695990831,153.80393876142554,3.077,-2.178,2.3024
0.0117,0.020752,0.005127,1.321533,0.305481,-0.073792,0.161896,3.5022124704904423,-1.8922104038553373,0.036681565928471896,1.0982602619157136,-1.482874196267631,153.80492995210201,3.077,-2.178,2.3024
0.0121,0.020508,0.008545,1.310791,0.397034,0.139832,-0.02121,3.502219817254627,-1.8922011038180373,0.03668155389916793,1.099321884042911,-1.48640268819757,153.80354943578328,3.077,-2.178,2.3024
0.012,0.017822,0.005859,1.311035,0.427551,0.475525,-0.082245,3.502227519481423,-1.8921939175656102,0.03668156080099765,1.0991458068693696,-1.4843401605940636,153.80225060540485,3.077,-2.178,2.3024
0.0126,0.013916,0.001953,1.311768,0.488586,-0.165344,0.131378,3.502235621937641,-1.8921899231083132,0.036681595237394754,1.0976358476618517,-1.4877723601932868,153.80452567769746,3.077,-2.178,2.3024
0.0122,0.018066,0.005615,1.311279,0.580139,0.383972,-0.082245,3.5022435192666057,-1.8921825216347172,0.03668160225270904,1.0992546511354677,-1.4868501535324399,153.8031718661702,3.077,-2.178,2.3024
0.0118,0.013428,0.007812,1.316162,0.305481,0.170349,-0.14328,3.502248156837554,-1.8921799154019971,0.03668161967872817,1.0986903095966183,-1.4858006336685494,153.8017998437637,3.077,-2.178,2.3024
0.0122,0.015381,0.003906,1.312012,0.549622,0.383972,0.100861,3.5022558620569457,-1.8921747406687381,0.0366816423220616,1.0988721821023175,-1.4833648485277797,153.80332468366063,3.077,-2.178,2.3024
0.0113,0.02002,0.003174,1.31665,0.213928,0.109314,0.406036,3.502265736785201,-1.8921653676991923,0.03668165053722685,1.0942936049577443,-1.4870593896206177,153.80735418309123,3.077,-2.178,2.3024
0.0123,0.019775,0.006592,1.314697,0.458069,0.383972,0.161896,3.5022736707277655,-1.8921566785865072,0.03668164837218631,1.0949989509128704,-1.4871042212409018,153.80860960334195,3.077,-2.178,2.3024
0.0119,0.01416,0.011719,1.314453,0.397034,0.475525,0.070343,3.502276491568014,-1.8921538923757184,0.036681649952536165,1.0978021654870083,-1.4829355304473373,153.8093551244932,3.077,-2.178,2.3024
0.0121,0.014893,0.007568,1.318115,0.763245,0.109314,0.283966,3.5022819608857385,-1.8921498808210084,0.03668166375165014,1.1025445270035321,-1.48352990145153,153.81285904964864,3.077,-2.178,2.3024
0.0117,0.027344,0.010742,1.310791,0.610657,0.353455,0.100861,3.5022911545266604,-1.892134564244079,0.036681621234848825,1.1071232141542966,-1.4886444903418412,153.81153091135323,3.077,-2.178,2.3024
0.0122,0.016846,0.004395,1.306885,0.610657,0.109314,0.100861,3.5022993291009743,-1.8921282012772536,0.03668163926615561,1.1082681307393132,-1.4904185504613483,153.81273619345745,3.077,-2.178,2.3024
0.0125,0.01123,0.004395,1.319336,0.488586,0.261902,-0.02121,3.502305084112976,-1.8921272244309923,0.03668167902369167,1.108050096680521,-1.4867950071053306,153.81358474361815,3.077,-2.178,2.3024
0.0111,0.022461,0.007568,1.306152,0.549622,0.139832,-0.204315,3.5023138857496114,-1.8921160432103081,0.03668166527970157,1.1098043521465233,-1.4915963843104876,153.80995003458338,3.077,-2.178,2.3024
0.0129,0.014404,0.01001,1.308105,0.397034,0.261902,-0.02121,3.5023178965459465,-1.8921127754514626,0.0366816731636228,1.1119224518269437,-1.4898424335858098,153.80967293283106,3.077,-2.178,2.3024
0.0121,0.013672,0.005371,1.322266,0.580139,-0.165344,-0.02121,3.5023241463937453,-1.8921098194092878,0.036681702060121224,1.113124411839188,-1.4928235101965233,153.80993284803148,3.077,-2.178,2.3024
0.0114,0.018066,0.001221,1.307373,0.610657,0.41449,0.253448,3.5023346849476953,-1.8921018515859147,0.036681727857892754,1.1118243641132368,-1.4919383450558996,153.81292544645768,3.077,-2.178,2.3024
0.0116,0.022461,0.000732,1.303467,0.427551,0.322937,0.283966,3.502347264906842,-1.8920897325303494,0.03668173859016083,1.108280398072506,-1.494669852864923,153.81549840083557,3.077,-2.178,2.3024
0.0125,0.020752,0.001953,1.311523,0.458069,0.41449,0.192413,3.502358303152857,-1.8920796447553447,0.03668175237211142,1.1062358920805908,-1.4948100911416018,153.817478578528,3.077,-2.178,2.3024
0.0119,0.019775,0.008545,1.3125,0.458069,0.139832,0.131378,3.502365195277027,-1.8920714715733757,0.03668174647533039,1.1077958058368005,-1.49782463194765,153.8181652249802,3.077,-2.178,2.3024
0.0124,0.014648,0.013916,1.3125,0.549622,0.475525,-0.356903,3.502367106667918,-1.8920686627314578,0.03668174063597351,1.1139621328742255,-1.4935179911961889,153.81343220346508,3.077,-2.178,2.3024
0.0121,0.012695,0.009766,1.313965,0.335999,0.322937,-0.204315,3.50237053489286,-1.8920670965432305,0.0366817572611825,1.1148670370830518,-1.4901061780248457,153.81136031432024,3.077,-2.178,2.3024
0.012,0.016846,0.006104,1.308594,0.274963,0.200867,-0.173798,3.5023777312437545,-1.8920611174393498,0.03668177126134387,1.1128945656034832,-1.490713291453784,153.80916592210247,3.077,-2.178,2.3024
0.0113,0.014893,0.003174,1.313965,0.213928,0.200867,0.314484,3.502385554155831,-1.8920567489370383,0.03668180324198888,1.1082018561756601,-1.4903470810731836,153.81326167799287,3.077,-2.178,2.3024
0.0123,0.009766,0.003174,1.325684,0.274963,0.261902,0.467072,3.502391078784371,-1.8920572881970321,0.03668185429209117,1.1044078361203813,-1.4859742108354075,153.82055379686707,3.077,-2.178,2.3024
0.0123,0.010254,0.002441,1.307373,0.335999,0.292419,0.375519,3.502397233716834,-1.892056904169808,0.03668190358469487,1.1010577426156973,-1.4817384119054218,153.82659122727466,3.077,-2.178,2.3024
0.0114,0.014404,0.006836,1.309326,0.549622,0.200867,0.528107,3.5024028322639777,-1.8920531612035079,0.036681921900188055,1.1023845437974118,-1.4812671088993268,153.83282361175964,3.077,-2.178,2.3024
0.0125,0.01001,0.011963,1.331787,0.458069,-0.043274,0.314484,3.5024038027172995,-1.8920545266470057,0.03668194092673007,1.106037856136923,-1.4807485237306715,153.8374036013953,3.077,-2.178,2.3024
0.0123,0.016602,0.005127,1.29541,0.427551,0.170349,0.131378,3.5024114008001224,-1.892048159086207,0.036681955874232876,1.1054887611266697,-1.4818818034804644,153.83888564815643,3.077,-2.178,2.3024
0.0121,0.023682,0.003174,1.315674,0.366516,0.170349,-0.082245,3.502422814615398,-1.8920355432656442,0.03668195441696046,1.1029773057915506,-1.4868195164628208,153.83671561159906,3.077,-2.178,2.3024
0.0115,0.015381,0.003662,1.312988,0.458069,0.109314,0.039825,3.502430369264243,-1.8920307447024118,0.03668198156211304,1.1015721515589174,-1.4877343203847888,153.83750766463243,3.077,-2.178,2.3024
0.0122,0.02417,0.002686,1.318848,0.427551,0.383972,0.345001,3.502442050505798,-1.8920178630141782,0.03668198053001039,1.0994503953529786,-1.4903400902674075,153.84057721583167,3.077,-2.178,2.3024
0.0115,0.015137,0.00293,1.304443,0.519104,0.41449,-0.082245,3.5024498755115645,-1.892013108309943,0.03668201058459619,1.0984179030609875,-1.4876905477724114,153.84011330973107,3.077,-2.178,2.3024
0.0125,0.016113,0.008545,1.324463,0.610657,0.261902,-0.26535,3.502455113370482,-1.8920084576411165,0.03668201914933687,1.1022691199490242,-1.4867983308282546,153.83666021388066,3.077,-2.178,2.3024
0.0121,0.011719,0.012939,1.312256,0.702209,0.353455,-0.26535,3.5024563369945656,-1.8920080802774466,0.036682026795520864,1.109557438542465,-1.4825282267497712,153.8337072702546,3.077,-2.178,2.3024
0.0117,0.010498,0.006592,1.31543,0.213928,0.231384,0.070343,3.5024604141814923,-1.8920080449343193,0.03668206206439019,1.107026679186958,-1.4791870233524378,153.835552513065,3.077,-2.178,2.3024
0.0122,0.010986,0.005859,1.320068,0.335999,0.170349,0.283966,3.502465054528411,-1.8920074870211148,0.036682098186040686,1.1055862831799448,-1.4767844956324123,153.84000021328976,3.077,-2.178,2.3024
0.0115,0.014893,-0.001953,1.306152,0.366516,0.109314,0.406036,3.502475517161567,-1.892002025024789,0.03668214633548484,1.0997534874703132,-1.4776915176337446,153.84550188176402,3.077,-2.178,2.3024
0.0124,0.017334,0.003174,1.315186,0.427551,0.53656,0.467072,3.5024842359950012,-1.891995066220825,0.03668216738942532,1.097986668255833,-1.4745708117897265,153.85133965318062,3.077,-2.178,2.3024
0.0125,0.018066,0.005615,1.311523,0.580139,0.261902,0.100861,3.5024920505252295,-1.8919876357230652,0.0366821768279732,1.0997151181920974,-1.4752218822065293,153.85221409739856,3.077,-2.178,2.3024
0.0115,0.022949,0.009277,1.304199,0.427551,0.506042,0.070343,3.502500193458792,-1.8919758432115579,0.03668215435387975,1.101311340200294,-1.4763049319168435,153.85139060167012,3.077,-2.178,2.3024
0.0114,0.02417,0.010742,1.327393,0.458069,-0.104309,-0.173798,3.5025077439152703,-1.8919639948780218,0.036682126223147885,1.1039700187867982,-1.484565325478434,153.8474834537838,3.077,-2.178,2.3024
0.0121,0.016602,0.007812,1.308838,0.244446,0.231384,-0.234833,3.502513611067238,-1.891958527836461,0.03668213439622952,1.1027933289234755,-1.484679980404308,153.84439612954262,3.077,-2.178,2.3024
0.012,0.017578,0.00293,1.311279,0.427551,0.078796,-0.295868,3.502522355557757,-1.8919517509211503,0.03668215769796804,1.1009446641644234,-1.4871503286189263,153.84085055071316,3.077,-2.178,2.3024
0.0128,0.020508,0.003174,1.315918,0.366516,0.292419,0.039825,3.5025321042406623,-1.8919424485659626,0.03668216974502008,1.098693372978778,-1.4885463495538989,153.84086927954138,3.077,-2.178,2.3024
0.0118,0.012695,0.001221,1.322266,0.305481,0.231384,0.192413,3.502539403953699,-1.891940373045543,0.03668221824436023,1.0941913866666253,-1.4863425595453714,153.84431563108902,3.077,-2.178,2.3024
0.0116,0.008545,0.002686,1.307129,0.274963,0.383972,0.070343,3.502544206079777,-1.8919419808603222,0.03668227422253196,1.0902599753011615,-1.4801846607284153,153.84689689957798,3.077,-2.178,2.3024
0.0121,0.013916,0.000977,1.310547,0.488586,0.109314,0.009308,3.5025521284532357,-1.8919383736709143,0.036682316214877136,1.0880791380428017,-1.4802747574756174,153.8478304276839,3.077,-2.178,2.3024
0.0124,0.017334,-0.000732,1.330566,0.458069,0.017761,0.131378,3.5025620896925824,-1.891931888532772,0.036682353411335786,1.084619192356328,-1.4831971705797289,153.84985118441105,3.077,-2.178,2.3024
0.0112,0.012939,0.003906,1.305908,0.519104,0.170349,0.345001,3.5025680272055055,-1.891929473027597,0.03668238741413027,1.0840313924966007,-1.4822335286728079,153.8544429526404,3.077,-2.178,2.3024
0.0122,0.025146,0.006836,1.313965,0.458069,0.322937,0.314484,3.5025776655852976,-1.8919159960297436,0.036682365278432175,1.0849040982177296,-1.486268479108428,153.85645267782857,3.077,-2.178,2.3024
0.012,0.010742,0.006104,1.318115,0.397034,0.170349,0.314484,3.5025814948043936,-1.891916164561023,0.036682401361144645,1.0844989076867892,-1.4837107168965162,153.86125948238336,3.077,-2.178,2.3024
0.0125,0.015381,0.007568,1.325928,0.519104,0.139832,-0.02121,3.5025865520453636,-1.891912235417772,0.03668241536676148,1.0867134225578987,-1.4839855649419986,153.86102548629236,3.077,-2.178,2.3024
0.0123,0.016113,0.009766,1.310547,0.458069,0.139832,-0.204315,3.5025909212584074,-1.8919075247879726,0.036682416807235906,1.0894800477295241,-1.4848759556238957,153.85812637722213,3.077,-2.178,2.3024
0.0119,0.021973,0.009766,1.329346,0.458069,0.078796,-0.082245,3.502597589698588,-1.8918979128297955,0.03668239931239182,1.0918826040118959,-1.4896757842245711,153.8557596968553,3.077,-2.178,2.3024
0.012,0.00708,0.005127,1.29248,0.458069,0.597595,-0.295868,3.502600620359277,-1.891900861181599,0.036682451141457496,1.0918537675119067,-1.4799980680008584,153.8540261887062,3.077,-2.178,2.3024
0.0112,0.018799,0.004883,1.318359,0.549622,0.231384,-0.112762,3.5026086391052744,-1.8918932195553098,0.03668246224570429,1.092181439858835,-1.4815378607260548,153.85236123294806,3.077,-2.178,2.3024
0.0121,0.016602,0.003906,1.317139,0.183411,0.109314,0.467072,3.5026160645420465,-1.8918876323453662,0.03668248480015786,1.0878703094516213,-1.4831917166938124,153.8580966625348,3.077,-2.178,2.3024
0.0127,0.013916,0.00415,1.311279,0.671692,0.53656,0.253448,3.502622410808856,-1.8918843021263785,0.036682516019413955,1.0900640046038808,-1.4778666701584249,153.86195296228905,3.077,-2.178,2.3024
0.012,0.019287,0.010254,1.304932,0.183411,0.078796,0.253448,3.5026279589233917,-1.8918764670242363,0.03668250296892244,1.089581481536145,-1.4816297274761796,153.8638929080483,3.077,-2.178,2.3024
0.0113,0.019775,0.014404,1.316895,0.641174,0.353455,0.070343,3.5026316696700532,-1.8918688791418412,0.03668247496109897,1.0964797074671713,-1.4823895196563477,153.8632677511135,3.077,-2.178,2.3024
0.0127,0.014893,0.010498,1.303955,0.274963,0.048279,0.039825,3.5026352645152667,-1.891865278900741,0.03668247870492873,1.0974193559616334,-1.4838232104906206,153.86352933135123,3.077,-2.178,2.3024
0.0117,0.020996,0.012207,1.323242,0.458069,0.017761,-0.02121,3.502640428366877,-1.8918567693170576,0.03668245661069065,1.1010780228981318,-1.4888990623309928,153.86185597235377,3.077,-2.178,2.3024
0.0123,0.023193,0.006592,1.307129,0.641174,0.445007,-0.02121,3.5026495059793783,-1.891845335026152,0.03668244691626,1.1040373260147955,-1.4902573697031483,153.86030709577557,3.077,-2.178,2.3024
0.0111,0.015869,0.005859,1.306641,0.580139,0.41449,0.039825,3.502655941450045,-1.8918405386772699,0.03668246746521664,1.1050928633675186,-1.4881953561978685,153.86090317205608,3.077,-2.178,2.3024
0.0129,0.019775,0.008545,1.319824,0.366516,0.109314,-0.051727,3.502662500947949,-1.8918328018540769,0.036682464915022334,1.1059610215290545,-1.4913781276332538,153.85942421653274,3.077,-2.178,2.3024
0.0114,0.015625,-0.001221,1.306152,0.519104,0.109314,0.039825,3.5026723671697204,-1.8918276764282418,0.03668251516097962,1.1023430244308203,-1.49249081772394,153.8607147500876,3.077,-2.178,2.3024
0.0121,0.018066,0.006592,1.302734,0.702209,0.322937,0.070343,3.5026793215450387,-1.8918209237046302,0.03668252462195592,1.10588756631137,-1.4924441883464283,153.86121437871157,3.077,-2.178,2.3024
0.0121,0.015137,0.004395,1.317627,0.488586,0.261902,0.100861,3.502686121186601,-1.891816944424254,0.036682555759585796,1.1054769661168593,-1.4912185618350036,153.86291473952795,3.077,-2.178,2.3024
0.0119,0.022461,0.007812,1.314941,0.335999,0.109314,0.283966,3.5026940901697134,-1.8918066772449906,0.03668254571992738,1.1051234743246046,-1.4961871204302228,153.86502606117338,3.077,-2.178,2.3024
0.0126,0.01709,0.008545,1.313477,0.335999,0.475525,0.039825,3.502699534613624,-1.8918013167600223,0.03668255269122173,1.1055043232704667,-1.4933095799993628,153.86528746652678,3.077,-2.178,2.3024
0.0111,0.017334,0.006592,1.321045,0.427551,0.383972,0.222931,3.502706032893082,-1.8917957168731319,0.03668256774728859,1.1051719977520125,-1.4922412810396515,153.86767411455736,3.077,-2.178,2.3024
0.0121,0.020996,0.010254,1.308838,0.397034,0.231384,0.100861,3.5027122498062173,-1.8917868790683439,0.0366825531369978,1.1071317012362765,-1.4949181804101361,153.8676745145767,3.077,-2.178,2.3024
0.0124,0.017334,0.008057,1.316162,0.335999,0.139832,-0.326385,3.5027179764066947,-1.8917814460532936,0.036682562374274,1.107248404369419,-1.4962809933384347,153.86335259105658,3.077,-2.178,2.3024
0.0114,0.017578,0.008301,1.314209,0.519104,0.048279,-0.112762,3.502723668278957,-1.8917758372320064,0.036682569869974646,1.109183507687494,-1.4990197799536973,153.86170571611623,3.077,-2.178,2.3024
0.0124,0.021729,0.006104,1.312744,0.488586,-0.012756,0.100861,3.502732048101258,-1.8917664438408284,0.0366825714616055,1.1099036116460634,-1.5049205353757746,153.86204475139738,3.077,-2.178,2.3024
0.0121,0.016846,0.005859,1.306885,0.427551,0.41449,0.161896,3.5027386668705347,-1.8917612615681219,0.03668259158344581,1.1095998070272266,-1.5028949641443246,153.86409883258688,3.077,-2.178,2.3024
0.0121,0.00708,0.005615,1.309082,0.458069,0.078796,0.283966,3.5027415720446635,-1.891764772273249,0.03668264914543345,1.1094675849084186,-1.4992004698095012,153.8694031000117,3.077,-2.178,2.3024
0.0124,0.015625,0.005859,1.321289,0.274963,0.109314,0.314484,3.502747594516006,-1.8917608937951678,0.0366826746687599,1.1073016790114463,-1.4999854210413488,153.87359752806245,3.077,-2.178,2.3024
0.0111,0.017578,0.01001,1.308105,0.335999,0.322937,0.070343,3.5027523797913678,-1.8917553379855778,0.03668267414232641,1.1080472679223192,-1.4998113082413391,153.87386892604002,3.077,-2.178,2.3024
0.0123,0.016846,0.00415,1.31958,0.397034,0.292419,0.345001,3.5027597157967807,-1.891750215208624,0.03668270208401748,1.1063703930999678,-1.4991075457407228,153.87838313033808,3.077,-2.178,2.3024
0.0122,0.020996,0.006104,1.306641,0.488586,0.139832,0.009308,3.5027677710241774,-1.8917413229735953,0.03668270523618724,1.1070788118746056,-1.5028137163650048,153.8777035128411,3.077,-2.178,2.3024
0.0122,0.025391,0.006348,1.31665,0.610657,0.109314,-0.26535,3.5027772983439807,-1.8917289450935146,0.03668269329044924,1.1094357619182749,-1.509179556510753,153.87291900073726,3.077,-2.178,2.3024
0.0114,0.014893,0.005615,1.30249,0.641174,0.475525,0.161896,3.502783248202653,-1.8917254921633446,0.03668272216155143,1.1111325659647049,-1.5056211993829913,153.87525901105053,3.077,-2.178,2.3024
0.0121,0.018555,0.007324,1.32251,0.549622,0.41449,0.100861,3.5027897445594793,-1.8917192578897606,0.036682732856015095,1.1130725377206594,-1.5043409863091963,153.87621065432424,3.077,-2.178,2.3024
0.0125,0.01709,0.00708,1.307617,0.610657,0.292419,0.131378,3.502795932996301,-1.8917139574447979,0.03668274854565854,1.115886346936648,-1.5037946128773039,153.8777796481159,3.077,-2.178,2.3024
0.0119,0.009277,0.00415,1.322266,0.305481,0.292419,0.100861,3.5028004190908133,-1.8917156015636127,0.03668280670552168,1.1129521028295248,-1.4986915428099592,153.88070598077672,3.077,-2.178,2.3024
0.0116,0.019531,0.010742,1.305664,0.427551,0.506042,0.345001,3.5028058319769575,-1.8917081821558823,0.036682796831438484,1.1152164085986123,-1.4975110671730956,153.8838011899999,3.077,-2.178,2.3024
0.0125,0.019531,0.007812,1.320801,0.305481,0.109314,0.222931,3.5028125542191795,-1.891700997607962,0.036682801941126573,1.114561064703765,-1.5005490294028794,153.8860002908233,3.077,-2.178,2.3024
0.0123,0.015137,0.00293,1.309326,0.458069,0.109314,0.161896,3.502819992567921,-1.8916971524968242,0.036682842769394944,1.1129381760958004,-1.50117139983678,153.88866014275237,3.077,-2.178,2.3024
0.012,0.019531,0.003174,1.316895,0.335999,0.231384,0.100861,3.5028289144426052,-1.8916896188914476,0.03668286686794591,1.1098858269945302,-1.5028077753344429,153.8897566671109,3.077,-2.178,2.3024
0.0114,0.011719,0.009766,1.308838,0.335999,0.353455,-0.051727,3.5028314929478745,-1.89168935141304,0.03668289023717349,1.1105867148032413,-1.498706551639916,153.88981259341855,3.077,-2.178,2.3024
0.0122,0.008545,0.004395,1.321777,0.610657,-0.012756,-0.26535,3.5028355014096775,-1.891691623771344,0.036682949733437414,1.111743082513279,-1.4967494519525202,153.88832013744997,3.077,-2.178,2.3024
0.0123,0.016846,0.004395,1.309814,0.641174,0.445007,0.589142,3.502842987043745,-1.8916861160506602,0.036682977234925515,1.1130971455688443,-1.4944186862252267,153.89579506654513,3.077,-2.178,2.3024
0.0115,0.014893,0.002441,1.315918,0.549622,0.200867,0.375519,3.50285061123975,-1.891682313819275,0.03668302090909708,1.1118104503455521,-1.493963109857818,153.90086620577875,3.077,-2.178,2.3024
0.0125,0.01416,0.00293,1.318604,0.366516,0.231384,0.283966,3.502857616825187,-1.891679257430344,0.0366830649233128,1.1091035042911745,-1.4924618598751593,153.90526558952882,3.077,-2.178,2.3024
0.0114,0.022705,0.007568,1.314697,0.427551,0.445007,0.161896,3.502865860694865,-1.8916687539379387,0.03668305725681892,1.1094771714446205,-1.493800909846371,153.90591156505096,3.077,-2.178,2.3024
0.0121,0.023682,0.009766,1.317139,0.397034,0.475525,-0.082245,3.5028734265973904,-1.891657649548017,0.03668303762287091,1.1111109105056096,-1.4949244998934113,153.90336201154975,3.077,-2.178,2.3024
0.0123,0.017334,0.006592,1.311768,0.427551,0.017761,-0.112762,3.5028798760210136,-1.8916520894546667,0.03668305470904606,1.1113707365473076,-1.4979009311872198,153.90182423342395,3.077,-2.178,2.3024
0.0123,0.020996,0.010254,1.313477,0.397034,0.53656,-0.448456,3.502886084274506,-1.8916434749910498,0.03668304297221694,1.1134818104246098,-1.496562743066081,153.89522994464025,3.077,-2.178,2.3024
0.0117,0.007568,0.008545,1.314453,0.427551,0.139832,-0.173798,3.502887650234396,-1.891646830839787,0.03668308798377407,1.1145937434538287,-1.4923843199780522,153.8947143006596,3.077,-2.178,2.3024
0.0123,0.009521,-0.000732,1.330811,0.152893,0.231384,0.070343,3.502894355397042,-1.8916479518759042,0.03668316594616776,1.1071061581088206,-1.4880713080767343,153.89771300078397,3.077,-2.178,2.3024
0.0116,0.010986,-0.000488,1.30127,0.335999,0.292419,0.406036,3.502901610677102,-1.891647220791632,0.03668323356820108,1.101796855398006,-1.4845174192669097,153.90411113567987,3.077,-2.178,2.3024
0.0124,0.020264,0.004639,1.319824,0.427551,0.445007,0.528107,3.5029101895513364,-1.8916386735220319,0.036683246806641076,1.1008194119849397,-1.4840964543914146,153.91019068422645,3.077,-2.178,2.3024
0.0114,0.007568,0.004883,1.311523,0.244446,0.109314,0.528107,3.50291322450029,-1.8916416783875172,0.03668330408427232,1.0975516674517647,-1.4806184444780512,153.917993536458,3.077,-2.178,2.3024
0.0121,0.016602,0.01123,1.321045,0.488586,0.200867,0.558624,3.50291710224949,-1.8916369521687415,0.03668330261944173,1.1010250222896925,-1.4811526015450303,153.92426052914777,3.077,-2.178,2.3024
0.0122,0.019775,0.009277,1.307617,0.488586,0.170349,-0.082245,3.5029233305192253,-1.891628929031658,0.036683296540619935,1.1036648874436559,-1.4839262759562688,153.92228878583427,3.077,-2.178,2.3024
0.0121,0.026611,0.006592,1.314941,0.244446,0.475525,0.070343,3.5029336645735527,-1.8916147092074196,0.03668327858606054,1.101656197459983,-1.486932902313649,153.921281712236,3.077,-2.178,2.3024
0.0122,0.030029,0.009277,1.308594,0.488586,0.261902,-0.082245,3.5029441129322856,-1.8915976067979423,0.03668323660833795,1.104289040629085,-1.4945196899710251,153.91746225846913,3.077,-2.178,2.3024
0.0111,0.018555,0.008789,1.330078,0.274963,0.261902,0.009308,3.5029497044574267,-1.8915916105968074,0.03668324185826268,1.1035722302740987,-1.4953072477678313,153.9171118945394,3.077,-2.178,2.3024
0.0123,0.02124,0.011719,1.23999,-0.335388,-18.781067,8.310089,3.5022986680325277,-1.891268662048252,0.036702202963819014,1.0954049497240232,-1.7325093637969413,154.01383483997483,3.076,-2.177,2.2992
0.0126,0.954102,0.05957,1.174316,-0.671082,0.872253,-0.784149,3.499047007817455,-1.8892783049137765,0.036838436661817214,1.1089737375914526,-2.142255733164837,153.87180462131096,3.073,-2.173,2.2927
0.0118,0.461182,0.078857,1.577393,3.143616,-4.49884,-2.096405,3.4953158219855465,-1.8874771562006118,0.03701027574773944,1.1740287685625708,-2.388174666355144,153.780244580653,3.071,-2.171,2.2959
0.0121,0.219238,-0.036621,1.376953,-0.06073,3.31366,1.840363,3.4914671045930343,-1.8856680566508626,0.03720560869426648,1.1431430366687705,-2.451459739833238,153.79378966303284,3.069,-2.168,2.2975
0.0111,0.383057,-0.003174,1.135742,4.150696,0.41449,-6.124725,3.4884544753973192,-1.8843329171733023,0.03739186907604467,1.1821686267610834,-2.66597987032579,153.6729258816361,3.066,-2.166,2.2975
0.0123,0.487549,0.07373,1.519287,4.669495,-7.672668,-4.110565,3.485439834355242,-1.8830991679363047,0.03758701076358396,1.2671412651787952,-2.964560824018048,153.5472413478508,3.064,-2.164,2.2943
0.0123,0.23291,-0.069092,1.363037,-3.020935,7.311462,1.596222,3.480755696977399,-1.8810474933487782,0.03788812002494062,1.181045837347154,-2.980638416097148,153.58547796159812,3.06,-2.159,2.2878
0.0121,0.148438,-0.106445,1.108887,-2.83783,7.952332,1.168976,3.4751061685107723,-1.8785792529001206,0.03824939268494272,1.0649925354572651,-2.9647935391360045,153.65613032928232,3.057,-2.155,2.283
0.0124,0.3396,-0.096436,1.077637,3.631897,6.701111,-4.568329,3.4695595131476944,-1.876204951015508,0.03867084827205307,1.0423125826469553,-3.0831581902493106,153.60547433874217,3.054,-2.151,2.283
0.0111,0.548828,0.013184,1.398926,2.502747,4.595398,5.014191,3.465417760609002,-1.8743119042306597,0.039053314593423816,1.0671915488084676,-3.2781686043393035,153.57420853104557,3.05,-2.147,2.2846
0.0119,0.070068,-0.080566,1.499756,0.82428,0.109314,-0.326385,3.460875422995237,-1.8723035048666272,0.03934956935209835,1.0266084280958512,-3.2855192778659372,153.62993175665005,3.048,-2.144,2.2814
0.0126,0.342773,0.107178,1.1604,3.235168,1.726746,-9.115448,3.4547384919118294,-1.8691397116144526,0.039873201415615976,1.1341535898839628,-3.4479272234065674,153.3716687434204,3.042,-2.138,2.2797
0.0114,0.328369,0.090576,0.824219,6.74469,4.595398,-16.836395,3.4489841355301913,-1.8662031666226537,0.04045317864964047,1.2918239183210674,-3.6385387943921432,153.00692752303252,3.039,-2.134,2.2797
0.013,0.279785,0.087402,1.260254,4.333801,8.806824,-17.019501,3.4431986383848225,-1.8632269433621105,0.04098235355545987,1.4035936321538118,-3.6543062980917425,152.6890772714429,3.036,-2.13,2.2781
0.0112,0.150879,0.060059,1.513428,1.983948,0.322937,-28.280487,3.4382313519835797,-1.860643073063306,0.04138109440321193,1.4642229264444573,-3.687912388656528,152.3330518121863,3.031,-2.125,2.2716
0.0122,0.270264,0.045166,1.373779,-0.732117,3.801941,-24.984589,3.4323190502643897,-1.8576818134943003,0.04193180589106572,1.487556401074829,-3.749845790428478,151.98314183295653,3.028,-2.121,2.2684
0.0122,0.138428,-0.040039,1.233643,2.594299,5.57196,-28.829803,3.4265828319685308,-1.8549848263222264,0.0424203475566022,1.5032528976897,-3.7281406595338846,151.6826942747804,3.023,-2.115,2.2603
0.0122,0.154053,0.043457,1.2854,-0.884705,7.036804,-28.982391,3.420541355495382,-1.8517302727281335,0.04294524044363883,1.5284591257624223,-3.694492317718019,151.2958302956724,3.019,-2.111,2.2571
0.0121,0.149902,0.057373,1.381592,-7.87323,0.567078,-26.47995,3.414601871201576,-1.8484139586786015,0.04345431200146174,1.4737185301034903,-3.7313068566867345,150.93226445953016,3.016,-2.106,2.2506
0.0114,0.062012,-0.016602,1.498047,-9.612732,1.787781,-28.799286,3.408946706927127,-1.84545066235659,0.04387448011416105,1.3641704393972458,-3.7032636379993695,150.6389165273028,3.01,-2.099,2.2457
0.0121,0.118164,0.100098,1.4729,-1.525574,5.022644,-27.242889,3.402844736702719,-1.8417031281890828,0.04438205924212394,1.4081283955101456,-3.6655195434260213,150.2368559403434,3.006,-2.095,2.2409
0.0123,-0.028809,0.022705,1.470459,3.296204,9.997009,-30.477753,3.396834887308039,-1.8382236056202281,0.044750754129099034,1.4708188068948187,-3.4892738763808127,149.87294190238177,3.003,-2.09,2.236
0.0123,-0.056885,-0.036377,1.259521,0.793762,4.229187,-30.3862,3.3909493549887646,-1.835065143836868,0.04504879994839261,1.4668436640650042,-3.366468387344437,149.56629805965233,2.998,-2.084,2.2295
0.011,0.056152,-0.119385,1.488037,-0.213318,-4.804016,-29.958954,3.385615589968664,-1.832585760913105,0.04540168633278067,1.407760843808152,-3.4113976892903257,149.35288098105318,2.995,-2.08,2.2279
0.013,0.000732,-0.116943,1.12085,8.667297,-6.513,-28.951874,3.3792107544993644,-1.8295536090084705,0.04577929595650751,1.4482144497845242,-3.4604713179681736,149.12346797024298,2.989,-2.072,2.2247
0.0118,-0.057373,-0.003418,0.975586,6.531067,-3.766418,-27.456512,3.37338401011414,-1.8261407071477325,0.04604213946665795,1.5292556479855683,-3.4269428822760513,148.8368202874065,2.985,-2.068,2.2198
0.0119,-0.123779,-0.10376,1.482422,0.183411,0.017761,-31.851044,3.3675195766819956,-1.8230898756578184,0.04624061445477283,1.485158837252231,-3.3254172542318026,148.5766777805356,2.982,-2.063,2.215
0.0122,0.041016,0.074219,1.279541,7.660217,10.058044,-31.606903,3.3617572287872513,-1.8193362591729836,0.04663869603488511,1.6315267118781775,-3.1926114492193034,148.1512498603958,2.977,-2.057,2.2085
0.0115,-0.118408,0.035156,1.565918,3.265686,4.534363,-26.327362,3.3563797441201273,-1.816033219976945,0.04679005438361819,1.6873443770502763,-3.0490669385621065,147.86653474218753,2.974,-2.052,2.2053
0.0123,-0.047363,-0.098877,1.049805,-0.701599,-0.440002,-22.848358,3.350585652669606,-1.8130569377243455,0.04699891410653908,1.6059730061218909,-2.990941322141821,147.71063494675894,2.969,-2.045,2.1972
0.0123,-0.020996,-0.090576,1.693604,-1.159363,2.001404,-19.338837,3.344835245036341,-1.8098799566277441,0.0472539768082741,1.5473415323031439,-2.925900113973997,147.55289593315638,2.966,-2.041,2.1923
0.012,-0.026367,0.053955,1.244141,1.159973,-8.28302,-18.636932,3.339293219721079,-1.806262198624437,0.047489221643509306,1.592864675056981,-2.980819796761957,147.31338170948644,2.962,-2.036,2.1891
0.0112,-0.119629,-0.122559,1.271729,-2.868347,-0.897766,-19.399872,3.3339793005958867,-1.8035992761090271,0.04753770896610507,1.4840725949061722,-2.891732700224068,147.22510366719567,2.958,-2.03,2.1858
0.012,-0.093018,0.040527,1.505859,-1.403503,1.452087,-19.55246,3.328508489938269,-1.8001613484896004,0.04766651615608009,1.4863474447866039,-2.7990069498760977,147.0047047866464,2.955,-2.026,2.1826
0.0128,-0.147217,-0.008545,1.451172,2.899475,7.158875,-18.240204,3.3229346057203095,-1.7969184433413619,0.04769335034468108,1.5159826894599375,-2.6038959483672097,146.82366893444268,2.95,-2.019,2.1777
0.0111,-0.158936,-0.026855,1.615234,-1.678162,2.215027,-17.78244,3.3181729850625556,-1.7942656881922363,0.047652924150142315,1.4795489421487509,-2.4796590050345895,146.6836599316788,2.947,-2.015,2.1745
0.0122,-0.097168,-0.089355,1.118652,-4.485779,-3.552795,-14.700165,3.3128867546106338,-1.791514939841676,0.047648585732639706,1.3595080224556975,-2.4363720403437927,146.5980151362097,2.945,-2.011,2.1729
0.0121,-0.05249,-0.040283,1.135986,-0.701599,-1.019836,-16.409149,3.3076943309434834,-1.788519091008864,0.04773771940564845,1.32087609496164,-2.3931030044096766,146.4513544284517,2.941,-2.005,2.168
0.0124,-0.027344,-0.006348,1.512207,0.244446,-3.674866,-16.042938,3.3024775780929185,-1.7852723349815354,0.04788978997965111,1.3173528188049024,-2.4022835320886635,146.27589728549594,2.938,-2.001,2.1664
0.0113,0.074219,0.044189,0.963623,0.702209,3.5578,-11.617889,3.298078910612705,-1.7819928391631792,0.04827433510610366,1.355822873233493,-2.404892520178041,146.1073826352223,2.933,-1.994,2.1632
0.0123,-0.084961,0.090088,1.638672,-0.976257,5.632996,-11.312714,3.293054845227192,-1.7786794793934269,0.04833992086035802,1.3795345727618775,-2.2756249050483657,145.9663358843122,2.931,-1.99,2.1599
0.012,0.06665,-0.013184,1.358154,-1.739197,-1.660706,-9.268036,3.288395405192037,-1.7755517395492253,0.048635403593050464,1.3441523944116496,-2.3147970574887187,145.86167213074546,2.928,-1.986,2.1616
0.0123,-0.05127,-0.109619,1.228027,3.601379,0.109314,-5.972137,3.2832832950046087,-1.7727567705087663,0.048694381649808806,1.3113395287804772,-2.264901130691882,145.86753448831615,2.924,-1.981,2.1583
0.0123,0.054932,-0.064941,1.198975,3.448792,-4.712463,-7.07077,3.2782813318005224,-1.7695692870128779,0.04899251296097373,1.3046813059554927,-2.3409325365178177,145.8103477577281,2.922,-1.977,2.1583
0.0116,0.077148,0.035889,1.409668,2.502747,1.207947,-8.383026,3.273711066305404,-1.7662912244443063,0.04931647883405043,1.345892191483499,-2.3503571740406604,145.6962807147306,2.917,-1.97,2.1551
0.0119,0.000488,0.018799,1.804199,4.425354,3.893494,-9.176483,3.2689272364862902,-1.7631424004611067,0.049486330296738,1.398178351852808,-2.283910617287135,145.5990260022514,2.915,-1.966,2.1535
0.0117,0.005371,0.039795,1.544922,1.495667,6.945251,-10.030975,3.264396547316058,-1.7600719662448245,0.04965747734871052,1.4273967867977917,-2.1869088422637737,145.4836834352734,2.912,-1.962,2.1518
0.0122,0.084229,-0.033447,1.065918,-3.020935,0.078796,-4.629364,3.259724637158503,-1.7567886552844945,0.05005238600024158,1.3578501376889374,-2.2325182640150136,145.43281201592404,2.909,-1.957,2.1518
0.0126,-0.056885,-0.047119,1.165039,0.397034,0.353455,-8.718719,3.2545880934262335,-1.7537929849697491,0.050079655857104104,1.3245969334231735,-2.1744904591701255,145.37630438880637,2.906,-1.953,2.1502
0.0113,0.043457,0.12793,1.28125,-3.173523,1.238464,-7.253876,3.2501643900166277,-1.7502636641750347,0.050354587172472605,1.357276772220704,-2.17107882631965,145.24255315950595,2.902,-1.947,2.1486
0.0125,0.057373,0.009521,1.492432,-3.96698,0.780701,-7.467499,3.2453654155946055,-1.7468905276854014,0.05063364458399187,1.3048755371706788,-2.1736651589039555,145.14810285519815,2.899,-1.943,2.1454
0.0121,0.055664,0.116455,1.314209,-1.922302,2.184509,-6.246796,3.2407733087406005,-1.7432065836012178,0.050943359126429506,1.3415124258977464,-2.1642894486204787,145.02466762360476,2.897,-1.938,2.1454
0.0114,-0.037354,-0.115967,1.147217,-3.84491,-2.179504,-4.019012,3.2359430525315678,-1.7406242960129081,0.0509768028600811,1.2117956035245157,-2.1502208917395422,145.05531145282703,2.892,-1.932,2.1454
0.0121,0.054443,-0.028564,1.402344,2.441711,2.276062,-9.054413,3.2310501045622364,-1.7372831716865968,0.051259065889447494,1.2194033035214182,-2.135953640926651,144.95790377160395,2.89,-1.928,2.1437
0.0125,0.005127,-0.066406,1.37207,-0.884705,-4.407288,-6.033173,3.2258539273941493,-1.7340364092288583,0.05142778803117454,1.1639628796355372,-2.1775701738083098,144.91918474561987,2.886,-1.922,2.1405
0.0122,0.001465,-0.055908,1.027832,0.732727,2.001404,-10.915985,3.2208323568821804,-1.7309279498179775,0.05159679500134333,1.127287259345603,-2.13996744435487,144.82563786163357,2.883,-1.918,2.1405
0.0119,0.087158,0.144775,1.463379,2.899475,1.085876,-8.138885,3.2161987465967288,-1.7269985314900307,0.05197178516056092,1.2311087905033085,-2.156267162724417,144.67043032798804,2.88,-1.913,2.1389
0.0116,-0.06665,-0.04126,1.358154,-1.098328,3.832458,-8.871307,3.211337624738281,-1.7241221178700719,0.051951329069551896,1.188510404551301,-2.058323181280699,144.61309466771684,2.876,-1.907,2.1357
0.0121,-0.019531,0.03418,1.594971,-2.563171,0.841736,-8.07785,3.2062140170331563,-1.7206013469915487,0.05207129083030911,1.1674622649031787,-2.022561647373113,144.52169943530856,2.874,-1.903,2.134
0.0122,-0.016846,-0.023926,0.822998,-1.495056,-1.080872,-6.979218,3.20110733318014,-1.7173277856927784,0.0521736750951762,1.1221488669792876,-2.0108388979486915,144.46505145056506,2.871,-1.898,2.1324
0.0122,0.062988,0.09082,1.293213,-0.06073,-3.400208,-8.413544,3.196295448888027,-1.7134144961842273,0.052514820400834376,1.1698520306648557,-2.07504695741256,144.32344888373527,2.867,-1.892,2.1324
0.0112,-0.063477,-0.053955,1.377197,-1.861267,-3.033997,-1.638641,3.1913548849253814,-1.7104535297276382,0.052486637122041636,1.1101299200106833,-2.0595818081787463,144.34884769079247,2.865,-1.888,2.1308
0.0122,0.008301,-0.094482,1.340088,6.134338,2.184509,-6.735077,3.1861981355242053,-1.7072126410948094,0.05265189636948441,1.1242781386296603,-2.0231528443418187,144.3074055816246,2.86,-1.881,2.1276
0.012,0.005615,-0.012939,1.401367,1.983948,5.510925,-8.810272,3.181114809526779,-1.7037374950377608,0.05282141833319945,1.1351300204619674,-1.9456750941833771,144.21664979408698,2.858,-1.877,2.1259
0.0123,-0.004639,-0.088867,1.331787,-1.403503,-0.012756,-10.427704,3.1760534306534796,-1.7005899554565471,0.05293820611194507,1.0621274910031613,-1.928715675814771,144.12861285798772,2.855,-1.873,2.1243
0.0114,-0.022217,0.033691,1.426514,7.263489,-6.665588,-12.563934,3.171369336229594,-1.6973470666661774,0.053012464150285835,1.158409514966759,-1.977119306482378,143.99157047198105,2.851,-1.867,2.1211
0.0122,-0.000488,0.098877,1.273438,6.317444,-2.576233,-10.122528,3.1664368890927075,-1.693591286181381,0.05318041963907225,1.288868892076596,-1.993866334639665,143.84782640415207,2.849,-1.862,2.1195
0.0126,-0.043457,-0.06958,1.414551,0.152893,-2.637268,-8.474579,3.1611529734649473,-1.6902422373016504,0.05320346811823358,1.2458452656261176,-1.9879816007931514,143.78120958833802,2.844,-1.856,2.1162
0.0114,-0.046631,0.055908,1.090088,1.70929,2.977966,-9.390106,3.156403731144905,-1.6869533051081083,0.0531999203766649,1.2980809207783945,-1.909185495384646,143.6811391214144,2.842,-1.851,2.1146
0.0123,0.00708,0.033691,1.456787,-0.121765,2.337097,-9.298553,3.1513877769824727,-1.6832998197189644,0.053368105885157696,1.3069277314817698,-1.8698167198995095,143.56809413921002,2.839,-1.847,2.113
0.0122,0.052734,0.016846,1.04248,-4.272156,-1.660706,-10.671844,3.146685291110873,-1.6795849576817095,0.0537169983873878,1.261881033296875,-1.9170900685335308,143.42296167673342,2.836,-1.841,2.1081
0.0114,0.022217,0.027344,1.365967,-1.159363,2.55072,-4.415741,3.142040426243293,-1.6761043529238022,0.05391856750748172,1.2552350426095955,-1.888043249699845,143.37051427321342,2.833,-1.837,2.1081
0.0123,0.000244,-0.008789,1.465088,6.042786,0.53656,-4.141083,3.137105685659891,-1.6726010461946819,0.05405219026590465,1.3151719127388926,-1.8685508589068653,143.33192499222363,2.829,-1.83,2.1049
0.0121,0.02832,0.005127,1.373291,-5.035095,1.787781,-6.704559,3.1322875870540545,-1.6690132399627966,0.054271204540370876,1.249252397814065,-1.8499389123339303,143.25250159164924,2.826,-1.825,2.1049
0.0122,-0.061523,-0.138184,1.206543,-5.004578,1.085876,-6.979218,3.1270855088487512,-1.6660465354515124,0.05417599802639871,1.094662201470022,-1.7863382811361839,143.2311136013891,2.824,-1.821,2.1033
0.0118,0.092041,0.108154,1.530273,5.371399,1.360535,-10.122528,3.122694392985294,-1.6622264587816182,0.054557751355569895,1.20585484285909,-1.8028752250995679,143.07694775074634,2.82,-1.815,2.1
0.0118,0.032471,0.047852,1.342773,-1.281433,-5.38385,-6.155243,3.118071090614392,-1.6585978226364282,0.05478921671195408,1.2106091260421927,-1.872453125209484,142.9920758153791,2.818,-1.811,2.0984
0.0118,-0.015381,-0.066406,0.986084,-4.211121,-2.60675,-8.291473,3.113194428750208,-1.6554155117727312,0.05484908624933787,1.1042626015219965,-1.8808752787129053,142.92813936878014,2.814,-1.804,2.0968
0.0121,0.072021,0.112061,1.335693,6.042786,-3.125549,-10.305634,3.108443604376348,-1.6513037814580072,0.05523563246501821,1.2357031614883405,-1.9458713813160893,142.7665276230708,2.811,-1.8,2.0968
0.0125,-0.017578,0.008545,1.485352,5.493469,1.055359,-9.664764,3.1033702486216836,-1.6476467183767127,0.05532674464039052,1.3015652369245994,-1.9084454130548898,142.65806757124275,2.809,-1.795,2.0936
0.0119,0.01123,-0.071777,1.47583,-0.396423,-1.263977,-10.427704,3.09862622492356,-1.6443044971068614,0.05546675665031174,1.2527152497876233,-1.9141088719705797,142.5559778156774,2.805,-1.789,2.0903
0.0118,0.038574,-0.026855,1.044678,0.458069,-2.087952,-11.9841,3.0939820951494066,-1.6407373896590234,0.05575799212697978,1.233621766143727,-1.9545555298255053,142.4172048041978,2.803,-1.785,2.0903
0.0118,0.068115,0.071289,1.384277,1.648254,-2.423645,-12.655487,3.0893633847881667,-1.6368386181730912,0.05611673418272568,1.2870370258976966,-2.005082551487652,142.24383013561442,2.799,-1.778,2.0855
0.0123,-0.015137,0.000732,1.018555,-3.722839,-3.796936,-10.73288,3.0844751653975058,-1.6332589926053074,0.05620274047084292,1.2369842970666496,-2.0272722629546855,142.12387566095575,2.796,-1.773,2.0838
0.0117,-0.134766,0.010742,1.499756,-6.042175,0.41449,-9.237518,3.079496095438974,-1.6300211999164524,0.05594152216129599,1.1656150166874752,-1.938305362888657,142.05317620116125,2.794,-1.769,2.0822
0.0125,0.007568,0.122559,1.428955,-3.356628,-4.163147,-9.603729,3.0745650721145346,-1.6259442526218741,0.05613130255716975,1.183839210078551,-1.9793740820577628,141.91558207389107,2.79,-1.763,2.079
0.0113,0.025635,0.092041,1.252686,-4.08905,2.459167,-8.413544,3.07025450274154,-1.6222847878170812,0.05637211494630808,1.1877917363161294,-1.9541382938132081,141.8027433568445,2.788,-1.759,2.079
0.0122,-0.134766,-0.039062,1.138672,-7.87323,-0.134827,-8.321991,3.065045271003292,-1.6190398932600776,0.05597868093511949,1.0608731291851474,-1.8537693585891841,141.74919352264504,2.784,-1.751,2.0758
0.0128,-0.020264,-0.031006,1.347412,-2.471619,1.574158,-7.650604,3.059976113512588,-1.6153392230656598,0.05603901005739741,1.0066239774506363,-1.809615254698222,141.6674898450019,2.782,-1.747,2.0758
0.0117,-0.029785,-0.03833,1.448975,1.495667,0.841736,-10.305634,3.0552464471534333,-1.6119447596679337,0.05605122424230924,0.9994064149091989,-1.770956074150498,141.56528207159633,2.779,-1.743,2.0741
0.0119,0.085693,-0.014893,1.307129,-1.006775,-2.24054,-12.808075,3.050753854169315,-1.6081427732731703,0.0564652384116908,0.9760358536762335,-1.8349684292185604,141.4003928248032,2.776,-1.736,2.0709
0.0121,-0.089111,-0.084717,1.423584,-2.380066,-3.278137,-11.160126,3.0457000002459065,-1.6048485754251516,0.0562756263787316,0.8988513876484054,-1.8130453095331225,141.30361759002832,2.773,-1.731,2.0677
0.0116,0.053955,-0.001465,1.205811,2.96051,0.261902,-13.723602,3.041272459534752,-1.6011322385703792,0.0566051472572555,0.93056973350152,-1.83225200519669,141.135510070839,2.771,-1.727,2.066
0.0122,0.02417,-0.020996,1.571777,0.213928,9.020447,-13.082733,3.0364614798091263,-1.5973362706969771,0.05679892487436667,0.9203814021407773,-1.7206762117946282,140.98171719538973,2.767,-1.721,2.0628
0.0116,-0.008057,-0.039795,1.283447,2.044983,4.076599,-12.075653,3.031862758110721,-1.5938931362534554,0.056873517834218866,0.917448146998537,-1.6577011436179814,140.85620138799635,2.765,-1.716,2.0596
0.012,0.008545,0.037354,1.19043,3.021545,7.555603,-9.786835,3.0274113143122996,-1.5902014703393945,0.0570419840543725,0.9739793466666711,-1.5639068488473613,140.73667077681955,2.761,-1.709,2.0579
0.0121,0.037598,0.010742,1.292725,1.465149,5.999207,-10.793915,3.022730620141645,-1.5862127931924517,0.05730618089300846,0.9939658389217757,-1.5046428494450077,140.6004911759463,2.759,-1.705,2.0563
0.0123,0.133301,-0.004395,1.542969,-2.929382,1.238464,-9.634247,3.018267432059132,-1.5819704369782315,0.057824030921112636,0.9513923508067491,-1.5450822574878682,140.45862271881296,2.757,-1.7,2.0547
0.0124,0.037354,0.003174,1.21167,-1.525574,-8.679749,-12.686005,3.0134579185257384,-1.577870821814215,0.05809146038828273,0.9321636478502199,-1.6659101339204263,140.29385054464723,2.753,-1.694,2.0499
0.0112,0.026367,0.136719,1.198486,2.746887,8.959412,-11.86203,3.0093355886207314,-1.5738755481806361,0.05836489239938518,1.045827610018136,-1.5734643814987974,140.13497818030996,2.751,-1.69,2.0466
0.0121,-0.064697,-0.014893,1.380127,3.601379,5.297302,-5.514374,3.0044404503169524,-1.57031877442939,0.058244410805315706,1.0740734749529879,-1.4647620845234852,140.09158948591332,2.747,-1.682,2.0434
0.0123,-0.098633,-0.156982,1.349365,3.265686,-0.378967,-4.873505,2.999233219626092,-1.5670588714618106,0.05794826276131733,1.0190512717512559,-1.4060455425496377,140.0815725345467,2.745,-1.678,2.0418
0.0123,0.100586,0.012939,1.191406,3.906555,9.783386,-8.169403,2.994927681920249,-1.5626985332002137,0.05848922903435785,1.0697691312365285,-1.344444601710943,139.95499931822937,2.743,-1.673,2.0401
0.0113,-0.011719,-0.005127,1.399902,-0.854187,0.048279,-9.634247,2.9905635942544713,-1.559234864557298,0.058533868697606295,1.051343301203408,-1.329577230069187,139.85464079855564,2.74,-1.667,2.0369
0.0124,-0.009033,0.049072,1.171631,-1.647644,-3.827454,-13.601532,2.9857962301384973,-1.5552229263056532,0.05862395329122103,1.0591554867341435,-1.3634917036148424,139.68393712457188,2.737,-1.663,2.0353
0.0122,0.043945,0.140869,1.269775,0.519104,-5.872131,-11.831512,2.9813369954235123,-1.5508627135946245,0.05894961907711793,1.1446989903532399,-1.4528472516653006,139.5113392217397,2.734,-1.655,2.0304
0.0122,0.000732,0.014648,1.168945,0.854797,-5.719543,-8.718719,2.976569555738234,-1.5468446005221173,0.059070972368662815,1.1585086929139725,-1.5148469603182892,139.4055376244109,2.731,-1.651,2.0288
0.0113,-0.043945,0.022705,1.322754,-1.922302,1.055359,-9.603729,2.972112393869687,-1.5433244160912625,0.05900813789694368,1.1435370889334122,-1.4683020922412653,139.30844579353447,2.729,-1.647,2.0256
0.0121,-0.005371,0.017822,1.243896,-2.19696,2.855896,-12.258759,2.9674910133670998,-1.5394322607269812,0.05910388547402469,1.1228415256878794,-1.4217627549348486,139.1636559573002,2.726,-1.64,2.0223
0.0125,0.028076,0.024658,1.640869,-0.854187,3.283142,-13.63205,2.9627479146516666,-1.5352650281831282,0.05930000704872556,1.1183733917192642,-1.3830928446455604,138.99150592815693,2.724,-1.636,2.0207
0.0113,0.014404,0.085205,1.412109,-2.288513,-0.501038,-14.181366,2.958612235646539,-1.531480398945714,0.05946863675215339,1.1334874103139456,-1.3871221683416144,138.82243580895553,2.721,-1.628,2.0159
0.012,-0.104736,0.029785,1.105469,-1.006775,2.825378,-12.075653,2.9537101179563283,-1.5278917023916188,0.05910937841755168,1.1367564992735186,-1.2745541186945415,138.70102908442558,2.718,-1.624,2.0142
0.0121,-0.012939,0.017578,1.362793,-3.96698,1.024841,-13.845673,2.949154110798612,-1.5240069203243425,0.059161463633963296,1.0935520954835194,-1.2468700506137431,138.53747138952457,2.716,-1.619,2.0126
0.0125,-0.04541,-0.070557,1.258789,-1.464539,-7.27594,-13.174286,2.9442831241242238,-1.520216207391474,0.05903950304986415,1.0278426209686096,-1.302224244579159,138.38976558358885,2.713,-1.613,2.011
0.0115,0.051758,0.040283,1.266846,1.495667,2.001404,-10.793915,2.940086752618103,-1.5161502681261212,0.05936781025025791,1.064047327874886,-1.3038566171199553,138.25436338226723,2.711,-1.608,2.0078
0.0119,-0.074463,0.031738,1.41748,-1.586609,3.191589,-7.83371,2.935432557920271,-1.5124269861333484,0.0591971982645003,1.0558836418692572,-1.2189115289979262,138.17563105289577,2.708,-1.601,2.0045
0.0122,-0.0625,-0.067139,1.337891,-1.159363,3.954529,-8.169403,2.9306699517523245,-1.508754072911813,0.05901993985044735,0.9973471648451039,-1.1294740508849448,138.09580813239916,2.706,-1.597,2.0013
0.0124,0.009521,0.049805,1.497314,0.702209,-0.562073,-12.930145,2.9261570879792447,-1.5046404499016257,0.05915724822877389,1.0265220861491329,-1.1343104408638902,137.93330251292664,2.704,-1.592,1.9997
0.0121,0.087891,0.110107,1.243652,0.82428,2.245544,-13.662567,2.9221297648475257,-1.5002430379220548,0.05967482163016402,1.0988347662877151,-1.1553834989583083,137.74481632864388,2.701,-1.586,1.998
0.0123,-0.091064,-0.04834,1.467041,-1.18988,-1.691223,-15.951385,2.917207998726166,-1.4964213094364585,0.05941125834719522,1.0541146089464948,-1.1205181182920985,137.5683409922554,2.699,-1.582,1.9964
0.0111,0.003662,0.034424,1.180176,-2.654724,-0.897766,-15.341034,2.9132040637915746,-1.492707948050906,0.059531094415385934,1.0426026355266977,-1.1276804271146137,137.3962432884942,2.695,-1.574,1.9916
0.0124,0.043945,-0.04248,1.234619,-5.523376,-0.073792,-11.465302,2.9087580881031663,-1.488494423382,0.05980040782796846,0.9434748391324738,-1.1507584627922292,137.25015798406645,2.693,-1.57,1.99
0.0125,-0.002197,-0.055908,1.544189,-3.478699,-4.895569,-13.937225,2.904078348143367,-1.4843985575427905,0.05985324972514795,0.8688268439319226,-1.2027817475163567,137.08142028000987,2.691,-1.565,1.9883
0.0116,-0.052002,0.025391,1.405518,0.183411,-7.39801,-11.282196,2.8997708728089933,-1.4806930991355995,0.05973938934606567,0.8810466161256877,-1.2529959295392434,136.95945816319676,2.688,-1.558,1.9851
0.0118,-0.094482,-0.01416,0.966797,-5.157166,2.337097,-13.113251,2.8949747121980236,-1.4770576425505901,0.059319387587840715,0.8074754521072557,-1.1477364314551393,136.83137066138747,2.686,-1.553,1.9835
0.0121,0.025146,0.007568,1.714111,-4.546814,-1.233459,-14.211884,2.890658960802934,-1.4729586726258594,0.05947808675103286,0.7535355821171621,-1.1660965706608923,136.65740612897045,2.684,-1.549,1.9802
0.0117,-0.055176,-0.018066,1.224609,-0.365906,3.649353,-11.800995,2.8861979843097445,-1.469219696636181,0.05931787695611526,0.7358045409318382,-1.0847305651899302,136.53322101109296,2.682,-1.543,1.9786
0.0124,0.023926,-0.060059,1.376465,-1.434021,2.825378,-13.815155,2.881692973218151,-1.4649846506172044,0.05947937094942625,0.6830227229171256,-1.058138141399241,136.360350240209,2.68,-1.538,1.9754
0.0122,-0.009033,-0.031494,1.151123,0.335999,-6.513,-10.946503,2.8772746073366906,-1.4609707148938407,0.05951063987158567,0.664707080983525,-1.1280113280828152,136.22999999858118,2.677,-1.531,1.9721
0.0115,0.037354,-0.060059,1.228027,3.021545,0.292419,-12.563934,2.8730653347485684,-1.4568674803000405,0.05974129855208778,0.660681624738362,-1.1436909757382836,136.07979878418786,2.675,-1.526,1.9705
0.0123,0.0896,-0.001709,1.638428,-2.83783,2.672791,-11.251678,2.8689796582794638,-1.452498221451957,0.06012675083528788,0.6234063340644095,-1.1464381844512448,135.92746639024134,2.673,-1.522,1.9689
0.0121,-0.085449,-0.04248,1.258301,-2.441101,-1.752258,-12.655487,2.8642841699279344,-1.4487808605595034,0.05981871118574493,0.5678171118859083,-1.1109901150793098,135.79812350876568,2.67,-1.515,1.964
0.012,0.120117,0.128418,1.125732,-1.128845,2.672791,-15.188446,2.8608121181603514,-1.443957683164536,0.06058540134057602,0.6406096804030352,-1.1561243945488866,135.5793550941054,2.668,-1.511,1.9624
0.0122,0.035156,-0.05542,1.383057,-0.732117,-1.843811,-12.960663,2.85638821120036,-1.4396607526335206,0.06079150866500043,0.6003159755583795,-1.1922197199459714,135.41928592950848,2.665,-1.503,1.9576
0.0114,0.157715,0.034912,1.302734,0.122375,-2.148987,-11.465302,2.8528820847790586,-1.4351050822284996,0.06157072533443668,0.6212999154944868,-1.3028263503417292,135.2544914736778,2.663,-1.499,1.956
0.0118,0.06543,-0.053711,1.374512,-4.455261,1.726746,-8.901825,2.8486466968964583,-1.430837639879163,0.06190787997461163,0.5380588597085629,-1.3125316465923162,135.14456891562347,2.661,-1.494,1.9527
0.0123,-0.041016,0.050049,1.450439,1.06842,1.513123,-12.167206,2.844230909299961,-1.4265524505311415,0.06186843435659366,0.5776222354279543,-1.265320280712757,135.0005094216934,2.659,-1.487,1.9511
0.0121,-0.020264,-0.029053,1.465332,3.662415,6.273865,-10.000458,2.8400417552010184,-1.4226894172008875,0.06186283844615339,0.6052755236682077,-1.1729060562959057,134.88891620446657,2.657,-1.484,1.9495
0.0125,0.028564,0.058594,1.895264,6.714172,32.213806,12.857208,2.838915826449961,-1.421288058423349,0.061986715892516774,0.7047995241005243,-0.7816232218705698,135.0478268166578,2.656,-1.482,1.9446
0.0111,-1.434814,-0.175781,1.977051,4.547424,31.603455,-6.368866,2.8330135095295668,-1.4230356885647686,0.058966570244837854,0.7010919818680176,-0.022642418306936092,135.14580662832216,2.655,-1.479,1.9398
0.0124,0.385742,0.41748,0.532715,-2.319031,24.523376,-1.547089,2.8352935519811604,-1.4174001280302637,0.06175558874699811,1.0216914413520526,-0.05597592365765842,135.02278232214195,2.654,-1.476,1.9446
0.0123,-0.529541,-0.449707,0.964355,-1.281433,61.205505,4.312286,2.8290223767163405,-1.4189727357904722,0.05933872493846173,0.7356652163244466,0.9950623447807899,135.18345307456036,2.654,-1.475,1.9398
0.0114,-0.615479,0.418701,1.429932,9.155579,48.143982,-31.851044,2.822776401316184,-1.4210129783287342,0.057612639202639634,1.012769853764836,1.8047905333036458,134.96771910016074,2.653,-1.473,1.9317
0.0123,-0.242676,0.228271,1.127686,1.159973,36.394714,-43.386688,2.8186440065094778,-1.421747455148672,0.05680138602691393,1.1460984576330913,2.3850968252304083,134.52977818888,2.653,-1.472,1.9236
0.0122,-0.086914,0.399658,0.937012,1.159973,54.674744,-41.464081,2.8166747966052292,-1.4225259550328144,0.05686239655069296,1.41465558249926,3.0851737786718556,134.15305567855265,2.653,-1.472,1.9219
0.012,-0.55249,0.065674,1.336182,1.343079,42.345642,-42.928925,2.8097062146721643,-1.4249102848893358,0.055156936791412293,1.4219123827071303,3.8462792035182094,133.7053773189899,2.653,-1.472,1.9139
0.0123,0.017578,0.349854,0.965576,2.0755,19.762634,-55.624237,2.810230762331339,-1.4256195171541068,0.055831878585312675,1.6429328544273119,4.04314906484737,133.15121133535072,2.653,-1.472,1.9009
0.0111,-0.02002,0.034668,1.035889,0.335999,26.140808,-65.359344,2.8112633209593474,-1.4251386089771207,0.05612167146959511,1.6070501672745672,4.311948915771153,132.4357260194787,2.653,-1.472,1.8912
0.0126,-0.228027,0.078857,1.20166,4.73053,11.400818,-66.457977,2.8085399683005,-1.426232710577621,0.05557267529346841,1.637091686997154,4.565371808265596,131.62591567616295,2.653,-1.472,1.875
0.0122,-0.191162,0.114502,1.133545,4.089661,-8.557678,-65.969696,2.8062461672451096,-1.427372323555123,0.05518283173536628,1.6842569326681776,4.553856744063018,130.8558688694843,2.653,-1.472,1.862
0.0122,-0.172607,0.039551,1.05835,2.228088,-14.600159,-66.366425,2.8042469294933556,-1.4279613053853435,0.054745967637054145,1.6614209974200609,4.466073831067918,130.04961218288224,2.653,-1.472,1.8507
0.0113,-0.112793,0.002197,1.148682,5.829163,-26.502014,-77.963104,2.8036682116453817,-1.4279040075188962,0.0545741961783124,1.647013098126161,4.213576965622435,129.1498415963715,2.652,-1.472,1.8329
0.0122,-0.033447,-0.02002,0.950195,3.357239,-39.716125,-77.444305,2.8042446161976007,-1.4273318644591735,0.054670268288139694,1.5921272808145766,3.7320460633730197,128.17024918603323,2.652,-1.471,1.8183
0.0121,-0.295654,-0.037109,1.12915,1.373596,-49.268127,-72.195282,2.801444422289333,-1.427673654167968,0.053633641797027114,1.517268559880179,3.309757544579623,127.25494356809024,2.652,-1.471,1.7989
0.0117,-0.093994,0.062744,1.048584,1.983948,-49.512268,-66.641083,2.800711261898907,-1.4279939705209395,0.053501196708741865,1.5316854257765113,2.7798160639341307,126.48225527563693,2.652,-1.471,1.7892
0.0121,-0.312012,-0.031494,1.314941,-2.227478,-57.690979,-58.370819,2.7992290030712033,-1.4281083724743537,0.052546837395992474,1.4430489211497854,2.245307927630549,125.72754872966325,2.652,-1.471,1.7762
0.0121,-0.286621,-0.129395,1.12793,-4.577332,-74.628235,-65.237274,2.7986821034843485,-1.4272201914251395,0.051383752065702,1.2671706877481856,1.5228862767579463,124.83108205137954,2.652,-1.471,1.76
0.0122,0.081787,0.041992,1.054199,-1.739197,-77.985168,-66.763153,2.7985873856754617,-1.42734882189151,0.051875008572372934,1.2517491309354478,0.5138240714675865,124.01809288938503,2.652,-1.471,1.7471
0.0122,-0.241455,-0.097412,1.290039,-6.530457,-24.213196,-52.114716,2.7990709683012667,-1.4266288350425784,0.050987596223665096,1.1019031752489736,0.3601024162897262,123.3146352055312,2.652,-1.471,1.7325
0.012,-0.860352,-0.050781,2.447754,-2.349548,-22.01593,-43.600311,2.7996546019299204,-1.4263497425554927,0.04953865543319975,1.0478526763259168,0.3463740520529343,122.75554513985442,2.652,-1.472,1.7179
0.0116,-0.192871,-0.247803,-0.005859,5.218811,17.901062,-51.565399,2.80334253700999,-1.42061855639095,0.04652896444265659,0.6144913464455699,0.9154607911546753,121.680879084027,2.653,-1.472,1.705
0.0123,0.076416,-0.072266,0.669922,4.486389,3.161072,-51.717987,2.8051027975562697,-1.4194896624029685,0.04699945057468463,0.5751857952699237,0.8491543334004942,120.91088958335583,2.653,-1.474,1.6888
0.0122,0.190674,0.059082,1.405518,1.678772,9.325623,-56.051483,2.8062752951623704,-1.4201636143166192,0.04774095304040814,0.6128373042826859,0.8501322004530919,120.2118547433274,2.653,-1.476,1.6807
0.0118,0.313232,0.187988,1.310303,-3.020935,-14.996887,-52.847137,2.8070039729107665,-1.4212310269299535,0.04898731850966077,0.6692499721894175,0.49371409283808226,119.6173384273528,2.653,-1.476,1.671
0.0115,0.067871,0.054688,1.410156,-9.551697,-7.886292,-52.847137,2.807381870907129,-1.421931748191416,0.049314007824597515,0.5810274690038136,0.3606675116105077,119.01654667659706,2.653,-1.477,1.6597
0.0123,0.113281,0.127441,0.838623,-4.028015,5.663513,-49.886932,2.8076284313353983,-1.4231638381308984,0.050184568545855505,0.6386335501265236,0.3196391223701713,118.45993884408908,2.653,-1.478,1.6499
0.0121,0.079102,0.014893,1.193848,-0.854187,-5.078674,-52.358856,2.80800183137695,-1.423566021126972,0.05052502488015462,0.6309745467965628,0.20252420980813832,117.81615153908305,2.653,-1.478,1.6337
0.0116,0.112793,-0.059082,1.475098,-2.471619,-0.531555,-56.6008,2.8084866729669025,-1.4236318431253965,0.050790603643225844,0.5654108230244265,0.13550311389534384,117.12096942444781,2.653,-1.479,1.6257
0.0122,0.112305,-0.030273,1.448242,-1.525574,8.928894,-55.83786,2.8089932640871536,-1.423872506267334,0.05109170257811015,0.5251923295407631,0.18162637109357452,116.41118009357649,2.653,-1.479,1.6159
0.0123,0.080322,-0.031982,1.179443,4.913635,2.062439,-62.826385,2.8092864101322292,-1.4236948864190908,0.05134588289957146,0.5590691086378918,0.15073298958662956,115.60777525632471,2.653,-1.48,1.5997
0.012,0.2771,0.131836,1.420898,0.488586,4.351257,-64.077606,2.809713685637376,-1.4238070623290384,0.052241103284811186,0.6274535022185045,0.05745032599674956,114.82907104586154,2.653,-1.48,1.59
0.0114,-0.039551,-0.155273,1.299072,-0.549011,-12.463928,-60.323944,2.809855451783707,-1.4235950755632711,0.051934661317918185,0.5270396734279031,-0.062194761313508505,114.10389485969299,2.653,-1.48,1.5738
0.0125,0.150879,0.076904,1.175781,2.136536,0.353455,-64.321747,2.809835700975377,-1.4231190925927701,0.05254000460631209,0.6008361861882006,-0.15540146901739224,113.28739335827767,2.653,-1.48,1.5609
0.0124,0.065674,0.121582,1.497803,-1.281433,2.886414,-63.558807,2.809824093455337,-1.4230845407412487,0.052870173958649395,0.6447934998235707,-0.15107206075858284,112.50875439305007,2.653,-1.479,1.5512
0.0111,-0.050781,-0.0625,1.081543,-3.051453,-5.933167,-62.338104,2.8097760457716037,-1.4229241694694326,0.05262476072695384,0.5659692020828647,-0.1819413763161599,111.80786272186602,2.653,-1.48,1.5366
0.0125,0.003906,0.083008,1.332031,2.136536,6.304382,-61.422577,2.809724866739605,-1.4228803281013993,0.05278444429061437,0.6386266612202485,-0.10507676686149,111.05258147014206,2.653,-1.479,1.5253
0.0115,0.045898,-0.052734,1.397461,1.037903,-3.186584,-66.183319,2.809700731925487,-1.422585910429796,0.05283370170315082,0.619048781371725,-0.16500620901400342,110.27298388336972,2.653,-1.479,1.5075
0.0122,0.018311,0.026855,1.232178,-1.83075,4.931091,-65.572968,2.8097385096186698,-1.4226045323066923,0.052952489991073506,0.6118628948636549,-0.11592913979758018,109.47222360272643,2.653,-1.479,1.4945
0.0121,-0.026611,-0.053711,1.221924,1.098938,2.672791,-67.739716,2.8096838843496226,-1.4224413251587311,0.05281749093909636,0.5893249004579388,-0.06668224876100359,108.64515393886879,2.653,-1.479,1.4848
0.0144,0.044189,-0.016602,1.831055,0.305481,3.222107,-65.634003,2.809704166905763,-1.422299055489067,0.052886314454736454,0.5831044869140897,-0.035222138398031864,107.69048320222647,2.653,-1.479,1.4654
0.0095,0.080566,0.081787,1.16333,-2.105408,-3.400208,-67.007294,2.8098196049936264,-1.4222028148577734,0.05327248824010784,0.6141352615049449,-0.12268521204423767,107.04767974319043,2.653,-1.479,1.454
0.0123,0.025879,-0.042969,1.072266,-2.898865,-6.238342,-72.103729,2.809718674782081,-1.4218624041215502,0.053284627729956034,0.5475153185688563,-0.21729781274512192,106.14663358980616,2.653,-1.479,1.4362
0.0122,0.101807,0.120117,1.274658,-0.610046,-2.087952,-72.042694,2.8097336354853306,-1.4213999457137558,0.053735612179634545,0.6118489702476594,-0.30109027893117585,105.2605586592705,2.653,-1.478,1.4233
0.0121,-0.020996,0.002197,1.696777,-1.495056,0.017761,-70.944061,2.809689353402833,-1.4212592524704115,0.053705770114637265,0.5950781983705847,-0.28601354012100927,104.40315067861053,2.653,-1.478,1.4103
0.012,-0.095703,-0.068359,1.044434,-1.281433,7.433533,-66.366425,2.809571557968098,-1.4213163701065743,0.05333181339499657,0.5306686303209024,-0.12788041250408763,103.61573458240339,2.653,-1.478,1.3925
0.0112,-0.052002,-0.024414,1.283447,1.098938,3.31366,-67.892303,2.809519850653818,-1.4213411429691856,0.05319852932019006,0.5269844626457597,-0.06066730959584513,102.859286880662,2.653,-1.478,1.3812
0.0122,0.011719,-0.009521,1.293213,0.610657,-3.36969,-69.906464,2.8095759416059023,-1.4215415727921668,0.053225250101181266,0.5271264830777252,-0.10865851178901102,102.00055000825742,2.653,-1.479,1.3634
0.012,-0.003418,-0.024902,1.183838,-1.891785,-3.033997,-67.983856,2.8095585894973985,-1.4215590389148274,0.053191408166582216,0.4878262243458288,-0.14371851267168945,101.18006499203025,2.653,-1.479,1.3504
0.0125,0.020508,-0.042725,1.421875,-0.426941,0.597595,-68.44162,2.8094918465122127,-1.4213311611530492,0.05317510260660342,0.45897197135820544,-0.146743512179952,100.31594974784691,2.653,-1.478,1.3391
0.0114,0.078369,0.034912,1.289795,-1.342468,-5.170227,-67.55661,2.8095608739052222,-1.4212620752408436,0.05340436960793064,0.4647036149792684,-0.2526266636548644,99.53133236694305,2.653,-1.479,1.3196
0.0123,-0.016113,0.020996,1.161377,-1.739197,2.123474,-66.274872,2.8095872838013096,-1.4212500046429508,0.05343152774133319,0.4589620405223249,-0.2169210691755089,98.71825142061049,2.653,-1.479,1.3083
0.012,0.029297,-0.052734,1.538574,-1.647644,2.794861,-66.488495,2.8095091474405294,-1.421122798860301,0.05340854159430287,0.413426442539234,-0.1972679439512124,97.91283024045215,2.653,-1.479,1.2954
0.0122,0.060059,0.040039,1.162598,-1.403503,-3.278137,-66.335907,2.8096011959162865,-1.4211206782484684,0.05362652365885222,0.4244917729279757,-0.2782996914575574,97.09072837232188,2.653,-1.479,1.2824
0.0122,-0.039307,0.04126,1.0896,-2.624207,-1.691223,-69.479218,2.809697147945953,-1.421135639355564,0.053652496619510215,0.42486578376592904,-0.2726476589381206,96.24908629240599,2.653,-1.479,1.2695
0.0114,0.089355,0.022949,1.439941,-2.105408,-8.557678,-69.357147,2.8096606597541043,-1.4209431769340561,0.053833240281778445,0.4156359372948922,-0.415885509034189,95.44499495107507,2.653,-1.478,1.2516
0.0121,0.039062,0.013916,1.257568,-1.891785,-6.116272,-72.744598,2.809628096434649,-1.4208305532556094,0.05393363094707576,0.40678223474904496,-0.5114027396282288,94.55754156983922,2.653,-1.478,1.2387
0.0118,0.015869,0.091064,1.23999,-4.333191,2.703308,-70.242157,2.809791086207868,-1.4204560602868954,0.05414377293027796,0.41781846795261435,-0.48790248144428666,93.72366145965404,2.653,-1.478,1.2209
0.0123,0.00293,-0.142822,1.69873,-1.95282,8.867859,-68.655243,2.809518293901644,-1.4203351278607512,0.053952880506239066,0.33403104160581476,-0.37694686801062427,92.8821685778968,2.654,-1.478,1.2095
0.0124,0.041748,-0.043213,1.615234,0.000305,8.623718,-65.328827,2.8094278673411726,-1.4205424255279149,0.05394672232614726,0.31677302504181,-0.28934714641535836,92.06797483095393,2.653,-1.478,1.1998
0.0111,0.010498,-0.000488,1.014893,-2.654724,-5.750061,-65.756073,2.8094198885615445,-1.4206982350947777,0.05398543381288532,0.29150304972799035,-0.3648065936098458,91.33385778679921,2.653,-1.478,1.1804
0.0123,0.053711,0.028564,1.140625,-4.211121,-5.627991,-66.244354,2.8094406149172615,-1.4202099886875503,0.05415078735721855,0.26503672995337807,-0.4716426037706876,90.50692309635777,2.654,-1.478,1.1674
0.0124,0.205078,0.085205,1.462646,-2.532654,0.383972,-66.305389,2.8094615865237755,-1.4195331115833412,0.05454819620411041,0.28395233619451987,-0.5713500772093979,89.65516223885469,2.654,-1.478,1.1529
0.0115,-0.019287,-0.032227,1.595703,-2.898865,-1.538635,-62.826385,2.809393612666162,-1.419557867245731,0.05448022858165437,0.24201436668002643,-0.5774153168079041,88.9371363294241,2.654,-1.478,1.1448
0.0121,-0.0625,-0.125488,1.141846,-5.09613,5.114197,-52.175751,2.808987764876125,-1.419961422386126,0.05414205313577194,0.10425304264858996,-0.47626024385115506,88.32871285141563,2.654,-1.478,1.1415
0.012,-0.386475,-0.339111,1.723877,-1.647644,9.874939,-42.98996,2.8082823830585104,-1.420890612245667,0.053357492351618956,-0.051803928174186976,-0.19855393188572448,87.87606039441646,2.654,-1.478,1.1383
0.0121,0.036133,-0.206299,1.337646,-2.685242,-1.538635,-41.128387,2.8076774220447014,-1.4209919367828336,0.053070817088492636,-0.1948755624903184,-0.24422775565327118,87.37722263277814,2.654,-1.477,1.1334
0.0123,0.109131,-0.106201,1.039551,-1.922302,0.841736,-28.829803,2.8073457908523998,-1.4205098788654549,0.05304231088759179,-0.2882266732342563,-0.32258184410711427,86.99367071126206,2.654,-1.477,1.1286
0.0121,-0.144043,-0.253906,1.512939,1.251526,1.42157,-19.033661,2.806475812567053,-1.4210512844198424,0.05253922338336423,-0.3918747758686735,-0.23951434345416564,86.81083080673541,2.654,-1.477,1.1237
0.012,0.03125,-0.068115,1.136963,1.800842,-1.874329,-17.568817,2.8062995447646593,-1.4207189091301387,0.052483090418168496,-0.4080761415556936,-0.29172776938896233,86.58983982286757,2.654,-1.477,1.1173
0.0116,0.00415,-0.087646,1.405273,2.655334,1.513123,-12.350311,2.8060658168057366,-1.4205490189667511,0.052377324271701844,-0.41771259985056325,-0.28264902616839827,86.44767002350497,2.654,-1.477,1.1156
0.0126,-0.228516,-0.171875,1.556152,2.319641,0.994324,1.382599,2.8053242586242138,-1.421361426983361,0.05193747525170754,-0.4649358883811099,-0.1641003776251266,86.53320670377839,2.654,-1.477,1.1156
0.0113,-0.1521,-0.185547,1.173584,-0.884705,2.215027,7.333527,2.8043753189170904,-1.4222189544392996,0.0514383515954217,-0.5847600691378537,-0.049699602872391634,86.67545362810097,2.654,-1.477,1.1156
0.0126,0.018066,-0.050293,1.250732,-0.365906,0.872253,7.425079,2.804341094446301,-1.4220400652395297,0.0514158400522496,-0.6111909940512897,-0.05764276321500092,86.75587273834871,2.654,-1.477,1.1156
0.0117,-0.023682,0.007568,1.338867,1.648254,-0.134827,3.854523,2.804392316198899,-1.422046713840352,0.051442104096774084,-0.5787630964682232,-0.05307470167878832,86.80454262032013,2.654,-1.477,1.1156
0.0116,-0.070801,0.07666,1.24707,1.159973,-1.721741,2.969513,2.804548562740512,-1.4222811657421606,0.05152924174584321,-0.5098006952869732,-0.03761942828306282,86.86138598979454,2.654,-1.477,1.1173
0.0122,-0.058838,0.044434,1.317383,0.458069,-1.538635,4.77005,2.804616962893091,-1.4224679778437377,0.05157187653350465,-0.47050851868556076,-0.029678117038817987,86.9361565053917,2.654,-1.477,1.1173
0.012,-0.015137,0.005371,1.365723,0.458069,0.41449,4.64798,2.8046637857008507,-1.4224711694283938,0.0515999981908986,-0.45454831544356017,-0.023853374434477378,86.9924424292235,2.654,-1.477,1.1173
0.0127,0.043213,-0.019287,1.329346,0.091858,0.322937,4.037628,2.804766181260945,-1.4222296944723232,0.051654176546173394,-0.457090545517281,-0.052722148526087184,87.02451413018086,2.654,-1.477,1.1173
0.011,0.047607,-0.04541,1.289795,0.305481,-1.019836,5.166779,2.8047990732310173,-1.421990270713168,0.05167153811002854,-0.473163086836676,-0.0999561810090987,87.06057143867747,2.654,-1.477,1.1173
0.0123,0.011719,-0.013916,1.317627,0.854797,0.750183,5.349884,2.8048466576253124,-1.4218816736453976,0.051697656967191224,-0.46329263262602577,-0.10476615926916334,87.11796535560885,2.654,-1.477,1.1173
0.0121,-0.02832,0.050293,1.301514,0.854797,0.933289,4.281769,2.804994621735824,-1.4218952535088223,0.051778462844073524,-0.4160369685374842,-0.08416663364739368,87.17398190816613,2.654,-1.477,1.1173
0.0122,-0.012451,0.045898,1.319092,0.854797,-0.256897,3.579865,2.805148962644262,-1.4218449665374369,0.05186676434679582,-0.3721232094368641,-0.08749176486479047,87.2169906533386,2.654,-1.477,1.1173
0.0121,0.015137,0.008057,1.315674,0.580139,-0.562073,1.168976,2.805246167375089,-1.4217181082542436,0.05192602747268678,-0.35390705104843134,-0.1107393591011555,87.22259748553336,2.654,-1.477,1.1173
0.0123,0.037598,0.013428,1.331055,0.732727,-0.531555,0.222931,2.805385993712798,-1.421508734072461,0.05201440930843733,-0.3308968622409543,-0.1462903887511124,87.2106272242369,2.654,-1.477,1.1173
0.0122,0.040527,0.009521,1.303955,0.244446,0.872253,1.901398,2.805518522048198,-1.4212928453316906,0.05210007248433975,-0.31621459421003945,-0.16670709677862505,87.21821953927467,2.654,-1.477,1.1173
0.0124,0.033691,0.001953,1.334961,0.152893,1.574158,1.62674,2.8056167730117156,-1.4211178857398825,0.05216469025515605,-0.3072775131468317,-0.17348800679331908,87.22542984561363,2.654,-1.477,1.1173
0.0121,0.030273,0.055176,1.310059,0.488586,1.146912,-1.15036,2.805850409719813,-1.4208912461109047,0.05230210782273522,-0.26323623543971236,-0.18445481612069334,87.19721087159763,2.654,-1.477,1.1173
0.0111,0.012939,0.046875,1.32251,0.488586,-0.256897,-2.981415,2.8060269668079654,-1.4207355542306028,0.052406183923911026,-0.22521633950125103,-0.2016318579791459,87.15514967758786,2.654,-1.477,1.1173
0.0122,0.000732,0.016602,1.292236,0.335999,-0.897766,-3.92746,2.8061056785518432,-1.4206629885864057,0.052454420987719255,-0.20602159477522053,-0.2198304573402855,87.10298261495703,2.654,-1.477,1.1173
0.0122,0.014648,0.023926,1.309814,0.458069,0.170349,-3.713837,2.8062124280237564,-1.4205428986640694,0.0525250035638951,-0.18144402580686408,-0.2329379954485014,87.0499005591649,2.654,-1.477,1.1173
0.012,0.009521,0.008301,1.331299,0.427551,0.322937,-1.943817,2.8062701090821314,-1.4204645560891338,0.05256670663920432,-0.1669028417826588,-0.24081233429440657,87.02116080691953,2.654,-1.477,1.1173
0.0122,0.000977,-0.019775,1.328125,0.091858,0.811218,-1.760712,2.8062499205949627,-1.4204517247072863,0.05256159717506171,-0.17265763128644832,-0.2377321639557542,86.99794500989007,2.654,-1.477,1.1173
0.0121,0.002686,0.004395,1.291992,0.244446,0.200867,-3.011932,2.8062921066374793,-1.4204023953625757,0.052591318254295444,-0.16238609404434926,-0.2433962153625209,86.95772298781128,2.654,-1.477,1.1173
0.0119,-0.015381,0.016602,1.316406,0.549622,0.353455,-2.584686,2.8063458005486726,-1.4204133131943149,0.05261888268563315,-0.1417000003826563,-0.2365024178064729,86.92628469898294,2.654,-1.477,1.1173
0.0116,-0.024658,-0.005127,1.329834,0.213928,0.109314,-1.852264,2.8063382306828264,-1.4204797178202957,0.05260849687086323,-0.13792701827781934,-0.22720852457669652,86.90746831467662,2.654,-1.477,1.1173
0.0123,-0.020752,0.005615,1.304443,0.458069,0.628113,-1.638641,2.8063581335796446,-1.4205227377005714,0.05261599501768086,-0.12478167444207178,-0.21380159071146304,86.88845589096887,2.654,-1.477,1.1173
0.0124,-0.007324,-0.008057,1.312988,0.397034,0.231384,-0.540009,2.806356685337109,-1.4205460964820265,0.05261779080494474,-0.12054181564903602,-0.2131690479034326,86.88108065650937,2.654,-1.477,1.1173
0.0121,-0.005615,-0.025146,1.320068,0.122375,0.322937,-0.14328,2.8063186407642733,-1.4205880452596822,0.052599237279183184,-0.1296776835813623,-0.2124705109768137,86.87937652866678,2.654,-1.477,1.1173
0.0112,-0.004883,-0.006104,1.3125,0.549622,0.689148,0.314484,2.806324213243647,-1.4205992735537452,0.05260586901854153,-0.12306516514800855,-0.2084552471833859,86.88158280926747,2.654,-1.477,1.1173
0.0124,-0.011475,0.012207,1.313232,0.580139,0.597595,1.321564,2.8063638215438815,-1.4206046626263473,0.05262951018943692,-0.10486492258541566,-0.20091569640443532,86.89681881607035,2.654,-1.477,1.1173
0.0122,-0.018066,0.000732,1.318604,0.366516,0.322937,1.321564,2.806372081580335,-1.4206412103506891,0.05263251317118458,-0.09624735278413117,-0.1930510447254625,86.91375665786738,2.654,-1.477,1.1173
0.012,-0.004395,0.015869,1.307129,0.519104,-0.317932,-0.082245,2.806421831662965,-1.4206261491719503,0.05266598817639631,-0.07702738565377663,-0.2009767422419287,86.9101776138134,2.654,-1.477,1.1173
0.0121,-0.00708,0.007812,1.312012,0.519104,-0.47052,0.345001,2.806450793479954,-1.4206295708839372,0.05268625800455566,-0.06271939249617027,-0.2090787195882413,86.91281190231,2.654,-1.477,1.1173
0.0115,-0.009766,-0.018799,1.326416,-0.091248,0.078796,1.809845,2.806425013581934,-1.4206659797071934,0.052671863575471864,-0.07131198104110079,-0.20894048057566592,86.93414530098536,2.654,-1.477,1.1173
0.0118,-0.000488,-0.00415,1.308838,0.641174,0.41449,2.359161,2.8064346141971765,-1.4206640331048923,0.05268291421550386,-0.06285888699871735,-0.21031965674248554,86.95999487037136,2.654,-1.477,1.1173
0.0121,-0.000977,0.003906,1.321045,0.702209,0.261902,2.969513,2.8064586412891903,-1.4206545016756198,0.0527025391406317,-0.04894125025449765,-0.2130251555650324,86.99360816456033,2.654,-1.477,1.1173
0.0126,-0.003662,-0.000732,1.310547,0.274963,0.048279,2.237091,2.806471320110247,-1.4206580429751274,0.05271420845687549,-0.04278681113181053,-0.21674949259323242,87.0202466470171,2.654,-1.477,1.1173
0.0114,0.001953,0.006836,1.318848,0.641174,-0.012756,1.352081,2.806500901142607,-1.42063910434637,0.05273867872482489,-0.02847434764097979,-0.2244069672919655,87.03277646527393,2.654,-1.477,1.1173
0.0123,0.005615,0.012939,1.308838,0.885315,0.445007,2.115021,2.806542894126424,-1.4206015193365364,0.05277268247681681,-0.0071887636710094615,-0.2286442999272512,87.05495875456317,2.654,-1.477,1.1173
0.0122,0.005371,0.003418,1.327393,0.641174,0.53656,2.450714,2.8065651866310075,-1.4205847818083122,0.05279453965646536,0.005193499702513914,-0.23147776762343875,87.08182346970369,2.654,-1.477,1.1173
0.0123,0.013672,0.015137,1.30835,0.519104,0.628113,1.107941,2.806613638604623,-1.420518888073736,0.052836108961826604,0.023013614800209543,-0.23815056456774264,87.0903414743953,2.654,-1.477,1.1173
0.0117,0.013428,0.02832,1.318604,0.427551,-0.195862,0.345001,2.80668216365364,-1.4204382696084288,0.0528906500149901,0.04686292230324986,-0.25438393757769195,87.0885178386699,2.654,-1.477,1.1173
0.0116,0.006592,0.011719,1.317139,0.000305,-0.134827,0.528107,2.8067157698625618,-1.4203944804960196,0.05292071039344959,0.05588592941230343,-0.2657721791009348,87.0911231792421,2.654,-1.477,1.1173
0.012,0.000977,0.028076,1.306396,0.366516,0.048279,-0.204315,2.8067750817940706,-1.4203373399760324,0.05296381373552207,0.07884800550376313,-0.2717290842289881,87.08464147333063,2.654,-1.477,1.1173
0.0124,0.005859,0.022705,1.309814,0.244446,-0.317932,-0.417938,2.806823210667004,-1.4202833031736513,0.053003728585061236,0.09705838548227153,-0.284924087550963,87.07536646483709,2.654,-1.477,1.1173
0.0115,0.002686,0.002686,1.323486,0.274963,-0.043274,-0.570526,2.806834345211687,-1.420264328806733,0.05301885151419124,0.10347769288142918,-0.2926007063279463,87.06689002760918,2.654,-1.477,1.1173
0.0126,0.010498,0.002686,1.307617,0.549622,0.292419,-0.906219,2.8068465519968173,-1.4202295116738484,0.05303968391717488,0.11363466002788611,-0.3007506007431489,87.05267201201123,2.654,-1.477,1.1173
0.0121,0.003174,0.007324,1.319336,0.610657,0.750183,-0.051727,2.806864811649701,-1.4201983574309038,0.053059267803554036,0.12674283069273082,-0.29912063618523327,87.04975671968,2.654,-1.477,1.1173
0.0117,-0.000488,-0.00415,1.311768,0.427551,0.628113,0.253448,2.8068631350333604,-1.4201894775523733,0.053064116446589635,0.13067912544633592,-0.2971441030153299,87.05188945352239,2.654,-1.477,1.1173
0.0117,0.003906,0.01123,1.315186,0.671692,0.292419,-0.997772,2.8068869137577317,-1.420152395242841,0.05308751927539334,0.14641729360356034,-0.30157309860023895,87.03753121006243,2.654,-1.477,1.1173
0.0128,0.001953,0.017578,1.302979,0.641174,0.048279,-1.394501,2.8069195079035962,-1.4201088489354057,0.053115605887915356,0.16619568422883474,-0.30767701093579153,87.0166469704553,2.654,-1.477,1.1173
0.0112,-0.003418,0.009766,1.311523,0.549622,0.170349,-1.27243,2.806937656525569,-1.420084870416938,0.05313121769303807,0.1790668602250583,-0.30923988562408933,87.00073302208583,2.654,-1.477,1.1173
0.012,-0.003174,0.01001,1.31958,0.488586,0.231384,-1.211395,2.8069551769189327,-1.4200612205448802,0.05314670825747731,0.1916056814395834,-0.31002297054378875,86.98454760519478,2.654,-1.477,1.1173
0.0124,0.000977,0.013184,1.311523,0.305481,0.780701,-1.180878,2.806977190192192,-1.4200287666345965,0.05316803374185691,0.20386814809525672,-0.3064277868561481,86.96760616739145,2.654,-1.477,1.1173
0.0118,0.002686,0.000732,1.324951,0.06134,-0.134827,-0.906219,2.806979701047086,-1.4200145434654785,0.05317783081670035,0.2056545465168186,-0.3149235479954855,86.95568470987382,2.654,-1.477,1.1173
0.0121,0.002197,0.001709,1.301514,0.488586,0.078796,-1.180878,2.8069834599782992,-1.4199993577517118,0.05318824549387607,0.21320797446283116,-0.32069562508989413,86.94012364544824,2.654,-1.477,1.1173
0.012,-0.007568,0.012451,1.30957,0.488586,0.139832,-1.241913,2.807002782460498,-1.419977570714034,0.05320191295708364,0.2268891073330876,-0.3199238671513757,86.92378516204634,2.654,-1.477,1.1173
0.012,-0.013428,-0.000244,1.322754,0.549622,0.048279,-0.204315,2.8070033613469905,-1.4199809594883055,0.0531993388057202,0.23364234984427454,-0.3168597138639443,86.92166064707668,2.654,-1.477,1.1173
0.0125,-0.008545,-0.006592,1.31958,0.519104,0.200867,-0.082245,2.806994895510759,-1.4199893648493551,0.05319407288130848,0.2365354258665365,-0.3147529425416329,86.9211719865942,2.654,-1.477,1.1173
0.0112,-0.001221,-0.003418,1.317139,0.549622,0.567078,0.650177,2.8069907375284058,-1.4199864824935458,0.05319651975902304,0.2408700161182934,-0.31315899166429695,86.92810250830021,2.654,-1.477,1.1173
0.0121,-0.000977,-0.013672,1.320557,0.274963,0.628113,1.321564,2.8069731823637225,-1.4199981127383365,0.053189832330890925,0.23637518861464937,-0.31050172272684007,86.9446955104737,2.654,-1.477,1.1173
0.0126,-0.002441,0.000244,1.314209,0.366516,0.445007,1.413116,2.8069744011055877,-1.419990613502385,0.053194835284187364,0.24126663526902742,-0.30904536178907127,86.96187675544547,2.654,-1.477,1.1173
0.0114,-0.006836,0.016357,1.314453,0.427551,0.139832,1.138458,2.8069963940459997,-1.4199640730318794,0.05321121043755073,0.2557554336718424,-0.3089978022133385,86.97305923274361,2.654,-1.477,1.1173
0.0124,-0.014648,0.012451,1.327881,0.458069,0.139832,0.528107,2.807011895679224,-1.4199510660454784,0.053218745363372,0.268557405967306,-0.3042399545055583,86.97886215607022,2.654,-1.477,1.1173
0.0121,0.003174,0.018311,1.310791,0.519104,-0.378967,0.222931,2.8070337174825624,-1.4199156433932396,0.05324224002569258,0.2853903127326952,-0.3161693370909537,86.97891405435821,2.654,-1.477,1.1173
0.0112,0.012695,0.008057,1.305176,0.213928,0.231384,0.802765,2.8070417462988755,-1.419888187124734,0.05326232557690386,0.2922112562652241,-0.3265078206523,86.98563363819761,2.654,-1.477,1.1173
0.0127,0.006348,0.000732,1.323486,0.427551,-0.134827,1.168976,2.8070403759958893,-1.4198772547520648,0.053271541974615366,0.29759729217936715,-0.3371546949116847,86.9994315163843,2.654,-1.477,1.1173
0.0116,0.000732,0.010498,1.305664,0.427551,0.292419,0.436554,2.8070513453158212,-1.419855971060076,0.05328566581673341,0.30827618662700296,-0.3394659767704814,87.00287174334927,2.654,-1.477,1.1173
0.0122,-0.008057,0.013672,1.315918,0.488586,-0.165344,0.497589,2.807066315277869,-1.4198369044370351,0.05329668121392867,0.3216048217325411,-0.34193790965704407,87.00760362505856,2.654,-1.477,1.1173
0.0126,-0.003906,0.010742,1.313477,0.580139,-0.043274,0.283966,2.807076409927624,-1.4198202258625279,0.05330739620159734,0.3344640510664867,-0.34534042437608353,87.0099301185751,2.654,-1.477,1.1173
0.0112,0.002197,0.001465,1.307861,0.244446,-0.012756,0.528107,2.8070745967088544,-1.4198136739191733,0.05331387224479368,0.337260082112972,-0.3519114591384306,87.01518899572453,2.654,-1.477,1.1173
0.0118,0.004395,0.001221,1.311279,0.488586,0.597595,0.924835,2.807072178517933,-1.4198064077206802,0.05332122783871277,0.34284094417131805,-0.35257606026565647,87.02540613989338,2.654,-1.477,1.1173
0.0127,0.003906,-0.003418,1.315674,0.335999,0.53656,1.230011,2.8070647798448247,-1.4198063413796778,0.05332441892321407,0.34414339708474256,-0.3531844466930645,87.0408526312165,2.654,-1.477,1.1173
0.012,0.008301,0.009033,1.30957,0.702209,0.445007,0.74173,2.8070706436489714,-1.419785443012657,0.05333985973872251,0.3568654173088139,-0.35782292312190095,87.04802797462122,2.654,-1.477,1.1173
0.0114,0.003418,0.016357,1.315186,0.641174,0.383972,0.222931,2.8070846253300688,-1.4197572287656153,0.05335782966404724,0.3726036701419637,-0.3604249205200091,87.04839308376819,2.654,-1.477,1.1173
0.0121,-0.000977,0.02002,1.318848,0.335999,0.078796,-0.02121,2.8071024279504115,-1.4197267769784745,0.05337572442199117,0.3870747584585459,-0.36379658294658596,87.04583814220942,2.654,-1.477,1.1173
0.0121,-0.001465,0.022217,1.318115,0.549622,0.017761,-0.692596,2.807121388170234,-1.4196943994794633,0.05339458118388855,0.4052868777592263,-0.3675310962434386,87.03500560190147,2.654,-1.477,1.1173
0.0121,0.010742,0.005859,1.310547,0.549622,0.139832,-0.601044,2.8071195039303576,-1.419682473663226,0.05340729232141405,0.4138542965852931,-0.3769307668079929,87.02658130844591,2.654,-1.477,1.1173
0.0123,0.00293,-0.000977,1.314209,0.335999,0.109314,-0.601044,2.807112557621066,-1.4196841787273151,0.05341037435999269,0.41584793646431634,-0.3819949391049981,87.01915352956225,2.654,-1.477,1.1173
0.0116,0.012207,0.010986,1.312012,0.488586,0.261902,-0.631561,2.8071152045296217,-1.4196644153002982,0.05342711478238752,0.42631373335917155,-0.39074334644212194,87.0100871296926,2.654,-1.477,1.1173
0.0125,-0.005615,0.005615,1.315674,0.213928,-0.073792,-0.448456,2.80711718023828,-1.4196596021093932,0.05343021565531167,0.43055442149702217,-0.39294231242966643,87.00408389587966,2.654,-1.477,1.1173
0.0112,-0.008789,0.008545,1.321533,0.458069,-0.012756,-0.387421,2.8071228213391892,-1.4196516505245333,0.05343362092798685,0.4388385067728174,-0.3924963670449927,86.9991681396488,2.654,-1.477,1.1173
0.0123,0.000732,0.005371,1.305908,0.458069,0.109314,-0.631561,2.8071221492220984,-1.419645796596551,0.05343962482407857,0.44579331749887807,-0.39616806989544706,86.99084303469442,2.654,-1.477,1.1173
0.0124,-0.000488,0.002197,1.317383,0.763245,0.628113,-0.173798,2.8071187425847803,-1.4196455299385538,0.0534424616303502,0.4545339975206441,-0.3926828427252422,86.9886233908698,2.654,-1.477,1.1173
0.0118,0.001465,-0.006836,1.322266,0.549622,0.322937,0.680695,2.8071065555556034,-1.419658331664492,0.053439807589653304,0.45492936320123584,-0.3943459303862826,86.99752278476943,2.654,-1.477,1.1173
0.0115,0.001465,0.001953,1.310059,0.458069,0.567078,0.497589,2.807102735930518,-1.4196575710507569,0.05344339331625579,0.45925016381198724,-0.39337508494699597,87.00311410678657,2.654,-1.477,1.1173
0.0123,0.000244,0.01416,1.306641,0.335999,0.322937,0.070343,2.8071104983507693,-1.4196386640404013,0.05345476743160687,0.46958530236238616,-0.3942130201668696,87.00247392565333,2.654,-1.477,1.1173
0.0128,-0.005371,0.010498,1.308838,0.488586,0.231384,-0.387421,2.8071158388907995,-1.4196277207424015,0.053460596380964856,0.4798003723329612,-0.3927047781097678,86.99667359668405,2.654,-1.477,1.1173
0.0112,0.007324,0.019775,1.313232,0.305481,0.078796,-0.448456,2.807125499282538,-1.4195998951603528,0.053478536207121,0.4924678445623653,-0.40063001203082055,86.98933815649755,2.654,-1.477,1.1173
0.012,-0.003662,0.006592,1.314209,0.335999,-0.134827,0.009308,2.8071262900113,-1.419595391769547,0.05348204822040948,0.4978983566188655,-0.40459647220539124,86.98903641346826,2.654,-1.477,1.1173
0.0125,-0.002686,0.003418,1.312256,0.458069,0.53656,0.009308,2.80712401320247,-1.4195956257827684,0.053483856007486855,0.5031086227993634,-0.4008639657048842,86.98916491849036,2.654,-1.477,1.1173
0.0112,0.003174,0.00708,1.306152,0.610657,-0.226379,0.192413,2.8071228630072285,-1.4195892906302132,0.05349070914002396,0.5115174834952219,-0.40978829570050773,86.99066662132184,2.654,-1.477,1.1173
0.013,-0.000488,0.001953,1.322266,0.641174,0.139832,0.650177,2.8071184956708346,-1.4195919295991017,0.05349218846672099,0.5182254390893709,-0.4121326167295762,86.99925179712919,2.654,-1.477,1.1173
0.0114,-0.008789,-0.002197,1.312256,0.702209,0.231384,0.497589,2.807113447916737,-1.419602448551536,0.053487225657246215,0.5221692228417193,-0.40884257108616356,87.00578705533788,2.654,-1.477,1.1173
0.0121,0.001709,0.009766,1.314209,0.519104,0.353455,0.650177,2.807114703740996,-1.4195929986057314,0.053494593730371964,0.5313080982635029,-0.4100842428075873,87.01284125884646,2.654,-1.477,1.1173
0.0117,-0.004639,0.003418,1.314941,0.793762,0.353455,0.955353,2.807112739147487,-1.4195946384330456,0.05349494556790425,0.5396077714013514,-0.40778978893062884,87.02415297109059,2.654,-1.477,1.1173
0.0125,0.002441,0.005615,1.316162,0.335999,0.170349,0.711212,2.807110498363634,-1.4195916356286586,0.053499717300086735,0.5440749945160356,-0.41159162713848846,87.03271303962421,2.654,-1.477,1.1173
0.0122,0.004395,0.005127,1.310791,0.366516,0.383972,0.619659,2.8071074369881597,-1.419588982393758,0.053504988474371615,0.5485130870247994,-0.4139962591140583,87.03997575309232,2.654,-1.477,1.1173
0.0113,0.005615,0.016113,1.319092,0.519104,0.53656,0.222931,2.807111945135321,-1.419570286286427,0.05351719142989903,0.5606466174520052,-0.41559041513908734,87.04092577187863,2.654,-1.477,1.1173
0.0147,0.005859,0.008057,1.313965,0.305481,0.017761,0.100861,2.807110151655055,-1.4195640119587147,0.05352445566147602,0.5666718692738167,-0.42312815532623316,87.04176366391968,2.654,-1.477,1.1173
0.0096,0.007812,0.02002,1.307861,0.305481,-0.043274,-0.387421,2.8071161785640304,-1.4195396355174972,0.05353955682630489,0.5781547677545634,-0.4323723719563822,87.0359172253577,2.654,-1.477,1.1173
0.0122,-0.000244,0.017578,1.3125,0.397034,-0.134827,-0.448456,2.8071222534886404,-1.419520927314073,0.05354939840532231,0.5899524540768648,-0.4379816871135873,87.02884184627504,2.654,-1.477,1.1173
0.0122,-0.004395,0.007324,1.321533,0.305481,0.292419,-0.387421,2.8071222329434735,-1.419518725135187,0.053551273713878376,0.5944903660422016,-0.4359213556858927,87.02394218526159,2.654,-1.477,1.1173
0.0116,0.001953,0.002197,1.3125,0.366516,0.017761,-0.173798,2.8071164703114655,-1.419523803486404,0.05355279260467111,0.5965388907111627,-0.4409747079874487,87.02223088327965,2.654,-1.477,1.1173
0.0126,0.007324,0.001465,1.318359,0.488586,0.41449,0.345001,2.8071086018074407,-1.4195295773346919,0.05355595788951367,0.5999571670789358,-0.44415600158886714,87.02693588273894,2.654,-1.477,1.1173
0.0112,0.000977,-0.001709,1.311523,0.458069,0.506042,0.100861,2.8071007653213496,-1.4195406898646015,0.053554779785114436,0.6005203755876042,-0.44318830030077533,87.0289376432743,2.654,-1.477,1.1173
0.012,-0.002197,0.00415,1.31958,0.549622,0.353455,0.314484,2.807097999224885,-1.4195432248970645,0.053555536842616346,0.6058925350939006,-0.4417747495506902,87.03291134865006,2.654,-1.477,1.1173
0.012,0.0,0.009766,1.315918,0.702209,0.353455,0.192413,2.8070983108017002,-1.4195371037090332,0.053560198441031506,0.6163096140677197,-0.4416569335224316,87.03469353166234,2.654,-1.477,1.1173
0.0124,0.001709,0.009033,1.315674,0.366516,0.261902,-0.26535,2.807097581835857,-1.4195321336751037,0.053565007073649064,0.62239604711644,-0.44346182404673923,87.03094331339378,2.654,-1.477,1.1173
0.0118,-0.004883,0.009277,1.316406,0.519104,0.689148,-0.295868,2.8070987039939728,-1.4195278042418376,0.05356731141677274,0.6301212259622482,-0.43657722389016623,87.02716406119177,2.654,-1.477,1.1173
0.0121,0.000244,0.014893,1.311523,0.274963,0.322937,-0.082245,2.807101908697698,-1.4195146077659013,0.05357455431463158,0.6382833435882019,-0.43698120657230327,87.02505593367057,2.654,-1.477,1.1173
0.0122,-0.000244,0.008545,1.328857,0.213928,-0.165344,-0.14328,2.807101053584979,-1.4195116375616161,0.053577906704879906,0.6418545485892964,-0.44284093645642253,87.0229755489098,2.654,-1.477,1.1173
0.0123,-0.004639,0.006592,1.299316,0.610657,0.048279,-0.631561,2.8071002434160373,-1.419511752294471,0.05357871737637473,0.6493078049343679,-0.44359443426513645,87.01519982302132,2.654,-1.477,1.1173
0.0114,0.001709,0.01416,1.310059,0.213928,0.261902,-0.26535,2.807102031371588,-1.4195004214458415,0.05358569068551458,0.6559901234935905,-0.44567746569104794,87.01118322268277,2.654,-1.477,1.1173
0.0122,-0.01001,0.005371,1.317871,0.366516,-0.012756,-0.326385,2.8071019304442424,-1.4195031942579672,0.053583652529810226,0.6594573247112716,-0.44398221177454983,87.00746163978714,2.654,-1.477,1.1173
0.0122,-0.004395,0.004395,1.317383,0.335999,0.139832,0.070343,2.8070997126642516,-1.419507075504497,0.053583158503584916,0.6619174206549349,-0.4437780291463823,87.00864074895017,2.654,-1.477,1.1173
0.0116,0.001953,-0.00708,1.306885,0.335999,0.41449,0.314484,2.807089842687463,-1.4195268284965255,0.05357924090886109,0.6574606301764714,-0.4442983909943126,87.01392347235286,2.654,-1.477,1.1173
0.0123,-0.000732,-0.004395,1.320312,0.397034,0.445007,0.833282,2.8070822891804514,-1.4195426875347736,0.053575728740171004,0.6555411585436747,-0.44257725904064016,87.02551568387523,2.654,-1.477,1.1173
0.0121,-0.000488,0.000488,1.31665,0.732727,0.261902,0.802765,2.8070775503580987,-1.419551299230003,0.05357471961768955,0.6604244620434476,-0.44331330357627746,87.03594213685722,2.654,-1.477,1.1173
0.0122,0.001465,0.008057,1.317627,0.488586,0.322937,0.74173,2.8070765957954085,-1.4195486740863685,0.05357803059163872,0.6667799438605782,-0.44440018666730313,87.04475855556814,2.654,-1.477,1.1173
0.0117,0.0,0.012695,1.311768,0.519104,0.322937,0.375519,2.8070782454408962,-1.4195397463365924,0.05358302067662589,0.675953152006888,-0.4447683261735498,87.0483960771259,2.654,-1.477,1.1173
0.0118,-0.004639,0.018555,1.310791,0.702209,0.170349,-0.051727,2.8070832660370617,-1.4195236271446776,0.05358906809994093,0.6906824859450982,-0.4441246884241921,87.04642420898706,2.654,-1.477,1.1173
0.0122,0.007568,0.013916,1.308594,0.427551,0.109314,0.039825,2.8070834492987857,-1.4195130893774273,0.05359689990646538,0.6995255262362684,-0.45130956679825457,87.0459244847195,2.654,-1.477,1.1173
0.0124,-0.000244,0.006592,1.322266,0.458069,-0.134827,0.070343,2.807081425294971,-1.4195144716607895,0.0535983924743617,0.7043842868228515,-0.45675116688690626,87.0468457067413,2.654,-1.477,1.1173
0.0126,-0.004883,0.007324,1.317139,0.366516,0.445007,-0.082245,2.8070807324404385,-1.4195152588219808,0.05359870443359738,0.7086061592502844,-0.4522503489915363,87.04593260338861,2.654,-1.477,1.1173
0.0104,0.004395,0.014404,1.30957,0.213928,-0.043274,-0.173798,2.8070814119196448,-1.4195050477370637,0.0536052898937712,0.7145937370340761,-0.4592200291288248,87.04316182263197,2.654,-1.477,1.1173
0.0123,-0.003662,0.003662,1.327393,0.488586,0.139832,0.100861,2.807078758801518,-1.4195113438198554,0.05360415762868023,0.7179065617960229,-0.45922371221081737,87.04494531940675,2.654,-1.477,1.1173
0.012,-0.001465,0.001221,1.306641,0.335999,0.353455,0.131378,2.80707473093107,-1.4195205994324809,0.05360276679683084,0.7178734642103901,-0.4581239671851753,87.04733834157273,2.654,-1.477,1.1173
0.0119,-0.001221,0.000488,1.324463,0.610657,0.170349,0.161896,2.8070705003477148,-1.4195309033782342,0.05360102335142202,0.7205705718269918,-0.4592656089138764,87.05014894187443,2.654,-1.477,1.1173
0.0126,0.002441,-0.002441,1.314697,0.610657,0.292419,0.650177,2.8070647228685144,-1.4195445761085579,0.05359919219082503,0.7219262775972303,-0.4610257058915621,87.0595236359768,2.654,-1.477,1.1173
0.0116,0.003906,0.003662,1.31543,0.610657,0.292419,0.314484,2.8070614896603217,-1.4195492926658329,0.05360043833990622,0.7262503405952443,-0.4638410993740946,87.06357095983455,2.654,-1.477,1.1173
0.0123,0.000732,0.01123,1.307861,0.793762,0.53656,0.161896,2.8070618616066803,-1.4195438913816054,0.05360394192189696,0.7376463967105555,-0.4616432599752456,87.06514202621462,2.654,-1.477,1.1173
0.0115,-0.003906,0.012207,1.323975,0.213928,-0.012756,-0.02121,2.8070629771254976,-1.4195384624637595,0.05360623193423217,0.7421643850329863,-0.4633252184283042,87.06440981560674,2.654,-1.477,1.1173
0.0123,0.000488,0.013916,1.316162,0.580139,0.200867,-0.417938,2.8070641115821693,-1.419530110525832,0.05361051754573788,0.7523524338564529,-0.46492584134198245,87.05853537622731,2.654,-1.477,1.1173
0.0122,0.005859,0.01709,1.305664,0.183411,0.078796,-0.204315,2.8070656721499803,-1.4195165766700983,0.05361771622777779,0.759512519967524,-0.471253048882225,87.05480385359415,2.654,-1.477,1.1173
0.012,-0.000488,0.006348,1.326172,0.244446,0.078796,-0.14328,2.8070637789069615,-1.4195196656513016,0.05361832983799348,0.7608895269797632,-0.47369577637087623,87.05333667044125,2.654,-1.477,1.1173
0.0114,-0.005859,0.00293,1.317383,0.366516,0.139832,-0.295868,2.807061427765923,-1.4195280972873312,0.05361603685545903,0.7615593254616893,-0.47238827007087875,87.05072476788209,2.654,-1.477,1.1173
0.0119,0.002686,0.00708,1.30542,0.488586,0.261902,-0.173798,2.807059638940057,-1.4195293369231659,0.05361795270395451,0.7663000231312003,-0.4746497986386692,87.04876474934161,2.654,-1.477,1.1173
0.0127,-0.003174,0.006592,1.321045,0.580139,-0.195862,-0.14328,2.807058312174527,-1.4195325074549816,0.053617804451637524,0.7721619113308018,-0.4789305529381383,87.04717730540555,2.654,-1.477,1.1173
0.0122,-0.002441,0.004395,1.314697,0.702209,0.597595,0.253448,2.8070562927464837,-1.419538543474281,0.05361701982649034,0.7778607029653408,-0.47401681266423457,87.05088961956264,2.654,-1.477,1.1173
0.0113,-0.001221,0.0,1.318359,0.397034,0.353455,0.497589,2.807052848204355,-1.4195502893396599,0.0536148631029868,0.7768835962384459,-0.4731345990271047,87.05759655457327,2.654,-1.477,1.1173
0.0125,0.002197,-0.002686,1.31543,0.397034,0.231384,0.711212,2.807048462883649,-1.419564785379513,0.053612655862725074,0.7748019579295479,-0.47540200142065964,87.06779537849877,2.654,-1.477,1.1173
0.0119,0.002441,0.00415,1.310547,0.580139,0.41449,0.436554,2.8070465357774967,-1.4195696193778746,0.053613157613652526,0.7786863300990355,-0.4757550029494774,87.07347113298259,2.654,-1.477,1.1173
0.0123,0.006348,0.014648,1.314209,0.427551,0.597595,0.406036,2.8070482084385007,-1.4195590455724225,0.05361861523991036,0.7869978145653962,-0.4759545927644523,87.07760615288105,2.654,-1.477,1.1173
0.0112,-0.001221,0.015869,1.308105,0.183411,0.200867,-0.051727,2.8070503032509504,-1.4195487365324233,0.05362244478176115,0.7928587349838355,-0.47675461839291544,87.07613043018254,2.654,-1.477,1.1173
0.0123,0.002441,0.014893,1.311768,0.427551,-0.287415,-0.26535,2.8070515903498987,-1.4195395622564244,0.05362671976994842,0.8012525563371321,-0.4853448926626503,87.07197520307997,2.654,-1.477,1.1173
0.0125,0.00708,0.012695,1.317383,0.397034,0.292419,-0.26535,2.8070517801897186,-1.419532994314516,0.05363125198562534,0.8079438818625243,-0.4893825011735523,87.06808705038902,2.654,-1.477,1.1173
0.0111,0.005127,0.000244,1.313721,0.335999,0.353455,0.009308,2.807048031442947,-1.41954432498695,0.05363073932875539,0.8061039899361708,-0.49205126675272015,87.06923218164849,2.654,-1.477,1.1173
0.0121,-0.004883,0.003906,1.323486,0.305481,0.170349,-0.112762,2.8070459771234297,-1.4195524912222488,0.05362892508351365,0.806353811749258,-0.4906549108904044,87.06862427367092,2.654,-1.477,1.1173
0.0124,0.002197,0.008545,1.317383,0.763245,0.048279,0.100861,2.807045286260637,-1.4195525965131375,0.05363053131683291,0.8149998044354555,-0.49488964594862156,87.06987781511101,2.654,-1.477,1.1173
0.0122,-0.00708,0.000977,1.30835,0.519104,0.322937,0.131378,2.8070425664637453,-1.4195653278578693,0.053627167057861816,0.8160828413738785,-0.49043083600554704,87.0726860374003,2.654,-1.477,1.1173
0.0115,-0.005615,0.000244,1.317627,0.397034,0.048279,0.070343,2.8070397018929816,-1.4195785835546073,0.053623929939859954,0.8149693877515907,-0.4901737246675234,87.07470058797574,2.654,-1.477,1.1173
0.0121,0.00293,0.00708,1.308838,0.732727,0.506042,0.375519,2.807039229122726,-1.4195798957306125,0.053625202094354806,0.8221009204973934,-0.48948443130677205,87.07945441565359,2.654,-1.477,1.1173
0.0127,0.001221,-0.002686,1.317871,0.488586,0.567078,0.802765,2.8070361719996333,-1.4195950471477194,0.05362269184565825,0.8207589924915756,-0.4867603400398746,87.09113806669559,2.654,-1.477,1.1173
0.0112,-0.002197,0.006836,1.314453,0.458069,0.353455,0.619659,2.8070356133578955,-1.4195981102136073,0.05362258464188503,0.8239427039376254,-0.48525923521797165,87.09842029374394,2.654,-1.477,1.1173
0.0122,0.00415,0.014893,1.310791,0.274963,0.41449,0.222931,2.807038011350217,-1.419587947463174,0.053626677912325664,0.8300863881802327,-0.48634583489546335,87.10031498323366,2.654,-1.477,1.1173
0.012,0.002686,0.015869,1.312988,0.458069,0.231384,0.100861,2.80704034358453,-1.4195773705661012,0.0536306209012781,0.838847574677352,-0.4887856406648621,87.10062215333684,2.654,-1.477,1.1173
0.0117,0.001221,0.016602,1.315674,0.152893,-0.104309,-0.387421,2.8070425390870994,-1.4195666495445334,0.05363433952322732,0.8442963310819521,-0.4941983325071956,87.09510636318828,2.654,-1.477,1.1173
0.0119,0.01123,0.013428,1.305664,0.397034,0.231384,-0.26535,2.8070443271154124,-1.4195575842160428,0.053639346150242455,0.8508201049497874,-0.5015620342978143,87.09118303320169,2.654,-1.477,1.1173
0.0125,0.0,0.004883,1.326904,0.305481,-0.073792,0.009308,2.807042874310111,-1.419564181146447,0.05363882579447599,0.8512615932566471,-0.5058365908238053,87.0918883328551,2.654,-1.477,1.1173
0.0121,-0.003662,0.009277,1.313965,0.335999,0.445007,-0.540009,2.80704262118634,-1.419565397088206,0.053638925078890246,0.8546099690312234,-0.5016831856839629,87.08554793531577,2.654,-1.477,1.1173
0.0116,0.001709,0.006836,1.304199,0.397034,0.170349,-0.082245,2.807042071525307,-1.4195683765440719,0.053639503686583316,0.8570418701174415,-0.5042202377604164,87.08490577140552,2.654,-1.477,1.1173
0.0124,0.002197,0.009277,1.324951,0.580139,0.231384,0.222931,2.807042191641954,-1.419568266422534,0.0536407769196587,0.8632781192158819,-0.5060341796060024,87.08771582412673,2.654,-1.477,1.1173
0.0116,-0.005859,0.003174,1.315918,0.427551,0.261902,0.039825,2.807040191940933,-1.4195788551479944,0.0536384585582688,0.8637711946579397,-0.5030188125563672,87.08919384316677,2.654,-1.477,1.1173
0.0124,0.003174,0.005371,1.313721,0.427551,0.445007,0.345001,2.807039782985576,-1.4195833732053316,0.05363880401453606,0.8658482874229599,-0.5028998908816654,87.09399635668568,2.654,-1.477,1.1173
0.0119,0.006104,0.00293,1.322266,0.549622,0.170349,0.222931,2.807039118140679,-1.4195903877398517,0.053638976865826485,0.8676965522446126,-0.5078358296122868,87.09736185492844,2.654,-1.477,1.1173
0.0117,0.001465,0.009766,1.322021,0.397034,-0.012756,0.406036,2.8070396151797055,-1.419589602137619,0.053640136637028664,0.8715838943491817,-0.5122247880055173,87.10205975732681,2.654,-1.477,1.1173
0.0123,-0.00293,0.008057,1.322998,0.580139,0.353455,0.100861,2.8070391920146,-1.4195928374233469,0.05363983808783807,0.8769314070384767,-0.5095239644500039,87.10367396070106,2.654,-1.477,1.1173
0.0122,0.0,0.009521,1.316162,0.335999,0.322937,-0.112762,2.807039606952066,-1.4195928887013902,0.053640598412531916,0.8801296468668839,-0.5089522293168091,87.1023865905479,2.654,-1.477,1.1173
0.0124,-0.001709,0.008301,1.315918,0.274963,0.048279,-0.173798,2.8070394696399315,-1.419595294559213,0.053640632486840575,0.8819110435737677,-0.5106915310241357,87.10047873930107,2.654,-1.477,1.1173
0.0116,0.000488,0.00708,1.311279,0.580139,0.048279,-0.051727,2.807039390632258,-1.4195985713165735,0.0536407608716042,0.8862621212648665,-0.5137802010360862,87.1002165972922,2.654,-1.477,1.1173
0.0114,0.01123,0.00415,1.308594,0.549622,0.017761,-0.082245,2.8070401679716004,-1.4196018755082678,0.053642222656816584,0.888420280738673,-0.5234639036439541,87.09966056037581,2.654,-1.477,1.1173
0.0126,-0.003174,-0.000488,1.316406,0.305481,0.231384,-0.356903,2.8070375981658238,-1.419617257986849,0.05363946379001931,0.8854658131067863,-0.5218692344836681,87.09663941963301,2.654,-1.477,1.1173
0.0114,-0.003418,0.004883,1.318604,0.610657,-0.073792,0.192413,2.807036400563664,-1.4196252128043747,0.05363812830629784,0.8886760545838553,-0.5239567474721252,87.09956596221784,2.654,-1.477,1.1173
0.0124,0.001709,0.001221,1.310547,0.397034,0.200867,0.497589,2.8070353775136683,-1.4196357500703989,0.053636850268103574,0.8876964905376696,-0.5258170116768411,87.10679117051562,2.654,-1.477,1.1173
0.0126,-0.003906,0.002197,1.320068,0.458069,0.261902,0.283966,2.8070335666786317,-1.4196474519875608,0.05363472835241663,0.8881237435000235,-0.5234993367809772,87.11151505832835,2.654,-1.477,1.1173
0.0111,0.001709,0.004639,1.308838,0.458069,0.322937,0.680695,2.8070337156700194,-1.419652823725062,0.053634396243526956,0.8892991948012788,-0.5243135124360815,87.11967570905132,2.654,-1.477,1.1173
0.0124,0.001709,0.00708,1.315674,0.366516,-0.043274,0.497589,2.8070343616668816,-1.419655012349513,0.05363465443919235,0.8913280053092957,-0.5291281578340106,87.12608991958945,2.654,-1.477,1.1173
0.0119,0.005859,0.013672,1.321533,0.519104,0.53656,0.009308,2.8070376095960627,-1.4196463521771958,0.05363733544652222,0.8987868273659587,-0.5293042274724824,87.12558035209499,2.654,-1.477,1.1173
0.0122,-0.000977,0.013916,1.311768,0.641174,0.200867,0.039825,2.8070391965258676,-1.4196408478422282,0.05363879000709533,0.908014079515783,-0.5294879968372507,87.12562480917668,2.654,-1.477,1.1173
0.0124,0.009521,0.01123,1.313721,0.519104,0.048279,-0.14328,2.807042475918054,-1.419634289874032,0.05364142317276793,0.9142173356659206,-0.5375645536537269,87.12335254679147,2.654,-1.477,1.1173
0.011,0.00293,0.013184,1.313721,0.427551,-0.34845,-0.387421,2.8070443967331387,-1.4196285554353587,0.053643259172562394,0.9197996529094926,-0.5460597031742891,87.11854472577913,2.654,-1.477,1.1173
0.0128,-0.001465,0.010254,1.313477,0.397034,0.41449,-0.112762,2.8070448217283097,-1.4196290177507556,0.0536435413358621,0.9239684997603694,-0.5429205131462822,87.11725465922973,2.654,-1.477,1.1173
0.0122,-0.002197,0.001465,1.313477,0.549622,0.017761,-0.173798,2.8070433650232163,-1.4196418910822135,0.053641512530360515,0.9245886891739578,-0.5444135069139595,87.11636890828173,2.654,-1.477,1.1173
0.0111,0.002686,0.008301,1.315918,0.488586,0.353455,0.253448,2.8070444561318446,-1.4196429997080062,0.05364201419290892,0.9278578678732984,-0.5451180694278408,87.1194095670319,2.654,-1.477,1.1173
0.012,0.0,-0.003662,1.305908,0.305481,0.445007,0.283966,2.8070426649011915,-1.4196614991655776,0.0536392076135984,0.922409163893726,-0.5429321930159083,87.12468656051841,2.654,-1.477,1.1173
0.0127,-0.001953,-0.000488,1.314697,0.244446,0.109314,0.283966,2.807040947639655,-1.419676507992548,0.05363684545385405,0.9182910923557264,-0.5434917511064647,87.12975110205488,2.654,-1.477,1.1173
0.0114,0.00415,0.003906,1.313477,0.458069,0.353455,0.161896,2.8070421054366523,-1.419681826179198,0.05363659570575497,0.9188939391982441,-0.5449564227622196,87.13225186519396,2.654,-1.477,1.1173
0.0125,-0.003662,0.008057,1.317871,0.671692,0.231384,0.131378,2.807041777527727,-1.4196861846440754,0.05363595246092679,0.9250197316224558,-0.5429653177410356,87.13436540973743,2.654,-1.477,1.1173
0.0115,0.001221,0.005127,1.311768,0.610657,0.048279,0.161896,2.807042526744335,-1.4196914903995232,0.05363546290915675,0.9280518517282573,-0.5461831285943346,87.1368055733509,2.654,-1.477,1.1173
0.0123,0.005371,0.009766,1.314697,0.305481,0.383972,-0.051727,2.8070456290162853,-1.4196880118939894,0.05363670729557953,0.930526465506189,-0.547595222326102,87.13603608830107,2.654,-1.477,1.1173
0.0124,-0.001221,0.012695,1.316162,0.458069,0.231384,0.100861,2.8070470523172797,-1.4196848095581285,0.05363748335195691,0.9365508978679845,-0.5470196979829901,87.13707492301367,2.654,-1.477,1.1173
0.0111,-0.002441,0.003662,1.314209,0.366516,0.078796,0.161896,2.807046348435816,-1.4196945173459283,0.053636039593625624,0.9356789174422762,-0.5477330516272074,87.13983401773939,2.654,-1.477,1.1173
0.012,0.002441,0.010742,1.304443,0.580139,-0.012756,0.131378,2.807048706022095,-1.4196915268603019,0.053636978464137695,0.9418629603267251,-0.5523624177844715,87.14121321702243,2.654,-1.477,1.1173
0.0124,-0.003418,0.005615,1.315674,0.427551,0.017761,-0.112762,2.807048075870936,-1.4196993602007357,0.053635787718743874,0.9433119536833476,-0.553041402604861,87.14058121307818,2.654,-1.477,1.1173
0.0121,-0.005127,0.000977,1.311523,0.549622,-0.165344,0.253448,2.807046217617732,-1.4197142423919833,0.053633338293431795,0.9433537862814011,-0.5550096577595768,87.14503313200309,2.654,-1.477,1.1173
0.0116,0.002686,0.003906,1.306396,0.549622,0.65863,0.345001,2.807047928389687,-1.4197197972645226,0.05363279386148937,0.9448444833602931,-0.5520214541473868,87.14979828178646,2.654,-1.477,1.1173
0.0122,-0.000977,0.000488,1.319092,0.610657,0.048279,0.436554,2.8070477126043043,-1.4197324299834597,0.053630915932400505,0.9453410044690769,-0.553845199254836,87.1563989573316,2.654,-1.477,1.1173
0.0122,0.001221,0.005127,1.311523,0.427551,0.078796,0.406036,2.8070491507387114,-1.419737263719691,0.053630379338710565,0.9463436508583909,-0.5566026927579258,87.16192100498263,2.654,-1.477,1.1173
0.0127,-0.006348,0.00708,1.310303,0.458069,0.506042,0.375519,2.8070478540530783,-1.4197448922092863,0.05362911416859671,0.9490710961783656,-0.5495155097705683,87.16750849099462,2.654,-1.477,1.1173
0.0109,0.002686,0.013184,1.314209,0.580139,0.017761,0.467072,2.807051275838168,-1.4197382629735353,0.053630428607318856,0.9558025608306169,-0.5539089727993192,87.17208535348817,2.654,-1.477,1.1173
0.0127,0.002197,0.013428,1.318604,0.366516,0.445007,0.161896,2.8070545140899825,-1.419731935993226,0.053631670733501766,0.9609476774079495,-0.5524945613162663,87.17374061524285,2.654,-1.477,1.1173
0.0112,-0.000977,0.00708,1.304443,0.305481,0.200867,-0.14328,2.8070556188192377,-1.4197357774525245,0.053631208663811936,0.961251510321028,-0.5526453257943744,87.17261074348592,2.654,-1.477,1.1173
0.0129,0.011719,0.013916,1.320312,0.335999,0.261902,0.009308,2.8070630967427967,-1.4197221534389806,0.05363386147342643,0.9663121266045637,-0.5589606483026229,87.17174253102618,2.654,-1.477,1.1173
0.0113,0.002441,0.006348,1.313232,0.641174,0.078796,-0.051727,2.8070653566909263,-1.4197251206122972,0.05363367545060665,0.9698623005876403,-0.5623398782158382,87.17157395620377,2.654,-1.477,1.1173
0.0127,0.001953,0.008301,1.309326,0.458069,-0.165344,-0.387421,2.807067601432176,-1.419725945778685,0.05363378929502543,0.9731605552576587,-0.5683199386712872,87.16680295099695,2.654,-1.477,1.1173
0.0115,0.002197,0.006104,1.304932,0.519104,0.261902,-0.02121,2.807069741486573,-1.4197293808192284,0.0536335181203323,0.9752702938776291,-0.5694311561139858,87.16705413100972,2.654,-1.477,1.1173
0.0126,-0.005615,0.004883,1.318115,0.610657,0.231384,-0.02121,2.8070683731907384,-1.4197403399510564,0.05363188236455768,0.9782874390014882,-0.5659978854652392,87.16788472686748,2.654,-1.477,1.1173
0.0118,-0.00415,0.000488,1.309814,0.458069,0.231384,0.009308,2.807067324442863,-1.419755464396419,0.05362966929190833,0.9764760207796288,-0.563679445291845,87.16952508940398,2.654,-1.477,1.1173
0.0118,0.000977,0.000977,1.314941,0.397034,0.41449,0.558624,2.807068897139756,-1.419765705788768,0.05362827558166223,0.9741840918551941,-0.5623116606741422,87.17730585697804,2.654,-1.477,1.1173
0.0121,0.002197,0.001709,1.309326,0.397034,0.506042,0.619659,2.8070713632423554,-1.4197736826386487,0.05362722311050165,0.9724661043168916,-0.5605060773083169,87.18582367487264,2.654,-1.477,1.1173
0.0116,0.001221,0.010254,1.317627,0.427551,0.109314,0.467072,2.8070742610196016,-1.4197718268262107,0.05362756547811779,0.9758749556989105,-0.5628559034667991,87.19120287934929,2.654,-1.477,1.1173
0.0123,-0.000488,0.013184,1.309326,0.488586,0.322937,0.009308,2.807076688087806,-1.419767605103741,0.05362822016690424,0.982102139060179,-0.5614800105022131,87.19106457625104,2.654,-1.477,1.1173
0.0114,-0.001709,0.010498,1.316406,0.458069,0.109314,-0.02121,2.807078084033067,-1.4197681044882993,0.053628188669982126,0.9858749239471202,-0.5620540019128274,87.19095643543527,2.654,-1.477,1.1173
0.0125,0.003418,0.009766,1.307861,0.671692,0.078796,-0.173798,2.8070822123090644,-1.4197651751120735,0.05362869886583949,0.9923981999093585,-0.5658935974267951,87.18868645623505,2.654,-1.477,1.1173
0.0118,0.005859,0.01001,1.318115,0.549622,0.261902,-0.112762,2.8070875686598042,-1.4197603087178081,0.0536295007519332,0.9970312812229328,-0.5689531574778897,87.18715273375196,2.654,-1.477,1.1173
0.0118,-0.003662,0.008789,1.318604,0.427551,0.200867,-0.204315,2.8070877209607707,-1.4197650159614357,0.05362886787149155,0.9994899547181517,-0.5671566580230177,87.18526743424731,2.654,-1.477,1.1173
0.0127,-0.011719,0.010498,1.318359,0.335999,-0.043274,-0.326385,2.807083800403228,-1.4197742985469106,0.053627518626445984,1.0021584210599257,-0.5635680696785101,87.18188126470073,2.654,-1.477,1.1173
0.0121,-0.012695,0.004395,1.321045,0.610657,0.170349,-0.02121,2.807079123574131,-1.419791584699335,0.05362503983335583,1.0042992119328182,-0.5569316862934031,87.18320701839112,2.654,-1.477,1.1173
0.0114,-0.001221,0.005859,1.312012,0.366516,0.200867,0.192413,2.8070810452034527,-1.41979691984501,0.053624267864106685,1.0041134151998141,-0.5568734606682101,87.1860653166053,2.654,-1.477,1.1173
0.0126,-0.002197,0.0,1.31958,0.274963,0.383972,0.497589,2.8070822512984437,-1.4198097779519678,0.053622421917771966,0.9997491077998797,-0.5537568234101773,87.19377554346123,2.654,-1.477,1.1173
0.0113,0.001709,-0.002686,1.316895,0.458069,0.322937,0.833282,2.807085863140437,-1.419821834462795,0.053620647830745057,0.9955531346250921,-0.5541809454775614,87.20463523902389,2.654,-1.477,1.1173
0.0123,0.003174,0.005127,1.312988,0.488586,0.383972,0.558624,2.807090856012533,-1.4198232267437698,0.053620336395481305,0.9967951254617345,-0.5543763459504844,87.21194739443116,2.654,-1.477,1.1173
0.0124,-0.000244,0.007568,1.31665,0.580139,0.292419,0.070343,2.8070937550158432,-1.419825187727645,0.0536199928134568,1.0006506361044147,-0.5535409684564765,87.21320862057118,2.654,-1.477,1.1173
0.0114,0.002441,0.006348,1.307861,0.549622,0.353455,-0.051727,2.8070985821895253,-1.4198256861785377,0.05361979514623674,1.0029012167963889,-0.5539119007379583,87.21295083289233,2.654,-1.477,1.1173
0.0123,0.000977,0.013184,1.322998,0.488586,-0.073792,-0.02121,2.8071024476261996,-1.4198202888948532,0.05362042332085319,1.0087441117828364,-0.5582099134522545,87.21229490272641,2.654,-1.477,1.1173
0.0122,0.003174,0.01416,1.303223,0.305481,0.078796,0.070343,2.807107882895713,-1.4198112480566514,0.05362150215229159,1.0129856225784857,-0.5620617747057229,87.2124892963409,2.654,-1.477,1.1173
0.0121,0.01001,0.006104,1.306152,0.366516,0.078796,-0.295868,2.807117254339448,-1.4198053359214702,0.05362208699019317,1.0131895618231785,-0.5697807571802561,87.20873785743261,2.654,-1.477,1.1173
0.0114,0.000732,0.006104,1.312256,0.091858,0.017761,-0.356903,2.8071202293817805,-1.4198087688883667,0.053621597925685265,1.0100165318715026,-0.5726795743079729,87.20515522524926,2.654,-1.477,1.1173
0.0125,-0.00708,0.001953,1.31958,0.305481,0.139832,-0.02121,2.8071178348450396,-1.4198247779245583,0.05361962136525489,1.0071361303481121,-0.5695130731318253,87.20644743558412,2.654,-1.477,1.1173
0.0124,0.001221,0.004639,1.315674,0.580139,0.109314,-0.112762,2.807121289155285,-1.4198290890222984,0.0536189763455901,1.0092079489141548,-0.5715862045147342,87.20566649213008,2.654,-1.477,1.1173
0.0109,-0.005371,-0.000244,1.313965,0.366516,0.200867,0.161896,2.807120005967836,-1.4198456487875777,0.053616920520820094,1.005238881916523,-0.5690436519820599,87.20910285204604,2.654,-1.477,1.1173
0.0122,0.002441,0.0,1.316895,0.519104,0.628113,0.467072,2.80712451198183,-1.419853352493543,0.05361577441276516,1.0037213808963243,-0.5656982047713214,87.21592097957831,2.654,-1.477,1.1173
0.0123,0.005615,0.003418,1.314697,0.427551,0.506042,0.589142,2.807131743875959,-1.419853397104684,0.053615478113457064,1.0031303202317081,-0.565700945160607,87.22360035134714,2.654,-1.477,1.1173
0.012,-0.000244,0.007812,1.3125,0.671692,0.506042,0.253448,2.807134956859954,-1.4198547067389868,0.053615186331567456,1.0079225315313562,-0.5623900946586355,87.22702373427305,2.654,-1.477,1.1173
0.012,0.002441,0.016846,1.321289,0.549622,0.292419,0.009308,2.8071407584643153,-1.4198428627867363,0.05361639490376326,1.0164195037295658,-0.5630941185138121,87.22624365631987,2.654,-1.477,1.1173
0.0125,0.001221,0.014893,1.307129,0.488586,0.109314,-0.173798,2.807145493600839,-1.4198345360529707,0.053617220752652274,1.0233616696327634,-0.5652693889461479,87.22345422728736,2.654,-1.477,1.1173
0.0114,0.003174,0.010742,1.320801,0.06134,0.017761,-0.295868,2.8071511727537173,-1.4198295160204268,0.053617620590068756,1.0223726727182318,-0.56958071468755,87.21982377255404,2.654,-1.477,1.1173
0.0123,0.003174,0.011475,1.3125,0.366516,0.078796,-0.173798,2.8071568745886757,-1.4198235889707638,0.053618126133805406,1.0256335509302472,-0.5731786765496251,87.21735060523234,2.654,-1.477,1.1173
0.0121,0.008057,0.008789,1.319336,0.397034,-0.043274,-0.051727,2.8071656897382034,-1.4198160770399784,0.053618718084848305,1.0275352615988886,-0.5810174628303773,87.2163395510883,2.654,-1.477,1.1173
0.0114,0.002686,0.010742,1.305908,0.213928,0.292419,0.192413,2.8071707843440623,-1.4198117024385681,0.05361906399716106,1.0282711413669554,-0.5819975618690978,87.21837234982398,2.654,-1.477,1.1173
0.0126,-0.002197,0.003906,1.317383,0.427551,0.231384,-0.02121,2.8071716619995124,-1.4198210597454755,0.053618000580282425,1.0278934241684625,-0.5804195201448836,87.21915660142521,2.654,-1.477,1.1173
0.0116,-0.00708,0.001953,1.311768,0.519104,0.109314,0.192413,2.80716892124638,-1.4198377590634512,0.05361623325769216,1.0270094932921041,-0.5777192638608118,87.2230014128294,2.654,-1.477,1.1173
0.012,-0.002441,-0.002197,1.317383,0.580139,0.261902,0.436554,2.807169635476528,-1.4198538711405275,0.053614403171559966,1.024613829788008,-0.5759163735377406,87.2299807306973,2.654,-1.477,1.1173
0.0118,0.003662,0.002197,1.313965,0.274963,0.475525,0.558624,2.80717556691971,-1.4198575064174679,0.05361374978041665,1.0211138942957363,-0.5752783393500225,87.23731062483314,2.654,-1.477,1.1173
0.0135,0.000488,0.004395,1.314453,0.549622,0.353455,0.558624,2.8071791745276573,-1.4198622131152512,0.053613076978643565,1.0230324914334736,-0.5736546845108602,87.24558119572097,2.654,-1.477,1.1173
0.0104,0.00415,0.007324,1.311035,0.549622,0.445007,0.253448,2.8071862050418748,-1.4198589486574973,0.05361312385333483,1.02502891384926,-0.5742513791776095,87.24827837880639,2.654,-1.477,1.1173
0.0123,0.001221,0.011963,1.313721,0.305481,0.048279,0.253448,2.807190953592213,-1.4198539947439779,0.053613450929287466,1.0277424681613414,-0.5771184981721221,87.25110967688371,2.654,-1.477,1.1173
0.0122,-0.005371,0.016602,1.316162,0.397034,-0.256897,-0.234833,2.807190452716085,-1.4198517822451484,0.053613707092605566,1.0342361257722918,-0.5796939506449498,87.24793844722382,2.654,-1.477,1.1173
0.0116,-0.001953,0.012939,1.30542,0.427551,0.078796,-0.295868,2.807192554034165,-1.419849643633815,0.05361384770516795,1.0387406975956066,-0.5802722621980976,87.24439782442704,2.654,-1.477,1.1173
0.0126,0.002686,0.007812,1.330566,0.305481,0.048279,-0.112762,2.8071978128424675,-1.4198487288058639,0.053613729423588316,1.038939432481886,-0.5837068859851863,87.24313117790639,2.654,-1.477,1.1173
0.0121,-0.005127,0.002686,1.305176,0.458069,0.322937,-0.173798,2.8071968233130153,-1.4198620978028291,0.05361237116693311,1.0379523649386448,-0.5794490207756802,87.24243157503294,2.654,-1.477,1.1173
0.0112,0.007568,0.007568,1.313721,0.488586,0.048279,-0.14328,2.807206473259107,-1.4198549725643193,0.05361269218121248,1.0397239218796686,-0.5859172477357449,87.24053825289175,2.654,-1.477,1.1173
0.0121,0.000488,0.005615,1.310059,0.580139,0.231384,0.100861,2.8072101667771334,-1.4198585456362698,0.053612169271847386,1.0418581993389568,-0.5860448951089982,87.24234483864834,2.654,-1.477,1.1173
0.0128,-0.005127,0.002197,1.318604,0.549622,-0.012756,0.467072,2.8072090395188947,-1.4198728457288925,0.053610764952945235,1.041907792318256,-0.5858777254880289,87.24974351296785,2.654,-1.477,1.1173
0.0113,0.0,0.003174,1.313965,0.427551,0.231384,0.314484,2.8072124025841485,-1.4198794682599638,0.05360993347991899,1.040392375992384,-0.5859213236742123,87.25418006434454,2.654,-1.477,1.1173
0.012,-0.001709,0.0,1.314697,0.549622,0.231384,0.619659,2.807214283152626,-1.4198915934152825,0.05360861742683412,1.038752237869509,-0.5848762580644937,87.26300238437751,2.654,-1.477,1.1173
0.0126,0.0,0.004883,1.313721,0.427551,0.292419,0.589142,2.807217944694752,-1.4198958928379226,0.05360799980500074,1.0387698317343572,-0.5839454033843494,87.2711016664944,2.654,-1.477,1.1173
0.0113,0.001465,0.004883,1.309326,0.458069,0.41449,0.558624,2.8072230854560156,-1.4198980519993223,0.053607521378493866,1.0386152998009406,-0.5828960598585606,87.27795443197844,2.654,-1.477,1.1173
0.0123,-0.002197,0.013184,1.317627,0.519104,0.078796,0.039825,2.807225095974938,-1.4198960831769196,0.05360761246246773,1.0444917336498143,-0.5832458631866188,87.27834957773055,2.654,-1.477,1.1173
0.0121,-0.002686,0.011475,1.30957,0.580139,0.170349,-0.356903,2.8072267218470377,-1.4198964986920004,0.05360748925217632,1.0500497594154696,-0.582184736376062,87.27418588207127,2.654,-1.477,1.1173
0.0122,0.00293,0.008301,1.306396,0.458069,0.200867,0.009308,2.8072335052223036,-1.419893017839355,0.05360748693079931,1.0522563139252104,-0.5841337983250555,87.27429204930375,2.654,-1.477,1.1173
0.0113,0.000244,0.002197,1.332275,0.488586,-0.134827,-0.112762,2.8072373704804443,-1.4199003340267862,0.05360658951508649,1.0507454533626452,-0.5882225292752,87.273922565426,2.654,-1.477,1.1173
0.0123,0.006104,0.002441,1.310791,0.397034,0.261902,-0.173798,2.807246861006643,-1.4198991156337761,0.05360622132975241,1.048833271025021,-0.5911171340983751,87.27215050435704,2.654,-1.477,1.1173
0.0122,0.00293,0.003662,1.312012,0.244446,0.445007,-0.173798,2.8072533649189775,-1.4199007404046662,0.05360573842788943,1.0457625962917483,-0.5899396433622671,87.27059516810398,2.654,-1.477,1.1173
0.0121,-0.000977,0.000977,1.319824,0.335999,-0.043274,0.070343,2.807255852335735,-1.4199107782218174,0.0536046800658833,1.0421807560351113,-0.5923944017303001,87.27259203073933,2.654,-1.477,1.1173
0.0124,0.000732,0.002686,1.31543,0.366516,0.53656,0.100861,2.8072602516161926,-1.4199161958611788,0.053603948663472165,1.0401053108378409,-0.5887517619792373,87.27472754982008,2.654,-1.477,1.1173
0.0112,0.003174,-0.000488,1.311768,0.519104,0.445007,0.436554,2.807267073366748,-1.4199214155258517,0.053603108772602305,1.0374452501028704,-0.5883073774600115,87.28056124126343,2.654,-1.477,1.1173
0.0121,0.000244,-0.001221,1.323242,0.305481,0.597595,0.467072,2.8072708095631023,-1.4199315860386779,0.0536019881089349,1.0322622078856292,-0.5838755986156192,87.28757080782152,2.654,-1.477,1.1173
0.0141,0.00415,0.003906,1.313965,0.519104,0.292419,0.222931,2.8072791996177706,-1.419929969591117,0.053601672864072206,1.0337182439724077,-0.5848722086180478,87.29100471990068,2.654,-1.477,1.1173
0.0104,0.005127,0.011963,1.310547,0.458069,0.41449,0.345001,2.8072892575073993,-1.4199177918792707,0.053602202873756846,1.0373556933548214,-0.5862662704020569,87.29386512102307,2.654,-1.477,1.1173
0.0115,0.003906,0.016602,1.318115,0.305481,0.109314,-0.173798,2.80729807501911,-1.4199027758852902,0.053603044239155066,1.042407389199613,-0.5897869378706111,87.29073215240362,2.654,-1.477,1.1173
0.0121,0.001953,0.015381,1.312256,0.519104,-0.043274,-0.814667,2.8073045822885865,-1.4198922235048343,0.05360361855012674,1.049570199877531,-0.5938027129083279,87.28006743635426,2.654,-1.477,1.1173
0.0124,0.002197,0.005859,1.303223,0.244446,0.445007,-0.26535,2.807310758459787,-1.419891938420428,0.053603345139314876,1.0478694178025136,-0.5921311228717966,87.27713349301297,2.654,-1.477,1.1173
0.0113,-0.000244,0.004395,1.324219,0.488586,0.078796,-0.448456,2.80731401035421,-1.4198973975431355,0.05360273484720141,1.0477314746289061,-0.5934516115197118,87.27280180033617,2.654,-1.477,1.1173
0.0121,-0.002197,0.008057,1.319092,0.610657,0.261902,0.070343,2.8073157180064534,-1.4199013217003358,0.0536023282861252,1.0515221065383706,-0.5915132123784342,87.27419872922526,2.654,-1.477,1.1173
0.0124,-0.003906,-0.001709,1.315186,0.641174,-0.104309,0.192413,2.8073152172463143,-1.4199184820365136,0.05360094464664929,1.0501566420474953,-0.5930670069341688,87.27832620237179,2.654,-1.477,1.1173
0.0121,0.002686,0.010254,1.317139,0.366516,0.109314,0.009308,2.807322248322694,-1.419912587522597,0.05360107119466051,1.0522916677760557,-0.5957928330601818,87.27817360456758,2.654,-1.477,1.1173
0.0122,-0.003906,-0.001465,1.318115,0.885315,0.078796,0.192413,2.807321951642142,-1.419929378650402,0.053599730044916534,1.0538723134852879,-0.5950564403002351,87.28227619658844,2.654,-1.477,1.1173
0.0113,0.001221,0.005127,1.309326,0.458069,0.383972,0.589142,2.807327586153016,-1.4199307802408578,0.0535993277521032,1.0536973558396718,-0.5940992280023631,87.28941960479465,2.654,-1.477,1.1173
0.0123,-0.000488,-0.000488,1.320557,0.366516,0.353455,0.192413,2.8073310562215616,-1.419940991846511,0.053598333294677544,1.0496055144369378,-0.5919972824065296,87.2930928489043,2.654,-1.477,1.1173
0.012,0.00293,0.012207,1.318115,0.397034,0.292419,0.283966,2.807338941897284,-1.4199319906039594,0.05359863779064999,1.0531653089860105,-0.592763227846488,87.29598948444858,2.654,-1.477,1.1173
0.0124,0.000977,0.012451,1.308105,0.610657,0.353455,0.375519,2.807344835219522,-1.4199255633293297,0.053598843299910916,1.0596697908036188,-0.591619774707888,87.30032758910498,2.654,-1.477,1.1173
0.0121,-0.000732,0.015137,1.316162,0.183411,0.139832,-0.26535,2.80734878841022,-1.4199192306963875,0.05359913797172913,1.0623884188437351,-0.5919570398603561,87.296669897987,2.654,-1.477,1.1173
0.0111,0.000488,0.015869,1.313232,0.549622,0.292419,-0.082245,2.8073541100792445,-1.419910335530294,0.05359956335404963,1.0693470982008935,-0.5915199980348023,87.29513420019217,2.654,-1.477,1.1173
0.0122,0.001953,0.003418,1.313721,0.458069,-0.165344,-0.234833,2.807360485595131,-1.4199129090316613,0.05359906853327562,1.0685049478431254,-0.5971084470032159,87.29279716812788,2.654,-1.477,1.1173
0.0121,0.008789,0.008789,1.310791,0.458069,0.109314,-0.26535,2.807374318459686,-1.4198993763329233,0.053599430413621425,1.0707720159762855,-0.6033347734269864,87.28883934022228,2.654,-1.477,1.1173
0.0122,0.001465,0.005371,1.315918,0.305481,-0.104309,-0.204315,2.8073797274174415,-1.419901134313177,0.05359905387842538,1.0691922380868906,-0.6077721010387668,87.28676085814448,2.654,-1.477,1.1173
0.0116,-0.002197,0.003662,1.311523,0.549622,0.200867,-0.02121,2.8073812715072513,-1.419910122939939,0.053598331323797134,1.069252640577244,-0.6065368148776737,87.28757335016536,2.654,-1.477,1.1173
0.0122,-0.000977,0.005371,1.306641,0.335999,0.53656,-0.14328,2.8073844294315817,-1.41991495613563,0.05359783557830866,1.0680904292691482,-0.6018568807292914,87.28660269175666,2.654,-1.477,1.1173
0.0122,-0.003418,0.003418,1.319336,0.488586,0.200867,0.192413,2.807384778859889,-1.4199258231415688,0.05359703886524349,1.0675500803083513,-0.5998612324448934,87.29015212396756,2.654,-1.477,1.1173
0.0122,-0.002686,0.003662,1.313965,0.488586,0.628113,0.314484,2.807386261863677,-1.4199347986192723,0.05359632621687524,1.0671588077031064,-0.593210093432396,87.29514227194936,2.654,-1.477,1.1173
0.0116,0.001953,0.000488,1.321045,0.458069,0.231384,0.314484,2.8073929466707965,-1.419939743351596,0.053595655035566965,1.064279598879641,-0.5941956900775541,87.29967126680822,2.654,-1.477,1.1173
0.0122,0.012451,0.010986,1.315674,0.519104,0.200867,0.375519,2.8074121592385004,-1.419916606768543,0.05359636872140295,1.0685404104976248,-0.6015573831885047,87.3027674383141,2.654,-1.477,1.1173
0.0123,0.001465,0.01709,1.324219,0.488586,0.41449,0.100861,2.8074186678062167,-1.419905140170467,0.05359685948264401,1.0759290288194077,-0.5997206352654606,87.30320347531519,2.654,-1.477,1.1173
0.0112,0.004395,0.020508,1.312988,0.366516,0.109314,-0.02121,2.8074286502986534,-1.4198852612679098,0.05359776620145548,1.0834651227319443,-0.6034883496657913,87.30136785606597,2.654,-1.477,1.1173
0.0122,0.007568,0.012695,1.318359,0.427551,-0.134827,-0.234833,2.807441253243706,-1.4198698572129431,0.053598263163953934,1.0874686218702803,-0.6118009060097392,87.29744523331122,2.654,-1.477,1.1173
0.012,0.003174,0.007812,1.301514,0.366516,0.261902,-0.173798,2.8074489320606055,-1.4198662471688681,0.0535981910683354,1.087876062639487,-0.6128944341323237,87.29540204810976,2.654,-1.477,1.1173
0.0128,-0.003906,0.000732,1.323242,0.610657,0.261902,-0.112762,2.807448334317407,-1.4198818584885018,0.053597216149685246,1.0874335563405848,-0.6095192680861825,87.29563791113983,2.654,-1.477,1.1173
0.0113,0.006104,0.00708,1.318848,0.732727,0.475525,0.283966,2.8074594516190836,-1.4198746077165383,0.05359723283100492,1.0911067500326992,-0.6100880984507946,87.29870889790908,2.654,-1.477,1.1173
0.0118,0.001221,0.004395,1.315186,0.397034,0.475525,0.283966,2.8074650093282796,-1.419877838057014,0.05359681234823304,1.0896423550289371,-0.6076146249648489,87.30276834611007,2.654,-1.477,1.1173
0.0121,-0.001465,0.007568,1.315918,0.427551,0.261902,0.253448,2.8074676582783074,-1.4198817663726186,0.0535964641615154,1.090516362584277,-0.6060136777495089,87.30643390205299,2.654,-1.477,1.1173
0.0121,0.002686,0.006592,1.316406,0.549622,0.139832,0.161896,2.807475103530733,-1.419880131094523,0.053596272447690614,1.092287187127602,-0.6082767275318912,87.3086038408639,2.654,-1.477,1.1173
0.0122,0.004395,0.008057,1.313477,0.641174,0.383972,0.314484,2.8074847407789667,-1.4198740492869135,0.05359626943730905,1.096045022984037,-0.6086095043377416,87.31234308105601,2.654,-1.477,1.1173
0.012,-0.000488,0.003418,1.318115,0.427551,0.597595,0.161896,2.807488541238232,-1.419880934274458,0.053595713418530075,1.094402224238036,-0.60357163751348,87.31532801253564,2.654,-1.477,1.1173
0.0121,0.000977,0.012939,1.315186,0.366516,0.261902,0.314484,2.8074945346631557,-1.4198748387194058,0.05359584737868621,1.0976113391763722,-0.6034517365533678,87.31883312327892,2.654,-1.477,1.1173
0.012,-0.001221,0.006836,1.319336,0.427551,0.231384,-0.14328,2.80749764182736,-1.419879138382139,0.05359547807111075,1.0979654962076952,-0.6023139021802536,87.31776763544629,2.654,-1.477,1.1173
0.0116,-0.003662,0.008057,1.306396,0.671692,0.109314,-0.173798,2.8074981214740116,-1.4198857215561775,0.0535950757616786,1.1017348698839213,-0.6013246765380641,87.3164935931253,2.654,-1.477,1.1173
0.0121,0.01001,0.017822,1.309326,0.458069,-0.043274,-0.417938,2.8075149997376347,-1.419859676421474,0.05359595529504161,1.1089540476237014,-0.6100214234587239,87.30947475556437,2.654,-1.477,1.1173
0.0122,-0.000977,0.003662,1.311279,0.488586,0.231384,-0.204315,2.8075183462150775,-1.4198672277976725,0.053595409622972566,1.1082129799460956,-0.6089447119325934,87.30799343715195,2.654,-1.477,1.1173
0.0116,-0.007812,0.0,1.318359,0.488586,-0.073792,0.192413,2.807513569888842,-1.4198897725446709,0.05359431249450725,1.104995341420165,-0.6076045631558822,87.31236495981007,2.654,-1.477,1.1173
0.0121,0.000488,0.000732,1.314453,0.397034,0.200867,0.222931,2.8075188356895375,-1.4198974396183663,0.05359368155928902,1.1013871800439312,-0.6078715271635955,87.31617006495559,2.654,-1.477,1.1173
0.0125,-0.003906,0.000488,1.313965,0.671692,0.353455,0.528107,2.8075189777781135,-1.4199124372777137,0.053592835790729376,1.1011799675646068,-0.6036920943388521,87.32444896838521,2.654,-1.477,1.1173
0.0121,-0.00293,0.001221,1.30957,0.458069,0.506042,0.467072,2.8075205775803536,-1.4199245011102513,0.05359209933602338,1.0985985461517642,-0.598442553420083,87.331569950983,2.654,-1.477,1.1173
0.0122,0.005127,0.010498,1.310303,0.610657,0.109314,0.283966,2.807532425851514,-1.4199129649835855,0.053592282713907424,1.1033674943637344,-0.6026444757905368,87.33440084833225,2.654,-1.477,1.1173
0.0122,0.006348,0.013672,1.320312,0.519104,0.261902,-0.082245,2.807545499016018,-1.419896702996564,0.05359267984190795,1.108797728488136,-0.6054958899337972,87.33235839786327,2.654,-1.477,1.1173
0.0111,-0.005859,0.010742,1.321045,0.519104,-0.012756,-0.326385,2.807543215934378,-1.4199046017588337,0.0535923398384242,1.111931402200048,-0.6044935829842959,87.3294613999853,2.654,-1.477,1.1173
0.0124,0.006592,0.011719,1.321045,0.274963,0.322937,-0.112762,2.80755645794759,-1.4198902388665073,0.05359262620442106,1.1132489641997867,-0.6066466510800574,87.3272493745913,2.654,-1.477,1.1173
0.0112,0.009521,0.006836,1.303955,0.366516,0.383972,-0.112762,2.8075735829429074,-1.4198754831874365,0.05359279732822904,1.1125113614995943,-0.6103558842909736,87.3253220621335,2.654,-1.477,1.1173
0.0145,-0.005615,0.007812,1.322998,0.335999,-0.256897,-0.02121,2.807571276780452,-1.4198864786961685,0.05359231189832546,1.1129695568161107,-0.6130409123749875,87.32599939971116,2.654,-1.477,1.1173
0.0101,-0.000488,0.005859,1.314941,0.305481,0.170349,0.039825,2.8075753876473333,-1.4198904196430715,0.05359196455474831,1.1105714276279948,-0.6133418128124565,87.32705136517978,2.654,-1.477,1.1173
0.0122,0.000977,0.009277,1.324951,0.519104,0.231384,-0.02121,2.8075812792891157,-1.419888540101357,0.053591854088027115,1.1133437929502112,-0.6133193628926236,87.32693085484334,2.654,-1.477,1.1173
0.0121,-0.001709,0.000488,1.314209,0.366516,0.475525,0.222931,2.807584010677304,-1.4198998800055003,0.05359118606935792,1.1091275316566835,-0.6089655709283556,87.33107701781685,2.654,-1.477,1.1173
0.0115,-0.001709,-0.001709,1.32251,0.580139,0.41449,0.345001,2.80758680102701,-1.419913303718605,0.05359041331045267,1.105875233050389,-0.6056086393889722,87.33669818765405,2.654,-1.477,1.1173
0.0118,0.005859,0.010254,1.309326,0.458069,0.322937,0.375519,2.8075997960887995,-1.4199004495093046,0.053590595436064634,1.1084016234517704,-0.6077342408203837,87.34045900424015,2.654,-1.477,1.1173
0.0124,0.004639,0.006592,1.322754,0.458069,0.41449,0.253448,2.8076108532189337,-1.419894168802146,0.05359052342746253,1.108980096114285,-0.6076740999413611,87.3435640882995,2.654,-1.477,1.1173
0.0123,0.002197,0.010986,1.308594,0.397034,-0.012756,0.222931,2.8076188739152856,-1.4198873791877697,0.053590579235575836,1.1114035286015915,-0.6115445126918497,87.34596621981332,2.654,-1.477,1.1173
0.012,0.002441,0.013672,1.315918,0.671692,0.383972,-0.051727,2.8076271929210974,-1.4198777223369068,0.053590764099451495,1.118489293064587,-0.6106819972402222,87.34480720508456,2.654,-1.477,1.1173
0.0111,-0.002441,0.012451,1.302979,0.397034,0.139832,-0.173798,2.807629280113314,-1.4198777143764219,0.053590697072989815,1.1212904831696044,-0.6100587071684981,87.34300854326436,2.654,-1.477,1.1173
0.0128,-0.000488,0.006348,1.328857,0.488586,0.109314,0.039825,2.80763354010343,-1.4198813372748242,0.05359039226705867,1.1221562325441643,-0.6106233981486626,87.34413765776662,2.654,-1.477,1.1173
0.0122,-0.001953,0.006836,1.304443,0.702209,0.261902,0.100861,2.807636403336836,-1.4198862685805014,0.053590074254170256,1.1256968696436371,-0.6087159131169743,87.34609474175397,2.654,-1.477,1.1173
0.0121,-0.001221,0.003906,1.327881,0.397034,0.231384,0.100861,2.807640017852146,-1.4198933114181547,0.053589636729714486,1.1236699235284384,-0.6075072873817124,87.34829589882278,2.654,-1.477,1.1173
0.011,-0.006836,0.004395,1.317871,0.580139,0.200867,0.253448,2.8076365463427453,-1.4199094186039722,0.05358901374805594,1.1235385960117927,-0.6037273513252077,87.35267787542305,2.654,-1.477,1.1173
0.0123,-0.003174,0.006836,1.312012,0.488586,0.445007,-0.112762,2.807638168358421,-1.4199160063114802,0.053588661071716205,1.1245269037915602,-0.5988300818398749,87.3521797697547,2.654,-1.477,1.1173
0.0121,0.005371,0.007812,1.304199,0.641174,0.292419,0.375519,2.8076515609774533,-1.4199056982896148,0.05358869763502857,1.127790064940475,-0.6010638558061239,87.3563379229204,2.654,-1.477,1.1173
0.0121,-0.002197,0.005859,1.31958,0.580139,0.292419,0.558624,2.8076545449854655,-1.419911669091902,0.05358833942292423,1.129044458216333,-0.5987952695550532,87.36394737490828,2.654,-1.477,1.1173
0.0124,0.008545,0.00415,1.316406,0.610657,0.475525,0.528107,2.8076724659499708,-1.4198993377249562,0.05358832556157041,1.1298588941383858,-0.600474617700543,87.37015841434051,2.654,-1.477,1.1173
0.0121,0.000488,0.008545,1.30835,0.519104,0.139832,0.192413,2.807679129434567,-1.419897528763289,0.053588201074736885,1.132026386779065,-0.6015870048848695,87.37264836238109,2.654,-1.477,1.1173
0.0114,0.006348,0.017334,1.318604,0.488586,0.322937,0.009308,2.8076933488083036,-1.4198767022305303,0.053588661242379536,1.1385274971835242,-0.6039993216911699,87.37128854712739,2.654,-1.477,1.1173
0.0121,0.000488,0.016357,1.315186,0.519104,-0.165344,-0.356903,2.8076993574772757,-1.4198679691080411,0.05358885165928897,1.145175552240571,-0.6085484369060843,87.36628797316311,2.654,-1.477,1.1173
0.0123,-0.001709,0.013672,1.317871,0.244446,0.170349,-0.26535,2.807702463448749,-1.41986605555514,0.05358884302455654,1.1469194986390716,-0.6077262135439729,87.36301252999615,2.654,-1.477,1.1173
0.0123,0.0,0.004639,1.307373,0.488586,0.109314,-0.326385,2.807708376108339,-1.4198696808688966,0.053588531077311985,1.1464271932831627,-0.6087026343465259,87.3597006208038,2.654,-1.477,1.1173
0.0112,0.006104,0.007812,1.316406,0.274963,0.170349,-0.02121,2.8077219901380923,-1.419859471593124,0.053588565432335804,1.1448160982125286,-0.6126666738561366,87.35907023439408,2.654,-1.477,1.1173
0.0123,0.005371,0.003174,1.317871,0.488586,0.261902,0.131378,2.807734630337168,-1.4198553668906162,0.053588384885157964,1.1434017741963804,-0.6148908858672921,87.36092682508112,2.654,-1.477,1.1173
0.0123,-0.005371,0.008057,1.309326,0.549622,0.475525,0.192413,2.807733004852994,-1.4198655662383788,0.05358802961016551,1.145608226889977,-0.6083104931127334,87.36442467943299,2.654,-1.477,1.1173
0.0117,0.000732,0.005615,1.328369,0.458069,0.109314,0.375519,2.807739503355186,-1.4198673843731708,0.05358778339845926,1.1448793792195149,-0.6097939519041834,87.36935535586393,2.654,-1.477,1.1173
0.0118,0.00415,0.010254,1.307861,0.610657,0.261902,0.314484,2.807750878477584,-1.4198576823950895,0.053587853563723746,1.1487980254772616,-0.6115934984822935,87.37264182293507,2.654,-1.477,1.1173
0.0121,0.001221,0.001709,1.318848,0.335999,-0.012756,0.406036,2.8077581142401624,-1.4198623896994549,0.05358748459176031,1.144532167782548,-0.6148190713189332,87.37841109604491,2.654,-1.477,1.1173
0.0123,0.000732,0.009766,1.320312,0.519104,0.200867,0.131378,2.8077644813062523,-1.4198600165998652,0.053587406320138115,1.1472953915102264,-0.6150563206126144,87.38013357098045,2.654,-1.477,1.1173
0.0115,0.004395,0.01001,1.308838,0.641174,0.322937,0.070343,2.8077760929803723,-1.4198502342453516,0.05358746966731749,1.1512371777293144,-0.616260520480637,87.3805348269852,2.654,-1.477,1.1173
0.0125,-0.005615,0.006836,1.31665,-0.030212,-0.073792,-0.14328,2.8077738063537154,-1.4198625480674696,0.05358707595675784,1.145594770159043,-0.6161101978134532,87.37993854385229,2.654,-1.477,1.1173
0.0123,0.008789,0.011475,1.308838,0.091858,0.139832,-0.326385,2.807791099247415,-1.4198431468812593,0.05358733935436844,1.144280511570617,-0.6217550163181012,87.37472257785738,2.654,-1.477,1.1173
0.011,0.006592,0.008057,1.317871,0.549622,0.109314,-0.234833,2.8078048836095406,-1.4198320744538044,0.053587390861642825,1.1457887967663947,-0.6265012161840285,87.37165262743342,2.654,-1.477,1.1173
0.0126,-0.006836,0.000732,1.307373,0.580139,0.200867,-0.14328,2.8078007468680544,-1.4198530503354376,0.05358675320244854,1.1442897946211414,-0.6221509436304864,87.37195624110629,2.654,-1.477,1.1173
0.012,0.0,0.008301,1.320557,0.519104,0.109314,0.070343,2.8078058240043653,-1.4198537064455843,0.053586602576180226,1.1460608031537223,-0.6230170128484835,87.37314930928846,2.654,-1.477,1.1173
0.0114,-0.001465,0.002197,1.311768,0.641174,0.200867,0.314484,2.807809214498374,-1.4198628098300985,0.053586200846220906,1.145354937855742,-0.6221629234543286,87.37793084020186,2.654,-1.477,1.1173
0.0122,-0.005615,-0.002686,1.325439,0.152893,0.231384,0.711212,2.8078067310368446,-1.4198845275554304,0.05358550603437367,1.1363547275933668,-0.6184173083047753,87.38888616036171,2.654,-1.477,1.1173
0.0123,0.001953,0.001709,1.314697,0.671692,0.41449,0.406036,2.807815213149693,-1.419886748922829,0.05358521114587767,1.136380022975135,-0.6168312966213004,87.39464271432924,2.654,-1.477,1.1173
0.012,0.000488,0.007812,1.318115,0.519104,0.109314,0.314484,2.807821424133193,-1.4198860285588248,0.05358507695210482,1.1379341651075656,-0.6181089766847462,87.39867346487749,2.654,-1.477,1.1173
0.012,-0.004639,0.008789,1.308838,0.549622,0.170349,0.192413,2.8078205153648437,-1.4198940926346277,0.05358482553271053,1.1404691502247608,-0.6156881854021521,87.4018499254391,2.654,-1.477,1.1173
0.0121,0.00415,0.009277,1.316406,0.366516,0.170349,0.039825,2.8078320744113245,-1.419884616110187,0.053584854495994975,1.1411009382260096,-0.6183104120057205,87.4019234736048,2.654,-1.477,1.1173
0.0123,0.003418,0.01416,1.314697,0.793762,0.170349,-0.051727,2.80784242551302,-1.4198721155195244,0.053585015689890735,1.1498578978826421,-0.6204402188229029,87.40049224082732,2.654,-1.477,1.1173
0.0113,0.003906,0.012207,1.318115,0.519104,0.231384,-0.02121,2.8078533507675383,-1.4198609103580349,0.05358512164577535,1.153504633282232,-0.6222919776763074,87.39963703747098,2.654,-1.477,1.1173
0.0124,0.001953,0.008789,1.304932,0.274963,-0.226379,-0.26535,2.807861530773394,-1.419856654191928,0.05358506724605097,1.1528122593407952,-0.6283967734035862,87.39623916929489,2.654,-1.477,1.1173
0.0122,-0.001709,0.010254,1.316406,0.335999,-0.165344,-0.356903,2.807864239208145,-1.4198585965248016,0.0535849426997039,1.153599603291335,-0.6314226171928032,87.39219195892271,2.654,-1.477,1.1173
0.0113,-0.005859,0.003418,1.307129,0.183411,0.292419,0.070343,2.80786153912836,-1.4198746221425598,0.053584498031629395,1.148387499322637,-0.6268815368010099,87.39465729589523,2.654,-1.477,1.1173
0.0119,-0.005371,0.002441,1.324219,0.397034,0.200867,-0.051727,2.8078595178364427,-1.4198905930652008,0.0535840393262582,1.145246980371178,-0.6234774285711133,87.39572272218237,2.654,-1.477,1.1173
0.0127,0.001709,0.005127,1.312256,0.397034,0.475525,0.070343,2.807867768744897,-1.4198895754049385,0.05358387512332019,1.144032366557637,-0.6207042175719597,87.39704161162851,2.654,-1.477,1.1173
0.0123,0.000488,0.0,1.318115,0.274963,0.017761,0.345001,2.80787413447158,-1.4198959140976453,0.053583524200346046,1.1381498490794073,-0.6230345652730513,87.40229997151066,2.654,-1.477,1.1173
0.0113,0.003662,0.003418,1.313477,0.610657,0.383972,0.314484,2.807885180439024,-1.4198924393272583,0.053583369894699584,1.1378264205590762,-0.6231255083554436,87.40611962523315,2.654,-1.477,1.1173
0.0124,-0.001953,0.01001,1.318604,0.519104,0.231384,0.283966,2.8078878794602558,-1.4198942442522327,0.05358325124721852,1.1408417155788646,-0.6213735807621954,87.41003054960032,2.654,-1.477,1.1173
0.0123,-0.002441,0.010254,1.315186,0.702209,0.475525,0.131378,2.8078901498410334,-1.419896525387625,0.05358313023946196,1.1461850808315996,-0.6163904947394039,87.4121259572862,2.654,-1.477,1.1173
0.0111,0.003662,0.011719,1.310547,0.305481,0.322937,-0.14328,2.8079014400164617,-1.4198849748183269,0.053583221162054925,1.1472077184256702,-0.6172180253033575,87.40991989954459,2.654,-1.477,1.1173
0.0126,0.001709,0.013672,1.315186,0.641174,-0.012756,-0.14328,2.8079095343252924,-1.4198760759865234,0.05358330488466175,1.1539591745181144,-0.6205690213597427,87.40755152743665,2.654,-1.477,1.1173
0.0114,-0.003418,0.00293,1.318115,0.366516,0.322937,-0.173798,2.8079106582643356,-1.4198871825618204,0.05358295791802968,1.1505363699284863,-0.6170832398970046,87.40691146177605,2.654,-1.477,1.1173
0.0121,0.0,0.005859,1.306396,0.549622,0.322937,-0.173798,2.807916985042503,-1.4198882136434674,0.0535827917161107,1.1513487859007532,-0.6154670277023252,87.40531954840502,2.654,-1.477,1.1173
0.0125,-0.000977,0.009766,1.31958,0.213928,0.200867,0.161896,2.8079214608338483,-1.4198880263378595,0.053582700560225634,1.1503691713902444,-0.6146804582339322,87.40759975386385,2.654,-1.477,1.1173
0.012,-0.006104,0.000244,1.319336,0.519104,0.200867,0.436554,2.8079189896663252,-1.4199064406348112,0.053582229701600974,1.1473683802673849,-0.611094175914317,87.41476951502624,2.654,-1.477,1.1173
0.0123,-0.001221,0.003662,1.311523,0.366516,0.506042,0.161896,2.8079239034282577,-1.4199112737049693,0.05358198576914981,1.1447371040339636,-0.606586234563596,87.41766152839429,2.654,-1.477,1.1173
0.0113,-0.007568,0.004395,1.320068,0.335999,-0.073792,0.436554,2.8079190880298386,-1.4199285828708712,0.0535815995775694,1.141797570470384,-0.605437959431697,87.424223111873,2.654,-1.477,1.1173
0.0121,-0.002197,0.002686,1.322266,0.580139,0.475525,0.619659,2.8079227751467273,-1.419935875231548,0.05358131241156471,1.1410564299199057,-0.6009323763585112,87.43281793254644,2.654,-1.477,1.1173
0.0122,0.002197,0.001465,1.300049,0.488586,0.383972,0.253448,2.807933845536827,-1.4199341217590877,0.053581120661356126,1.138677113256152,-0.6001549586527913,87.43637248959172,2.654,-1.477,1.1173
0.0117,0.001221,0.008057,1.323486,0.488586,0.170349,0.131378,2.807942471565407,-1.419929618692715,0.053581059173195,1.1398394537303007,-0.601274279558988,87.4378948646808,2.654,-1.477,1.1173
0.0125,-0.002197,0.010498,1.304443,0.458069,0.383972,0.009308,2.8079460518041044,-1.4199295602973128,0.05358098485268133,1.1425448869289794,-0.5977116590446796,87.43828232198608,2.654,-1.477,1.1173
0.0114,0.008545,0.009521,1.306396,0.397034,0.506042,0.070343,2.807966660445623,-1.4199075199459297,0.053581153567920786,1.1434526496199948,-0.5995103638269781,87.43783478080323,2.654,-1.477,1.1173
0.0121,0.003174,0.005371,1.310547,0.244446,-0.195862,-0.326385,2.807978359536033,-1.4199011943097448,0.053581083177017264,1.140402291908274,-0.6060752621026306,87.43374293422606,2.654,-1.477,1.1173
0.0123,-0.002197,0.008545,1.321533,0.427551,0.170349,-0.112762,2.8079813987391473,-1.4199037817971478,0.05358095439846417,1.1414130129135163,-0.6050116968313844,87.43283700702293,2.654,-1.477,1.1173
0.0117,0.000977,0.006104,1.313477,0.274963,-0.073792,0.070343,2.807989416984128,-1.4199016428047582,0.05358084879315562,1.1390023142624797,-0.6088212658576568,87.43381924678091,2.654,-1.477,1.1173
0.0124,0.001221,0.003174,1.316406,0.580139,0.475525,0.070343,2.807998042691331,-1.419901461738722,0.0535806837743186,1.1388320305389947,-0.606027059466469,87.43523109049698,2.654,-1.477,1.1173
0.0121,-0.008545,-0.000488,1.32251,0.671692,0.078796,0.222931,2.8079916985335895,-1.4199251024062967,0.05358021043655363,1.1374261183097596,-0.60249653569417,87.4402164790279,2.654,-1.477,1.1173
0.0117,-0.002686,0.004395,1.317383,0.610657,0.41449,0.131378,2.8079946477154314,-1.4199314889675951,0.05357999092633077,1.1379223936096101,-0.5985418088128197,87.44270184759378,2.654,-1.477,1.1173
0.0129,-0.002441,0.006836,1.311768,0.519104,0.109314,0.283966,2.807998014524682,-1.4199350335781566,0.05357983614655958,1.1393843785400866,-0.5982480353749541,87.44695431498691,2.654,-1.477,1.1173
0.0115,0.000488,0.005127,1.323975,0.244446,0.597595,0.222931,2.8080061093877116,-1.4199337140688963,0.05357971128031219,1.135954510875874,-0.5941559611374363,87.44992430979974,2.654,-1.477,1.1173
0.0121,0.008789,0.009766,1.298096,0.671692,0.139832,0.253448,2.808027868437401,-1.4199095224325762,0.053579889117098975,1.14066555509364,-0.6003113478193643,87.4514820547322,2.654,-1.477,1.1173
0.0113,0.003418,0.006348,1.328857,0.610657,0.078796,0.161896,2.808040075001588,-1.4199016942787033,0.0535798518230184,1.1419664418560862,-0.6037513404187408,87.45309578651947,2.654,-1.477,1.1173
0.0123,-0.001709,0.012451,1.306152,0.732727,0.383972,-0.204315,2.8080443212921566,-1.4198990060270396,0.053579839133715224,1.1490614657412115,-0.6004623094015031,87.45060010404126,2.654,-1.477,1.1173
0.0124,0.005371,0.009766,1.315918,0.305481,-0.073792,-0.173798,2.808059621259411,-1.4198838520826316,0.0535799203888302,1.14927857567769,-0.6068520846118047,87.44754737317857,2.654,-1.477,1.1173
0.0121,-0.005859,0.008057,1.320801,0.82428,0.109314,-0.204315,2.808057262138272,-1.4198945948077988,0.05357971938587666,1.1545912721938318,-0.6044059347639876,87.44616265039166,2.654,-1.477,1.1173
0.0114,-0.010742,0.004639,1.322021,0.458069,0.139832,-0.082245,2.808047693953272,-1.41991832302269,0.05357935020124169,1.1531516212256028,-0.5989193367600019,87.44737572932199,2.654,-1.477,1.1173
0.0123,-0.004639,0.006348,1.313477,0.305481,0.231384,-0.082245,2.8080479049799822,-1.4199268975741874,0.05357915335292219,1.1513071057567092,-0.5958180012507197,87.44737631032609,2.654,-1.477,1.1173
0.0114,0.001709,0.005615,1.305664,0.610657,0.109314,0.009308,2.8080585852213877,-1.4199218750983151,0.053579083165268555,1.1522606756139486,-0.5981049190388966,87.44750443527579,2.654,-1.477,1.1173
0.0124,-0.001953,0.004883,1.322998,0.274963,0.048279,0.406036,2.8080630125655124,-1.419926014912816,0.05357891644156271,1.1491306138767066,-0.5988655065407253,87.45323557356234,2.654,-1.477,1.1173
0.0128,0.002686,0.003418,1.310547,0.519104,0.170349,0.314484,2.8080752695941156,-1.4199207210183458,0.05357882598847417,1.1484360286804796,-0.6008160701806313,87.45735426560137,2.654,-1.477,1.1173
0.0112,-0.003418,0.006348,1.32251,0.580139,0.353455,0.467072,2.8080772938003644,-1.4199267859593587,0.053578662078839774,1.1492459587283397,-0.5973835639190034,87.46343801214817,2.654,-1.477,1.1173
0.0122,0.000488,0.00708,1.31543,0.549622,0.170349,0.345001,2.8080857507215864,-1.4199233756095702,0.05357859633078746,1.1507241163173116,-0.5981342146988166,87.46774953859455,2.654,-1.477,1.1173
0.0116,-0.001465,0.009521,1.320068,0.397034,0.170349,0.070343,2.8080907122073544,-1.4199225211805353,0.05357853409069251,1.151534009681392,-0.5977465958323686,87.46876796525292,2.654,-1.477,1.1173
0.0123,0.001221,0.009521,1.306396,0.427551,0.322937,0.100861,2.8081003407547365,-1.4199152122449241,0.05357853331757936,1.1530629316265184,-0.5970510831731366,87.46978023732102,2.654,-1.477,1.1173
0.0121,-0.001709,0.009521,1.331787,0.427551,-0.012756,0.039825,2.808104708437075,-1.419915323441719,0.05357846291565814,1.1543391550924373,-0.598568287172168,87.47049810609802,2.654,-1.477,1.1173
0.0118,-0.00708,0.005615,1.302734,0.488586,0.41449,0.100861,2.8081013702310753,-1.4199292658431433,0.0535782313611216,1.1540706520803272,-0.5921078830288217,87.47315440466429,2.654,-1.477,1.1173
0.0116,0.009766,0.008789,1.319824,0.488586,-0.073792,0.192413,2.808124603507685,-1.419904205802982,0.05357838013151841,1.1554690184150407,-0.6011142106725296,87.47380519973281,2.654,-1.477,1.1173
0.0124,-0.00293,0.005127,1.323242,0.183411,0.53656,0.070343,2.8081275789450055,-1.4199100064154762,0.053578221127479626,1.1513636414217239,-0.595204150436331,87.47560863989031,2.654,-1.477,1.1173
0.0117,0.004639,0.002197,1.306641,0.335999,-0.043274,0.070343,2.808143239236222,-1.4199008786457608,0.053578166692768665,1.1473111207247246,-0.6009520477178172,87.47622814940884,2.654,-1.477,1.1173
0.0123,-0.003174,0.006348,1.322754,0.671692,0.41449,0.283966,2.808145637896689,-1.4199062972740621,0.05357802771535751,1.149895985869319,-0.5964958435722875,87.48054866400206,2.654,-1.477,1.1173
0.0125,-0.005859,-0.00415,1.30957,0.274963,0.292419,0.070343,2.8081447815692413,-1.4199252967495435,0.053577675955182855,1.1416379123379767,-0.5919606284735663,87.48356314994956,2.654,-1.477,1.1173
0.012,0.00293,0.005859,1.320557,0.519104,0.567078,0.283966,2.808157764702172,-1.4199165085655243,0.05357765409294937,1.141998198567031,-0.5894563054970179,87.48680986137906,2.654,-1.477,1.1173
0.0111,-0.000488,0.003174,1.30957,0.427551,0.200867,0.131378,2.8081653263571216,-1.4199172947289536,0.053577530325173525,1.1394010328453272,-0.5895521130239002,87.48879557262455,2.654,-1.477,1.1173
0.0128,0.001221,0.006592,1.329346,0.549622,0.231384,-0.082245,2.8081751813433535,-1.4199121069580452,0.05357748701432494,1.1410087334695331,-0.5897348429542711,87.48774233190345,2.654,-1.477,1.1173
0.0112,0.000244,0.012939,1.309326,0.397034,0.048279,-0.234833,2.808183168653968,-1.419903674709503,0.05357752988745448,1.1438597735104132,-0.5918473090302603,87.48460572396581,2.654,-1.477,1.1173
0.0121,0.001709,0.010254,1.316895,0.488586,0.139832,-0.204315,2.8081935914915173,-1.4198944450850415,0.05357755464297872,1.1465146716536792,-0.5936013430621874,87.48168941214546,2.654,-1.477,1.1173
0.0126,-0.000977,0.007568,1.312988,0.427551,-0.104309,0.070343,2.8081996378547265,-1.4198935101037908,0.05357749092077699,1.1470468947197285,-0.5968452738231569,87.48276380334651,2.654,-1.477,1.1173
0.0121,-0.004639,0.006592,1.308594,0.580139,0.41449,0.131378,2.8081999396473885,-1.4199013166675405,0.05357735110736955,1.1486320392580534,-0.591693184083973,87.4853381989025,2.654,-1.477,1.1173
0.0122,0.005859,0.004639,1.314209,0.397034,0.170349,0.161896,2.8082178499342976,-1.4198868403821217,0.05357737080680211,1.1468845728060015,-0.5955962552145617,87.48668713773581,2.654,-1.477,1.1173
0.0111,-0.000488,0.002686,1.311523,0.458069,0.261902,0.100861,2.8082252041860913,-1.419888385753917,0.05357725219578824,1.1442827062503074,-0.594939109247895,87.48842521955129,2.654,-1.477,1.1173
0.012,-0.00415,0.004883,1.316406,0.488586,0.109314,0.131378,2.8082261952999565,-1.4198966543365925,0.05357710125626498,1.1437296920928781,-0.5937191249705462,87.4910017793834,2.654,-1.477,1.1173
0.0124,0.0,0.012207,1.321045,0.458069,0.353455,0.222931,2.8082336573154687,-1.4198897429331023,0.05357712387015983,1.1472011629915497,-0.5918779495334336,87.4934773657918,2.654,-1.477,1.1173
0.0123,-0.00293,0.006348,1.314697,0.397034,0.41449,0.100861,2.8082368956146255,-1.4198936807452742,0.053577020411206704,1.1465031797750964,-0.587655464719652,87.49543017387445,2.654,-1.477,1.1173
0.0122,-0.003174,0.00293,1.315186,0.458069,-0.043274,0.131378,2.8082400121631492,-1.419900728004479,0.053576868806170214,1.1445167644360654,-0.5889060216996779,87.49797331190625,2.654,-1.477,1.1173
0.012,0.007324,0.006592,1.312256,0.397034,0.200867,0.283966,2.8082605879850973,-1.4198806814331753,0.05357694650270492,1.143866025840432,-0.593409740219345,87.50028140725755,2.654,-1.477,1.1173
0.0111,0.004395,0.010986,1.325439,0.305481,0.567078,-0.082245,2.808275472479725,-1.419864710959197,0.0535770269322993,1.1443765281761284,-0.5921106708710199,87.49850036183,2.654,-1.477,1.1173
0.0124,-0.002197,0.006836,1.307373,0.519104,0.200867,-0.082245,2.808279778805028,-1.4198666316206714,0.053576949787033576,1.1455931968742463,-0.5908879893876701,87.4979740762849,2.654,-1.477,1.1173
0.0122,0.006104,0.002441,1.321289,0.427551,-0.043274,-0.051727,2.8082979320969725,-1.4198534899148407,0.05357695085473162,1.1429769810399615,-0.5973998446313085,87.49682956528437,2.654,-1.477,1.1173
0.012,0.001953,0.01001,1.30542,0.244446,0.41449,-0.051727,2.8083089041284506,-1.4198433808985498,0.053576984131484366,1.1426047564599597,-0.5961165958421935,87.49576226281881,2.654,-1.477,1.1173
0.0122,0.000244,0.003906,1.328369,0.305481,0.139832,0.009308,2.808316666724808,-1.4198430053755564,0.05357690802926331,1.1393524245517113,-0.5969401909125907,87.49628339564192,2.654,-1.477,1.1173
0.0113,-0.001465,0.004639,1.317139,0.641174,0.322937,0.314484,2.8083218420541036,-1.419845504690284,0.05357681862039623,1.14005435236545,-0.5949801441322105,87.5004665129452,2.654,-1.477,1.1173
0.0126,0.001221,0.005127,1.317627,0.610657,0.506042,0.009308,2.8083318110630895,-1.419841140319723,0.05357678123256956,1.141503958140939,-0.5918332448201662,87.50075465775645,2.654,-1.477,1.1173
0.012,0.002441,0.009521,1.311523,0.580139,0.53656,0.070343,2.8083439537772352,-1.4198300846448357,0.05357681853441831,1.1447932582817784,-0.5894269273104182,87.50113645257774,2.654,-1.477,1.1173
0.0123,-0.001221,0.003906,1.317871,0.458069,-0.134827,0.039825,2.8083497369881987,-1.4198325419181732,0.05357673067700174,1.1434391337350513,-0.592875717278604,87.50217832153103,2.654,-1.477,1.1173
0.0119,0.013916,0.010986,1.306152,0.580139,0.567078,-0.112762,2.808381709791309,-1.4197932909880722,0.05357696728444643,1.1475701145172539,-0.5968720912308204,87.49827863147927,2.654,-1.477,1.1173
0.0121,0.003418,0.005859,1.318115,0.458069,0.322937,-0.14328,2.8083950377057993,-1.4197839380534423,0.05357697538612757,1.1472529633039497,-0.5973843922495777,87.49628825662069,2.654,-1.477,1.1173
0.0121,-0.001953,0.008545,1.318115,0.427551,0.109314,0.222931,2.8083990153279363,-1.419784945905556,0.05357692987336638,1.1480823013768542,-0.5974184516275948,87.49933892204079,2.654,-1.477,1.1173
0.0121,-0.006348,0.00293,1.307373,0.549622,0.292419,-0.112762,2.8083959859217105,-1.4198003700980724,0.053576761985558975,1.1471823315178136,-0.5926668660121988,87.4996161645847,2.654,-1.477,1.1173
0.0116,0.000732,0.003174,1.312256,0.427551,0.170349,0.039825,2.808405179354641,-1.4197988376053798,0.05357670657269511,1.144735312908114,-0.5936570904407314,87.50043957592047,2.654,-1.477,1.1173
0.0115,-0.001465,-0.000244,1.32251,0.458069,0.383972,0.192413,2.8084105657372747,-1.4198053799228725,0.053576583293880015,1.1405968983712365,-0.5909145173135107,87.50376590967767,2.654,-1.477,1.1173
0.0125,-0.001709,-0.000488,1.312988,0.305481,0.200867,0.222931,2.8084156434500036,-1.4198122640585693,0.053576458091490226,1.1349304442780783,-0.5900118132640608,87.50765105041916,2.654,-1.477,1.1173
0.0123,0.004883,0.010254,1.308105,0.335999,0.139832,0.161896,2.8084320839898065,-1.4197943561729662,0.05357654265470576,1.1359278239313313,-0.5937727237291013,87.50854677479417,2.654,-1.477,1.1173
0.0123,0.003418,0.004639,1.315674,0.366516,0.170349,0.192413,2.808445602938413,-1.419785210125896,0.05357654611042202,1.1339658564831274,-0.5962134439229199,87.51065577748115,2.654,-1.477,1.1173
0.0125,-0.002686,0.010986,1.311035,0.519104,0.048279,0.100861,2.8084483790670265,-1.4197853515168632,0.053576523502159884,1.1377113916347974,-0.5965564801609906,87.51209511187506,2.654,-1.477,1.1173
0.0111,0.001221,0.01416,1.321777,0.213928,0.200867,-0.14328,2.808457696694282,-1.4197739860976157,0.053576585110064405,1.1391424715456324,-0.5974337807858769,87.50977216922544,2.654,-1.477,1.1173
0.0121,-0.003174,0.004395,1.316895,0.183411,-0.134827,0.070343,2.808459400833509,-1.4197810924050447,0.05357649187325531,1.1347510805232577,-0.5996498452812636,87.5114873835365,2.654,-1.477,1.1173
0.0121,0.000732,0.00708,1.325195,0.458069,-0.012756,-0.051727,2.808467579886814,-1.41977707091508,0.05357647763430458,1.1352262849817192,-0.6025663332296521,87.51085075275022,2.654,-1.477,1.1173
0.0117,-0.000488,0.008057,1.313477,0.213928,0.445007,0.131378,2.8084739442250184,-1.419774577953604,0.053576459860966284,1.133295995479176,-0.5995593774513784,87.51255706333549,2.654,-1.477,1.1173
0.0121,-0.003174,0.003174,1.328857,0.274963,0.048279,0.222931,2.80847538697001,-1.4197828476593255,0.05357635823561102,1.129294192767108,-0.5995357096469117,87.5162822420881,2.654,-1.477,1.1173
0.0123,0.000244,0.006348,1.305908,0.641174,0.170349,0.070343,2.8084832230119203,-1.4197796318318905,0.05357633873262248,1.1318010387289261,-0.6001044071778151,87.51725426755165,2.654,-1.477,1.1173
0.0123,0.003906,0.004883,1.305176,0.305481,0.200867,-0.173798,2.8084973372126645,-1.419768909151758,0.05357635748074266,1.1293715814483212,-0.6023918961431184,87.51472538609339,2.654,-1.477,1.1173
0.0115,0.001221,0.004639,1.32251,0.488586,0.53656,-0.02121,2.808506479376019,-1.4197653449075238,0.05357633515165148,1.1285781950018814,-0.5993298613177874,87.51470165637609,2.654,-1.477,1.1173
0.0122,-0.003662,0.006836,1.31665,0.519104,0.383972,0.192413,2.8085074157713277,-1.419771226692711,0.05357626871349204,1.129768241723281,-0.5950243638762083,87.51786039265738,2.654,-1.477,1.1173
0.0121,0.005615,0.007812,1.316895,0.427551,0.353455,0.253448,2.8085246173584015,-1.4197540836048839,0.0535763370617204,1.1303614829974118,-0.5965730162151889,87.52001029644813,2.654,-1.477,1.1173
0.0114,-0.002441,0.005859,1.316895,0.213928,0.261902,0.131378,2.808527592201785,-1.4197578742852428,0.05357628143878639,1.1271258503840476,-0.5946678661518553,87.52216153074161,2.654,-1.477,1.1173
0.0129,-0.003662,0.004883,1.309814,0.274963,0.261902,0.070343,2.808528613112456,-1.4197649858901857,0.05357620479353417,1.1244802219712782,-0.5917089651640717,87.52400051122108,2.654,-1.477,1.1173
0.0111,0.000244,0.008545,1.311035,0.641174,0.109314,0.009308,2.808536589889221,-1.4197596796586829,0.05357621029645089,1.1275436206568197,-0.5931798267154638,87.52396431037543,2.654,-1.477,1.1173
0.0122,-0.001465,0.005127,1.32251,0.366516,0.231384,0.314484,2.808541342045963,-1.4197615925733005,0.053576165199133184,1.125874770054069,-0.5920509624973324,87.52833629271771,2.654,-1.477,1.1173
0.0122,0.001465,0.003662,1.320312,0.580139,0.231384,0.314484,2.8085513311574797,-1.41975754818938,0.05357614905964945,1.125963834574619,-0.5926455670278071,87.5323195124574,2.654,-1.477,1.1173
0.0127,0.001465,0.005859,1.310547,0.397034,-0.012756,0.131378,2.8085613507898306,-1.4197515363031155,0.05357615125196557,1.125370943691475,-0.5962197720591649,87.53385485017199,2.654,-1.477,1.1173
0.0116,0.003174,0.005127,1.320801,0.610657,0.353455,0.070343,2.8085741748444404,-1.4197424045983333,0.053576168843349765,1.1263456815315538,-0.5964371656376224,87.53442134701027,2.654,-1.477,1.1173
0.0114,-0.005615,0.004395,1.310303,0.397034,0.261902,0.100861,2.8085717392319136,-1.419754648554771,0.053576072555970786,1.1243960974164533,-0.5927099025182082,87.536890810215,2.654,-1.477,1.1173
0.0121,0.000977,0.008789,1.311279,0.519104,0.383972,0.253448,2.808581193143314,-1.4197471038220726,0.053576093317781466,1.1267426437874692,-0.5912584120784359,87.53971213144214,2.654,-1.477,1.1173
0.0119,0.007568,0.012207,1.311523,0.610657,0.200867,-0.14328,2.808602196302227,-1.419721111651125,0.0535762201673917,1.1320826395097847,-0.5958014453235642,87.5362543165899,2.654,-1.477,1.1173
0.0126,-0.004395,0.011719,1.317871,0.397034,0.383972,-0.082245,2.8086019900508874,-1.4197246175034584,0.05357619237571266,1.134779690767614,-0.5908833314332441,87.53570247404987,2.654,-1.477,1.1173
0.0122,0.000244,0.007324,1.321045,0.335999,0.139832,-0.02121,2.808609852423293,-1.4197207048312446,0.05357619317227259,1.1339821324949688,-0.5918048249649964,87.53546726950042,2.654,-1.477,1.1173
0.0122,0.003418,-0.000732,1.315186,0.488586,0.353455,0.314484,2.808623469260177,-1.4197154766864146,0.05357618412601626,1.1303387376903618,-0.5921064879924932,87.53954767410463,2.654,-1.477,1.1173
0.0111,-0.005859,0.000244,1.303711,0.274963,0.506042,0.131378,2.8086208145029707,-1.4197313272555439,0.05357607018757787,1.1244795661014098,-0.5857105691345428,87.54277996641046,2.654,-1.477,1.1173
0.0124,0.003662,0.012939,1.319336,0.335999,-0.012756,0.100861,2.8086349170943747,-1.419714178302331,0.05357615069392044,1.1271073177429496,-0.5905528895666923,87.54285200009208,2.654,-1.477,1.1173
0.0122,0.0,0.008789,1.320557,0.610657,0.170349,-0.112762,2.8086423848199216,-1.4197094959207088,0.053576160545011985,1.1305687782691118,-0.5909489426160852,87.54139815914772,2.654,-1.477,1.1173
0.012,-0.006348,0.00293,1.322266,0.763245,-0.165344,-0.173798,2.808638775645497,-1.4197248239723703,0.05357606097360375,1.1322920105440977,-0.5916581493295864,87.54082544755926,2.654,-1.477,1.1173
0.0113,0.001953,0.004883,1.31958,0.458069,0.078796,-0.02121,2.808649727684484,-1.4197185048880345,0.05357607189287831,1.13118978182289,-0.5943748393378,87.54049163810389,2.654,-1.477,1.1173
0.0124,0.005615,0.007568,1.304688,0.458069,0.139832,0.131378,2.808667310133394,-1.4197007802218733,0.05357614386234917,1.132212273337208,-0.5985269478496311,87.54110830468889,2.654,-1.477,1.1173
0.0119,0.00293,0.009277,1.317139,0.793762,0.017761,-0.051727,2.8086796216408376,-1.4196890964162658,0.05357618989153228,1.1378963884843738,-0.6024240310794408,87.53984787088883,2.654,-1.477,1.1173
0.0121,0.0,0.003174,1.311279,0.397034,0.383972,0.222931,2.808687018678464,-1.4196891635630864,0.053576172056802526,1.1353705708731323,-0.600294741944776,87.5430594124394,2.654,-1.477,1.1173
0.0118,-0.000244,0.005615,1.309082,0.580139,0.109314,-0.02121,2.8086940089252135,-1.4196877591862296,0.0535761653589623,1.1363570730139005,-0.6013215008829004,87.54306576485159,2.654,-1.477,1.1173
0.0128,-0.003906,0.006836,1.322998,0.519104,0.261902,0.131378,2.8086944850994673,-1.4196944610031044,0.05357612297404661,1.1377459653603468,-0.598127920909173,87.54560907743547,2.654,-1.477,1.1173
0.0114,-0.001709,0.004883,1.313721,0.488586,0.292419,0.131378,2.8086991284651996,-1.4196969504779722,0.053576098667416854,1.1369770230081844,-0.596306923978033,87.54771865839864,2.654,-1.477,1.1173
0.012,0.001465,0.005615,1.317139,0.641174,0.261902,0.070343,2.8087093815054818,-1.4196912095920082,0.053576114340934934,1.1387373114787007,-0.5965047399716704,87.54854114513012,2.654,-1.477,1.1173
0.012,-0.00415,0.001465,1.319092,0.488586,0.078796,0.192413,2.8087098230349277,-1.4197023500426322,0.05357604926677817,1.1362367317739785,-0.5956315416988395,87.55217180643817,2.654,-1.477,1.1173
0.0118,0.003174,0.01001,1.320557,0.519104,0.261902,0.375519,2.8087229676069803,-1.4196889948901938,0.053576104198356934,1.138945120510402,-0.5969229814084848,87.55586830728943,2.654,-1.477,1.1173
0.0128,0.006348,0.008789,1.307129,0.244446,0.445007,0.192413,2.8087420658980085,-1.4196683699894475,0.05357619190350912,1.1380502479077081,-0.5975572755895925,87.55714799419279,2.654,-1.477,1.1173
0.0114,0.002441,0.009277,1.317383,0.397034,0.200867,0.161896,2.8087537435061463,-1.419657601574864,0.05357623582120428,1.138777622763004,-0.5991707537654204,87.55845850362249,2.654,-1.477,1.1173
0.0124,-0.008545,0.009766,1.309814,0.397034,0.048279,-0.02121,2.808746242410121,-1.419672785892112,0.05357616465561169,1.1402358226261655,-0.5960382478624165,87.55953117640027,2.654,-1.477,1.1173
0.0113,0.003906,0.007568,1.318115,0.488586,0.139832,0.039825,2.8087605206946233,-1.4196598675912975,0.053576217530705614,1.1409479822451778,-0.5991843289777207,87.55933149414606,2.654,-1.477,1.1173
0.0122,0.003174,0.004883,1.305908,0.335999,0.475525,-0.14328,2.8087738536477493,-1.4196503598628905,0.0535762549811214,1.1387616115234251,-0.5977523786194806,87.55735738289427,2.654,-1.477,1.1173
0.0122,-0.001953,0.004639,1.315918,0.488586,0.475525,0.253448,2.8087780398239888,-1.4196536745240378,0.053576236820345215,1.1382007571261037,-0.593370384476969,87.5611824590128,2.654,-1.477,1.1173
0.0123,0.001221,-0.000732,1.313965,0.549622,0.170349,0.314484,2.8087880041734623,-1.4196534244776493,0.0535762337627129,1.1353121438024356,-0.5945767898013957,87.56562556708882,2.654,-1.477,1.1173
0.0112,0.006592,0.007324,1.314697,0.732727,0.322937,0.131378,2.8088074144701274,-1.4196336760609292,0.05357631761507074,1.1386020242844799,-0.5973320509121549,87.56598952515779,2.654,-1.477,1.1173
0.0125,-0.002686,0.006104,1.310303,0.580139,0.231384,-0.02121,2.808810339252135,-1.4196375797198895,0.053576300979042465,1.140232654780552,-0.5953707459605919,87.56639736904587,2.654,-1.477,1.1173
0.0124,0.001709,0.006348,1.315674,0.305481,-0.012756,-0.173798,2.8088208528854253,-1.4196307869168536,0.053576329841874056,1.1385536591285836,-0.5989400908279204,87.56405164104936,2.654,-1.477,1.1173
0.0114,0.005615,0.014404,1.310059,0.366516,0.41449,0.100861,2.80883838992666,-1.4196077386597472,0.05357642716636643,1.141975105023254,-0.6000243028294463,87.56362940308351,2.654,-1.477,1.1173
0.0125,0.001709,0.008789,1.321777,0.244446,-0.012756,0.253448,2.8088483696604767,-1.4195997213927436,0.05357646235819272,1.140881130000538,-0.603606254149284,87.56643543836093,2.654,-1.477,1.1173
0.0117,-0.003662,0.005615,1.317139,0.427551,0.170349,0.009308,2.8088490488826707,-1.4196070666010077,0.05357643502102595,1.1399416669449456,-0.6018723721866893,87.5674721264281,2.654,-1.477,1.1173
0.0123,-0.002441,0.004883,1.306396,0.610657,0.139832,0.070343,2.808852188460328,-1.4196115935117712,0.05357642044289076,1.1411056760448908,-0.6012110895100695,87.56907387633072,2.654,-1.477,1.1173
0.0124,0.0,0.013184,1.318359,0.488586,-0.134827,0.192413,2.808859229132476,-1.419604040294892,0.05357645227680979,1.1455671033352166,-0.6052960377635791,87.57095403656679,2.654,-1.477,1.1173
0.0117,-0.00293,0.000732,1.317383,0.702209,0.170349,0.222931,2.80886151142467,-1.419613401501948,0.05357642293257745,1.1448950924794683,-0.6040180558202068,87.57481497162242,2.654,-1.477,1.1173
0.0119,0.003662,0.004639,1.30249,0.488586,0.353455,0.039825,2.8088756317752153,-1.4196030162546494,0.05357647132547087,1.1442102001083354,-0.6044752017188882,87.57497672373499,2.654,-1.477,1.1173
0.0123,-0.003418,0.000244,1.328857,0.397034,-0.134827,0.528107,2.8088767153217145,-1.4196142796628899,0.053576436630134124,1.1399038904699221,-0.6065539699591104,87.58280555469746,2.654,-1.477,1.1173
0.0112,0.005371,0.002686,1.306152,0.427551,0.383972,0.375519,2.808893652284016,-1.4196013210337408,0.05357649552735427,1.1370667553479932,-0.6079306098300196,87.58656484999509,2.654,-1.477,1.1173
0.0126,0.001709,0.006104,1.314453,0.732727,0.383972,0.222931,2.8089039452466835,-1.4195949555571898,0.05357652783981848,1.1406210652764819,-0.6065319704103742,87.58932144781227,2.654,-1.477,1.1173
0.0116,-0.009766,0.007812,1.318604,0.519104,0.200867,0.375519,2.808894050229005,-1.4196152434647438,0.05357645649110951,1.1419123091903716,-0.6009692626204002,87.59550924506857,2.654,-1.477,1.1173
0.0123,-0.00293,0.009033,1.322754,0.335999,0.170349,-0.082245,2.8088962818683743,-1.4196177050539256,0.05357645271524989,1.142061395218335,-0.5995360899051485,87.5949530687431,2.654,-1.477,1.1173
0.0121,-0.000244,0.012207,1.302734,0.427551,-0.165344,0.009308,2.8089033884191164,-1.4196106462395086,0.05357648264926812,1.145212995150092,-0.6038776757437371,87.59461436937677,2.654,-1.477,1.1173
0.012,0.000732,0.006348,1.325928,0.397034,0.109314,-0.082245,2.8089118633628556,-1.4196066671836367,0.05357650703855428,1.1443877525933088,-0.6052871327782582,87.5936789293181,2.654,-1.477,1.1173
0.0122,-0.001953,-0.001221,1.307129,0.519104,0.353455,-0.204315,2.808916398285953,-1.4196142323234293,0.053576496423084485,1.1407996940521723,-0.6022405537342747,87.59241240130228,2.654,-1.477,1.1173
0.0113,0.008545,0.006836,1.319336,0.305481,0.109314,0.131378,2.8089386418233593,-1.4195905100636617,0.05357659385990369,1.139020119089439,-0.6083624506158316,87.59244489406913,2.654,-1.477,1.1173
0.0123,-0.00293,0.004639,1.315674,0.458069,0.475525,-0.112762,2.8089408483591614,-1.419596387314147,0.053576584885531575,1.138180593757307,-0.6031675464922394,87.59198595719532,2.654,-1.477,1.1173
0.0117,-0.001221,0.006592,1.31543,0.458069,-0.073792,-0.14328,2.8089459921037947,-1.4195965587937036,0.05357659487084292,1.1382214347260726,-0.605656987247184,87.59061005765354,2.654,-1.477,1.1173
0.0124,-0.001465,0.008545,1.310059,0.152893,0.353455,0.039825,2.8089508207112024,-1.4195954659073242,0.05357660709117087,1.1359729407341974,-0.6028641721332292,87.5913432634343,2.654,-1.477,1.1173
0.0115,0.0,0.001221,1.315186,0.519104,0.139832,0.467072,2.808958267903946,-1.4195965952325462,0.053576620870840516,1.1334520343815484,-0.6037607117055203,87.5973089639065,2.654,-1.477,1.1173
0.0124,-0.002197,0.005859,1.315918,0.427551,0.506042,0.375519,2.8089619053825383,-1.4195992822931092,0.05357662362300958,1.1329865388237095,-0.5987361493497089,87.60261330204207,2.654,-1.477,1.1173
0.0119,0.007812,0.006104,1.314697,0.366516,0.292419,0.436554,2.808983366500812,-1.419577070093842,0.05357671634812248,1.1317464692238883,-0.6023700174587241,87.60652897615672,2.654,-1.477,1.1173
0.0115,0.003418,0.01123,1.316162,0.213928,0.109314,0.070343,2.808996597118366,-1.419562118727221,0.05357677558487868,1.13165007898144,-0.6055075218772679,87.60638587309836,2.654,-1.477,1.1173
0.0124,0.005859,0.01001,1.307129,0.213928,0.139832,-0.14328,2.809014103958776,-1.4195420596514658,0.05357685457006573,1.1311230105022327,-0.6095944045097104,87.60331949822793,2.654,-1.477,1.1173
0.012,0.005615,0.013184,1.311523,0.488586,0.048279,-0.051727,2.8090307798461867,-1.4195207116699444,0.05357693327149329,1.1355854141173902,-0.6146206038711909,87.60118704147172,2.654,-1.477,1.1173
0.0122,0.006104,0.01001,1.324463,0.549622,0.017761,-0.02121,2.8090474941909003,-1.4195019509963087,0.05357700863768571,1.1388987693659491,-0.6201273230378815,87.59971512165299,2.654,-1.477,1.1173
0.0123,-0.001221,0.003174,1.308105,0.488586,0.261902,-0.26535,2.809051757580697,-1.4195059491989561,0.05357701815831198,1.137626458193839,-0.6184126486589651,87.59723482004468,2.654,-1.477,1.1173
0.0112,-0.001709,-0.000244,1.320557,0.305481,0.41449,0.161896,2.809054926983627,-1.4195140532232091,0.053577019777784576,1.1317421837435475,-0.6150495475308306,87.60027664217102,2.654,-1.477,1.1173
0.0121,0.004883,0.004639,1.310791,0.305481,0.353455,0.314484,2.809069957139562,-1.4195015888850018,0.05357708238158232,1.129036324457308,-0.6160244653192086,87.60358745991267,2.654,-1.477,1.1173
0.0121,-0.000732,0.009277,1.314209,0.305481,0.292419,0.375519,2.809075201627767,-1.41949911974695,0.053577102484131923,1.1290265192248952,-0.6144386824264039,87.60821972109139,2.654,-1.477,1.1173
0.0125,-0.004395,0.006104,1.315674,0.458069,0.261902,-0.02121,2.8090740013227165,-1.419508130205829,0.05357709040895097,1.129218917392484,-0.6108982834753884,87.609007323646,2.654,-1.477,1.1173
0.0117,0.001465,0.002441,1.316895,0.458069,0.353455,0.039825,2.8090830598671435,-1.4195056934744,0.05357712478780836,1.1269151966649977,-0.6099545410927216,87.6098022403436,2.654,-1.477,1.1173
0.0122,0.009277,0.002441,1.322021,0.793762,0.261902,0.161896,2.809105734454792,-1.4194844977025844,0.05357722398466956,1.1288862251664176,-0.6144652703055187,87.61068462789761,2.654,-1.477,1.1173
0.0114,0.001953,0.005371,1.313965,0.397034,0.597595,0.100861,2.809115765681724,-1.4194784896124317,0.05357726643697311,1.1274705085097951,-0.6111521251603969,87.61185368527316,2.654,-1.477,1.1173
0.0121,0.0,0.011963,1.323975,0.641174,0.261902,-0.14328,2.80912248282045,-1.419472117310482,0.053577296305546286,1.133053139028896,-0.6102216147333485,87.6098292879429,2.654,-1.477,1.1173
0.0124,0.001709,0.013672,1.304443,0.458069,0.445007,-0.14328,2.809132823670083,-1.4194592957234822,0.05357734380839635,1.137665323674202,-0.6081084965653082,87.60726320110575,2.654,-1.477,1.1173
0.0123,-0.006104,0.007812,1.322998,0.274963,0.078796,-0.204315,2.809128772914993,-1.4194711560162363,0.05357732408813668,1.136422833336584,-0.6058474824385304,87.6059263525389,2.654,-1.477,1.1173
0.012,0.003906,0.011475,1.319336,0.458069,-0.043274,0.070343,2.809142350635264,-1.4194557355547828,0.05357738601841868,1.1393991319245986,-0.6109702655900817,87.60574606758733,2.654,-1.477,1.1173
0.0115,0.000732,0.000488,1.316162,0.366516,0.383972,-0.02121,2.809150068292998,-1.4194570236500468,0.05357742145895659,1.1347352132346045,-0.6093127876068358,87.6061973575933,2.654,-1.477,1.1173
0.0126,-0.002197,0.005859,1.321045,0.671692,0.170349,0.070343,2.809152842031558,-1.419460995829296,0.0535774348865728,1.1373981089274077,-0.608212687914943,87.60775783329738,2.654,-1.477,1.1173
0.0111,0.005371,0.007568,1.312012,0.763245,0.383972,0.192413,2.809169305302952,-1.4194447459747013,0.053577510788785365,1.1410783382241665,-0.6095133422519473,87.6090353537763,2.654,-1.477,1.1173
0.0122,0.000244,0.010986,1.314941,0.488586,0.353455,0.009308,2.8091767099014575,-1.4194383678168174,0.05357754552210178,1.1442198050140429,-0.6077061200076368,87.60892040941,2.654,-1.477,1.1173
0.0126,-0.005127,0.004883,1.319092,0.580139,0.200867,0.131378,2.809174625411206,-1.4194500917176731,0.0535775404015065,1.1450769636657747,-0.6045680685072194,87.61188394114816,2.654,-1.477,1.1173
0.012,0.003174,0.005371,1.303711,0.397034,-0.226379,0.070343,2.8091872766439496,-1.419440841417992,0.053577600724871555,1.143773128808458,-0.611578758586893,87.6123307844322,2.654,-1.477,1.1173
0.0114,0.000244,0.007324,1.30249,0.335999,0.322937,0.039825,2.809194755574674,-1.4194371183737469,0.053577637580809766,1.142715808078282,-0.6104644526698643,87.61286185523863,2.654,-1.477,1.1173
0.0124,-0.00415,0.001709,1.325195,0.274963,0.383972,0.406036,2.8091940995620663,-1.4194491412815757,0.0535776417690644,1.1378405834336034,-0.6056954857141921,87.61937131600767,2.654,-1.477,1.1173
0.0119,0.003662,0.010986,1.299805,0.427551,0.200867,-0.02121,2.809207974949184,-1.4194335431673986,0.05357770480764756,1.1402631738585445,-0.607937310951117,87.61814704899689,2.654,-1.477,1.1173
0.0123,0.006104,0.008301,1.30957,0.335999,0.139832,0.070343,2.809225578353986,-1.4194149768011826,0.053577785920102115,1.1400686030265192,-0.6121883990273848,87.61789795991479,2.654,-1.477,1.1173
0.0113,-0.003174,0.008301,1.315186,0.335999,0.200867,0.131378,2.809226672440163,-1.419419282088192,0.05357779577700871,1.1395037184727252,-0.610411838082703,87.6200021071876,2.654,-1.477,1.1173
0.0123,0.001709,0.006836,1.322021,0.488586,0.353455,0.039825,2.8092362417540806,-1.4194130933058053,0.05357784386086269,1.1402601440073776,-0.6093681985700425,87.62041582983137,2.654,-1.477,1.1173
0.0121,0.003418,0.003418,1.313477,0.366516,0.41449,0.406036,2.809248910031536,-1.4194052218182414,0.053577908449035955,1.1374601183143995,-0.6088197680226214,87.62525074469485,2.654,-1.477,1.1173
0.0122,-0.005371,0.000977,1.318604,0.488586,0.41449,0.406036,2.809246035192962,-1.4194206851933726,0.05357790901353697,1.1347579428964496,-0.6030957724279272,87.63196397469328,2.654,-1.477,1.1173
0.0122,-0.001953,0.01001,1.312012,0.366516,0.597595,0.131378,2.8092499247080336,-1.4194196975708926,0.05357793061598418,1.1359231278132025,-0.5971784331155394,87.63382562028973,2.654,-1.477,1.1173
0.012,0.004639,0.010742,1.319092,0.549622,0.109314,0.192413,2.8092653600574815,-1.4194024376765355,0.05357800155439014,1.1395542649962764,-0.601036166199987,87.63503432311582,2.654,-1.477,1.1173
0.0112,0.005127,0.00708,1.322021,0.702209,0.200867,0.192413,2.8092813060123656,-1.4193874413649643,0.05357807911335273,1.142275664668543,-0.6041725735482181,87.63640628847756,2.654,-1.477,1.1173
0.0122,0.003662,0.003418,1.312988,0.671692,0.383972,0.070343,2.8092948177393433,-1.419378740314549,0.05357815157109683,1.1432231064696674,-0.6040699510123674,87.63713079548225,2.654,-1.477,1.1173
0.0125,0.01001,0.007812,1.316406,0.335999,0.139832,0.009308,2.8093193142689157,-1.419351359205551,0.0535782647094998,1.1427520219027598,-0.6105245183079439,87.6354962344417,2.654,-1.477,1.1173
0.0121,-0.006104,0.005859,1.323242,0.549622,0.445007,-0.02121,2.8093151649436483,-1.4193650467221763,0.05357826134200653,1.1435371476269904,-0.6039128497081501,87.63672330785538,2.654,-1.477,1.1173
0.0114,0.000244,0.006104,1.317871,0.397034,-0.012756,-0.051727,2.8093223238544023,-1.4193628670803229,0.053578304679751415,1.1423935055078611,-0.6065400498852088,87.6362998085883,2.654,-1.477,1.1173
0.0123,0.000732,0.009521,1.318359,0.580139,0.506042,0.161896,2.809330650948282,-1.4193564837783408,0.053578348724962685,1.1457907531719014,-0.6031704542399482,87.6381545582936,2.654,-1.477,1.1173
0.0115,-0.002441,0.003418,1.314941,0.458069,0.261902,0.100861,2.809333264810893,-1.4193627595812464,0.05357837869323763,1.1437940808588727,-0.6011738467076124,87.6402754382756,2.654,-1.477,1.1173
0.0121,-0.00293,0.003906,1.31958,0.335999,0.048279,0.070343,2.8093349338653293,-1.419369837085492,0.05357840393032021,1.1408963620827142,-0.6012852771088902,87.64207874228126,2.654,-1.477,1.1173
0.0121,0.001221,0.003662,1.311768,0.366516,0.048279,0.283966,2.8093440740620284,-1.4193666724985015,0.053578459899390855,1.1382566700152161,-0.6039075341956963,87.64569737154952,2.654,-1.477,1.1173
0.0124,0.000732,0.007324,1.314697,0.305481,0.53656,0.009308,2.8093525204279786,-1.4193615752462576,0.053578507548558404,1.1371494086113538,-0.6001292779909398,87.64584515311215,2.654,-1.477,1.1173
0.0117,-0.007568,0.010498,1.313477,0.549622,0.292419,0.161896,2.80934637225548,-1.4193740760241311,0.05357849118527128,1.140500165994858,-0.5947980716817529,87.64892598224542,2.654,-1.477,1.1173
0.0122,0.008301,0.009766,1.305176,0.519104,-0.012756,0.131378,2.809368772218601,-1.4193479779720466,0.053578592069930896,1.1433602395201579,-0.602381903556947,87.64876239146801,2.654,-1.477,1.1173
0.0124,0.008301,0.011963,1.30835,0.244446,0.078796,-0.326385,2.8093906359164365,-1.4193208181065158,0.053578686572139586,1.1442413707587504,-0.6086262272197192,87.64281458049982,2.654,-1.477,1.1173
0.012,-0.005859,0.004883,1.310547,0.458069,0.109314,-0.02121,2.8093870151515534,-1.4193343672170133,0.05357869278170395,1.1433599928466207,-0.6062561887407468,87.6439835768529,2.654,-1.477,1.1173
0.0115,0.003662,0.005127,1.315918,0.366516,0.109314,0.009308,2.8094000144316422,-1.4193247199302172,0.05357876441384778,1.1413459812327755,-0.6094848532524542,87.64374943358521,2.654,-1.477,1.1173
0.0116,0.004639,0.005615,1.30249,0.519104,0.048279,0.100861,2.8094148650860897,-1.4193119982757503,0.05357884227636053,1.1414794203911478,-0.6140718082251276,87.64430994090199,2.654,-1.477,1.1173
0.0122,-0.001953,0.00415,1.32251,0.488586,0.170349,0.467072,2.8094175963302415,-1.4193173114917512,0.05357887660273516,1.1405591892078968,-0.6132159167859661,87.65084935636459,2.654,-1.477,1.1173
0.0124,0.002441,0.006836,1.306152,0.427551,0.353455,0.345001,2.8094285876546037,-1.4193089679356685,0.05357893739867788,1.1406442005986996,-0.6127291940583403,87.65488315049016,2.654,-1.477,1.1173
0.0116,0.006836,0.006592,1.324463,0.458069,0.231384,0.345001,2.8094466466093806,-1.4192911411184514,0.053579026613281226,1.1405159646733563,-0.6163161790936154,87.6579020840026,2.654,-1.477,1.1173
0.0123,-0.002686,0.005127,1.300049,0.610657,0.231384,0.161896,2.8094484471623002,-1.4192969020408606,0.053579057028809066,1.1418374764788621,-0.6143027914728119,87.66074861308378,2.654,-1.477,1.1173
0.0122,-0.002441,0.008545,1.318359,0.458069,0.353455,-0.051727,2.8094507082410156,-1.4192994645708654,0.05357908212896956,1.143168763311928,-0.6108511565439333,87.66064768006055,2.654,-1.477,1.1173
0.0118,0.001953,0.006836,1.310791,0.549622,0.200867,0.070343,2.809460820127895,-1.4192924943760776,0.053579141460584005,1.1444120443775772,-0.6119907658731476,87.66130451482036,2.654,-1.477,1.1173
0.0115,-0.000732,0.00708,1.319092,0.458069,0.170349,0.314484,2.8094660097736237,-1.4192921870100192,0.05357918193705625,1.1445095248944348,-0.6119603163957278,87.66523827239858,2.654,-1.477,1.1173
0.0124,-0.005371,0.004639,1.302246,0.366516,0.170349,0.070343,2.809463294500557,-1.4193045833793008,0.05357919817914708,1.1425699602022446,-0.6091069552972336,87.6674725750388,2.654,-1.477,1.1173
0.0121,0.007812,0.010254,1.325928,0.427551,0.017761,0.161896,2.809483295182365,-1.419281273337327,0.053579286791826004,1.1444049084786632,-0.6156864532281934,87.66785942380656,2.654,-1.477,1.1173
0.0118,-0.007812,0.007568,1.30957,0.580139,-0.043274,-0.02121,2.809476242197646,-1.4192975469715619,0.05357928144408758,1.1464324825281902,-0.6139112470086477,87.66912044158938,2.654,-1.477,1.1173
0.0125,0.001221,0.00708,1.317871,0.397034,0.170349,-0.051727,2.8094848550649125,-1.4192924403882934,0.05357933546697087,1.1462528405831671,-0.6147519334780861,87.6684295590658,2.654,-1.477,1.1173
0.012,-0.000488,0.005859,1.310059,0.366516,0.506042,0.100861,2.809490741017011,-1.419292008755628,0.05357938267691794,1.1448235441439911,-0.6107768365703816,87.67006869906898,2.654,-1.477,1.1173
0.0114,-0.007812,0.001465,1.313477,0.610657,0.231384,0.558624,2.809483836832977,-1.4193127559069971,0.05357939456447335,1.1433242328487263,-0.6060561306016045,87.67855762719002,2.654,-1.477,1.1173
0.012,-0.006348,0.003418,1.316895,0.519104,-0.104309,0.436554,2.8094796436665237,-1.4193281712811485,0.05357941139840572,1.142252609560682,-0.6060498658602029,87.68536528893229,2.654,-1.477,1.1173
0.0126,0.005127,0.011475,1.310303,0.397034,0.41449,0.314484,2.809496001120515,-1.4193088461388856,0.05357948253155222,1.1447116659089398,-0.6063385889342647,87.68810862397244,2.654,-1.477,1.1173
0.0113,0.000244,0.01001,1.319824,0.580139,0.139832,0.009308,2.809503376822653,-1.4193032204997715,0.053579525405817424,1.147807920717074,-0.6072337028004055,87.68801992810103,2.654,-1.477,1.1173
0.0122,0.001953,0.005127,1.3125,0.427551,0.200867,0.161896,2.809513845142585,-1.4192970549067931,0.053579593049577524,1.1467342000030734,-0.6083401734187152,87.6899425204835,2.654,-1.477,1.1173
0.012,0.009277,0.009766,1.308838,0.244446,0.109314,-0.26535,2.809536992417655,-1.4192695709185588,0.05357969318756571,1.146193113060228,-0.6147643124913068,87.68489679057946,2.654,-1.477,1.1173
0.0122,0.003174,0.004639,1.31958,0.549622,0.200867,-0.204315,2.8095488546139227,-1.4192618265259236,0.05357976809732528,1.1463425203572757,-0.6163594519523947,87.68224959616536,2.654,-1.477,1.1173
0.0122,0.004883,0.00708,1.311279,0.183411,0.322937,0.009308,2.809563826997997,-1.4192476941569279,0.05357984647998029,1.1434963268013805,-0.6175811024282744,87.68166029862772,2.654,-1.477,1.1173
0.0121,0.004395,0.005615,1.31543,0.458069,0.200867,0.100861,2.809577609949337,-1.419236355180308,0.053579925276072,1.143065282739814,-0.619985574980284,87.68241146894808,2.654,-1.477,1.1173
0.0122,-0.000977,0.005615,1.320557,0.397034,0.261902,-0.051727,2.8095819380118865,-1.4192381747898835,0.053579971054069975,1.1419379763533957,-0.6184161872695518,87.6823315132061,2.654,-1.477,1.1173
0.0113,-0.005615,0.006592,1.326172,0.671692,0.048279,-0.295868,2.8095783529960805,-1.4192503720348408,0.05357998702437479,1.1441110952692344,-0.6167212187083223,87.68025076455434,2.654,-1.477,1.1173
0.0117,-0.003662,0.004639,1.310547,0.549622,0.261902,0.253448,2.8095785199137486,-1.419258745243901,0.053580021917970254,1.1439910681387149,-0.6138797428873564,87.6842980993342,2.654,-1.477,1.1173
0.0124,0.005371,0.00415,1.315918,0.610657,0.475525,0.345001,2.809594586474315,-1.4192455130123043,0.05358011488840591,1.1446833434844572,-0.6135137210458673,87.68808605178153,2.654,-1.477,1.1173
0.012,0.0,0.006348,1.318359,0.580139,0.200867,0.314484,2.8096011644742327,-1.4192437760219327,0.05358016826909644,1.146029986460405,-0.6134541563530378,87.69210346182959,2.654,-1.477,1.1173
0.0121,0.00293,0.008545,1.308594,0.488586,0.200867,0.283966,2.8096131210340736,-1.4192328049775698,0.0535802332447502,1.1476580700055392,-0.6151460048867448,87.69500012040687,2.654,-1.477,1.1173
0.0123,0.002686,0.012207,1.315186,0.732727,0.139832,0.283966,2.8096244713954235,-1.4192199868616122,0.05358028502413798,1.1544228020718394,-0.6173326811186516,87.69767870713439,2.654,-1.477,1.1173
0.0121,-0.004883,0.012207,1.314453,0.427551,0.261902,-0.204315,2.8096227324800993,-1.4192254243358047,0.0535802921566292,1.1573816192520439,-0.6135440396774038,87.69582052885848,2.654,-1.477,1.1173
0.0111,-0.006104,0.008789,1.322021,0.335999,0.261902,-0.02121,2.8096189352632064,-1.4192364506373414,0.05358030416780391,1.1568313349694472,-0.6093599390466986,87.69674205007223,2.654,-1.477,1.1173
0.0129,-0.001709,0.011475,1.302734,0.366516,0.261902,-0.326385,2.809623191750288,-1.4192340439851496,0.05358033427088671,1.1590031864486006,-0.6073291747469609,87.69257207418683,2.654,-1.477,1.1173
0.0112,0.002686,0.01123,1.331787,0.366516,-0.134827,-0.051727,2.8096342325051777,-1.4192226915320627,0.05358038993337252,1.1601576399331284,-0.6125799345382806,87.69127106469453,2.654,-1.477,1.1173
0.0125,-0.00293,0.004883,1.303711,0.519104,0.292419,0.009308,2.8096363304905436,-1.4192285585566458,0.0535804367471481,1.1601235508041692,-0.6096048182019038,87.69230058911361,2.654,-1.477,1.1173
0.0122,0.008545,0.006104,1.320312,0.519104,-0.012756,0.253448,2.809657579496934,-1.4192069599917703,0.05358054536559199,1.1605462880582096,-0.6170520699427341,87.69408897261488,2.654,-1.477,1.1173
0.0123,0.003906,0.006348,1.307373,0.305481,0.261902,0.100861,2.809670975480805,-1.419195900690853,0.05358062574199124,1.1586330288610458,-0.6184657260396309,87.69488559149288,2.654,-1.477,1.1173
0.0115,-0.000244,0.004639,1.318604,0.580139,0.139832,0.283966,2.8096769468415927,-1.4191965986788602,0.053580688105136526,1.1585596174667119,-0.6189964887823836,87.6986387619403,2.654,-1.477,1.1173
0.0122,0.001465,0.00708,1.307617,0.519104,0.231384,-0.051727,2.8096861086973695,-1.4191908641182014,0.053580752042543006,1.159663836369473,-0.619313972724866,87.69793878864583,2.654,-1.477,1.1173
0.0112,-0.000244,0.00415,1.316406,0.793762,0.261902,0.192413,2.8096922684176215,-1.419191803351097,0.05358081842401793,1.1615193300205575,-0.618514556411132,87.70064919412971,2.654,-1.477,1.1173
0.0122,-0.000732,0.010254,1.315674,1.587219,-1.508118,3.6409,2.8096960479891595,-1.4192144758177927,0.05358059419292809,1.176807073803382,-0.6394068772524808,87.74477498104996,2.654,-1.477,1.1205
0.0125,0.041504,-0.068604,1.332764,-0.487976,-0.684143,6.173859,2.809688076489557,-1.421218571363221,0.053557418620801545,1.1212286332686705,-0.6750533305774761,87.8217280610814,2.654,-1.477,1.127
0.0122,-0.000244,-0.067383,1.250244,-0.274353,0.261902,11.728058,2.809707865588333,-1.42065341078294,0.053565132134949504,1.0663717556782155,-0.6765655545357449,87.97302022821495,2.654,-1.477,1.127
0.0116,0.040039,-0.083496,1.332764,1.373596,-0.195862,16.977081,2.8098211703046414,-1.4191961685512808,0.05358253019575529,1.0238488448602907,-0.7068272583020155,88.17085621368672,2.654,-1.476,1.1302
0.0121,0.069824,-0.126709,1.345459,1.404114,4.595398,43.222198,2.8099302896519536,-1.4193448199064989,0.053580382961620904,0.9553895357192622,-0.7014983336159272,88.69314237394846,2.654,-1.476,1.1448
0.0116,-0.375732,-0.351074,1.300537,-0.152283,-9.351135,45.816193,2.80913714997607,-1.4208393996160054,0.05358042090981099,0.7553343530875729,-0.6202542858415792,89.35020988739838,2.655,-1.476,1.1496
0.0124,0.101074,-0.296143,1.213867,2.380676,-2.515198,52.102814,2.8094312155778027,-1.4199205901577183,0.05358759698491446,0.5959329585151161,-0.7231175899534574,89.97415498278704,2.655,-1.475,1.1561
0.0126,0.206055,-0.031738,1.606445,5.249329,-3.308655,58.236847,2.809905963730277,-1.4183344169753074,0.05360044482663483,0.633278568416438,-0.8690289340955548,90.64577638479462,2.655,-1.474,1.1674
0.0116,0.044922,-0.036865,1.028564,2.929993,-1.782776,61.288605,2.8100437903399604,-1.4172142190687564,0.0536152080771526,0.6257369728823782,-0.9328750989413356,91.33790142352325,2.656,-1.474,1.1739
0.0121,0.166504,-0.050049,1.535645,3.479309,4.900574,64.279327,2.810398913947574,-1.4150918699461592,0.05364497435351635,0.6266124160979413,-0.962920536684567,92.06619207326999,2.656,-1.472,1.1885
0.0114,0.326904,0.094482,1.463623,5.432434,7.036804,60.495148,2.81125901838559,-1.4124638721832743,0.0536781924406476,0.7205565081767356,-1.053104197934579,92.63413750552803,2.657,-1.471,1.2014
0.0123,0.124023,0.038574,1.400635,1.098938,8.837341,62.906036,2.8115617916728826,-1.4105074379812428,0.05371045608674355,0.7366870080929534,-1.019867264000116,93.36041051397984,2.657,-1.47,1.2112
0.0122,0.153809,-0.030273,1.157959,0.732727,1.146912,68.002472,2.811943977341666,-1.4083016537829824,0.05375051707198689,0.7071308196484167,-1.1160822370205612,94.13275757641998,2.658,-1.468,1.229
0.0114,0.177734,-0.081055,1.283936,2.594299,-4.071594,73.434601,2.812208590074776,-1.4060238975102357,0.053799767437145,0.6684842226504707,-1.2736430746601552,94.92188605872575,2.658,-1.467,1.2403
0.0124,0.219238,-0.030518,1.298096,0.885315,-2.454163,73.983917,2.8125396926894646,-1.4029523705749674,0.05387167988911003,0.6377689173934107,-1.4363443464745052,95.76344713610659,2.659,-1.464,1.2597
0.0125,0.174561,-0.026367,1.30957,1.648254,-0.958801,74.167023,2.812669922403054,-1.3999099071755503,0.053953036951950306,0.6164209717438153,-1.5530098408507282,96.63300221576236,2.66,-1.462,1.2743
0.0111,0.029053,0.006836,1.360352,2.167053,-6.055237,71.847687,2.8123635537686664,-1.3969374131633243,0.05403453765417262,0.6184304885621598,-1.6365858190821259,97.42441115865105,2.66,-1.46,1.2889
0.0124,0.450195,0.017334,1.12793,-1.250916,0.65863,67.178497,2.813029474798354,-1.3911524156137027,0.054225058826428904,0.5887378826098765,-1.9023582945520692,98.0626115772086,2.661,-1.456,1.3051
0.0122,0.412598,0.178467,1.503174,2.685852,-5.139709,63.180695,2.813525010714212,-1.3857979976304002,0.05440370795332214,0.6782320388811065,-2.157480069895155,98.64551371274801,2.662,-1.453,1.318
0.0123,0.139893,0.146729,1.04834,3.326721,-1.508118,62.845001,2.813602692926898,-1.3801467590262517,0.05459822623956346,0.7912363015943935,-2.2733511382295526,99.2806952997462,2.663,-1.448,1.3375
0.0113,0.371338,0.102783,1.225342,-0.701599,8.379578,60.708771,2.8137488315492343,-1.3746318339876988,0.05484813301411256,0.8131583405648692,-2.389965084533452,99.79941646434382,2.664,-1.444,1.3488
0.0123,0.228516,0.143066,1.631348,2.563782,6.487488,54.757843,2.813553645660701,-1.3692637279498643,0.05507475896502482,0.8776208789115122,-2.4080645208785687,100.36681732533,2.665,-1.441,1.3601
0.0115,0.27002,0.13623,1.313232,5.432434,4.747986,50.149689,2.8134233477592465,-1.3633669546289637,0.05534586011029951,0.9872042603866794,-2.4979120673761273,100.80157172321218,2.666,-1.436,1.3731
0.0123,0.315674,0.020996,1.235107,3.418274,-0.073792,53.079376,2.8127702521048334,-1.3576722341620626,0.055679159948737456,1.0072313782567135,-2.6790592443060954,101.3627530966632,2.667,-1.432,1.3828
0.0124,0.083496,-0.159668,1.170898,4.211731,-7.306458,49.783478,2.8109341687841884,-1.3535100675944152,0.05597077209834976,0.9186169258470297,-2.8144152473115955,102.08868170833559,2.668,-1.425,1.3974
0.0122,0.220703,0.035156,1.296387,8.056946,-1.630188,49.539337,2.8100515750155264,-1.3476232759406108,0.056321115112966676,1.0011388975176998,-2.9510329717427286,102.6158297207031,2.669,-1.42,1.4055
0.0114,0.031494,0.078857,1.528809,9.76593,6.151794,43.985138,2.809125161027726,-1.342190865929388,0.05658000294982428,1.117713624162808,-2.8833633814468924,103.08630727758319,2.67,-1.416,1.4136
0.012,0.04541,0.103516,1.296143,4.455872,13.781189,43.496857,2.8083100730627075,-1.336410799080034,0.05684543992309933,1.1979621835249497,-2.7357508145851472,103.54680778970568,2.671,-1.41,1.4281
0.0122,0.02417,0.0271,1.179199,0.335999,6.518005,43.222198,2.807091473024473,-1.3310484874983008,0.057100877286947974,1.1855857059111041,-2.664763578807943,104.06777802143074,2.671,-1.405,1.4346
0.0122,0.051025,0.127197,1.330566,4.059143,-0.684143,42.459259,2.8061574660778525,-1.3247816301159745,0.05736677344346101,1.274664459201179,-2.694095816075063,104.50839258337885,2.672,-1.398,1.4459
0.0119,0.013916,0.150635,1.470215,-0.152283,1.757263,41.604767,2.80522414849469,-1.3188291152460545,0.057594582275197724,1.317763331717816,-2.6715224615687148,104.93396434452181,2.673,-1.394,1.4556
0.0122,0.02124,0.060547,1.213623,-5.126648,-0.562073,42.520294,2.804048385043272,-1.3134427085793399,0.0578286140405854,1.2595794945914751,-2.684781948709177,105.42377159120294,2.673,-1.389,1.4637
0.0118,-0.008789,0.079834,1.103027,-2.288513,-7.092834,40.750275,2.8028896975647486,-1.3078079216916338,0.05803957315817946,1.2560704102420506,-2.7543953326703683,105.86384158846839,2.674,-1.383,1.4767
0.0121,-0.025879,0.071045,1.400879,0.976868,4.473328,41.879425,2.8015202114093634,-1.3023232059180263,0.05824843393137695,1.2722013776079073,-2.677268574113154,106.35664874632863,2.674,-1.378,1.4832
0.0113,-0.038086,0.01123,1.451904,5.585022,2.855896,42.154083,2.800039006964313,-1.2977873561245137,0.058417710670913434,1.3075415834084423,-2.6159057286509375,106.85648984646468,2.675,-1.371,1.4961
0.012,-0.14917,-0.061523,1.255859,5.85968,-3.308655,42.001495,2.798091591367288,-1.2936255485444876,0.05849027979424666,1.3054410919789452,-2.558913260390831,107.45468115263724,2.675,-1.367,1.5026
0.012,-0.091553,-0.019043,1.4021,5.127258,13.26239,35.959015,2.79623192086635,-1.2891145085142532,0.058614380372990986,1.3257560739474574,-2.34298666162369,107.94096390296583,2.675,-1.362,1.5075
0.0128,0.032471,0.104248,1.436523,4.8526,-6.085754,33.792267,2.7946895652380896,-1.2834700030832376,0.058831533472641806,1.4138095382170046,-2.4309986165924515,108.33477692546232,2.676,-1.355,1.5188
0.0117,-0.061035,0.022705,1.054932,4.700012,-7.39801,39.254913,2.793007110065184,-1.278937952935839,0.05893120988947932,1.4535468157853766,-2.46932618465471,108.81505165646374,2.676,-1.351,1.522
0.0116,-0.073975,0.045166,1.469727,4.150696,4.778503,36.14212,2.791286755537774,-1.274376845954327,0.05903571394062119,1.494024696363266,-2.3688068072363877,109.25277131222326,2.676,-1.345,1.5301
0.0119,-0.00293,0.2146,1.661133,1.983948,-4.956604,35.653839,2.789806485196101,-1.2691780676384463,0.0591799529482864,1.5843971071509393,-2.419259012412946,109.62164520389777,2.676,-1.341,1.535
0.0123,-0.056152,0.061768,0.964355,-0.1828,5.114197,39.651642,2.7880825831815303,-1.26444392990145,0.05926300332512935,1.5979342242847598,-2.3126923059986817,110.10758617571705,2.677,-1.337,1.5415
0.0122,-0.051514,0.085938,1.382812,-0.579529,0.841736,38.949738,2.786340691181911,-1.259735761937765,0.05935936619766225,1.6052998543466281,-2.271365163960723,110.57699539269541,2.677,-1.33,1.5496
0.0116,0.025879,0.074219,1.457031,1.06842,1.66571,38.858185,2.7846985418256702,-1.2551535447310733,0.05953541616950827,1.6245855165390106,-2.262438844192438,111.0135023175762,2.677,-1.326,1.5544
0.0126,-0.026123,0.041992,1.42334,-0.610046,3.893494,34.646759,2.7828317995100456,-1.250484548741026,0.05966661903085913,1.6081218163065798,-2.19647422869974,111.45620767687709,2.677,-1.322,1.5593
0.012,0.041504,0.065674,1.316162,-2.380066,-4.681946,31.564484,2.7811286844780843,-1.2458663369468612,0.05986325638319467,1.5894906938153792,-2.272238065253678,111.81579028801546,2.677,-1.316,1.5657
0.0122,-0.033691,0.019775,1.024414,0.549622,-6.818176,31.137238,2.779144597519298,-1.2411443144375411,0.05997721883476916,1.5826418656703691,-2.3272514127423642,112.2047026135594,2.677,-1.312,1.569
0.0114,-0.051758,0.026611,1.329102,1.922913,-1.111389,30.740509,2.7772242436092207,-1.2367246503302354,0.060065381018560765,1.591639765302897,-2.3040347950738926,112.56853954967242,2.677,-1.305,1.5771
0.0117,-0.039551,-0.008057,1.59082,0.854797,1.879333,32.357941,2.7752624841796667,-1.2323597770532,0.06018163092673077,1.5682035514670416,-2.25690496512439,112.96877289040107,2.677,-1.301,1.5819
0.0122,-0.110596,0.081055,1.340576,-3.84491,6.945251,25.857697,2.773142972255813,-1.2278335952411268,0.060171773951340386,1.5418542559010435,-2.1039756395794056,113.29523534227994,2.677,-1.297,1.5868
0.0125,-0.081055,0.114502,1.355713,-4.363708,4.107117,26.956329,2.7709833077941055,-1.2231150107261162,0.06018760503026921,1.526449828960777,-2.0031349168158967,113.62868148895738,2.677,-1.291,1.59
0.0116,-0.074951,0.072754,1.128662,0.732727,3.466248,25.06424,2.7689751301407055,-1.2189483158793508,0.06017189955521134,1.5611364278445647,-1.9098176394736854,113.922685006016,2.677,-1.287,1.5933
0.0125,-0.025146,0.141113,1.291504,-0.671082,2.916931,26.742706,2.766931537468404,-1.2144859800828707,0.06023240049689887,1.6112238960980565,-1.8568438067726047,114.23972035736713,2.676,-1.281,1.5981
0.0121,-0.068604,-0.074951,1.340576,-7.110291,-10.114075,26.010284,2.7649790987757044,-1.2104744995482042,0.06026533082750656,1.4590146854497033,-1.9367279837736577,114.58040464522199,2.676,-1.277,1.603
0.0116,-0.008301,0.039551,1.075928,-2.654724,-4.804016,22.989044,2.762988315813909,-1.2062118547230485,0.06037128882831475,1.435741898814423,-1.9829977510668169,114.84457114633464,2.676,-1.273,1.6078
0.0124,-0.117432,0.146484,1.64502,0.885315,-2.118469,21.951447,2.76071088060908,-1.2016622498185736,0.06032682665365102,1.4919873145786342,-1.9480170748423808,115.11584451984227,2.676,-1.268,1.6111
0.0111,-0.071777,-0.02002,1.268799,-4.699402,9.447693,26.223907,2.7589496565375593,-1.1981830356680174,0.06031764914652689,1.4060119708591583,-1.797279989078013,115.42570799467094,2.676,-1.264,1.6159
0.0123,-0.04126,0.009521,1.266602,-2.07489,2.184509,17.038116,2.756879253196568,-1.1940522218345748,0.06036451864684804,1.368205348568282,-1.7411499271737023,115.64422356186405,2.676,-1.258,1.6208
0.0121,0.200928,0.153564,1.330078,2.441711,-4.2547,14.261017,2.7550124448976914,-1.1897164390445185,0.060774440700285974,1.4665210190008615,-1.8985061213768823,115.7811295392236,2.675,-1.254,1.624
0.0123,-0.030273,0.04541,1.2146,0.000305,-7.520081,15.48172,2.7529473988679785,-1.1855525601376389,0.06082782940098292,1.476437737979194,-1.9654037391697314,115.9701183974498,2.675,-1.251,1.624
0.0114,-0.059082,0.042725,1.286621,-3.143005,-8.954407,20.486603,2.7509666446217613,-1.1815855565032074,0.060826610096589774,1.4456866895989313,-2.025705160173891,116.20521164070352,2.675,-1.245,1.6289
0.0121,-0.151367,-0.118164,1.206787,-1.372986,-1.904846,25.949249,2.749103464175416,-1.1777481755474997,0.06069406167674071,1.3328649592556938,-1.9509919477423716,116.54944480623467,2.675,-1.241,1.6321
0.0123,-0.218262,0.037598,1.503174,-0.579529,-4.926086,26.407013,2.747090927881147,-1.1741388475732308,0.06044617134020008,1.3222626252373937,-1.896677111464914,116.89520495734105,2.674,-1.236,1.637
0.012,-0.200928,-0.039062,1.11792,-4.08905,0.231384,25.857697,2.7451872678972356,-1.1706811058791398,0.06013892106622857,1.2271799275312245,-1.7574757771010727,117.23332535862058,2.674,-1.232,1.6402
0.0123,-0.014404,0.046143,1.370361,0.458069,-3.156067,22.104034,2.7432296083607643,-1.167108290853523,0.06019630404371403,1.2399974857736171,-1.783602168599639,117.50898217723908,2.674,-1.229,1.6418
0.0121,0.049072,0.122559,1.065918,4.913635,-1.843811,14.322052,2.7411595190102753,-1.1638023210591768,0.06036331037313287,1.3706963444977436,-1.8361678854517687,117.68157707650634,2.673,-1.224,1.6451
0.0111,-0.0271,0.008057,1.532227,6.592102,-3.156067,8.767853,2.739464498126997,-1.1605267138524031,0.06040217673231566,1.4321349767015032,-1.8480604993521117,117.78123563832396,2.673,-1.221,1.6467
0.0121,0.039551,-0.021973,1.413574,6.103821,5.053162,12.033234,2.7375885085529084,-1.1566388276747888,0.06059085183708964,1.4764145849809243,-1.8014971280073997,117.92528266746132,2.673,-1.215,1.6467
0.0125,-0.242676,-0.186768,1.48877,7.202454,11.431335,11.728058,2.735581728574318,-1.1521583716244093,0.06036348588357422,1.4555949404909785,-1.5327067327830821,118.09000130293003,2.672,-1.211,1.6435
0.0123,0.014404,0.115967,1.209473,4.638977,4.107117,10.019073,2.732931600600721,-1.1480738898397453,0.060470833731877206,1.5693898577245045,-1.4882223234159693,118.22247253639918,2.672,-1.207,1.6435
0.0114,0.06543,0.067383,1.143066,4.608459,0.780701,11.972198,2.73086518020235,-1.1444486456230003,0.06069397648281384,1.649451436919337,-1.520980770394139,118.35656671501027,2.672,-1.202,1.6418
0.0125,0.003906,-0.030762,1.426514,4.944153,3.43573,13.253937,2.7288557625919894,-1.1402662287257497,0.060816216842573254,1.6751772243895766,-1.4776502442456936,118.52062963243208,2.672,-1.199,1.6402
0.0114,0.144531,0.116699,1.227539,1.06842,0.231384,13.009796,2.7264645296480214,-1.1361580515419054,0.06119880299468424,1.7402487974163696,-1.5611779980995297,118.66088435586227,2.671,-1.192,1.637
0.0123,0.012207,0.078125,1.175781,-0.701599,0.872253,14.932404,2.7239409638877423,-1.1320190303768427,0.061314872909744196,1.7622681579569583,-1.5572920922189373,118.8470316381011,2.671,-1.189,1.6337
0.0121,0.155273,0.016602,1.601074,0.763245,2.092957,13.620148,2.7221753670892785,-1.128394563387267,0.06166474466015448,1.758893267036673,-1.601684365427627,119.00432226862193,2.671,-1.185,1.6337
0.0121,0.11792,0.020752,1.024902,2.136536,1.696228,15.023956,2.720203314827784,-1.1244570542015366,0.06208682520296935,1.7801229180465292,-1.6681312922367446,119.17669231505273,2.67,-1.18,1.6354
0.0116,0.229004,-0.084473,1.273193,-3.051453,0.994324,13.314972,2.718517372268493,-1.1202562808118983,0.06272135625289244,1.6764542685305375,-1.786464066015779,119.3181759119091,2.67,-1.176,1.6305
0.0124,0.221924,0.054199,1.265869,-4.150085,-8.374573,10.385284,2.716219429855626,-1.1157907630487058,0.06331379272968071,1.6391081495020539,-2.013489900539973,119.42295580916006,2.67,-1.17,1.6337
0.0122,0.269531,0.015381,1.567139,1.892395,7.128357,25.735626,2.714166193578878,-1.1116759668125427,0.06391572765789125,1.6441247245910071,-2.0510145081660767,119.72383211005118,2.669,-1.166,1.6321
0.0121,-0.12915,-0.185303,0.830078,0.854797,-5.811096,26.925812,2.7121733750492734,-1.1083053855849494,0.06371764207582567,1.4684336989299718,-2.0101700330529306,120.11064113513432,2.669,-1.163,1.6321
0.0111,-0.745605,-0.22583,1.396729,-0.030212,14.727234,30.404816,2.7092474639239588,-1.1058677979998115,0.06260662909645799,1.3453576685005486,-1.5124713727813575,120.56047471577398,2.669,-1.157,1.6273
0.0126,0.40918,0.06665,1.182617,-1.311951,-2.271057,13.681183,2.707925593379468,-1.1010130893024066,0.0636225683800403,1.3536321244667322,-1.7791292344918526,120.6574155600624,2.669,-1.153,1.624
0.0124,0.468506,0.447754,0.723877,-1.403503,-8.313538,4.373322,2.7060068181611485,-1.0959876971500973,0.06482567047934304,1.636090710758048,-2.2012237212528816,120.5801917525937,2.668,-1.148,1.6273
0.0121,0.193604,-0.101318,1.773193,1.312561,-4.773499,15.786896,2.7036074647996586,-1.0919560898178668,0.06530553877654884,1.5865429288788764,-2.3299362058457658,120.78024281543318,2.668,-1.144,1.6257
0.0112,0.235107,0.022705,1.167236,9.369202,-6.513,26.773224,2.7011713347716406,-1.0877380706240103,0.06603105659751396,1.679645897480524,-2.544643976516693,121.058284053659,2.668,-1.14,1.624
0.0117,0.058105,0.004883,1.196045,1.892395,12.285828,20.669708,2.698699825816013,-1.083652677994646,0.06633823893451063,1.6797049111988986,-2.4295464977051875,121.30616951185209,2.668,-1.134,1.6289
0.0123,0.238037,-0.071777,1.403564,1.70929,5.724548,17.862091,2.6964661109138843,-1.0799614880586212,0.06700701838447459,1.6387907488316789,-2.4755631449419955,121.53379057726164,2.667,-1.13,1.6305
0.0121,0.121094,0.184326,1.428467,2.0755,-1.935364,10.049591,2.6941626261110647,-1.0754525449444283,0.06734281222770744,1.7409705123660157,-2.547815087805458,121.60503048293913,2.667,-1.126,1.6337
0.0117,0.185303,0.049316,1.292725,1.922913,-2.60675,21.646271,2.6915549850578566,-1.0710447962627643,0.0679259029384922,1.7656522002123491,-2.6752446646658186,121.83816894907092,2.667,-1.12,1.6386
0.0125,-0.192871,-0.095459,1.181396,1.648254,-0.775696,25.399933,2.688820754928853,-1.0673363326171568,0.06762972845260586,1.695735509775568,-2.55532012044905,122.21719035472809,2.667,-1.116,1.6386
0.012,-0.177246,-0.061279,0.829346,0.793762,-9.473206,35.226593,2.686112051502386,-1.0636681629108167,0.06717932172298316,1.6185892164680131,-2.5103915146250486,122.69954206325795,2.666,-1.11,1.6499
0.012,-0.337402,-0.139893,1.108643,0.702209,13.170837,26.895294,2.6830442953171945,-1.0602917115690838,0.06650089000724389,1.5110509536945567,-2.133032602394653,123.11415696256505,2.666,-1.105,1.6548
0.0121,0.503418,0.330322,0.955322,-0.335388,0.994324,18.625031,2.6811034208398885,-1.055068100840712,0.0678293653069608,1.6935155066082923,-2.4284642915390733,123.21296085884265,2.665,-1.102,1.6564
0.0114,-0.032471,0.101074,1.206055,-1.434021,-2.911926,23.935089,2.6783347421597687,-1.0507004296005793,0.06784737229684867,1.7149117970382926,-2.432948511787828,123.47086976286624,2.665,-1.096,1.6613
0.0125,-0.841309,0.067139,1.428467,-0.304871,11.461853,26.498566,2.6752667800105496,-1.0469302302680135,0.06641129385903104,1.7139154446473952,-1.9261123836344691,123.84932354322676,2.664,-1.091,1.6661
0.0124,0.10791,0.182617,1.238037,0.519104,3.039001,22.195587,2.672418611793652,-1.0429026116676958,0.06673547317980959,1.80641830450933,-1.9509335647309831,124.10665209414476,2.664,-1.085,1.671
0.0117,0.25708,0.255371,1.10376,1.922913,2.215027,5.838165,2.669337934666769,-1.0386082125317346,0.06747387985877243,1.974100301346134,-2.080662151797053,124.14209120016008,2.663,-1.081,1.671
0.0122,-0.237793,0.002686,1.666504,1.221008,1.54364,9.897003,2.666469314031133,-1.0341553755406103,0.06713178421669237,1.967595837758404,-1.9441855976929683,124.26416222186036,2.663,-1.077,1.6726
0.0113,-0.323975,-0.083496,1.348877,3.174133,-1.508118,21.798859,2.6641284989910354,-1.0302789849410507,0.06649156578146113,1.932603434850337,-1.7830618878084064,124.51751151534567,2.662,-1.071,1.6726
0.012,-0.458984,-0.015869,1.047852,-2.502136,3.374695,35.806427,2.661354957920215,-1.0265252966128253,0.06528304717914973,1.8648450282903846,-1.4566732607295456,124.95645271057317,2.662,-1.067,1.6742
0.0122,-0.326904,-0.073486,0.531738,-6.042175,5.32782,38.583527,2.6582217204481147,-1.022201804570589,0.06380425026773072,1.6863383894993769,-1.0401511135010764,125.43015750124336,2.661,-1.06,1.658
0.0124,0.16748,-0.009033,0.163818,-7.384949,-14.783264,22.378693,2.6566577719287614,-1.016732055436644,0.06616571478334159,1.568438219563214,-1.7126461147624832,125.64970788588181,2.661,-1.056,1.6451
0.0115,0.899658,0.540039,1.828857,-2.349548,11.461853,3.976593,2.65470165715038,-1.0139303374470565,0.06748333368555381,1.7094756573581744,-1.8745718733407264,125.67655406625325,2.661,-1.053,1.6467
0.0122,0.323242,0.012207,2.458008,2.807922,-16.156555,6.326447,2.652923906090982,-1.0115220500446187,0.06797509507126151,1.7286019617063921,-2.1560978987368333,125.74990988261465,2.66,-1.049,1.6467
0.0121,0.0979,0.166504,0.716797,5.73761,1.757263,5.868683,2.649145114968565,-1.0067063951965396,0.06849086215871977,1.949049507825656,-2.2282809318007044,125.79207312170522,2.66,-1.045,1.6354
0.0122,-0.453125,-0.155762,1.572754,3.662415,11.431335,16.36673,2.646101994390091,-1.0015272648663125,0.06776371867652858,1.8981242993528398,-1.8766660526737282,125.99804596109132,2.66,-1.037,1.6111
0.0112,-0.16748,-0.122314,1.459961,0.427551,-3.339172,9.164581,2.6441909445050915,-0.9983290890364548,0.06749056790161297,1.8195472150800327,-1.8194919691537474,126.10426156567549,2.66,-1.033,1.5997
0.0124,0.520508,0.137207,0.592285,-1.311951,-4.193665,-6.887665,2.641534929623478,-0.9951146071403323,0.06959101956279694,1.9112433796647645,-2.2979875186059373,126.0053127597956,2.66,-1.03,1.5933
0.0121,0.438965,0.250977,1.501221,0.335999,-4.010559,-9.176483,2.6384794351044856,-0.9914537968077294,0.07059334144918722,2.0204391127793464,-2.530733954036806,125.87051571379178,2.659,-1.025,1.5884
0.0121,-0.03125,0.085449,1.542969,1.770325,2.001404,-6.765594,2.6357554412208835,-0.9873285256955044,0.07062427017968588,2.068755520714214,-2.469483315600172,125.7755569756958,2.659,-1.021,1.5738
0.0124,-0.13623,0.012451,1.073242,-1.678162,2.459167,-2.523651,2.6325664834483664,-0.9821793396885452,0.07035163139016634,2.040305814077865,-2.3274336338036608,125.73493511457174,2.659,-1.014,1.5431
0.0112,-0.141113,-0.021484,1.119629,4.303284,2.855896,-9.664764,2.6297774019224547,-0.9777195727134834,0.07005619738426798,2.060033992150688,-2.183083658723234,125.62559391677827,2.66,-1.009,1.5285
0.0121,0.173584,0.112305,1.504883,4.059143,1.757263,-12.014618,2.627081295829828,-0.9743026082432276,0.07054803699932068,2.1512870594881988,-2.228211829213561,125.47859016912427,2.66,-1.005,1.5285
0.0122,-0.066406,-0.133545,1.447998,-5.462341,-3.644348,6.082306,2.624902436698073,-0.9710511413034799,0.0705268479774482,1.9928996300369497,-2.2253686271383235,125.57184867877383,2.66,-1.0,1.5269
0.0115,0.35791,0.049072,1.206787,4.028625,-2.942444,-7.95578,2.6220332006091227,-0.9677994663787731,0.07167350374554604,2.0545929680538104,-2.4527708286720147,125.48863035406134,2.66,-0.996,1.5237
0.0124,0.322998,0.069336,1.240234,1.587219,0.933289,6.814728,2.6189058449211573,-0.9641499151982291,0.07272372552685488,2.0931675149335307,-2.6158122505598356,125.57697726927819,2.66,-0.99,1.5285
0.0121,0.004395,-0.407227,1.298096,-0.94574,3.618835,1.809845,2.6156161555319244,-0.9614038503603177,0.07306054126547956,1.840026330233722,-2.5595559629344966,125.7180193873364,2.661,-0.986,1.5237
0.0122,0.341553,0.290771,1.363281,2.624817,4.809021,-4.1716,2.612984693831256,-0.9565422294616631,0.07399655089351687,2.00852494000996,-2.657722851619989,125.59461768706008,2.661,-0.982,1.5253
0.0123,-0.092041,-0.173828,1.325928,3.448792,-2.423645,5.594025,2.6093630271351875,-0.9525187417446598,0.07398815984658193,1.9305474809346652,-2.6192387623262263,125.72829518022678,2.661,-0.975,1.5253
0.0112,0.239258,0.083496,1.11084,1.617737,2.184509,-3.317108,2.606428847519898,-0.9481244005321678,0.07492342336223967,1.9889479005869175,-2.734135444216287,125.66433389031738,2.661,-0.97,1.5253
0.0122,0.024902,-0.00293,1.323975,-4.058533,2.42865,6.78421,2.6030253188317753,-0.9436277421643018,0.07518277641377395,1.916283373225028,-2.7022153006217344,125.75995400033923,2.662,-0.964,1.5269
0.0122,-0.097412,-0.101562,1.138428,4.638977,-4.712463,2.115021,2.5993751205963336,-0.9394816011791112,0.07508291907098986,1.886846168947639,-2.6777873347135484,125.83787981966853,2.662,-0.959,1.5269
0.0115,0.178467,0.141357,1.387207,29.785461,-113.049866,8.828888,2.5960022048566946,-0.9350300395414856,0.07561395613731887,2.2821044675452122,-4.043108921369266,125.85649190071742,2.662,-0.955,1.5269
0.0127,1.644287,-3.418701,3.999878,33.386536,-29.065491,17.465363,2.591396083368248,-0.9333211320115169,0.07726224783883143,2.256367259467991,-4.594938978057556,126.3137591391763,2.662,-0.947,1.5237
0.0113,-0.268799,-0.333252,-2.303711,26.15387,-53.845764,18.960724,2.590371125327203,-0.9292535644518107,0.07761160212352738,2.45533795073161,-5.185035268112951,126.56401722211358,2.663,-0.943,1.5204
0.0125,-1.143066,-0.576172,-0.092041,34.027405,-18.201233,12.70462,2.5936699829780547,-0.927126835894099,0.07556082311638587,2.6002522908994243,-4.9003698646898135,127.06778192211056,2.663,-0.936,1.5156
0.0115,-0.374512,0.260498,-0.130615,34.271545,-6.329895,14.718781,2.5917899317571687,-0.9243970395827881,0.07325665869490489,3.333302090814915,-4.526794097403436,127.3392445304168,2.663,-0.932,1.5123
0.0121,-0.203857,-0.218018,1.711182,27.832336,44.573425,8.950958,2.591449895055893,-0.9200530335023206,0.07311064696654622,3.529994304668335,-3.8744660671051796,127.51442819518256,2.663,-0.928,1.5091
0.0126,-0.035645,0.056152,1.680664,22.980042,74.785828,3.671417,2.588578918883943,-0.916215794330365,0.07323969790432573,3.80127225769111,-2.897274371523501,127.63451730102614,2.664,-0.922,1.5058
0.012,0.006348,-0.073242,0.602783,-105.743103,18.999695,25.399933,2.586971894890446,-0.9120660981360293,0.07356834410503553,2.4052952172907665,-2.686322770840284,127.94122855089765,2.664,-0.917,1.5058
0.0122,-0.29541,-0.805908,1.149414,-138.91571,52.08075,19.296417,2.5832089079559917,-0.9083733837308209,0.0732894596118271,0.30752243327485546,-1.906435222744291,128.23017978016352,2.664,-0.912,1.5042
0.0113,0.30957,0.491211,1.25708,29.907532,-18.842102,-19.094696,2.58088667006562,-0.9037792360439717,0.07409194443875268,0.9052939457228539,-2.267472287586978,127.95263304803579,2.665,-0.907,1.501
0.0123,0.834717,1.596436,3.358887,54.291077,3.801941,-16.470184,2.5770289627757417,-0.8994249320920137,0.0748550833450412,1.8668412404860943,-2.355240860604238,127.70175411585937,2.665,-0.903,1.4977
0.0121,0.358154,-0.220459,1.4021,-59.966736,-10.17511,21.920929,2.5747928946687977,-0.8945954019565853,0.07608685772658039,1.009675937208214,-2.650645107365228,127.91102122024908,2.666,-0.897,1.4961
0.0122,-0.489258,-0.557129,0.123291,-39.2453,-6.543518,37.729034,2.569030297672204,-0.8936912635261721,0.07447217426355755,0.05995920288960434,-2.3463377158686396,128.5851644523419,2.666,-0.893,1.4961
0.0122,-0.309326,0.123779,1.29834,37.689514,-12.860657,22.958527,2.5641407221498365,-0.891931229580338,0.07353751851475783,0.5758094146286638,-2.3135005341379897,129.00112056756618,2.666,-0.888,1.4961
0.0118,-0.078369,0.27417,2.149902,64.789124,0.475525,12.674103,2.5600446065329163,-0.8891860845634748,0.07339023084376901,1.4185973265930485,-2.2637404859057018,129.20164998466996,2.667,-0.883,1.4945
0.0121,0.084717,-0.212402,1.190186,17.425842,32.061218,9.225616,2.558949865290183,-0.8840469037707731,0.0739644657065281,1.4788720499788364,-1.9233149980738122,129.25470837047985,2.667,-0.879,1.4929
0.0111,-0.006592,-0.744629,0.899902,-31.799011,-0.562073,7.54715,2.559475037862323,-0.8782632427172801,0.07445447706828284,0.6823245784215165,-1.9252155648085756,129.22778597896982,2.667,-0.872,1.4913
0.0125,0.802246,0.947266,0.903564,12.146301,-13.104797,-17.019501,2.558374657561589,-0.8715788469323945,0.07619540280656288,1.2316718843602894,-2.4148083949424404,128.8090352916848,2.668,-0.868,1.4913
0.0116,0.402588,0.962646,2.065186,19.958801,11.431335,-11.648407,2.5548987783062738,-0.8674635503283462,0.07678945036841683,1.7550743300352778,-2.3874841158415863,128.61628165829327,2.668,-0.864,1.4896
0.0122,0.169922,-0.087891,1.608887,-19.225769,-16.248108,15.329132,2.5524398897093024,-0.8631222568494374,0.07738888850505542,1.4580777333709363,-2.651274653288807,128.77007813802996,2.668,-0.859,1.4896
0.0123,0.033936,-0.218018,1.185059,-21.117859,13.994812,19.021759,2.549640735686565,-0.8591292826403474,0.07777556138256564,1.0416745037989976,-2.49040880907045,129.01506705725444,2.669,-0.855,1.4864
0.0114,-0.03418,0.203613,1.161377,3.937073,7.738708,10.995636,2.5461329902497942,-0.8558638250979017,0.07766015600287572,1.2036784456885214,-2.3674003936779533,129.1561189713317,2.669,-0.848,1.4864
0.0123,0.016846,0.102783,1.934082,-4.729919,4.595398,5.563507,2.542701523202037,-0.8519643924447087,0.0777805445759939,1.1731509529670678,-2.3006814684888117,129.2304968258709,2.67,-0.844,1.488
0.012,0.056885,-0.283691,1.225586,-14.190369,4.931091,2.75589,2.5398534952519625,-0.8476950506641191,0.07825690509720097,0.824931100218285,-2.263018800883772,129.2607256272816,2.67,-0.84,1.4896
0.0122,0.009033,-0.131592,1.294678,6.195374,0.811218,0.436554,2.5368024572236596,-0.844032734696271,0.07846072414863543,0.8166676522927863,-2.2440179196940697,129.27585471071666,2.671,-0.834,1.4913
0.0125,-0.033203,0.073486,1.498779,8.972473,-0.043274,0.528107,2.533148581234609,-0.8404243042225775,0.07844163601494339,0.9587443337010797,-2.2117759095021134,129.30237015998793,2.671,-0.83,1.4896
0.0115,-0.082031,-0.030518,1.14917,-5.431824,-3.064514,-0.723114,2.5294450451271024,-0.8373914502851775,0.0782404669939138,0.8702466390190091,-2.1787674342548375,129.3362244678523,2.671,-0.823,1.488
0.0122,-0.000732,-0.060791,1.372803,-6.74408,4.595398,1.809845,2.5261825113384826,-0.8336140577413846,0.07837681985460665,0.7477274629822119,-2.108815228786595,129.3672392867293,2.672,-0.819,1.488
0.0122,-0.085938,0.045166,1.354248,4.150696,-8.374573,-4.415741,2.5221907756366027,-0.8303485774374356,0.07816921968099995,0.8202891333644249,-2.14695522181964,129.3532790123159,2.672,-0.815,1.4864
0.0114,-0.013672,0.099365,1.312988,2.258606,1.177429,-0.784149,2.5188342912046395,-0.8270675150169365,0.07817422675852144,0.8978917493944839,-2.1117967343052086,129.36155357331805,2.673,-0.809,1.4864
0.0122,-0.097656,0.073242,1.295166,-7.049255,5.541443,-0.540009,2.5148635297782085,-0.8240527145175535,0.07790110518619722,0.849511998572339,-1.9740361570165197,129.40022319059813,2.673,-0.805,1.4864
0.0264,-0.109863,0.13623,1.733398,-5.370789,1.66571,1.87088,2.5073687060716363,-0.8166761484462963,0.07783920086321958,0.7626554666779124,-1.8664684838359946,129.4915109558216,2.673,-0.799,1.4864
0.001,-0.092041,-0.040039,1.487793,2.472229,-4.559875,0.131378,2.506627981713345,-0.8168170097096155,0.07750815256490928,0.7384140399694358,-1.810240799081124,129.51790332030527,2.674,-0.795,1.4848
0.009,0.074707,0.151367,0.796143,2.106018,-6.421448,-8.169403,2.504367524153848,-0.8140070886836455,0.07791460447517636,0.8992569369390677,-1.9323762279148031,129.43688628138594,2.674,-0.791,1.4848
0.0115,0.121826,0.017578,1.289307,-4.241638,1.604675,-11.099091,2.501849438806772,-0.8098940634986339,0.07844601835263933,0.8590656334017889,-1.974004590504597,129.28361412363446,2.675,-0.785,1.4832
0.0123,0.077637,-0.140381,1.635986,-1.372986,-2.576233,-12.380829,2.499293661229403,-0.8059279169532366,0.07879421074541346,0.7742373761508997,-2.026286241117531,129.11324600150286,2.675,-0.782,1.4799
0.0122,-0.043701,0.024902,1.294678,4.8526,-2.942444,-19.613495,2.495704821738543,-0.8022784076814933,0.078730966013571,0.850929180612345,-2.019447615144269,128.89223164568364,2.676,-0.775,1.4767
0.0113,0.021973,0.046631,1.289062,2.411194,-4.285217,-16.317596,2.4926515426140567,-0.798636534061191,0.0788871653792296,0.9063963314444963,-2.065390148472526,128.70929210362854,2.676,-0.771,1.4735
0.0122,-0.004395,-0.042969,1.232178,-2.563171,6.3349,-16.134491,2.489635224454452,-0.7949055828528554,0.0789920118053354,0.8484903083708778,-1.970647401489864,128.5161053321585,2.676,-0.767,1.4686
0.0124,-0.200439,0.107178,1.328369,-0.94574,3.191589,-2.798309,2.4853208138141123,-0.792249887007751,0.07834623910407142,0.8937142717718135,-1.803467638090309,128.54570343497952,2.677,-0.761,1.4654
0.0123,-0.50415,-0.303223,1.238037,-2.105408,5.999207,22.836456,2.480940516559352,-0.7902332982457841,0.07685367875002906,0.6899431674971878,-1.452653267478868,128.90915967666527,2.677,-0.758,1.467
0.0111,-0.318848,-0.307373,1.544434,2.533264,-2.332092,22.042999,2.477897201457824,-0.787686687064584,0.07606220514862544,0.5611069749797201,-1.322270222343133,129.17785639665632,2.678,-0.752,1.4686
0.0124,0.16333,0.083984,1.395996,-0.823669,-8.954407,15.207062,2.4758948175421374,-0.7838944024902329,0.07664457942875932,0.5891819836899367,-1.5181749954153492,129.33643863605738,2.678,-0.749,1.4735
0.0122,-0.063477,-0.135986,1.094238,-5.431824,1.055359,16.855011,2.473375900383451,-0.7804099315557282,0.07651178408274567,0.41976856677454844,-1.4575497558286936,129.52982049174108,2.679,-0.746,1.4735
0.0121,0.124512,0.153809,1.432617,2.71637,-4.559875,10.110626,2.4711505203285458,-0.7775806640677936,0.07691479137696976,0.5294478057721013,-1.5722915512512061,129.65099448282314,2.679,-0.741,1.4783
0.0122,-0.202881,0.004883,1.322266,3.448792,0.139832,13.253937,2.467129858803063,-0.7756939884976973,0.0762505362242183,0.5672073978274206,-1.4463280294773264,129.8819314903208,2.679,-0.737,1.4799
0.0113,0.03833,-0.088135,1.450928,5.676575,2.947449,3.610382,2.4652392766239197,-0.7720728186988762,0.07646964629067932,0.5789348576304283,-1.4272606595410005,129.89127789586553,2.68,-0.734,1.4816
0.0121,0.180908,0.18335,1.408447,3.357239,0.902771,0.131378,2.4629047096750716,-0.768859929166343,0.07706682845040304,0.7138391577521531,-1.5066730135562598,129.88477104181277,2.68,-0.729,1.4864
0.0122,0.325928,0.085693,1.213135,-2.044373,-0.012756,-4.263153,2.461705776729309,-0.7639980663343656,0.07833449770819477,0.7373692975460643,-1.6963440466850652,129.75491140809456,2.68,-0.725,1.4864
0.0121,0.138672,0.098877,1.333252,2.289124,-3.064514,-0.662079,2.459262620762395,-0.7603301767028171,0.07886626708959146,0.8167042729279824,-1.8033943731116728,129.72733327252817,2.681,-0.719,1.4896
0.0114,0.028809,0.149658,1.133057,4.516907,-0.867249,-1.241913,2.455919592762994,-0.7572559489096108,0.07901182524109764,0.9636697481285078,-1.8234242262092053,129.73033529392808,2.681,-0.715,1.4913
0.0128,0.250244,0.248047,1.264404,1.556702,6.3349,-2.065887,2.4528598202096576,-0.752990689384162,0.07993752408371652,1.1201026411097508,-1.8771341672687047,129.68440696821273,2.682,-0.711,1.4929
0.0112,0.07251,-0.190186,1.589355,-0.884705,6.548523,8.79837,2.4508968655067616,-0.7493732213072098,0.08028339161716432,1.006155840907451,-1.829259423323103,129.7635177897163,2.682,-0.706,1.4961
0.0126,0.130859,-0.108643,1.157715,4.608459,3.893494,6.997833,2.4487817718629596,-0.7449116311967661,0.08097638335524712,0.9820575259213238,-1.859505293781405,129.81565064326875,2.682,-0.702,1.4945
0.0123,0.206055,-0.006836,1.21582,2.83844,4.503845,12.948761,2.446651968120133,-0.7401645309789915,0.08189687877771465,1.0001027760705588,-1.9259410118834344,129.9280706871532,2.683,-0.696,1.4994
0.0116,0.073242,-0.084961,1.532715,0.183411,2.764343,14.505157,2.4439595405433403,-0.7363264957491599,0.0822438608217856,0.9457399595790701,-1.9213876311850204,130.08715231180526,2.683,-0.692,1.4994
0.0115,0.106689,0.001953,1.352295,1.190491,-2.972961,16.000519,2.4411033780938576,-0.7320198036318769,0.08272937421855174,0.9470238802345422,-2.007385419616521,130.250048555375,2.683,-0.687,1.5058
0.0125,0.01416,-0.023193,1.187988,5.340881,1.909851,20.639191,2.4375526034360866,-0.7278096730618534,0.08292615267260416,0.9821284588342097,-1.9859109742780507,130.5103781562525,2.684,-0.681,1.5107
0.0116,0.038574,0.038574,1.548584,8.697815,4.595398,20.608673,2.4342392972307585,-0.723843920389921,0.08313771790492017,1.0850852135594158,-1.9431888798947394,130.7473805441327,2.684,-0.677,1.5139
0.0125,-0.070557,-0.087891,1.12207,-2.227478,-4.895569,21.5242,2.4302664759004626,-0.7201078885387204,0.08299497807183577,0.9799885278936636,-1.9501273416973104,131.04317888215184,2.684,-0.67,1.5204
0.0118,0.012695,-0.077393,1.463135,-4.699402,-0.043274,18.045197,2.4269543095964576,-0.7162479818285855,0.08316751078353123,0.8692712919319245,-1.948235759883744,131.2590641437142,2.685,-0.665,1.5285
0.0125,0.074951,0.063477,1.482422,6.378479,7.403015,27.688751,2.42364317888695,-0.7120021142594004,0.08350521272381606,0.9630483505421955,-1.8883796287552963,131.5937532724915,2.685,-0.661,1.5366
0.0114,-0.131104,-0.073975,1.148193,9.430237,5.510925,34.402618,2.4194084185849523,-0.7089734072159961,0.08309457963729938,1.000676122648663,-1.735769785101089,132.0323868508977,2.685,-0.655,1.5447
0.0116,-0.102051,-0.028076,1.390625,-2.044373,-3.125549,38.339386,2.4151238910673483,-0.7055305981878348,0.08284229830090001,0.9403393700044099,-1.7125082222779433,132.50838573424178,2.685,-0.65,1.5528
0.0127,-0.051514,-0.127441,1.464355,1.007385,-6.085754,42.306671,2.4111731764249766,-0.7014202931685583,0.08283549634605704,0.8625048780257262,-1.7605988518856717,133.0559874639703,2.685,-0.643,1.5625
0.0123,-0.098633,-0.057617,1.229248,4.547424,5.632996,47.86087,2.406596980695659,-0.6977722351510293,0.08259440994068394,0.8581460867133558,-1.6299298437421237,133.6781627384347,2.685,-0.638,1.5722
0.0115,-0.126953,-0.188232,1.447998,1.007385,5.175232,59.091339,2.4031425914945976,-0.6948285110079284,0.08234229402544234,0.7457299538743253,-1.5054178445695396,134.38149782673761,2.685,-0.634,1.5836
0.0123,-0.25293,-0.121338,1.116699,0.091858,2.947449,79.477081,2.397840741098262,-0.692967412424655,0.08143336623263338,0.6372841585279924,-1.3082955097172642,135.4451505402123,2.685,-0.629,1.603
0.0116,-0.23999,-0.149414,1.416748,1.983948,0.841736,77.066193,2.392607932497802,-0.6901939275149652,0.0807890275501327,0.557022960662006,-1.1752683760104992,136.39617920788666,2.685,-0.624,1.6127
0.0124,0.211914,-0.062256,1.180664,5.035706,10.790466,82.101593,2.391921246077153,-0.6846004886517872,0.08182652603520531,0.5564370726227779,-1.1863511496938859,137.30503716152683,2.684,-0.618,1.637
0.0119,-0.445557,-0.241943,1.536133,-6.499939,-5.780579,100.167999,2.3855520780204693,-0.6831347219231627,0.08070355223204828,0.3395923459321667,-1.051692140249981,138.6025410413963,2.684,-0.613,1.6532
0.0113,-0.085205,-0.111572,0.588135,-3.143005,-7.336975,95.163116,2.381457861611127,-0.6797726421304081,0.08035791484376009,0.1456401913623614,-1.0400454676504358,139.68215051711272,2.684,-0.609,1.6678
0.0129,0.002197,0.142822,1.643066,10.681458,16.832947,107.400665,2.3768437234954543,-0.6774415745668516,0.0803258433207167,0.3273648103672156,-0.8266258778285378,141.10825606338616,2.683,-0.603,1.6953
0.0111,-0.375244,-0.155273,1.143555,0.793762,-9.41217,118.661652,2.37066254165467,-0.6772216871147536,0.07905169046974751,0.2211117240032049,-0.7052453904483434,142.54033202361492,2.682,-0.599,1.7163
0.0132,0.060547,-0.111572,0.997803,-4.363708,9.47821,90.768585,2.368725985589957,-0.6717472694297252,0.07962318597322965,0.06570299583956409,-0.6370202090472482,143.6352955388904,2.682,-0.593,1.7438
0.0113,0.657959,1.176025,2.221924,2.319641,10.36322,71.267853,2.363922287397927,-0.6707925028916764,0.08017709414047017,0.4066898049340924,-0.6999513094653859,144.52862387947982,2.681,-0.59,1.76
0.0126,0.380127,0.51001,1.084229,4.211731,26.232361,55.642853,2.3602154104401554,-0.6690828540092515,0.08104714846204612,0.7407165401829646,-0.5948693081388985,145.27793874813764,2.68,-0.586,1.7762
0.0113,-0.050049,0.369141,1.282715,-9.093933,2.215027,52.743683,2.353400746116129,-0.6688141492523202,0.08048398902922228,0.8369239026674727,-0.5506033472236721,145.98534244258164,2.679,-0.58,1.7924
0.0131,0.248779,0.101562,0.645752,1.983948,6.304382,58.114777,2.3514992044833325,-0.66546529196051,0.08204149403227937,0.9589334548535947,-0.7504712324483629,146.72260444482868,2.678,-0.576,1.8021
0.0112,-0.271973,-0.113281,1.459717,3.570862,-8.16095,76.242218,2.347199512485981,-0.6632663680469283,0.08134850770835343,0.9211745099375115,-0.7154193487005169,147.58235948872732,2.677,-0.573,1.8167
0.0116,-0.212646,-0.30249,1.232666,-1.891785,-3.24762,72.06131,2.3442747765547853,-0.6597292789994784,0.08105581567307463,0.7047479904782825,-0.6431829377616052,148.36966386369178,2.676,-0.567,1.8361
0.0123,0.197754,0.016602,1.480225,-0.854187,-1.630188,69.803009,2.3414905358331453,-0.6564914538983121,0.08175174697122924,0.6880176822368699,-0.7760535464729965,149.1945689795057,2.675,-0.563,1.8475
0.0121,-0.125977,0.093994,1.231445,3.174133,-13.715149,56.100616,2.3354913951762515,-0.6549314025767872,0.08118561626974569,0.7702237535941477,-0.8712226698139954,149.92057457131025,2.673,-0.557,1.8572
0.0123,0.065674,0.181396,1.22998,1.70929,-25.281311,47.952423,2.329806435704804,-0.6532097390019065,0.08122980707145244,0.8871756571086601,-1.226993552298695,150.54590264516534,2.672,-0.553,1.8653
0.0112,-0.007812,0.152588,1.096924,4.669495,-18.506409,55.307159,2.324294941101792,-0.6519801806071438,0.08100697314621758,1.0245278062809338,-1.433638408969534,151.20850916769274,2.67,-0.549,1.8766
0.0122,-0.245117,-0.088135,1.84668,2.96051,8.532166,53.872833,2.3198637076105126,-0.6493366538630533,0.08057050483068016,0.9995035177032624,-1.2329479712384592,151.8624046889595,2.669,-0.543,1.8863
0.0121,-0.006104,0.134277,1.525879,-0.793152,-1.660706,56.710968,2.3146423895262673,-0.6477992789120585,0.080456734356197,1.03474478842552,-1.2558530599040623,152.580491969079,2.667,-0.539,1.8928
0.0122,-0.112305,-0.018311,1.000244,-2.410583,-0.043274,56.497345,2.310459106365805,-0.645649067662766,0.08006391324968014,0.9694216638025419,-1.1809066269644855,153.26914616776415,2.665,-0.534,1.9058
0.0122,0.022217,0.130859,1.245361,8.056946,-2.301575,52.377472,2.305167724762675,-0.644488398465745,0.08001879781880339,1.1267450708233826,-1.2300621543106574,153.94748544546525,2.664,-0.53,1.9139
0.0123,0.200195,0.248291,1.160889,4.242249,-6.116272,54.696808,2.2989120927512365,-0.6441912800129825,0.08045317547887887,1.31080511889169,-1.4394049900329136,154.69220318878615,2.663,-0.527,1.9219
0.0112,-0.083252,-0.008545,1.679932,-0.365906,-4.437805,53.842316,2.2954221472521326,-0.642228171237009,0.08030893125631819,1.2759016053515901,-1.455823880904842,155.28529431669307,2.661,-0.522,1.9317
0.0122,0.079346,0.122803,1.234375,4.913635,-5.933167,51.64505,2.2902287905553136,-0.6411409835983795,0.08049227370306077,1.3844673802638923,-1.5842737084502452,155.94743588616052,2.66,-0.518,1.9365
0.0125,0.041016,0.173096,1.274414,5.066223,7.158875,48.074493,2.2841712613238965,-0.6401874448847545,0.08046585788984417,1.5226845048024737,-1.526942902172693,156.5946932708799,2.657,-0.512,1.9462
0.0114,-0.05957,0.006592,1.172119,2.319641,6.151794,42.94754,2.2804212108797897,-0.6382586079634106,0.08033152917537838,1.5275226562299384,-1.425235315844851,157.0762912642027,2.656,-0.509,1.9543
0.0122,0.17749,0.084961,1.355957,1.159973,-4.193665,37.942657,2.275396661459602,-0.6370841748054692,0.08090834437489819,1.5642941117433344,-1.5804078637934662,157.56598925022945,2.655,-0.506,1.9624
0.0123,0.062744,0.121338,1.301514,-0.030212,2.703308,36.996613,2.2700367693250088,-0.6359737778205625,0.08104180383123241,1.6092678829065705,-1.5886274845288844,158.050343544068,2.653,-0.501,1.9705
0.0113,0.044678,0.114746,1.480225,-4.211121,-1.935364,29.702911,2.2649719492456435,-0.6347411046407793,0.08111650016402713,1.5978957210383649,-1.6334994282633384,158.40579790707167,2.651,-0.497,1.9754
0.0124,0.109863,0.120361,1.178467,-5.309753,-4.163147,23.813019,2.25911172471896,-0.6338144650789431,0.08144508940707017,1.5882066479259138,-1.755543026634525,158.73755712759532,2.648,-0.491,1.9835
0.012,0.066406,0.313477,1.373535,2.594299,-0.256897,15.237579,2.252006456232138,-0.633459022340384,0.08128854849051648,1.76813960417504,-1.7891963822422778,158.9781877892187,2.647,-0.487,1.9867
0.012,0.183105,0.175781,1.526611,-1.861267,3.100037,12.094269,2.2458101456575577,-0.6328719282647487,0.08171575999266097,1.8123573483042286,-1.8357276413839942,159.17458995090277,2.645,-0.484,1.9883
0.0116,0.009277,0.006592,1.325439,-1.739197,-3.278137,12.979279,2.241691620827631,-0.6310881115232275,0.08186627498501822,1.7751669607609681,-1.8728396817279915,159.31855946069734,2.643,-0.479,1.9916
0.0123,0.053223,0.102783,0.817139,7.660217,-7.916809,10.782013,2.235418841970847,-0.6302310179761462,0.08205448267507211,1.9451239769380388,-2.0167200616301386,159.48523725919716,2.641,-0.475,1.9916
0.0122,0.018799,0.017334,1.563965,7.87384,4.32074,6.295929,2.231002238825508,-0.6283970907778864,0.0822342032327612,2.027930611297796,-1.9626992474975211,159.55968061202447,2.639,-0.469,1.9932
0.012,-0.033936,-0.067383,1.503662,7.049866,-4.041077,4.220734,2.2276431175847833,-0.626075145005771,0.0823674485531106,2.0567154806747445,-1.9824086942440142,159.58296413164945,2.637,-0.465,1.9948
0.0123,-0.18042,-0.014648,1.447754,2.83844,1.787781,-20.437469,2.224440296371193,-0.6232954604259326,0.08194522965050534,2.0730327808484454,-1.844103298470362,159.2847411906133,2.635,-0.462,1.9948
0.0113,-0.229004,0.693115,1.494141,0.213928,-2.576233,-27.212372,2.216607182390237,-0.6233636545214976,0.08058224584236401,2.3708306401397246,-1.7512523666094035,159.0273797052495,2.633,-0.456,1.9932
0.0122,-0.223877,0.461426,1.195557,-1.098328,4.656433,-29.470673,2.209646141792043,-0.622820790578823,0.0792000826312662,2.608704659580475,-1.5454618869001684,158.6947551562412,2.632,-0.453,1.99
0.0117,-0.085449,0.285889,1.470215,-4.028015,-3.766418,-36.947479,2.204160267681169,-0.6221172696949457,0.07865210491706888,2.6940008875507955,-1.518007603508622,158.28420999144458,2.63,-0.449,1.9867
0.0125,-0.011719,-0.090332,1.305908,-1.220398,-4.590393,-29.409637,2.2026504253746517,-0.6195291727063085,0.07886640688136706,2.6102646945919323,-1.5436255677570576,157.86408166585147,2.629,-0.446,1.9819
0.0124,0.023926,-0.088623,1.405273,-0.640564,-3.705383,-33.224335,2.200621523925083,-0.6172213348078113,0.07918725990930654,2.540474182159718,-1.5755964383175012,157.4160465727472,2.627,-0.443,1.977
0.0111,0.056641,-0.06543,1.067139,-0.243835,1.238464,-31.606903,2.197815973896917,-0.6151971930805913,0.0797002403320293,2.477501673598543,-1.581572628964854,157.05195562939397,2.625,-0.438,1.9754
0.0121,0.15918,-0.087646,1.147949,2.044983,1.146912,-25.3508,2.194095142967228,-0.6136103710739559,0.0806492687557762,2.4310252756138517,-1.6527255720640377,156.76196619456385,2.623,-0.435,1.9738
0.0118,0.296143,-0.187988,1.318359,-0.94574,4.717468,-23.397675,2.1913452852947173,-0.6124431364183817,0.08205275302391524,2.303409656478635,-1.7412833754332488,156.513986263424,2.622,-0.43,1.9657
0.0122,0.047852,-0.029053,1.312012,0.519104,-9.900452,-17.965546,2.187566065427364,-0.6104351375230773,0.08239369290827514,2.278430692177474,-1.8705633183901698,156.2852319685508,2.62,-0.427,1.964
0.0118,0.11084,-0.019287,1.197754,-2.441101,3.679871,-7.345428,2.1830739937855674,-0.6087408359841686,0.08302066200441022,2.219889647797977,-1.8848221601646777,156.21447808519403,2.619,-0.423,1.964
0.0128,0.008545,-0.076416,1.2771,3.113098,-2.118469,-9.664764,2.1796030160526056,-0.6062100785442609,0.08329537389203344,2.197276225938449,-1.9014753436434508,156.07027496079226,2.616,-0.417,1.9624
0.0113,0.073975,0.164795,1.249512,3.204651,-0.440002,-11.923065,2.1738871663210486,-0.6051476244552157,0.08349628444363569,2.3170747819032638,-1.9349899546991132,155.96701185779395,2.615,-0.413,1.9592
0.0127,0.150391,0.050781,1.517578,2.533264,-2.637268,-16.561737,2.1683697304639438,-0.6035076041034361,0.0840773114269639,2.3598731981018632,-2.0223517393427777,155.77924436723885,2.612,-0.408,1.9576
0.0113,0.023926,-0.023926,1.467285,0.244446,-6.055237,-16.77536,2.164756034458961,-0.6014294086860923,0.08430107851273404,2.3347848736334953,-2.081560206728828,155.57945319595765,2.611,-0.404,1.9543
0.0121,-0.048096,0.047607,1.166748,0.244446,-5.841614,-18.179169,2.1604457751219672,-0.5990492272429352,0.0841744976052806,2.3557554369422187,-2.0990293090417804,155.3433213809748,2.609,-0.4,1.9543
0.0118,-0.059814,0.060303,1.409912,9.552307,-1.019836,-9.908905,2.156332865350377,-0.5967166983608176,0.08402788504315777,2.482214078683618,-2.059763682530876,155.21198428830192,2.607,-0.394,1.9543
0.0123,-0.369141,-0.193115,1.325928,13.092346,-0.531555,1.99295,2.155951661833167,-0.5919542922608798,0.0830738455593362,2.514836634988294,-1.8568738826617655,155.13024661207453,2.605,-0.39,1.9543
0.0127,-0.333008,-0.119629,1.066895,-0.610046,6.853699,-0.540009,2.154218602396758,-0.5871840414986571,0.08193844271635899,2.405799108146718,-1.5408157946154262,155.02918154359944,2.603,-0.385,1.956
0.0112,0.016113,0.064697,0.811035,-13.518982,1.970886,-2.737274,2.149153354339957,-0.5858369791108561,0.08206890470278229,2.2970088161589644,-1.5307550712318692,155.0232653014632,2.602,-0.381,1.9543
0.0119,0.35498,0.143555,1.199951,26.825256,-14.356018,3.122101,2.143597270808861,-0.5862426834059444,0.08337227439457129,2.6775890216452725,-1.9037635664798702,155.12786053603696,2.601,-0.378,1.9527
0.0127,-0.743652,-0.078369,2.395996,43.823547,-16.919495,8.55423,2.1433545502105127,-0.5824824591600246,0.08203683902496263,3.177031837063797,-1.8865313226290634,155.1425205817585,2.599,-0.373,1.9608
0.0115,0.033447,0.164551,1.165283,22.308655,-15.607239,4.373322,2.136701677577442,-0.5814879432978889,0.08211972975756651,3.506248582127353,-2.0781161878662853,155.22303682803891,2.597,-0.37,1.964
0.0121,-0.104736,-0.017822,0.818604,-9.216003,-2.36261,13.650665,2.1335777000000262,-0.5776403981422846,0.0817288390036018,3.3413883013379833,-2.0117767444530594,155.3337712969033,2.595,-0.365,1.964
0.0122,-0.12085,-0.202881,0.883545,-1.18988,-10.602356,19.296417,2.135343626358511,-0.571856993352366,0.0815768044577327,3.1217123768933703,-2.0472430693325814,155.42511517990678,2.593,-0.359,1.9527
0.0122,0.033691,0.232178,1.950928,30.578918,1.024841,13.528595,2.130349482288085,-0.5712598278454233,0.08158019844600219,3.544846497448198,-2.041620629207379,155.6249439723581,2.592,-0.357,1.956
0.0115,-0.516113,-0.206299,1.992676,27.984924,-10.114075,16.4888,2.1322452847807405,-0.5670040289973761,0.08058479106189717,3.748395453219955,-1.967782335770158,155.7061432528966,2.59,-0.352,1.9657
0.0121,0.147217,-0.025879,0.466553,1.678772,-7.520081,23.813019,2.128213951077377,-0.5640157955798335,0.08239709345331173,3.6910825468396546,-2.3006423166169,155.95830174683263,2.588,-0.348,1.9608
0.0123,0.192871,-0.058105,0.547363,-11.047058,1.513123,31.625519,2.124101069181338,-0.5603194063405674,0.0844448391321869,3.4395223968974586,-2.545386862295641,156.30258045937867,2.586,-0.343,1.9527
0.012,0.193848,-0.008789,1.598877,14.465637,-10.510803,22.653351,2.120759298313991,-0.5581473700321351,0.08518965201352292,3.5619735394163974,-2.759078582797108,156.5496624048855,2.584,-0.338,1.9511
0.0121,-0.325684,0.076172,2.515381,26.703186,-7.27594,29.306183,2.119264966257123,-0.5567019297576756,0.08455363546416825,3.8526415244955725,-2.7474373789236908,156.8955394244199,2.583,-0.336,1.9592
0.0113,0.019287,0.047607,0.539062,21.820374,-5.26178,19.601593,2.1140995778971243,-0.5553915798747868,0.08482508581151565,4.119788271452605,-2.8404671991095176,157.1259260126983,2.581,-0.33,1.9608
0.0121,0.047119,0.038574,0.674561,15.503235,2.215027,20.639191,2.10761133278901,-0.5529140061755493,0.08541203917648574,4.299060887218352,-2.872192139726335,157.3786016075149,2.579,-0.325,1.9624
0.0121,0.07373,-0.208008,0.475586,3.662415,-21.558167,30.252228,2.111872157448357,-0.5468146202834826,0.08700183030427296,4.006244973524823,-3.2581768761991126,157.5970625995734,2.577,-0.321,1.9592
0.0124,0.310059,0.422852,2.599365,14.770813,3.893494,11.331329,2.106630354883542,-0.5464128710636915,0.08739037395409414,4.260362716028588,-3.278638109828571,157.754955955039,2.576,-0.318,1.9608
0.0121,-0.400146,-0.000732,1.000488,23.132629,-23.846985,6.509552,2.10682713282074,-0.5451113344921859,0.08572682102171589,4.4983404011681465,-3.2765292259231455,157.8423907502431,2.574,-0.315,1.9657
0.0121,-0.125977,0.138428,1.390869,18.982239,4.198669,11.178741,2.101039944093917,-0.5436166378288069,0.08537104102203301,4.749454985182089,-3.142922307747132,158.01067376910714,2.572,-0.308,1.9624
0.0116,-0.006348,-0.019531,1.058594,6.775208,-12.341858,12.490997,2.098257666333068,-0.5405567457412392,0.08562583769579268,4.759783979502521,-3.2704740474156897,158.11542735148745,2.57,-0.303,1.9592
0.0126,0.204834,-0.002686,0.97876,1.098938,-2.881409,18.075714,2.0953354860317446,-0.537887856979651,0.08683702239795453,4.7140412487328405,-3.4575283741528224,158.2920198371501,2.568,-0.3,1.9576
0.011,0.262695,0.001709,2.732666,13.916321,-5.444885,7.54715,2.0944877618046376,-0.536124993188793,0.08736056928776798,4.813847379820416,-3.565264133450319,158.34029420812328,2.567,-0.296,1.9624
0.0122,0.101074,0.103271,0.796387,23.346252,-12.372375,1.077423,2.0871685209552697,-0.5345225960268482,0.08805996807055828,5.1469804915575965,-3.7856785901529864,158.34426274934287,2.565,-0.293,1.9673
0.0124,0.122559,0.032471,1.595459,10.071106,10.424255,4.678497,2.0820262259477498,-0.5314533542386481,0.08877023766145274,5.230471016947644,-3.690161303957461,158.39501504354897,2.562,-0.286,1.9689
0.0123,0.313477,0.013916,0.485352,2.411194,-7.367493,18.197784,2.0752035315781203,-0.527796260611487,0.09158625284667743,5.225662150560912,-4.1601443081573555,158.52539460712168,2.56,-0.281,1.9673
0.0114,0.31958,0.113037,1.720459,1.343079,2.611755,10.141144,2.071554108361654,-0.5262291233132835,0.0924983266119334,5.229799249486967,-4.242181195990206,158.62014437844087,2.559,-0.279,1.9673
0.0121,-0.108154,0.050293,1.300293,11.078186,-28.516174,9.317169,2.0691650880300014,-0.5248188681976493,0.09220190850175176,5.334848101154295,-4.495083668158121,158.72261430462873,2.557,-0.274,1.9721
0.0121,0.010254,0.321289,1.637451,12.817688,11.461853,2.237091,2.0614529527466163,-0.523609813276989,0.09221853865682725,5.5781942575495655,-4.324973789328439,158.78033738688177,2.556,-0.27,1.9738
0.0123,0.067383,0.013184,1.266113,9.002991,-6.604553,0.558624,2.057681051809891,-0.5211551018277351,0.09277724434637907,5.640951964038863,-4.411024866251234,158.77239868389253,2.553,-0.264,1.9721
0.0112,-0.058105,0.02124,1.603027,-6.164246,-0.958801,5.685577,2.0558009346282904,-0.5194719760720931,0.09275625892971129,5.522139949712151,-4.3625366772835195,158.84296146065373,2.552,-0.26,1.9705
0.0122,0.447266,-0.054688,1.981689,-1.922302,-2.301575,-3.134003,2.0541811623161035,-0.5172442214669886,0.09399229396011545,5.42833855712625,-4.514152443943348,158.76153674384722,2.551,-0.258,1.9705
0.0121,0.17627,0.08252,1.248535,9.52179,-3.949524,-12.563934,2.049953910506054,-0.5154065743113277,0.0947763516221014,5.55107806336742,-4.614542655338457,158.5864033350626,2.548,-0.253,1.9721
0.012,0.077148,0.069824,0.977295,0.519104,2.276062,-5.544891,2.0444290069173445,-0.5132030286407869,0.09539636111703265,5.562493536386552,-4.604410738729315,158.51616864260666,2.547,-0.248,1.9721
0.0121,0.024658,-0.022949,0.928467,-9.978943,7.494568,-0.173798,2.041560702192153,-0.5109664217175236,0.09587240807250245,5.370234523503099,-4.500897425003459,158.52572718172325,2.544,-0.243,1.9624
0.0119,0.251953,0.35083,1.406738,-5.889587,7.830261,-5.758514,2.0338584149961103,-0.5095390426720279,0.09655840715720239,5.430885725326793,-4.490048690936334,158.44002549402967,2.543,-0.24,1.9608
0.0122,0.047607,0.284424,1.270264,-5.950623,-0.165344,0.131378,2.0270834166717413,-0.5083803564598055,0.09661581901677092,5.470281477563271,-4.480888625636937,158.43947612283563,2.542,-0.237,1.9608
0.0123,0.075195,-0.113281,1.279785,-10.223083,9.050964,-2.554169,2.025376684648816,-0.5061029589646132,0.09729026778983889,5.227671242460889,-4.377463477348281,158.42066405181592,2.539,-0.231,1.956
0.0113,0.465576,0.015869,0.717041,-19.378357,12.713074,-4.537811,2.0194942892591055,-0.5025911663686385,0.10012411815397718,4.987506156258605,-4.582505188179349,158.2993277252922,2.538,-0.227,1.9543
0.0122,0.226562,-0.049805,1.400635,-27.129822,14.055847,-3.408661,2.015718292059476,-0.500607147478042,0.10120563981143477,4.587362238137025,-4.492289070729547,158.269695866798,2.536,-0.222,1.9527
0.0123,0.178711,0.176758,1.496582,-30.975037,11.522888,-3.866425,2.0102316842847707,-0.49819072695802485,0.10187964507181009,4.256420398162582,-4.3984136142421075,158.20311513231516,2.534,-0.218,1.9511
0.0116,0.110107,0.071777,1.678223,-37.444763,24.09613,1.931915,2.005524377815233,-0.49625897968086846,0.10237278168741698,3.813964722561176,-4.134931273563922,158.24330524840565,2.532,-0.214,1.9495
0.0124,0.142334,0.080322,1.50415,-44.891052,24.828552,6.295929,2.0004657251213906,-0.49397627879878614,0.10301881703454276,3.259728746113572,-3.871663663303695,158.32673308314338,2.53,-0.207,1.9462
0.0121,0.049316,-0.049805,0.948486,-53.222351,28.032898,10.995636,1.9953298956784682,-0.4923257309812126,0.10359462795778329,2.542759511108469,-3.5547240063973096,158.49636712594827,2.528,-0.203,1.9462
0.0122,0.156738,0.033447,0.917969,-71.105652,34.105896,19.754181,1.9906611614192449,-0.4893405541562373,0.10467493410944535,1.674503544763332,-3.2547821962022527,158.7154544634673,2.526,-0.197,1.9446
0.0121,0.032471,0.009277,1.284424,-55.907898,21.9599,15.756378,1.985416572918623,-0.4873568218704102,0.10497422866388971,0.9853100576356408,-2.9905583470627186,158.9142407340016,2.524,-0.193,1.943
0.0127,0.403076,0.489014,1.979248,0.702209,-0.195862,5.77713,1.983157232149939,-0.48278033907647394,0.10585631928330873,1.1584201917625587,-3.11532034468119,158.88171113161968,2.522,-0.188,1.9462
0.0118,-0.022949,0.011475,2.895508,7.934875,-7.520081,20.211945,1.9776796217057537,-0.48101583686915306,0.10592538169834595,1.230264341132654,-3.1733943743664,159.12978330737332,2.52,-0.181,1.9495
0.0122,-0.116455,-0.468506,0.130859,-9.856873,8.074402,32.174835,1.9642372452755616,-0.4860083425090141,0.10622378744532203,0.512126942372545,-2.947970149628705,159.8170532155067,2.518,-0.177,1.9495
0.0113,-0.016113,-0.043701,0.781006,3.96759,-3.705383,11.636505,1.9585795175374558,-0.48512037142276576,0.10632221277026759,0.5060135531757584,-2.9583465864245118,159.98206242863014,2.515,-0.17,1.9495
0.0122,0.100342,-0.104004,1.920898,-4.485779,-3.674866,-9.603729,1.9531261683271293,-0.48346202219052464,0.1067713735836617,0.413089125391554,-3.016487906506025,159.87202851802067,2.514,-0.166,1.9527
0.0122,0.000977,-0.347656,1.773682,-8.514099,-6.574036,-17.477264,1.9456487842899373,-0.48326855157215926,0.10710315249509937,0.17285307329326327,-3.069419983141282,159.72565450257682,2.512,-0.162,1.9527
0.0122,0.028564,-0.072021,0.624268,8.484192,-1.263977,-21.017303,1.9396952210384448,-0.4817641206597282,0.10766680729683635,0.20526318482024372,-3.1041446363275544,159.48470625210572,2.51,-0.156,1.9527
0.0121,-0.18335,0.083984,1.249268,7.87384,9.417175,-13.601532,1.9330185027659699,-0.4816700156865409,0.1069570173621826,0.3594812801108251,-2.857026949275989,159.39376193930534,2.508,-0.152,1.9511
0.012,0.106689,0.122314,1.68335,-3.84491,-0.775696,-2.767792,1.928813748790459,-0.47892714041552553,0.10733947663738638,0.3693140882220387,-2.8917749030308464,159.3293474634783,2.505,-0.145,1.9462
0.0119,-0.032715,0.161621,1.244629,-3.600769,-2.210022,-2.065887,1.924710287102243,-0.4771062350922627,0.10716378893175657,0.42557051755563224,-2.877506475360412,159.30171492959434,2.504,-0.141,1.9462
0.0121,0.138184,0.12207,1.074463,-2.135925,10.393738,-1.577606,1.921798329503542,-0.47360540405437684,0.10787696889828044,0.4849938737213437,-2.8305854239728867,159.21895964426886,2.502,-0.137,1.9462
0.0117,0.069336,0.029541,1.081055,-1.983337,-9.747864,-1.27243,1.9173812019315755,-0.4712076647755322,0.10832167307719566,0.48203083838909233,-2.9734410766833532,159.18301531170246,2.5,-0.131,1.943
0.0121,-0.165771,-0.139404,1.614746,-5.462341,-8.374573,0.375519,1.910390537276487,-0.47104860208365906,0.10795513664656614,0.3480265303115121,-2.9719019631395738,159.25712100637884,2.498,-0.127,1.9414
0.0124,-0.04126,-0.035156,1.651855,1.739807,-1.35553,0.802765,1.9045311618428198,-0.4697711605995891,0.10795129790119623,0.35101714725062266,-2.9451572082323314,159.2936741788709,2.495,-0.12,1.9398
0.012,0.049072,-0.042236,1.056396,4.8526,-1.416565,-0.662079,1.8994333125252583,-0.46786711556458965,0.10837712781230201,0.3781920107972432,-2.977385341021055,159.28481558680014,2.494,-0.116,1.9414
0.0113,-0.078857,-0.079102,1.209717,-0.1828,2.855896,-4.995575,1.8935911499798237,-0.4674333582539795,0.1081761492289945,0.3280833027392969,-2.873496894576871,159.27767773532955,2.492,-0.112,1.9414
0.0125,-0.09082,-0.076416,1.494385,0.641174,5.694031,-10.275116,1.8875179053877666,-0.4667789907252144,0.10798909644248779,0.30212401997362476,-2.7332541720821513,159.1944049824766,2.49,-0.107,1.9398
0.0121,-0.132568,0.17627,1.41333,4.089661,4.992126,-12.74704,1.8825647489441408,-0.46611305387819735,0.107442649855705,0.4516850840364119,-2.5820475462999273,159.07808774198924,2.489,-0.103,1.9398
0.0113,-0.079346,0.082031,1.103271,-3.753357,-3.003479,-4.842987,1.8779616296523054,-0.465397794279121,0.10704766378901583,0.46733471470950816,-2.5441576208716192,159.05426663856673,2.486,-0.097,1.9365
0.0121,-0.129639,-0.065186,1.132324,-5.767517,-0.562073,-3.286591,1.8719713115261618,-0.46500068051737914,0.10655767110139508,0.3546933533416157,-2.4471940193802575,159.06452296653256,2.485,-0.093,1.9349
0.0122,0.014404,0.07251,1.502197,-4.119568,3.496765,-3.16452,1.867523495614146,-0.46343550925583926,0.10664629689525745,0.3422193325253791,-2.394269178439401,159.03169587541933,2.484,-0.09,1.9365
0.0122,-0.008789,0.006836,1.377686,-4.150085,-3.522278,-2.03537,1.8628860981878976,-0.4620294642834371,0.10667656263492073,0.2960235157972343,-2.4150230284991707,159.01682241029636,2.482,-0.085,1.9381
0.0121,-0.052002,0.033936,1.27832,-1.372986,6.823181,-4.965057,1.8580145189432191,-0.4609422220168423,0.10650850124003873,0.30213044153027313,-2.2855911167907914,158.97895204874408,2.48,-0.081,1.9381
0.0122,-0.213623,0.092529,1.70459,-1.250916,14.238953,-0.478973,1.8526225925084157,-0.4607741864474063,0.10582568028491532,0.3273508693259652,-2.0017485051887105,159.02488903667893,2.478,-0.075,1.9398
0.0113,-0.359863,-0.080078,1.51709,1.465149,25.591492,16.336212,1.8460525276784907,-0.4613568281063478,0.10464748983851628,0.2980279056240461,-1.528868545298698,159.28158087896665,2.477,-0.072,1.9398
0.0122,-0.436523,-0.223633,1.852539,9.094543,31.542419,12.307892,1.8388757016648043,-0.4614998311146705,0.10355195241113674,0.3152804243368927,-0.9668965457417011,159.48770035172427,2.476,-0.069,1.9414
0.0122,0.243652,-0.076172,1.284668,3.540344,34.960388,20.028839,1.839677111083571,-0.4579721798085256,0.10471970159669056,0.31049232465615906,-0.6865633487435745,159.64780688667975,2.474,-0.066,1.9479
0.0121,-0.052246,-0.37915,1.006592,-2.624207,19.1828,14.993439,1.8360267212889823,-0.4553715028558552,0.10485396058904783,0.0168276362233353,-0.4251433474020319,159.77120362307974,2.474,-0.064,1.9495
0.0121,0.404785,0.158936,0.804443,6.592102,-5.780579,8.706818,1.8414065124333012,-0.448903826296539,0.10709719496794089,0.2222372052781244,-0.8194671670457455,159.7030049436319,2.472,-0.061,1.9527
0.0112,0.271729,0.104004,1.097656,3.570862,18.328308,7.394562,1.842724402685889,-0.4446070276425381,0.10841662854225612,0.3305186183410137,-0.7986887936278089,159.68842292558634,2.47,-0.056,1.9543
0.0121,0.086182,0.139404,1.971191,-3.84491,23.699402,4.922638,1.8397899219025444,-0.44251643320596623,0.10866462514089183,0.3360817575106329,-0.5464434562183041,159.73134217311812,2.469,-0.052,1.956
0.012,0.082031,0.140137,1.294434,2.0755,17.260193,4.77005,1.8376975439765186,-0.4401675100960041,0.10900171274325442,0.4414502595523455,-0.3934431546152071,159.76179200597983,2.467,-0.048,1.9576
0.0127,0.031738,0.080566,1.200439,-3.84491,5.663513,0.680695,1.83387494819999,-0.4379367320644853,0.10917309853172268,0.44274633822180187,-0.3482653747043569,159.7566902535098,2.466,-0.044,1.956
0.0116,0.383301,0.002441,1.106689,-7.659607,13.109802,-2.004852,1.8361908631900965,-0.4332226095068445,0.11103965009851112,0.35643025765386455,-0.4469553443327014,159.6322270818145,2.464,-0.041,1.9576
0.0124,0.083984,-0.022461,1.351562,1.129456,3.740906,0.98587,1.83245642853405,-0.43084760777672043,0.11147909372799546,0.35672397082828305,-0.45274653077760885,159.62684894766963,2.462,-0.034,1.9576
0.0113,0.029541,0.041748,1.366211,6.500549,-3.308655,0.253448,1.8285490251145773,-0.42872550537249915,0.11164087026912475,0.45177592437739766,-0.5101780025664024,159.61609262075535,2.46,-0.03,1.9543
0.0124,-0.035645,-0.064453,0.97876,-0.640564,-20.490051,1.535187,1.8223878868425754,-0.4275125188080228,0.11156641705576939,0.39228754210630534,-0.7398622659628329,159.65583556254833,2.458,-0.025,1.956
0.0123,0.03418,-0.009521,0.827881,3.998108,-26.04425,-2.096405,1.8174242914654826,-0.42508130107730385,0.11190799785547022,0.4329853820277879,-1.094479922471784,159.61581892745636,2.456,-0.02,1.956
0.0123,0.014893,0.043945,1.501221,7.599182,-41.913391,-12.930145,1.8120924076330662,-0.42291350156374535,0.11198770850827745,0.5496056670946894,-1.6071311486947972,159.44774121037483,2.454,-0.016,1.956
0.0111,0.033447,0.040771,0.976807,3.72345,-62.329651,-13.723602,1.8078174192436136,-0.4207766535894368,0.1122012258858503,0.6257327277221081,-2.3114011336459797,159.27465026462542,2.451,-0.009,1.9576
0.0121,-0.000732,-0.080078,1.157227,-1.647644,-21.466614,-0.631561,1.8019109860948204,-0.4194079018888891,0.11235495127734624,0.5501536052150438,-2.5534847978842796,159.28711486416924,2.45,-0.005,1.9527
0.0123,-0.325439,0.226807,3.462402,-6.408386,-6.451965,3.671417,1.7961016739735336,-0.41808334379217593,0.11185886405639238,0.515153556245424,-2.538196846826577,159.35618172098157,2.447,0.003,1.9479
0.0114,0.101074,0.522217,1.176758,-1.098328,17.717957,9.164581,1.7942548674538963,-0.4141750586325928,0.11211637723723038,0.7894525504481669,-2.3818467591155423,159.3825905565041,2.445,0.007,1.9479
0.0125,-0.013672,-0.263672,1.871826,-2.593689,20.464539,15.786896,1.78840700318984,-0.41320416351539074,0.11228486932491724,0.636994681803303,-2.107081164939894,159.61437496765814,2.444,0.01,1.9495
0.0115,-0.083984,-0.017822,0.774414,-4.241638,-3.522278,12.002716,1.7831090212629044,-0.4123843467218511,0.11180077652796737,0.5640770850131777,-2.058899266254771,159.779389238706,2.442,0.016,1.9511
0.0124,0.040527,0.080811,1.187012,1.221008,-10.510803,7.516632,1.7788674830983062,-0.4103436452370841,0.11202570943121061,0.6247129525169844,-2.2030882634069964,159.859702205368,2.44,0.019,1.9527
0.0123,-0.04541,-0.116943,1.86377,-4.333191,2.398132,9.713898,1.7734982764990739,-0.40909187466988134,0.11200996902734406,0.514892530902686,-2.1395785518503847,159.99679549397172,2.438,0.026,1.9527
0.0122,-0.094238,-0.120605,1.097412,-0.457458,3.222107,11.4534,1.7675133777013874,-0.4082978648549161,0.11171475472665536,0.41897566034352696,-2.024935169299979,160.16961749200414,2.436,0.029,1.956
0.0111,-0.071777,0.035889,1.11084,4.913635,-11.517883,7.241974,1.7628162591672627,-0.407260625054453,0.11138987957297616,0.49357518636975356,-2.0920039407977677,160.2655317979345,2.435,0.033,1.956
0.0123,-0.037354,-0.031982,1.328369,1.404114,11.644958,5.563507,1.7575105088036003,-0.40583314075517113,0.11135114206160945,0.48735361184970494,-1.9160516258835332,160.3462577422339,2.432,0.039,1.9576
0.0121,-0.107178,-0.165771,1.470703,2.746887,1.726746,7.516632,1.7517335798988491,-0.4048226565501752,0.11110845390976129,0.4294317018490458,-1.8287791134746068,160.46117402144,2.431,0.042,1.9608
0.0124,-0.067383,-0.094482,1.238525,9.582825,-4.468323,6.997833,1.7463173658369722,-0.4036790318030985,0.11094155962190809,0.4845858073267961,-1.8329327726841724,160.56557170033238,2.428,0.048,1.9592
0.0121,0.026611,0.035889,1.119141,6.592102,-0.531555,8.523712,1.7419751446246063,-0.4020222711283082,0.11113944015323823,0.5829274905075215,-1.8495265731051764,160.6658886950001,2.427,0.052,1.9592
0.0111,0.056885,-0.063477,1.463623,2.685852,-0.59259,7.699738,1.7380087880232757,-0.4003251065790956,0.11145738738863326,0.5730400688264575,-1.8751141013157828,160.74384579507284,2.425,0.056,1.9592
0.0123,0.077637,0.099121,1.234375,2.929993,-3.278137,7.089386,1.7340021200280016,-0.3983792703479285,0.11183095532838376,0.6636608934922296,-1.9534273180312167,160.81739223836615,2.423,0.061,1.9608
0.0122,-0.076172,0.011475,1.120361,-1.495056,-7.916809,7.730255,1.728825365756862,-0.3974468229290681,0.11151552424513946,0.6465079307451166,-1.98793235488915,160.93212344423813,2.422,0.064,1.9624
0.0122,0.079346,0.056396,1.2146,-2.044373,3.405212,7.913361,1.7246834867057375,-0.3955163996640113,0.11194176785947822,0.6500869878451379,-1.9863413032171537,161.01708667343527,2.419,0.07,1.964
0.0115,0.026611,0.061279,1.5,1.007385,11.12616,7.882843,1.720683017450128,-0.3941261974428982,0.11207495513139905,0.6853044696050695,-1.8612361165432927,161.10888123099554,2.418,0.074,1.9673
0.0123,0.057617,0.103516,1.622803,-2.07489,5.388855,6.78421,1.716660342314787,-0.3925662376904998,0.11228933645655564,0.7010531999775986,-1.8113744367572746,161.18892255503917,2.417,0.077,1.9689
0.0123,0.077148,-0.095703,1.177734,-3.326111,-5.26178,5.166779,1.7125405595877532,-0.3907128474211674,0.11280663588104052,0.5927645567323176,-1.916722567340629,161.2414125221735,2.415,0.082,1.9689
0.0122,0.006348,-0.060547,1.135498,1.251526,5.114197,0.558624,1.7078466138130595,-0.38922823828035874,0.11297601323571262,0.563878313368329,-1.8493539277054731,161.25156055413208,2.413,0.085,1.9689
0.0112,0.158203,0.02124,1.384033,0.915833,1.391052,1.687775,1.7046161428467825,-0.3870792696752494,0.1136772493402027,0.5818347313593133,-1.9096699524170169,161.2460003873726,2.411,0.091,1.9705
0.0125,0.030518,-0.020264,1.110352,-0.243835,-6.879211,5.105743,1.6999248831949783,-0.3853924629648957,0.11394071529131726,0.5599298340994632,-2.00677212491417,161.3068681545104,2.409,0.095,1.9705
0.0123,0.023682,0.010986,1.35498,-0.549011,5.602478,4.861603,1.6952490128944544,-0.38378010045831606,0.11412337802279822,0.5542113559774737,-1.9400304024961594,161.36662724765833,2.407,0.099,1.9705
0.0113,0.02124,-0.059814,1.527588,2.167053,7.067322,10.507355,1.6909656776131512,-0.38244538534819644,0.11429747022257061,0.5412004705741863,-1.8600076316906815,161.4890671718826,2.405,0.104,1.9721
0.0123,-0.043457,-0.051758,1.327148,-1.556091,-0.775696,7.79129,1.6858860878660087,-0.38134428230503137,0.11421635316563625,0.4864235274224273,-1.834408832001157,161.59910596214738,2.404,0.107,1.9738
0.0116,0.078125,0.0896,1.172363,-3.905945,-9.198547,3.457794,1.6820800125462352,-0.37937852528288607,0.11461005519562473,0.49619884046214885,-1.9815996232063473,161.6215681697926,2.401,0.113,1.9738
0.0121,0.0354,0.06543,1.153564,-0.823669,1.268982,4.495392,1.677580630712736,-0.37759514427112856,0.11483848898152525,0.5256315401773759,-1.979575253475613,161.66906280248404,2.4,0.117,1.9754
0.0121,0.01416,0.102051,1.557617,-1.006775,-2.393127,3.152618,1.6729658625036297,-0.37599733934656976,0.11491228024403888,0.5590311506126605,-2.0022890596990264,161.70499538786578,2.398,0.121,1.9754
0.0122,0.015381,0.001709,1.202393,-3.08197,-2.545715,5.685577,1.6634168768294304,-0.37286496717971973,0.11524968128668402,0.5176669218007546,-2.032061561367296,161.77469940410055,2.396,0.126,1.9754
0.0116,-0.047119,-0.115234,1.440186,-0.976257,9.050964,7.66922,1.6585362352458224,-0.37185193857695586,0.11519244702828971,0.43961482923562906,-1.8907518412490116,161.878646614974,2.394,0.129,1.9819
0.0122,-0.153564,-0.141846,1.499756,1.556702,4.015564,32.937775,1.6536213028078233,-0.37150081477987823,0.11472361634333213,0.3718882535999007,-1.7559155291134936,162.30992340126372,2.393,0.133,1.9964
0.0121,-0.386475,-0.093018,1.113525,3.72345,-6.299377,16.214142,1.6448317600417959,-0.37215895717739417,0.11305376343639469,0.35146856425459766,-1.5818108158343906,162.58670071155828,2.39,0.138,1.9867
0.0122,0.27417,0.069336,1.094971,2.777405,1.635193,1.107941,1.64268723370568,-0.36905347855117815,0.11447449136916897,0.43007652745085506,-1.7377185418339998,162.5451999947535,2.389,0.142,1.9851
0.0118,-0.020264,-0.030518,1.800781,3.448792,2.733826,5.746613,1.6388294813590325,-0.36809160351816034,0.11445331607952246,0.4528784590084704,-1.6858940006022227,162.6190145483547,2.387,0.146,1.9932
0.0122,-0.052246,-0.046143,0.942383,7.232971,-7.886292,8.096466,1.6336284159914338,-0.36704247437727183,0.11426749352960322,0.49902257794082855,-1.7341046286912682,162.73070565199356,2.385,0.151,1.9932
0.0122,-0.205322,-0.028076,1.406006,3.143616,0.445007,4.007111,1.627133657127973,-0.3667277960778948,0.1135310244425552,0.5179265205272747,-1.6090168836902847,162.8197839214988,2.383,0.154,1.99
0.0121,0.134277,-0.111084,1.551025,0.488586,6.060242,3.488312,1.6237623827457894,-0.36443825776526656,0.11415579410086645,0.4653399482016041,-1.5932242605368665,162.8332866308344,2.381,0.159,1.9932
0.0111,0.006104,-0.047607,1.341797,2.685852,-0.256897,1.99295,1.619966386699308,-0.36319111919771646,0.11426269363926166,0.46498203242518427,-1.591613436612752,162.85348733586082,2.379,0.163,1.9948
0.0128,-0.000977,0.001953,1.231934,-2.898865,1.66571,9.073029,1.6148703306922934,-0.3617490272757328,0.11434888483092234,0.42437648216087764,-1.563442055479366,162.97285797908089,2.377,0.169,1.9932
0.0121,-0.10083,-0.008789,1.271729,-0.304871,0.445007,4.739532,1.6092271483850131,-0.3611278174678832,0.11397208088309854,0.41236463009468477,-1.4905706118894255,163.0559369080347,2.375,0.172,1.9948
0.0121,-0.020996,0.075439,1.390869,0.641174,-4.773499,10.965118,1.6044527723649036,-0.360264622348003,0.11389954949891608,0.45629857488131864,-1.5297564138166846,163.20254785835874,2.374,0.176,1.998
0.0118,-0.001709,-0.003906,1.034424,3.509827,-2.728821,7.699738,1.5997891963246997,-0.35892525939706105,0.11398276548780835,0.4906990350264864,-1.5561676195797194,163.29471898749446,2.371,0.181,1.998
0.0119,0.120361,0.008789,1.310547,-0.030212,4.992126,7.943878,1.596259380104132,-0.35690086439798535,0.11458415648233262,0.49054668942773333,-1.5605311009877716,163.3675876136746,2.37,0.184,1.9997
0.012,-0.162354,-0.156982,1.510254,2.807922,-4.437805,5.166779,1.5908914969775665,-0.3561798066188019,0.1141112963652352,0.44131642188217096,-1.5241142507706935,163.44958489833618,2.367,0.19,2.0013
0.0116,0.085205,0.162598,1.203613,7.934875,1.268982,1.168976,1.5866607671823258,-0.3549245978862944,0.11448597701958382,0.6315974924378057,-1.5563760890316805,163.46372805133717,2.365,0.194,2.0029
0.012,0.110107,-0.006592,1.133057,2.777405,3.588318,5.349884,1.5830651956891713,-0.352797887218942,0.1151422586141344,0.6550725637582705,-1.5821087113328711,163.50419231441504,2.364,0.197,2.0029
0.0124,-0.041504,0.013184,1.525146,3.113098,-1.569153,-3.225555,1.5780005290109047,-0.3517468689755657,0.1150456588914834,0.6965365637053199,-1.571011993500398,163.47432062624986,2.361,0.202,2.0029
0.0122,0.079102,0.081055,1.558105,1.95343,0.780701,-2.004852,1.5735048216784828,-0.35020247334036053,0.11537169807379839,0.7554326691277584,-1.5909283212587915,163.44482638003296,2.36,0.206,2.0029
0.0113,-0.056885,-0.029785,1.227295,-0.915222,-1.813293,4.007111,1.5689297289685586,-0.3492884082422745,0.1151888810800811,0.7205198238379803,-1.5690896089893698,163.50035392901034,2.357,0.211,2.0013
0.013,-0.029297,0.013916,1.163574,2.0755,-3.095032,1.291046,1.5637956837530065,-0.3481604818796403,0.11512072425123426,0.7515211612831695,-1.5832335874758294,163.52564207474626,2.355,0.215,2.0029
0.0112,-0.04541,0.020752,1.282471,4.150696,-5.078674,-0.082245,1.5589809830895296,-0.34726222162814246,0.11497009182857934,0.804936558901774,-1.604789606513005,163.53605742694907,2.354,0.219,2.0029
0.0126,0.068604,0.010254,1.282227,-0.365906,-5.750061,1.077423,1.5544382465837594,-0.34550471835845503,0.11535872592600563,0.8005336037071954,-1.7096986736005013,163.53889389755167,2.351,0.224,2.0029
0.0112,-0.01001,-0.045166,1.305908,-2.166443,-0.073792,-2.27951,1.5500984415040644,-0.34418520919101014,0.11541197406176432,0.7452944312656037,-1.6952727014901785,163.51302616920862,2.35,0.227,2.0029
0.0121,-0.026367,0.02832,1.564697,0.94635,5.419373,-2.004852,1.5452004252718934,-0.34310580655020256,0.1153727485427957,0.765681757635039,-1.6067787129460784,163.49808851995996,2.347,0.233,2.0029
0.0117,-0.041748,0.010254,1.50415,2.106018,6.731628,3.122101,1.5406916196501677,-0.34216752430596853,0.11526867186890474,0.7886938852623504,-1.498936281718694,163.54471420459697,2.345,0.237,2.0029
0.0121,-0.036865,-0.010254,1.139404,-2.105408,-3.278137,-0.631561,1.5360238886432607,-0.3411017638670804,0.11516416186669776,0.7517885095447874,-1.5077289097978848,163.54373604122816,2.344,0.24,2.0029
0.0123,0.053711,0.085938,1.04834,-3.143005,1.818298,-1.699677,1.531422689249626,-0.33979883557371576,0.11549819733514016,0.7717717643064508,-1.5193074985703776,163.52433010325691,2.342,0.245,2.0029
0.0121,0.058838,0.040527,1.448486,0.854797,0.41449,-0.26535,1.526969456055518,-0.33833032676951114,0.11578773520293752,0.79787369931238,-1.5373410943276613,163.51774016370226,2.34,0.248,2.0029
0.0125,-0.016846,0.002197,1.425293,1.892395,-4.346252,-0.875702,1.522065056199099,-0.3370445924381541,0.11579028631818115,0.8169935147322761,-1.5738614963216744,163.50980323920086,2.337,0.254,2.0013
0.012,-0.032471,-0.063477,1.415039,0.885315,0.048279,-1.302948,1.5173623079578935,-0.3356238897597882,0.11576399621245027,0.7877030557298387,-1.5472328027241362,163.4939325693277,2.336,0.258,2.0013
0.0112,0.075195,0.010254,1.18042,2.044983,3.649353,-0.692596,1.5135761670098202,-0.33398037488086607,0.11620831209813615,0.8120184916125484,-1.5487502326438105,163.47508124798895,2.334,0.262,2.0013
0.0121,-0.008301,-0.047363,1.433105,0.580139,3.5578,-0.753632,1.5090913464950773,-0.33256374419427437,0.11627137961849446,0.7880141586766041,-1.4934594049029934,163.46495703880672,2.332,0.267,1.9997
0.0124,0.014404,0.016113,1.391113,2.0755,-4.407288,-4.293671,1.5043925818546933,-0.33119197888521934,0.11639595413053365,0.8181335017769246,-1.547343553176645,163.41142086195782,2.33,0.27,2.0013
0.0121,-0.020752,-0.060791,1.361084,3.753967,-6.116272,-3.530731,1.4997256303656823,-0.3297356893957069,0.11640991978565339,0.8243070218174268,-1.6006164101609661,163.36690894913716,2.327,0.276,1.9997
0.012,0.047119,-0.015869,1.436279,-3.84491,2.276062,-3.713837,1.4953590218236474,-0.3280938323445605,0.11668488037011375,0.765336961949302,-1.5893439059199432,163.31524673113074,2.326,0.28,1.9997
0.0121,0.055176,-0.032227,1.309082,-0.854187,-4.742981,-1.119843,1.4912038753446752,-0.3263474248867274,0.11701897979633408,0.7314995774037687,-1.670343143577885,163.2898294787697,2.324,0.283,1.998
0.0116,-0.065918,0.032715,1.473145,3.84552,1.268982,-1.638641,1.4861593873704504,-0.3255221416959871,0.11681116100674349,0.7879978844332594,-1.6116533237657942,163.2866395101888,2.322,0.289,1.998
0.0122,0.061768,0.005859,1.52417,-0.640564,0.445007,1.687775,1.4818546199542344,-0.3239113050206574,0.11711409563770939,0.7767737708316456,-1.6282225725737305,163.30009981541292,2.32,0.292,1.9964
0.0124,-0.009766,-0.111572,0.973633,-0.304871,-1.660706,1.657257,1.4773878284764559,-0.322074387675534,0.11723310327993312,0.681278003851542,-1.6361999994404817,163.31081757363083,2.317,0.298,1.9964
0.0111,0.089111,0.022949,1.380127,5.462952,-0.806213,-1.058807,1.4734733641396431,-0.3203346154763505,0.11766630119016114,0.7497733339872436,-1.6853116827943415,163.2856843706067,2.316,0.302,1.9964
0.0121,-0.018066,-0.036133,1.599854,2.96051,-3.125549,0.833282,1.468762941563591,-0.3190557642156059,0.11767754736196942,0.7621492186954203,-1.703829672961646,163.29909911268058,2.314,0.305,1.998
0.0123,-0.075684,-0.070801,1.17041,1.282043,-3.217102,-2.615204,1.4636372286351245,-0.31803575568153647,0.11742387791058707,0.7279187191858776,-1.6853916703131062,163.28006213759303,2.311,0.311,1.9964
0.0123,0.101318,0.066406,1.130615,2.472229,3.374695,-2.706757,1.459525690093249,-0.31612774464566096,0.11800164636059322,0.7989541460046828,-1.7042613605751935,163.2306574647791,2.31,0.315,1.998
0.0115,-0.005371,0.057129,1.35376,2.991028,2.489685,-7.83371,1.4548050278998474,-0.31507656788802585,0.118026237925451,0.862157420642843,-1.662247396338088,163.1487007964139,2.308,0.318,1.9964
0.0122,0.180176,0.171631,1.574463,-0.396423,8.104919,-6.338348,1.4506054051492707,-0.3131920329632307,0.11870252626338193,0.934377501541333,-1.6389073560959273,163.05710746124245,2.306,0.323,1.9964
0.0123,-0.06543,-0.052246,1.515869,0.732727,1.055359,-1.15036,1.4456707441903138,-0.31205814397626813,0.11854066593381023,0.9100539918099885,-1.5833401254982131,163.05248774181538,2.304,0.327,1.9964
0.0115,0.045898,0.015137,1.023926,2.563782,-4.926086,-2.645721,1.4415263002250651,-0.3104406604408273,0.11888231363938133,0.9454076391153248,-1.6677317684678972,163.01298382634448,2.301,0.333,1.9948
0.0121,-0.019775,-0.039062,1.138672,0.030823,-0.684143,-2.15744,1.436839395051951,-0.30909599541931815,0.11888813931841864,0.9136756470266422,-1.654911581978801,162.989863212297,2.3,0.337,1.9932
0.0122,-0.016846,-0.032715,1.417725,3.113098,-1.569153,-2.065887,1.4321280638936913,-0.30775690429466035,0.11890435505417413,0.9273987413503519,-1.6551927677429814,162.96757134775237,2.298,0.34,1.9932
0.0122,0.021973,0.008545,1.481201,2.777405,-1.416565,-0.936737,1.4274588369635344,-0.30628176545325675,0.1190613059709016,0.9584476771879048,-1.6739060668748582,162.95496075794858,2.296,0.345,1.9932
0.0123,-0.064453,-0.013672,1.2771,-3.783875,3.405212,-3.195038,1.4223087315781895,-0.30528485439405534,0.11885567362388924,0.8981833570675193,-1.5847131135020216,162.92989791734794,2.294,0.349,1.9932
0.0111,0.08374,0.112305,1.168213,-0.335388,2.733826,-5.514374,1.4182076982340788,-0.3038084532625187,0.11930212725449686,0.9623519478912191,-1.601028098687985,162.86247812281803,2.292,0.355,1.9932
0.0122,0.003662,0.094971,1.661133,5.249329,-1.172424,-5.422821,1.4131647630644162,-0.30259119144043617,0.11935345836519179,1.0632901712399925,-1.605858637901472,162.80225570522694,2.29,0.359,1.9932
0.0126,0.041504,-0.004395,1.311035,-0.1828,-11.884094,-0.967255,1.4084932532152619,-0.3009006578953459,0.11961623470773027,1.0505585475369421,-1.7699704399527396,162.78220260915518,2.288,0.362,1.99
0.0113,0.007812,-0.10498,0.967285,1.983948,6.914734,-1.669159,1.4045903127249253,-0.29911609359345953,0.11982209603222917,0.9839835683206983,-1.692024273623244,162.755709913964,2.286,0.367,1.99
0.0123,-0.007324,0.055176,1.813232,6.256409,0.963806,-6.857147,1.3996526420716622,-0.297876314525844,0.11984779934215675,1.0775719377240094,-1.6643394677661674,162.6775006637656,2.284,0.371,1.99
0.0116,-0.131348,-0.028076,1.299561,0.641174,-1.172424,-2.523651,1.3945536702932015,-0.29729101041703954,0.11933637602118333,1.0610734768097951,-1.5920226926318177,162.6715745282323,2.282,0.377,1.99
0.0126,-0.025635,-0.098389,1.124023,3.72345,-4.49884,-4.1716,1.3900620680155231,-0.2955764557946668,0.11933549122357846,1.034679426924407,-1.6235451498064963,162.61425660796553,2.28,0.381,1.99
0.0114,0.051514,0.006104,1.290771,4.364319,-4.315735,-3.744354,1.3860297106738886,-0.29392458037880353,0.11963596095240346,1.080776327769764,-1.6938457329288596,162.5620563895677,2.279,0.384,1.99
0.0121,-0.01416,0.020752,1.428223,0.183411,-1.59967,-4.293671,1.3811251852542608,-0.2926765836258392,0.11964519502556618,1.0868967868290575,-1.6947648500812074,162.51626609717684,2.276,0.389,1.9883
0.0122,0.058594,0.015625,1.238281,-2.257996,-2.148987,-2.554169,1.3768116678202778,-0.2909103736313439,0.11999863933106718,1.0617708892688107,-1.7477832978871009,162.47525143416746,2.275,0.393,1.99
0.0119,-0.033203,-0.029297,1.454834,-0.884705,4.137634,-1.577606,1.372204604017789,-0.289679249660453,0.11994463922487844,1.0279536224983503,-1.6709489071816943,162.4635327943881,2.272,0.399,1.9883
0.0123,0.033203,0.057373,1.407959,-3.173523,4.778503,-2.584686,1.3676399883455237,-0.28828808915896426,0.12014143588818814,1.013128689885959,-1.6208912115674305,162.43301255411106,2.27,0.403,1.99
0.0119,0.034424,0.012939,1.312744,-6.225281,-0.440002,1.168976,1.363469087089389,-0.28679240677130025,0.12035991323689077,0.9391454303275187,-1.638146122590642,162.44292894489357,2.269,0.406,1.99
0.0124,-0.051025,0.056885,1.304688,1.373596,-0.989319,-3.591766,1.3581222449813473,-0.28587751797730027,0.12019212838488635,0.9835581771267999,-1.6113017033331434,162.41450718407668,2.267,0.411,1.9867
0.0125,0.086182,0.075684,1.40332,0.976868,-5.963684,-0.204315,1.3535052957726372,-0.28417803652187684,0.12060315242478602,1.0290851591172778,-1.7230487345175798,162.40403503558662,2.265,0.415,1.9883
0.0112,-0.058594,-0.192627,1.168701,1.83136,-5.933167,-0.601044,1.3494523056535117,-0.2824633373085976,0.12045906232095445,0.9189371029701563,-1.7434481857556452,162.39258676129649,2.262,0.421,1.99
0.0114,0.06665,-0.073242,1.523438,8.056946,1.42157,-1.669159,1.3453641939597563,-0.28039875850067086,0.12080918016457223,0.9666366478718923,-1.7498925564190653,162.35858830177253,2.261,0.425,1.9916
0.0124,0.009033,-0.13208,1.237793,1.556702,0.902771,-3.500214,1.3403724387509603,-0.27813880472321134,0.12100832308834328,0.8991400721660443,-1.7348929285331627,162.30435651161798,2.259,0.429,1.9932
0.0126,0.105225,-0.033691,1.056152,2.685852,-1.050354,-12.808075,1.3357853467481713,-0.27512998139905753,0.1217327658075858,0.9074012959928377,-1.8138184773355326,162.10921154095715,2.256,0.435,1.9932
0.0113,0.177979,0.025879,1.407227,1.983948,1.604675,-4.141083,1.3320642309884412,-0.2723058985127625,0.1225483411839893,0.9380331098837204,-1.879813590121895,162.025674339542,2.254,0.438,1.9916
0.0126,0.039307,0.040039,1.313232,4.272766,-9.747864,-3.988495,1.3263327630085686,-0.27031418721665534,0.12282348764920857,1.0092985207727312,-2.012437260817925,161.96932223571358,2.251,0.445,1.99
0.0111,0.196777,0.100098,1.147461,-3.295593,2.398132,0.009308,1.3221211827933261,-0.26703390938804406,0.12389930694773997,1.0303050094803048,-2.1020865864586917,161.92265925862316,2.249,0.45,1.99
0.0124,0.049805,-0.084717,1.566895,-5.737,-1.233459,-3.347626,1.3165412353149784,-0.2650074215512574,0.12421919873703667,0.9118625621844354,-2.1262219523273433,161.87882849867384,2.247,0.454,1.9883
0.0121,0.208252,0.228271,0.95459,-4.119568,3.771423,-2.126923,1.3113385468970207,-0.26080718228549393,0.12553324125433263,1.0258808272188602,-2.2241504640669216,161.78823118657817,2.244,0.461,1.9883
0.0123,0.345947,0.080078,1.653809,-4.211121,1.42157,-1.058807,1.3061399595606116,-0.2571353826197715,0.12686782296570806,1.0025707744612118,-2.344651232837514,161.72840093761138,2.242,0.466,1.9883
0.0112,0.09668,0.053711,1.04248,-2.135925,-6.818176,-0.204315,1.3001441222993773,-0.25425338706999523,0.12757281197427925,1.0110638443636633,-2.4767624848800036,161.70156127636028,2.238,0.474,1.9883
0.0122,0.24292,-0.138428,1.233154,0.06134,-0.47052,4.037628,1.2935218392057812,-0.2512975142614247,0.12895141217121234,0.9203273989719094,-2.6114446659844974,161.73611428295249,2.236,0.48,1.9883
0.0124,0.200439,-0.027588,1.314697,7.232971,7.586121,-4.04953,1.2866812707205417,-0.24797203103814447,0.1300909683843257,0.9889408755813882,-2.6133495911261218,161.6631263217429,2.233,0.486,1.9883
0.0121,0.173584,-0.060303,1.38623,3.570862,0.628113,-1.821747,1.279800271464157,-0.2451668199650603,0.13105998616081876,0.9924184906290521,-2.680886039692992,161.63050920367556,2.23,0.494,1.9883
0.0121,0.266113,-0.063721,1.369385,1.037903,-7.855774,-3.866425,1.2726150659557482,-0.2416108660389158,0.1324545381512704,0.9654283142975864,-2.8985849629368055,161.55507700641692,2.227,0.5,1.9867
0.012,0.164062,0.015381,1.215576,0.458069,-6.055237,-4.598846,1.26504458425593,-0.23783166243026815,0.13353443523100172,0.976424838564972,-3.0503618112078374,161.46745893461366,2.223,0.51,1.9867
0.0115,0.282715,-0.033936,1.080078,-5.584412,8.104919,-2.798309,1.2581922856424717,-0.2335457395120472,0.13535834987568965,0.8856531703579471,-3.125757040782291,161.38878215218114,2.22,0.516,1.9867
0.0123,0.100342,0.035156,1.273438,-9.948425,-1.263977,-4.110565,1.2503510633820094,-0.22995520820559212,0.13612612784420744,0.7820777229367445,-3.1767155220312357,161.3146027198546,2.217,0.522,1.9867
0.0122,0.095459,0.056152,1.444092,-3.08197,-2.026917,-0.936737,1.242402216711988,-0.22627615933703404,0.1368170521409056,0.769645668623344,-3.226192257421158,161.2786557169489,2.212,0.533,1.9851
0.0121,0.31543,0.195801,1.508301,-0.274353,0.902771,-2.065887,1.2357572930450582,-0.2199115300215723,0.1383557304519676,0.8576355580689394,-3.342021085345408,161.15336840211594,2.21,0.54,1.9851
0.0119,0.069336,-0.142822,0.938232,-8.636169,-12.097717,4.403839,1.2251148999073262,-0.2193694242112028,0.1392025851301086,0.6334769370649643,-3.5178021027585697,161.2758837045056,2.206,0.547,1.9851
0.0114,0.273438,-0.00415,1.247559,-8.056335,5.510925,0.253448,1.2168790902679116,-0.21480886459273732,0.1409091053948058,0.536714994721993,-3.5893374711294133,161.2340815098924,2.202,0.557,1.9867
0.0121,0.103027,0.181152,1.658936,-1.037292,11.492371,-0.875702,1.2096195786609374,-0.20942285322806856,0.1416281899979342,0.6045221660962568,-3.468509225746722,161.1573693271808,2.199,0.564,1.9851
0.0121,-0.032715,0.052002,1.638184,-7.934265,-0.317932,-2.248993,1.2010073718306824,-0.20631407359589277,0.141808622723543,0.5313664397941176,-3.4278823166060874,161.12778342721472,2.194,0.575,1.9835
0.0126,0.333252,0.061523,0.698486,-9.154968,10.11908,1.321564,1.1934345712203782,-0.19828155256771005,0.14495672734296322,0.4736784176892778,-3.5906067512172273,161.01640790730934,2.191,0.582,1.9835
0.0116,0.187256,-0.043213,0.877686,5.890198,1.024841,1.718292,1.183819768257994,-0.19509471777919365,0.14673391526440804,0.5031268248794604,-3.711115558111885,161.03449697821148,2.188,0.59,1.9835
0.0119,0.0979,-0.04126,1.541016,11.291809,7.006287,-1.608124,1.174011592635613,-0.19257706470354252,0.14753641203132067,0.6137243243850838,-3.6454424603270525,161.03471218312245,2.183,0.601,1.9819
0.0122,0.131836,-0.106689,1.453613,-3.326111,11.278748,0.8638,1.1633343374582397,-0.19095649355203126,0.14854554821009144,0.5128325823972342,-3.5476901795534483,161.091304544595,2.18,0.608,1.9819
0.0122,0.077393,-0.161377,1.179443,-3.783875,-8.588196,-2.615204,1.1512266353148946,-0.19112238837690534,0.14939193398239228,0.36284060035276183,-3.6728761809512567,161.153024091493,2.174,0.62,1.9802
0.0121,0.192383,0.088135,0.757568,7.385559,12.072205,-4.873505,1.144417304914524,-0.1825266479920395,0.15151052268594392,0.5410479347300217,-3.6873858999037354,160.9540823051822,2.171,0.628,1.9819
0.0117,0.109863,-0.03125,0.842773,0.000305,5.266785,-4.1716,1.134877151265448,-0.1796070986859862,0.15281968729486203,0.5147616518145469,-3.698937903879646,160.9124038882047,2.168,0.636,1.9802
0.0123,0.001953,-0.099854,1.15625,-6.469421,-2.393127,-3.866425,1.1233359677629104,-0.17935748328637025,0.153230517681844,0.3698603770706442,-3.7000664100233274,160.94648818045764,2.163,0.646,1.9802
0.0115,0.015137,0.091797,1.368164,4.761047,15.978455,-2.645721,1.1155569924270334,-0.17459652360637776,0.15364972435004126,0.47640472875970136,-3.496643311644583,160.87273540625395,2.16,0.654,1.9786
0.0116,-0.007324,0.158447,1.401123,2.167053,-0.897766,-2.828827,1.1085463627163776,-0.16869071115418963,0.1539126448617201,0.587481492236941,-3.475177368214795,160.76517823126588,2.155,0.666,1.9786
0.0127,-0.014893,-0.075195,1.702881,-9.399109,2.001404,-1.058807,1.0975293524426637,-0.1670178692508479,0.15421253353909298,0.4317517608421405,-3.413637101602994,160.79880094381784,2.151,0.674,1.9802
0.0118,0.015625,0.06665,0.911621,0.183411,12.774109,-6.155243,1.0896399276649764,-0.1618851887897268,0.15470658839449788,0.4937627769348896,-3.2542487673956635,160.676554195335,2.148,0.681,1.9802
0.0123,0.104492,0.093262,1.258057,-0.762634,-3.49176,-5.758514,1.0817109324927872,-0.1562124490719481,0.15563612279273628,0.5431481617503913,-3.334438596934351,160.54381070075678,2.143,0.692,1.9802
0.0113,-0.171387,-0.164795,1.370605,-10.863953,-1.843811,-4.720917,1.0702574795585627,-0.15767842451993974,0.15500919423665177,0.3303329864046071,-3.2351081314188437,160.60686431530843,2.14,0.699,1.9819
0.0128,-0.069092,-0.028564,1.099854,1.221008,-4.620911,-5.483856,1.059646781726916,-0.15573716735397444,0.1548883334176292,0.3293330180377449,-3.2220227385849056,160.57424286032838,2.135,0.711,1.9802
0.0112,-0.203857,0.015137,1.733398,2.258606,-7.794739,-1.760712,1.050525688120787,-0.15386807451942638,0.1542497720274474,0.36049419710947134,-3.1929018974627694,160.58335192835327,2.132,0.718,1.9786
0.0122,-0.071289,-0.0271,0.91626,-7.415466,10.515808,-0.906219,1.0401126701159413,-0.1520564142769371,0.1540249412874177,0.2487757276673885,-2.9858917197679085,160.6112734274738,2.128,0.726,1.9786
0.0126,-0.119629,0.047363,1.239014,4.089661,2.977966,-1.02829,1.0304687107202792,-0.14901768107948643,0.15359709329127424,0.32972476167115167,-2.853805473065393,160.60522391917561,2.124,0.736,1.977
0.0113,0.0979,0.184326,1.340332,4.97467,2.733826,-5.17868,1.0241798813535,-0.14315749825027385,0.1543749139394317,0.49107236639643254,-2.856945219925606,160.47191823547897,2.121,0.744,1.977
0.0125,-0.041016,-0.123535,1.216797,-8.208923,-2.057434,-2.462616,1.0131000548913052,-0.14223276802738039,0.15440856788428373,0.31131801981123375,-2.836143509744646,160.50211313550054,2.116,0.755,1.977
0.0122,0.006104,-0.154053,1.169434,-3.295593,-10.17511,-3.622284,1.0018271109418964,-0.14151549770076555,0.15473420057202847,0.17354038831557228,-2.942778105493209,160.52381483130648,2.113,0.763,1.977
0.0112,0.18457,0.137939,1.169189,12.298889,9.508728,-2.981415,0.995621900015757,-0.13523951259286737,0.15619390725266544,0.40063266112823165,-2.933673377064798,160.40862839751884,2.109,0.77,1.9754
0.0129,0.121582,-0.00293,1.034668,8.392639,-2.759338,-0.967255,0.9862927380187171,-0.1311861619952333,0.1574346406104697,0.5057490752008358,-3.0380409895651455,160.38133343620837,2.104,0.782,1.977
0.0117,-0.185791,-0.093994,1.899658,-3.96698,3.862976,-2.706757,0.9759839033565982,-0.13011458457019678,0.1569098912948014,0.4200942574838114,-2.8934374747300207,160.40254792133285,2.101,0.789,1.9738
0.0118,0.056396,-0.049805,1.134521,1.06842,0.445007,-4.110565,0.9666677330914075,-0.1276264586521936,0.1575741620645178,0.4002144230893723,-2.905571936296326,160.37120483764807,2.098,0.797,1.9738
0.0124,-0.003418,0.130859,1.71167,1.648254,-12.524963,-2.92038,0.9581986362512778,-0.12323957037690716,0.1577899606802721,0.4787676759526145,-3.03416767994773,160.3057923557749,2.094,0.807,1.9754
0.0113,-0.039795,-0.139648,1.190674,-2.471619,12.957214,-0.204315,0.9477675817666228,-0.12280860794744695,0.15779902685863395,0.36000789584441867,-2.8419580475525463,160.371254264616,2.091,0.814,1.9738
0.0125,-0.056885,-0.09668,1.744873,5.493469,-4.834534,-0.326385,0.9373223613288888,-0.12108254622632918,0.15778063615549712,0.38392404413128367,-2.853753176435265,160.4068754956871,2.085,0.826,1.9754
0.0116,0.012695,0.057617,1.884766,2.533264,-8.771301,1.687775,0.9288558563018634,-0.11781649746726798,0.15802649681779482,0.4333568171586819,-2.9361351614807405,160.42039310732426,2.082,0.833,1.9754
0.0122,-0.141602,-0.274658,0.504395,-11.138611,18.908142,0.74173,0.9132666898488918,-0.12372986129484399,0.15665176227774993,-0.033013682611211584,-2.5284039629100765,160.6559854403168,2.079,0.841,1.9754
0.0116,-0.062988,-0.071289,1.659668,-1.403503,-13.471008,-3.16452,0.9035401232760881,-0.12219347488813144,0.15651835658594876,-0.07792392732463334,-2.6344844890344725,160.6554740799903,2.075,0.851,1.9754
0.0124,0.01709,0.030518,1.074951,4.120178,2.398132,-0.967255,0.8946007617114142,-0.11865989863863263,0.1569180459179069,-0.0009554907312883611,-2.6004772378771666,160.63563914202317,2.072,0.858,1.9754
0.0124,-0.00415,0.04834,1.479736,5.066223,-18.658997,1.74881,0.8853686218675262,-0.11545973578103123,0.15710226327160692,0.08761313926281425,-2.808003307936771,160.65782174720704,2.067,0.87,1.9754
0.0112,0.075928,-0.054688,2.099609,8.75885,5.968689,1.230011,0.8767130234762692,-0.11268569934984034,0.15759479433932921,0.16492980035343968,-2.745627553292231,160.67725872221024,2.064,0.877,1.9754
0.0125,-0.065186,-0.351074,1.178467,6.500549,-1.843811,1.413116,0.8646060854008019,-0.1136003056088328,0.15745839944087153,0.03242173412964679,-2.7104869051348035,160.7991753296361,2.06,0.885,1.977
0.0124,-0.096436,-0.131104,0.720459,-0.518494,2.123474,-0.753632,0.852481015622066,-0.11473975432619082,0.15670831988788192,-0.1038727780803397,-2.5726048717287204,160.89408637973406,2.056,0.895,1.9754
0.0115,-0.005615,0.026367,1.572021,0.793762,3.191589,-0.936737,0.843656144431625,-0.11218330249757094,0.15687170712881746,-0.07820136185814315,-2.51399011855664,160.89238847522162,2.053,0.902,1.9738
0.0123,0.056641,0.128418,1.028076,0.030823,-3.919006,0.039825,0.8358594171489612,-0.10741404156421146,0.15757314864904678,0.020424815433843627,-2.588633556726034,160.85257214304278,2.048,0.913,1.9738
0.0115,0.085938,0.19873,1.12085,0.793762,3.954529,4.709015,0.8290832902618822,-0.10212152982909227,0.15842373214025815,0.16133180175361245,-2.584520318425483,160.8492923690535,2.045,0.921,1.9738
0.0127,-0.043701,0.030762,1.187744,-1.06781,-3.186584,6.601105,0.819084069250092,-0.09948597302411596,0.15836360117345444,0.16523888099488204,-2.579336516694637,160.94825205185163,2.042,0.928,1.9754
0.0114,-0.074707,0.047119,1.682129,4.455872,1.513123,4.281769,0.8101782264424024,-0.09744033523110439,0.15815242386013129,0.23507822966094163,-2.5084585234199004,161.01568983346786,2.038,0.938,1.977
0.0124,0.056396,-0.000488,1.605957,2.350159,-3.308655,4.678497,0.8011202023778972,-0.09416121223590528,0.1586596319152408,0.2609549374358508,-2.5571105436403614,161.07058270739373,2.035,0.945,1.977
0.0116,-0.065674,-0.123779,1.173828,0.488586,-2.332092,9.80545,0.7908428083208365,-0.09283611583942948,0.15842853232976112,0.1819567593573875,-2.5251053191931714,161.2275379347389,2.029,0.957,1.9851
0.0121,-0.037354,-0.204346,1.166748,-2.563171,7.799744,15.420685,0.7804277355169871,-0.09143145158163753,0.15843644216388378,0.01359517926067994,-2.391842456273581,161.45682313606437,2.026,0.964,1.9916
0.0125,0.099854,0.016113,1.057373,-3.509216,8.776306,14.230499,0.7724249837549124,-0.08691922793263618,0.1595067170567961,-0.022155797468232475,-2.340987860280455,161.60163981285734,2.023,0.971,1.9997
0.0112,0.019287,0.008057,1.46875,1.617737,-2.057434,34.829865,0.7637945356757806,-0.08417863632001142,0.15979476135289522,-0.013225592084110132,-2.357058748643894,161.9942797534049,2.018,0.982,2.0094
0.0123,-0.016113,-0.121582,1.51709,7.049866,-4.193665,32.083282,0.7533429749123149,-0.08199066575003809,0.15994457818230523,-0.002176977024637162,-2.3830382532508354,162.41279531500138,2.015,0.989,2.0126
0.0116,0.182861,-0.008545,1.416016,-4.85199,-9.198547,45.022736,0.7453533640555552,-0.07717467172808262,0.16127125560233924,-0.0818059869982489,-2.569089374310335,162.89355704950634,2.009,1.001,2.0272
0.0124,-0.176758,-0.380615,0.706055,-7.812195,9.905457,53.323517,0.7306394458645168,-0.08043633188440057,0.16005336514282592,-0.5326934003961694,-2.28174485799179,163.70307187899948,2.005,1.009,2.0369
0.0123,-0.092773,-0.040527,1.457031,3.998108,-8.771301,56.924591,0.7193990837115671,-0.07966452798013617,0.1597040012121848,-0.5255040070879923,-2.3172665593533734,164.45141275809928,2.001,1.016,2.0466
0.0117,-0.122803,0.098633,1.701904,7.904358,1.787781,64.706573,0.708705250888028,-0.079267870989824,0.1592055137443317,-0.4125077907799493,-2.2175917881871516,165.25600603930863,1.996,1.027,2.0612
0.0123,0.042725,-0.055664,1.468018,8.270569,11.950134,70.749054,0.6991610071673896,-0.07643230689527258,0.15971972193756678,-0.3662080899271345,-2.0733989376695394,166.12023103667434,1.992,1.034,2.0725
0.0115,-0.086914,-0.018311,0.885254,9.186096,11.980652,76.516876,0.6881241838431904,-0.07663452760962658,0.15910314916796806,-0.29986202112282606,-1.8481827445847638,167.05356063285637,1.986,1.045,2.0936
0.0125,-0.080811,-0.069824,1.470947,2.777405,0.41449,80.850372,0.6769915472681426,-0.07582777997465681,0.158846339453672,-0.3282334667032308,-1.7841106088889211,168.09727025878817,1.981,1.052,2.1065
0.0121,-0.05127,0.006348,1.651855,5.707092,-2.820374,86.374054,0.6664003367327178,-0.07491364998427467,0.1587175925179115,-0.2837654734915354,-1.776592208990841,169.16735811829935,1.977,1.059,2.1227
0.0113,-0.144775,0.008301,1.101807,9.094543,-1.569153,91.8367,0.6547330482971921,-0.07645960459925955,0.15770574219250602,-0.20189431729636215,-1.6815885159893993,170.27614260599913,1.971,1.069,2.1438
0.0126,-0.074463,0.012207,1.433594,4.364319,1.146912,97.116241,0.6433907681368338,-0.07626475519174182,0.15740007993399538,-0.17155671301765357,-1.6136318264981129,171.53294245912784,1.967,1.076,2.1583
0.0114,-0.131104,0.096436,1.700439,7.965393,-5.597473,100.320587,0.6323628236661033,-0.07744380158862513,0.15672356430251796,-0.06695150861105092,-1.6048307232843901,172.7301095586264,1.959,1.087,2.1842
0.0124,-0.067139,0.140381,0.927002,9.796448,6.45697,101.175079,0.6196341990148104,-0.07938591438161571,0.15601154438490714,0.13754946261406606,-1.4658064075658406,174.0514086485849,1.955,1.093,2.202
0.0118,-0.038818,0.17334,1.655518,1.892395,5.114197,104.501495,0.6085281118163339,-0.08029391790919839,0.15572070942064603,0.20932052079932906,-1.3824077151752079,175.32377959912108,1.95,1.1,2.2199
0.0127,-0.022949,0.049072,1.158936,-3.448181,-3.644348,107.614288,0.5977264139394698,-0.08048359750230602,0.15561464165424843,0.16618414283353175,-1.4123235867387547,176.71122503135737,1.942,1.109,2.2474
0.0114,-0.041992,0.046143,1.21167,2.991028,-0.134827,105.417023,0.5877234743736259,-0.08111953782416784,0.1553585739233115,0.20104426375134268,-1.385351962908273,177.93694275956403,1.937,1.115,2.2668
0.0123,0.106934,0.258545,1.292969,-1.495056,8.623718,105.600128,0.5765275948135689,-0.08259653834851814,0.15572688754363315,0.30087261487735617,-1.3393480908157045,179.2730747293754,1.93,1.124,2.2911
0.0116,-0.073242,0.051025,1.623779,-4.85199,-16.644836,108.34671,0.566452145362573,-0.08348849767469313,0.15533998521956013,0.23718674607145715,-1.494494465646462,-179.45015572265285,1.925,1.13,2.3105
0.0124,0.006348,0.142578,1.044678,1.06842,-3.644348,108.10257,0.5548257489712708,-0.08556606789416414,0.1551695147778129,0.31915119104249234,-1.5441035041217688,-178.0699284343697,1.919,1.135,2.3283
0.0123,0.002197,0.057861,1.631104,0.488586,10.424255,107.705841,0.5445805956883306,-0.08645628419567775,0.15523950999310604,0.31723442913450106,-1.4160385095908852,-176.73283450806974,1.911,1.144,2.3559
0.0114,-0.044189,0.078857,1.224609,-3.722839,3.222107,105.172882,0.5343944124926365,-0.088177077896913,0.15486300598599756,0.2951167865767762,-1.3524230439390814,-175.50923985830343,1.905,1.15,2.3737
0.0127,0.032959,0.056641,1.286377,-6.072693,-10.602356,104.135284,0.5238942963455783,-0.08957595373861756,0.15508600244283152,0.2197665246728078,-1.5054217225745596,-174.17477030598562,1.899,1.155,2.3899
0.0116,0.138184,0.25415,1.669189,4.944153,4.839539,99.099884,0.5133398893291665,-0.09245713594297282,0.1553826879659083,0.3609017958809574,-1.5073766568916942,-172.98557590985408,1.891,1.163,2.4125
0.0124,0.187012,0.296875,1.439697,8.850403,-3.766418,102.30423,0.5015467850173005,-0.09619311420058173,0.15586142657044574,0.5854317227435765,-1.6493012686170911,-171.6663394029035,1.886,1.168,2.4303
0.0113,0.064209,-0.121094,0.752197,1.06842,-5.139709,98.275909,0.4951497516939162,-0.09573340020127712,0.1574395844388088,0.4437143206477331,-1.7797176076698702,-170.58848451602077,1.876,1.176,2.4579
0.0123,0.176758,0.149902,1.618652,0.519104,1.604675,93.637238,0.48475013214240475,-0.09824474008479003,0.15816601131773306,0.48210772191730245,-1.8392904831043098,-169.4179294321559,1.87,1.181,2.474
0.0116,0.083008,0.184326,1.388428,7.507629,-0.623108,93.271027,0.4741983311422434,-0.10115184503341727,0.15829552804250416,0.6312508214969469,-1.8897889373905532,-168.31258470144726,1.864,1.185,2.4919
0.0123,0.155518,0.192627,1.389893,0.702209,10.912537,92.508087,0.4630651698088007,-0.10455188386709927,0.15885545314096455,0.7032718999773271,-1.8409065381657734,-167.14548978826915,1.855,1.192,2.5129
0.0124,0.093506,0.0,1.376465,1.861877,-11.090637,96.017609,0.4537514796508404,-0.10691694470181036,0.15962086940500522,0.682062540794686,-2.0321980177441046,-165.9505506135228,1.849,1.196,2.5307
0.0113,-0.113281,0.016357,0.887939,0.305481,2.825378,96.780548,0.4453142477881084,-0.10838290212267761,0.15872062962152336,0.6581087412554169,-1.9082792645947702,-164.87081746943426,1.838,1.203,2.5566
0.0126,0.138428,0.143555,1.57666,8.179016,-7.459045,93.667755,0.4344394909059263,-0.11201259746064603,0.15922412869232277,0.7844980180126664,-2.068898651900888,-163.67143670700116,1.832,1.208,2.5728
0.0116,0.087891,0.059326,1.011963,3.143616,8.043884,92.141876,0.42471066598329454,-0.11546006260093544,0.15990818880967886,0.8229632442274181,-2.046422715814811,-162.58392227717513,1.825,1.212,2.589
0.0124,-0.037598,-0.003418,1.467041,1.861877,-3.827454,90.066681,0.41580843866378125,-0.11794534816512459,0.15994190337366082,0.7977756351926835,-2.0759182764259583,-161.47545076984343,1.816,1.217,2.61
0.0113,0.05127,0.035889,0.617188,4.486389,5.755066,89.5784,0.4063351333028288,-0.12170335526391977,0.16062927735324742,0.8536430584195063,-2.085109327654036,-160.44388602305335,1.809,1.221,2.6262
0.0126,0.038818,0.158691,1.537842,5.432434,18.969177,89.639435,0.3955665132617893,-0.1255544381993728,0.16058616870943906,0.9546027044425628,-1.8702017524232157,-159.30262335978838,1.798,1.228,2.6505
0.0115,0.009033,0.171143,1.127686,4.425354,-4.102112,90.768585,0.38516307743959793,-0.12925712237407194,0.16009934538588713,1.0780886963730283,-1.9305981306581494,-158.25250942665454,1.791,1.231,2.6667
0.0119,-0.103516,-0.026367,0.995361,-0.915222,8.410095,95.163116,0.37736211412955745,-0.13125263446184074,0.1597071414994812,1.0024199338940611,-1.7645068873909497,-157.14834137595204,1.784,1.235,2.6813
0.0123,0.249268,0.113037,1.375977,-2.685242,10.180115,92.935333,0.3667800994735579,-0.1373417139947373,0.1609182422763353,0.98915788780597,-1.7839308263251643,-155.95767417801252,1.774,1.24,2.7023
0.0117,0.009521,-0.031494,1.551758,-3.356628,0.628113,97.268829,0.358575739572807,-0.14100674598168625,0.16131048336257517,0.8915537249509742,-1.7888929754126048,-154.82217791261954,1.766,1.243,2.7169
0.0126,0.014893,0.060059,1.500244,3.265686,13.811707,92.996368,0.348859764692919,-0.14543032935109204,0.16143728382766842,0.921317314313361,-1.6312508205979794,-153.64720997070506,1.755,1.248,2.7396
0.0122,0.187012,0.218262,1.469727,2.044983,-3.156067,93.72879,0.337980933600707,-0.15141399629520438,0.1617874619918695,1.0165584955668425,-1.7726220318512023,-152.47313718252786,1.747,1.251,2.7541
0.0121,-0.014893,0.030029,0.960205,4.97467,4.870056,97.329865,0.3291868239436624,-0.15556495710025622,0.1617778981742139,1.0575317611080193,-1.7166179532989576,-151.30153012496748,1.74,1.254,2.7687
0.0115,0.015381,0.041992,1.781494,12.085266,4.534363,92.141876,0.32087225167004335,-0.15996590781502726,0.1619507927931594,1.1729504717095394,-1.6804160720189258,-150.2426383418386,1.729,1.258,2.7898
0.0124,0.123779,0.121826,1.062988,5.218811,-12.647034,95.773468,0.3100345032745705,-0.1664927322119816,0.1624077053652878,1.2779285340345676,-1.9401391836582997,-149.03017176306224,1.721,1.261,2.806
0.0114,0.066162,-0.048584,0.794922,-4.882507,13.445496,90.188751,0.3023944253848344,-0.1727356479783282,0.1637333383137104,1.1343193357425698,-1.868071880500358,-147.96907140635716,1.709,1.265,2.8302
0.0124,0.144287,0.026367,1.807373,6.62262,11.919617,90.524445,0.2934764961203389,-0.1790610851434645,0.16452980400838307,1.1817752235497307,-1.792080530041508,-146.82424490575636,1.701,1.268,2.8448
0.0122,-0.052979,0.233887,1.31665,16.754456,-1.050354,92.050323,0.2833036626736243,-0.1829589972305355,0.16345079904283027,1.4724378259670172,-1.7885462555658218,-145.73513840158506,1.693,1.27,2.8578
0.0113,0.049805,0.202393,0.595215,0.976868,15.795349,90.127716,0.2708293585137195,-0.18836419443019728,0.16241054138819075,1.68085007297045,-1.6946620612383558,-144.71633901138316,1.681,1.274,2.882
0.0125,-0.056641,0.102783,1.841309,0.915833,2.337097,91.348419,0.26229801552513027,-0.19309658586607042,0.1621531602677772,1.6858824012087599,-1.6633135848007998,-143.59769110390906,1.673,1.276,2.9015
0.0116,-0.083252,0.223877,1.471436,14.465637,-11.121155,89.82254,0.2531478547426777,-0.19659136580653366,0.16109580853222696,1.9201688889018873,-1.7695435583077752,-142.60589748174172,1.661,1.278,2.9209
0.0124,0.05127,0.103027,0.687256,-0.610046,3.069519,90.097198,0.24203305400133948,-0.20400955585960032,0.16107085192877735,1.9760085426606329,-1.8218753738297984,-141.4702808296799,1.653,1.28,2.9355
0.0123,-0.019043,-0.0896,1.169434,-5.187683,-0.409485,88.327179,0.23592925699946823,-0.21022190381192954,0.1618462594279559,1.8022081434454023,-1.8418546104805493,-140.38390812448168,1.645,1.282,2.9517
0.0115,-0.073975,0.157959,1.448486,9.857483,3.374695,88.479767,0.2280702191496125,-0.2140803614534019,0.16111382211104797,1.948657756691574,-1.785073867876595,-139.4067805584982,1.632,1.284,2.9776
0.0122,-0.007324,0.219971,1.367676,-1.372986,-3.766418,88.113556,0.21846218791158428,-0.219375684169671,0.16036982352402263,2.00168587811482,-1.851143049784412,-138.36049280779866,1.625,1.285,2.9921
0.0122,-0.095215,-0.053467,1.081543,-12.237244,-7.886292,91.439972,0.21335428007842872,-0.22376486970078824,0.1604832825236151,1.7619331641755582,-1.9072231888650597,-137.28919776169033,1.616,1.286,3.0067
0.0112,0.078125,0.185547,0.969482,2.929993,4.015564,86.374054,0.2032494581344218,-0.23088506213360002,0.160097913034427,1.8897435541174648,-1.943075683286349,-136.30710014432606,1.605,1.288,3.0278
0.0126,-0.016602,0.317871,1.584961,8.056946,6.060242,85.458527,0.1934214028121514,-0.23619836461709706,0.15907646839282785,2.086428546261605,-1.8815163843647051,-135.26546231623266,1.597,1.289,3.0423
0.0116,-0.1521,0.024658,1.282715,-12.176208,-1.538635,88.845978,0.18875294162436257,-0.23882314470342764,0.15852786347855535,1.9085739466722602,-1.8333419127012696,-134.30881013773524,1.584,1.29,3.065
0.0122,-0.007812,-0.017578,1.223877,-7.507019,-5.811096,85.733185,0.18267739710738398,-0.24544701193917845,0.15895412652396435,1.7559583239663983,-1.9221684906225882,-133.27256685374414,1.576,1.29,3.0796
0.0123,0.068848,0.249268,1.318604,11.230774,2.215027,77.890167,0.17272405892445014,-0.25301876268011747,0.15837747757049608,1.9861041437946567,-1.9520558292473744,-132.31301064769912,1.568,1.291,3.0958
0.0124,-0.093262,0.168213,1.635742,12.848206,-7.459045,84.420929,0.1659383731844977,-0.25761382659007864,0.1576851639910219,2.1672196883745705,-2.022982565221028,-131.32297055962965,1.557,1.291,3.1152
0.0114,-0.03833,-0.034668,0.828613,7.324524,-17.804504,79.843292,0.162172078187909,-0.26293247878823856,0.15810623407759475,2.166176696504701,-2.2155184059635937,-130.44668374973065,1.549,1.291,3.1298
0.0122,0.231934,0.073975,1.494385,-3.96698,10.576843,69.589386,0.1532874511099307,-0.2742540440174938,0.15915924908374127,2.1035166146436337,-2.2206728047879203,-129.5216331885184,1.536,1.291,-3.1324
0.0114,0.017334,0.178223,1.6521,-1.311951,-4.987122,72.30545,0.14646509466597793,-0.28023890679065155,0.15884148208833776,2.1188683258688275,-2.297687929868263,-128.71917990796183,1.528,1.291,-3.1178
0.0126,-0.068115,0.246338,0.955811,3.509827,-9.656311,78.500519,0.13806610115720325,-0.28395693904270136,0.1571210975596361,2.2919483826145,-2.389038281015871,-127.81983461315193,1.521,1.291,-3.1065
0.0114,-0.054688,0.026123,1.487061,-3.783875,20.983337,74.441681,0.13365162085948754,-0.28928563929130335,0.15721938397899501,2.207400324877987,-2.139775633561225,-126.99580149581955,1.509,1.29,-3.0903
0.0126,0.159912,0.052246,1.495361,1.190491,-10.083557,79.75174,0.12625877394448348,-0.29960761392020413,0.15802997091126106,2.1898224024577693,-2.3704785395158905,-125.94513261112202,1.502,1.29,-3.0741
0.0114,-0.104004,0.013428,0.787842,6.012268,-9.106995,78.836212,0.12397108665324313,-0.30212489227240336,0.1575718846078709,2.214889791114849,-2.3963387542130654,-125.1374973170669,1.489,1.289,-3.0547
0.0123,0.147217,0.228027,1.776611,2.0755,9.813904,73.800812,0.1156383362968333,-0.31135946241936324,0.15760353891328813,2.2787540020493675,-2.3552366447671047,-124.2042589901571,1.482,1.288,-3.0417
0.0122,0.019531,-0.000488,1.259277,-2.257996,-5.322815,77.951202,0.11095275509279487,-0.31906886488055236,0.15814786518384868,2.190845302677365,-2.452815187888093,-123.25494418562195,1.474,1.287,-3.0288
0.0124,0.023438,0.066895,1.58252,-1.06781,-4.895569,71.786652,0.1055561710272545,-0.32675594147267295,0.15838504477047308,2.1512194477334257,-2.5388762456925993,-122.37602307150901,1.463,1.286,-3.011
0.0116,0.217285,0.303955,1.081787,-5.828552,8.745789,74.289093,0.09404610244037234,-0.33800313805151294,0.1580273052879053,2.2251020280345157,-2.5945104490150386,-121.45501295031002,1.455,1.285,-2.9964
0.0121,0.081055,0.301758,1.819092,3.570862,-15.149475,80.423126,0.08671544128945895,-0.34526818358989425,0.15754681320076583,2.326163300648715,-2.825040575953618,-120.51236294891771,1.443,1.283,-2.977
0.0123,0.091309,0.180664,0.868652,0.122375,-2.454163,74.838409,0.07732420136008743,-0.35473823194128973,0.1571971712739954,2.4151521539461034,-2.951751705471322,-119.58372359886222,1.435,1.282,-2.9624
0.0111,0.172119,0.140381,1.763428,-1.708679,3.618835,72.244415,0.07068187352816649,-0.36438141165315824,0.1576573563570146,2.39254679683261,-2.994777669465266,-118.74729281921195,1.427,1.28,-2.951
0.0124,0.174561,-0.016846,1.807373,1.404114,-5.566956,76.150665,0.06496751727685247,-0.3759828934713104,0.15880510628353803,2.329986537608384,-3.151298189302006,-117.74834769664417,1.416,1.278,-2.9316
0.0125,0.021729,-0.041016,1.077393,6.042786,0.170349,78.9888,0.061484811012501944,-0.38541122323447097,0.15978593731568122,2.3004164866184036,-3.1828735837874675,-116.7440639404348,1.408,1.276,-2.917
0.0113,0.241455,-0.006592,0.845947,7.019348,4.473328,77.615509,0.05225244582778005,-0.4027088206556272,0.16185168896351929,2.3053673872602793,-3.355259115949175,-115.69170308609534,1.396,1.273,-2.8944
0.0124,0.036133,-0.025146,1.920898,0.397034,-4.193665,74.716339,0.04896193754616349,-0.41170606889219624,0.162627902417854,2.2236540981434887,-3.428839318501268,-114.76171272509269,1.388,1.271,-2.8814
0.0116,0.101074,0.037598,1.193115,0.671692,-13.715149,75.021515,0.043815091681199465,-0.4216408889584435,0.16339681599610625,2.1824254270814323,-3.6576523426347824,-113.86973288334265,1.381,1.269,-2.8669
0.0123,0.098877,0.104004,1.021729,5.890198,1.879333,75.296173,0.037444307831362655,-0.4311687101129652,0.16379195389177176,2.2531129485407786,-3.7152777649237887,-112.9390621880333,1.368,1.266,-2.8458
0.0117,0.098877,0.263672,1.495361,4.577942,-3.36969,75.998077,0.03159991054867117,-0.4373270662784613,0.16343957867748632,2.3597267746536428,-3.805826426780021,-112.10475092551512,1.361,1.263,-2.8312
0.0124,-0.037109,0.063232,1.46875,-6.042175,2.30658,79.87381,0.029455912838706407,-0.44377325364621256,0.16362840256631686,2.2315141493101236,-3.764872069924888,-111.16274566678555,1.35,1.26,-2.8118
0.0123,0.108887,0.137207,1.391846,-3.96698,-6.604553,75.448761,0.02423728578925837,-0.45260353483162963,0.1639212741956536,2.1763410050481258,-3.907655051358385,-110.24850745481996,1.342,1.257,-2.7989
0.0118,0.06543,0.164062,1.053467,0.305481,-16.797424,78.073273,0.019178544383727198,-0.4592270399399769,0.1637069569901741,2.214529237911867,-4.153267504141662,-109.38455932887454,1.335,1.254,-2.7827
0.0113,0.02417,0.172363,0.860107,0.854797,16.527771,77.310333,0.014736048346390406,-0.4635776260425358,0.16305415583787064,2.2928709656982824,-3.9907007489476696,-108.59427918758416,1.323,1.25,-2.7632
0.0125,0.263916,0.328369,2.066895,-4.180603,4.961609,81.247101,0.008357984635493119,-0.47267183264772517,0.16316694524797945,2.2674063879357904,-4.026606320598026,-107.58555501174517,1.316,1.247,-2.7487
0.0123,-0.208984,-0.012451,1.325684,-1.342468,1.482605,86.404572,0.01136998217167532,-0.4747720718039474,0.1631079306513832,2.150218406087409,-3.8969367750347272,-106.6424163413157,1.308,1.244,-2.7341
0.0114,0.143799,0.322754,1.131592,15.350647,3.985046,84.542999,0.004179202521238105,-0.48102857622795725,0.1623208633152754,2.4433955454780327,-3.947300200901956,-105.73740611176419,1.299,1.239,-2.7147
0.0123,0.075195,0.148926,1.739502,17.395325,10.607361,79.446564,0.0008961055714486984,-0.48917505369771225,0.16259847696163227,2.6309279615324734,-3.8583093643307063,-104.78125896205293,1.291,1.236,-2.7017
0.0115,0.185547,-0.022217,1.665039,-0.701599,-3.583313,81.308136,-0.0026637677084975827,-0.5017674774879926,0.1638698039663464,2.5241658911066613,-3.993371823314488,-103.774767280829,1.28,1.23,-2.679
0.0123,0.088867,-0.091553,0.703857,2.685852,-13.593079,78.561554,-0.005728859046080827,-0.5187776676785535,0.16613087617032093,2.3697470163205097,-4.272512252232823,-102.66720037939537,1.273,1.227,-2.6645
0.0127,0.170654,0.331787,1.48877,11.352844,17.443298,72.885284,-0.011659412151708452,-0.5261607489692878,0.1658328910527458,2.58682719925481,-4.137331235380334,-101.79572669330003,1.265,1.223,-2.6515
0.0113,0.093506,0.152832,1.39624,-3.814392,-5.627991,78.042755,-0.014841474473067802,-0.5334653787991223,0.1659888704906278,2.5395114804633048,-4.2534549150160705,-100.9495620442934,1.255,1.217,-2.6305
0.012,-0.136475,-0.0625,1.288818,-0.243835,2.672791,80.728302,-0.011773789132807579,-0.5394619260853553,0.166589397375532,2.4054409321813988,-4.148519639103097,-100.03321583204112,1.249,1.214,-2.6175
0.0123,-0.035156,0.335449,1.730469,11.017151,6.121277,77.157745,-0.013623349377528312,-0.5425689597403722,0.16581651999662125,2.594847520704331,-4.060225689516582,-99.21413749231063,1.237,1.207,-2.5965
0.0124,0.093262,0.164307,1.005615,-4.97406,-10.663391,83.413849,-0.01792961363528565,-0.5506198353285211,0.16575392639170353,2.55917178918809,-4.272845458518809,-98.22625005947509,1.231,1.203,-2.5803
0.0113,-0.058105,-0.111084,1.179688,-4.668884,-5.658508,80.392609,-0.015268153731616031,-0.5593657448934584,0.16692539868040757,2.3440182602063695,-4.304701208520727,-97.31258158607325,1.224,1.198,-2.5673
0.0119,0.234375,0.357178,0.980713,14.404602,11.400818,74.868927,-0.024091958720331926,-0.5673108012794268,0.16622767849108314,2.6724738921150553,-4.332800882844634,-96.47027041245532,1.214,1.192,-2.5463
0.0121,0.047607,0.365479,1.940674,6.653137,-5.017639,80.667267,-0.026184086458720907,-0.5714710957677197,0.16571402478448638,2.7945375303910525,-4.414782758695941,-95.60873320906205,1.208,1.188,-2.535
0.0126,-0.017578,-0.121582,1.182373,-2.624207,6.762146,78.561554,-0.02385703281054974,-0.582696937553547,0.16721227705045905,2.5815821207057055,-4.331955907308566,-94.57395772268673,1.197,1.18,-2.5091
0.0113,0.076172,0.081055,1.290771,5.493469,6.487488,77.584991,-0.02522348702100136,-0.5910125110346341,0.16769610917529934,2.601273244767263,-4.306677103222746,-93.70338846367656,1.191,1.176,-2.4961
0.0128,0.060059,0.298584,1.168701,2.83844,-13.837219,79.934845,-0.02835898990755696,-0.5951816616827595,0.16688443518142096,2.723956598925073,-4.527269973781444,-92.81732644444628,1.185,1.171,-2.4848
0.0112,0.009766,0.04248,1.075439,-4.119568,13.201355,79.385529,-0.027907904196666024,-0.6025519000524514,0.16738205263862185,2.6145493586704736,-4.3919392532614365,-91.95131109612724,1.176,1.164,-2.4637
0.0123,0.012451,0.209717,2.162109,4.242249,-7.520081,77.066193,-0.027644223779429555,-0.6083535050307349,0.16743228870792626,2.642641224337927,-4.488573907588519,-91.0790511879431,1.17,1.159,-2.4475
0.0126,-0.074707,0.016357,0.867432,8.575745,-7.703186,83.383331,-0.024013792870444254,-0.613583692991945,0.16775023563866417,2.6590545933348726,-4.53286546225448,-90.11421454013863,1.16,1.15,-2.4265
0.0113,-0.007568,0.021729,1.273926,1.373596,7.860779,82.77298,-0.02238428686964771,-0.6211432334641995,0.16836056940286748,2.5896153968109954,-4.444556850916272,-89.20149946784669,1.154,1.145,-2.4135
0.0124,0.079346,0.064941,1.525635,0.152893,0.689148,79.538116,-0.022403631111345124,-0.6305684035758171,0.1690326039718453,2.5233513087239947,-4.48018627287307,-88.21899409697053,1.148,1.14,-2.3973
0.0124,-0.067139,0.12793,1.665283,7.6297,9.661316,80.331573,-0.020409890350954744,-0.6359367242406533,0.16909257944717368,2.57551514744329,-4.33360902053026,-87.29949621414397,1.14,1.132,-2.3763
0.0111,0.095459,0.126709,1.073242,4.791565,-4.742981,78.347931,-0.022137606722315944,-0.6442524841548136,0.1693082889931438,2.628320744470873,-4.455634632586726,-86.45232056891533,1.134,1.126,-2.3633
0.0125,0.062012,0.078369,1.040039,0.122375,10.485291,80.270538,-0.022436837277201735,-0.6534798257126729,0.16980591581574225,2.5864971568982624,-4.380142638322651,-85.45778098848642,1.125,1.117,-2.3423
0.0122,-0.005859,0.149902,1.753174,9.735413,-4.590393,83.627472,-0.021000330184393956,-0.6596826343033051,0.16993211454044782,2.667183480218282,-4.438623624800469,-84.50424324358349,1.119,1.112,-2.3277
0.0122,-0.035889,0.2146,1.071045,10.437317,-2.210022,82.376251,-0.020423212066083492,-0.6623808225799126,0.16917503305549453,2.842109182823841,-4.449163298655889,-83.642526043469,1.114,1.106,-2.3131
0.0111,0.13501,0.26123,1.842773,-1.678162,4.747986,79.721222,-0.021447171923029335,-0.6693353169660081,0.1691737259575869,2.83512028454982,-4.453377717550831,-82.79887779414328,1.106,1.097,-2.2937
0.0124,-0.004639,0.004883,1.034668,4.059143,-4.224182,84.0242,-0.018474070016849704,-0.6777824072608934,0.16994269882708332,2.7816641373047886,-4.517160325466833,-81.7761058937918,1.101,1.092,-2.2775
0.0122,0.044922,0.181885,0.940674,12.298889,16.955017,78.225861,-0.019550612616917214,-0.6836963383997755,0.16959234790112074,2.976010266338949,-4.357571195974047,-80.89476754694242,1.093,1.082,-2.2565
0.0123,0.058838,0.205322,2.126709,-1.311951,-1.386047,79.904327,-0.01833375254381715,-0.6907087857036774,0.16979196284339027,2.9303373796115895,-4.403963646680062,-79.96247451882309,1.088,1.076,-2.2403
0.0111,-0.118896,0.003418,1.003906,-1.739197,-12.830139,85.305939,-0.012201677003855098,-0.6939396598072214,0.1700659278617446,2.814903222335188,-4.467432781969506,-79.11463874978001,1.083,1.069,-2.2257
0.0121,0.124268,0.240479,1.410645,6.439514,15.307068,79.141388,-0.013263623229293676,-0.7019144739587926,0.1700162575560925,2.9195254726661313,-4.356584812670615,-78.19139567967545,1.075,1.059,-2.2047
0.0122,0.128662,0.236816,1.566406,18.219299,5.541443,82.89505,-0.013906259049372795,-0.7098115090201043,0.17006104900630112,3.149096612776421,-4.363991576001028,-77.21471961084455,1.071,1.052,-2.1885
0.0121,0.048096,0.188965,1.059082,-0.457458,-4.590393,84.66507,-0.014067144791840597,-0.7156598523685848,0.16978329184335866,3.170594375271785,-4.470907669860274,-76.27134909016235,1.064,1.043,-2.1691
0.0122,0.106934,0.033203,1.587158,-10.314636,3.649353,83.505402,-0.011838109305525485,-0.7262047167143564,0.17072681995566935,2.9520932999411156,-4.493233891163717,-75.22817255098134,1.06,1.037,-2.1545
0.0122,0.133545,0.27124,1.898438,10.956116,-2.454163,83.383331,-0.011385601412438849,-0.7335638294533803,0.17080354536501238,3.084222939163677,-4.585700307961968,-74.26068939504871,1.056,1.03,-2.1399
0.011,0.040771,0.261475,1.196045,12.726135,0.475525,84.207306,-0.011554534544075928,-0.7369537574809799,0.17020402288017236,3.2829781388094275,-4.6146440677141936,-73.44789095202078,1.049,1.019,-2.1156
0.0121,0.020752,-0.054199,0.600098,-4.913025,-4.041077,87.869415,-0.00653628621700663,-0.7493277654208517,0.1718696628042721,3.0410754781111766,-4.72171776047386,-72.31351460394883,1.045,1.012,-2.0994
0.0126,0.031738,-0.109863,2.014893,1.617737,5.358337,81.704865,-0.0009565788227116545,-0.7599551157194151,0.17323468133516678,2.9050671793986287,-4.678576366705861,-71.24918558147434,1.039,1.002,-2.08
0.0115,0.223633,0.310791,1.995117,7.171936,1.146912,79.812775,-0.001125983157722704,-0.7673905152379126,0.17333400404071284,3.000606868813768,-4.750727206443672,-70.3648361366581,1.035,0.995,-2.0654
0.0121,0.032471,0.222168,1.088623,-11.90155,-3.827454,84.481964,0.00018301752365796394,-0.7710603044015889,0.17286094381272052,2.898685595740833,-4.828131889643109,-69.45985736063743,1.031,0.988,-2.0509
0.0123,0.133545,-0.063477,0.736816,-8.636169,-8.588196,77.584991,0.0024437054274871785,-0.7891244977377413,0.17503731619955054,2.622759869520932,-5.081435808843099,-68.35207116462054,1.025,0.976,-2.0363
0.0134,0.460938,0.590576,1.489258,13.214417,-7.031799,61.654816,-0.00267311143441538,-0.7984387804431886,0.1746327855121314,2.960119963142088,-5.367200345702683,-67.60222894622117,1.021,0.968,-2.0266
0.0106,0.367188,0.358887,1.840088,11.566467,-7.214905,67.727814,-0.00474366817646848,-0.807077599716376,0.1748912337356275,3.128048410906761,-5.573074050063279,-66.90880686391341,1.016,0.957,-2.0136
0.0122,0.079346,-0.206055,0.836182,1.95343,7.525085,66.354523,0.0030194086083603793,-0.8281467278525705,0.17803743350862478,2.8637465614956588,-5.558815244595481,-65.85933198279893,1.012,0.948,-2.0088
0.0121,0.067383,-0.019531,1.017334,-2.013855,-6.055237,62.173615,0.008356563417552962,-0.8405571447344202,0.17953715311933294,2.7252532743567923,-5.672703567644703,-65.06513587203372,1.008,0.94,-2.0023
0.0114,0.343994,0.075684,1.616699,-2.227478,11.980652,64.431915,0.008904272490037411,-0.8539570950208308,0.1809426481219357,2.6360351379149254,-5.677311889768185,-64.24893361061301,1.002,0.926,-1.9861
0.0125,0.206543,0.166748,0.786621,3.692932,-24.670959,59.304962,0.007047893156142008,-0.8648012810465101,0.18162685120161207,2.7358786175990146,-6.1535696411345135,-63.55139942976138,0.998,0.917,-1.9796
0.0122,0.07666,0.117188,1.325195,1.251526,-10.205627,60.46463,0.012424061397417068,-0.8732223503337195,0.18252271250732788,2.7146367106333287,-6.298241813527421,-62.87473578351419,0.992,0.904,-1.9748
0.0122,0.157715,-0.040527,1.588135,-4.302673,-0.897766,57.016144,0.01787332142454825,-0.8867090664271303,0.1843077812147191,2.5400881291663158,-6.359288975492441,-62.11319898002542,0.988,0.895,-1.9699
0.011,0.131836,-0.032227,1.228027,8.331604,0.994324,58.847198,0.022509465356696245,-0.8991366699218949,0.1859778843305806,2.51477967937919,-6.402727451679418,-61.394209089588315,0.985,0.886,-1.9586
0.0123,0.178955,0.135742,1.556885,14.465637,-1.965881,56.649933,0.026634326864385525,-0.9088983228000552,0.18711164928693277,2.65605346956281,-6.4836326314384145,-60.72326722885473,0.979,0.872,-1.9489
0.0122,0.102295,-0.125977,1.321289,5.157776,11.187195,54.330597,0.034318834294535895,-0.9245587619130795,0.18937866657286287,2.5445592909950014,-6.382058430400436,-59.93699879286643,0.975,0.862,-1.9424
0.0122,0.147217,0.018799,1.118896,0.82428,-7.031799,49.722443,0.03894342495530997,-0.9370061296778411,0.19101731536175826,2.4761955058223055,-6.5364267298600005,-59.29264705586496,0.97,0.849,-1.9311
0.0122,0.110107,0.042236,1.607422,-3.143005,-4.651428,45.968781,0.04553668140602076,-0.9471979235595577,0.1923782935995647,2.3711817912829356,-6.607260517350221,-58.73424721854287,0.967,0.84,-1.9262
0.0114,-0.083252,0.112549,1.368652,-1.403503,-1.721741,45.84671,0.05490130867092138,-0.951169758471682,0.1927971834690829,2.338068590713475,-6.541110805092868,-58.32163680142205,0.963,0.83,-1.9213
0.0123,-0.166992,0.040771,1.068604,-9.856873,-2.36261,50.393829,0.06789397096184868,-0.9552587759378303,0.1932415534205401,2.157550457072118,-6.421119605461755,-57.814744660777826,0.958,0.815,-1.9149
0.0122,-0.077881,0.033936,1.051025,-1.922302,7.830261,49.325714,0.07831608148670798,-0.9616781599984237,0.1939919659784266,2.074080781780532,-6.236826126481486,-57.27816383833269,0.954,0.805,-1.91
0.012,0.248291,0.328125,1.766602,3.631897,-6.085754,48.990021,0.08138430249023637,-0.9683134748443967,0.1944925773435827,2.1725767801334124,-6.373186426831704,-56.77713630556106,0.951,0.796,-1.9019
0.0115,-0.019775,0.044678,1.208008,-0.823669,2.215027,46.121368,0.09018657772234556,-0.9754607138497422,0.19536539880979914,2.113950176628532,-6.298288775776575,-56.29430337372884,0.946,0.78,-1.8938
0.0122,0.181885,0.132568,0.654297,-2.044373,8.074402,41.085968,0.09039984214107046,-0.9858543325274762,0.19645562395212052,2.1608464278755477,-6.362920288611187,-55.81658379737478,0.942,0.771,-1.8857
0.0122,0.030029,0.09082,1.402588,3.753967,-12.158752,41.574249,0.09858992941044459,-0.9934576887376969,0.1973654471148291,2.180617405467524,-6.486136184069108,-55.369967542527476,0.938,0.757,-1.876
0.0122,0.084473,0.211914,0.875,13.336487,16.9245,33.609161,0.1025267439251597,-0.998114485791073,0.19757053736634056,2.4557302413019038,-6.311013264398137,-55.09163024880483,0.935,0.747,-1.8711
0.0119,0.140869,0.323242,1.991455,4.577942,13.01825,36.813507,0.10772556090002107,-1.003645841522705,0.19802332643596693,2.561263196125457,-6.167424891343125,-54.74517281252915,0.932,0.737,-1.8647
0.0119,-0.041504,0.083984,1.204834,-7.384949,-6.116272,33.670197,0.11678915099879345,-1.0089793256243875,0.1985853889121307,2.462441071940274,-6.17503928013098,-54.43542326021214,0.927,0.721,-1.8566
0.0113,0.091553,0.375244,1.360596,-4.455261,11.309265,25.888214,0.1207356477089729,-1.0115185112876028,0.19833789613844655,2.5600743861411956,-6.051165325419215,-54.30478876470776,0.924,0.711,-1.8501
0.0121,0.218262,0.131348,1.301025,2.167053,3.710388,31.900177,0.12485434630324627,-1.0225305872062518,0.1996373353784845,2.5969515002196277,-6.0933619713585,-53.90692399909508,0.92,0.698,-1.842
0.0123,-0.092041,0.229492,1.751465,-1.311951,2.764343,29.458771,0.13383105290055602,-1.025715954302735,0.19977705730992806,2.618989375601889,-5.977672418514682,-53.6897795983178,0.918,0.688,-1.8388
0.0122,-0.073975,0.171631,1.330322,-3.143005,-1.538635,29.947052,0.14266681340236237,-1.0288584296619647,0.19986944985695326,2.618297080344318,-5.915239960488953,-53.46879909092592,0.915,0.678,-1.8355
0.0115,-0.186279,-0.0271,1.124023,3.326721,0.53656,30.160675,0.15554750389929456,-1.0321009956377103,0.2003230211720967,2.5800773894735416,-5.750958202748979,-53.22942226001529,0.911,0.662,-1.8258
0.0121,0.164551,0.095703,1.470459,6.561584,4.839539,31.503448,0.16162412817589944,-1.042675546144442,0.20158523500286576,2.645465243688848,-5.742167569101746,-52.83686791065241,0.908,0.652,-1.821
0.0122,0.000732,-0.033203,0.949707,-1.769714,-0.897766,32.87674,0.1712774352220671,-1.0520178359022871,0.2029134671979646,2.5335561267165674,-5.725031759803303,-52.43280697671364,0.905,0.638,-1.8161
0.0123,-0.018066,0.0354,1.172852,-4.363708,15.001892,29.001007,0.18032619179581705,-1.0595163146116355,0.20376144255462728,2.4450947167136525,-5.495986999930848,-52.11312917637117,0.902,0.628,-1.8096
0.0116,-0.026611,0.218018,1.453369,8.301086,6.121277,25.43045,0.1870057653912977,-1.0635681514406632,0.20371983334527138,2.6035338259753362,-5.373586302308796,-51.9264063255473,0.9,0.619,-1.8048
0.0123,-0.105469,0.157715,1.588867,7.080383,-12.158752,26.284943,0.19599255001191596,-1.0679271364472382,0.20379345090644368,2.711536394804136,-5.435978561816205,-51.72223353659218,0.896,0.603,-1.7999
0.0121,-0.053711,-0.030518,0.9729,-1.769714,-1.843811,27.353058,0.20674820652596876,-1.0753202262123136,0.20474929740933095,2.6109533935848783,-5.387236761066371,-51.428027502305504,0.894,0.593,-1.795
0.0124,0.112549,-0.006592,1.458008,0.335999,14.513611,27.719269,0.21484581619278034,-1.0861551596872858,0.20623100772893685,2.5544280524052656,-5.235879134464177,-51.04866056090876,0.891,0.579,-1.7853
0.0112,-0.050293,0.116455,1.207275,2.807922,-4.926086,26.590118,0.22243822678315456,-1.090800050003837,0.20630616528676018,2.609102361182779,-5.225873209879128,-50.839570228491304,0.889,0.569,-1.7821
0.0123,0.009521,0.025635,1.443115,-5.035095,3.924011,26.407013,0.23124926042611077,-1.0990179106944875,0.20721455572805136,2.5074142638436854,-5.151022507711345,-50.536303271631134,0.887,0.56,-1.7789
0.0125,-0.067383,0.17334,1.746094,-2.349548,-1.233459,27.047882,0.23965928037550005,-1.1048084253361905,0.20737066051497086,2.5003219413828344,-5.103291835070013,-50.28239111009508,0.883,0.544,-1.7724
0.0115,0.024414,0.05957,1.151123,7.171936,-4.956604,26.101837,0.24716032933396062,-1.1122572125552892,0.20805757228348137,2.572296209821372,-5.145220709568475,-50.01277855581544,0.881,0.534,-1.7675
0.0123,-0.00293,0.033936,1.302979,10.711975,8.806824,29.245148,0.25605972061825916,-1.1201486702737433,0.20886799911181086,2.666574829322185,-5.007687096158486,-49.677972588181326,0.879,0.52,-1.761
0.0123,-0.00708,-0.04248,1.381836,6.347961,6.884216,29.702911,0.2658722609416616,-1.1285536771964406,0.20995648441109405,2.663337319045834,-4.893867305082348,-49.31736686684392,0.877,0.511,-1.7578
0.0121,0.064941,-0.094971,1.529785,2.228088,-0.317932,26.223907,0.2753492746198794,-1.1381619614109022,0.21142945016409767,2.5902494225875494,-4.902547681957847,-48.97268952752461,0.875,0.501,-1.7497
0.0123,-0.094482,0.049316,1.411133,7.690735,-0.653625,22.226105,0.28484807990209376,-1.144300895977507,0.2117299451540355,2.66326747748047,-4.828652199030352,-48.7607929841002,0.872,0.485,-1.7416
0.0122,0.113037,0.081055,1.130127,3.753967,-4.590393,24.3013,0.2916621235849205,-1.1542128611014901,0.21281229096090667,2.713739873228909,-4.932759668986622,-48.45667650673642,0.871,0.475,-1.7384
0.012,0.050781,0.106689,0.969727,-3.722839,0.506042,26.681671,0.29828648527497925,-1.1624069005072188,0.2134010766858742,2.701205543313939,-4.940601875566432,-48.16173342770524,0.868,0.462,-1.7319
0.0111,0.072021,0.042969,0.784424,2.441711,13.933777,24.911652,0.3046715858653247,-1.171408893697874,0.21448389673006735,2.7221476668972984,-4.832994596145033,-47.862492256259124,0.867,0.452,-1.7254
0.0127,-0.155762,0.161865,1.444336,-3.936462,-14.752747,26.132355,0.3138519788393404,-1.175838270974641,0.2140844856384006,2.7045261196099255,-4.909326986739224,-47.64797704105632,0.865,0.442,-1.7206
0.0113,-0.165771,-0.413086,1.436035,-12.115173,2.947449,27.444611,0.32811334894122635,-1.1825703069894278,0.2157202755371213,2.3130594601867562,-4.771729108624358,-47.327266238787075,0.863,0.426,-1.7157
0.0122,0.244141,0.117432,1.659912,-0.701599,22.753357,25.613556,0.3348846989908842,-1.1931016895287305,0.2170770747666936,2.309958688907241,-4.577050305499865,-46.97291528487403,0.862,0.416,-1.7092
