dt,acc_x,acc_y,acc_z,gyro_x,gyro_y,gyro_z,fused_x,fused_y,fused_z,roll,pitch,yaw,pose_x,pose_y,pose_yaw
0.0121,-0.01416,-0.011719,1.308594,0.488586,0.078796,0.039825,0.0,0.0,0.0,-0.07359130356710082,-0.007494116580343698,0.00048646960815824735,3.01,-0.829,0.0972
0.0122,-0.009521,-0.00708,1.325195,0.244446,0.200867,0.192413,0.0,0.0,0.0,-0.08077738733189592,-0.053669029512736555,0.0028278474586378778,3.01,-0.829,0.0972
0.012,-0.009521,-0.005859,1.318115,0.549622,0.139832,0.436554,0.0,0.0,0.0,-0.07281660376105428,-0.08725651018053711,0.0080546243663383,3.01,-0.829,0.0972
0.0114,-0.010254,-0.007568,1.309326,0.397034,0.139832,0.192413,0.0,0.0,0.0,-0.0798382188544103,-0.10747607564205798,0.01026639450478763,3.01,-0.829,0.0972
0.0126,-0.012207,-0.006836,1.312012,0.488586,0.048279,0.345001,0.0,0.0,0.0,-0.078780199118095,-0.11173017337408285,0.014624099953387183,3.01,-0.829,0.0972
0.0122,-0.007568,-0.009766,1.31665,0.488586,0.109314,0.009308,0.0,0.0,0.0,-0.09379030501410929,-0.14024646078543543,0.014785607259744257,3.01,-0.829,0.0972
0.0122,-0.013428,-0.006836,1.316406,0.366516,0.475525,0.161896,0.0,0.0,0.0,-0.0920376127968035,-0.12967952057436702,0.0167636846493068,3.01,-0.829,0.0972
0.0121,-0.011475,-0.007812,1.310059,0.519104,0.292419,0.314484,0.0,0.0,0.0,-0.09316887640281189,-0.13163311710992945,0.020583892687412397,3.01,-0.829,0.0972
0.0121,-0.012695,-0.006592,1.313721,0.580139,0.261902,0.070343,0.0,0.0,0.0,-0.08766365965538002,-0.12806036962506784,0.021435463657095,3.01,-0.829,0.0972
0.0122,-0.009766,-0.008545,1.312012,0.335999,0.048279,0.070343,0.0,0.0,0.0,-0.09300828865518324,-0.13893746808400112,0.022315556856168022,3.01,-0.829,0.0972
0.0122,-0.014893,-0.006592,1.30957,0.305481,0.445007,0.192413,0.0,0.0,0.0,-0.09041318826840855,-0.12458225292887679,0.02466760693734826,3.01,-0.829,0.0972
0.0122,-0.008301,-0.011963,1.313721,0.397034,0.048279,0.283966,0.0,0.0,0.0,-0.10573397447327747,-0.1393931761721445,0.028183865443955947,3.01,-0.829,0.0972
0.011,-0.012207,-0.008301,1.310547,0.580139,0.322937,0.131378,0.0,0.0,0.0,-0.10542606947880805,-0.1367303554537535,0.029644945738585102,3.01,-0.829,0.0972
0.0132,-0.008545,-0.010742,1.312988,0.519104,0.017761,-0.02121,0.0,0.0,0.0,-0.11199326853617855,-0.14877137666001253,0.029397317639551217,3.01,-0.829,0.0972
0.0115,-0.010254,-0.005615,1.316406,0.580139,0.200867,0.009308,0.0,0.0,0.0,-0.10243478206129876,-0.1524551324417132,0.02947409341949504,3.01,-0.829,0.0972
0.0116,-0.015381,-0.004639,1.317627,0.427551,-0.012756,0.070343,0.0,0.0,0.0,-0.09237371354227737,-0.1435249623826693,0.03028498414930678,3.01,-0.829,0.0972
0.0127,-0.011719,-0.007568,1.318359,0.335999,0.322937,0.039825,0.0,0.0,0.0,-0.09156535504293357,-0.1412450578341085,0.030795541369621694,3.01,-0.829,0.0972
0.0114,-0.009766,-0.010498,1.312744,0.580139,0.109314,0.009308,0.0,0.0,0.0,-0.09599482766937893,-0.14678845210380784,0.030934270165491305,0.0,0.0,0.0
0.0121,-0.012451,-0.008057,1.314697,0.366516,0.689148,-0.112762,0.0,0.0,0.0,-0.09579734378262282,-0.13837828318038134,0.029575541950869873,0.0,0.0,0.0
0.0123,-0.01001,-0.007812,1.314453,0.458069,0.170349,0.131378,0.0,0.0,0.0,-0.09371792322454738,-0.14208932865283927,0.031189213352420517,0.0,0.0,0.0
0.0121,-0.010254,-0.00708,1.320557,0.519104,-0.012756,0.131378,0.0,0.0,0.0,-0.0892730552248833,-0.1469791643734768,0.032775165464907205,0.0,0.0,0.0
0.0121,-0.009521,-0.010254,1.312744,0.427551,0.048279,0.009308,0.0,0.0,0.0,-0.09300673750315386,-0.15246779844568498,0.032915826523766144,0.0,0.0,0.0
0.0117,-0.010986,-0.010742,1.309082,0.549622,0.261902,0.192413,0.0,0.0,0.0,-0.09615058144283167,-0.15205998294715653,0.03520589653833127,0.0,0.0,0.0
0.0116,-0.010498,-0.013916,1.315918,0.488586,0.048279,0.070343,0.0,0.0,0.0,-0.10600770394245329,-0.15494673547637794,0.03609551914109889,0.0,0.0,0.0
0.0122,-0.010254,-0.009766,1.313965,0.732727,0.200867,0.009308,0.0,0.0,0.0,-0.10366208534481416,-0.1562930653488836,0.036226142525946796,0.0,0.0,0.0
0.0121,-0.010498,-0.005859,1.313232,0.274963,0.322937,0.314484,0.0,0.0,0.0,-0.09912515015538571,-0.15559765610870752,0.04000178391884233,0.0,0.0,0.0
0.0123,-0.012939,-0.008057,1.312988,0.488586,0.200867,0.131378,0.0,0.0,0.0,-0.09627075968643192,-0.15167734237244382,0.04163967368276549,0.0,0.0,0.0
0.0113,-0.012695,-0.01001,1.315186,0.488586,0.261902,0.039825,0.0,0.0,0.0,-0.09739898688181998,-0.14788962697080552,0.04212850763423473,0.0,0.0,0.0
0.0127,-0.011719,-0.010254,1.311768,0.519104,0.353455,-0.02121,0.0,0.0,0.0,-0.09772088041376259,-0.14449032662302586,0.04188633746977724,0.0,0.0,0.0
0.0122,-0.010986,-0.007812,1.311523,0.488586,0.41449,0.222931,0.0,0.0,0.0,-0.09428778398664202,-0.14186561795413347,0.04459868896760391,0.0,0.0,0.0
0.0114,-0.012451,-0.012207,1.313965,0.366516,0.139832,0.314484,0.0,0.0,0.0,-0.09991937690012102,-0.14016448649057864,0.04824018218230368,0.0,0.0,0.0
0.0121,-0.015137,-0.00708,1.312988,0.519104,0.048279,0.222931,0.0,0.0,0.0,-0.0947890993296747,-0.1351438183424129,0.05097169340285985,0.0,0.0,0.0
0.0125,-0.012939,-0.008789,1.316162,0.366516,0.261902,0.070343,0.0,0.0,0.0,-0.09411196797374688,-0.13123310930029985,0.0518711412114772,0.0,0.0,0.0
0.012,-0.012207,-0.010254,1.315918,0.580139,0.231384,0.039825,0.0,0.0,0.0,-0.09330388885518126,-0.12905834709157393,0.05237365064849063,0.0,0.0,0.0
0.0114,-0.01001,-0.01001,1.314697,0.488586,0.170349,0.222931,0.0,0.0,0.0,-0.09337194085082633,-0.13105011743752357,0.054914525593463964,0.0,0.0,0.0
0.0124,-0.013184,-0.006592,1.317871,0.397034,0.292419,0.039825,0.0,0.0,0.0,-0.0888973534260558,-0.12658446353659214,0.05541139010936268,0.0,0.0,0.0
0.0114,-0.01001,-0.008057,1.317139,0.458069,0.231384,0.039825,0.0,0.0,0.0,-0.08634472922915978,-0.1277798150130717,0.055847574186795555,0.0,0.0,0.0
0.012,-0.010742,-0.009766,1.3125,0.335999,0.078796,0.131378,0.0,0.0,0.0,-0.08739282545086455,-0.12950252284391986,0.0574320719380676,0.0,0.0,0.0
0.0127,-0.008545,-0.008789,1.311768,0.641174,0.170349,-0.082245,0.0,0.0,0.0,-0.08294944689694228,-0.1329906024084378,0.056361736871308514,0.0,0.0,0.0
0.0114,-0.011719,-0.01001,1.314697,0.305481,0.048279,0.100861,0.0,0.0,0.0,-0.08473115799737115,-0.13353478017211898,0.05753630494908925,0.0,0.0,0.0
0.0123,-0.010498,-0.008301,1.305176,0.427551,0.261902,0.070343,0.0,0.0,0.0,-0.08240087091080119,-0.13310152716475454,0.05839213654762835,0.0,0.0,0.0
0.012,-0.009277,-0.006836,1.31958,0.397034,0.292419,0.100861,0.0,0.0,0.0,-0.07860063191227219,-0.13386599455184703,0.05956624736328295,0.0,0.0,0.0
0.0114,-0.009277,-0.00708,1.316162,0.397034,0.445007,0.100861,0.0,0.0,0.0,-0.07542055669095096,-0.13302327490233407,0.06068123429860294,0.0,0.0,0.0
0.0132,-0.013184,-0.004395,1.316162,0.580139,0.292419,0.039825,0.0,0.0,0.0,-0.06585639914080406,-0.12841060903699342,0.06119460119933277,0.0,0.0,0.0
0.0112,-0.01416,-0.005615,1.307373,0.335999,0.261902,-0.02121,0.0,0.0,0.0,-0.061856234360905656,-0.1236234709788865,0.06096830043028704,0.0,0.0,0.0
0.0121,-0.011719,-0.009521,1.309082,0.641174,0.231384,0.161896,0.0,0.0,0.0,-0.05880151019138249,-0.12207334722761617,0.06294669625331058,0.0,0.0,0.0
0.0122,-0.010498,-0.007812,1.314209,0.488586,0.200867,0.070343,0.0,0.0,0.0,-0.055429145862765074,-0.12232174346706577,0.06379642173633329,0.0,0.0,0.0
0.012,-0.008789,-0.010742,1.314453,0.305481,0.078796,0.161896,0.0,0.0,0.0,-0.057776221137664764,-0.12600058543827355,0.06573988797620843,0.0,0.0,0.0
0.0121,-0.010498,-0.009766,1.315674,0.580139,0.506042,0.070343,0.0,0.0,0.0,-0.05556061050451361,-0.12248107299328306,0.06659708032768465,0.0,0.0,0.0
0.0112,-0.009277,-0.006104,1.314453,0.458069,0.292419,0.314484,0.0,0.0,0.0,-0.05100801340548381,-0.12317359848234116,0.07008018728433527,0.0,0.0,0.0
0.0122,-0.01123,-0.008545,1.307373,0.427551,0.200867,0.161896,0.0,0.0,0.0,-0.049211941190452003,-0.12243592704584566,0.07206433586096402,0.0,0.0,0.0
0.0121,-0.011719,-0.01416,1.315918,0.458069,0.261902,0.039825,0.0,0.0,0.0,-0.05325040131222587,-0.12041909259735702,0.07261288181433206,0.0,0.0,0.0
0.0127,-0.011963,-0.011963,1.314453,0.519104,0.231384,0.131378,0.0,0.0,0.0,-0.05367003874190636,-0.11838874702040623,0.07432825496040009,0.0,0.0,0.0
0.011,-0.011475,-0.006592,1.315186,0.641174,0.170349,0.222931,0.0,0.0,0.0,-0.047757214214712816,-0.11794981467205717,0.07677118746400317,0.0,0.0,0.0
0.0127,-0.015137,-0.007324,1.314941,0.702209,0.048279,0.131378,0.0,0.0,0.0,-0.040887441630952044,-0.11485619374717927,0.07848714538645421,0.0,0.0,0.0
0.0122,-0.01123,-0.005371,1.310791,0.397034,0.261902,-0.02121,0.0,0.0,0.0,-0.03607211378215794,-0.11342172579959478,0.07820479694772609,0.0,0.0,0.0
0.0114,-0.013916,-0.01001,1.317383,0.335999,0.139832,-0.02121,0.0,0.0,0.0,-0.0371185967347569,-0.11077428276066076,0.07801617699259451,0.0,0.0,0.0
0.0127,-0.01123,-0.011719,1.313477,0.366516,0.445007,0.222931,0.0,0.0,0.0,-0.03904697229428886,-0.1069497108153601,0.08087465372680513,0.0,0.0,0.0
0.0113,-0.014893,-0.009033,1.31543,0.335999,0.109314,-0.051727,0.0,0.0,0.0,-0.03897682659092693,-0.10381491367530951,0.08034588343089764,0.0,0.0,0.0
0.0123,-0.013428,-0.009033,1.313477,0.244446,0.231384,0.131378,0.0,0.0,0.0,-0.0396510781486859,-0.10063499904908804,0.08199404421926318,0.0,0.0,0.0
0.0124,-0.014404,-0.007568,1.312988,0.335999,0.261902,0.253448,0.0,0.0,0.0,-0.037692427950199905,-0.09615748015724121,0.08516926879113865,0.0,0.0,0.0
0.0119,-0.007568,-0.010742,1.313965,0.580139,0.200867,-0.112762,0.0,0.0,0.0,-0.03613520050700163,-0.09927547732721614,0.08378872354757852,0.0,0.0,0.0
0.0112,-0.015381,-0.008789,1.316895,0.427551,0.445007,0.039825,0.0,0.0,0.0,-0.03473440112779394,-0.09220539151841897,0.08429059781734474,0.0,0.0,0.0
0.0123,-0.01123,-0.003174,1.314697,0.519104,0.200867,0.039825,0.0,0.0,0.0,-0.026414508640321344,-0.09169843430128549,0.08473413739924163,0.0,0.0,0.0
0.0117,-0.012695,-0.007568,1.310791,0.427551,0.078796,0.131378,0.0,0.0,0.0,-0.02376200757277357,-0.09132804557909328,0.08628177410414907,0.0,0.0,0.0
0.0121,-0.015137,-0.01001,1.31543,0.366516,0.261902,-0.14328,0.0,0.0,0.0,-0.02394770354905582,-0.08646828647012764,0.08460952175371216,0.0,0.0,0.0
0.0122,-0.010498,-0.009766,1.317139,0.397034,0.292419,-0.112762,0.0,0.0,0.0,-0.02345215423552032,-0.08558621608456647,0.08322485825103963,0.0,0.0,0.0
0.0122,-0.013428,-0.00415,1.309814,0.427551,0.353455,0.009308,0.0,0.0,0.0,-0.017433346208467475,-0.08129440356322107,0.08333009267288333,0.0,0.0,0.0
0.0124,-0.012207,-0.008057,1.316406,0.580139,0.200867,0.253448,0.0,0.0,0.0,-0.013113530146248517,-0.07996074607554428,0.08647688645618105,0.0,0.0,0.0
0.012,-0.010986,-0.006836,1.313721,0.427551,0.109314,0.161896,0.0,0.0,0.0,-0.009774595836011616,-0.08089877917410157,0.08839797340645075,0.0,0.0,0.0
0.0121,-0.010986,-0.009277,1.30957,0.213928,0.139832,0.222931,0.0,0.0,0.0,-0.011159010951351292,-0.08143836159262495,0.09109232584758667,0.0,0.0,0.0
0.0111,-0.011719,-0.009277,1.314453,0.397034,0.322937,0.161896,0.0,0.0,0.0,-0.010675849563028791,-0.07942661219642087,0.09289631831082927,0.0,0.0,0.0
0.0121,-0.012695,-0.008057,1.322266,0.580139,0.261902,0.222931,0.0,0.0,0.0,-0.006513948729222482,-0.0769788246664478,0.09560587962986816,0.0,0.0,0.0
0.012,-0.015625,-0.007812,1.315674,0.519104,0.261902,0.039825,0.0,0.0,0.0,-0.0029698441509432645,-0.07206662433640647,0.09613704833832486,0.0,0.0,0.0
0.0456,-0.016113,-0.01123,1.317383,0.519104,0.078796,0.161896,0.0,0.0,0.0,0.014240766025598673,-0.06619282835644397,0.10360549206269316,0.0,0.0,0.0
0.0037,-0.012939,-0.01123,1.308105,0.580139,0.170349,0.192413,0.0,0.0,0.0,0.01006591451050046,-0.06629795554035915,0.10435153445863583,0.0,0.0,0.0
0.0005,-0.008301,-0.009033,1.315674,0.549622,0.292419,0.131378,0.0,0.0,0.0,0.006245952399524836,-0.07105800858710233,0.10436198704185475,0.0,0.0,0.0
0.0004,-0.009521,-0.006104,1.316895,0.397034,0.048279,0.100861,0.0,0.0,0.0,0.005051411122051904,-0.07469600809362252,0.10434749974092837,0.0,0.0,0.0
0.0099,-0.009521,-0.006104,1.317627,0.458069,0.109314,0.131378,0.0,0.0,0.0,0.008196946942122925,-0.07718691577602618,0.10559559312998533,0.0,0.0,0.0
0.0121,-0.012939,-0.010742,1.317139,0.488586,0.231384,0.253448,0.0,0.0,0.0,0.00860881106597774,-0.07493531602949953,0.10870272419356165,0.0,0.0,0.0
0.0125,-0.01001,-0.006592,1.314697,0.427551,0.200867,0.253448,0.0,0.0,0.0,0.012090821068352896,-0.07554280093573541,0.11182966209204744,0.0,0.0,0.0
0.0121,-0.012207,-0.005859,1.312988,0.427551,0.078796,-0.112762,0.0,0.0,0.0,0.01600151834273932,-0.07576010633108536,0.11045532375112944,0.0,0.0,0.0
0.0113,-0.01123,-0.008057,1.313477,0.335999,0.200867,0.161896,0.0,0.0,0.0,0.016629032853325083,-0.07550109161750226,0.11227763126468532,0.0,0.0,0.0
0.0122,-0.012695,-0.007568,1.320557,0.519104,0.261902,0.314484,0.0,0.0,0.0,0.020194326945747482,-0.07306922116135531,0.11612767530351324,0.0,0.0,0.0
0.013,-0.010254,-0.013428,1.313477,0.366516,0.353455,0.222931,0.0,0.0,0.0,0.017240408197489215,-0.07135296925726199,0.1190465759514785,0.0,0.0,0.0
0.0107,-0.011963,-0.012207,1.319092,0.366516,0.200867,-0.082245,0.0,0.0,0.0,0.014619675155595561,-0.07060918448518896,0.11820447170839139,0.0,0.0,0.0
0.0122,-0.014893,-0.007324,1.314209,0.397034,0.292419,0.192413,0.0,0.0,0.0,0.01700370245970391,-0.06605651116692603,0.12059880464372442,0.0,0.0,0.0
0.0121,-0.012939,-0.00708,1.312256,0.519104,0.200867,0.131378,0.0,0.0,0.0,0.020985149747332874,-0.06430389872702866,0.12219757654687133,0.0,0.0,0.0
0.0118,-0.012695,-0.009521,1.318115,0.366516,0.261902,-0.051727,0.0,0.0,0.0,0.021026927250691274,-0.06211182064880916,0.12161141925543485,0.0,0.0,0.0
0.0124,-0.013184,-0.003418,1.315674,0.641174,-0.012756,0.131378,0.0,0.0,0.0,0.02959220728021181,-0.06275577353883774,0.12322361387714632,0.0,0.0,0.0
0.0123,-0.010742,-0.01123,1.313721,0.580139,0.383972,0.314484,0.0,0.0,0.0,0.030945120898107113,-0.06054400816825291,0.1270971543600311,0.0,0.0,0.0
0.0114,-0.012695,-0.010254,1.315674,0.397034,0.383972,0.070343,0.0,0.0,0.0,0.030538562161527994,-0.05712271346749286,0.1279302906098331,0.0,0.0,0.0
0.0123,-0.008545,-0.008789,1.316406,0.397034,0.383972,0.100861,0.0,0.0,0.0,0.03168231293907823,-0.0566866044560605,0.1291130866633165,0.0,0.0,0.0
0.0119,-0.01416,-0.008301,1.316895,0.488586,0.261902,0.283966,0.0,0.0,0.0,0.03413500936304203,-0.05339884275770935,0.13253432552564448,0.0,0.0,0.0
0.0115,-0.012939,-0.00708,1.31665,0.549622,0.261902,0.009308,0.0,0.0,0.0,0.03803175515574074,-0.05121266732862628,0.13264944086650104,0.0,0.0,0.0
0.0122,-0.010498,-0.008545,1.319092,0.366516,0.353455,-0.051727,0.0,0.0,0.0,0.0389347982311869,-0.04965688951669321,0.13199333523282333,0.0,0.0,0.0
0.0121,-0.013184,-0.008545,1.313965,0.458069,0.41449,0.070343,0.0,0.0,0.0,0.040890226555047454,-0.04535131226338764,0.1328700132559416,0.0,0.0,0.0
0.0122,-0.010498,-0.010742,1.318359,0.519104,0.353455,-0.112762,0.0,0.0,0.0,0.04194780738881179,-0.04384549914785624,0.13148590609453506,0.0,0.0,0.0
0.0117,-0.011719,-0.011475,1.313232,0.488586,0.353455,0.314484,0.0,0.0,0.0,0.04183394212462091,-0.04160126171516635,0.13518621793036933,0.0,0.0,0.0
0.0121,-0.011719,-0.005615,1.314697,0.397034,0.41449,0.039825,0.0,0.0,0.0,0.045309494506951736,-0.03850348160207207,0.1356372774867725,0.0,0.0,0.0
0.0125,-0.010254,-0.010498,1.320557,0.488586,-0.073792,0.070343,0.0,0.0,0.0,0.04636174247091743,-0.0423870736496541,0.1364977390012604,0.0,0.0,0.0
0.0122,-0.013672,-0.010254,1.314453,0.366516,-0.012756,0.100861,0.0,0.0,0.0,0.0459753281239681,-0.04289470132845866,0.13777727062567233,0.0,0.0,0.0
0.0114,-0.015137,-0.008301,1.311768,0.702209,0.139832,-0.082245,0.0,0.0,0.0,0.05056490341947385,-0.04057070104561455,0.13690177166346582,0.0,0.0,0.0
0.0121,-0.009766,-0.008057,1.320068,0.458069,0.261902,0.039825,0.0,0.0,0.0,0.05287733491024214,-0.04070318759126331,0.13733394703925011,0.0,0.0,0.0
0.0121,-0.012451,-0.005127,1.310059,0.244446,0.383972,0.253448,0.0,0.0,0.0,0.054777437495421195,-0.03739947585007088,0.14038074336221687,0.0,0.0,0.0
0.0116,-0.013184,-0.006836,1.312744,0.213928,-0.012756,0.222931,0.0,0.0,0.0,0.05493144143875734,-0.038319228662768004,0.14297387075984863,0.0,0.0,0.0
0.0124,-0.008301,-0.008545,1.315918,0.641174,0.322937,0.009308,0.0,0.0,0.0,0.05924670013295451,-0.03869036595702247,0.14301631544048493,0.0,0.0,0.0
0.0123,-0.01416,-0.006836,1.312988,0.427551,0.078796,0.222931,0.0,0.0,0.0,0.06210400451602318,-0.03777214929801202,0.14578905831910383,0.0,0.0,0.0
0.012,-0.009521,-0.01001,1.317139,0.458069,0.170349,0.192413,0.0,0.0,0.0,0.06287825101129518,-0.03916045719359588,0.14806364220445953,0.0,0.0,0.0
0.0114,-0.013184,-0.01123,1.317139,0.488586,0.200867,0.070343,0.0,0.0,0.0,0.06286296592916357,-0.03763128588743872,0.14892042863370689,0.0,0.0,0.0
0.0126,-0.012451,-0.009033,1.30835,0.488586,0.200867,0.039825,0.0,0.0,0.0,0.06500214185997666,-0.03641810543340051,0.14943950347629686,0.0,0.0,0.0
0.0112,-0.010986,-0.009521,1.313232,0.458069,-0.012756,0.131378,0.0,0.0,0.0,0.06578516744355548,-0.0388955021734432,0.15089912263539976,0.0,0.0,0.0
0.0121,-0.012939,-0.010254,1.31665,0.793762,0.261902,-0.112762,0.0,0.0,0.0,0.0704833976051902,-0.03666362609329932,0.1495771560942752,0.0,0.0,0.0
0.0127,-0.011475,-0.005127,1.317627,0.244446,0.41449,0.009308,0.0,0.0,0.0,0.07235091515940181,-0.0334252195655393,0.14965603029331154,0.0,0.0,0.0
0.0112,-0.011719,-0.00708,1.313477,0.427551,0.170349,-0.051727,0.0,0.0,0.0,0.07448423086847604,-0.033365373524972736,0.14905877364458997,0.0,0.0,0.0
0.0125,-0.012207,-0.009277,1.319824,0.213928,0.261902,0.100861,0.0,0.0,0.0,0.07297967262883549,-0.03160137060223692,0.1503356268741833,0.0,0.0,0.0
0.0121,-0.013916,-0.007568,1.318359,0.549622,0.048279,0.192413,0.0,0.0,0.0,0.07662633235622827,-0.03131899186628,0.1526978249282883,0.0,0.0,0.0
0.0123,-0.008301,-0.005371,1.317627,0.580139,0.139832,0.283966,0.0,0.0,0.0,0.08224567210597795,-0.03383084358419719,0.1560798323067654,0.0,0.0,0.0
0.0119,-0.005615,-0.010986,1.313477,0.335999,0.353455,-0.082245,0.0,0.0,0.0,0.08079572293479247,-0.035717369369980316,0.1549938200832714,0.0,0.0,0.0
0.0114,-0.012939,-0.011475,1.315186,0.549622,0.170349,0.070343,0.0,0.0,0.0,0.0812941495387173,-0.034715514375762015,0.15585885564212393,0.0,0.0,0.0
0.0121,-0.010742,-0.008301,1.312988,0.274963,0.078796,-0.082245,0.0,0.0,0.0,0.08108960237894897,-0.036215889928157566,0.15483922935441907,0.0,0.0,0.0
0.0122,-0.013184,-0.010498,1.311768,0.366516,0.200867,0.222931,0.0,0.0,0.0,0.08051125439876748,-0.03453656034368788,0.15761791134778544,0.0,0.0,0.0
0.0119,-0.011475,-0.002197,1.315918,0.427551,0.353455,0.070343,0.0,0.0,0.0,0.08626172565842048,-0.03230352298672102,0.15838311141752803,0.0,0.0,0.0
0.0123,-0.010986,-0.009766,1.311279,0.580139,0.231384,0.161896,0.0,0.0,0.0,0.08878551254357772,-0.03178093643221148,0.16037538024340756,0.0,0.0,0.0
0.0117,-0.00708,-0.010986,1.31958,0.183411,-0.012756,0.070343,0.0,0.0,0.0,0.08556252742345853,-0.036843629539231385,0.1611187471225254,0.0,0.0,0.0
0.0122,-0.007812,-0.009033,1.317871,0.82428,0.139832,0.314484,0.0,0.0,0.0,0.09152301960392113,-0.03951366361986705,0.1648765776260025,0.0,0.0,0.0
0.012,-0.013428,-0.008057,1.315918,0.213928,0.292419,-0.112762,0.0,0.0,0.0,0.09068434977910243,-0.036561367778738765,0.16357050729500408,0.0,0.0,0.0
0.0113,-0.008057,-0.007568,1.316895,0.366516,0.292419,-0.051727,0.0,0.0,0.0,0.09175527920148824,-0.0374553304892092,0.16289659323843012,0.0,0.0,0.0
0.0125,-0.012695,-0.007568,1.313232,0.427551,0.017761,0.161896,0.0,0.0,0.0,0.09400174694910671,-0.03827205602159448,0.1649408773382238,0.0,0.0,0.0
0.0121,-0.009521,-0.007324,1.312256,0.397034,0.41449,0.039825,0.0,0.0,0.0,0.09585967156404002,-0.03646874520665392,0.16536979751389302,0.0,0.0,0.0
0.0115,-0.009277,-0.012695,1.3125,0.274963,0.353455,0.131378,0.0,0.0,0.0,0.09249340422481411,-0.03577889739197745,0.1668885110798935,0.0,0.0,0.0
0.012,-0.010742,-0.004883,1.311523,0.213928,0.231384,0.070343,0.0,0.0,0.0,0.09380537683180039,-0.035384195762544236,0.1676729595130905,0.0,0.0,0.0
0.0123,-0.010986,-0.00708,1.315186,0.274963,0.292419,-0.082245,0.0,0.0,0.0,0.09445345642144888,-0.03400565473545932,0.16663866908375077,0.0,0.0,0.0
0.0122,-0.008545,-0.004395,1.311035,0.335999,0.109314,0.192413,0.0,0.0,0.0,0.09758530866674968,-0.03650875656616,0.16886493424372034,0.0,0.0,0.0
0.0117,-0.009766,-0.006592,1.314697,0.335999,0.170349,0.253448,0.0,0.0,0.0,0.09906593636812314,-0.037502140182978295,0.171773224429048,0.0,0.0,0.0
0.0119,-0.012451,-0.008789,1.314453,0.427551,0.078796,0.192413,0.0,0.0,0.0,0.10023273307158351,-0.03775039925998287,0.17410217462477173,0.0,0.0,0.0
0.0123,-0.013428,-0.004883,1.317871,0.335999,0.139832,0.161896,0.0,0.0,0.0,0.10301697232881146,-0.036574973141679935,0.17610428385250554,0.0,0.0,0.0
0.0121,-0.010254,-0.008057,1.317383,0.488586,0.139832,0.436554,0.0,0.0,0.0,0.10545242565962677,-0.0375219997856735,0.1813631957774591,0.0,0.0,0.0
0.0125,-0.011475,-0.003906,1.31665,0.427551,0.078796,-0.051727,0.0,0.0,0.0,0.11001820804267692,-0.03834511824302764,0.1806666107591225,0.0,0.0,0.0
0.0114,-0.010742,-0.008545,1.319824,0.580139,0.353455,0.192413,0.0,0.0,0.0,0.11277212942475648,-0.03662018214582056,0.1828633398735211,0.0,0.0,0.0
0.012,-0.009277,-0.007812,1.318359,0.671692,0.231384,0.192413,0.0,0.0,0.0,0.11740571295943866,-0.0371014470795732,0.18512786769466552,0.0,0.0,0.0
0.0123,-0.009521,-0.008789,1.313232,0.366516,0.383972,-0.14328,0.0,0.0,0.0,0.11784072895306492,-0.03549479838086305,0.18334494845292115,0.0,0.0,0.0
0.0121,-0.010498,-0.010254,1.31665,0.488586,0.445007,0.283966,0.0,0.0,0.0,0.11872333491125436,-0.032615970456745684,0.18680701130214789,0.0,0.0,0.0
0.0121,-0.012695,-0.006836,1.314209,0.274963,0.017761,0.009308,0.0,0.0,0.0,0.11925670470512428,-0.033452486332238095,0.18694149712944066,0.0,0.0,0.0
0.0114,-0.01123,-0.009766,1.318359,0.274963,0.383972,0.161896,0.0,0.0,0.0,0.11772312686349597,-0.031102455754836267,0.1888210654259848,0.0,0.0,0.0
0.0122,-0.013672,-0.009277,1.312988,0.397034,0.475525,0.161896,0.0,0.0,0.0,0.11820702607957387,-0.025805203768199156,0.19088631736526174,0.0,0.0,0.0
0.0122,-0.010986,-0.010498,1.318115,0.519104,0.109314,0.283966,0.0,0.0,0.0,0.11939447935823667,-0.026704491037251744,0.19437869753772105,0.0,0.0,0.0
0.0115,-0.011719,-0.011475,1.313477,0.671692,0.200867,-0.082245,0.0,0.0,0.0,0.12132120939207808,-0.026151964655075202,0.19349665633040342,0.0,0.0,0.0
0.0129,-0.009521,-0.005615,1.313965,0.305481,0.353455,0.345001,0.0,0.0,0.0,0.1232394061296946,-0.024798306380496633,0.1978696743617676,0.0,0.0,0.0
0.0113,-0.011719,-0.006348,1.315186,0.458069,0.200867,0.467072,0.0,0.0,0.0,0.12589611833541706,-0.02431131092430583,0.20313680748527355,0.0,0.0,0.0
0.0121,-0.010742,-0.008057,1.31958,0.397034,0.200867,0.192413,0.0,0.0,0.0,0.12707986942063587,-0.024274693059916624,0.2054545902138424,0.0,0.0,0.0
0.0122,-0.010986,-0.011719,1.314453,0.244446,0.292419,-0.082245,0.0,0.0,0.0,0.12411961349501793,-0.022958611496862968,0.20450344969308462,0.0,0.0,0.0
0.0122,-0.011963,-0.010254,1.313965,0.549622,0.353455,0.222931,0.0,0.0,0.0,0.12581036478338412,-0.020306378828452168,0.20728013246437124,0.0,0.0,0.0
0.0113,-0.009277,-0.005127,1.316895,0.793762,0.017761,-0.051727,0.0,0.0,0.0,0.13298315795778323,-0.023429455037577002,0.20659448214270762,0.0,0.0,0.0
0.0121,-0.009766,-0.003662,1.316162,0.458069,-0.043274,0.039825,0.0,0.0,0.0,0.13761366416941054,-0.02692358569156394,0.2069686270227399,0.0,0.0,0.0
0.0121,-0.011475,-0.005615,1.311035,0.458069,0.231384,-0.051727,0.0,0.0,0.0,0.14096093897571463,-0.026016800614565704,0.20632190020505814,0.0,0.0,0.0
0.0122,-0.013184,-0.010742,1.311279,0.366516,0.322937,0.070343,0.0,0.0,0.0,0.13997596650105854,-0.02291463928802172,0.20728827950739573,0.0,0.0,0.0
0.0116,-0.009277,-0.009033,1.317139,0.580139,0.41449,0.161896,0.0,0.0,0.0,0.1423360743728554,-0.021435502124456548,0.20914002422206227,0.0,0.0,0.0
0.0121,-0.010742,-0.011475,1.314209,0.427551,0.048279,0.131378,0.0,0.0,0.0,0.14159845875231578,-0.023232156041118116,0.2107737825578908,0.0,0.0,0.0
0.0127,-0.013672,-0.008301,1.310303,0.458069,0.170349,-0.051727,0.0,0.0,0.0,0.1434943730346498,-0.021603873615562433,0.21019689876876238,0.0,0.0,0.0
0.0113,-0.013916,-0.006836,1.313477,0.488586,0.078796,0.161896,0.0,0.0,0.0,0.14600826111766702,-0.021102653826389754,0.21208648682762019,0.0,0.0,0.0
0.0126,-0.010498,-0.008789,1.312744,0.244446,0.261902,0.161896,0.0,0.0,0.0,0.1448584767493853,-0.020365537287021743,0.21412387868202573,0.0,0.0,0.0
0.0121,-0.008789,-0.008789,1.307617,0.274963,0.048279,0.131378,0.0,0.0,0.0,0.14396178335203041,-0.023400983273563096,0.21565582389102358,0.0,0.0,0.0
0.0111,-0.012207,-0.008301,1.314941,0.366516,0.475525,0.161896,0.0,0.0,0.0,0.14413811437878352,-0.019601996169912005,0.21749777390894307,0.0,0.0,0.0
0.0122,-0.011719,-0.01001,1.312988,0.213928,0.231384,0.222931,0.0,0.0,0.0,0.14180707091827324,-0.018580522020946864,0.22026774232823224,0.0,0.0,0.0
0.0121,-0.014404,-0.009521,1.3125,0.488586,0.078796,0.070343,0.0,0.0,0.0,0.14307697023813376,-0.01774237188508748,0.2212353165942035,0.0,0.0,0.0
0.0121,-0.010498,-0.009277,1.318115,0.610657,0.383972,0.345001,0.0,0.0,0.0,0.145962057910014,-0.015685625715970052,0.22541375904002342,0.0,0.0,0.0
0.0121,-0.010742,-0.011719,1.314941,0.458069,0.383972,0.070343,0.0,0.0,0.0,0.14547627032895352,-0.013495777010867483,0.226314021506713,0.0,0.0,0.0
0.0115,-0.011475,-0.01123,1.309326,0.580139,0.170349,-0.204315,0.0,0.0,0.0,0.14641078057872592,-0.013529978854490983,0.22402087099570633,0.0,0.0,0.0
0.0128,-0.014893,-0.010254,1.31665,0.488586,0.048279,0.222931,0.0,0.0,0.0,0.14754555071418413,-0.012781409850027863,0.22701603761440287,0.0,0.0,0.0
0.0122,-0.008545,-0.004639,1.318604,0.519104,0.139832,0.100861,0.0,0.0,0.0,0.15221432608702,-0.014870083202662695,0.2281050315555964,0.0,0.0,0.0
0.0111,-0.013672,-0.010254,1.312744,0.580139,0.383972,0.222931,0.0,0.0,0.0,0.15347731654337518,-0.011255919632266647,0.2306951273057131,0.0,0.0,0.0
0.0127,-0.009277,-0.011475,1.311768,0.366516,0.292419,0.161896,0.0,0.0,0.0,0.15220564657285607,-0.010936680953018725,0.23274558258447198,0.0,0.0,0.0
0.0112,-0.013916,-0.007568,1.321045,0.366516,0.170349,-0.02121,0.0,0.0,0.0,0.15283741536890316,-0.009530985789106576,0.232579667419056,0.0,0.0,0.0
0.0121,-0.010498,-0.01001,1.308594,0.519104,0.170349,-0.051727,0.0,0.0,0.0,0.15409558762603062,-0.010101353519758464,0.2319570289923787,0.0,0.0,0.0
0.0121,-0.013916,-0.006836,1.313965,0.274963,0.139832,0.009308,0.0,0.0,0.0,0.15438379227427243,-0.00892150813802008,0.23212871438831112,0.0,0.0,0.0
0.0124,-0.010498,-0.006104,1.312744,0.366516,0.200867,0.161896,0.0,0.0,0.0,0.1563225437820871,-0.009068166236355464,0.23407571477961672,0.0,0.0,0.0
0.0121,-0.013916,-0.007568,1.320801,0.519104,0.078796,-0.02121,0.0,0.0,0.0,0.15907310239682207,-0.008625284624591277,0.23388957877148248,0.0,0.0,0.0
0.0123,-0.015625,-0.008301,1.311768,0.488586,0.292419,0.009308,0.0,0.0,0.0,0.16106546767093424,-0.004529579907942281,0.2341465363521303,0.0,0.0,0.0
0.0114,-0.010742,-0.008789,1.316406,0.183411,0.231384,0.192413,0.0,0.0,0.0,0.15887846213710086,-0.004413938331666139,0.23632764479117904,0.0,0.0,0.0
0.0116,-0.012207,-0.00708,1.319824,0.366516,0.292419,-0.082245,0.0,0.0,0.0,0.15990410406920527,-0.0026440545311167884,0.23538258803301748,0.0,0.0,0.0
0.0125,-0.010498,-0.016602,1.319092,0.274963,0.109314,-0.082245,0.0,0.0,0.0,0.15432845024051273,-0.003936247144858393,0.23445608576099752,0.0,0.0,0.0
0.0123,-0.011719,-0.008057,1.315918,0.427551,0.383972,0.131378,0.0,0.0,0.0,0.1558032298754654,-0.0011631678905686443,0.2360806483456399,0.0,0.0,0.0
0.0121,-0.014648,-0.006836,1.31958,0.610657,0.322937,0.039825,0.0,0.0,0.0,0.1601181409768285,0.0025599105254783734,0.23664562124937485,0.0,0.0,0.0
0.0119,-0.01123,-0.01001,1.312988,0.274963,0.231384,0.009308,0.0,0.0,0.0,0.1583787097059766,0.0030200636411496966,0.2367721462855495,0.0,0.0,0.0
0.0121,-0.011475,-0.008789,1.319092,0.641174,0.048279,0.192413,0.0,0.0,0.0,0.16185390816745768,0.0014838949371648738,0.23910040479834205,0.0,0.0,0.0
0.0113,-0.013428,-0.008057,1.312744,0.580139,0.078796,0.009308,0.0,0.0,0.0,0.1645429548055344,0.0014538683144256935,0.23926136475406592,0.0,0.0,0.0
0.0126,-0.010498,-0.01001,1.314453,0.549622,0.170349,0.100861,0.0,0.0,0.0,0.16638637404568832,0.0008869293517498484,0.24052446343786213,0.0,0.0,0.0
0.0118,-0.009766,-0.009277,1.315918,0.671692,0.261902,-0.02121,0.0,0.0,0.0,0.1696529380731319,0.0008277456069924761,0.24023335223933281,0.0,0.0,0.0
0.0121,-0.013916,-0.013184,1.308838,0.549622,0.170349,0.161896,0.0,0.0,0.0,0.16923578404656828,0.0022527495382414333,0.24235708923914484,0.0,0.0,0.0
0.0121,-0.014404,-0.006836,1.310059,0.274963,0.139832,0.283966,0.0,0.0,0.0,0.1693981264801425,0.003590430105555273,0.24586478660778224,0.0,0.0,0.0
0.0122,-0.011963,-0.00708,1.313721,0.671692,0.078796,0.039825,0.0,0.0,0.0,0.17423115368987024,0.002723813622745222,0.24633995025350502,0.0,0.0,0.0
0.0112,-0.009766,-0.011475,1.314697,0.549622,0.322937,0.009308,0.0,0.0,0.0,0.1743524046325781,0.0031741622107713694,0.24643751900978403,0.0,0.0,0.0
0.012,-0.012207,-0.007324,1.310547,0.305481,0.506042,0.131378,0.0,0.0,0.0,0.1745108452114314,0.007513228632251817,0.2480287056220881,0.0,0.0,0.0
0.0122,-0.01416,-0.009033,1.316406,0.458069,0.078796,0.161896,0.0,0.0,0.0,0.1755499730430808,0.007931277255361366,0.2501010244935709,0.0,0.0,0.0
0.0122,-0.009766,-0.008301,1.312988,0.549622,0.078796,0.070343,0.0,0.0,0.0,0.17811930503693174,0.005697636644533325,0.2508885079940286,0.0,0.0,0.0
0.0121,-0.009521,-0.01123,1.314209,0.488586,0.109314,0.314484,0.0,0.0,0.0,0.17811746130606904,0.003693400800269705,0.25466737505239734,0.0,0.0,0.0
0.0123,-0.011475,-0.006104,1.314453,0.427551,0.383972,0.283966,0.0,0.0,0.0,0.18055639928024575,0.0062529675489782326,0.2581265083831781,0.0,0.0,0.0
0.0113,-0.01123,-0.01123,1.3125,0.427551,0.261902,-0.234833,0.0,0.0,0.0,0.17946592950728724,0.0069131412740087,0.25551299908277414,0.0,0.0,0.0
0.0121,-0.010498,-0.010986,1.319824,0.244446,0.292419,0.131378,0.0,0.0,0.0,0.17670523882127237,0.007701230531484346,0.2571119302724396,0.0,0.0,0.0
0.012,-0.007812,-0.007568,1.322998,0.274963,0.292419,0.253448,0.0,0.0,0.0,0.17636284665893787,0.0068547832653539685,0.26000513510523987,0.0,0.0,0.0
0.0122,-0.008057,-0.009033,1.317871,0.305481,0.383972,0.100861,0.0,0.0,0.0,0.1755648622202461,0.0073173432085931025,0.26112651625278493,0.0,0.0,0.0
0.0122,-0.013916,-0.009033,1.318359,0.488586,0.170349,0.161896,0.0,0.0,0.0,0.1769877237155713,0.008699918364338565,0.26320211757446554,0.0,0.0,0.0
0.012,-0.012451,-0.004883,1.311523,0.488586,0.048279,0.131378,0.0,0.0,0.0,0.18078009643022613,0.007703879571788562,0.26474564980255944,0.0,0.0,0.0
0.0115,-0.011719,-0.006104,1.314941,0.366516,0.048279,0.070343,0.0,0.0,0.0,0.18217441310759164,0.0062651972476780475,0.2655185080358272,0.0,0.0,0.0
0.0121,-0.008789,-0.012207,1.312256,0.641174,0.292419,0.283966,0.0,0.0,0.0,0.18340375091433314,0.006026032808679218,0.26893088172537444,0.0,0.0,0.0
0.0122,-0.010742,-0.006348,1.315674,0.549622,0.322937,0.192413,0.0,0.0,0.0,0.18709081781314313,0.007367545448286892,0.27122228835822165,0.0,0.0,0.0
0.0122,-0.012451,-0.008545,1.313477,0.274963,0.292419,0.100861,0.0,0.0,0.0,0.18610842196952354,0.009348623755191755,0.2724993810865944,0.0,0.0,0.0
0.012,-0.01123,-0.007568,1.316895,0.488586,0.017761,0.131378,0.0,0.0,0.0,0.18820932623809944,0.007265652844089706,0.2740493501122495,0.0,0.0,0.0
0.012,-0.011475,-0.007324,1.314697,0.488586,0.170349,0.009308,0.0,0.0,0.0,0.19043251109501624,0.0071651360987997435,0.2741462654017575,0.0,0.0,0.0
0.0121,-0.013672,-0.009277,1.314209,0.641174,0.078796,-0.082245,0.0,0.0,0.0,0.1933420013262349,0.007301666775870508,0.27325350454721675,0.0,0.0,0.0
0.0116,-0.010742,-0.004883,1.313965,0.244446,0.231384,0.009308,0.0,0.0,0.0,0.19397567290201406,0.00739923631516065,0.2732754986697929,0.0,0.0,0.0
0.0123,-0.007324,-0.009033,1.312744,0.427551,0.109314,0.161896,0.0,0.0,0.0,0.19452403581170225,0.004121899441511974,0.2751280025080555,0.0,0.0,0.0
0.0121,-0.01416,-0.006104,1.313477,0.305481,0.017761,-0.173798,0.0,0.0,0.0,0.1952693179283674,0.0038561425374041346,0.2730889721130558,0.0,0.0,0.0
0.0115,-0.01123,-0.010498,1.314453,0.519104,0.261902,0.009308,0.0,0.0,0.0,0.19564663127346232,0.004610229082849055,0.2732405542185824,0.0,0.0,0.0
0.0124,-0.013916,-0.008789,1.313232,0.427551,0.261902,-0.082245,0.0,0.0,0.0,0.19637238994580827,0.00719096807767786,0.2723344733205076,0.0,0.0,0.0
0.0122,-0.010498,-0.007568,1.316162,0.488586,-0.104309,0.161896,0.0,0.0,0.0,0.19847463549441804,0.003232320048740189,0.2742554449810605,0.0,0.0,0.0
0.0113,-0.010498,-0.005127,1.313721,0.458069,0.139832,-0.02121,0.0,0.0,0.0,0.2012318869096312,0.0021453981840161844,0.27392691212786613,0.0,0.0,0.0
0.0118,-0.008301,-0.005859,1.313721,0.549622,0.292419,0.253448,0.0,0.0,0.0,0.20482288797318934,0.0016065317361280162,0.27676754305961987,0.0,0.0,0.0
0.0122,-0.011719,-0.010254,1.312988,0.458069,0.445007,0.192413,0.0,0.0,0.0,0.20487705879955195,0.005061836891858861,0.27918910278103864,0.0,0.0,0.0
0.0122,-0.012695,-0.008301,1.313477,0.580139,0.200867,0.161896,0.0,0.0,0.0,0.20756556450709823,0.006115537713633538,0.28122672467693727,0.0,0.0,0.0
0.0122,-0.012695,-0.010498,1.320068,0.397034,0.170349,0.100861,0.0,0.0,0.0,0.20672862136252773,0.006798906270622434,0.2825598735963242,0.0,0.0,0.0
0.0121,-0.012451,-0.009766,1.314453,0.335999,0.170349,0.100861,0.0,0.0,0.0,0.2055517179390285,0.007308359470796293,0.2838572316526654,0.0,0.0,0.0
0.0122,-0.013184,-0.003418,1.316162,0.274963,0.231384,0.009308,0.0,0.0,0.0,0.207447872381381,0.009006587122988765,0.2839543709892009,0.0,0.0,0.0
0.0111,-0.009521,-0.011475,1.31543,0.397034,0.292419,0.070343,0.0,0.0,0.0,0.20560326315774924,0.008937089146499218,0.2847326313578283,0.0,0.0,0.0
0.012,-0.009766,-0.009766,1.320801,0.397034,0.292419,0.222931,0.0,0.0,0.0,0.2051571295317092,0.009280544604163813,0.28738240783145974,0.0,0.0,0.0
0.0123,-0.011475,-0.013428,1.3125,0.549622,0.170349,0.131378,0.0,0.0,0.0,0.20450064510639812,0.009218700766350126,0.2891084210649038,0.0,0.0,0.0
0.012,-0.016602,-0.009033,1.31665,0.671692,0.139832,0.161896,0.0,0.0,0.0,0.20775162124062965,0.011779093683388676,0.29127732369851056,0.0,0.0,0.0
0.0125,-0.010254,-0.010986,1.320557,0.397034,0.200867,0.283966,0.0,0.0,0.0,0.20675920255054464,0.01138781031096958,0.294834527846437,0.0,0.0,0.0
0.012,-0.010742,-0.010742,1.314697,0.519104,0.353455,0.070343,0.0,0.0,0.0,0.2071597407457639,0.013000403265252768,0.29570629623030986,0.0,0.0,0.0
0.0121,-0.009521,-0.008789,1.315918,0.397034,0.353455,0.467072,0.0,0.0,0.0,0.20730568371746366,0.013894975841610117,0.3012957952825764,0.0,0.0,0.0
0.0122,-0.010254,-0.00708,1.311279,0.458069,0.231384,0.131378,0.0,0.0,0.0,0.20922984123856966,0.013779796593719121,0.3028285247199734,0.0,0.0,0.0
0.0111,-0.014404,-0.009277,1.316162,0.427551,0.261902,0.039825,0.0,0.0,0.0,0.20901616175508883,0.016215986380102014,0.3034163344649364,0.0,0.0,0.0
0.0126,-0.01123,-0.007324,1.315918,0.274963,0.292419,-0.082245,0.0,0.0,0.0,0.20868519541135194,0.017527396354676844,0.30235488660358345,0.0,0.0,0.0
0.012,-0.008301,-0.009277,1.314941,0.549622,-0.073792,-0.112762,0.0,0.0,0.0,0.21030301819945446,0.012574368121997819,0.3008818419788295,0.0,0.0,0.0
0.0122,-0.007324,-0.008301,1.312256,0.641174,0.261902,0.039825,0.0,0.0,0.0,0.21369004096418728,0.011118606850395443,0.30120531606190076,0.0,0.0,0.0
0.0111,-0.011719,-0.009033,1.316895,0.427551,0.139832,0.070343,0.0,0.0,0.0,0.2135818965256868,0.010661746403446205,0.30202031997702244,0.0,0.0,0.0
0.0123,-0.014648,-0.009521,1.3125,0.397034,-0.043274,0.192413,0.0,0.0,0.0,0.21331363134987108,0.009864461643591805,0.30454749471636494,0.0,0.0,0.0
0.0122,-0.012939,-0.008545,1.317627,0.122375,0.353455,0.070343,0.0,0.0,0.0,0.21027827466441135,0.012869776350949895,0.30548606525259725,0.0,0.0,0.0
0.0117,-0.010254,-0.004639,1.315674,0.244446,0.139832,-0.112762,0.0,0.0,0.0,0.21092644959724108,0.011622494296583935,0.3040430228355858,0.0,0.0,0.0
0.0123,-0.009766,-0.007568,1.3125,0.244446,0.200867,0.222931,0.0,0.0,0.0,0.20998507611000117,0.010903934782722356,0.30670574573522535,0.0,0.0,0.0
0.0121,-0.01123,-0.010742,1.314453,0.488586,0.200867,0.070343,0.0,0.0,0.0,0.21006084108217465,0.011027601848432784,0.3076072542290706,0.0,0.0,0.0
0.0122,-0.009033,-0.009521,1.317627,0.244446,0.292419,-0.02121,0.0,0.0,0.0,0.20796292583915207,0.01099273288560767,0.30728247388912044,0.0,0.0,0.0
0.0121,-0.012939,-0.009277,1.317383,0.580139,0.048279,-0.082245,0.0,0.0,0.0,0.21002518292296105,0.010305190281743913,0.30637480030036024,0.0,0.0,0.0
0.0114,-0.013184,-0.009521,1.3125,0.152893,0.445007,-0.204315,0.0,0.0,0.0,0.2066968970605224,0.014213078354190783,0.3041599302274332,0.0,0.0,0.0
0.0136,-0.011963,-0.008301,1.312988,0.519104,0.200867,0.039825,0.0,0.0,0.0,0.20937341482808144,0.015028876664945375,0.3047276751340075,0.0,0.0,0.0
0.0102,-0.01123,-0.007812,1.304199,0.427551,0.017761,-0.051727,0.0,0.0,0.0,0.20964039246902677,0.012876099441736165,0.30417571516117936,0.0,0.0,0.0
0.0127,0.015381,0.001953,1.315918,0.274963,0.139832,-1.241913,0.0,0.0,0.0,0.21479542462959633,-0.00324334885404207,0.28703727456273664,0.0,0.0,0.0
0.0115,-0.001709,0.00293,1.308838,0.732727,-0.134827,-1.9133,0.0,0.0,0.0,0.22537970020012865,-0.012449302791281295,0.26438517514741416,0.0,0.0,0.0016
0.0128,0.001709,0.004639,1.320068,1.465149,0.445007,-2.340546,0.00221437645705243,1.0186980715761978e-05,8.503322928602725e-07,0.24704031932405354,-0.01629501620828909,0.23364714385113192,0.001,0.0,0.0016
0.0111,-0.409424,-0.295898,1.097412,-1.556091,1.574158,12.399445,0.0022754229630111223,1.1406512609974678e-05,-8.49560644887096e-06,0.049823247618130936,0.2416311015619779,0.3953699062024007,0.001,0.0,0.0097
0.0124,0.083008,-0.297119,1.202881,-2.929382,-11.762024,14.230499,0.0038501779280820493,2.1666633899193935e-05,-1.1102331623514913e-05,-0.16459496849545865,0.034927932235798036,0.5630366157217468,0.002,0.0,0.0146
0.0123,0.467773,0.229248,1.582764,0.427551,1.787781,13.955841,0.005553686709475067,3.5301183596074046e-05,8.274697087239583e-06,-0.052838725777683206,-0.15948358525635603,0.702735137496026,0.004,0.0,0.013
0.0117,-0.063477,-0.039551,1.094482,4.394836,1.238464,1.99295,0.006758684766370349,5.0737671811055895e-05,7.5576785472223545e-06,-0.026008127722715452,-0.10924675997842483,0.7316340501034674,0.004,0.0,0.0113
0.0115,0.055664,-0.140381,1.185547,-5.340271,-6.513,6.479034,0.007500374252797796,5.995978889428867e-05,1.4497372189998929e-05,-0.17380493030691785,-0.22747590101776727,0.8046028292413584,0.006,0.0,0.0194
0.012,0.656738,0.234131,1.693115,0.94635,-0.836731,-3.500214,0.009462196011026299,8.034713453469784e-05,6.462238776821807e-05,-0.06482081301071367,-0.5048296310752837,0.7189759933432354,0.007,0.0,0.021
0.0128,0.18335,-0.049316,0.957764,2.83844,-4.681946,-1.943817,0.011695483243939344,0.00010555265470818449,0.00011332840938061831,-0.06255883156843675,-0.7132421039328884,0.680430389420046,0.009,0.0,0.0243
0.0116,0.311279,0.013184,1.215576,0.183411,-0.195862,-4.232635,0.014142587490145162,0.00012838078067489795,0.00018828868226780448,-0.04823672107805837,-0.9040677719576086,0.6058014359265977,0.012,0.0,0.0275
0.0121,0.337891,-0.016357,1.337646,-0.121765,3.924011,-4.995575,0.017281695121048327,0.0001551975208733013,0.00029083266860732774,-0.05439775627294115,-1.0406397420020534,0.5239685261154938,0.015,0.0,0.0275
0.0115,0.480957,0.131592,1.34082,3.143616,-2.026917,-10.915985,0.02064419430737288,0.00016948162897804114,0.00043638141821982467,0.05511850289715225,-1.309259433639326,0.35170408597186814,0.02,0.0,0.0324
0.0122,0.334717,0.087646,1.035156,2.472229,0.41449,-16.561737,0.025631657740828158,0.00018196854494030403,0.0006464900528576551,0.15239126957704677,-1.5282652209857777,0.10798972325249723,0.024,0.001,0.0372
0.0126,0.397949,0.214355,1.264893,6.561584,3.496765,-26.327362,0.03139271108878769,0.00016116129065492021,0.0009122002437519343,0.363067972680371,-1.6954083253233567,-0.2830620958679644,0.029,0.001,0.0405
0.0112,0.240234,-0.196289,1.638428,7.324524,10.332703,-22.146454,0.03647418199807796,0.0001547964875372072,0.0011224024514140786,0.3597487776232051,-1.6779518222847956,-0.5004780563512903,0.036,0.001,0.047
0.0122,0.490479,-0.038818,1.39917,-1.037292,3.924011,-21.627655,0.042269632847284876,9.700488520676522e-05,0.0014574880336794991,0.33450963303473,-1.8641456948306294,-0.773929422964183,0.04,0.001,0.0453
0.0124,0.248535,-0.10376,1.053467,-6.255798,0.933289,-24.130096,0.04850660091865166,2.9263360022008747e-05,0.0017904295284314686,0.19512563005851175,-2.0139782110579363,-1.0532113226460351,0.048,0.002,0.0405
0.0116,0.187012,-0.053955,1.075928,-4.699402,0.078796,-18.820038,0.05517482273051636,-8.720351107019406e-05,0.002133043803861645,0.11248883416186505,-2.131308852239687,-1.2648822412505345,0.054,0.002,0.0421
0.0122,0.205566,-0.009277,1.42749,3.998108,7.616638,-20.010223,0.06268673188473659,-0.0002610072142926683,0.002511058402041843,0.16615261542220464,-2.132788301216516,-1.515966778999782,0.061,0.002,0.0453
0.0123,0.151855,-0.2146,1.255371,3.96759,-3.583313,-10.641327,0.07010668250927307,-0.00038482477213696046,0.0028720039979840827,0.09222842884409316,-2.2525200309664792,-1.5866658027081912,0.07,0.003,0.0486
0.0113,0.286133,-0.063965,1.311768,-1.769714,-4.132629,-9.878387,0.0770602440368738,-0.0005773204701992655,0.0033284438937637786,0.04271915315595785,-2.443686651873977,-1.6973480315889162,0.076,0.003,0.0437
0.0123,0.01416,-0.122803,1.261963,-0.335388,6.151794,-8.230438,0.08483674644533118,-0.0007456957963327459,0.003648447974711474,-0.02999807693157393,-2.3608805816326597,-1.7562356971800825,0.085,0.003,0.047
0.0124,0.141357,-0.121094,0.768799,2.868958,-2.698303,-2.767792,0.09304890561667042,-0.0009259415846550629,0.0041721238793582405,-0.10478653481182226,-2.5179134804101544,-1.7447801508187293,0.092,0.004,0.0502
0.012,0.056152,0.007812,1.9729,-8.697205,14.696716,-1.9133,0.10086144094829444,-0.0011721388240279386,0.0045212008019102565,-0.20099567037593827,-2.344771380764687,-1.7729263011464975,0.098,0.004,0.0534
0.0122,0.035645,-0.023682,1.125732,-5.462341,4.625916,-0.540009,0.10859172802365791,-0.0014035894374588211,0.004855964350271657,-0.2775983654806364,-2.2987826209165925,-1.7754949473674866,0.109,0.005,0.055
0.0118,-0.102539,0.020752,1.349854,5.98175,0.109314,4.556427,0.11616788927013333,-0.001632723745239687,0.005023541463440576,-0.1926646884036076,-2.2241094994040957,-1.7194841408524646,0.115,0.005,0.0599
0.0115,0.024414,-0.137939,1.038574,0.854797,8.196472,11.544952,0.1240720308495404,-0.0017580094949861725,0.005341409923159222,-0.2842023191830353,-2.1357592857506744,-1.5349489892922492,0.122,0.005,0.0599
0.0126,-0.083252,-0.067383,1.843506,-9.734802,5.20575,10.782013,0.13252202650523856,-0.0019354726780037744,0.005550885902319455,-0.43409948899494094,-2.019365101711987,-1.378513117509358,0.131,0.006,0.0631
0.0116,-0.00415,0.032227,1.216553,4.638977,-0.867249,11.361847,0.14029323309316702,-0.0021513790372419744,0.005793353532464486,-0.3573906915020315,-2.014234309199716,-1.2585216381137303,0.138,0.006,0.0648
0.0125,-0.051758,-0.041504,0.973145,7.782288,0.933289,13.009796,0.14879708152719376,-0.0022790855376644695,0.005975315413582247,-0.2925388098041076,-1.9518204973554318,-1.0733766059562022,0.149,0.007,0.068
0.0115,-0.178467,-0.061279,1.385742,-6.438904,8.898376,16.671906,0.1561905861040035,-0.0023251845970642497,0.005961764598357234,-0.4007331002833759,-1.739887475825272,-0.8488181782592408,0.155,0.007,0.0712
0.012,-0.028809,-0.013184,1.47998,-8.544617,5.907654,15.420685,0.16397640059999952,-0.0024283105861383596,0.006135332435293475,-0.5079222905688076,-1.6428943856849525,-0.6600889073721845,0.161,0.008,0.0745
0.0126,-0.039307,0.089844,0.97876,3.784485,-7.581116,13.498077,0.17198155081129424,-0.0026081608787244088,0.006264958588469551,-0.3863023263659055,-1.7003185237257963,-0.5185231978151369,0.17,0.009,0.0777
0.0119,-0.209717,-0.041748,1.331299,-0.030212,5.266785,18.319855,0.1795234814743752,-0.002584316820787978,0.006137339183611964,-0.4104827955962883,-1.5089379702433914,-0.2719220016002286,0.177,0.009,0.0826
0.012,0.044434,0.025635,1.195312,-7.018738,-5.078674,22.561798,0.18729399363675325,-0.002666914922481324,0.006403254294205286,-0.4770725042319301,-1.5894899681042927,-0.014526906355909868,0.187,0.01,0.0874
0.0121,-0.147705,0.018799,1.623291,-1.434021,-4.346252,24.42337,0.1949340435751867,-0.002645777294881766,0.006377783486955745,-0.4866161825795246,-1.5601685898835242,0.28805782414740044,0.193,0.011,0.0907
0.0118,-0.025879,0.044678,1.674805,2.197571,3.344177,22.195587,0.202484854006084,-0.0026334903604209843,0.006517349172525951,-0.44009871226129293,-1.4977431518057784,0.5424080808797443,0.2,0.011,0.0939
0.0122,-0.013672,-0.067139,0.922119,2.319641,-5.536438,21.707306,0.21010322912586799,-0.0024862928234977194,0.0066719056027196855,-0.46665136230217885,-1.5478750386481135,0.8283067553424591,0.209,0.012,0.1004
0.0118,-0.117676,-0.004883,1.548584,9.64386,6.21283,23.202667,0.21736991713805376,-0.0023438981470911484,0.006652076769407237,-0.3565508600507437,-1.4065036294672537,1.111353150918046,0.214,0.013,0.1036
0.0122,0.030518,-0.047852,1.546875,7.355042,1.391052,19.601593,0.22489906612164623,-0.0021774236475029193,0.006865869332605054,-0.2912762899546484,-1.396205726320064,1.3556522657963845,0.224,0.014,0.1101
0.0112,-0.097412,-0.08252,1.20166,-2.410583,-9.625793,22.470245,0.2316904952196849,-0.0019042980179981683,0.006803070876180279,-0.3710078429465443,-1.4347533097653529,1.6356253485833883,0.23,0.014,0.115
0.0124,-0.058838,0.118408,1.018799,-1.006775,-5.933167,21.981964,0.2393281826226585,-0.0017812583411181164,0.006810689708839561,-0.29469109391531473,-1.458576368655808,1.8857783751085593,0.236,0.015,0.1166
0.0115,-0.060303,0.014648,0.978271,1.221008,1.024841,25.735626,0.24623368657728828,-0.0015437326609505073,0.00680052287230604,-0.2700585084403368,-1.3947929427715453,2.1840462772828464,0.245,0.016,0.1231
0.0124,-0.12915,0.04126,1.394775,1.343079,-3.735901,31.167755,0.2535263507974184,-0.0012491822101488798,0.0066862301701796755,-0.23518699365445947,-1.3620567081041892,2.5744456716953508,0.251,0.017,0.1279
0.0124,-0.044922,0.023193,1.707031,1.95343,1.970886,30.923615,0.26089803620003005,-0.0009178347463361567,0.006754563050666617,-0.20515825448173333,-1.3086664155118493,2.957856244361391,0.26,0.018,0.1344
0.0113,0.015625,0.029297,1.421631,5.157776,17.16864,27.230988,0.26753699685470084,-0.000602963303017584,0.006920806005736853,-0.13337550599985853,-1.1185321975585027,3.259055552248367,0.266,0.019,0.1409
0.0126,0.065918,0.051514,0.763672,8.819885,6.029724,21.890411,0.27468568161448154,-0.00031363879879511836,0.007321541611101449,0.02886627552649113,-1.1115848372768213,3.5104576937274343,0.272,0.02,0.1441
0.0117,-0.043945,-0.057617,1.903076,-8.697205,-10.754944,20.120392,0.28125021503435604,0.00013231547792821478,0.007355158407467264,-0.0983246656921298,-1.2127150846043604,3.7547676498243585,0.279,0.021,0.1522
0.0121,0.030762,0.214111,1.464355,-8.941345,-16.705872,23.813019,0.28848718916544047,0.00044643784549462797,0.007515263384817454,-0.09808154557592354,-1.4230667621115094,4.011252431241956,0.285,0.022,0.1538
0.012,-0.045166,0.108887,1.047119,3.418274,-5.38385,25.552521,0.29566097024140037,0.000855297626297571,0.007514272556749559,0.01837540522292989,-1.4499525326641534,4.299534133480214,0.295,0.023,0.1603
0.0118,0.006836,0.004883,0.852783,-1.983337,10.149597,26.101837,0.30250063976458524,0.0013551884047564371,0.007709325863098772,-0.0037288824236532425,-1.3358342256037272,4.604888305394633,0.3,0.024,0.1651
0.0126,-0.009033,-0.009766,1.251709,-3.326111,-14.08136,27.566681,0.3097531058068747,0.00194832452410352,0.007826799182047237,-0.05684086481364404,-1.5009010810277699,4.954131380483542,0.306,0.025,0.1668
0.0112,-0.021973,0.002686,2.664062,0.06134,4.870056,25.094757,0.31634746249581813,0.0025241172187576632,0.007923711577199595,-0.06061085835702947,-1.428972602489192,5.236015083719574,0.315,0.027,0.1732
0.012,0.012207,0.003418,0.903809,-2.685242,0.933289,21.127472,0.323448690616018,0.00316025397829152,0.008135477029543477,-0.09119001655536267,-1.4255804840856117,5.486961013204509,0.321,0.028,0.1749
0.0125,-0.007812,0.000977,0.387207,-3.448181,-16.003967,20.425568,0.33080080614384977,0.0038502506369025007,0.008301117630002708,-0.12836159314115236,-1.62218746772777,5.739876441557091,0.329,0.029,0.1781
0.0116,-0.011963,0.154541,2.009766,5.371399,2.276062,16.153107,0.3375309283768817,0.004448627964128712,0.008397488966123747,-0.010031341143032018,-1.5800256317574288,5.913627768095803,0.335,0.03,0.183
0.012,-0.024902,-0.084473,1.495361,5.127258,-8.099915,17.312775,0.3443930308368692,0.005224837238138562,0.008497808531201464,0.004191777146395764,-1.6548639935673803,6.132839473396,0.341,0.031,0.1846
0.0128,0.081055,0.050537,1.064697,-1.403503,-13.806702,18.25882,0.3519065370228984,0.0059566611375407265,0.008936941026160968,0.018978202112334464,-1.8807841418676823,6.353552275759148,0.35,0.033,0.1878
0.0119,0.020508,0.011963,1.415527,3.998108,0.933289,20.303497,0.35871557348881206,0.006702835391411606,0.00915662532486159,0.06707924904791118,-1.8694783866054638,6.5932745979141,0.356,0.034,0.1911
0.0116,0.12207,0.055664,1.35498,4.97467,-1.935364,16.214142,0.3653375619730513,0.007399763047624446,0.009641185675820715,0.15137984567121837,-1.9489405049165598,6.769738810024801,0.361,0.035,0.1927
0.0123,0.122314,0.032715,1.380615,-2.593689,-1.233459,12.216339,0.3724111794837066,0.008191546902752584,0.010150437127778423,0.13390864359733992,-2.019237614432318,6.91187317768964,0.369,0.037,0.1943
0.0121,-0.026611,-0.037842,1.026123,-7.232361,-0.562073,13.34549,0.3794606119055603,0.009096408014784212,0.010260978847092844,0.01540131583336282,-1.9966420631730701,7.081717851447957,0.375,0.038,0.1975
0.0113,0.162598,0.169922,1.12207,-0.884705,-7.459045,14.138947,0.38606050285293375,0.009699119796545506,0.010930032761591504,0.11485653699381859,-2.1756539426262598,7.206353889414895,0.384,0.04,0.1975
0.0124,0.065918,0.110352,1.709229,0.854797,4.198669,12.857208,0.3933393812816403,0.010528426249762718,0.011257834461368481,0.16970715976440967,-2.1376767922016575,7.351714787626902,0.39,0.041,0.1975
0.0121,-0.119873,-0.046631,1.269287,-11.077576,-7.031799,13.7117,0.4005161384100793,0.011506458335047388,0.011086937679704516,0.0037248718521599986,-2.137797765039663,7.526692791694695,0.396,0.042,0.2008
0.0122,0.026855,0.044922,1.254639,-9.88739,-15.607239,13.925323,0.4078487098230674,0.012421240499565996,0.011353752340414771,-0.09190205150376936,-2.3292182885277,7.688736064120165,0.404,0.044,0.2008
0.0117,-0.002197,-0.014893,1.535156,0.06134,9.905457,11.270294,0.41499339380756706,0.01339372694804316,0.011558353784870237,-0.10051591870369003,-2.196498284634345,7.821931083363461,0.411,0.045,0.2008
0.0116,-0.044189,-0.125,1.4104,-1.769714,-0.684143,6.875763,0.42187332951625456,0.014450024374509084,0.01164520279400539,-0.18792218384879436,-2.165942954137037,7.918444074322877,0.42,0.047,0.2024
0.0125,0.025146,0.072998,1.579102,-7.079773,-0.745178,6.814728,0.42952307326010475,0.015446684414197704,0.011898432668123361,-0.23904564660955302,-2.171738310276584,7.994268566544461,0.426,0.048,0.204
0.0114,0.005371,0.081787,0.947266,-0.243835,-8.435608,4.129181,0.43653036471949097,0.01631040576541523,0.012089424718864223,-0.17160492164065394,-2.260651411274004,8.025056736267866,0.432,0.05,0.2024
0.013,-0.039795,-0.021729,1.495117,1.159973,-10.327698,3.88504,0.44456925500989364,0.017453020768087538,0.012198360487908901,-0.16572291267174338,-2.357396687144531,8.078114635820027,0.44,0.051,0.204
0.0116,0.279297,0.187256,1.469971,4.028625,3.771423,-6.002655,0.4519108844784368,0.018345296099014727,0.013168137668260077,-0.01901532403662566,-2.436038421356954,7.985022606510462,0.446,0.053,0.2024
0.0115,-0.020508,-0.11377,0.835693,-5.370789,-5.933167,-0.570526,0.45869410853491416,0.019470148704388155,0.013327489585643714,-0.17848239726103177,-2.4737681036106625,8.002780690142119,0.456,0.054,0.2024
0.0123,-0.018066,0.1604,1.456543,-10.00946,-3.552795,-3.317108,0.46620461989751916,0.020359931696657403,0.013448661961056724,-0.21063934942735912,-2.490512130194677,7.940950943958585,0.462,0.056,0.1991
0.0116,-0.057617,0.168701,1.304688,-0.121765,-1.630188,-4.354706,0.4733417777946032,0.021158523328389016,0.013412196397848441,-0.10729552094435141,-2.4599023683207313,7.866201669059351,0.468,0.057,0.1991
0.012,0.047119,0.040771,1.281006,5.462952,-1.691223,-0.601044,0.4805449972955633,0.022112515686060666,0.013779118547570484,-0.013857974871918647,-2.4912299179712565,7.853273153602141,0.477,0.059,0.1991
0.0126,0.121826,0.065186,1.027344,5.066223,-13.837219,-4.202118,0.4883150582389668,0.02313881326818647,0.014542151033252274,0.10309933754467347,-2.7372924305999553,7.791437630379098,0.483,0.06,0.1975
0.0122,0.011719,-0.044434,1.873291,9.033508,-3.888489,-9.08493,0.4958331144756361,0.02418893326559177,0.014800627513732225,0.20009703291708503,-2.7665538312097406,7.683931174395728,0.493,0.062,0.1943
0.0116,0.217773,0.169678,1.26709,12.756653,10.36322,-15.279999,0.5030690817507375,0.025060990223543324,0.0157907395361194,0.454083305113498,-2.751978611314672,7.4890533133415405,0.499,0.063,0.1943
0.0117,-0.036865,-0.108887,0.987793,5.035706,-1.172424,-19.003143,0.5099064923791009,0.02608972559482042,0.015867840716723373,0.4381804999764644,-2.7194937661336778,7.285182087596688,0.505,0.064,0.1911
0.0119,-0.013672,0.041016,1.330322,-3.478699,0.719666,-19.125214,0.5170022189221544,0.02693534341944328,0.016024749727364514,0.42966637942973385,-2.6820264312116784,7.050798375751337,0.513,0.066,0.1846
0.0121,-0.005615,0.148926,1.302246,4.97467,-4.315735,-18.484344,0.5244011023660137,0.02767745014345414,0.016200706543011496,0.5847435550211709,-2.7095371354999145,6.805602301893596,0.519,0.067,0.1797
0.0119,-0.065186,0.034912,1.446533,4.059143,-1.019836,-13.052216,0.5313933091517803,0.02843384793178748,0.016173764394183818,0.654778373684773,-2.6658250327661905,6.642894146811932,0.528,0.069,0.1781
0.012,0.072021,-0.057617,1.040527,-5.401306,-5.536438,-9.695282,0.5387010479848268,0.029395627827845966,0.01675908330374249,0.550594021454471,-2.765880647050168,6.5378154526152885,0.534,0.07,0.1765
0.0129,0.068604,0.033203,1.55249,-4.058533,7.006287,-15.737762,0.5464884121040088,0.030276285973707573,0.01722193393403059,0.5212155226181496,-2.6866364573126575,6.333337715349428,0.54,0.071,0.1732
0.012,-0.02124,0.010742,1.419434,-1.281433,4.107117,-16.683807,0.5534670552190538,0.031016562033450167,0.017344683729519944,0.5181327419257671,-2.6049980957608363,6.130690971251039,0.548,0.072,0.17
0.0121,0.124268,0.024658,1.250732,-0.030212,-2.759338,-17.843475,0.5606148776619712,0.031817293021857276,0.018052907156192358,0.5399375972125409,-2.692707449832297,5.91547010461106,0.554,0.073,0.1651
0.0111,-0.115234,-0.10376,1.037354,3.815002,-1.630188,-19.55246,0.5671862718143933,0.0325423193152969,0.01769491051763495,0.514503730232981,-2.609723953687409,5.708248772408308,0.564,0.075,0.1603
0.0123,-0.04834,-0.045654,1.281738,9.094543,-0.836731,-21.414032,0.5744651347856918,0.03328119216808071,0.017710435914801457,0.6073488631358939,-2.57095714448599,5.448103080373947,0.569,0.076,0.1571
0.0121,0.026123,-0.134033,1.442871,5.218811,-12.097717,-28.799286,0.5817036280703523,0.03407886111485588,0.017999301692419166,0.6113398841749247,-2.7074714946431317,5.1111960025178735,0.575,0.077,0.1538
0.0118,-0.070312,-0.029297,1.309082,-2.532654,4.686951,-27.334442,0.5886920662691473,0.03469821140424788,0.01791678245126441,0.575993663636318,-2.58977912068973,4.790908347416105,0.585,0.078,0.149
0.0122,-0.015137,0.096924,1.26416,2.899475,0.139832,-25.045624,0.5958760667024044,0.03521126578659159,0.018053455012684516,0.6799736713635535,-2.5579329966483133,4.475462003063075,0.59,0.079,0.1441
0.0117,-0.065186,-0.075684,1.358887,2.289124,0.719666,-20.406952,0.6026526152286494,0.035763898130664946,0.017972000578966595,0.6701523550823548,-2.492904116878185,4.241947261260362,0.596,0.08,0.1409
0.0121,-0.035645,0.037354,1.44873,-1.922302,8.593201,-17.935028,0.6096621890282798,0.036246604533816174,0.018025219096992492,0.6714918270068138,-2.35091193829554,4.022893898434122,0.604,0.081,0.136
0.0123,-0.031006,-0.020264,1.106934,-3.204041,3.5578,-21.871796,0.6166038878268151,0.03673343269260946,0.01805948797281352,0.6255665043622146,-2.269349870240561,3.755388090373798,0.61,0.082,0.1328
0.0118,-0.049316,-0.073242,1.211182,0.458069,-6.177307,-24.069061,0.6234911193221003,0.037209404009143514,0.017998355160367022,0.592630200102738,-2.2938484786643487,3.4751831772234842,0.619,0.083,0.1263
0.0126,0.06665,-0.092773,1.502441,-1.311951,2.30658,-24.526825,0.630966840149792,0.037715317159694665,0.018420155755609145,0.5375752666620404,-2.2795473993334423,3.171971838313761,0.625,0.083,0.1214
0.0117,-0.010986,0.053467,1.210205,-1.311951,-3.003479,-26.35788,0.6378265494327889,0.03805988303079011,0.018542332702873893,0.5657930023329701,-2.2902860130846587,2.859459966275089,0.631,0.084,0.1198
0.0121,-0.064941,0.018799,1.489502,0.641174,-4.590393,-29.318085,0.6450743531739177,0.03839715252625305,0.01846773351125591,0.5939234197766171,-2.292646312204376,2.5027217189818005,0.639,0.085,0.115
0.0119,-0.049072,-0.109619,0.846924,-3.936462,7.097839,-25.106659,0.6523319540472855,0.03876962853163962,0.01834243775965678,0.4595281555776451,-2.1529089379774717,2.2131258597491463,0.645,0.086,0.1133
0.0115,-0.001953,-0.083252,1.441406,-3.814392,-1.569153,-22.329559,0.6589893534302045,0.03905496350959664,0.018463865358550446,0.3793630160681525,-2.153553286632967,1.9598538840828492,0.655,0.087,0.1101
0.0127,0.022217,-0.136719,1.414062,2.991028,4.381775,-19.125214,0.6662046557507686,0.03934734868619762,0.018698946994712046,0.3509753769916128,-2.0946906342793654,1.7228562397754805,0.66,0.088,0.1069
0.012,0.09375,-0.067139,1.055664,-2.410583,-2.637268,-18.301239,0.6731530818342732,0.03957342846310753,0.01935573905292722,0.28193007058299707,-2.1806688299469945,1.5044266447547978,0.666,0.088,0.102
0.0113,0.019043,0.065674,1.423828,-3.692322,7.46405,-18.606415,0.6797474445428807,0.039719927249792036,0.01959237250531754,0.2831837814622479,-2.091729342722137,1.2915515401408373,0.674,0.089,0.1004
0.0123,-0.049072,-0.086426,1.166016,4.822083,-2.60675,-19.033661,0.6872100412476005,0.03994394043829779,0.01950771298712176,0.2941017942707771,-2.0786530141937294,1.0637177985374422,0.68,0.09,0.1004
0.0123,-0.012451,-0.033203,1.233643,5.462952,-6.024719,-16.866913,0.6944903177340859,0.04010150396148776,0.019604128897200992,0.34745409508535474,-2.1308824202997196,0.8583985420804404,0.69,0.09,0.0955
0.0121,0.030029,-0.114258,1.541748,0.793762,-4.102112,-18.484344,0.7015922542711622,0.04024185360774473,0.019840105260029443,0.30753457033104087,-2.178881063217977,0.638444572178961,0.695,0.091,0.0939
0.0112,-0.033203,-0.14209,1.393799,5.279846,4.259705,-12.99118,0.7082796219907304,0.04038236016997159,0.01981323435382374,0.2935142672507017,-2.0988464179784687,0.5008350755192701,0.701,0.092,0.0907
0.0122,0.064697,0.003662,1.299316,7.232971,-3.552795,-12.289276,0.7153693288331882,0.04042273213913596,0.020262656568577984,0.3881963450683949,-2.165555870006669,0.3484002467694822,0.709,0.092,0.0907
0.0123,0.039551,-0.014648,1.34375,1.251526,3.039001,-14.517059,0.7226249395614697,0.04046461079932179,0.020600755489116575,0.40034166434829,-2.1357211689571622,0.16991847460379814,0.715,0.093,0.0907
0.0122,0.022949,0.005859,0.994385,-1.18988,4.503845,-9.695282,0.7297491903238189,0.040476565731701386,0.02092649694949229,0.3942189799746064,-2.087322909208543,0.0510191135466337,0.725,0.094,0.0874
0.0113,0.177979,0.056885,1.190186,-0.365906,-4.742981,-12.197723,0.7361630225452003,0.04037300283496513,0.02195707633349616,0.429794372240557,-2.2382874399922437,-0.0981218580599776,0.73,0.094,0.0858
0.0123,0.019531,-0.076416,1.912842,-2.227478,3.252625,-6.094208,0.7436184034629523,0.040397401999791215,0.022159553600164777,0.3724299459752457,-2.1888060953595248,-0.16902482574554833,0.736,0.095,0.0874
0.0125,-0.015381,-0.002686,0.881592,-1.220398,4.290222,-3.072968,0.7509371778099382,0.04039796907465776,0.022258422872367116,0.35662744924692713,-2.112426659817884,-0.20508854064402363,0.745,0.095,0.0874
0.0121,-0.047852,-0.088379,1.404297,2.106018,-8.40509,-2.645721,0.7583519848399852,0.0404481342988209,0.022180228260634465,0.33388917643917376,-2.1735109479268515,-0.23015522505034675,0.751,0.096,0.089
0.0112,0.080811,-0.10498,1.367432,2.258606,2.184509,1.718292,0.7655062259920653,0.040428694481651685,0.022669512398448586,0.29913183685524997,-2.1799897278789544,-0.20902060006443463,0.761,0.097,0.089
0.0128,0.129639,0.023682,1.552734,1.221008,-5.872131,-0.387421,0.773221071731019,0.040334832056721566,0.02335082144795771,0.3256016949271583,-2.302062251329699,-0.22022700064536296,0.767,0.097,0.089
0.0113,0.080811,-0.089111,1.554932,1.007385,6.121277,2.176056,0.7802820708231981,0.04032214253126164,0.02380472789671188,0.29121380660623586,-2.256661042951148,-0.19334522889877157,0.773,0.098,0.0907
0.0125,0.037842,-0.004639,0.825439,1.251526,-0.653625,3.396759,0.7876891013163758,0.04026695530763875,0.024300516255129617,0.3020701336881132,-2.290042408356453,-0.15335220055478554,0.781,0.099,0.0907
0.0122,-0.201172,-0.096924,1.659424,-1.464539,0.200867,10.751495,0.7950631842662159,0.040441781451249596,0.023686677449929926,0.23405044934826658,-2.180885207651461,-0.005492951712861034,0.787,0.099,0.0923
0.0124,0.102783,-0.008545,1.284912,-0.579529,6.975769,17.190704,0.8029019727308288,0.040371482326934285,0.024378234977857648,0.2143547890415784,-2.142880728994129,0.202813296702266,0.795,0.1,0.0955
0.0116,-0.106201,-0.04541,1.183838,6.408997,-0.47052,14.322052,0.8096658809337457,0.040545491579370735,0.023949929077735504,0.2533552999365914,-2.0687381011077717,0.3811859458797964,0.803,0.101,0.0988
0.0113,-0.147217,-0.288086,1.213135,1.587219,-10.999084,21.890411,0.81694079852958,0.04086346994822899,0.023311765066264065,0.08980207810841245,-2.0945642128449706,0.6523991307214309,0.809,0.101,0.1036
0.0123,0.039307,0.071289,1.594971,-2.380066,-0.012756,20.669708,0.8248924145421728,0.04093339180019136,0.023648355367454937,0.08705202490858754,-2.099088501134209,0.9045860832994892,0.82,0.103,0.1085
0.0118,-0.006836,0.023193,1.661621,5.98175,8.928894,16.671906,0.8321295109014024,0.041080059838179965,0.023773291531556984,0.1618637231880047,-1.977138214772019,1.1037956418273325,0.826,0.103,0.1117
0.0129,-0.064453,-0.08374,1.126221,7.446594,-4.773499,23.904572,0.8399650668247918,0.04135401978692669,0.023568819649172224,0.19106282637379893,-1.9856897085956797,1.4223192960194726,0.832,0.104,0.1166
0.0112,-0.055908,0.036133,1.330566,-0.274353,-0.256897,25.705109,0.8468556021959296,0.04162363581004979,0.02343623465784995,0.19958383891267056,-1.9454306811492064,1.7169434577646825,0.84,0.105,0.1214
0.0123,0.080566,0.036865,1.473877,0.366516,11.217712,30.679474,0.8546024646183126,0.04179139347478521,0.02396282924396112,0.2112203720047981,-1.839134012999363,2.090109966695089,0.846,0.106,0.1263
0.0113,-0.029541,-0.002197,1.400879,4.608459,3.405212,29.794464,0.8611543075536652,0.04208759397401115,0.02394423895210964,0.251324590565854,-1.7753733908753295,2.431058179772783,0.856,0.107,0.1344
0.0124,-0.029297,-0.077393,1.265625,0.213928,-6.421448,32.693634,0.8684665245765545,0.042448620518679134,0.023929789525114636,0.19479868953366458,-1.8290922391383007,2.8408070575384667,0.862,0.108,0.1409
0.0126,0.104248,0.001709,1.109375,-3.204041,-6.909729,38.095245,0.8762837823446499,0.04269892065652489,0.024711872341204408,0.14170541336398124,-1.978867761556804,3.311301231181418,0.868,0.109,0.1473
0.0117,-0.03418,0.127441,1.741455,4.150696,4.290222,37.210236,0.8834104723284262,0.04317974716881668,0.02470519866977848,0.23139213407677436,-1.9013444612248356,3.7504510550576935,0.877,0.11,0.1571
0.0113,-0.029541,0.032471,1.141602,3.387756,2.337097,36.935577,0.890257334135395,0.043693294030110734,0.024673792851541056,0.27811061305903984,-1.8474295443140987,4.172003107585147,0.882,0.111,0.1635
0.0123,-0.115479,-0.021973,1.446533,-2.380066,3.710388,33.792267,0.8975009788765312,0.044358440810628605,0.024284881824269574,0.22403771444525325,-1.7323189532338568,4.597391800666134,0.892,0.113,0.1749
0.0127,0.004883,0.039551,1.119873,-0.976257,8.532166,36.264191,0.9050995241765393,0.04499368821291552,0.024476794425429223,0.22628211181137697,-1.6221265147673212,5.0595703105922025,0.898,0.114,0.1813
0.0115,0.026123,0.082764,1.412354,7.416077,-3.308655,38.583527,0.9118419991915833,0.04561096862244166,0.024695102606033307,0.3429584787386014,-1.6668486982642865,5.503622689160451,0.903,0.115,0.1862
0.0121,-0.001709,-0.070068,1.439941,-4.363708,-4.102112,38.736115,0.9190866438151891,0.046302997315742916,0.02482729993816086,0.23875013884296295,-1.7083428510837622,5.972723454229672,0.912,0.116,0.1975
0.0119,0.032471,0.119385,1.173584,-9.76532,-4.742981,40.475616,0.9262104061316876,0.047078133371024025,0.025109746247785877,0.1868898399629815,-1.778283346691269,6.454678128616489,0.917,0.117,0.204
0.0116,0.035645,0.068848,1.106934,3.72345,-6.177307,39.315948,0.9330264849038279,0.04785790328272655,0.0254330185648736,0.26394486376083387,-1.8668093704127668,6.9100391878527505,0.927,0.119,0.2153
0.012,-0.061279,-0.164062,1.373291,-0.06073,-0.745178,42.520294,0.9400929768473296,0.04871601145215904,0.025323862961289585,0.15628375314834905,-1.8337953773157816,7.423048965625226,0.932,0.121,0.2218
0.0121,0.029297,0.116699,1.658203,-6.927185,4.168152,40.384064,0.9471494354844147,0.049673846842142794,0.025527970168314117,0.11215050973508606,-1.7859007412432344,7.913287446738388,0.938,0.122,0.2283
0.0124,0.088135,0.089111,1.270264,1.617737,-1.080872,37.637482,0.9543628345865344,0.05065850191661123,0.026095873457345063,0.17236175749137148,-1.8427387747126964,8.377684158860054,0.946,0.124,0.238
0.012,0.036133,-0.031006,1.038086,2.96051,2.367615,39.956818,0.9612343927580119,0.05163497531583409,0.026504566743370334,0.1712273935102967,-1.8344870555353576,8.85573148709158,0.952,0.125,0.2429
0.0123,0.057617,0.022705,1.477783,4.425354,6.029724,41.085968,0.9683236313499723,0.05272213251545877,0.026895431057119716,0.22177416505659725,-1.781021101043704,9.36018362131705,0.961,0.128,0.2526
0.0111,0.092285,0.020264,1.343262,11.841125,-1.386047,38.980255,0.9748430213629402,0.053752124131584006,0.027469414498722602,0.35031789287020637,-1.8403125659678123,9.7898429029054,0.967,0.129,0.2591
0.013,0.010254,-0.033691,1.615723,12.481995,-4.742981,38.339386,0.9824504130789422,0.055064546682569625,0.027665047252726803,0.4773786057229762,-1.8978811408094105,10.288695267796632,0.972,0.131,0.2655
0.0119,0.019775,-0.067871,1.255859,5.768127,5.083679,36.264191,0.9895409768426464,0.05632527512318439,0.027968871222537852,0.4879452190992501,-1.843464174471342,10.720848999849329,0.981,0.133,0.2752
0.0113,0.050293,0.135254,1.106445,6.531067,-2.789856,37.210236,0.9961388187282512,0.057591297134367024,0.02831084690993283,0.6377513051561499,-1.9029747255473055,11.13897174941664,0.986,0.134,0.2801
0.0126,-0.015625,0.002197,1.576172,5.585022,6.975769,36.966095,1.0035510443665716,0.05906828266089993,0.0283906578486295,0.6890685844222154,-1.8012790900127933,11.607233609071,0.996,0.137,0.2898
0.0114,-0.008545,-0.043213,0.859375,-2.9599,-0.958801,40.536652,1.0103846321909171,0.0604605835189887,0.02854050331836716,0.5998219115181082,-1.8047476562551863,12.07029414858627,1.001,0.139,0.2963
0.0126,0.002197,0.165283,1.458496,-1.281433,-1.111389,41.848907,1.0177034033403225,0.0620912556628605,0.028576328005225617,0.6494035692854498,-1.813516872591206,12.598606936389732,1.007,0.141,0.3012
0.0113,-0.02002,-0.002197,1.276123,2.563782,1.2995,44.046173,1.0242013733786242,0.06355737192401263,0.028594635614239,0.6572407044793857,-1.782813777272814,13.097821453136614,1.015,0.143,0.3076
0.0122,0.092285,0.018799,1.260986,1.648254,-6.543518,41.879425,1.0312798049020537,0.06517476890232099,0.029225022484447177,0.6684369228793456,-1.913471552381595,13.605742331394376,1.021,0.145,0.3141
0.0125,0.05957,0.008301,1.629395,-0.976257,4.229187,38.888702,1.0385307541046778,0.0669175861453563,0.029617345009414046,0.6396153461506964,-1.8815860525850259,14.09191090846223,1.03,0.148,0.3238
0.0119,0.142822,0.100586,1.067627,1.861877,0.811218,31.99173,1.0454983951703551,0.06863950441721385,0.03058734702097033,0.7163391242067189,-1.9662732959574665,14.468021795446532,1.035,0.15,0.3303
0.0118,-0.023193,0.036621,1.169678,3.72345,5.297302,30.160675,1.0522266435963106,0.0703923187638963,0.03056212079777578,0.7674241787777272,-1.8829559266711158,14.82523358165265,1.041,0.152,0.3368
0.0123,0.05249,0.0354,1.242188,1.739807,-1.782776,31.442413,1.0593573743208782,0.07227870829519425,0.030976233598901035,0.7926087059402498,-1.9313390395226673,15.210903318458964,1.05,0.155,0.3449
0.0121,-0.010254,0.050293,1.780029,1.495667,-6.299377,33.761749,1.06640046979734,0.0742031757718422,0.031020786044455684,0.8120095092662972,-1.9941848041281252,15.618612300638915,1.056,0.157,0.3513
0.012,0.134033,0.107666,1.089355,2.96051,0.811218,36.599884,1.0733251927544447,0.07615670406575364,0.03191108633924701,0.9009481203991765,-2.071408655216453,16.05494189633792,1.063,0.16,0.3594
0.0115,-0.075684,-0.14209,1.032227,6.592102,-7.336975,35.287628,1.079834847651264,0.07799724921580069,0.03173512760595989,0.8517609424187602,-2.097822662253875,16.464635736625475,1.069,0.162,0.3643
0.0123,-0.036621,0.013672,1.694336,-5.553894,1.54364,33.578644,1.086987610356489,0.08012038508062833,0.0317144484778322,0.7686332435258132,-2.0533531415427033,16.879079936473385,1.075,0.164,0.3692
0.0117,-0.009521,0.164795,1.017334,-6.438904,5.32782,27.932892,1.0936765776809614,0.08221283397761597,0.03159194661672627,0.7994112716036595,-1.9777432851160075,17.20519332941965,1.083,0.168,0.3789
0.0119,-0.001221,0.086182,0.949707,-5.004578,-2.148987,29.062042,1.1002882458679757,0.08429510395539574,0.0316148560873385,0.7929345139361098,-1.9975319616497724,17.549929778296324,1.089,0.17,0.3853
0.0121,0.084717,0.130615,1.30957,-7.9953,-1.782776,28.20755,1.107177762915457,0.08653579797649513,0.03207073191211598,0.7551629646817591,-2.0592416726604412,17.89071694288573,1.097,0.173,0.3902
0.0121,-0.009033,0.102295,1.149902,-3.783875,-8.099915,30.191193,1.1139544816031968,0.08873101846368507,0.032027410098764746,0.7594199471730906,-2.14297277852922,18.252925887477886,1.102,0.175,0.3967
0.0125,-0.060059,-0.010498,1.482422,-2.19696,-8.069397,33.090363,1.1210384406859828,0.09099910923833555,0.03188938486544886,0.7056890678708083,-2.2029105060370937,18.66364057913359,1.108,0.178,0.3999
0.0114,-0.020508,-0.137207,1.494873,-0.1828,11.889099,29.641876,1.1275116037319053,0.09310381453729619,0.03207808729352313,0.6164201296430407,-2.0479803337996403,19.002989585701027,1.116,0.181,0.408
0.0121,-0.133301,-0.19751,1.122314,2.197571,-2.515198,32.785187,1.1342084661222498,0.09521587565549272,0.03168155585052538,0.4950523052283731,-1.9853074761456648,19.39748771506472,1.122,0.184,0.4129
0.0119,0.127686,0.064941,1.315186,0.519104,-6.360413,27.353058,1.1410073325562535,0.09766830260502107,0.03242769185302897,0.5247585634882139,-2.123781780147288,19.72279240434227,1.129,0.187,0.4193
0.0121,-0.009766,0.021729,1.195068,0.549622,1.391052,25.460968,1.1477809229674023,0.10009925638199527,0.03249334835094486,0.5315062684547952,-2.091126025135083,20.031230390359262,1.135,0.189,0.4242
0.0116,-0.05249,0.11792,1.620117,-2.868347,1.604675,29.794464,1.1543460643378722,0.10252720081532424,0.03226291059539033,0.5381760716344961,-2.0363651374311877,20.377494335091477,1.14,0.192,0.4291
0.0125,-0.156006,-0.026123,1.015869,0.213928,-1.782776,24.575958,1.1614806624396266,0.10505350234889882,0.031392230622095466,0.5085022474138446,-1.936808423796913,20.68209018383437,1.149,0.196,0.4372
0.0124,-0.138184,-0.059814,0.891357,-2.685242,-9.351135,33.731232,1.1684956462216745,0.10751724597025887,0.030579203796361996,0.40938605949540663,-1.9325232008737432,21.09561607256517,1.154,0.199,0.4404
0.0122,0.070801,0.02124,1.631104,-0.152283,1.207947,30.893097,1.1754720686831297,0.1102366670759974,0.03100380813332778,0.4029011975084941,-1.9404061412253446,21.473455364147355,1.162,0.202,0.4469
0.0115,-0.007568,-0.05957,1.531982,-4.08905,-2.210022,30.069122,1.181744367158054,0.11262512170110185,0.031145137918164006,0.31310298141628273,-1.9515081685816782,21.817057292772382,1.167,0.205,0.4517
0.0121,0.150146,0.136475,1.231689,-1.495056,7.097839,30.038605,1.1883853146677006,0.11549931875318378,0.03196083313652258,0.365607677727304,-1.9476895873582054,22.18699918476021,1.173,0.207,0.455
0.0119,0.088867,-0.025879,1.157227,7.87384,7.586121,23.782501,1.1949866299065042,0.11818842172358837,0.03271251777763495,0.4313298907801112,-1.9081639719154888,22.470635383959987,1.181,0.212,0.4614
0.012,0.056641,-0.093018,1.199951,6.408997,-4.163147,25.644073,1.2015818108305323,0.12082220384195215,0.033336237128994535,0.4367948657054203,-1.985868946417514,22.77600890778938,1.187,0.214,0.4663
0.0118,-0.081543,0.036865,1.684082,5.462952,2.245544,24.270782,1.2082534828736613,0.1236279481572509,0.03307089367316461,0.5050980167324616,-1.9112934293330237,23.063303591705914,1.194,0.218,0.4695
0.0124,-0.049072,-0.04834,1.083496,3.998108,-1.050354,26.925812,1.2151609040135738,0.12647472002295412,0.03299011214953301,0.5070369934698308,-1.8837712918575074,23.395469064274696,1.2,0.221,0.4744
0.0123,-0.037354,0.113525,0.795166,7.019348,-15.363098,26.956329,1.2221228494182221,0.12971362386922997,0.032569321280164265,0.6878127814586406,-2.0328764634320917,23.73117921342398,1.205,0.224,0.4793
0.011,0.109863,0.131104,1.530762,7.141418,10.149597,24.698029,1.2284144146103753,0.13267593463246327,0.03306481431727268,0.8161997833888667,-1.965602246603807,24.0089889969549,1.214,0.228,0.4857
0.0127,-0.041504,-0.004395,1.34668,3.753967,-1.660706,23.019562,1.235389038317872,0.1357146687444421,0.033004762873267694,0.8450470590058803,-1.9554121645034357,24.299500730893264,1.219,0.231,0.4922
0.0122,0.039307,0.05542,1.373047,3.479309,-0.928284,27.353058,1.2420084717167432,0.1387825865820628,0.03328311157307274,0.9003885134379658,-1.9810577580112798,24.634943607604935,1.225,0.234,0.4954
0.0118,0.109131,0.088623,1.195801,2.991028,6.121277,23.721466,1.2484617008582775,0.14195544550176925,0.033965243394385135,0.9755375395296655,-1.971021555396772,24.921143386018304,1.232,0.238,0.5003
0.0118,-0.064453,0.034668,1.265625,-2.349548,-1.263977,26.284943,1.2547789722360294,0.14484120019104618,0.03368147253669301,0.9510805866721327,-1.9406821912652488,25.229271794128987,1.237,0.241,0.5052
0.0119,0.196777,0.103027,1.365723,-1.891785,0.261902,28.299103,1.2613359496892584,0.14822852554182842,0.034721517661543626,0.9667193180641184,-2.037871142511035,25.57385096685149,1.246,0.246,0.5116
0.0124,-0.034424,-0.086914,1.157227,3.631897,-6.909729,28.878937,1.2681286669927172,0.1512586318392607,0.034823232649463645,0.9342649527964773,-2.095724343908391,25.92673783032265,1.251,0.249,0.5181
0.012,-0.036133,-0.026611,1.439941,5.157776,-5.719543,30.465851,1.274751521523263,0.1543605394982011,0.034823768705090546,0.9606903204728812,-2.137093224582406,26.289016204000383,1.256,0.252,0.5213
0.0121,0.092041,0.097412,1.596191,2.83844,4.168152,22.531281,1.2813952946991995,0.15779488253914262,0.035279629297633154,1.023374526796045,-2.1198826302906246,26.565457070623896,1.265,0.257,0.5262
0.0121,-0.172607,-0.072266,1.532471,2.136536,9.569763,17.648468,1.2878600263650606,0.16073532940024002,0.03471083020637495,0.9972634321377006,-1.9103875294138635,26.774485581158753,1.27,0.26,0.5327
0.0111,0.077393,0.099854,1.073242,-1.098328,0.628113,19.38797,1.2937283123837333,0.1639588885126586,0.035196372259764214,1.0413008018665129,-1.9513890299004268,26.9954312606636,1.277,0.264,0.5359
0.0126,-0.076172,0.110596,1.515137,-2.166443,9.966492,20.51712,1.300442249354573,0.1674264206738046,0.034841239708199474,1.052819949478099,-1.7804147377479007,27.255750170043562,1.282,0.267,0.5392
0.0123,-0.025146,0.062256,1.123291,3.143616,0.170349,21.5242,1.3070534315973368,0.1708905081713111,0.03473096926533434,1.1174558237204195,-1.7574535298439329,27.520919545313753,1.287,0.27,0.5408
0.0112,-0.194336,0.024902,1.483154,2.71637,-6.26886,25.369415,1.313120987466223,0.173811259372202,0.03385953118997976,1.1423377055278003,-1.7234843350271138,27.795658976997696,1.296,0.275,0.5473
0.0125,0.024658,-0.068604,1.292969,1.922913,1.452087,20.425568,1.3200019310922975,0.17724870021108752,0.03428546418286241,1.1089800048546163,-1.7165911220985501,28.04738296608461,1.301,0.278,0.5521
0.0116,-0.177734,-0.134033,0.830566,-0.793152,-16.492249,25.277863,1.3263520909013702,0.1797789011621589,0.033270016640288017,0.9663114283912027,-1.7540940340048286,28.316209383017732,1.308,0.283,0.5586
0.012,0.086426,0.11499,1.591064,-1.95282,11.12616,18.686066,1.3328909290936692,0.18356623914779638,0.03367245386063716,0.9836061428151491,-1.6552626820078271,28.549673700998554,1.313,0.286,0.5602
0.0126,-0.116211,-0.020264,1.381836,-3.905945,9.874939,13.131866,1.3394958090175835,0.18698102136801478,0.03323992051573111,0.9114714663160893,-1.4621847454386359,28.711845595726142,1.319,0.289,0.5651
0.0116,-0.043945,0.112061,1.140625,-3.570251,3.008484,16.36673,1.3455050312256946,0.19056985937610316,0.03288923442059685,0.9338945293045046,-1.395653135160108,28.91005322605718,1.326,0.294,0.5683
0.0125,-0.040527,0.104004,1.02417,-0.671082,0.811218,12.613068,1.35183604513629,0.1943793756542502,0.03254109662517276,0.9925904649257428,-1.354220190185182,29.07597030138434,1.331,0.297,0.5699
0.0113,0.043945,-0.043945,1.369385,-5.645447,-2.301575,14.901886,1.357684748137776,0.19750157874006696,0.03296791272231252,0.8933256797465259,-1.4016766817732929,29.240705776856572,1.339,0.302,0.5732
0.0121,-0.063965,0.013672,1.211426,-2.349548,-7.672668,14.901886,1.3641857372349304,0.20106372753372506,0.03268627938788198,0.8629814682417118,-1.4508679986338338,29.416903964142545,1.344,0.305,0.5748
0.0125,-0.02417,0.012695,1.390869,1.129456,4.839539,16.092072,1.3706458608231904,0.20467277814147472,0.03268000319494067,0.8725553071501859,-1.3738317420085664,29.617766602487727,1.349,0.309,0.578
0.0122,-0.035156,0.030273,1.365967,3.998108,2.245544,16.092072,1.377057482973327,0.20832781064909628,0.03257890415691676,0.9266773302509088,-1.3240543644462381,29.814376433290988,1.357,0.314,0.5829
0.0117,-0.005859,-0.015869,1.216309,6.042786,-2.393127,15.329132,1.3831287325346746,0.2116896950191436,0.03270630200614151,0.9758189489365121,-1.3467771846700414,29.989984613125536,1.362,0.317,0.5845
0.0122,0.027588,0.043457,1.476318,8.179016,13.292908,14.169464,1.3894566096179537,0.215439027219401,0.032934376046459775,1.0854890570188558,-1.1972220322558262,30.16857535345733,1.369,0.322,0.5877
0.0123,-0.031738,-0.101318,0.821045,3.72345,-6.787659,14.810333,1.3958717225342168,0.21850993593165405,0.0330873908811439,1.0266744836067685,-1.256441779717559,30.331779750449893,1.374,0.325,0.591
0.0111,-0.113525,0.00293,2.085938,-1.006775,6.151794,13.284454,1.4017183414417498,0.22183547155640693,0.03277878409627766,1.0045725573542175,-1.1424062710058347,30.477097655599064,1.379,0.328,0.5926
0.0121,0.027344,0.141113,1.226807,3.96759,6.304382,12.216339,1.4080665876022436,0.22609311030869605,0.03285371147362125,1.1286505244556366,-1.0831029471022204,30.64037926908807,1.387,0.334,0.5958
0.0121,-0.161133,-0.004395,1.084717,3.021545,-11.456848,18.197784,1.4143623566225088,0.22956747877630296,0.031893331113797135,1.1490606197161375,-1.1121012973097513,30.848910693928083,1.392,0.337,0.5991
0.0124,0.102295,0.129395,1.615234,-2.105408,2.520203,15.970001,1.420761145625578,0.2338149642264306,0.032328411042921966,1.170515255316671,-1.1281153085720943,31.05981110067947,1.399,0.342,0.6007
0.0122,0.055908,0.06665,1.255371,3.815002,0.506042,12.216339,1.4269570275547752,0.23781453036574118,0.03269579612650173,1.244813962414248,-1.1560371215313017,31.216568832048367,1.404,0.345,0.6055
0.0114,-0.097412,-0.10791,1.768799,6.286926,4.747986,13.7117,1.4328260350811943,0.24088146691156184,0.03252885839605401,1.2553442449555623,-1.05900908176042,31.360726873287067,1.408,0.349,0.6088
0.0122,0.033203,0.044922,0.8396,-2.410583,2.42865,11.544952,1.4390523024660964,0.24495080380019052,0.032901063860602174,1.255636996872324,-1.0650388085991278,31.509994114797095,1.416,0.354,0.6088
0.0122,-0.175293,0.003662,1.377686,-5.645447,4.44281,13.528595,1.4451019523675654,0.2484576099779044,0.0320727943409992,1.1760532283107696,-0.9157608330927023,31.667912217733246,1.421,0.358,0.6136
0.0123,-0.103027,0.079102,1.458008,4.272766,4.168152,12.796173,1.4513700458574998,0.25248651733145666,0.031556337711084854,1.2570987482546765,-0.8124286260166875,31.82850922064247,1.428,0.363,0.6153
0.0124,0.008545,-0.072754,1.271484,4.516907,-4.163147,10.812531,1.4578528642915303,0.25608203292617815,0.03186602681701017,1.256660923977297,-0.8726127907093142,31.950812339455965,1.433,0.366,0.6185
0.0112,0.025879,-0.083984,1.144287,-1.281433,-0.378967,16.397247,1.4635846654968467,0.2591627994207281,0.032330693539864036,1.1739515005635186,-0.8994564344584239,32.12252874629983,1.438,0.369,0.6217
0.0122,0.072998,0.065186,1.206299,6.683655,-10.358215,12.490997,1.469809094189413,0.2633602451804568,0.03280786983858502,1.284029255176548,-1.0734583961795854,32.280170716747485,1.446,0.375,0.625
0.0122,0.020264,-0.096436,1.450684,3.082581,-1.965881,13.955841,1.47608010828096,0.26686011110158775,0.03318837789711675,1.2565489546585658,-1.1089575905149687,32.43949263766097,1.45,0.378,0.6266
0.0118,-0.03833,0.095459,1.459961,1.282043,4.839539,11.483917,1.4820389735514252,0.2709212587089168,0.03298458595231584,1.3081519139699425,-1.031295712084178,32.58201499680414,1.457,0.384,0.6298
0.0122,-0.003174,0.157959,1.207031,7.965393,8.989929,6.906281,1.4879510132800966,0.2753865696950233,0.032850760222958825,1.490914820003389,-0.9205899157969161,32.68413843402995,1.462,0.387,0.6314
0.0121,0.110352,0.032471,1.041016,-0.152283,-1.782776,6.723175,1.4938858762791416,0.27940931580787925,0.0337491661899617,1.4994828644347002,-1.0254492962852009,32.77258948123766,1.467,0.39,0.6347
0.011,0.0,0.059814,1.294189,-7.87323,-6.635071,9.68338,1.4993402295304754,0.28308499100655815,0.033774937746879105,1.4342425659691933,-1.0982217800012684,32.88057008429079,1.474,0.396,0.6395
0.0126,0.064697,0.17334,1.5271,3.235168,3.252625,7.699738,1.505596749241346,0.28772002448864276,0.034008296924503856,1.5458623619770886,-1.0874243238716128,32.99172626674437,1.479,0.4,0.6395
0.0115,0.057861,-0.021729,0.882568,2.350159,0.139832,10.843048,1.511262390706222,0.29129819996996614,0.034739209889922344,1.539739658972734,-1.1409465449874818,33.11691704076094,1.486,0.405,0.6444
0.0122,-0.058838,0.062256,1.37085,-12.878113,4.412292,10.843048,1.5172897377460093,0.2953013623288571,0.03445878756845633,1.402838080256219,-1.0545020827679477,33.250396767827404,1.49,0.408,0.646
0.0126,0.075195,0.143311,1.344727,-0.457458,-2.48468,8.188019,1.5234409545849523,0.29989190303813007,0.03480858403544968,1.4637663391329323,-1.1271006956900311,33.36553339560955,1.496,0.413,0.6476
0.0112,-0.145508,-0.078857,1.44873,8.362122,1.54364,13.406525,1.5290249590061435,0.3029683696626847,0.03427728491900643,1.4997330459414597,-1.0344875352687788,33.500860223692364,1.503,0.417,0.6541
0.0124,0.10791,-0.019775,1.005615,3.753967,-4.590393,8.096466,1.5351148831936767,0.30700100556682386,0.03530414256895026,1.5173827714284054,-1.175372134569747,33.60344457456766,1.507,0.421,0.6541
0.0121,-0.040283,-0.068848,1.343506,5.310364,-3.522278,8.035431,1.541108668450347,0.310550957958291,0.035315930138545226,1.5269089567031295,-1.1940839550400568,33.69102695165791,1.512,0.425,0.6574
0.0115,0.195557,0.02832,1.261475,9.369202,2.764343,3.824005,1.546759553549612,0.31456530598963217,0.03659874016693573,1.6367197551865547,-1.2762489545867264,33.74436397086576,1.52,0.431,0.659
0.0122,-0.191895,-0.028076,1.128906,1.343079,-1.050354,5.410919,1.5527235796245729,0.3180501867760635,0.03550983759752135,1.6193124184281347,-1.160790151078318,33.797561916230954,1.524,0.434,0.6622
0.012,0.076416,0.087891,1.530762,2.777405,-4.224182,10.019073,1.5587785893596815,0.322382043809491,0.03591710055044778,1.6789752358895769,-1.247282159846157,33.9219434279558,1.531,0.439,0.6622
0.0127,0.074463,0.076416,1.477051,8.270569,8.684753,12.70462,1.5651440999741688,0.3269035759360104,0.036373367921320184,1.8038440417378887,-1.175823320112099,34.09165047796353,1.536,0.443,0.6638
0.0119,-0.006836,-0.053711,1.048828,2.96051,-0.897766,14.169464,1.570946661043521,0.33041238541695755,0.03659210241758902,1.781036349784371,-1.186049536323323,34.253713617981255,1.54,0.447,0.6687
0.0116,0.09668,0.074951,1.161377,-1.159363,-8.221985,9.317169,1.5766807121123356,0.3346817781584942,0.03725765521930332,1.7988625647159715,-1.3436265391082824,34.36591702218213,1.548,0.453,0.6719
0.0118,-0.066162,0.003174,1.374756,2.106018,3.527283,10.720978,1.5825012026652174,0.3384665670748724,0.0370288152369533,1.806245590834199,-1.2641946446500545,34.48951599530237,1.552,0.456,0.6752
0.0123,0.020752,0.087891,1.33252,7.904358,-0.623108,9.256134,1.5885448724094822,0.3428824885386072,0.037179018643142214,1.9339685921976109,-1.2822071837849751,34.6067069336359,1.559,0.462,0.6768
0.0122,-0.022705,-0.064697,1.395752,0.274963,-2.210022,7.516632,1.5947056448477066,0.34669263851345744,0.03729685889296283,1.882557019430105,-1.295075716110462,34.69130942304444,1.564,0.465,0.6784
0.0121,-0.017822,0.004883,1.202148,-3.814392,2.794861,11.422882,1.6006848931798254,0.350706414995281,0.03733936464396058,1.8203382374516137,-1.2508817421019411,34.82844375636169,1.568,0.469,0.6816
0.0114,-0.044922,0.149658,1.272705,4.181213,1.116394,10.202179,1.6061959180027423,0.3550380050036756,0.036986876500484614,1.9374405644558597,-1.2103963989342696,34.95047095573945,1.576,0.475,0.6833
0.012,0.050537,-0.137695,1.115479,-0.396423,-0.012756,15.451202,1.6123717105477793,0.3585549195777541,0.03775212118620902,1.819689653026255,-1.249969660926238,35.12677981650602,1.581,0.479,0.6849
0.0126,-0.00415,0.009277,1.449951,-4.97406,-1.141907,19.479523,1.6185924168388859,0.36283986920470784,0.03786765600694964,1.7407937140578842,-1.2645505421805425,35.37033638063176,1.587,0.484,0.6897
0.0148,0.060059,0.083496,1.33374,3.998108,1.024841,16.519318,1.6258332635799946,0.36826130221217607,0.03828972287185695,1.8262912075835374,-1.286374835474612,35.619528872021746,1.592,0.488,0.693
0.0092,0.008057,0.008057,1.017334,3.052063,1.207947,13.742218,1.6304346023814626,0.3714927284914908,0.03848233204408518,1.8418756669735705,-1.283375475346564,35.745658280868966,1.596,0.492,0.6962
0.0112,0.013428,0.021729,1.594238,-2.257996,12.957214,10.110626,1.6359945800692601,0.3754515007868292,0.03866920866953177,1.8079070818501446,-1.1437074545289647,35.863047179543315,1.604,0.498,0.6995
0.0122,0.054688,0.093994,1.361572,5.249329,2.031921,6.997833,1.6417857408553753,0.3799325651515925,0.039002453301879556,1.9057962432721536,-1.1484504298464489,35.95348500592197,1.608,0.502,0.7027
0.0121,0.006104,0.017334,1.276123,6.134338,-8.893372,8.645782,1.6475935449601842,0.3840885950830759,0.03915946198095404,1.9705430625896792,-1.259106407409699,36.05383635186136,1.615,0.508,0.7043
0.0124,0.09082,-0.056885,1.276855,-2.166443,0.445007,10.293732,1.6538421340717022,0.38834267952481377,0.039976995938069276,1.8900128420383968,-1.3085475093882812,36.18058643912665,1.62,0.512,0.7075
0.0113,-0.071777,-0.037842,1.23999,1.465149,-4.742981,14.413605,1.6595327812430687,0.39215022850757847,0.03972798353028138,1.8628640646813979,-1.318899586382455,36.33727070694444,1.624,0.516,0.7092
0.0121,-0.15918,-0.031006,1.588135,4.822083,-1.233459,14.199982,1.665488876346878,0.39619042393145676,0.039117812828255154,1.8849978641855039,-1.2571618408926213,36.50368730655107,1.632,0.522,0.7124
0.0125,-0.019775,0.01709,0.962646,2.106018,-3.217102,12.674103,1.6715828321212598,0.40066295982168415,0.03910889135034556,1.9052620931956077,-1.2851967227187904,36.66009597034084,1.636,0.526,0.7156
0.0118,0.002441,0.033203,0.975098,1.800842,-8.130432,11.117706,1.6773597431042484,0.40504212308336657,0.03923726811618421,1.9331517760527868,-1.3844990023746067,36.788888848459344,1.643,0.532,0.7189
0.0123,0.018799,0.070312,1.870605,-0.610046,16.466736,10.812531,1.6833150692899561,0.4095845658174106,0.03940494287716478,1.933080964355698,-1.187818273039696,36.92966904693575,1.647,0.536,0.7221
0.012,0.063477,0.127197,1.037109,1.617737,-5.322815,13.070831,1.6887430184486214,0.41433769088933814,0.039813570660605764,2.0243905670036533,-1.2998760797058708,37.09223965185485,1.652,0.54,0.7221
0.0113,0.059082,0.124268,1.352783,1.129456,-8.038879,12.002716,1.6934538226894853,0.4183698787098076,0.04010093271483216,2.084869062991598,-1.4217024343727336,37.22968159729274,1.658,0.545,0.727
0.0127,-0.383057,-0.085205,1.485352,3.784485,16.771912,20.120392,1.6983727070330183,0.4212717608746621,0.03840274970041667,2.0666186344086355,-1.0265725005455282,37.47737670394574,1.661,0.548,0.7302
0.0123,-0.15918,0.1521,1.046387,-0.121765,0.139832,19.296417,1.7030078786495242,0.42558427873863575,0.03710909699693016,2.1503195531834343,-0.9196352531559714,37.720503771012915,1.667,0.553,0.727
0.0111,-0.248535,-0.091553,1.241943,0.213928,-7.062317,11.69754,1.7080592143043434,0.4284343566815878,0.035846370713175764,2.077399742902837,-0.8542371283501001,37.8269001991504,1.671,0.557,0.7318
0.0123,-0.439453,0.025879,1.465576,-4.485779,12.011169,19.998322,1.7131277326550585,0.4322227944705697,0.03373190350558974,2.013601008363225,-0.5004004381365663,38.066884904709084,1.674,0.56,0.7367
0.0122,-0.255371,0.375977,1.191162,-2.807312,13.872742,-0.936737,1.7165309827494344,0.4376378436079177,0.03179160702503593,2.17918465445603,-0.186676101499824,38.10309988929046,1.679,0.564,0.7335
0.0122,-0.321533,-0.051025,1.153809,-4.607849,-7.489563,8.981476,1.7210104369702692,0.44019453354099974,0.029931706603776687,2.071959970007307,-0.08678712640448458,38.17712660727447,1.683,0.568,0.7383
0.0114,-0.201172,0.19458,1.415527,-1.739197,-6.024719,12.124786,1.7241935450990722,0.4439694094749834,0.02870499974493231,2.1347591422354366,-0.06032556303172894,38.33127751167655,1.687,0.572,0.7351
0.0126,-0.344727,0.170898,1.226074,-2.898865,7.372498,-3.439178,1.7272629350423534,0.44760598165880466,0.026549833422912245,2.178473384387698,0.2265117485472853,38.30006768976817,1.69,0.574,0.7383
0.0121,-0.381836,-0.134277,1.034912,-5.248718,-8.923889,14.840851,1.7309666554388876,0.4482114001646683,0.02433216076803899,2.0079969192622573,0.3555113985885394,38.40518014497658,1.692,0.576,0.7448
0.0116,-0.077881,0.23999,1.529053,-0.030212,-8.740784,3.091583,1.7331600325301921,0.45191109198464585,0.02377600929974473,2.106788379582993,0.281465625828469,38.47860296929248,1.695,0.579,0.7399
0.0121,0.026123,-0.094971,1.219238,3.906555,-1.996399,-7.83371,1.7363960909467528,0.4529178147640113,0.024237164819056543,2.0752690142917154,0.23224070073983358,38.35139409930182,1.697,0.581,0.7383
0.0122,-0.548584,-0.3396,1.332764,-3.265076,4.747986,11.361847,1.7398994781286028,0.4519357541271053,0.02207608196849632,1.851906811405977,0.5446082561285642,38.387714419617446,1.699,0.583,0.7464
0.0123,0.13501,0.361816,1.402588,-0.884705,-5.750061,1.230011,1.7412656836814984,0.4565379967519635,0.0224460703172755,2.01181017668544,0.391938297165378,38.48823878436488,1.702,0.585,0.7415
0.0113,0.011719,-0.028809,1.205566,2.991028,-13.928772,-3.469696,1.743591619328504,0.4576404189642092,0.02270704172751909,2.008914434177639,0.21660194502726232,38.42828422168312,1.704,0.587,0.7399
0.0122,-0.026855,-0.033447,1.541016,0.732727,5.816101,2.664337,1.746094158499703,0.45889984483002694,0.022751050735601408,1.9827267312839687,0.28925121705355994,38.4469651906997,1.706,0.589,0.7432
0.012,0.009766,0.039551,1.192139,-1.800232,1.2995,3.335724,1.747798011485475,0.46041430017340024,0.022906580193656777,1.9693727248809187,0.28448899193642047,38.492468689671504,1.707,0.59,0.7432
0.0117,-0.091064,0.108887,1.289307,-3.692322,-5.38385,-0.875702,1.7490558613422966,0.46232242810055385,0.022374095150151502,1.9727300207752634,0.2644501938414951,38.49761388286896,1.708,0.591,0.7415
0.0124,-0.061279,-0.038086,1.477051,-0.854187,1.757263,3.732452,1.7510846671551152,0.46316905327730634,0.02224801546211491,1.9245713935382824,0.30563130241363945,38.525980827987325,1.711,0.593,0.7432
0.0122,-0.004639,-0.033203,1.174561,-0.823669,-0.378967,5.624542,1.7534180885341877,0.46426437745627536,0.022416558616088333,1.8764353964037754,0.2888504343921036,38.57792347855678,1.713,0.595,0.7448
0.0114,0.023438,-0.053223,1.273438,-2.990417,-2.423645,5.624542,1.7555923957901842,0.4650642113625793,0.02276037279167231,1.7945495547202748,0.23339253081969386,38.621595096614115,1.715,0.597,0.7415
0.0123,0.040527,-0.01123,1.712402,1.007385,5.44989,1.62674,1.757451176783035,0.46612235528948476,0.023064965209753152,1.7854589443089313,0.2718469788878449,38.635869223047266,1.716,0.598,0.7415
0.0122,0.049316,-0.001465,1.162354,2.96051,0.383972,-0.326385,1.759063819922083,0.46706729438748407,0.023517611640264953,1.8049676005299717,0.2315424801854038,38.62717418276895,1.717,0.599,0.7415
0.0113,0.18042,0.075195,1.323975,0.519104,1.848816,-4.385223,1.760626823530911,0.46870479398047454,0.02450833732310881,1.8378153364767071,0.14087437461331453,38.59389175650214,1.719,0.601,0.7415
0.0121,0.057861,0.017334,1.416016,1.922913,6.45697,-3.225555,1.7625235756381803,0.47006283419430334,0.024904884068217576,1.853717313098329,0.1786861326065008,38.55667269366666,1.721,0.602,0.7432
0.0125,0.120605,0.047852,1.265869,5.249329,-3.064514,-2.27951,1.7645349121807026,0.47181762048928105,0.025634738623108444,1.9312002495548468,0.05880607923875081,38.53487611231302,1.723,0.604,0.7464
0.0121,0.072021,-0.022949,1.232422,2.289124,-0.745178,-1.15036,1.7667081447200432,0.4730288842859595,0.02619901980401838,1.9276170184204973,-0.0041428754801725925,38.512895596029914,1.725,0.606,0.7448
0.0122,0.069336,-0.066406,1.140625,-0.701599,-0.745178,2.298126,1.7688023362214806,0.4737407964242647,0.026840748522586305,1.8585063548118363,-0.07042042155068078,38.52390380458894,1.726,0.607,0.7432
0.0111,0.110596,0.031982,1.42749,3.387756,-4.163147,1.230011,1.7706346719154267,0.47515872539853243,0.027441027866642473,1.8961768236066887,-0.18260981157342357,38.537680287148504,1.729,0.61,0.7448
0.0124,0.083984,0.02417,1.400391,3.113098,0.719666,0.345001,1.7730536536226391,0.4769974317917703,0.027931093629938845,1.930555243030352,-0.22583772454596418,38.542374882422855,1.73,0.611,0.7464
0.0121,0.079834,-0.007568,1.353027,-1.495056,5.266785,-0.082245,1.7754750280317328,0.47860078705597264,0.02845307403965483,1.891261233132521,-0.2138934718217162,38.539234615821265,1.733,0.614,0.7464
0.0122,0.093506,0.030029,1.144531,1.922913,3.222107,-1.821747,1.7776088670616332,0.48027714357757867,0.029085569567875336,1.9182084543451092,-0.24400200437954866,38.52041837367805,1.735,0.615,0.7448
0.0121,0.062256,-0.033691,1.210938,2.991028,-3.033997,-1.089325,1.7798676997398974,0.4815689686098661,0.029582160401652357,1.9162637340442683,-0.32611485165147036,38.49837164910919,1.737,0.617,0.7448
0.0114,0.003662,-0.028564,1.606689,0.305481,4.839539,1.504669,1.7822630789707237,0.4830966706270004,0.029714536903794688,1.8885169301240077,-0.2776996055337828,38.51090652194949,1.739,0.619,0.7432
0.0122,0.003418,0.015625,1.233887,1.404114,3.161072,1.291046,1.7847407791413659,0.48497036618898537,0.029822341616581215,1.898385923367404,-0.24856887236254638,38.52646340155446,1.741,0.621,0.7432
0.0123,-0.02002,0.003174,1.175293,0.94635,-0.287415,2.63382,1.7872785668805653,0.4868291800452658,0.029812382696656044,1.8951814424161022,-0.24726980184888456,38.55576488653206,1.744,0.624,0.7432
0.012,0.094971,0.053711,1.264893,-0.335388,2.977966,3.335724,1.789646527495508,0.4887810050938023,0.030354215833779574,1.9065694589024273,-0.276595595903959,38.5998796395517,1.746,0.626,0.7432
0.0123,0.00415,0.012451,1.438965,-1.281433,0.41449,1.657257,1.7920033067004817,0.4905373975819545,0.030452504322950213,1.8802064780616412,-0.27952219627244507,38.61851231108201,1.748,0.627,0.7415
0.0115,0.04834,0.022705,1.140625,0.122375,-5.963684,1.321564,1.7943601408221341,0.49235691640752066,0.030805608533247056,1.8804081405749389,-0.38724286482262027,38.6311805062809,1.751,0.63,0.7399
0.0122,0.009521,0.009277,1.466797,-0.518494,5.816101,0.283966,1.7970569129345222,0.49437372873654833,0.030933382216898446,1.8619116645436158,-0.32593574385246593,38.63492773086687,1.753,0.632,0.7399
0.0115,-0.041016,-0.016357,1.218506,1.037903,3.618835,2.511749,1.799558624239964,0.4961386568601459,0.030834384388634426,1.8469978435548742,-0.266042565752628,38.66088497765023,1.756,0.635,0.7399
0.0127,-0.037842,-0.00415,1.47583,0.305481,-1.782776,1.74881,1.802298537191127,0.49816810148808877,0.030757564280425306,1.8318497481003129,-0.27454978639042044,38.67937818054861,1.758,0.636,0.7399
0.0111,0.04248,-0.012451,1.172363,1.83136,-2.60675,3.274689,1.804788094303598,0.49984590101696486,0.031109474146361518,1.8279488187157384,-0.33892748552063046,38.71023292673784,1.76,0.638,0.7415
0.0123,0.003418,0.037598,1.246338,2.533264,1.116394,1.62674,1.8073247809459678,0.501926694404533,0.03118362186245114,1.8655405574669521,-0.3336546862752696,38.73153639324649,1.763,0.641,0.7415
0.0121,-0.026855,0.031494,1.350342,0.213928,2.062439,-0.417938,1.809749820492232,0.5039036090765692,0.031115234622482703,1.869156468391019,-0.29855900011994546,38.72763944909478,1.765,0.643,0.7432
0.0125,-0.040771,-0.018311,1.471191,0.702209,-1.111389,3.061066,1.812414720417907,0.5058154190391249,0.031038840116531647,1.8512221273089988,-0.297079782953616,38.76165439523781,1.767,0.644,0.7432
0.0113,-0.008057,0.02832,1.321289,2.228088,5.297302,2.206573,1.8148261488020492,0.507743392135519,0.031068078174615266,1.875845372436118,-0.23954448671038783,38.78841868048345,1.77,0.647,0.7415
0.0125,-0.049561,0.007324,1.114746,-2.07489,4.44281,1.718292,1.817253605129604,0.5096602331917568,0.030885282796442412,1.8387985736593984,-0.15906565813277845,38.810585530250535,1.772,0.649,0.7432
0.0123,-0.041748,0.071777,1.36792,-1.495056,1.604675,0.070343,1.819532627683788,0.5117751462290204,0.030715637643089266,1.843944178862844,-0.12282911667575143,38.81632539059422,1.774,0.651,0.7415
0.0111,0.027588,0.067383,1.432861,2.228088,-1.965881,-0.723114,1.8217536865822712,0.5136929425412141,0.03086461479313068,1.8875774304646213,-0.16542519783935372,38.81025503794944,1.776,0.653,0.7448
0.0127,-0.08374,-0.103271,1.121826,2.929993,-1.294495,1.352081,1.824407462997243,0.5150873094372198,0.030620133109351425,1.8386921660829723,-0.1343381106858369,38.814156139178685,1.778,0.655,0.7432
0.0113,-0.063965,-0.051025,1.25415,-0.121765,0.567078,0.589142,1.8267041132404749,0.5165620904128095,0.030449551865136225,1.7902528743550021,-0.0971380068634916,38.81426528346794,1.781,0.658,0.7432
0.0125,-0.051025,-0.031982,1.404785,-0.671082,0.048279,2.115021,1.8291118719560373,0.5182388476482994,0.03034100643252044,1.7485573234309422,-0.07679182459047998,38.83591078805402,1.783,0.659,0.7448
0.0121,-0.002441,0.081543,1.513428,5.188293,-3.003479,1.535187,1.8313345727522738,0.5202656062865727,0.030345900713595383,1.8358201939425085,-0.11870556642806059,38.85738519991592,1.785,0.662,0.7432
0.0113,-0.290527,-0.125,1.319336,12.54303,-10.144592,9.103546,1.83356177121422,0.5216017268018358,0.0292271346637634,1.8909328515737716,-0.08142269655504675,38.949023206181224,1.787,0.663,0.7432
0.0121,-0.609619,-0.253662,1.495605,23.37677,-12.708069,25.277863,1.8358917541253346,0.5226737146126617,0.02727446033323186,2.0425337745863534,0.021714796212612412,39.240184756636346,1.789,0.665,0.7448
0.0124,-0.192139,-0.200928,1.275146,25.757141,-11.914612,28.08548,1.8383729475353388,0.5228470104243986,0.02666249512324967,2.2250724473456405,-0.035811978507390756,39.55554710431865,1.791,0.667,0.748
0.0121,-0.053711,-0.2229,1.231201,19.653625,-9.259583,22.714386,1.8406556985467437,0.5219549146360916,0.02672262342377138,2.3065432914540738,-0.1347301387476903,39.783216652139444,1.792,0.668,0.7513
0.0122,0.074463,0.038574,1.153564,16.540833,-6.818176,15.939484,1.8423717648631521,0.5230610668912878,0.02717284073203098,2.510182765950632,-0.2825645113778851,39.965534930689074,1.794,0.67,0.7545
0.0121,0.081299,0.173096,1.591797,21.545715,-12.616516,8.371124,1.844009949362298,0.5252961125456893,0.02741937804678948,2.8254207316203126,-0.4804471802679119,40.06810416986105,1.796,0.671,0.7594
0.0111,0.047119,0.291504,1.493652,26.214905,-9.656311,10.293732,1.8451275777766238,0.5284844158124824,0.02744786759323674,3.2288828133957184,-0.6172335788824337,40.20223042626117,1.797,0.672,0.7642
0.0123,0.039551,0.216553,1.075928,21.36261,-10.693909,12.368927,1.8462477008485472,0.5318554156091664,0.027520431259040724,3.604261488536514,-0.7861162157117816,40.37101866645162,1.799,0.674,0.7642
0.0125,0.065186,0.119141,1.098145,12.329407,-7.062317,14.657745,1.8481644995105089,0.5344564263782937,0.027844214185512344,3.801025021320603,-0.9312870962723591,40.5548088498153,1.801,0.676,0.7561
0.0115,-0.052979,0.251953,1.176758,-5.187683,-9.869934,3.366241,1.8498216196462167,0.5384849995964055,0.027432473557533307,3.861226122529891,-1.0117438413953868,40.61473778504618,1.803,0.679,0.748
0.0122,0.041504,0.278076,1.608643,-6.286316,-13.928772,-10.702362,1.8514892862001568,0.5419159476430274,0.027450413320567604,3.8775201042930716,-1.1858845704151413,40.49245189500053,1.805,0.68,0.7464
0.0121,-0.172852,0.097168,1.483887,-0.884705,-9.717346,-7.803192,1.8527192591018193,0.5429223228182223,0.026740787275999142,3.881485160520209,-1.20332778396961,40.395175239466525,1.806,0.681,0.7432
0.0115,-0.03833,0.05249,0.923828,-0.426941,-17.1026,-1.363983,1.8537064675954427,0.5437809033672809,0.026497520354913647,3.884257310568046,-1.364724385737881,40.36854501245308,1.807,0.682,0.7415
0.0127,0.062988,-0.019531,1.403564,-9.734802,-10.114075,4.068146,1.8557916500884863,0.5446573687522961,0.026831218531558593,3.7131420389880163,-1.523392583227073,40.40009621987405,1.809,0.683,0.7383
0.0122,0.07666,-0.134277,1.298584,-7.293396,-11.06012,9.195099,1.858296462655957,0.5446367114304088,0.027345316053615207,3.5104128320878827,-1.7022260092683488,40.477617717600396,1.811,0.685,0.7286
0.0111,0.151855,-0.069092,1.369141,-3.814392,-15.607239,9.958038,1.860021296618796,0.5450369198329997,0.02806051061087435,3.3943281104381833,-1.954571102645141,40.55869992505333,1.812,0.687,0.7254
0.0121,0.199951,-0.001709,1.352051,-9.399109,-10.510803,9.866486,1.8617579065290983,0.5463860148706604,0.028924453610668435,3.2440174504940478,-2.1857419828741325,40.65740801956001,1.814,0.688,0.7254
0.0123,0.196533,0.084961,1.16748,-12.420349,-18.87262,11.026154,1.8633644137470107,0.5487740631181509,0.029805450999234127,3.109767394661846,-2.533408889394398,40.774768796654264,1.816,0.69,0.7254
0.0123,0.190186,0.121826,1.527344,-7.659607,-15.607239,9.408722,1.8650365190985077,0.5511627951078697,0.030414547235573214,3.0401473179401775,-2.802813644843464,40.87818998541093,1.817,0.691,0.7237
0.0113,0.202148,0.056396,1.123047,-3.020935,-18.842102,8.6763,1.8667623024823503,0.5537049210720572,0.03137114417302508,3.0089851813077493,-3.1313671841814865,40.95798567883953,1.82,0.694,0.7237
0.012,0.183105,0.026123,1.461426,-1.83075,-17.285706,5.288849,1.8689362836958454,0.5560409896449677,0.032065707305624004,2.9679060897359966,-3.4084932018398995,41.005086923815504,1.822,0.695,0.7237
0.0125,0.125,-0.071777,1.289062,-4.85199,-14.050842,5.471954,1.8713542074923286,0.5578097291269318,0.03269312098185059,2.8342214606670657,-3.632431696395593,41.05863982111564,1.824,0.697,0.7237
0.0122,0.128174,-0.032471,1.275879,-8.178406,-19.086243,10.44632,1.8735502239858222,0.5597406234710423,0.03328182843985709,2.6815489357103592,-3.9156310341898486,41.16992897632385,1.826,0.699,0.7221
0.0114,0.134521,-0.016846,1.269775,-7.964783,-16.950012,14.291534,1.8754979152898263,0.5616479389836269,0.03386142793764554,2.5451662951728253,-4.161842608655678,41.31934303343306,1.828,0.701,0.7237
0.0121,0.184814,-0.019287,1.287842,-7.781677,-20.032288,16.855011,1.8776106044677128,0.5640779763843432,0.03465885454599495,2.4012546166390565,-4.482318383553793,41.50579021583558,1.83,0.702,0.7237
0.0123,0.200928,0.034424,1.32959,-6.072693,-16.858459,15.329132,1.8799929525980168,0.5670974058975636,0.03547639202200847,2.3081830335757236,-4.768370237669274,41.67778719791168,1.834,0.705,0.7237
0.0122,0.202148,0.037354,1.279297,-7.049255,-13.989807,16.824493,1.882429413249283,0.5702998583529616,0.03633496871607042,2.2048172604121934,-5.020493698223758,41.86793796775853,1.836,0.707,0.7237
0.0113,0.153564,0.022217,1.257812,-10.314636,-10.205627,16.61087,1.8845955764445306,0.5728935383461399,0.03697002498654963,2.0651586801255872,-5.188862064211286,42.04678424352565,1.838,0.71,0.7254
0.0121,0.17334,-0.019775,1.23584,-7.415466,-15.149475,16.916046,1.8868565766793164,0.5757147920393229,0.03775122206055212,1.925903559095652,-5.436093904691121,42.241480334478595,1.841,0.712,0.727
0.0123,0.246826,0.024658,1.310547,-3.020935,-13.501526,18.594513,1.889175923236649,0.5792126789544199,0.03876251153829929,1.86153214549339,-5.696497982758856,42.45465282449904,1.843,0.713,0.7286
0.0123,0.221436,-0.032471,1.303467,0.610657,-13.379456,15.878448,1.8915022089734619,0.5825061567233801,0.039722242490286254,1.8123371251341953,-5.93905379203246,42.640743049580664,1.846,0.717,0.7335
0.0122,0.160156,-0.014893,1.237793,-2.380066,-6.085754,13.284454,1.8940613273358093,0.5855744271372452,0.040473190251432846,1.7405523186252314,-6.060629121607998,42.79908137166832,1.848,0.719,0.7367
0.0111,0.185791,0.02124,1.287842,1.861877,-3.857971,8.645782,1.896369418648599,0.5885892789806604,0.041236036605769695,1.7462736040092786,-6.157479489447187,42.88726136016827,1.851,0.721,0.7383
0.0123,0.136719,0.026855,1.44043,1.312561,4.595398,8.981476,1.8990191692921328,0.5913141414699206,0.04175745648026004,1.7482813565137614,-6.119906384706358,42.99804896587737,1.854,0.724,0.7399
0.0122,0.069824,0.007324,1.187256,0.488586,5.022644,11.178741,1.9017465844700407,0.5937263750171089,0.042106457088980025,1.7294840480532359,-6.054605230635271,43.14001906527345,1.856,0.726,0.7399
0.0121,-0.088623,-0.024414,1.265137,0.519104,6.45697,17.648468,1.9039998710564479,0.5942361959359043,0.04166080955299474,1.6871376065781882,-5.882336679496564,43.37669531773188,1.858,0.728,0.7399
0.0119,0.013916,0.121338,1.452637,2.014465,5.938171,13.101349,1.9055500309404565,0.5950777767667768,0.041454390997866915,1.7448877822130313,-5.773041379707486,43.53500636987303,1.859,0.729,0.7383
0.012,0.004639,0.162842,1.376221,0.549622,9.35614,2.389679,1.9071278611518487,0.5959813847681356,0.041192716792186314,1.8238406660711706,-5.615848398427968,43.563870955406756,1.861,0.73,0.7399
0.0123,-0.057129,-0.033203,1.134766,0.793762,-10.29718,10.110626,1.9098821666557444,0.5971979490275096,0.04095968809516059,1.7865988716248755,-5.663073875419151,43.69875315150795,1.863,0.732,0.7448
0.0123,-0.445557,0.14209,1.828125,0.06134,12.529968,3.946075,1.9121346525772003,0.5962953818783898,0.039510520850016544,1.8305759555991545,-5.2946421405237345,43.774593951068766,1.865,0.733,0.7432
0.0113,-0.049316,0.130371,0.9729,-0.365906,7.433533,-8.07785,1.913262964371324,0.5967152143579251,0.03893786083062251,1.9226359439732001,-5.130581120267524,43.690753152593786,1.866,0.735,0.7383
0.0124,0.28418,0.101074,0.904541,-0.1828,-25.647522,-12.99118,1.9152787912925664,0.6016802521906888,0.04042400261372401,1.993115402411336,-5.612026183361939,43.50278417086513,1.868,0.737,0.7318
0.0123,0.331299,0.039795,1.452881,2.0755,-12.097717,-21.597137,1.9174203977522701,0.6056618082848848,0.041587908888453394,2.0432739792228456,-5.861556189038885,43.22300401121578,1.871,0.739,0.7237
0.0115,0.049561,-0.05835,1.419922,-2.929382,16.771912,-19.735565,1.9188638109571121,0.6064791466875216,0.041678822084255225,1.9828381409987819,-5.638236339409429,43.00827387678508,1.872,0.74,0.7189
0.0121,0.212158,0.30835,1.241943,-0.854187,-7.428528,-35.513153,1.9197828592115338,0.6089474912120995,0.0421390486497841,2.1719463975809647,-5.781537584358626,42.55326835167528,1.873,0.741,0.7124
0.0122,0.201416,0.0896,1.796875,-0.426941,-2.24054,-41.036835,1.9213846387484914,0.6109997865919647,0.042569538632854,2.2330709500176,-5.818750546911682,42.04635580583903,1.875,0.743,0.7043
0.0122,0.232178,0.073486,0.765137,-5.737,6.3349,-43.508759,1.922783970346012,0.6152315847887362,0.04397358010207995,2.2601826112921968,-5.882058602134281,41.50470283643149,1.877,0.744,0.6995
0.0111,0.175293,-0.006104,1.486084,-4.699402,-5.536438,-47.964325,1.9244808022014108,0.6173421579671021,0.04449935334444818,2.237949515268197,-5.956026381993545,40.97047663277762,1.879,0.746,0.6865
0.0121,0.203125,0.042725,1.597168,-2.07489,1.66571,-51.992645,1.92616967518054,0.6195289375976905,0.0450444357807197,2.2753992845216273,-5.950412708130912,40.33830242291181,1.88,0.747,0.6735
0.0122,0.038818,0.174805,1.013428,-3.661804,-2.698303,-66.152802,1.9278232983764296,0.6205519257148095,0.04500276561609498,2.423814484001395,-5.929740995543185,39.507714624810305,1.881,0.748,0.6606
0.0125,0.206543,0.053467,1.220703,-5.98114,-2.759338,-72.530975,1.929385419210144,0.6231917919635153,0.04575555367809079,2.4506722976002355,-5.995583106520131,38.59382809113283,1.884,0.75,0.646
0.0122,0.245117,0.10498,1.276855,-8.147888,-5.017639,-77.322235,1.9313562815941105,0.626379225846169,0.04665035707103821,2.4852207609639994,-6.099518726732953,37.63663682247462,1.886,0.751,0.6379
0.0112,0.150391,-0.085938,1.316162,-5.767517,-2.026917,-74.606171,1.933326184444223,0.6285764846836844,0.047204769467060294,2.4364428870643677,-6.116606651100964,36.811571806222084,1.889,0.754,0.6234
0.0119,0.208008,0.041992,1.419678,-9.856873,-1.721741,-78.39035,1.9355060825186643,0.6311984895434978,0.04790333304097169,2.416343756936998,-6.1490414032506155,35.87326132991937,1.891,0.755,0.6072
0.0121,0.100098,-0.002441,1.070801,-13.580017,-1.874329,-78.298798,1.9376747884063237,0.6331524246173245,0.048335625841131866,2.330440490969251,-6.149135643678643,34.92537449953737,1.893,0.756,0.591
0.0123,0.197021,0.051025,1.194336,-14.434509,-0.745178,-78.939667,1.9397682929035218,0.6357979383493144,0.04911676143787126,2.2657151211721867,-6.184490597658525,33.94621764326359,1.896,0.758,0.5748
0.0123,0.19458,-0.048828,1.541016,-9.490662,-1.508118,-80.16037,1.9421544425517618,0.6382885293342201,0.04973069605857069,2.208920549562789,-6.200764307842812,32.965395903556185,1.898,0.76,0.5618
0.0122,0.130371,-0.078857,1.116699,-8.75824,-6.177307,-78.695526,1.9445659803388349,0.6407995502457927,0.05031052855904989,2.1324531973042165,-6.270932281725188,32.01537454007286,1.901,0.762,0.5424
0.0112,0.144775,-0.11377,1.370605,-7.75116,1.574158,-79.763641,1.9467745419604956,0.6430204775278977,0.0507863587615924,2.0599413034029106,-6.242456942345349,31.138467147041002,1.904,0.763,0.5294
0.0125,0.069336,-0.086426,1.199219,-8.239441,2.184509,-79.488983,1.9492639128411386,0.6447895534505471,0.0510355188985007,1.991954018461949,-6.16957052663826,30.160154692268016,1.906,0.764,0.5165
0.0122,0.165771,-0.037109,1.136719,-7.781677,-7.916809,-78.787079,1.9514466892079438,0.6471619848758906,0.051704624664831084,1.9569555114376334,-6.2841575116308315,29.198165627011427,1.908,0.766,0.5003
0.0121,0.152832,-0.116699,1.563232,-7.629089,1.635193,-75.124969,1.953870279006554,0.6492702969761266,0.05212528439013564,1.8885323022516725,-6.24889675644734,28.303904011370072,1.911,0.767,0.4857
0.0121,0.108643,-0.008789,1.134277,-6.042175,-6.635071,-73.446503,1.956420528298171,0.6510557417852743,0.052561631142064635,1.8898186542891815,-6.315704894899829,27.412457745930844,1.914,0.769,0.4663
0.0115,0.049805,-0.123535,1.561035,-7.720642,1.207947,-67.831268,1.9589708744297505,0.6524761909374701,0.05262550886542844,1.8105871684183854,-6.244636075865346,26.65273814038402,1.917,0.77,0.455
0.0122,0.162598,-0.012695,1.07666,-9.826355,-1.416565,-62.856903,1.9615636053999188,0.6547523195484598,0.053353096367274824,1.7477535407734024,-6.293327092663314,25.881660820108163,1.919,0.771,0.4436
0.0122,0.081543,-0.063232,1.323242,-8.75824,-2.454163,-66.122284,1.9641247121229144,0.6562942279662424,0.053579445761283526,1.6782920918550737,-6.289165922704705,25.085056686701122,1.922,0.772,0.4274
0.0119,0.099365,-0.127197,1.620117,-7.415466,2.672791,-63.65036,1.9665714255920526,0.6579347498120094,0.053769507451007184,1.5980254619736691,-6.224406691466374,24.34622659440311,1.924,0.774,0.4177
0.0113,0.119629,-0.065918,1.422119,-7.110291,4.992126,-58.126678,1.9691494688757314,0.6596233311145855,0.05410997436898983,1.538660258123889,-6.156845619284265,23.699720506467944,1.928,0.775,0.4015
0.0122,0.012207,0.034912,1.076904,-8.300476,-0.897766,-60.049286,1.97206073970004,0.6602798117870022,0.05415273726609103,1.5310262784785857,-6.106363769956232,22.9655106855459,1.93,0.776,0.3902
0.012,0.121094,-0.031006,1.139893,-10.619812,-3.644348,-63.436737,1.9745603291707325,0.6619411368775823,0.05460535687153765,1.450775431315819,-6.154770109236004,22.204220433923894,1.933,0.777,0.3789
0.012,0.174561,-0.092041,1.803711,-8.056335,9.447693,-58.096161,1.9772882693832434,0.6637256955003092,0.05500519507511898,1.375199723916839,-6.039419675274626,21.517608544529104,1.936,0.778,0.3659
0.0125,0.12207,0.055664,0.973389,-5.950623,-9.137512,-59.561005,1.9801232377551699,0.6649738976342241,0.0556365405716719,1.4114404866652766,-6.175934063851553,20.751527639113927,1.938,0.779,0.3546
0.0118,0.06665,-0.036133,1.452393,-9.795837,-2.820374,-61.178436,1.9827156244197826,0.6660334017275388,0.055767481890983454,1.343865379900054,-6.170962679587411,20.036312932822288,1.942,0.781,0.34
0.0122,0.184082,-0.066162,1.245361,-8.971863,4.595398,-59.133759,1.9855840983903494,0.6682098470940094,0.05643654014989804,1.2578285894603225,-6.150898792617462,19.31845346684393,1.945,0.781,0.3319
0.012,0.078857,0.017578,1.711182,-7.049255,3.954529,-59.042206,1.9886069459078042,0.6690856613680352,0.056635684315526,1.2469914832107987,-6.067601933714203,18.611088803705847,1.947,0.782,0.319
0.0113,0.087158,0.028809,1.119141,-5.309753,1.66571,-62.368622,1.9910648879261732,0.6698709272430692,0.05696372499736707,1.2711936036355311,-6.039691623715991,17.89932630945265,1.95,0.783,0.3044
0.0121,0.096924,0.008789,0.97583,-9.460144,-6.635071,-65.939178,1.9936981223055656,0.6709913028188182,0.05740835959884361,1.238218588345068,-6.124439329376753,17.09291494474371,1.952,0.784,0.2947
0.0124,0.193115,-0.071045,1.507324,-7.049255,7.34198,-61.086884,1.9966001766904318,0.6728308688365106,0.05795895524973807,1.1824566443847626,-6.0555409498875,16.340991108806946,1.956,0.785,0.2785
0.0119,0.087158,-0.010254,0.919434,-4.943542,-9.351135,-64.321747,1.9992830501088619,0.6740288641948659,0.05836871597855067,1.1873090495287029,-6.16954634025258,15.57130279931499,1.958,0.786,0.2672
0.0117,0.091309,-0.025879,1.558105,-7.690125,0.750183,-67.068329,2.0017330804542888,0.6748705935953956,0.05853993293723161,1.1594059530776102,-6.1328382581955285,14.790933813950588,1.96,0.786,0.2542
0.0121,0.167725,-0.177002,1.041992,-4.790955,-1.721741,-61.880341,2.004154685781422,0.6777743329174497,0.059074212796687335,1.0431673666449104,-6.1981144567784305,14.067955333609248,1.964,0.787,0.2445
0.0121,0.023682,0.009277,1.5896,-4.119568,2.459167,-57.85202,2.0072257328634384,0.6782000901963294,0.05912250743456327,1.0667002332192783,-6.112598000751307,13.373710768197562,1.966,0.788,0.2315
0.0121,0.040283,-0.092529,0.958008,-3.143005,13.079285,-57.333221,2.0097937275932973,0.6796790303368969,0.05918670521083359,1.0196804562318762,-5.9227701633005925,12.706378780453255,1.97,0.789,0.2137
0.0124,-0.609863,-1.105469,1.508301,-7.445984,9.630798,-15.737762,2.01193867547919,0.6832211088546571,0.05735192406545052,0.5595305434399497,-5.557451320571651,12.67001507451077,1.973,0.789,0.2056
0.0118,0.05542,-0.216797,1.932617,5.646057,18.236755,21.829376,2.0146683431594368,0.684767796062324,0.057337194351512556,0.5110221581612646,-5.316233215113117,12.957871211294947,1.975,0.79,0.1975
0.0117,-0.431152,-0.514404,1.52417,10.284729,21.410583,45.938263,2.015667086473472,0.6873520411360199,0.055767930163136345,0.3552574715934741,-4.845914138067805,13.612857740472803,1.977,0.79,0.1991
0.012,0.145508,0.070801,0.822998,3.96759,15.978455,45.694122,2.017412235047568,0.6868633270373428,0.056567822973099695,0.4203279515078275,-4.7527009614213025,14.122396610996773,1.978,0.79,0.2024
0.0125,0.257812,0.306641,1.234863,9.460754,11.889099,25.522003,2.019498615050192,0.6854626069662018,0.05760651289583948,0.6856508389040484,-4.71813695172873,14.380925127189515,1.979,0.79,0.2105
0.0117,-0.055908,0.047119,1.487305,9.308167,15.520691,14.077911,2.0210739057979166,0.6858811588406794,0.05736665948342166,0.8011744794897266,-4.472840699653236,14.564399728764826,1.982,0.791,0.2089
0.0119,0.063721,0.321289,1.522949,0.976868,18.633484,6.906281,2.0247467336925666,0.6856429814380718,0.05782034346033225,0.9581680128622141,-4.250552289656942,14.62786504477309,1.985,0.792,0.1991
0.0117,0.003662,0.318848,1.276367,-2.502136,24.187683,-5.300751,2.02839448368429,0.6853256078331497,0.058151513690520545,1.1110547665482822,-3.941555936559323,14.550734106915261,1.989,0.792,0.1813
0.0122,0.085205,0.205322,1.418701,-1.06781,24.431824,-9.481659,2.0311417048445466,0.6852780046539967,0.05856333039819255,1.2060124029816794,-3.658273859380106,14.423920886118141,1.991,0.793,0.1765
0.0124,0.211426,0.210449,1.176514,-1.647644,24.737,-10.458221,2.033681064432825,0.6846885384740328,0.05949303057831036,1.3147747182921115,-3.4559081925016817,14.267116643920094,1.992,0.793,0.1668
0.0115,0.406738,0.249756,1.123047,-0.091248,15.886902,-25.625458,2.0365582035789216,0.6836561327679725,0.061110723678630505,1.4705964197025245,-3.4872027155752603,13.925857698591209,1.995,0.793,0.149
0.012,0.329102,-0.013428,1.387695,-2.929382,15.856384,-33.804169,2.0388510202429906,0.6840917012595983,0.06207294928010126,1.4393871538248455,-3.433292458791667,13.515591490446837,1.997,0.794,0.1392
0.0123,0.276123,-0.010498,1.230469,-2.166443,17.412781,-39.785614,2.040960847120521,0.6843967993274543,0.06297609211805824,1.4225969630060655,-3.347158852366401,13.022705825187137,2.0,0.794,0.1231
0.0118,0.289551,-0.036133,1.185303,-2.990417,15.673279,-41.006317,2.043188284869246,0.6847970925618112,0.06393555396653874,1.380882832849219,-3.3047577435881745,12.538011323946895,2.002,0.794,0.1133
0.0127,0.339111,0.153564,1.2146,-2.257996,10.546326,-47.292938,2.0468377386235748,0.6838767385352399,0.06523470765478853,1.4663926087131012,-3.3336033854164437,11.897661019626288,2.005,0.795,0.0971
0.0115,0.386475,0.129639,1.164551,-0.610046,-3.400208,-57.974091,2.0501593878883346,0.6831211191004827,0.0666758819842517,1.5652170361971303,-3.562987355637942,11.189858037304981,2.008,0.795,0.081
0.0121,0.253906,0.009766,1.404785,-3.692322,1.268982,-58.462372,2.0534190960632275,0.6837910788783835,0.06746521465012083,1.5557459779481295,-3.6339309333006606,10.47970585529927,2.011,0.795,0.0729
0.0114,0.140381,0.128906,1.150635,-8.269958,-1.874329,-61.147919,2.057206741340185,0.6831849256272481,0.06816139138907314,1.5782253532530701,-3.701031926572962,9.746290734920015,2.016,0.796,0.0534
0.0122,0.085449,0.051025,1.515137,-6.225281,6.609558,-65.572968,2.0609818093456322,0.6836172375749485,0.06849849623609103,1.5652372031489987,-3.611732984552004,8.941475310525128,2.019,0.796,0.0421
0.0122,0.175293,0.077393,1.164307,-6.499939,5.388855,-64.748993,2.0650076038367593,0.6835826890034878,0.06928697858962214,1.5726342873606418,-3.6107937815557913,8.133950639418094,2.022,0.796,0.0308
0.0121,0.094971,-0.078857,1.306641,-6.438904,2.642273,-67.068329,2.0683879116614836,0.6852242468282499,0.06956325174375375,1.4849668194566286,-3.5823466934603836,7.349607662165635,2.027,0.796,0.0146
0.0118,0.037842,-0.063477,1.301758,-4.943542,2.855896,-68.624725,2.071683450232268,0.6866204703729359,0.06966194540524791,1.425899066671482,-3.520879964000821,6.562837450419038,2.03,0.796,0.0
0.0122,0.056396,-0.107178,1.317383,-2.380066,2.916931,-69.57077,2.075258493686356,0.6884745078352251,0.06979209491139789,1.3726581653696155,-3.467520245739718,5.747774058035811,2.035,0.796,-0.0162
0.0122,0.039307,-0.140625,1.294678,-4.211121,-0.165344,-68.594208,2.078669719043947,0.6906540808688723,0.06982152350473814,1.2757555729706922,-3.4433264463475184,4.952564096288141,2.039,0.796,-0.0291
0.0113,0.048096,-0.023926,1.277832,-5.004578,-0.104309,-69.631805,2.0819395930127698,0.6914231673413885,0.06998719069419425,1.2411070925303977,-3.4283488682384333,4.175522554455852,2.041,0.796,-0.0405
0.0122,0.044189,-0.039551,1.285156,-4.394226,-2.301575,-69.753876,2.085250237407628,0.6923296745676495,0.07012264475660998,1.2040658536612812,-3.4364206075294,3.337671482124137,2.045,0.796,-0.0567
0.0122,-0.107666,-0.123047,1.418701,-3.936462,0.994324,-63.711395,2.088131994099804,0.694039689856027,0.06970189590617265,1.1250448839309477,-3.321753483683878,2.597070501532787,2.048,0.795,-0.0696
0.0121,-0.026855,-0.013672,1.288818,-1.891785,-4.071594,-61.697235,2.0916632197919998,0.694568397155372,0.06964914880159967,1.1281768437495694,-3.3139555949089354,1.8582750326921806,2.053,0.795,-0.0874
0.0122,0.04834,-0.009521,1.300049,-3.509216,-3.003479,-63.802948,2.0953188449095426,0.6949575500003969,0.06984545799333415,1.1155775104673336,-3.3372367918671357,1.0837365961172858,2.056,0.795,-0.0988
0.0122,-0.28418,-0.346924,1.936768,-5.492859,17.351746,-48.666229,2.09820936801769,0.6978520426266674,0.06903057750435271,0.9371356363049095,-2.9772327033693395,0.5568012813618046,2.059,0.794,-0.1085
0.0115,-0.110352,-0.217285,1.626465,-0.640564,27.056335,-45.12619,2.1008374091892263,0.7000897937008559,0.06857426822539747,0.8435275318893489,-2.582737901987719,0.08663913278960544,2.063,0.794,-0.123
0.012,-0.201904,-0.144775,1.466309,-0.091248,36.82196,-38.625946,2.1033635704705764,0.702284954711892,0.06791573916214988,0.7772409521118576,-2.0128884091130046,-0.3319795119652197,2.066,0.794,-0.1328
0.0122,0.201416,0.277344,0.512451,-2.135925,19.365906,-41.311493,2.1081140641677076,0.6952472947784611,0.06991386251695847,1.0901150516175553,-2.0109873476297535,-0.9493473402075097,2.069,0.793,-0.1457
0.012,-0.109619,0.0,1.067627,-0.854187,17.595886,-41.708221,2.1102898767135083,0.695872592689412,0.0695349545483105,1.0865762166509336,-1.7025955696700545,-1.439491728756643,2.071,0.793,-0.1538
0.0136,0.217529,0.208252,1.366699,-2.07489,15.062927,-51.321259,2.114099086697698,0.6932784908942187,0.07043714086473862,1.1870397525622434,-1.6001286601902083,-2.1704282502684262,2.073,0.792,-0.1635
0.0104,-0.019775,0.013916,1.583008,-1.311951,18.725037,-54.95285,2.1163691073200255,0.69335728648038,0.07040823086991808,1.1843366022812576,-1.376215813664404,-2.736666299146386,2.077,0.792,-0.1732
0.0115,0.098145,0.180908,0.921143,-1.83075,10.882019,-59.591522,2.120115218981226,0.6903291029563586,0.0712024452191581,1.3207729676175186,-1.3199905517239308,-3.4639577571676696,2.079,0.791,-0.1813
0.0127,0.066895,0.003174,1.219727,-2.044373,6.701111,-63.52829,2.123417117152872,0.6900814515693554,0.07144856655018819,1.3046515038773296,-1.2556231679438419,-4.264548102115062,2.083,0.791,-0.1975
0.0123,-0.023926,-0.11084,1.449219,-2.380066,13.445496,-61.483612,2.125986338516325,0.69121301035348,0.07125872372595266,1.2188480484744257,-1.0550834180122957,-4.99384654294075,2.085,0.79,-0.2072
0.0111,0.079102,-0.036621,1.249512,0.06134,5.480408,-64.260712,2.1285139010472345,0.6912720384656121,0.07145492655444942,1.200299287419341,-1.0265223915612045,-5.693984633037999,2.087,0.79,-0.2186
0.0124,0.057373,-0.063477,1.259033,-3.051453,3.5578,-64.65744,2.1312516796848837,0.6916571287931255,0.07154678690585069,1.1280082968367335,-0.9991038168175217,-6.477849931564439,2.091,0.789,-0.2364
0.0121,-0.02417,-0.119873,1.156494,-4.638367,2.611755,-61.51413,2.1336613411991423,0.6930911564079368,0.07129135078775681,0.9943730260322169,-0.9344099143868202,-7.1918909479015865,2.094,0.788,-0.2461
0.0124,-0.008545,-0.039551,1.237793,-1.098328,-2.24054,-56.173553,2.136708741408645,0.6933331432700583,0.07123070453669317,0.9590643833618023,-0.9431074578847481,-7.8781946210248455,2.096,0.788,-0.2558
0.0113,-0.006592,-0.123291,1.472168,-0.457458,-1.660706,-47.811737,2.13917478911743,0.6943297702321175,0.07106011637084678,0.8889782207923308,-0.9451204802250913,-8.395218932640422,2.1,0.787,-0.2655
0.0121,-0.009521,-0.158203,1.231201,-3.661804,-5.658508,-39.297333,2.141677624990674,0.6958941488581607,0.07080068426263637,0.7460660519980367,-0.9961968058830761,-8.838153038716014,2.102,0.786,-0.2688
0.0123,-0.342041,-0.111328,1.589844,3.174133,4.747986,-36.154022,2.1439310682903834,0.6978018058049921,0.06993369850249896,0.7293160573355332,-0.7658759966476232,-9.255848925198427,2.106,0.785,-0.2785
0.0121,0.045898,-0.150635,1.163818,-1.525574,-3.735901,-33.987274,2.1469554045981836,0.698768789846439,0.06985256026791382,0.6118976907830896,-0.8347837003647829,-9.642014201107255,2.109,0.784,-0.2833
0.0121,0.053467,-0.017334,1.666992,-1.06781,3.405212,-34.384003,2.1502688923465767,0.6982104552865428,0.06997797999620535,0.5929130396483165,-0.8124213756000201,-10.056302727098528,2.111,0.783,-0.2882
0.0123,-0.140625,-0.150635,1.193604,1.861877,2.672791,-28.890839,2.152593764754673,0.7002262354806532,0.06934900976948495,0.5174328681887073,-0.6844846040000577,-10.376728259858574,2.115,0.782,-0.2947
0.0111,0.016113,-0.119141,1.203369,0.458069,-4.102112,-24.130096,2.1551467549570207,0.700914250476326,0.0692317901039137,0.4459680445712933,-0.7376952091850736,-10.626780811850045,2.117,0.782,-0.2995
0.0118,0.013428,-0.16748,1.430908,-2.105408,0.65863,-18.972626,2.1580165863654064,0.7017959027792122,0.06906790752501381,0.3307986890687705,-0.7332805194601862,-10.828826965574187,2.122,0.78,-0.306
0.0119,-0.049805,-0.046631,1.324707,0.763245,0.41449,-10.702362,2.160987501310221,0.7019758430427178,0.06890600793687077,0.3122992048726117,-0.6986382175267668,-10.945160908857257,2.124,0.779,-0.3076
0.0127,-0.006348,-0.061035,1.320557,-1.800232,2.215027,-6.338348,2.1642361272189006,0.7019482277425108,0.06884541204115573,0.25359142870004314,-0.6670219170828369,-11.016706510350494,2.127,0.779,-0.3109
0.0122,0.059326,-0.092285,1.273438,-4.08905,-0.59259,2.084503,2.167516080834311,0.7017898258623951,0.06892047606385036,0.14803609328002784,-0.7108142100066853,-10.984476843296454,2.131,0.777,-0.3109
0.0112,0.015137,-0.070801,1.227295,-0.030212,-3.613831,7.760773,2.170620582081462,0.7017714187865517,0.0689041693446782,0.10288199028758778,-0.7613252355507596,-10.889202392973916,2.133,0.776,-0.3092
0.0126,0.107666,-0.162109,1.338867,1.373596,-1.752258,15.542755,2.1743712882116415,0.7018367621773414,0.06902169806764104,0.026395879218410995,-0.8430246704310822,-10.682752360180599,2.138,0.775,-0.306
0.0114,0.108643,-0.123779,1.362061,1.282043,0.994324,19.906769,2.1779657639298247,0.7015632504746407,0.06919998623785457,-0.029556606421029773,-0.8908027450430719,-10.45111277178495,2.141,0.774,-0.3028
0.0123,0.067139,-0.100098,1.363525,2.746887,0.292419,21.890411,2.1819896833068806,0.7012794944665617,0.06931314984673162,-0.0539760366202002,-0.9227199961895908,-10.175717988117839,2.145,0.773,-0.2995
0.0121,0.076416,-0.128906,1.331055,4.608459,2.703308,25.979767,2.186086026205327,0.701200129094121,0.06942368257409433,-0.07493866647848377,-0.9312919551347039,-9.852135179736834,2.15,0.771,-0.2931
0.0123,0.109863,-0.133301,1.299316,2.594299,-0.653625,31.564484,2.1902728116524384,0.7009103189451499,0.0696308275131178,-0.12434111272544585,-1.000586969646289,-9.458887370509155,2.153,0.77,-0.2866
0.012,0.121582,-0.016113,1.231201,1.312561,0.383972,32.87674,2.195006072322624,0.6992038097960174,0.07006061442297713,-0.12024092128399406,-1.070047752547684,-9.082269490809507,2.159,0.769,-0.2785
0.0122,0.110596,-0.01709,1.358398,4.211731,-1.050354,37.820587,2.199983621417648,0.6977069598437443,0.07043183847036857,-0.08288790104021579,-1.1419668489579788,-8.634669894022434,2.163,0.768,-0.272
0.0111,0.063477,0.02832,1.365723,4.577942,3.008484,42.154083,2.2045298372237223,0.6962348479611027,0.07072129715965679,-0.021466929360794824,-1.1414195910152032,-8.181285080037933,2.166,0.767,-0.2639
0.0124,0.054199,-0.039551,1.190186,3.265686,-2.332092,46.121368,2.209384293965121,0.6954960693672287,0.0709360020734735,-0.014934539211066727,-1.2023142459303768,-7.610614538660129,2.172,0.765,-0.251
0.0122,0.020752,-0.066895,1.351807,0.702209,-2.545715,53.170929,2.214138804385935,0.6953759721785246,0.0710083779264552,-0.0557063282312137,-1.239641850051301,-6.952576776278562,2.176,0.764,-0.2429
0.0114,0.067139,-0.040283,1.30249,1.312561,-3.674866,56.009064,2.2189747518342817,0.6946557197408624,0.07125493531556093,-0.0749768257291871,-1.3156262634019618,-6.317179003585139,2.183,0.763,-0.2267
0.0121,0.010498,0.022705,1.507324,0.854797,1.66571,55.917511,2.224236021474272,0.6938247359075963,0.07139850560600991,-0.06504197221215172,-1.2943494624173937,-5.6449578077878,2.187,0.762,-0.2186
0.0122,-0.040527,0.039307,1.206055,0.885315,-0.226379,53.598175,2.229388526828551,0.6932484231415886,0.07140697844512396,-0.040293414986112074,-1.2668789411829653,-4.991444134981927,2.191,0.761,-0.2089
0.0118,0.01416,0.075684,1.47876,1.007385,3.191589,53.781281,2.2345756853885654,0.692072826036532,0.07159932707319192,0.00042067994779926076,-1.2320889255153613,-4.369789426786723,2.197,0.76,-0.1959
0.0122,-0.005615,0.038818,1.197021,0.183411,0.719666,54.269562,2.239751373998541,0.6913217398860602,0.0717163398823848,0.01674019182822925,-1.2170051378713813,-3.71392065558042,2.201,0.759,-0.1878
0.0123,0.016113,0.044678,1.154785,-2.685242,-8.832336,54.605255,2.245106212314004,0.6903590475837817,0.07191312905563357,0.002396480197668269,-1.333192448422696,-3.053288695768631,2.207,0.758,-0.1716
0.0116,-0.028076,0.101074,1.503174,0.213928,1.726746,55.948029,2.2502419482201383,0.6895136909189785,0.07199413145799763,0.04418061212780266,-1.2937496833251563,-2.4142408561913293,2.212,0.757,-0.1619
0.0118,0.040283,0.06543,1.23291,-1.159363,-0.104309,56.100616,2.255440712425953,0.6883711997779902,0.07227912625635345,0.05955623733847,-1.3172946636095189,-1.7687358196465535,2.216,0.756,-0.1522
0.012,-0.044678,0.076172,1.349609,-2.044373,-2.881409,56.253204,2.2604317172165356,0.6879122202111083,0.07227718508696072,0.06507225240227704,-1.3220208822579285,-1.0989864857073828,2.222,0.755,-0.1376
0.0123,-0.004395,0.069336,1.317627,-1.128845,1.909851,53.567657,2.265783959646939,0.6872793109598733,0.07240649478961884,0.07910407210163659,-1.2924942583864454,-0.449365534609529,2.226,0.755,-0.1295
0.0126,-0.036133,-0.040039,1.263428,-0.701599,-0.378967,53.41507,2.2707759971086077,0.6878698131859,0.07234839051159493,0.03251979660453601,-1.2707875956832322,0.23477177936655275,2.231,0.754,-0.1198
0.0118,-0.003662,0.056641,1.410156,2.441711,3.100037,51.339874,2.275699096967471,0.6875242472503356,0.07245116723841581,0.08114701208593393,-1.228419772790156,0.8342862356830867,2.236,0.753,-0.1085
0.0122,-0.021729,0.027588,1.216553,7.019348,1.330017,47.921906,2.28060932775819,0.6875592863762813,0.07247732231882924,0.17304279044613263,-1.1965041811501334,1.4181085475047197,2.24,0.753,-0.1004
0.0112,-0.03833,0.030762,1.390869,9.369202,4.259705,48.288116,2.2850858930550655,0.6877723109062184,0.0724433380970593,0.28348327227215314,-1.1258515900679813,1.9603117765104885,2.247,0.752,-0.0858
0.0124,-0.014893,0.011475,1.202637,10.132141,0.780701,47.403107,2.290110515247169,0.6880185396411617,0.07248009905623339,0.4036710030776203,-1.107876315705962,2.5491666619891222,2.251,0.752,-0.0761
0.0122,-0.093506,-0.08252,1.354004,6.927795,-1.141907,48.074493,2.294778383863066,0.6894311109101522,0.07221060467285483,0.4271975217735986,-1.0688818425823512,3.1564950663835245,2.255,0.752,-0.0696
0.0113,0.041992,0.032959,1.296387,3.296204,-0.989319,47.891388,2.2994744804764893,0.6892324808721481,0.07243965837433125,0.4720407197237656,-1.1070283726405512,3.6898269863360897,2.26,0.751,-0.0567
0.0127,-0.062012,0.039551,1.330322,5.401917,-2.60675,48.349152,2.30450774410209,0.6898524795729434,0.07232192668459919,0.5482278426248421,-1.1060544253841658,4.307466421285778,2.264,0.751,-0.0502
0.0122,-0.018066,0.094238,1.228027,4.059143,-0.440002,50.668488,2.309469325730525,0.6899070385283115,0.07236984325777077,0.6411526984979047,-1.1042199868197782,4.918228229081137,2.271,0.751,-0.0356
0.0115,0.024658,0.100342,1.294678,1.465149,0.292419,51.309357,2.3143556630989797,0.6897289789417783,0.07256178900287584,0.7019244189664349,-1.1198572746850577,5.496679022771974,2.275,0.751,-0.0259
0.0124,-0.032227,0.054199,1.447998,-1.220398,-0.195862,51.095734,2.3192795393555574,0.6902419786177585,0.07254492056625826,0.6983235379301184,-1.1088079144566412,6.129524845561118,2.279,0.751,-0.0162
0.0113,0.019531,0.034668,1.468994,0.213928,0.841736,52.194366,2.3237461036813687,0.690546056193631,0.07267496233010401,0.7027342392510039,-1.1130220347437727,6.716278864257126,2.284,0.751,-0.0032
0.0121,0.010742,0.044678,1.329346,1.129456,3.496765,47.708282,2.3285873501768637,0.6909160106105883,0.07279730544921321,0.7264748109220044,-1.0815104466304033,7.29012607367261,2.288,0.751,0.0049
0.0123,0.018555,0.013916,1.070312,-0.426941,0.597595,45.633087,2.333367154998254,0.6913436381291196,0.07296562863912552,0.7166499247969237,-1.094080630425775,7.848727958308803,2.295,0.751,0.0178
0.0121,-0.078857,-0.010498,1.454834,0.549622,5.083679,48.379669,2.3378301575455627,0.6925343831721299,0.07278239476500822,0.7015188407689839,-0.9946371520433056,8.443105975090722,2.298,0.751,0.0275
0.0116,0.024902,0.021484,1.164551,2.746887,1.360535,48.806915,2.342476086343011,0.6929773791532048,0.07296100185406512,0.7333952894521321,-1.002069086841722,9.00573446798739,2.303,0.751,0.0356
0.012,0.046875,0.056885,1.280762,3.082581,-4.37677,47.952423,2.3472368035367395,0.6932572267844985,0.07320356503211768,0.7890356859913862,-1.0883478594738552,9.572450897680792,2.308,0.751,0.047
0.0127,-0.031982,-0.002441,1.341309,3.387756,-2.942444,51.095734,2.352101240639896,0.6943533711798713,0.07316588472630021,0.8120565300196032,-1.1128775934490167,10.225014410110074,2.312,0.751,0.0567
0.0112,0.064697,0.113281,1.468994,3.662415,2.794861,52.255402,2.3567209948943257,0.6945531393193397,0.0734365482840414,0.8943288364500789,-1.1204569448724817,10.798912300812253,2.318,0.752,0.0712
0.0123,0.001221,0.074219,1.229248,2.502747,-0.165344,50.332794,2.3615617149141874,0.6952641581422717,0.0735176611580371,0.9524065553991096,-1.1304961923561443,11.41221356713679,2.322,0.752,0.0793
0.0122,0.0354,0.066406,1.415527,1.159973,3.618835,49.813995,2.366370667660379,0.6959194512954903,0.0737059761688745,0.9832555302399232,-1.1124383339606652,12.014622946657594,2.326,0.752,0.0891
0.0117,-0.014893,0.054932,1.169922,0.458069,5.144714,49.386749,2.3707569017754557,0.6968050632485127,0.07371846094389853,1.006280288327972,-1.0509065820733032,12.59038666329034,2.331,0.753,0.102
0.0123,-0.01416,0.024414,1.218018,1.129456,-4.163147,52.255402,2.3754171456449704,0.6979116919774626,0.07373503292411437,1.0157489778624413,-1.1020827632068468,13.232249883977646,2.335,0.753,0.1101
0.0117,0.080811,0.041748,1.364502,1.312561,1.146912,51.76712,2.380132020474818,0.6985482131396374,0.07408244039361414,1.035093459707528,-1.1420572535021076,13.831753060332616,2.342,0.754,0.1247
0.0121,0.020264,-0.005859,1.381836,1.495667,1.177429,52.713165,2.3848497857264435,0.699696692258002,0.07423119296481742,1.029071440436785,-1.1470969686226002,14.470835018460198,2.346,0.755,0.1328
0.0123,-0.042969,0.001221,1.333252,2.014465,0.261902,51.065216,2.3893977094808316,0.7011712359056035,0.07415410373962046,1.033602616274932,-1.1266607691535448,15.102970483483126,2.349,0.755,0.1425
0.0121,0.043701,0.030029,1.243896,1.922913,1.177429,51.675568,2.3941483972689843,0.7021748054787273,0.07439621729478499,1.0551857361010906,-1.1483906370263972,15.724554410305256,2.355,0.756,0.1554
0.0125,0.026855,0.016357,1.297363,1.678772,4.076599,50.210724,2.398865131753207,0.7033711910044343,0.07457496834904624,1.0652029598868586,-1.122321248016226,16.35164113399611,2.359,0.757,0.1651
0.0109,-0.016846,0.022949,1.363525,1.343079,-2.087952,52.713165,2.40294021642923,0.704672302599656,0.07457335132412718,1.0727207197434425,-1.142428439383178,16.92647878656159,2.365,0.758,0.1797
0.0124,-0.049561,0.058594,1.283447,-0.94574,1.116394,55.307159,2.407641520600519,0.7063019982496362,0.07444897283074672,1.073844092129923,-1.1081984714490942,17.612056317063804,2.369,0.758,0.1894
0.0117,0.058105,0.022705,1.32251,-1.861267,0.567078,57.229767,2.412244829176154,0.7074601946194552,0.07472950726915309,1.0442628617455203,-1.1448920830932803,18.27829775849064,2.373,0.759,0.1991
0.0366,0.005859,0.078369,1.330078,-1.098328,1.2995,55.67337,2.4259390548051085,0.7118382995003163,0.07498046601763077,1.004309185588224,-1.1330374718750147,20.31163003824226,2.378,0.76,0.2121
0.0004,-0.01709,-0.029297,1.270752,-0.426941,0.200867,57.412872,2.4260366768616652,0.7120875606770488,0.07492469903678928,0.9765470804280372,-1.1191775240897337,20.339012475246623,2.382,0.761,0.2234
0.001,0.016113,0.017578,1.263672,-0.610046,-1.172424,56.955109,2.426431323419313,0.712156128617433,0.0749740105232993,0.9783882295007319,-1.1289327863219651,20.394901353078556,2.389,0.763,0.238
0.0101,0.081299,0.082764,1.483398,2.83844,1.2995,54.940948,2.4304090433361742,0.7131692736777779,0.07525739950018268,1.0327609172254006,-1.1655802812464082,20.94237062924999,2.393,0.764,0.2477
0.0121,0.003906,0.028076,1.235107,4.272766,3.222107,55.124054,2.434891154578781,0.7148553302563452,0.07534358308943614,1.0806620223125116,-1.138557602586459,21.608883268465924,2.396,0.765,0.2591
0.0122,-0.05127,0.000244,1.240723,2.136536,-0.440002,55.215607,2.4393234623560347,0.7169391972639962,0.0752317104641262,1.084292040902582,-1.1198958882700447,22.28617742809175,2.403,0.766,0.2736
0.012,0.038818,0.064209,1.286865,2.106018,0.841736,56.039581,2.443875615115182,0.7185491603285621,0.07541863626900308,1.1274537345340032,-1.143945578093359,22.953655575044028,2.407,0.768,0.2833
0.012,0.046143,0.050781,1.319824,4.883118,0.780701,55.032501,2.4483969719384637,0.7202167900967194,0.07563815896631505,1.1938258700539044,-1.1725982226247027,23.61003337793519,2.411,0.769,0.2931
0.0122,-0.05249,0.063965,1.378418,-0.121765,2.916931,58.419952,2.4528960913880278,0.7223969568566205,0.0754979823323758,1.2047614091556533,-1.1166068023010696,24.322305999679877,2.416,0.77,0.3076
0.0112,0.015381,0.07959,1.282471,-1.434021,0.41449,58.206329,2.457107652982901,0.7241738058889166,0.07557502630264634,1.2156307489350497,-1.1319162202690265,24.96937743770719,2.42,0.772,0.3173
0.0124,-0.00415,0.04248,1.272217,3.96759,0.811218,57.748566,2.4616239084759965,0.7262938676211692,0.07561735643453686,1.2666531233768537,-1.1314067197406432,25.684071654805518,2.426,0.774,0.3335
0.0126,0.046875,-0.0354,1.292236,3.357239,2.855896,58.480988,2.4662461457763567,0.7283616442488166,0.07592335361550756,1.2615689921735174,-1.1387282737676405,26.42422018463923,2.43,0.775,0.3449
0.0116,-0.04126,-0.052246,1.439209,1.770325,-1.508118,60.922394,2.470348367741148,0.7306626986731538,0.07590996541800932,1.2276057597133734,-1.1444000506259504,27.136703181138188,2.433,0.776,0.3562
0.0122,0.008057,-0.020264,1.268799,3.72345,-6.451965,60.5867,2.474750195805235,0.7329304652894472,0.07605132284908918,1.234224992328669,-1.2403407346720063,27.876673410536164,2.439,0.778,0.3708
0.0121,0.083496,0.019531,1.430176,5.218811,0.170349,59.732208,2.4792762173000074,0.7349956844840801,0.07641081272484469,1.2813576346538678,-1.2958543075249314,28.596606691694227,2.443,0.78,0.3821
0.0115,-0.051758,-0.023193,1.281738,2.502747,1.879333,60.281525,2.4833432004734215,0.7375259052995926,0.0763358091549878,1.2688615994353387,-1.252707960677815,29.29599112222863,2.449,0.782,0.3999
0.0118,-0.04834,0.07959,1.282471,5.279846,3.924011,60.006866,2.4873475289740314,0.7400620978471829,0.07616636150419999,1.3536224074684378,-1.1875832599902956,30.003621887813,2.452,0.784,0.4113
0.0128,0.01709,0.026367,1.175293,4.8526,2.886414,62.875519,2.4917629099428154,0.7425423579530593,0.07631563911521451,1.4050505159360218,-1.1790081433258266,30.80806129135099,2.456,0.786,0.421
0.0111,-0.000244,0.086182,1.214111,0.274963,-0.653625,64.462433,2.4954601364703417,0.7448152725157065,0.07630203139665076,1.4373742353059842,-1.1996867933812443,31.5192090550128,2.461,0.788,0.4355
0.0127,-0.012451,-0.001953,1.139648,0.305481,-5.597473,67.514191,2.4997511032652167,0.7475201518237257,0.07635918263647586,1.4091435365924692,-1.2798861377301005,32.37680721863436,2.465,0.79,0.4469
0.0113,0.029541,0.112549,1.506836,3.479309,-0.409485,68.246613,2.50358014794566,0.7499519775386304,0.07642548346923358,1.4770642576761126,-1.3123578320751728,33.14293166273495,2.47,0.792,0.4663
0.0125,0.047119,0.013184,1.270508,3.021545,2.611755,65.774689,2.507792952656673,0.7525220407129197,0.07669888813975038,1.4911377274556437,-1.3260493967755456,33.96513569539592,2.474,0.794,0.4793
0.0121,0.023193,0.101318,1.448975,3.021545,0.506042,62.417755,2.511768054888349,0.7552312963754974,0.07676124980396115,1.5515972467389045,-1.3454930810424623,34.71596937328403,2.477,0.796,0.489
0.0122,0.075684,-0.004639,1.168213,5.340881,4.168152,60.5867,2.5158300487440246,0.7576943597597127,0.07719608060784004,1.5825445426891238,-1.3628859297930178,35.456225506064044,2.482,0.799,0.5035
0.0121,-0.0354,-0.016846,1.462158,2.594299,1.360535,64.859161,2.519584204919152,0.7604974987010891,0.077203124276185,1.5714104963394244,-1.3424058588088756,36.24526499661674,2.486,0.801,0.5149
0.012,0.054688,0.067627,1.156494,-0.213318,-0.501038,65.713654,2.523456589669137,0.7631792336640247,0.07743723241349829,1.582812235627761,-1.4023958387531963,37.02843681810151,2.491,0.804,0.5343
0.011,0.022461,0.082764,1.216553,1.343079,-0.653625,67.666779,2.526954076739935,0.7658421792148599,0.07750554805881205,1.6187594727110748,-1.4383640821052064,37.76763966902553,2.495,0.806,0.5473
0.013,-0.044434,0.010986,1.043945,0.305481,1.818298,67.544708,2.530941538455757,0.7691483912046082,0.07741951489863182,1.5952541248776988,-1.4012399104263915,38.6483007411652,2.498,0.808,0.5586
0.018,-0.014648,0.047852,1.4646,1.373596,-3.644348,71.725616,2.5365594866091166,0.7737666130898675,0.07747188693065472,1.5986747590044423,-1.4860886433942377,39.93687192005205,2.503,0.811,0.5748
0.0051,0.059082,0.050293,1.508789,1.007385,2.855896,70.657501,2.5381917590044907,0.7750392851690436,0.0776328483939234,1.6061321395197252,-1.5043859138895959,40.29562376441683,2.506,0.813,0.5877
0.0125,0.063477,0.01001,1.279053,2.258606,1.116394,68.27713,2.541967992290265,0.7780374260919821,0.07797288795910491,1.6036603123720936,-1.5469718265295789,41.14916299384505,2.511,0.817,0.6055
0.0119,-0.047852,-0.066162,1.249023,3.662415,4.015564,67.758331,2.5454521251499456,0.7811243774700032,0.07802552922649354,1.5692386476355062,-1.4853699949803196,41.964391048109455,2.515,0.819,0.6185
0.0122,0.013184,-0.04541,1.223633,3.570862,-2.057434,70.138702,2.549078525062128,0.7842156224684527,0.07827643124473173,1.5468598092944372,-1.5364799042362223,42.823627353913345,2.518,0.821,0.6314
0.0114,0.029785,0.068604,1.562012,2.929993,-0.623108,68.887482,2.552403523749382,0.7873350765689116,0.0783767914532711,1.5792719247050313,-1.5702825471537536,43.60634992465491,2.523,0.825,0.6493
0.0126,0.048828,0.121582,1.355713,1.70929,3.100037,68.185577,2.556079816480393,0.790926121033002,0.07847883645187459,1.633506980093735,-1.5742543670622382,44.45975289466359,2.526,0.828,0.6622
0.0121,-0.045898,0.040039,1.043457,1.770325,-2.545715,69.528351,2.5594534117145997,0.7945344673705532,0.07832562125356708,1.6476822012137773,-1.5874559528329826,45.30028248873723,2.531,0.831,0.6784
0.0114,0.027588,0.080566,1.330322,1.770325,3.100037,70.657501,2.562639282983484,0.7978669498363581,0.0784053039864868,1.6783394698923746,-1.5829291330920428,46.10336684509642,2.534,0.834,0.6914
0.0272,0.073486,0.052002,1.351562,-2.135925,1.360535,69.986115,2.570305261926461,0.8057298737430556,0.07886092392947977,1.5842024631416756,-1.6354231342582173,48.00511952426098,2.537,0.836,0.7027
0.0004,0.039551,0.060303,1.208252,-0.732117,-6.177307,69.436798,2.5704092021743383,0.8058667772096425,0.07889241651813024,1.6091919909322718,-1.6566948535734234,48.0296808726042,2.542,0.84,0.7221
0.0091,-0.036377,0.035889,1.301514,0.183411,-1.843811,71.237335,2.5728264377231236,0.8087223419377579,0.07879593547043924,1.59957855464321,-1.6593096080627894,48.67746502422336,2.545,0.843,0.7367
0.0123,0.052246,0.065918,1.66333,-0.671082,1.757263,72.152863,2.5761606448749736,0.8125311472398661,0.07897064395385042,1.582596871645719,-1.6762540561627934,49.56361387085116,2.549,0.847,0.7545
0.0112,-0.012939,0.066406,1.232422,-2.502136,-1.843811,69.497833,2.5790191527666617,0.8160827689941997,0.07891188336793493,1.5610986935440943,-1.6998838989572818,50.338911303172765,2.552,0.85,0.7658
0.0126,0.049072,0.05249,1.2771,-0.854187,3.069519,68.582306,2.5822168284478653,0.8199499472720666,0.07912154610027321,1.5440564228477003,-1.7060466573845603,51.202065546378556,2.555,0.853,0.7788
0.0121,0.021484,0.057373,1.2771,-0.976257,-0.34845,70.138702,2.5852442841383683,0.8238033717951782,0.07921614032351815,1.5293101965213012,-1.7363817933141963,52.04845525579048,2.559,0.857,0.7966
0.0114,0.084961,0.038818,1.275635,-1.769714,-5.414368,68.582306,2.5880111740686638,0.8272912837074655,0.07955285863840882,1.496032025964933,-1.8613426332730314,52.827418043481174,2.562,0.86,0.8063
0.0127,-0.009033,0.079102,1.409424,1.037903,-0.47052,68.338165,2.5910909565424745,0.8315154545249274,0.07952133421386473,1.512260536449731,-1.871936109697821,53.69192523593989,2.564,0.863,0.8176
0.0117,0.023438,0.046631,1.385254,1.892395,0.628113,67.117462,2.593909791541748,0.8354086280637048,0.0796423377901723,1.5218597530834352,-1.8866382747986385,54.476138566820296,2.568,0.867,0.8322
0.0121,-0.006348,0.042236,1.321289,1.373596,-5.109192,66.537628,2.5967513691336914,0.8394631324523923,0.07967434287699468,1.5233909305767532,-1.953177925510391,55.27842762687572,2.571,0.87,0.8419
0.0111,0.021729,0.005615,1.370117,3.296204,3.283142,67.361603,2.599212715693026,0.8429586039733425,0.07985895091233396,1.5238781897968723,-1.9371745973368377,56.02836412009218,2.575,0.875,0.8614
0.0122,0.02124,0.024902,1.300537,5.73761,2.855896,68.429718,2.601814477490217,0.8468246883323406,0.08001931248424317,1.5668531568137012,-1.926073911595697,56.86418890508507,2.578,0.878,0.8743
0.0125,0.101318,0.071045,1.443848,8.301086,3.283142,67.422638,2.604511712021313,0.8510386422057985,0.08033744732262678,1.6662416278097023,-1.9514789466711222,57.70590266460106,2.58,0.881,0.884
0.0147,0.05127,0.001709,1.236084,9.338684,3.31366,67.758331,2.60771188345772,0.855969953407035,0.08071032159949883,1.754569711021247,-1.9548244106797297,58.705396690917915,2.584,0.885,0.9002
0.0092,0.01416,-0.022461,1.363525,6.378479,4.503845,65.896759,2.6095970311875862,0.8588718949100588,0.08091616100324801,1.7627662754128293,-1.9288548731887347,59.31653973289765,2.586,0.888,0.9099
0.0116,0.039307,0.065918,1.375977,3.265686,-2.393127,67.178497,2.611924869147186,0.8629307518724966,0.08104689938879168,1.7956656874831358,-1.9900100673054275,60.09240223061063,2.59,0.893,0.931
0.0121,0.020264,0.142334,1.424316,3.906555,-1.508118,66.873322,2.6142690637913213,0.8674723932914287,0.08097924520669682,1.8764989969290868,-2.0298356170708196,60.893540194995616,2.592,0.896,0.9423
0.0121,0.031738,0.103271,1.10376,3.143616,1.116394,70.199738,2.616601211941321,0.8721180726787888,0.08100761719655919,1.941206266556987,-2.0541416326766577,61.736705684958,2.595,0.9,0.9553
0.0147,-0.00708,0.091797,1.330566,1.892395,0.445007,71.969757,2.6193079434561373,0.8774475761306595,0.08098636737860847,1.9675876247159696,-2.064466770892056,62.78996007167937,2.598,0.904,0.9715
0.0098,0.070068,0.004395,1.272705,1.739807,-0.409485,71.542511,2.621100266097176,0.8808357112835553,0.0813435542758677,1.9437180889784282,-2.1232443140687445,63.49379452326492,2.6,0.908,0.986
0.0122,0.053711,-0.006836,1.376221,3.235168,-4.132629,69.833527,2.62330830335897,0.88509334694023,0.0816910491629112,1.9287560072632264,-2.2189039882173685,64.34743312332101,2.604,0.913,1.0071
0.0113,0.015381,0.00415,1.463867,5.768127,3.954529,68.704376,2.6252763240290773,0.8890321008664779,0.08188856777986162,1.9474957579199286,-2.193661351276503,65.12747516220485,2.606,0.916,1.0217
0.0229,-0.039062,-0.037354,1.01709,4.944153,0.109314,69.070587,2.6292207969395176,0.897004407419691,0.08219774931970042,1.951143654092903,-2.2027700352668873,66.71517324710622,2.608,0.92,1.033
0.0013,0.02002,0.11377,1.528076,5.127258,2.581238,69.467316,2.6293580537345105,0.8977634802948491,0.08203412881269809,1.9951271238541957,-2.19566541212018,66.80075206411414,2.611,0.925,1.0508
0.0122,0.080566,0.083984,1.189209,4.577942,6.060242,68.643341,2.631200167713407,0.9025149126664446,0.08228245688849083,2.056636511685022,-2.190668293299789,67.63687710669053,2.613,0.928,1.0621
0.0119,-0.052734,0.005615,1.195801,1.312561,-5.566956,72.580109,2.6330614849831617,0.9067588782576304,0.08227014652906611,2.023212882585709,-2.237790769310672,68.49944286948234,2.616,0.934,1.0832
0.0121,0.038818,0.050293,1.311768,1.221008,-5.689026,77.157745,2.634895367074046,0.9115779772516427,0.08245905646300497,2.0125469017295017,-2.346272560256264,69.42948722957934,2.618,0.937,1.0961
0.0127,-0.002686,0.085449,1.570312,-1.18988,2.123474,77.646027,2.6367143651668323,0.9166781586342904,0.08248171384945355,1.9816023347986644,-2.333394458083346,70.4135918771833,2.619,0.941,1.1091
0.0111,0.019775,0.0625,1.136475,-1.342468,-0.34845,75.174103,2.6381323720965963,0.9210000236482709,0.08254933332596251,1.9586966036789564,-2.3636711480839874,71.24510616691785,2.622,0.946,1.1285
0.0122,0.044189,0.067383,1.252686,1.098938,3.527283,76.181183,2.6396280823611833,0.925786999021357,0.08270834313604442,1.9586826787870129,-2.363563806470255,72.17368648005198,2.624,0.95,1.1431
0.012,0.075928,0.003906,1.187744,3.296204,6.670593,74.228058,2.641072772980361,0.9301995101651951,0.08313927859725816,1.946241897162675,-2.3501395187342533,73.07015678349075,2.626,0.955,1.1641
0.0113,-0.009766,-0.001709,1.391113,4.883118,-2.515198,75.387726,2.6424002052720508,0.9341811680417024,0.083285487877189,1.946398390204821,-2.384985280366056,73.9232308837531,2.628,0.959,1.1771
0.0126,0.028076,-0.049561,1.315186,5.218811,-2.057434,76.242218,2.643940522545827,0.9387676525873675,0.08369796354707104,1.9230306377996655,-2.4445886340774243,74.88911841236445,2.629,0.963,1.1917
0.0123,-0.000488,0.031738,1.35791,0.732727,2.30658,75.96756,2.6452432077963373,0.9435427660864915,0.08381953641583985,1.892952946638909,-2.429238394813562,75.82461975594559,2.631,0.969,1.2111
0.012,-0.06958,0.015869,1.284912,2.350159,-3.125549,77.09671,2.6464596021393874,0.9479688442927368,0.08376209333319388,1.8737406675358654,-2.436708146353068,76.74965353216058,2.633,0.972,1.2257
0.012,-0.011963,0.074707,1.466309,2.624817,2.977966,80.148468,2.647506907503437,0.9527709859129312,0.08375180913061249,1.8872192777297847,-2.40708254316755,77.71066268806331,2.635,0.977,1.2451
0.012,0.072266,0.003906,1.144043,-3.234558,0.078796,83.810577,2.64853036212083,0.9573480090407438,0.08416806180587569,1.7923161099873024,-2.472776315112467,78.71819132460548,2.636,0.982,1.2597
0.0115,0.05127,0.160889,1.501221,-2.349548,-0.501038,85.153351,2.64923201328256,0.9622877429676064,0.08410384627116185,1.7911164081844624,-2.5145351890728063,79.69075975273425,2.637,0.985,1.2726
0.0121,0.058105,-0.041992,1.079346,1.922913,2.42865,84.573517,2.650186878335622,0.9667146528112331,0.08463741803854843,1.7229110503898335,-2.5443832150390855,80.72072709041544,2.639,0.991,1.2985
0.0121,0.001709,-0.014404,1.305176,-0.671082,-2.423645,85.977325,2.6510158693676704,0.971116939441723,0.08486794775480189,1.6440531304368768,-2.5871181962613794,81.76336689174194,2.64,0.995,1.3131
0.0113,0.098877,0.023926,1.296875,0.671692,-1.4776,85.79422,2.65164721880584,0.975816603346062,0.08526238539920919,1.6076653292914,-2.671849181166094,82.73276574736126,2.641,0.999,1.3277
0.0126,0.028076,0.042969,1.562012,7.446594,3.832458,83.261261,2.652270719145281,0.9808138364156397,0.08543709556406887,1.6590148287426054,-2.646448608203676,83.78320432738884,2.642,1.004,1.3487
0.0122,-0.006348,-0.025391,1.272705,4.364319,1.238464,82.925568,2.652899226469756,0.9853617885318711,0.08569626329131268,1.6343806493466686,-2.638258550359627,84.79964848035505,2.643,1.008,1.3633
0.012,0.019531,0.076904,1.319824,2.502747,-0.806213,82.77298,2.653261164671805,0.9904229221492337,0.08574232042944309,1.649851141873328,-2.667156858538835,85.78995521029213,2.644,1.014,1.3859
0.0114,-0.005859,0.081055,1.148926,4.455872,-0.928284,83.810577,2.653502850324952,0.9952515951491677,0.08566955326207583,1.6969790085266525,-2.68155069584559,86.74144071150086,2.645,1.018,1.4021
0.0124,0.003174,0.047363,1.438232,4.028625,-0.653625,84.970245,2.653775890557676,1.0002141696964915,0.0857702715765468,1.7076086444383605,-2.7013665381135716,87.79440106600843,2.646,1.022,1.4151
0.0123,0.051758,0.077881,1.22168,0.915833,1.024841,84.542999,2.653840227862031,1.0055745551078337,0.0859036838120605,1.7050405293200046,-2.7320810738180645,88.83193297678118,2.646,1.028,1.4345
0.012,-0.018066,0.046387,1.294922,4.8526,-1.325012,83.047638,2.6539459778984558,1.0103839039094498,0.08594038412024638,1.728072016785172,-2.745846146363711,89.82704482098634,2.647,1.032,1.4475
0.0115,0.030029,0.01416,1.340576,5.707092,3.100037,81.796417,2.6539913149601135,1.0149402880995817,0.08618589477045073,1.7408945819201942,-2.7359722984739134,90.7700974379358,2.648,1.039,1.4718
0.0125,0.049072,0.034668,1.163086,1.861877,-6.024719,81.582794,2.6538734438228317,1.0200736003638509,0.08643968545741543,1.722925785151526,-2.8544106289823667,91.7876678164732,2.648,1.042,1.4863
0.0118,0.057861,0.111084,1.427979,5.462952,-2.972961,79.263458,2.6535479012945458,1.025331029009173,0.08650487057566698,1.7854210424545478,-2.925094713250208,92.71821021960571,2.648,1.046,1.4993
0.012,0.022461,0.062988,1.352783,6.103821,3.710388,79.507599,2.653256922534756,1.0304620425006468,0.08662746124766077,1.8300115664587786,-2.9005542582215886,93.67217175357301,2.649,1.052,1.5171
0.0122,0.041748,0.161621,1.259766,1.648254,0.383972,78.439484,2.6526235646119276,1.0361677822121436,0.08649818301800857,1.8851378741066913,-2.927623939303647,94.62162335548615,2.649,1.056,1.53
0.0115,0.029053,0.131104,1.188477,2.319641,5.541443,75.235138,2.651995545206373,1.041382623998057,0.08639732697462801,1.9370724188777302,-2.888299396125287,95.48237143123447,2.649,1.062,1.5527
0.0126,0.021973,0.092773,1.157471,0.183411,1.360535,77.951202,2.6513781019863334,1.0465489464281006,0.08639762275197863,1.9355686970484176,-2.8965965102057973,96.46073613852774,2.649,1.066,1.5641
0.012,0.109131,0.108643,1.364014,-0.274353,-3.919006,76.028595,2.650540772317987,1.0520830251678468,0.08658478617249811,1.9304103634335799,-3.011340346515045,97.37031342237431,2.649,1.07,1.5786
0.0114,0.039795,0.029297,1.502197,-0.335388,0.994324,76.913605,2.6499792882482636,1.0565371099032752,0.08681995035794825,1.8779757916816664,-3.0254376905351443,98.24818476397525,2.649,1.076,1.5981
0.0123,0.009033,-0.020264,1.201416,1.343079,0.445007,78.256378,2.6494568827906244,1.0608891256295954,0.08715142373766673,1.8133902815915315,-3.035298251884642,99.21385862748254,2.649,1.08,1.611
0.0116,-0.019043,-0.044922,1.391846,3.72345,-0.562073,75.08255,2.649004755163421,1.0647020234471332,0.08745827422364637,1.7679419129779368,-3.0359018829682136,100.08770179511082,2.649,1.086,1.6321
0.0119,0.121826,0.027832,1.263184,4.028625,2.123474,72.18338,2.647997588821703,1.0698339499909475,0.0879059850978278,1.7716546474255614,-3.0883145451102614,100.95106697020584,2.648,1.09,1.645
0.0121,0.04248,0.002441,1.230957,5.218811,1.024841,69.192657,2.647171872037127,1.0742237838653987,0.08823597046184543,1.7749328498410655,-3.1056997012613192,101.79140532945102,2.648,1.094,1.6563
0.0125,0.016113,0.077637,1.344238,2.472229,-0.287415,70.871124,2.6461147598020336,1.0791436250763786,0.08830188017796185,1.7868221851314616,-3.120539453142673,102.67376586979682,2.647,1.099,1.6725
0.0122,0.042725,0.080811,1.320557,2.83844,-3.613831,70.382843,2.6449255821566875,1.084176821205686,0.08841429941576848,1.806015257736308,-3.190412953046102,103.52818196730166,2.647,1.103,1.6839
0.0121,0.04541,0.109375,1.192627,1.251526,-1.843811,74.167023,2.643547379983351,1.0894852160296666,0.08843688585066473,1.8265952720256855,-3.2439023221861096,104.41949361689436,2.646,1.109,1.7017
0.0123,0.047852,0.071289,1.283936,4.883118,-2.850891,74.19754,2.6422133665158243,1.0944901117357373,0.08859524791552346,1.8613114268240476,-3.3101483526321904,105.32891878499062,2.646,1.113,1.713
0.0116,0.031494,0.021729,1.563232,1.495667,0.322937,77.035675,2.64110208738889,1.0986474883361732,0.08884035127082665,1.8205036745940106,-3.3231916750104795,106.22350291744229,2.645,1.117,1.726
0.0117,0.106445,0.061279,1.361572,2.991028,2.245544,74.746857,2.6395941986096636,1.103583524917173,0.08914180337056618,1.8233608870263252,-3.357397565907811,107.10012794186754,2.644,1.123,1.7438
0.0123,0.06665,-0.032227,1.230469,5.462952,-0.562073,72.244415,2.6382768265032817,1.1079384727849122,0.08965604000871083,1.801085555089159,-3.4091878963526736,107.99576161194139,2.643,1.127,1.7567
0.0121,0.086426,0.049805,1.302734,5.371399,-2.36261,67.819366,2.636591364761693,1.1130002707493083,0.08997127420406438,1.830290752217201,-3.4865170973708186,108.81620479610538,2.642,1.133,1.7729
0.0111,0.016113,0.047363,1.402832,2.83844,0.445007,66.903839,2.6351962716829624,1.117133024297626,0.09012650280431314,1.8260855485976242,-3.4852381471715534,109.55723194072246,2.642,1.137,1.7842
0.0129,0.052979,0.123779,1.402588,2.868958,-2.026917,67.361603,2.6332114754294746,1.1226068937013196,0.09019828340820303,1.8619819748048965,-3.53733833941584,110.41908545999789,2.641,1.141,1.7956
0.0113,0.053955,0.084473,1.331299,3.082581,2.55072,66.781769,2.631430227348793,1.1273287282717432,0.09034031594473453,1.8827461262879637,-3.5345773983792035,111.17121114996645,2.639,1.147,1.8118
0.0121,0.074463,0.065186,0.995117,0.366516,3.130554,67.514191,2.6293539859026045,1.1325811586837917,0.09058739768791836,1.8719000755868889,-3.553670436353144,111.98811017415116,2.638,1.151,1.8231
0.0124,0.05127,0.104736,1.405029,1.70929,-1.721741,65.37796,2.627335874273677,1.1375426134036533,0.09069293355201531,1.8836001027637104,-3.598371875067384,112.79274644441055,2.637,1.156,1.8393
0.0122,0.0896,0.061035,1.448486,2.380676,-6.451965,64.645538,2.625256815327968,1.1424604693340181,0.09098796347812929,1.8781584432131273,-3.7187066055798197,113.57919691998866,2.636,1.16,1.8474
0.0115,0.111816,0.054932,1.386963,-0.396423,-4.132629,62.47879,2.623127156411505,1.1473108856259786,0.0913340150494587,1.8407292501839454,-3.818909439863281,114.29804204518452,2.634,1.164,1.8587
0.0126,0.026123,0.087158,1.260986,-1.434021,2.398132,59.243927,2.6209404509287917,1.1521595648572844,0.09144638543145367,1.8107713063703001,-3.7962321871035036,115.03877686363163,2.633,1.17,1.8733
0.0112,-0.023682,0.013428,1.43042,-0.121765,1.268982,59.182892,2.6193261601046807,1.1556170319694847,0.0916354873343245,1.7563653198088074,-3.7588532055287014,115.69985857330762,2.631,1.174,1.8863
0.0123,0.060791,0.101562,1.332764,-0.365906,3.649353,57.779083,2.6169297469214525,1.1606152019648117,0.09177459694563214,1.7491243417607762,-3.738470823336201,116.40674646148182,2.63,1.178,1.8943
0.0122,-0.030518,0.031006,1.208252,-0.304871,-2.881409,57.260284,2.6150632325727736,1.1643494715237594,0.09189649344975137,1.704385469789752,-3.7452700196185216,117.09907226571077,2.628,1.184,1.9089
0.0121,0.072754,0.124756,1.383057,-1.281433,-3.674866,56.375275,2.6124393806888815,1.169529447512785,0.09200200990921002,1.6990781158777148,-3.8165454108557113,117.77401104864008,2.627,1.187,1.9186
0.0114,0.005859,0.020508,1.424805,-1.403503,0.506042,57.44339,2.6104405189885957,1.1732865947798665,0.09223539284019643,1.6356314259011784,-3.801353157739448,118.42719574573724,2.625,1.193,1.9332
0.0119,-0.021973,0.065674,1.239502,-0.213318,-1.4776,56.924591,2.608368334390344,1.1770812472065575,0.09226859705183776,1.6151653545098121,-3.7932180739583483,119.09612890614079,2.623,1.197,1.9429
0.0122,0.02124,0.00415,1.428711,0.122375,-1.660706,56.31424,2.606133751665918,1.1810442438229807,0.09258429389696214,1.5590091953090972,-3.8124366669049214,119.78284793459822,2.622,1.201,1.9526
0.0121,-0.015137,0.030762,1.382812,2.929993,4.137634,55.612335,2.603995605412914,1.1847081877981362,0.09275206374381309,1.5531683428543732,-3.741255377349082,120.4531376711175,2.62,1.206,1.9656
0.012,0.038574,-0.032715,1.290527,4.028625,1.940369,58.145294,2.6018571803603696,1.1882698233419964,0.09318568289865944,1.522445910550343,-3.7306385050957687,121.15583876277539,2.618,1.21,1.9753
0.0124,0.029785,-0.021973,1.429443,7.843323,1.116394,57.290802,2.5995469983058848,1.19200398647336,0.09357549688154294,1.5471463826159417,-3.721800875623935,121.86933036021827,2.615,1.216,1.9899
0.0117,-0.003662,-0.05249,1.360107,10.803528,3.191589,58.358917,2.5975559912382242,1.1950260013240914,0.09397190011567876,1.5843842708934288,-3.67269871481759,122.55629714849857,2.614,1.219,1.9996
0.0125,0.082764,0.035889,1.165283,9.064026,1.238464,58.57254,2.594656388199192,1.1996558334936538,0.09433565069648128,1.6603044044899617,-3.702987431158185,123.29130050916353,2.612,1.223,2.0109
0.0111,-0.014404,0.031006,1.429443,6.134338,-5.109192,56.924591,2.5924551509598466,1.2029017499844494,0.09448340914253067,1.6886377673387862,-3.7392950225682893,123.91892097919923,2.61,1.228,2.0255
0.0122,0.078369,0.126709,1.418701,5.768127,-1.416565,58.633575,2.5892841362513757,1.2078097526891625,0.0946003413878385,1.7655895185378645,-3.7866876581917612,124.62986247243369,2.608,1.232,2.0336
0.0117,0.038574,0.164795,1.275879,5.890198,1.696228,60.159454,2.586089977788722,1.2126777451688204,0.0945127899554321,1.8710619494419658,-3.778567167347115,125.32506386307813,2.605,1.237,2.0514
0.0122,0.014404,0.072998,1.351074,2.197571,1.970886,61.624298,2.583270327095678,1.2166578177622742,0.09464372562272912,1.8732347012900696,-3.7555057011351254,126.07326131216057,2.603,1.241,2.0627
0.012,0.105225,0.186768,1.305176,0.122375,0.597595,59.976349,2.57953830214613,1.222239734114825,0.09464944319543694,1.920003201325265,-3.7984216008101934,126.78773437078421,2.601,1.245,2.0724
0.0125,0.026855,0.045898,1.14209,-1.281433,-1.202942,57.32132,2.5766217856649942,1.226139847807829,0.09486533244608701,1.870970685272423,-3.824615416031696,127.50141394360625,2.599,1.249,2.087
0.0121,0.020996,0.002197,1.278809,-1.037292,-2.942444,58.084259,2.5739366020928824,1.2294889196275305,0.09519152804440652,1.7961169170664282,-3.864439441552989,128.2033522421156,2.596,1.253,2.0967
0.0115,0.051025,0.072998,1.485352,0.976868,5.266785,54.391632,2.5709752563563124,1.2333097011847662,0.09538600543146634,1.7871044212156741,-3.8167428739507736,128.82846731378675,2.593,1.258,2.1129
0.012,0.001709,0.019775,1.322754,2.228088,4.015564,53.720245,2.56830168522232,1.2364634217573576,0.09561799934065031,1.7664666980914665,-3.759117910924886,129.4719034838034,2.591,1.262,2.1226
0.0124,-0.041748,-0.015869,1.375488,3.448792,4.137634,54.269562,2.5657613600228153,1.2391687349730367,0.09587275380402603,1.739945925843567,-3.676046108478438,130.14263180448415,2.589,1.265,2.134
0.0122,0.005371,-0.010254,1.22876,2.380676,1.116394,54.055939,2.5629674647856304,1.2422516607880578,0.09619664532495618,1.7046832775827039,-3.657495231694251,130.80222949499932,2.586,1.27,2.1485
0.0115,-0.031494,0.015625,1.226807,2.71637,-2.576233,57.168732,2.5604046719879783,1.2449458533050894,0.09634576130411406,1.688488217905269,-3.6582365665794123,131.45412891297252,2.584,1.273,2.1599
0.0121,0.01001,0.024658,1.26709,3.692932,-6.14679,57.718048,2.5573319320194603,1.2482966129702493,0.09657927429844541,1.6881610979214488,-3.7293002010199015,132.14850655582896,2.58,1.279,2.1777
0.012,-0.04834,0.016113,1.468262,0.793762,-0.562073,61.502228,2.554670784899087,1.2508913390718952,0.096725326103317,1.6427989993847023,-3.701762289038971,132.88125137797923,2.578,1.282,2.189
0.0122,0.004395,0.085938,1.280762,1.465149,0.017761,63.424835,2.551340402130967,1.254537033322992,0.09677703565814373,1.6482037363548678,-3.6954286444324356,133.65063078412126,2.576,1.285,2.2003
0.0118,0.063477,0.070068,1.351562,1.648254,4.656433,61.624298,2.5479485133132727,1.2582784474204272,0.09697794813936095,1.646538252863818,-3.666515321068385,134.37978701672097,2.572,1.29,2.2182
0.0121,0.06958,-0.002686,1.241211,-1.800232,4.412292,61.013947,2.5447396503544852,1.261550764663992,0.0973868231100997,1.56224333546965,-3.648332467498095,135.1236090243552,2.57,1.293,2.2295
0.0123,0.035645,0.090576,1.299316,2.0755,-0.104309,58.206329,2.5411782809281704,1.265282331405911,0.09748014063902839,1.5824261829331374,-3.6594004560167943,135.83682361937093,2.566,1.297,2.2441
0.0113,0.065186,-0.080078,1.323486,6.286926,-1.965881,58.755646,2.5384425926708314,1.2676108460957802,0.09805319996013091,1.5499184706937021,-3.7095401242072983,136.50658931041264,2.564,1.3,2.2554
0.0124,0.032715,-0.005127,1.414795,0.397034,0.963806,60.861359,2.5351890913374415,1.270517989609945,0.09839227809938549,1.4896487761340849,-3.70531072235488,137.26254357814298,2.561,1.303,2.2635
0.012,0.006592,0.014893,1.14624,-0.213318,-1.691223,60.312042,2.531935026345005,1.2733548402678494,0.09862575860452875,1.4379724667993556,-3.719741800893748,137.98439510284584,2.557,1.308,2.2829
0.0122,-0.010986,0.082275,1.459229,5.005188,3.496765,59.884796,2.528445141786106,1.2764637777222432,0.09868224796778752,1.482368783757369,-3.6586134680367612,138.71117149487065,2.555,1.311,2.2926
0.0115,0.086914,-0.029541,1.121582,0.885315,2.153992,60.739288,2.5250766551393045,1.279409651166224,0.09921116612363041,1.415733107957046,-3.683408617858032,139.41717062873076,2.552,1.314,2.3023
0.0118,0.063965,0.087891,1.357666,-3.417664,-2.48468,63.394318,2.5211792580973804,1.2830284211528835,0.09936294026876873,1.3656571268068556,-3.734933959799398,140.16374312271626,2.548,1.318,2.3202
0.0121,0.022461,0.084961,1.485107,0.427551,2.825378,63.577423,2.517391278747342,1.286261840351407,0.09947245977187265,1.3533807922103223,-3.698633559136306,140.93054654763225,2.546,1.321,2.3299
0.0125,0.015137,-0.000244,1.349854,0.732727,2.398132,64.431915,2.5138126161284697,1.2889405580464792,0.09977223261335558,1.2991497911818128,-3.6665041867257266,141.73618432057503,2.541,1.326,2.3493
0.0123,0.044922,0.003906,1.190186,-1.495056,-1.172424,63.028107,2.509942470295719,1.29194369863461,0.10012423017963033,1.223508989212859,-3.698098425542822,142.51298575677345,2.538,1.329,2.3639
0.0117,0.045654,-0.023682,1.404297,2.96051,1.146912,62.906036,2.506361118547107,1.2944952544855348,0.10051642050166391,1.1872696336201414,-3.695391192793771,143.25155716660078,2.535,1.331,2.3768
0.0121,0.062744,-0.014404,1.328369,4.028625,0.445007,63.791046,2.5025488118969417,1.2972630823294273,0.10092840991734399,1.167949710969695,-3.7124315968078707,144.02690337952865,2.531,1.335,2.3914
0.0121,0.02417,0.016357,1.375488,2.624817,3.924011,61.410675,2.4988033151554654,1.2998603777545998,0.1011877043322835,1.1512913963226217,-3.6635540462937684,144.77058505352858,2.528,1.338,2.4027
0.0114,-0.016602,-0.009766,1.278076,1.129456,-0.012756,61.258087,2.495507292085601,1.3017990314738663,0.10141835547803107,1.1042957173583343,-3.6390537092523028,145.4671401171126,2.523,1.342,2.4189
0.0131,0.049805,0.062256,1.353027,2.899475,2.184509,61.013947,2.4909689150161087,1.3051042063519656,0.10163471545962563,1.118316456462335,-3.623832871796153,146.26666523634287,2.52,1.345,2.4286
0.0113,0.073242,0.100586,1.170898,2.563782,-1.080872,60.861359,2.486484992420897,1.308660078674859,0.10174554512490862,1.161169548813259,-3.666922562448307,146.9538253531958,2.517,1.348,2.4383
0.0123,0.022705,0.060303,1.446777,-0.304871,0.231384,62.35672,2.482315848978185,1.311392066888864,0.10190543136042882,1.1312260900315338,-3.6604196028093985,147.71848469406083,2.513,1.351,2.4545
0.0118,-0.057617,-0.070801,1.155762,0.82428,0.597595,62.265167,2.4793406925691848,1.3123174380450666,0.10223457728486414,1.037826776578175,-3.60360720876032,148.45024672777114,2.51,1.354,2.4642
0.0114,-0.066406,0.032715,1.476807,3.662415,-3.36969,58.297882,2.4759102943400197,1.313974184571303,0.10228159921760865,1.0458449146324642,-3.5900134724255994,149.107957296038,2.505,1.358,2.4821
0.0122,0.061035,0.038574,1.528809,1.343079,6.273865,58.206329,2.471528358260135,1.3166962870493177,0.10255082324309296,1.0291728975470498,-3.5271870481968755,149.8204340715783,2.501,1.36,2.4918
0.0121,-0.020264,-0.013672,1.228516,1.251526,6.487488,58.847198,2.4680980048406123,1.3182588996087163,0.1027720172501242,0.9843471118455798,-3.422684096644483,150.53119905159895,2.498,1.363,2.5031
0.0122,0.013428,-0.030029,1.196289,3.937073,-6.238342,60.373077,2.4644781728226683,1.3199302129804606,0.1031020128083865,0.9608952304743853,-3.493823847470082,151.26650221464593,2.494,1.366,2.5177
0.0122,0.149414,0.056396,1.597412,4.577942,-3.430725,60.006866,2.4595105191320354,1.3231482128713092,0.10346155334506497,0.9911868661167209,-3.5883126672808094,152.00268026921208,2.491,1.368,2.5274
0.0117,-0.032715,0.026855,1.427002,2.746887,5.694031,59.121857,2.4556910575518294,1.3248660459187707,0.1035814522677308,0.9867828692514543,-3.4876002844629457,152.69166753072432,2.485,1.372,2.5468
0.0122,-0.053223,0.085205,1.214355,4.181213,-2.393127,60.312042,2.451496066022812,1.3269569162260837,0.10348932787766987,1.0391373926310399,-3.4684179817623253,153.42037760840742,2.482,1.374,2.5549
0.0116,0.078857,0.029785,1.39624,5.035706,1.635193,59.060822,2.4470672901938784,1.329377749623672,0.10378999666947795,1.0640940220365804,-3.4767815839855456,154.10858076373822,2.479,1.376,2.5646
0.0127,0.042969,-0.018066,1.180664,-0.610046,5.388855,60.251007,2.442847696575249,1.3312551773584396,0.10417271327806349,0.9907271353029814,-3.4244667601657626,154.87695047365068,2.474,1.379,2.5808
0.0112,-0.013428,0.04834,1.213379,-0.121765,-2.545715,61.532745,2.4390103027509666,1.3329816656812674,0.10422255531385717,0.9715888565277851,-3.429317353663653,155.56217295378534,2.471,1.381,2.5905
0.0121,0.099854,0.088379,1.453613,5.401917,-1.752258,61.563263,2.433826843355896,1.3359326105790683,0.10443958063265556,1.0310912617515697,-3.486069917211978,156.3099339800287,2.465,1.385,2.61
0.012,0.046875,-0.031494,1.482178,4.73053,4.900574,62.722931,2.4296649151474345,1.3374715396999421,0.10482575761081522,1.0172330098936508,-3.4375795730366856,157.06517177820152,2.462,1.387,2.6197
0.0123,0.046631,0.006104,1.264648,0.610657,-3.888489,63.760529,2.4252486867032768,1.3393099670668687,0.10513316540229993,0.9735813027530196,-3.4998503584610314,157.85010646418016,2.458,1.389,2.6342
0.0123,0.019287,0.018799,1.466553,6.073303,1.024841,60.373077,2.4209226979188045,1.3409176075515366,0.10536300317959436,1.0045933761926116,-3.4815583293652312,158.59191918923446,2.453,1.391,2.6504
0.0113,0.024658,0.012695,1.198975,4.516907,2.977966,62.326202,2.4168912351674106,1.3424046683723527,0.10559642005816691,1.0133828963640146,-3.4495857302012918,159.29667943299003,2.449,1.393,2.665
0.012,0.015137,0.044922,1.344727,3.052063,0.597595,61.074982,2.412435389327702,1.3441056970557912,0.10575039899644284,1.023662145512892,-3.436169339825447,160.02810419386188,2.444,1.396,2.6812
0.0128,0.02832,0.06665,1.283447,1.678772,0.750183,64.157257,2.407313512469516,1.3462243800111948,0.10589802259705236,1.0282827002330466,-3.4302097312135698,160.84860220289116,2.44,1.398,2.6909
0.0119,-0.020752,0.085449,1.279785,1.312561,2.398132,64.889679,2.40262698039466,1.347958684055786,0.10588945409203343,1.041451130124981,-3.3756577461668793,161.61620283764572,2.437,1.4,2.7039
0.0116,-0.052734,0.169678,1.096191,-5.09613,-7.733704,66.171417,2.397587360338221,1.350205629001918,0.1055267103066611,1.0471807247807843,-3.4153175746187676,162.37255081896342,2.431,1.402,2.7233
0.0121,-0.144775,-0.021973,1.842285,0.213928,-0.59259,67.483673,2.394016611037537,1.3501198570459156,0.10561667618603394,0.982613174186107,-3.3491523479866974,163.1757012362124,2.427,1.404,2.7379
0.0115,0.040771,-0.161133,1.421143,4.059143,14.544128,70.657501,2.390757068913691,1.3499002947314953,0.10625743334067266,0.8879919413605643,-3.194837656678809,163.99064241724608,2.423,1.405,2.7476
0.0121,0.075439,-0.018066,1.02832,1.70929,4.839539,67.697296,2.38627158931973,1.351276439294333,0.10669426305719414,0.8443330398279189,-3.183074528294313,164.81638539102266,2.418,1.408,2.7654
0.012,-0.000732,-0.135986,1.533447,5.127258,-3.400208,67.483673,2.382796727705495,1.3510547155746608,0.10717872052869239,0.7852882299183822,-3.2114478906720656,165.62343107866567,2.415,1.409,2.7767
0.0121,0.118652,0.038574,1.230469,3.784485,-2.393127,77.157745,2.377315744584109,1.3531485917205444,0.10753051784350377,0.7975146832686644,-3.300748220926937,166.56350898549312,2.408,1.411,2.7994
0.0126,0.026123,0.062744,1.105225,4.303284,-1.721741,73.312531,2.371713358123658,1.354888967941801,0.10766494440084769,0.8369592289525248,-3.328085624844819,167.48699527146516,2.404,1.413,2.8107
0.0121,0.000977,0.049316,1.45752,2.197571,0.719666,75.357208,2.3667354805015646,1.3559617992136266,0.10780174048547514,0.8305204754993426,-3.3058976240646096,168.39668723783768,2.4,1.414,2.8237
0.0115,-0.061279,0.063232,1.386963,3.753967,5.32782,77.279816,2.36255263828732,1.356565740201635,0.10776546222725104,0.8515766125032993,-3.198007196218597,169.2794476815611,2.395,1.416,2.8431
0.0121,0.039307,-0.030029,1.084229,-0.94574,1.360535,81.491241,2.357979979217788,1.3571409670434988,0.10816126025029658,0.7587056452734458,-3.2010923860590057,170.2678472361216,2.391,1.417,2.8577
0.012,0.035889,0.059082,1.422607,-2.319031,-3.217102,81.552277,2.352884462940668,1.3582894915495407,0.10830540348708634,0.7032818243928736,-3.244825496159536,171.24643427436752,2.385,1.419,2.8803
0.0124,-0.014404,-0.025391,1.165039,-1.06781,-4.346252,84.848175,2.348444982263402,1.358314557179216,0.10857474311794928,0.6091338682297733,-3.2775647269462733,172.29503818559317,2.381,1.42,2.8949
0.0112,0.081787,0.067383,1.536133,-0.091248,-1.111389,83.596954,2.3433242791655946,1.3595508021379763,0.10876015679756158,0.5848040121563448,-3.3123934918230584,173.23440110632734,2.377,1.421,2.9095
0.0122,-0.000488,0.055908,1.364014,0.244446,1.055359,81.369171,2.3382579507254966,1.3601858960544302,0.10885905678819145,0.5589865816337533,-3.2825360601472737,174.2249426460585,2.372,1.422,2.9289
0.0122,0.027588,0.09082,1.423828,0.854797,3.985046,77.615509,2.33301465872752,1.3611677131742201,0.10891843485642111,0.5617383857069107,-3.2310588791987405,175.1720014199398,2.368,1.423,2.9419
0.0125,0.06543,0.053467,1.100586,-2.441101,3.374695,77.768097,2.327474823251656,1.3623649306353012,0.10911651492882345,0.5125119123076498,-3.2191254445279163,176.149336316403,2.361,1.424,2.9645
0.0112,0.009521,0.043213,1.211426,0.458069,-3.766418,79.263458,2.3229652722962144,1.362734843911941,0.10920900690595133,0.49290271159860777,-3.2499861679879394,177.03468063333912,2.357,1.425,2.9759
0.0121,0.056885,0.077637,1.445557,4.028625,-0.684143,79.75174,2.3175746028988633,1.3635634229209048,0.10934254318666882,0.5255958832187916,-3.2696189424390942,178.0012439596187,2.354,1.425,2.9904
0.0129,0.02124,-0.016846,1.251221,-0.365906,-0.59259,77.798615,2.3127259977190824,1.363398672807423,0.10965116631422608,0.45088061927766193,-3.2741192529240037,179.00442182878854,2.348,1.426,3.0082
0.0117,0.017822,0.023438,1.23999,-1.311951,-3.919006,76.120148,2.308113014712189,1.36343012690447,0.10982075221886282,0.39761996422245216,-3.3118886948405004,179.89336242193426,2.344,1.426,3.0212
0.0117,-0.016357,-0.570801,1.173584,5.585022,-4.437805,78.10379,2.3075641388188535,1.3587486146638275,0.11129489812131363,0.08672739082764692,-3.346009780172388,-179.19014308024632,2.338,1.427,3.0439
0.0121,-0.049805,-0.017334,1.315674,12.848206,8.501648,76.486359,2.3034186138167114,1.3579032962600184,0.11146143272666174,0.17895925293625348,-3.1920660638213594,-178.26780218908704,2.334,1.428,3.0552
0.019,-0.190918,0.24585,1.937744,2.594299,2.611755,77.85965,2.2957412468857683,1.3577515759183194,0.11121125511567896,0.2439158228899153,-3.0442588697578024,-176.79569409637867,2.33,1.428,3.0681
0.0048,-0.042236,0.011719,1.012207,5.035706,7.555603,70.718536,2.2942040178197796,1.35716949604956,0.11113008848416914,0.25974190779234324,-2.957423568859081,-176.46154128918872,2.324,1.428,3.0843
0.0118,-0.029785,-0.035889,0.828125,0.763245,-5.292297,72.488556,2.290395999833912,1.3558754657492509,0.11137260225303215,0.19191408768059703,-2.9789611181478337,-175.6117220301523,2.32,1.428,3.0957
0.0123,0.030029,0.124268,1.362549,1.190491,-1.630188,72.915802,2.284726287103444,1.3564488438060303,0.11132421636115873,0.23136939289956318,-2.9946177096338973,-174.71149850130678,2.314,1.429,3.1151
0.0121,0.02417,0.140869,1.500488,7.934875,5.388855,73.373566,2.2789799862276117,1.3569373725995357,0.11126791315126813,0.3535992552351351,-2.9216002018736407,-173.82089228128768,2.31,1.429,3.128
0.0118,0.018066,0.094482,1.304932,1.221008,-3.735901,75.814972,2.2735347143364355,1.3570932646954605,0.11126492088718049,0.3775796413335903,-2.9584480373739996,-172.92512814747914,2.306,1.429,3.1378
0.0124,0.036133,0.084717,1.346191,-2.9599,-1.569153,70.657501,2.2680262263274167,1.3571650536121134,0.11132314312617768,0.3439509316178429,-2.9801597172295873,-172.04657861335662,2.3,1.429,-3.1325
0.0116,-0.008057,0.011963,1.135986,0.885315,0.475525,70.688019,2.263886961322288,1.3563018027402687,0.11144731661172032,0.3194572671568704,-2.952837022609237,-171.2298404645266,2.296,1.429,-3.1195
0.0121,0.061768,0.150391,1.30542,4.913635,-0.409485,70.443878,2.257737160039683,1.357057444435672,0.11139111281723922,0.4229673974775924,-2.974981091982514,-170.37098343840134,2.29,1.429,-3.1001
0.0124,-0.071777,-0.013672,1.477295,4.272766,3.130554,67.331085,2.253757222510294,1.3552093141357902,0.11151954093110097,0.4229369964999454,-2.8826281179594964,-169.54686884829707,2.286,1.428,-3.0888
0.0113,-0.058105,0.021973,1.454102,5.523987,2.581238,68.551788,2.2499007132413413,1.3538082151251438,0.11156270328486269,0.4556452471959333,-2.8068242161040455,-168.78100142729969,2.282,1.428,-3.0774
0.0125,0.108154,0.08252,1.170166,4.181213,2.092957,68.216095,2.2437447239952126,1.3544044514243165,0.11173558407034874,0.519202844566968,-2.837223927868159,-167.91463631729283,2.276,1.428,-3.058
0.012,-0.052002,-0.045166,1.0896,3.570862,-0.928284,67.971954,2.240398618957717,1.352067819681152,0.11194829148630078,0.48653053551828657,-2.8007902723994125,-167.1107891179252,2.272,1.427,-3.045
0.0119,0.037598,-0.001221,1.292725,4.913635,-5.292297,70.443878,2.2358471168306666,1.35098288039984,0.1121940040999623,0.5002634040579625,-2.872192029454418,-166.2719620389892,2.267,1.427,-3.0289
0.0371,-0.012207,0.036377,1.347656,3.662415,-3.461243,71.695099,2.221761383937605,1.3473189173350009,0.11277358378854821,0.5190277303270897,-2.9909940755533726,-163.61587507642088,2.262,1.426,-3.0159
0.0004,0.032959,0.111572,1.397461,-1.739197,3.405212,73.831329,2.2207245463852363,1.3481400433983968,0.11254223976800438,0.580295534977047,-2.9835427092723354,-163.5858640146649,2.259,1.426,-3.0046
0.0004,0.085693,0.107666,1.241211,-1.708679,5.44989,73.587189,2.2191043625428257,1.349615997862624,0.11239219041659865,0.6461722465972091,-3.012842821494715,-163.54827744629162,2.252,1.425,-2.9835
0.0101,0.131104,0.143311,1.077637,2.136536,4.290222,70.749054,2.2128660315556767,1.3512483925140917,0.11241522161025035,0.7342548090580294,-3.049983824162408,-162.8149342829551,2.249,1.424,-2.9706
0.0122,0.087158,0.085449,1.225342,3.570862,-1.4776,64.828644,2.206970653936075,1.351139806403504,0.11257373093851919,0.78773099388132,-3.1101365319693017,-162.0159642832136,2.245,1.423,-2.9592
0.0146,0.023926,0.004639,1.404297,2.0755,0.963806,63.48587,2.2016880226360427,1.3491005536525558,0.11286882759134313,0.7644238464400421,-3.096803221891383,-161.09051885801313,2.239,1.422,-2.943
0.009,0.014893,0.056396,1.245117,2.228088,-1.233459,64.035187,2.1980731504911444,1.348148630657044,0.11290979226389947,0.7849791753225386,-3.1000504190858122,-160.51814283349827,2.236,1.422,-2.9317
0.0121,0.010986,-0.07251,1.25293,2.441711,1.207947,67.910919,2.1946912235389644,1.3455117690380742,0.1133074455294858,0.7168498098458234,-3.080340284093612,-159.69798000283288,2.23,1.42,-2.9139
0.0123,-0.010986,0.071289,1.412109,3.052063,2.398132,72.274933,2.1900658843407106,1.3438188885289946,0.11335952013960163,0.7426621092362647,-3.030003017342103,-158.81595265044172,2.226,1.419,-2.901
0.0447,0.04834,-0.045166,1.248291,2.929993,-0.440002,72.763214,2.174423001860373,1.3372229675374219,0.11441369518352855,0.6611936439460558,-3.098935633909049,-155.55692610299675,2.222,1.418,-2.8896
0.0007,0.041016,0.05835,1.333252,-0.884705,-1.447083,76.272736,2.1736799287368234,1.3375283105824947,0.11431725984168842,0.6925330184713132,-3.0996853884039837,-155.5050040506569,2.216,1.417,-2.8702
0.0004,0.084229,0.032959,1.271484,-0.762634,-0.043274,75.448761,2.172828299286076,1.338169974911808,0.11434275641659056,0.7089523422293169,-3.131006844570641,-155.46872602246324,2.213,1.416,-2.8572
0.0016,0.054443,0.085693,1.487549,0.122375,2.031921,74.594269,2.171538013793074,1.3384996351371143,0.11424255410021641,0.7479928498354574,-3.1318539188766126,-155.35070178298952,2.206,1.414,-2.833
0.0122,0.088867,0.050293,1.21875,3.540344,0.994324,72.610626,2.1659506609767174,1.3373440781392898,0.11450962006413391,0.773840347194642,-3.167243751373167,-154.45677311017053,2.202,1.413,-2.82
0.0123,0.082031,0.002686,1.353516,3.509827,0.353455,69.223175,2.1612458501602045,1.335586328327743,0.11485259541160232,0.7656006672665482,-3.1988614564231987,-153.59800883005317,2.199,1.411,-2.8087
0.0121,0.042236,0.012939,1.228516,1.373596,1.085876,68.307648,2.156873926203678,1.3335462609355961,0.11511365892016648,0.7398798437898164,-3.1990043151452263,-152.7698284905027,2.193,1.41,-2.7925
0.0113,0.052734,0.079102,1.338623,3.601379,0.353455,64.49295,2.1521261474486235,1.33209982332412,0.11523421772394156,0.7858324058054178,-3.2094077577225315,-152.0424208307163,2.19,1.408,-2.7828
0.0124,-0.043213,0.04834,1.285889,2.807922,1.909851,66.812286,2.148384617710764,1.3292398088684594,0.11527887076178414,0.8007479882905698,-3.140318855457104,-151.22816644021086,2.184,1.406,-2.7666
0.0122,0.017822,0.048828,1.135742,3.204651,-1.874329,67.361603,2.1438946176921396,1.327088474581614,0.11541211986900363,0.8261666887958998,-3.161674495709675,-150.41102351399493,2.18,1.404,-2.7569
0.0118,0.049805,0.055908,1.542236,2.014465,2.764343,66.1409,2.1394997424073643,1.325066998641809,0.1155893564076641,0.8316061128011089,-3.138989213978702,-149.63115978153462,2.176,1.403,-2.7471
0.0123,0.005127,0.04834,1.371582,1.465149,1.696228,65.438995,2.1352941233265206,1.3224756219699332,0.11572207711829534,0.8294722326487374,-3.1052899690306117,-148.8328261038542,2.171,1.401,-2.7326
0.0122,0.005371,0.042725,1.21875,2.258606,0.017761,65.408478,2.131104232744814,1.3198657428233904,0.1158554954799772,0.8376674241891298,-3.094106551871771,-148.0412759633147,2.168,1.399,-2.7212
0.0114,0.06665,0.047607,1.305176,5.310364,1.818298,62.997589,2.1264374182326513,1.3179246293205118,0.11607882453286533,0.8840383222301537,-3.1008004399985576,-147.319401744215,2.162,1.396,-2.7034
0.0121,0.024658,0.059814,1.416992,3.509827,-1.996399,61.380157,2.122095450945131,1.3154198740175305,0.11622030753860055,0.9148483893322846,-3.1233415873040684,-146.58189236534736,2.158,1.395,-2.6921
0.014,-0.022461,0.018066,1.213135,2.83844,-4.346252,61.532745,2.1179842544147363,1.3116389239411872,0.1164029431595434,0.9123058286290864,-3.1556199363742006,-145.73167949241915,2.154,1.393,-2.6791
0.0101,-0.010498,0.032959,1.472656,4.761047,-3.24762,61.990509,2.1149567778630076,1.3088454132932834,0.11650750762796708,0.9365721889204911,-3.1640709505952174,-145.11502160954984,2.149,1.39,-2.6662
0.012,-0.02417,0.075928,1.457275,1.465149,2.031921,62.906036,2.1109778863409856,1.305729710983942,0.11655963246052801,0.9489496731633125,-3.1098252281336616,-144.37239428279514,2.145,1.388,-2.6532
0.0124,-0.048584,0.060791,1.380859,1.343079,7.34198,62.173615,2.1073740813152364,1.3023066008113735,0.11659018727886884,0.9536034281692972,-2.975760556550419,-143.615803167191,2.14,1.385,-2.6371
0.0115,0.033936,0.0625,1.192627,-1.342468,6.029724,64.218292,2.1031100806663763,1.3000863646142276,0.11671135439397692,0.9376389657370384,-2.9186641396044313,-142.87736968913146,2.137,1.383,-2.6257
0.0124,0.06543,0.050049,1.156738,-3.356628,-2.60675,62.783966,2.098365197081568,1.2978885421408015,0.11692954144178723,0.8864717178872318,-2.986804553288395,-142.09374473489922,2.133,1.381,-2.6176
0.0111,0.03125,0.020996,1.389404,0.458069,-1.172424,64.187775,2.0948701227892115,1.2951095937827792,0.11712619084487075,0.8600312420353167,-3.004017744131265,-141.3828534315905,2.128,1.378,-2.5982
0.0131,0.016602,-0.004639,1.245605,2.350159,-1.508118,63.302765,2.0911049042785823,1.2914704878541223,0.11739848834536909,0.8372338198019983,-3.022889685848508,-140.55579497698832,2.124,1.376,-2.5885
0.011,0.021973,-0.057129,1.257812,1.129456,-0.684143,64.706573,2.0885442470338713,1.2880134910675927,0.11774364808384637,0.7672977369466698,-3.031385222015731,-139.84238515988568,2.119,1.373,-2.5723
0.0125,0.022217,0.031738,1.49585,3.387756,3.252625,62.448273,2.0847456778559437,1.284686818114365,0.11793652305970351,0.7801454643543567,-2.987649515329617,-139.06466884788813,2.116,1.371,-2.5593
0.0122,-0.041748,-0.067139,1.196777,4.394836,4.656433,61.532745,2.0827379260595533,1.2801421273657188,0.11821286340028563,0.7413902802837261,-2.8904111915706165,-138.32147902044187,2.113,1.369,-2.5496
0.0114,-0.075684,0.029053,1.205078,3.174133,-2.60675,63.302765,2.0802893119076695,1.276149713349319,0.11819051348116189,0.7554655785902141,-2.854747109126092,-137.61876224496478,2.107,1.365,-2.5302
0.013,0.012695,0.066162,1.352051,2.655334,-1.660706,65.774689,2.0759829880860634,1.2726671011655473,0.11830635114243031,0.7825091469569837,-2.871345605588217,-136.76891974502044,2.104,1.363,-2.5172
0.0116,-0.005127,0.067139,1.315918,3.479309,2.825378,67.514191,2.0723341562692776,1.2694385380211457,0.11835853404228272,0.8203754126825122,-2.822828117289649,-135.99312460482216,2.1,1.359,-2.5011
0.0116,0.003174,0.044922,1.158203,1.983948,-3.888489,67.727814,2.0688996745438977,1.2662388831949283,0.11844859865592247,0.8308650469757647,-2.859215553174363,-135.2138017141221,2.096,1.357,-2.4881
0.0123,0.072754,0.086182,1.348389,3.113098,-0.684143,66.049347,2.0642461074735485,1.2635874767001278,0.11861170265007613,0.8752438877430978,-2.8996133453637465,-134.39778067743634,2.093,1.354,-2.4768
0.0124,0.03833,-0.031494,1.122314,3.143616,0.231384,66.354523,2.0611594398199493,1.2597996291552493,0.11897392697272237,0.8426711055384272,-2.9161699409681296,-133.5702273564128,2.088,1.35,-2.4557
0.0113,0.016846,0.000977,1.50708,3.96759,-1.721741,68.124542,2.058424119783745,1.2562119452145162,0.1191794213471352,0.8414999906736944,-2.931473027043697,-132.80337851437508,2.085,1.348,-2.4411
0.0131,0.018799,0.024658,1.356201,2.929993,2.367615,66.446075,2.0549346942929456,1.252284400826281,0.11938582402493116,0.8439123436020352,-2.9009011311489696,-131.93521000448393,2.081,1.344,-2.4233
0.0108,0.006836,-0.00415,1.167969,2.624817,-2.454163,68.368683,2.052499429308852,1.2487005210426452,0.11958259992052309,0.8254421328373163,-2.920900167030737,-131.20011891037822,2.078,1.342,-2.412
0.012,-0.018066,-0.000732,1.38208,2.655334,-1.4776,69.253693,2.0500710858423843,1.2445014039785636,0.11974730137725009,0.8076251047949707,-2.916047399984343,-130.3764631782027,2.075,1.339,-2.3991
0.0125,0.029053,0.094727,1.147461,1.922913,-2.179504,68.856964,2.0458387462261967,1.2413647097193603,0.11980117007606138,0.8500851147160593,-2.9526308870274405,-129.5200011854785,2.07,1.334,-2.3796
0.0118,0.043945,0.097412,1.343262,3.052063,4.076599,69.223175,2.041875726900444,1.2383463160403207,0.11988923219094665,0.8973252554075736,-2.9189720316500747,-128.70467392857665,2.067,1.332,-2.3683
0.0117,0.026611,0.012939,1.449463,0.213928,4.137634,66.934357,2.039126120747063,1.2346070979137194,0.12009883347331848,0.8604329480689139,-2.8739379665653972,-127.92225347908072,2.063,1.328,-2.3521
0.0124,0.030029,0.004639,1.258057,0.580139,2.337097,67.849884,2.036307845971212,1.2307924433238329,0.12033919182099086,0.8223272718150842,-2.854772252149907,-127.07998312819426,2.061,1.325,-2.3375
0.0134,0.090332,0.04248,1.039307,3.021545,-8.252502,67.575226,2.0317724783182953,1.2276295331689722,0.12065828696988057,0.8451544097659568,-3.0264627594162676,-126.16482457930249,2.058,1.322,-2.3262
0.0102,0.075928,0.056885,1.449463,1.251526,-4.681946,67.239532,2.0285868690025355,1.224800191428694,0.12084675779227706,0.847126645324047,-3.1002833988626395,-125.47712071402236,2.053,1.317,-2.3084
0.0119,0.010986,-0.034912,1.409912,-2.380066,-4.895569,69.650421,2.0265599946321946,1.2202327264608068,0.12113439039301775,0.747036569847855,-3.1507175673990573,-124.65027645917475,2.051,1.314,-2.2971
0.0124,0.012451,0.114746,1.455566,-0.457458,-2.911926,70.04715,2.0232031385656812,1.2163050523143766,0.12116310842808845,0.7523762773552555,-3.1769671071937973,-123.79252331371815,2.047,1.31,-2.2809
0.0124,0.054932,0.064941,1.244141,0.732727,4.900574,65.683136,2.019629807604667,1.2126661481364274,0.12135388007426082,0.7543872163897751,-3.136827856370178,-122.97738300009311,2.044,1.307,-2.2695
0.0116,0.034668,0.064697,1.187744,-2.9599,4.717468,62.448273,2.016636113375077,1.2092943392127002,0.12146781419195,0.7206895044480937,-3.0902186640367217,-122.25594758505918,2.042,1.304,-2.2582
0.0121,0.04248,0.114258,1.285156,-1.525574,-3.888489,62.47879,2.0131471715017817,1.2059434451795041,0.12150723953030947,0.7288276871924791,-3.1467137621590706,-121.50705765748039,2.038,1.299,-2.2436
0.0122,0.108154,0.106445,1.300293,0.458069,-2.36261,62.295685,2.008883428292082,1.2029962880819154,0.12170290714649114,0.7539730623613552,-3.2244326859304278,-120.74211951411257,2.036,1.296,-2.2355
0.0121,-0.020752,-0.072754,1.285889,-1.128845,0.353455,63.668976,2.007995974758058,1.1978377017078694,0.12201343991235519,0.6457819112490231,-3.1919672349726134,-119.97523536874377,2.033,1.293,-2.2258
0.0118,0.023926,0.055176,1.303467,-0.854187,-3.308655,63.211212,2.0055231325242775,1.1938869298309225,0.12213567201045189,0.6245030200275044,-3.2271715791363134,-119.23588723674644,2.029,1.288,-2.2129
0.0119,0.077637,0.025879,1.429688,4.608459,3.069519,60.067902,2.002722161647322,1.1901273004923028,0.12242118055814072,0.6495924159996425,-3.215139336236217,-118.51611157162404,2.027,1.285,-2.2048
0.0122,0.066162,0.029541,1.209229,9.033508,3.924011,59.671173,1.999816717382284,1.186327659703228,0.12270245749054226,0.7342492279126173,-3.194544446283752,-117.78316374242229,2.024,1.28,-2.1902
0.0122,-0.011719,0.008301,1.294189,10.77301,2.581238,59.823761,1.9982461137206298,1.1815183892869223,0.12287335571517674,0.8238862424247646,-3.140519565895856,-117.06104286337036,2.021,1.277,-2.1805
0.0119,0.038818,0.006348,1.36792,10.864563,0.719666,59.640656,1.9960955002838532,1.1770028486655406,0.12314902933494808,0.9106498490999626,-3.139946240584572,-116.35049332405146,2.019,1.274,-2.1708
0.0125,-0.02832,-0.062256,1.373535,6.805725,3.405212,60.434113,1.9954052628014665,1.1713507575868216,0.1234394196665023,0.9096354246409225,-3.0691011599480875,-115.5982066864661,2.015,1.268,-2.153
0.0111,0.003662,0.062744,1.189453,3.235168,-3.278137,63.058624,1.9932399630228124,1.1672343868105965,0.12350459955928907,0.9434558331728576,-3.0946531527775405,-114.90870526686764,2.013,1.265,-2.1433
0.0125,0.058594,0.040039,1.236328,4.944153,-2.881409,65.225372,1.9904819171836006,1.1629541767563072,0.12376572087042513,0.9795951361902034,-3.15694531601036,-114.0920842672622,2.01,1.26,-2.1287
0.0116,0.031982,0.125488,1.417236,1.95343,3.222107,66.26297,1.9875728944333346,1.1590508627568175,0.12380704146276499,1.0231813576251794,-3.1238015467767064,-113.3333430506113,2.008,1.256,-2.119
0.0124,-0.006104,0.086426,1.328613,0.580139,0.994324,66.934357,1.9853774255727337,1.1543999210582543,0.12385086309674186,1.0293177516207934,-3.0967741057925444,-112.51681712962316,2.006,1.253,-2.1076
0.0119,0.078613,0.088135,1.389893,-0.671082,0.078796,63.24173,1.9823560737038886,1.1505664406927247,0.12404400918255393,1.0234801938724374,-3.127762116044276,-111.7639630039833,2.003,1.247,-2.0914
0.0121,0.105713,-0.002686,1.147949,-0.030212,2.031921,61.34964,1.979694645484588,1.1466766646733408,0.12450069819010909,0.9735819106751641,-3.1653681744282363,-111.00426366410393,2.001,1.244,-2.0785
0.0116,-0.034668,0.017334,1.32666,1.739807,0.994324,63.089142,1.978910504596082,1.1416233523754693,0.12460135715133416,0.9559360642549051,-3.1203006680234697,-110.28496195646925,1.998,1.239,-2.0623
0.0118,0.016113,0.026855,1.369141,2.044983,-0.378967,62.448273,1.9774087532679665,1.1368921484337435,0.12478858500094432,0.9479447785724983,-3.120969437515479,-109.55303178909297,1.996,1.235,-2.0526
0.0122,-0.069824,0.031738,1.439697,3.021545,3.649353,62.23465,1.976817032905802,1.13130770576632,0.12482460647573579,0.9532291533173671,-3.02566361618314,-108.81159916415763,1.994,1.231,-2.0413
0.0125,0.080811,0.049805,1.321777,4.608459,4.198669,59.57962,1.9743401575999462,1.1271364604244838,0.12509862409603967,0.9942007643582755,-3.0101354865081285,-108.06135538113857,1.991,1.226,-2.0251
0.012,-0.016602,0.024902,1.201416,2.777405,0.41449,55.154572,1.973349824591493,1.1222026116813104,0.12521150754898822,1.0014411582059408,-2.9829697813420633,-107.4095855804132,1.99,1.222,-2.0153
0.0121,-0.049072,0.045166,1.352539,2.472229,-3.796936,56.710968,1.9725921633284886,1.1169703721388815,0.12523335258725665,1.0136929500931073,-2.9880840258435346,-106.74104286465017,1.987,1.217,-2.0008
0.0116,0.006348,0.121094,1.327148,3.631897,-6.238342,56.405792,1.970428676558611,1.1126030778382852,0.12521781136741666,1.0854639239218629,-3.0506690509462375,-106.10227926154663,1.985,1.213,-1.9911
0.013,-0.010498,0.039551,1.288818,-0.793152,-0.34845,57.229767,1.9692672758960794,1.1071622690176204,0.125350935137777,1.0514386408287872,-3.038474039696714,-105.36864576813309,1.984,1.21,-1.9813
0.0115,0.0354,0.106934,1.392334,-0.762634,2.611755,56.55838,1.967163207922877,1.103078465543387,0.12541869240631148,1.0610399063366167,-3.015227505068084,-104.72533666588934,1.981,1.204,-1.9652
0.0124,-0.018066,-0.023682,1.412354,2.106018,6.395935,53.567657,1.96697614150369,1.0977045503523433,0.12563290649956912,1.0301027193312617,-2.9152345579099053,-104.06595391887228,1.98,1.2,-1.9571
0.012,0.084717,0.077637,1.163086,1.190491,3.100037,50.332794,1.9643527639942222,1.094034201465045,0.12585111067410729,1.0589902321151177,-2.923986775986888,-103.4559190072877,1.978,1.195,-1.9441
0.012,-0.013428,0.02417,1.294922,3.204651,1.513123,48.379669,1.96371909713781,1.0891150127936535,0.12596886559619308,1.0738737815702761,-2.886173069566229,-102.88451479184904,1.976,1.191,-1.936
0.0113,-0.036133,-0.000977,1.29541,0.94635,0.445007,50.699005,1.9636830777681116,1.0839949635837,0.12607952023753402,1.0462945835628747,-2.848215661466888,-102.32286195445239,1.975,1.188,-1.9263
0.0124,0.033447,0.010742,1.328369,0.976868,-3.888489,51.187286,1.9626889369117624,1.079018491349777,0.12632757595027663,1.0246591890919594,-2.9053996118473124,-101.68882419608984,1.973,1.182,-1.9101
0.0118,-0.085693,-0.046631,1.506104,1.251526,3.679871,53.506622,1.963547231770638,1.0731382078176581,0.12644514174980145,0.9742020434436885,-2.8064502420203925,-101.07124067202682,1.971,1.178,-1.8988
0.0122,-0.067627,-0.028076,1.215332,0.793762,1.268982,54.513702,1.9641936244090739,1.0673063006170824,0.12654770018056602,0.9254308410364467,-2.7388086126504807,-100.42011325552232,1.97,1.173,-1.8826
0.012,-0.030518,-0.011963,1.331055,-0.579529,0.872253,57.840118,1.9642320935758468,1.062015934637433,0.12668923332963306,0.8711642324579691,-2.7011260016316903,-99.7341618656337,1.969,1.169,-1.8712
0.0122,-0.001221,0.047852,1.2771,-0.915222,-0.073792,61.624298,1.963372266778302,1.0573006100410893,0.12676793689295215,0.8481045775729367,-2.692264709940227,-98.98931313041135,1.967,1.165,-1.8583
0.0115,0.015869,-0.001953,1.17041,0.671692,-1.843811,62.143097,1.9629352991364866,1.0526999610205827,0.12697252593629288,0.81498701836464,-2.7155252056151853,-98.27586592640266,1.966,1.159,-1.8389
0.0124,0.018311,-0.035889,1.254883,1.434631,-1.019836,61.136017,1.962854348909429,1.0475013787464151,0.12726616189123036,0.7683280417801067,-2.730774561899859,-97.51669772654607,1.965,1.156,-1.8275
0.0121,0.081787,0.011719,1.29541,0.274963,1.848816,61.898956,1.9617318304135458,1.043350645058689,0.1275764942949715,0.7382310547733661,-2.747415421896512,-96.75949826764099,1.963,1.15,-1.8097
0.0114,0.085938,0.032471,1.267578,1.373596,1.66571,61.288605,1.9604496401035252,1.0398013399858035,0.12783523263013138,0.7359262009317871,-2.7698225176424325,-96.05330413281972,1.963,1.147,-1.7952
0.0129,0.101807,-0.053711,1.272461,4.059143,-3.156067,65.194855,1.959859173497396,1.0353098273039392,0.1283276740206216,0.7091387965533197,-2.8631785201748956,-95.19703476506795,1.962,1.143,-1.7822
0.0112,-0.061279,-0.071533,1.421875,4.120178,3.008484,72.641144,1.9611663592849364,1.0300323220838083,0.1284975174458336,0.669652897217596,-2.7849449839239258,-94.38908815064359,1.96,1.137,-1.7628
0.0127,-0.006592,-0.027588,1.338379,1.007385,0.170349,71.084747,1.9615147942403448,1.0243872142468937,0.12873304208755898,0.6179065448095713,-2.768586603860426,-93.48825853851255,1.96,1.133,-1.7498
0.0119,0.0271,-0.065918,1.338135,1.282043,3.222107,73.220978,1.9619723672292466,1.0192659938694486,0.12908603739032876,0.548715950852734,-2.7354170951608268,-92.6115373097096,1.959,1.127,-1.732
0.012,0.034668,0.030518,1.182617,3.326721,0.048279,78.195343,1.9614114573438608,1.0144483686375039,0.12927847818685936,0.5614231742139925,-2.7470432494361803,-91.67360836431442,1.958,1.123,-1.7191
0.0114,0.023682,-0.033203,1.373047,2.807922,-0.134827,78.805695,1.9617478311687129,1.0095066632817056,0.1295524190423484,0.5279027279115847,-2.7502546769586873,-90.77294483204362,1.957,1.118,-1.7029
0.0122,0.047363,0.048096,1.394287,1.983948,1.513123,81.430206,1.9612050891598787,1.0045134440852734,0.12974183213653753,0.5289132072090444,-2.7460612639660424,-89.78024583234203,1.957,1.112,-1.6818
0.0127,-0.013428,0.020752,1.260498,3.570862,3.5578,82.437286,1.9615057484694907,0.9989728064809554,0.1298689946563425,0.5345249645920095,-2.6825727492039753,-88.7385387819665,1.956,1.108,-1.6672
0.0111,0.059814,-0.056396,1.185547,2.411194,1.696228,87.625275,1.9619192742987697,0.9943610839303814,0.13028350552021276,0.47612264291116735,-2.6937361389300847,-87.75565879908395,1.956,1.102,-1.643
0.0124,-0.015381,-0.040039,1.135742,2.380676,-3.400208,89.242706,1.9630631125089184,0.98865506457621,0.13052865540556924,0.42350156807856354,-2.7159602626307153,-86.64949475493046,1.955,1.097,-1.6284
0.0119,-0.069824,-0.050293,1.377441,4.272766,-2.637268,93.942413,1.9648342783363635,0.9828237874388064,0.13066886857826612,0.38996787161535434,-2.696140180620421,-85.53665195467408,1.955,1.093,-1.6122
0.0123,-0.010986,-0.003662,1.309082,4.516907,-2.850891,96.322784,1.9657516987116375,0.9772121532274797,0.13084306888656183,0.3855618402469931,-2.7127097356052556,-84.3546046032609,1.955,1.087,-1.5895
0.0116,0.038086,0.115479,1.447754,3.418274,2.337097,92.324982,1.9652507321703134,0.9728135149007074,0.13086396428731029,0.4356819787472353,-2.691856511695731,-83.2894152682106,1.955,1.083,-1.5733
0.0129,0.018311,0.105957,1.291992,5.371399,4.747986,88.083038,1.9649518768727328,0.9679013625774431,0.13087483174766046,0.5143690575716618,-2.630681753188612,-82.16033314487615,1.955,1.076,-1.5507
0.0112,0.054688,0.077881,1.138428,3.601379,0.53656,87.259064,1.964362011540601,0.9640367555227226,0.1309686736810172,0.561229044540245,-2.6520994807580145,-81.18477065814045,1.955,1.073,-1.5393
0.0121,0.022461,0.058594,1.238281,1.892395,-4.529358,89.364777,1.964605859166769,0.9593712490959406,0.13106035380771255,0.567884010428508,-2.7114643783230954,-80.10845080409415,1.955,1.069,-1.528
0.0125,0.027344,0.118164,1.285889,5.98175,-0.806213,86.129913,1.9643395659739453,0.954613946214669,0.13106475509994217,0.6598924678088675,-2.7280877915229986,-79.04080711475426,1.956,1.063,-1.515
0.0112,0.110107,0.110352,1.400146,4.181213,0.963806,76.85257,1.9634214099024923,0.9511170690080547,0.131211628586103,0.7228264107962068,-2.766178381739274,-78.17868547079696,1.956,1.059,-1.5053
0.0122,-0.027344,0.095703,1.221924,0.366516,-1.202942,74.105988,1.964013991750875,0.9464446567434356,0.13112225221787888,0.7402376634971862,-2.754042464765532,-77.29072075067741,1.956,1.053,-1.4891
0.012,0.330566,0.243408,1.444824,1.556702,-2.148987,63.668976,1.9602232184091342,0.9439921477096953,0.13143947933616904,0.8418815713465437,-2.932915409445779,-76.51054369646779,1.957,1.049,-1.4778
0.0123,-0.181152,0.115967,1.515625,2.655334,-2.24054,67.27005,1.9627308809847772,0.9378102873172925,0.13114090398327694,0.8841511093776291,-2.8574849945428933,-75.72172030532369,1.957,1.045,-1.4649
0.0119,0.100342,0.241211,1.521973,4.150696,5.57196,62.692413,1.9611914476316377,0.9339777128821976,0.13110050947417662,1.0112019901943567,-2.8291056145177467,-74.9852023220209,1.958,1.039,-1.4503
0.0114,0.000244,0.081787,1.002441,3.113098,3.222107,58.908234,1.9615238043986538,0.9297990106873595,0.1310716657872444,1.0700719432823522,-2.785524812735276,-74.32746613889336,1.958,1.035,-1.4406
0.0121,-0.027832,0.08252,1.15625,0.274963,-2.911926,60.495148,1.9625614611804627,0.925033853769017,0.13101325064606117,1.0852020707253933,-2.7951278942290347,-73.61532015354588,1.959,1.031,-1.4292
0.0124,0.125244,0.12085,1.489502,1.129456,0.017761,54.818878,1.9621071700431325,0.9209250007026181,0.13123032689733324,1.120166480447962,-2.8492425659610174,-72.93084157007785,1.96,1.025,-1.4147
0.0123,-0.068359,-0.065918,1.293457,0.915833,1.604675,56.68045,1.9657758890729142,0.9150224025286906,0.1314339502489345,1.0477685159699188,-2.7822271414243374,-72.24327962380497,1.96,1.021,-1.4049
0.0115,-0.007568,0.07251,1.304932,0.366516,2.245544,52.102814,1.9669674615687298,0.9103982218864345,0.13146292202187462,1.0581654094459076,-2.7419477840737483,-71.65644866332687,1.961,1.015,-1.392
0.012,-0.008301,-0.027832,1.317627,0.854797,3.008484,49.875031,1.9694615681883598,0.9052735913646769,0.13169757014733477,1.0149247144475295,-2.6925273798244125,-71.06028307939275,1.962,1.011,-1.3823
0.012,0.017822,0.097168,1.341797,1.983948,-0.714661,48.227081,1.9702337377399188,0.9008614674126572,0.131731330489484,1.0597850882505175,-2.700893677301759,-70.49174739766335,1.963,1.007,-1.3709
0.012,0.04834,0.05542,1.294922,1.404114,-2.301575,44.9617,1.9712154478308341,0.8964624623752849,0.13191173458015396,1.076099615721012,-2.7468627866196518,-69.95351243167555,1.964,1.001,-1.3596
0.0125,-0.053467,-0.026611,1.335693,1.190491,2.184509,48.257599,1.9743723962223623,0.8908883472760833,0.13206139745155396,1.0377589360971617,-2.6802865246585683,-69.36092866296147,1.965,0.997,-1.3531
0.012,-0.038818,0.02417,1.34082,1.312561,3.618835,50.424347,1.976700831343083,0.8858137291202524,0.13212973026607572,1.0310830496429342,-2.6060939171902002,-68.76784697504362,1.966,0.991,-1.3369
0.0114,-0.048096,-0.028809,1.268311,1.007385,6.090759,55.368195,1.9795545098694947,0.8810310335916065,0.13225379131607384,0.9883180045326587,-2.5014230328412324,-68.14525977080717,1.967,0.987,-1.3272
0.012,-0.041992,-0.089355,1.087646,-2.502136,-3.674866,59.427032,1.9833633052201771,0.8758447325834904,0.1325303828677872,0.8563732897020526,-2.5126668282190656,-67.43616959628116,1.968,0.984,-1.3159
0.0122,-0.027588,-0.003174,1.459717,-3.051453,-3.888489,62.295685,1.9859233116975918,0.8709342625979442,0.13265366638572756,0.7777614698367407,-2.5374212552090087,-66.68417070639018,1.97,0.978,-1.2997
0.0126,0.03833,0.066162,1.422852,-1.006775,-1.111389,60.403595,1.9873534056110687,0.8664636939782749,0.13278094374791738,0.7622361949859819,-2.562967428408393,-65.92566120999098,1.971,0.974,-1.2868
0.0115,0.031494,-0.000244,1.101318,-1.739197,-10.358215,60.312042,1.9892281582667823,0.8622937607145664,0.133015979143993,0.7061177325651642,-2.6952290232490697,-65.23132846772113,1.973,0.968,-1.2641
0.0123,0.043213,0.051758,1.596924,-2.044373,-0.195862,61.197052,1.9909838594233087,0.8578575592645625,0.13317945660654043,0.6661501720371296,-2.7058810222437932,-64.48050237057637,1.974,0.964,-1.2495
0.0121,-0.093994,0.003906,1.213867,-0.335388,6.823181,66.507111,1.9944075366638474,0.85263706631166,0.13314231767792883,0.6230851946859154,-2.5549434850392574,-63.69390912296551,1.975,0.961,-1.2333
0.0116,0.075195,0.013428,1.370361,-1.434021,0.506042,64.431915,1.9960529421997626,0.8486590542759282,0.13342166869951544,0.577398220520445,-2.5804972513794016,-62.940132541675055,1.977,0.955,-1.2155
0.0118,-0.24585,0.137207,1.725342,-9.124451,-7.367493,65.438995,1.999736520137715,0.8431158518798872,0.1329922381655949,0.4919499696260314,-2.545464314346676,-62.206596043395706,1.978,0.952,-1.2042
0.0125,-0.083496,0.078857,1.459229,-1.800232,-1.935364,69.375763,2.002622548961644,0.8381218407371052,0.1328602685485062,0.4702073567234564,-2.513405303926265,-61.35852581039562,1.981,0.946,-1.1831
0.0113,0.039062,-0.081055,1.295654,0.793762,-1.447083,71.511993,2.0053246460137224,0.834141498493156,0.13324323248634865,0.39326856492099704,-2.5420716735977615,-60.54489628330089,1.982,0.942,-1.1718
0.0121,0.018555,-0.105225,1.080811,1.129456,5.785583,76.425323,2.0086778125077673,0.8297516180303709,0.13370454787971098,0.2907512304955573,-2.4767049881635086,-59.613882438113485,1.984,0.939,-1.1572
0.0128,0.01416,-0.120361,1.410156,6.775208,-2.332092,80.941925,2.0122599745747305,0.8251331057497615,0.13411390835072803,0.26527616522375563,-2.5023632884093643,-58.5742210756405,1.986,0.934,-1.1394
0.0117,0.178711,-0.033447,1.417725,9.064026,3.649353,83.535919,2.0136804426042896,0.821904062050739,0.13464486124417327,0.3103303078277957,-2.5427696328135236,-57.57762034733989,1.988,0.93,-1.1265
0.0123,-0.040283,-0.126221,1.229736,7.934875,0.811218,89.883575,2.018188272981071,0.8170593019029629,0.1349985708394461,0.2784789335907678,-2.4979691359871734,-56.47089170930066,1.991,0.924,-1.1006
0.0119,0.015869,-0.022461,1.44165,6.74469,3.832458,94.583282,2.021148353794759,0.8129680646890619,0.13521949302889907,0.29708905819978604,-2.4489421788354075,-55.34451834371869,1.992,0.921,-1.0844
0.0119,0.111816,-0.111816,0.984863,4.883118,1.848816,96.078644,2.024062703597463,0.8093613686159855,0.13596187434982637,0.22082493344196988,-2.5054434611194405,-54.1786685608513,1.994,0.917,-1.0682
0.0121,-0.05835,0.024902,1.1604,3.021545,-4.315735,104.287872,2.0276012510600983,0.8049475494971201,0.13593094128716404,0.21891344622464975,-2.5067712512007945,-52.92616037704113,1.997,0.912,-1.0439
0.0112,0.070557,0.057617,1.406494,5.646057,-1.386047,107.888947,2.0297014309914254,0.8013780869145222,0.13609467044921258,0.2610643930073742,-2.5467656778647343,-51.71742475536045,1.999,0.908,-1.0261
0.0121,-0.061279,0.061523,1.400391,3.448792,1.604675,110.452423,2.033132140999643,0.7971173414676644,0.13602607390625118,0.2773077085105029,-2.4812541796643,-50.39183354697817,2.003,0.903,-0.9953
0.0119,0.05127,0.040527,1.217773,0.94635,2.611755,111.978302,2.0355573059783905,0.7936220579573211,0.13619146512093377,0.2575612427629037,-2.471762024654058,-49.05840656898799,2.005,0.9,-0.9775
0.0125,0.007324,-0.007812,1.021484,3.265686,0.65863,113.443146,2.039057743940327,0.789748124770406,0.13639617599395706,0.2322516085649492,-2.4605837698341833,-47.64000160367393,2.007,0.896,-0.9581
0.0118,0.027832,0.047607,1.667725,7.263489,-1.050354,114.053497,2.0420654872075774,0.7862009516643644,0.13650488261826074,0.2815128235526698,-2.4723086749508845,-46.29676645026676,2.011,0.892,-0.9306
0.0127,0.059814,0.100586,1.271729,6.012268,4.992126,108.499298,2.0443639980152852,0.7827923429418893,0.13656900360082502,0.36001242038153236,-2.4349232204748117,-44.92196058844031,2.013,0.888,-0.9127
0.0114,0.05542,0.126465,1.296387,6.195374,-3.400208,105.294952,2.046072255918174,0.7799407780903695,0.13654106042143885,0.4532018180842871,-2.4961098450269157,-43.7285220684309,2.017,0.883,-0.8836
0.0123,0.019775,0.085938,1.175537,5.096741,3.985046,104.013214,2.048740981159705,0.7766396358496804,0.13654853439348544,0.5154161833211144,-2.453633896519396,-42.45648991716923,2.019,0.88,-0.869
0.0123,0.003418,0.033691,1.062256,3.448792,-10.327698,104.257355,2.0522348711850187,0.7732241207115487,0.13663508755811,0.5241238703626232,-2.5779394760173253,-41.18042048873862,2.022,0.877,-0.8561
0.0116,0.067383,0.133545,1.710449,3.265686,0.902771,102.884064,2.0545474222178295,0.7703990846926037,0.13666687823464724,0.5654936811608188,-2.5874179718802366,-39.992800608013745,2.026,0.873,-0.8366
0.012,0.146484,0.103516,1.091064,4.028625,-2.850891,96.750031,2.055262139429877,0.7684629668756975,0.13687679371203362,0.6309894345480322,-2.7157649482072013,-38.82519320466041,2.029,0.87,-0.8221
0.0121,0.049316,0.217773,1.336426,3.72345,4.717468,92.996368,2.056442822633668,0.7659101735186153,0.1366822304402309,0.7432748582248606,-2.6781390933349707,-37.71953908863209,2.033,0.866,-0.7994
0.0121,0.13623,0.22998,1.019531,3.387756,7.677673,83.90213,2.0556066238895876,0.7642314837546479,0.13655849963486394,0.8995856790923323,-2.6776481680255197,-36.714147160109086,2.035,0.863,-0.7865
0.0117,-0.021729,0.136719,1.289551,1.739807,-8.099915,79.171906,2.0585488288104874,0.7610986772433372,0.13640801640249986,0.9509814033110899,-2.7528219798009474,-35.81508236783856,2.038,0.861,-0.7719
0.0121,0.161621,0.216064,1.339844,1.617737,1.146912,74.594269,2.0589783840023146,0.7592005420833741,0.13644920853295928,1.0417107134575698,-2.821570853426301,-34.916338209322085,2.042,0.856,-0.7525
0.012,0.053711,0.163086,1.220703,2.746887,1.574158,68.643341,2.060779902356828,0.7566715218480654,0.13639314496734253,1.1284176413159388,-2.8294129836331154,-34.11067818255961,2.045,0.854,-0.7411
0.0123,-0.011475,0.151611,1.489014,1.129456,0.41449,64.096222,2.0641421403109224,0.7534619743239291,0.1363151310583636,1.1725336608219687,-2.810839842824621,-33.34870991127532,2.05,0.85,-0.7217
0.0112,0.168701,0.20166,1.360107,-1.250916,3.985046,57.779083,2.0644951058793057,0.752008268430533,0.13639743537132185,1.22954045447072,-2.84933652456187,-32.70032945265217,2.053,0.847,-0.712
0.0136,0.058838,0.181885,1.171143,-1.83075,1.024841,54.452667,2.0664125997387166,0.7493986127603585,0.13633238366710967,1.2768159664101084,-2.8669900212389736,-31.98191431768098,2.056,0.844,-0.7006
0.0112,0.106201,0.145996,1.451172,1.251526,-0.531555,49.356232,2.0681102229246275,0.7475663479970724,0.13642349270399218,1.329477298456863,-2.917270126306737,-31.434279194391504,2.06,0.841,-0.6877
0.0114,0.046631,0.064209,1.179932,2.533264,-0.623108,43.771515,2.0712465422745807,0.7452682560250519,0.1365817597132188,1.3639476355319826,-2.9445831603020247,-30.94037029137703,2.063,0.838,-0.6812
0.0125,0.022461,0.037109,1.298828,-0.06073,0.780701,43.893585,2.0755667382615766,0.7425060881014084,0.13677844275111956,1.3457958888818977,-2.938797002759479,-30.39773933160002,2.068,0.834,-0.6683
0.0123,0.047607,0.105225,1.319824,2.350159,1.970886,39.438019,2.078700863284297,0.7400478707479528,0.13687920801261336,1.399852799073638,-2.93065882749911,-29.92424283694674,2.072,0.832,-0.6618
0.011,-0.10376,-0.009521,1.381592,3.418274,0.780701,42.306671,2.0845486932267083,0.7365677583993274,0.1369146398205024,1.395969163930599,-2.8543052889455653,-29.485802289503358,2.075,0.829,-0.6553
0.0124,0.105713,0.084961,1.415527,2.746887,4.259705,41.147003,2.0874100386568046,0.7346999655123225,0.13715546451484134,1.4386845361125524,-2.8488501010366525,-28.96901743795199,2.079,0.826,-0.6456
0.0123,-0.075684,-0.007324,1.333252,2.411194,3.679871,41.208038,2.0932470287494627,0.7313505480066079,0.1372510758713446,1.4264357347788565,-2.7524201708801916,-28.481878597193383,2.083,0.823,-0.6359
0.0123,-0.003662,0.058105,1.252441,-0.121765,1.146912,41.81839,2.0974646579585023,0.7286672466608921,0.13733745995174487,1.4242342111236674,-2.728708900891302,-27.98208400255537,2.086,0.821,-0.6294
0.0112,-0.074219,0.012939,1.216553,-1.678162,-0.928284,44.229279,2.1027402786351908,0.7255425447180956,0.1373543297918125,1.3783682842970137,-2.68537516648225,-27.51194839569654,2.091,0.817,-0.6164
0.0122,-0.083252,0.025146,1.362549,0.580139,-0.165344,48.471222,2.1082235898564816,0.7222869598624696,0.13736295618925753,1.3602163849960913,-2.6349849678506136,-26.94691474049652,2.094,0.815,-0.6084
0.0123,0.000977,0.054199,1.450684,0.000305,-0.256897,49.936066,2.1126774853471515,0.7197372174503995,0.1374735623556246,1.3492109467183802,-2.632974106336912,-26.3439237415879,2.099,0.811,-0.597
0.0115,-0.056396,-0.046387,1.321533,1.95343,3.039001,51.278839,2.118350919789177,0.7169871351281504,0.13764457599219482,1.3061064638123858,-2.561320300718927,-25.763683625150716,2.103,0.809,-0.5857
0.012,0.017822,0.017822,1.320312,4.272766,3.649353,49.112091,2.122709669613825,0.7148447758324387,0.1378333317561266,1.330299797009772,-2.523678091283808,-25.175497688549335,2.106,0.807,-0.5776
0.012,-0.036865,-0.006104,1.264648,3.784485,-0.684143,47.830353,2.127992036900376,0.7122491950942282,0.13796607683792167,1.3352184714955229,-2.505712086223363,-24.61254394159636,2.11,0.804,-0.563
0.0124,-0.103516,-0.01001,1.230225,3.204651,-1.782776,48.013458,2.134188635490319,0.7090568066128179,0.13797841339847497,1.3311798155399204,-2.4606771368736826,-24.04251590808836,2.114,0.802,-0.5533
0.0116,-0.048096,-0.004395,1.277588,3.509827,-4.529358,51.156769,2.139558429383374,0.7064900193857913,0.1380776222490647,1.3320731237291095,-2.4810801261203212,-23.463157374812386,2.119,0.799,-0.5355
0.0121,0.015869,0.075684,1.368652,2.71637,-2.789856,54.055939,2.1435557558126055,0.7044610099118508,0.13815778749184296,1.3675513805220396,-2.5204084335403962,-22.81846718205847,2.123,0.797,-0.5258
0.0121,0.000732,0.095947,1.322021,0.610657,-0.440002,56.039581,2.147225785920554,0.7024772505049659,0.1381607473885888,1.389383636683187,-2.523700451113965,-22.154470564751264,2.126,0.795,-0.5161
0.0122,0.029785,0.092529,1.52002,-0.610046,7.403015,55.520782,2.150908294195494,0.7007084137948063,0.13824339504621622,1.387461421515304,-2.4460181273897708,-21.482182315408025,2.131,0.792,-0.5015
0.0125,0.026367,0.081055,1.20459,0.488586,4.015564,51.492462,2.1546892252640735,0.6989500877276261,0.13832709102426674,1.4066401060653737,-2.411725525594388,-20.844237007220592,2.134,0.79,-0.4902
0.011,0.06543,0.031982,1.229736,-1.922302,-0.775696,50.119171,2.1582394995181677,0.6977323522804643,0.13856338745160754,1.3708544429140035,-2.4579410310578846,-20.28565171188528,2.14,0.787,-0.4707
0.0131,0.064453,-0.001465,1.355469,-2.441101,-0.256897,51.461945,2.163026976225306,0.6961910846508026,0.13888643331224818,1.2979378178513301,-2.4961973719496515,-19.60200856646278,2.144,0.786,-0.4578
0.0113,-0.017578,-0.073975,1.264404,3.631897,-2.332092,54.055939,2.1685383916136054,0.6943806166792938,0.13916064892808014,1.2562027191941167,-2.5093370778862916,-18.98926323399102,2.147,0.784,-0.4481
0.0125,0.041992,-0.081787,1.293457,3.448792,-1.904846,56.55838,2.174078516509344,0.6928995312986922,0.13958611247965064,1.2089968632537456,-2.556665363132454,-18.26778466036613,2.152,0.782,-0.4319
0.0115,0.013672,-0.012695,1.319824,1.434631,4.931091,57.229767,2.1786865008218794,0.6914142942595203,0.139805287479433,1.1790532573828008,-2.50440824988059,-17.6072987130478,2.155,0.78,-0.4205
0.0122,0.02124,0.033936,1.302979,2.685852,2.276062,60.037384,2.1832453324611576,0.6898710030245137,0.13997019684073528,1.190314871802514,-2.486813735325244,-16.877346111791834,2.161,0.777,-0.4027
0.0114,0.075439,0.04541,1.2146,4.608459,-3.033997,60.373077,2.1869709912892463,0.6888536123327129,0.1402153989971616,1.2316964084856366,-2.5657341772297277,-16.18446266095604,2.165,0.776,-0.3914
0.0129,0.031006,0.051514,1.310547,2.594299,2.153992,66.324005,2.191690041324192,0.6873661924874166,0.14038827669723328,1.247050582788732,-2.5561309097770177,-15.332137432008292,2.169,0.774,-0.3801
0.0113,0.003418,-0.030518,1.421387,2.167053,-0.958801,66.476593,2.1970157474405516,0.6859270017508244,0.14062970081531537,1.2108150299231444,-2.566651309016023,-14.579447535644473,2.174,0.772,-0.3639
0.0121,-0.005859,-0.01709,1.359863,1.678772,1.66571,70.108185,2.2025431559680237,0.6844284102822046,0.14084523464481064,1.1735162778357162,-2.543002973125549,-13.73172135982084,2.178,0.771,-0.3509
0.0126,-0.02417,-0.001709,1.130371,2.96051,-0.195862,73.007355,2.2082115656787633,0.6828419520642098,0.14099619871618715,1.1594999856618453,-2.5314849250973843,-12.81779392421551,2.184,0.768,-0.3315
0.0115,0.025146,-0.029053,1.250732,3.540344,-2.423645,76.761017,2.21342901880789,0.6817639979243199,0.14128931349568563,1.1336594550289878,-2.5752674525486112,-11.92959681790725,2.188,0.767,-0.3185
0.0125,0.009766,-0.057861,1.395996,5.066223,-0.59259,78.286896,2.2195348457466184,0.6805569656236113,0.14161505451664574,1.1112343898070276,-2.589267952642104,-10.944515239626275,2.192,0.766,-0.304
0.0111,-0.055908,0.021484,1.375244,4.638977,-0.59259,79.049835,2.2248008459705644,0.6791517105835257,0.1416476977568014,1.1256732887935657,-2.5631300900059615,-10.078686781885724,2.198,0.764,-0.2862
0.0124,0.046631,0.013184,1.338623,1.892395,-0.226379,80.301056,2.229782841680123,0.6783334708692326,0.14191041007635177,1.1031019765160115,-2.593491226520868,-9.080078031718475,2.202,0.763,-0.27
0.0131,-0.021729,0.022461,1.20874,2.777405,-0.34845,84.054718,2.2354804950360188,0.6771560013576899,0.1420291660155813,1.095214657608542,-2.587489847839713,-7.986419996014657,2.208,0.761,-0.2489
0.0111,-0.078857,0.012451,1.366455,4.8526,-1.4776,87.869415,2.241103780624606,0.6758670591119226,0.1420355221043879,1.1026604085794798,-2.5598569693415882,-7.023874304132634,2.212,0.76,-0.2327
0.0125,0.077881,0.127197,1.510498,1.251526,4.32074,85.122833,2.2449063587656544,0.6754315868222908,0.1421487389423878,1.1267414937992832,-2.5456501540860454,-5.964599204014578,2.216,0.759,-0.2181
0.0116,0.009277,0.045898,1.174316,-0.030212,0.322937,83.230743,2.249278811896307,0.6748287850088401,0.14224585974372578,1.105163729058783,-2.5493192992257705,-5.005248380563263,2.222,0.758,-0.1987
0.0117,-0.014404,0.029785,1.157959,2.197571,1.085876,83.566437,2.2540199650111075,0.6741526717396401,0.14232488116067887,1.0987858194163627,-2.5289615554411604,-4.034820443984289,2.226,0.758,-0.1841
0.0126,0.030273,0.068848,1.140625,2.685852,-8.588196,81.155548,2.2583182820376373,0.6738104194241465,0.1424284857066651,1.1246342126614481,-2.658674032374354,-3.020754143148872,2.232,0.756,-0.1615
0.0118,0.077637,0.059082,1.494873,-1.037292,-6.574036,81.369171,2.262347609528724,0.6737506397557267,0.14263754450475755,1.0887500664449634,-2.772735960750984,-2.0616202503759378,2.236,0.756,-0.1501
0.0115,0.011719,0.134033,1.38623,-0.152283,-0.958801,79.538116,2.2660824555012336,0.6733652889694485,0.1425913362830426,1.1081537265203567,-2.7855285735650166,-1.1637098972328408,2.24,0.755,-0.1372
0.0124,0.000977,0.093018,1.441162,2.106018,-0.012756,77.554474,2.2706455827700123,0.6729925472518181,0.14262381268217003,1.1280351473677892,-2.7828993120583703,-0.2148187414646177,2.246,0.754,-0.1178
0.0116,-0.009277,0.092773,1.321533,0.030823,7.860779,76.028595,2.274905692003242,0.6726516485434955,0.14261402535151432,1.1312387848659684,-2.6833718199569745,0.6540034496247064,2.25,0.754,-0.1064
0.0128,0.068115,0.06958,1.067871,-2.07489,-0.623108,75.479279,2.2787768814645863,0.6730348388980338,0.14281111870945265,1.1014274101213675,-2.7400350091819092,1.619811497874568,2.254,0.754,-0.0967
0.0112,0.199219,0.1604,1.423584,0.397034,-6.329895,72.091827,2.28051102861457,0.6740739185682093,0.14304190826932203,1.1427919820104866,-2.9077120827440286,2.430955249534211,2.26,0.753,-0.0838
0.0128,-0.039062,-0.069336,1.327637,1.617737,2.062439,69.894562,2.2869616432958186,0.6738172587511404,0.14330786672987506,1.0687884387183086,-2.8558773395884813,3.3274995045645035,2.263,0.753,-0.0724
0.0113,0.091797,0.02832,1.127686,-1.006775,-6.085754,69.345245,2.290261478834426,0.6745491335907204,0.1436180990184697,1.0296873612229605,-2.979828576681305,4.11816345411811,2.269,0.752,-0.0562
0.0123,0.053955,0.017578,1.581299,5.462952,3.283142,65.072784,2.2949756650929407,0.6749224985794094,0.14387540528203055,1.0551508938040308,-2.9565002433595473,4.920894406062566,2.273,0.752,-0.0481
0.012,-0.081299,-0.101807,1.155029,7.538147,7.647156,67.331085,2.302152887923073,0.6746147907238097,0.1441286265944801,1.0283296210736586,-2.8082015059535257,5.733054419696809,2.277,0.752,-0.0352
0.0123,0.083252,0.099365,1.406494,6.927795,1.268982,66.629181,2.3057989814990094,0.6752859070547975,0.1442914902182952,1.1188393164961907,-2.830698458407515,6.548103526999087,2.282,0.752,-0.0206
0.0122,0.017334,-0.009277,1.394043,9.155579,6.029724,64.49295,2.311111432063403,0.6757441635021092,0.1445467584992535,1.1768738663394283,-2.7620933126063485,7.338368080638166,2.287,0.752,-0.0077
0.0118,-0.016846,-0.048828,1.282471,5.523987,0.078796,65.805206,2.3169923342294285,0.6760818204130981,0.1448057584720336,1.1652293646968819,-2.7480140605701187,8.118794615855737,2.293,0.752,0.0085
0.012,-0.050049,0.023193,1.312988,2.563782,-3.735901,62.906036,2.3225973494745675,0.6762455452914589,0.1448647491805304,1.1635165626806523,-2.7586686193772483,8.862339772950545,2.297,0.752,0.0199
0.0117,0.024902,0.101807,1.162109,4.913635,-2.637268,63.577423,2.3263088131906473,0.6768876017801881,0.1448947128285003,1.2427089789819146,-2.8008228798851356,9.59219867384685,2.301,0.752,0.0312
0.0122,0.030762,0.095703,1.495361,6.714172,0.53656,64.706573,2.3306075005837403,0.6776206388569388,0.14499553049233888,1.3240521201515512,-2.8051503916508445,10.3722285437778,2.307,0.752,0.0458
0.0123,-0.036621,0.012695,1.269043,3.448792,2.672791,64.553986,2.336178123887901,0.6780413954039924,0.14510763536149623,1.324184281981461,-2.748771497376918,11.15936970469019,2.311,0.752,0.0571
0.0112,0.052246,0.05542,1.215332,1.007385,-0.531555,63.882599,2.339851639763666,0.6790286979459085,0.14528536192241187,1.3253807496167849,-2.7839117817854455,11.87262867999421,2.317,0.753,0.0733
0.0122,0.060059,0.053711,1.353271,3.509827,1.452087,62.600861,2.344041204079613,0.6801627974480539,0.14550420504867773,1.3503026994891272,-2.796766259402956,12.635803623458626,2.321,0.753,0.083
0.0118,0.033691,0.030273,1.169922,4.181213,-2.820374,60.434113,2.348380736738258,0.6811969017136992,0.14571059463665983,1.3732419049098001,-2.8488365134005385,13.347137549431476,2.325,0.754,0.0943
0.0125,0.054688,0.1604,1.511475,0.397034,1.207947,57.077179,2.351904001851729,0.6823587261208253,0.14575804404113032,1.412039493435636,-2.854812227370943,14.045965823003604,2.331,0.754,0.1073
0.0121,0.082275,0.183838,1.372559,1.739807,5.175232,54.391632,2.354586287851373,0.683744271542535,0.14579945637857294,1.4899674535585306,-2.8309726943386493,14.689832880411132,2.335,0.755,0.1154
0.0115,0.093262,0.161133,1.253906,3.235168,3.588318,45.205841,2.356756298479238,0.685236078858515,0.14587761398160162,1.5859522324446336,-2.8374404317472584,15.198674157514201,2.341,0.755,0.1283
0.0126,0.156006,0.175049,1.099609,-1.098328,1.42157,36.203156,2.358217424507513,0.6874916312411861,0.14608607678746383,1.654880855338326,-2.915253375395506,15.650615570411992,2.345,0.756,0.1332
0.0112,0.08252,0.223877,1.561768,1.098938,0.353455,29.123077,2.3605624897860427,0.6887847475270763,0.1460903910682444,1.7439191695638703,-2.9354986180535763,15.954954754057843,2.349,0.756,0.1397
0.0124,0.045898,0.17749,1.282715,4.700012,-3.613831,24.484406,2.3635808796337647,0.6900949489283106,0.14609994522021957,1.875483834642032,-2.992580757493652,16.232454820400967,2.355,0.757,0.1461
0.0115,0.104004,0.139404,1.408203,-0.1828,-3.857971,18.167267,2.366498526969478,0.6918374189028572,0.1462948726765229,1.9206899020145658,-3.074500399729541,16.43312917973372,2.36,0.758,0.151
0.0122,-0.004883,0.06543,1.338623,-4.363708,0.811218,15.939484,2.3716373397116803,0.6928901524038752,0.1464235356882283,1.877814513667948,-3.0444813587246373,16.612879246958734,2.366,0.759,0.1559
0.0124,0.045898,0.13623,1.304443,-0.426941,4.992126,12.124786,2.375215482929327,0.6942935751139822,0.14652522866764692,1.9272690688126826,-2.9904977754360638,16.74826276974698,2.371,0.76,0.1575
0.012,0.053955,0.089844,1.19751,1.007385,5.44989,4.800568,2.3789533270897043,0.6958540870640189,0.14671612997534283,1.9762914675238052,-2.939419711715404,16.801007853416323,2.375,0.76,0.1575
0.0123,0.008057,0.051025,1.325439,-1.403503,3.161072,2.63382,2.3838463303753694,0.6970341893795481,0.14688059939686457,1.9691390420459731,-2.8844745021184823,16.82509384506305,2.38,0.761,0.1591
0.012,0.069824,0.126221,1.192871,2.350159,-0.653625,-4.751434,2.3868649929427703,0.6986963137138835,0.14703554255019552,2.0626024909153124,-2.912612416183785,16.75829956922311,2.384,0.762,0.1591
0.0113,-0.084473,-0.044434,1.305664,1.251526,-1.416565,-7.498016,2.393493772713779,0.6990232148737613,0.1471367346698469,2.0363746277592703,-2.8559264504109865,16.659551690547445,2.391,0.763,0.1575
0.012,-0.010498,0.079834,1.310059,-3.112488,0.109314,-9.207001,2.3981233368048134,0.6999999597769375,0.14720349880953434,2.03300026365759,-2.8231375184447156,16.531613087135835,2.395,0.764,0.1559
0.0123,-0.094482,0.02832,1.394775,-0.976257,1.757263,-11.526337,2.404048498841963,0.7003136803866558,0.14717973605209853,2.0250690182700137,-2.7242691305541844,16.364757824576017,2.399,0.764,0.1542
0.0123,0.043701,0.080078,1.207764,-1.922302,1.055359,-10.305634,2.408076031567124,0.7018335928154361,0.14736225146626228,2.040002700473057,-2.714942536423426,16.233957153609175,2.406,0.765,0.151
0.0123,0.026611,0.082031,1.250732,-4.333191,0.475525,-14.425507,2.412145861717677,0.7031200502111667,0.14749354910329446,2.0272254948557564,-2.6993923185984836,16.04816246983114,2.409,0.766,0.1494
0.011,-0.032471,0.052979,1.378174,-3.143005,0.475525,-14.394989,2.416633040005282,0.703737853103513,0.14751928093390002,2.0113330681211865,-2.650767001869083,15.87328968086727,2.413,0.766,0.1478
0.012,0.091553,-0.008789,1.47168,-0.579529,-1.691223,-14.669647,2.4213285642670663,0.7054811751824717,0.14791301395043666,1.9895273833812097,-2.6926509491333577,15.711614914034959,2.419,0.767,0.1429
0.0128,-0.005371,-0.037598,1.247559,-2.227478,-0.043274,-15.676727,2.4271998791673046,0.7065364521745496,0.14816558462323667,1.9298035556485553,-2.664964926008315,15.511620703487745,2.423,0.768,0.1413
0.0121,0.001465,-0.015869,1.243164,-0.884705,0.048279,-14.913788,2.432524063536321,0.7075765809689517,0.14838585413120933,1.9005655316409038,-2.6412105664910013,15.330507233916519,2.429,0.769,0.1381
0.0115,0.040039,-0.023438,1.415527,1.526184,1.085876,-14.303436,2.4373487838437615,0.7088035636966787,0.14867915817663088,1.8955195117203143,-2.626120760579727,15.173156328222358,2.433,0.769,0.1348
0.012,-0.068604,-0.036621,1.289795,1.190491,1.207947,-13.815155,2.4431096601416886,0.7091955622909923,0.14873750899243168,1.8786850503647181,-2.5481188641297066,14.996070091969973,2.437,0.77,0.1316
0.0115,0.046387,-0.067627,1.255615,0.06134,-0.989319,-12.563934,2.448261509504254,0.7104712773791749,0.149122960622954,1.8281625870927964,-2.56637220862282,14.864785246543908,2.442,0.77,0.1283
0.0122,0.034912,0.013672,1.411621,3.143616,1.54364,-10.793915,2.4528726921700126,0.7116578571484742,0.14935477334377875,1.8628293499085673,-2.5439316088627493,14.735492533282743,2.446,0.771,0.1251
0.0122,-0.014404,-0.053467,1.240479,4.059143,0.902771,-9.420624,2.4584408570494043,0.7124852546982493,0.14956512971977023,1.8675555386856153,-2.5040954993810804,14.622179416216335,2.452,0.772,0.1219
0.012,-0.014648,-0.018311,1.319824,-0.518494,-1.019836,-9.939423,2.4636429846283163,0.713331752657802,0.14971861366115596,1.839325661651553,-2.4869676302863692,14.499864063710774,2.455,0.772,0.1219
0.0117,-0.09375,-0.031738,1.390137,2.044983,-1.294495,-8.566132,2.469292043640472,0.7136408312933049,0.14969055369759815,1.833589542507503,-2.4305306992479223,14.386166826328052,2.459,0.772,0.1202
0.0123,-0.050049,-0.046387,1.223877,4.120178,-4.742981,-8.596649,2.475157620852061,0.7142218285492798,0.14978388195633155,1.8433819173977928,-2.4385789420757265,14.272812854347357,2.464,0.773,0.117
0.012,-0.026855,-0.081299,1.224609,-0.854187,-0.806213,-9.451141,2.481122823240418,0.7149080931996932,0.1499866423985552,1.7713604504190175,-2.412971059292777,14.159536492119212,2.468,0.774,0.1154
0.0123,0.027832,0.037842,1.327148,-0.121765,2.886414,-9.756317,2.4855893830352436,0.7160696124901462,0.15017092854528755,1.7808375564939005,-2.3735564674256304,14.039881564153097,2.474,0.774,0.1138
0.0122,-0.017822,0.009277,1.300537,0.549622,1.574158,-8.779755,2.4904457297946854,0.7169100440580708,0.15026615497692727,1.7815317527518826,-2.325036185702989,13.928719552666077,2.478,0.775,0.1138
0.0122,0.044678,0.04126,1.332764,-1.647644,0.445007,-9.695282,2.494788381718462,0.7181503677058284,0.15048470410883832,1.7741456459163103,-2.325820104617342,13.811915301267614,2.482,0.775,0.1121
0.0111,-0.02417,-0.007324,1.274658,-1.708679,-0.165344,-8.444061,2.499550748639911,0.7188630923029761,0.15056718199150879,1.7391742448603011,-2.2953820306180703,13.713727605606959,2.487,0.776,0.1105
0.0121,0.035889,0.010254,1.216553,-0.640564,-1.843811,-7.559052,2.5042690573242568,0.7200509017359525,0.15081347196504877,1.7264770487623267,-2.32278035024396,13.623978377697272,2.491,0.776,0.1089
0.0123,0.001709,-0.042725,1.395508,0.763245,0.902771,-10.09201,2.509698513713865,0.7209775389364124,0.15102265473615634,1.7020111379999139,-2.2935798443422857,13.500782678947282,2.498,0.777,0.1089
0.0123,-0.008545,-0.056641,1.327393,1.70929,-1.325012,-7.375946,2.5153374274778515,0.721837072528369,0.15122197571465087,1.6789318682356007,-2.287522729379564,13.409962735900338,2.501,0.777,0.1073
0.0119,0.025879,-0.013184,1.411377,2.71637,0.933289,-10.244598,2.5203438104046123,0.7228802660073814,0.15145137819514393,1.6936734951484764,-2.2715274364870615,13.289932734750701,2.505,0.778,0.1057
0.0121,-0.056885,-0.067871,1.25415,0.976868,1.787781,-9.420624,2.5261902703300345,0.7234666768303745,0.1515214925240051,1.6539292267051187,-2.1985603821414723,13.17286633702588,2.511,0.778,0.1057
0.0122,0.050537,0.089111,1.265869,1.587219,1.177429,-9.7258,2.530280741849006,0.7248103133331106,0.15171231210880193,1.7166779621614743,-2.196885067560596,13.05455237659198,2.515,0.779,0.1041
0.0113,-0.035645,-0.043213,1.351562,0.549622,3.588318,-11.099091,2.5354190203080655,0.7254601549107187,0.15179632900522155,1.687985030482279,-2.1190819794432305,12.927541716954254,2.521,0.779,0.1024
0.0124,0.004639,0.012939,1.273438,-2.624207,-0.562073,-6.765594,2.5403647504007574,0.7264697368213043,0.15194087786292043,1.6518980483716657,-2.1133124335952287,12.842240879315272,2.525,0.78,0.1024
0.0123,0.057373,0.092041,1.4375,-0.854187,-1.416565,-8.718719,2.544603605386316,0.7277733902966769,0.15213660951955235,1.6794381130536964,-2.1433647157785916,12.734967473212304,2.529,0.78,0.1008
0.011,-0.043945,-0.099854,1.121582,-1.250916,-2.393127,-4.873505,2.550260329666052,0.7282144243105927,0.15224667211791382,1.5862906771254164,-2.127156941173044,12.678975885102947,2.535,0.781,0.1008
0.0125,-0.067139,-0.046875,1.374756,-3.478699,-0.440002,-2.493134,2.555969328697227,0.7288858013559425,0.15225499989221392,1.5046268365016742,-2.0812358192981493,12.642717576932997,2.539,0.781,0.0992
0.012,-0.045898,-0.031494,1.364258,1.007385,-1.691223,-3.896942,2.5613822183547366,0.7296340221414994,0.15229618165000372,1.4877204193804874,-2.0615161963167923,12.591665463565546,2.545,0.782,0.0976
0.0122,-0.042725,-0.062988,1.381104,2.472229,-0.47052,-3.04245,2.5669698595144657,0.7303249163769896,0.15237608386163343,1.4713135681939342,-2.0300216107329816,12.551286530947234,2.549,0.782,0.0976
0.0122,0.022217,0.05835,1.258545,0.305481,2.031921,-4.842987,2.5714043501493817,0.7314751018024663,0.15251451058255122,1.4999288014362246,-2.0051512728581087,12.492787342144782,2.553,0.783,0.096
0.0112,0.001465,0.037842,1.42334,2.014465,2.459167,-8.535614,2.5757648563479973,0.7324192816157312,0.1526005162087489,1.532731668323793,-1.9632807902358407,12.396606137707462,2.559,0.783,0.096
0.0122,-0.018555,0.005127,1.273926,1.007385,4.32074,-7.101288,2.580700908587689,0.7333105076083613,0.15267276958356185,1.5377147435860017,-1.8863380714834035,12.309088490074938,2.563,0.783,0.0943
0.0122,-0.049072,0.011963,1.221924,-1.311951,3.374695,-5.544891,2.5856771916852233,0.7341490591567811,0.15263831032734518,1.5184602409835422,-1.8029314560069039,12.23830175302281,2.569,0.784,0.0927
0.0124,0.022705,0.045654,1.300781,2.0755,-1.325012,-7.101288,2.590305784430267,0.7352677854874574,0.15278649771800826,1.5604289530209254,-1.8200298928991354,12.15027168865627,2.573,0.784,0.0911
0.0112,0.005371,-0.033936,1.395752,3.235168,-3.49176,-6.674042,2.5950892254255025,0.7360110149238864,0.15293891741687052,1.5665481449597782,-1.8491754764966402,12.07331687111865,2.577,0.785,0.0911
0.0123,-0.049805,-0.038086,1.311035,1.556702,-2.698303,-6.674042,2.6005243755611978,0.7367037728353808,0.1529502106167825,1.5525358045688562,-1.8406465101365446,11.986293706320994,2.583,0.785,0.0911
0.0126,-0.002686,0.025146,1.331787,2.380676,-2.087952,-6.674042,2.605545458873665,0.7377166848391347,0.15304828044953905,1.5859046108304207,-1.8522420977935556,11.90048062178429,2.587,0.786,0.0911
0.0114,-0.015137,-0.044678,1.252686,1.861877,1.879333,-6.094208,2.6105826512518515,0.738365879350984,0.15315889981460556,1.5683330225808942,-1.8101601894294532,11.829122011864493,2.591,0.786,0.0895
0.013,0.037354,0.06958,1.287354,3.174133,-0.714661,-7.620087,2.6157309498332304,0.7397133228949343,0.15335983919403381,1.6399120637004694,-1.8284708952917572,11.731334624571083,2.597,0.787,0.0992
0.0113,-0.163818,-0.205078,1.513184,-1.464539,5.083679,15.390167,2.622008217978019,0.7397335375812583,0.15320041455404282,1.5025606706004617,-1.6855246761363005,11.897068480356454,2.601,0.787,0.1057
0.0123,0.072998,0.078369,1.262939,-0.030212,-0.409485,11.636505,2.6264250893999317,0.741049272764299,0.15348118855859105,1.5323434664935636,-1.7292692092565523,12.043455820578705,2.608,0.788,0.1057
0.0113,0.002197,-0.242676,1.429688,-2.9599,-5.536438,22.378693,2.633101794064598,0.7413271161899152,0.15380223240690205,1.351831540851404,-1.790392235736631,12.288852772516483,2.612,0.788,0.1121
0.0125,-0.018311,0.065918,1.135254,1.739807,5.846619,29.245148,2.6376052766589564,0.7425315052902615,0.15379629691561647,1.3955432829075545,-1.7055146380762862,12.6572823809088,2.616,0.789,0.117
0.0124,-0.060547,-0.317383,1.375,4.364319,-0.745178,28.878937,2.644847513377944,0.7425606693764029,0.15401247055584844,1.2578570923372026,-1.6836891685496707,13.005929397390116,2.622,0.789,0.1235
0.8912,-0.019775,-0.202881,1.280762,-1.983337,5.877136,41.909943,3.008861952019417,0.8255878306132259,0.1655890884961347,-4.259387241641,2.072618748106256,48.934473914161046,2.626,0.79,0.1316
0.0029,-0.038818,-0.123779,1.181152,3.082581,-4.2547,45.60257,3.00926214521347,0.8266127605818435,0.165688114695303,-5.10302805862263,1.9061351382240468,49.03796374855513,2.633,0.791,0.1429
0.0004,-0.067383,-0.207031,1.111328,1.343079,-1.813293,54.757843,3.0074365549880744,0.8283033840098324,0.16586767031775884,-6.824725434506151,2.2265148994525097,49.04457652525571,2.637,0.791,0.1526
0.0033,0.046143,0.019775,1.310303,-0.365906,-0.806213,62.600861,3.0120105739435217,0.8257414118815749,0.1657830779977969,-5.371858679635587,1.2466211222956174,49.166204260694535,2.641,0.792,0.1623
0.0021,-0.067383,0.023438,1.41626,4.8526,2.42865,69.101105,3.013437846840708,0.8257514606514129,0.16557191473076913,-4.336381604025329,1.4871918779659883,49.3072535794193,2.647,0.793,0.1785
0.0008,0.085693,-0.006104,1.373535,2.228088,2.581238,74.807892,3.0147353180811804,0.8247049716476947,0.16568832346467013,-3.7792124464362646,0.5983262451027194,49.34006712789799,2.651,0.794,0.1931
0.001,0.033936,-0.05957,1.29248,-1.769714,-0.104309,79.721222,3.0151552720002224,0.8247677778382302,0.16576762901506717,-3.703106623218803,0.2130532112244924,49.417060550274655,2.658,0.795,0.2141
0.0004,-0.042725,-0.082275,1.323242,2.350159,-4.010559,86.892853,3.0152314567972747,0.8250503681437628,0.1657405158745816,-3.763776794752706,0.3512979681846024,49.456523406940335,2.662,0.796,0.2287
0.0013,0.085449,-0.037842,1.265381,0.183411,-1.294495,87.747345,3.0157816108649143,0.8249948918240085,0.16586289331445986,-3.5904686742286502,-0.2208351783593457,49.55844192081972,2.667,0.797,0.2433
0.0016,-0.03418,0.013916,1.405518,-0.457458,0.383972,91.867218,3.0165417077345333,0.8245628622069022,0.16578821753064815,-3.1999831366818703,-0.1055687334906221,49.64467462249362,2.672,0.799,0.266
0.0005,-0.003906,0.007568,1.399414,3.937073,-0.012756,93.72879,3.0167753843490286,0.8240743098410616,0.16576382993525876,-2.8942064030120274,-0.1399392068000293,49.65123925547085,2.677,0.8,0.2822
0.0005,-0.016113,-0.058838,1.07666,3.113098,-4.742981,102.761993,3.016916915789162,0.8243498394848506,0.16576613403423815,-2.9510632513728527,-0.12349230220122197,49.70965925245019,2.683,0.802,0.3081
0.0004,0.031494,-0.025635,1.415039,-0.94574,-9.229065,106.424103,3.016965742506759,0.8243447062680506,0.16579696980326555,-2.8241309117026936,-0.28072689712735904,49.746462750550464,2.687,0.803,0.3275
0.0005,0.077393,0.001709,1.453857,1.678772,1.207947,107.400665,3.0169209634543783,0.8243479901274795,0.16585837428360115,-2.622790472386365,-0.5568727016351882,49.79294516207144,2.691,0.805,0.3453
0.0362,0.077393,0.001709,1.453857,-13.000183,-14.447571,95.651398,3.0285289095146437,0.838081946032474,0.1661484566727079,-2.926846700593462,-1.1335505569726394,53.254931214649346,2.777,1.007,2.1619
0.0015,0.571777,0.343506,1.595459,8.056946,-6.299377,73.678741,3.02689198496337,0.8382800500531876,0.16687950478496633,-1.958722300989806,-2.4402627553050578,53.28640972801882,2.77,1.017,2.1425
0.0004,0.435547,0.329834,0.866943,12.878723,0.567078,67.361603,3.0213707315627834,0.837708266624867,0.16778022291184502,-0.6764721969445042,-3.92422465897674,53.10426527648198,2.765,1.025,2.1247
0.0075,0.477051,0.020264,1.164307,-3.570251,6.731628,74.502716,3.017373120236352,0.8527906504360336,0.1694054485804066,-0.651965663674874,-5.101991093037326,54.113026604113344,2.76,1.034,2.0955
0.0127,0.408936,-0.114502,1.250488,2.441711,-6.299377,79.293976,3.0131420912569618,0.8689909397853626,0.1709889551045625,-0.9959348365605523,-6.0574505976800666,55.73395743859452,2.755,1.043,2.0777
0.0114,0.343994,-0.050049,1.574951,14.007874,0.750183,90.860138,3.0110980863174297,0.8776549364809558,0.1720889446851796,-1.007631934615342,-6.509301418571617,57.00223741527853,2.753,1.047,2.0858
0.0129,0.147461,-0.003174,1.361816,3.387756,3.222107,113.290558,3.014120034500427,0.8835470967274268,0.17302664531319023,-1.0731935253618825,-6.53963644741884,58.43995664111823,2.748,1.054,2.0955
0.011,0.151123,-0.367188,0.912842,2.991028,5.236267,121.652374,3.011827634020968,0.9087351915920907,0.17444618523115216,-2.318215324598719,-6.719046622017728,61.13090429701604,2.745,1.06,2.0891
0.013,0.412842,0.092773,1.259277,20.569153,6.792664,109.872589,3.011245931362355,0.9138651132728567,0.17648267228176553,-1.8912837147013815,-7.251017511136672,62.234846175156605,2.741,1.066,2.0858
0.0112,0.606689,0.185547,1.663086,28.686829,-0.134827,107.33963,3.0084026930269196,0.9158294384491655,0.17839060976419435,-1.3259510357589166,-7.910562149925428,63.01202353600406,2.737,1.073,2.1036
0.0126,0.563232,-0.085693,1.536377,11.78009,1.66571,104.959259,3.0034604256945663,0.9280103591238732,0.18068851489774154,-1.454657076681077,-8.520457496212975,64.57478118730808,2.735,1.078,2.1117
0.0114,0.188477,0.006592,1.125,8.423157,-3.003479,110.147247,3.0053580645707245,0.9345461159417345,0.182251535676328,-1.453338600109034,-8.683868335986988,65.7196771672191,2.729,1.088,2.1117
0.0128,0.230957,-0.068359,1.430176,14.526672,4.107117,119.241486,3.007212317036832,0.9454965630094913,0.18405030000807976,-1.566633094205768,-8.726108620319666,67.3761811644162,2.725,1.095,2.1036
0.011,0.038574,0.036865,1.125244,7.690735,7.34198,122.537384,3.0135362161093524,0.948521798123549,0.18481098442836177,-1.5202533819841604,-8.432872767510085,68.47035491282287,2.721,1.101,2.1036
0.0226,0.30127,0.276855,0.591553,-1.525574,9.630798,117.837677,3.017304562519574,0.9434646232697337,0.1884643796238179,-0.9037641278821219,-8.865158603242898,69.59465008199612,2.716,1.11,2.1069
0.0014,0.499512,0.305908,1.840576,14.648743,-19.544006,108.957062,3.0153033391510724,0.9365909139634652,0.1892981353983087,-0.4530534271652276,-9.211562399761192,69.07215162811785,2.713,1.115,2.1166
0.0121,0.468506,0.361328,0.789307,13.824768,6.640076,107.705841,3.0118268048901418,0.930279831886958,0.1924318526252887,0.3944226678576123,-9.858027952641576,69.08044495968359,2.707,1.124,2.1247
0.0128,0.017334,0.074951,1.119385,9.064026,17.443298,107.980499,3.020163592745049,0.9329914409206667,0.19344574401707795,0.4510889208910266,-9.408495152856506,70.07573038436588,2.703,1.131,2.1166
0.0121,0.00293,0.018066,1.307129,6.073303,12.682556,98.39798,3.0273655863432807,0.9383411161631711,0.19420844039182686,0.36426833484598314,-9.020109351327442,71.13168068212808,2.699,1.138,2.1085
0.0119,0.270996,0.132324,1.409424,5.646057,-1.843811,87.014923,3.0285463924451306,0.9425517864799865,0.19590002582082017,0.48434609652212496,-9.192695732988907,71.85672693752393,2.693,1.147,2.1069
0.0113,0.429688,0.226562,0.769531,2.106018,-0.531555,82.132111,3.0228577205322655,0.9444017108508472,0.19921927081569576,0.890981591111426,-9.871335138883946,72.11196216772571,2.69,1.153,2.1036
0.0124,0.070068,0.30249,1.820557,-2.593689,5.053162,76.638947,3.031040020949156,0.9423599755238717,0.2001322149540197,1.0621935318468112,-9.627656346114884,72.30481970197812,2.686,1.16,2.0972
0.012,0.129883,0.164062,0.537598,2.289124,7.982849,72.397003,3.033093737142389,0.939606671739118,0.20231367806434816,1.544259453919563,-9.734864767216807,72.18612727717331,2.68,1.17,2.0858
0.0805,0.234131,0.286133,1.239014,7.782288,1.238464,53.262482,3.0516880988784196,0.9877823241067293,0.21297907797180607,1.9498626621575659,-9.843722455976673,75.71698845054807,2.676,1.177,2.0761
0.0016,0.389893,0.488281,1.563232,3.540344,-6.116272,43.100128,3.050484064073045,0.9779715850234914,0.21376850776116008,2.578770570964962,-10.032120945632077,74.81072601697933,2.67,1.187,2.0713
0.0004,0.1521,0.403076,1.42627,3.937073,5.144714,36.966095,3.0533158367360933,0.9651387970702634,0.21336790858849447,3.143410510253663,-9.930628958526901,73.80194331154213,2.667,1.194,2.0664
0.0004,0.174561,0.29126,0.766357,3.815002,1.909851,33.12088,3.051486397213787,0.9536483349970558,0.21388161792405286,3.8254302174073964,-10.044095828481646,72.7564897070931,2.663,1.2,2.0567
0.0003,-0.038818,0.147705,1.048584,2.197571,0.475525,25.705109,3.058741274265864,0.9432589752709428,0.21256446166535353,4.045719933081702,-9.70015288251285,72.10064317717239,2.658,1.21,2.0437
0.0005,0.211426,0.116699,1.29541,2.350159,1.513123,16.244659,3.057282077835654,0.9434335760402299,0.21290673373081925,4.122752272498842,-9.767483571078328,72.04333837752704,2.655,1.216,2.034
0.0004,0.218506,0.20166,1.529053,1.861877,4.290222,13.406525,3.0567614088338226,0.9409988714336726,0.21303098240846127,4.2814382895971175,-9.778229182796444,71.80037793248923,2.65,1.227,2.0227
0.0122,0.123291,0.087646,1.232422,-0.1828,7.677673,9.591827,3.0605236756801055,0.9483576326170639,0.21446396048997324,4.29402331509166,-9.64929228008241,71.82620741958182,2.647,1.234,2.0081
0.0121,0.024658,0.070068,1.293213,1.007385,8.898376,-2.584686,3.0673690886504463,0.9539003360958541,0.21532417966883283,4.316854400589935,-9.35530422036855,71.62019051311749,2.643,1.241,1.9919
0.0131,0.010742,0.131104,1.415771,-1.281433,21.624207,-20.437469,3.0741244602719617,0.9581645201634003,0.21609919328731106,4.418802622666961,-8.85172329881948,71.05856015763044,2.639,1.251,1.9693
0.0172,0.0625,0.314941,2.36792,-0.762634,70.421814,-52.145233,3.079577203342578,0.9646900759336324,0.21738969673625258,4.661850913273997,-7.42765147432107,69.89615731871895,2.636,1.258,1.9579
0.0051,-0.011719,0.356201,2.625,1.739807,103.960632,-70.944061,3.0821882102481424,0.9624322490363396,0.21709144911379707,4.847594961637758,-6.685612670131757,69.18590428290457,2.632,1.267,1.932
0.0124,-0.16626,0.172363,1.454834,1.800842,52.935242,-58.492889,3.0871512168232043,0.9628405799359131,0.21668243539708776,5.0470276732153545,-5.62595275358948,67.98490145318416,2.63,1.274,1.9255
0.0115,-0.043213,-0.183105,0.010498,-13.122253,22.08197,-46.743622,3.0977839050175886,0.9861258058159023,0.2165747654864825,3.617799618977937,-5.245205967622372,69.02527550582808,2.628,1.28,1.9239
0.0119,0.484375,-0.032227,0.468994,-2.715759,3.191589,-36.245575,3.1009651633617863,1.0061693070661075,0.2216676386195255,3.4871254611207565,-6.209276553735066,69.64702009323172,2.624,1.289,1.9272
0.0122,0.345703,-0.134033,0.817871,8.911438,-42.188049,-18.728485,3.1004874134241023,1.0258547636525677,0.22494862439550795,3.3030374059098997,-7.2352476414743725,70.2784124570833,2.622,1.296,1.9288
0.0121,0.168701,-0.355957,1.029785,1.617737,-25.067688,-17.599335,3.099948232837499,1.0480581075366457,0.22675124825998974,2.756682635451398,-7.684887900132122,71.123349464316,2.618,1.307,1.9288
0.012,0.378174,-0.315186,2.704102,-3.875427,18.023132,-7.559052,3.100949868201505,1.0632102726806258,0.22845643749154534,2.470424859391939,-7.5489200761631485,71.50089224258046,2.615,1.315,1.9336
0.0116,-0.037354,-0.162109,1.810547,1.251526,-18.048645,-2.03537,3.103543473449421,1.0751002330924002,0.22881625673004327,2.294831721486562,-7.589867112098871,71.71433100032651,2.612,1.322,1.945
0.012,-0.045898,-0.166016,0.866211,1.404114,9.600281,3.488312,3.104767719140657,1.0898296061896913,0.22907439586016207,1.9672743108282231,-7.2943012019761975,72.23074343982965,2.608,1.332,1.9612
0.012,0.241943,-0.222656,1.755127,-1.708679,23.97406,17.282257,3.105487489248909,1.10333837970147,0.23069250109999284,1.686549105792504,-7.0990423938712945,72.83629166706818,2.605,1.339,1.9676
0.0129,0.233154,-0.22168,1.117432,0.091858,-31.018616,37.210236,3.1051453476973356,1.120226973992865,0.23301223637752985,1.3073914416180985,-7.689938093821113,73.85077736571954,2.6,1.351,1.9806
0.0112,0.201904,-0.40625,0.766602,-4.516296,10.729431,48.379669,3.1006345219866898,1.1441711301751367,0.23582042340644507,0.5130468754649207,-7.808230589206348,75.50903702375493,2.597,1.358,1.9919
0.0122,0.168701,-0.238037,1.79248,3.815002,-1.813293,65.286407,3.100418246906341,1.1586580610258954,0.23729416194057834,0.24482931916202855,-7.834636265077258,76.6551446769354,2.593,1.366,2.0033
0.0346,0.158203,0.020752,0.796875,8.972473,-14.752747,79.568634,3.1072643297664153,1.184644038216801,0.24200345681260596,0.2104710817969856,-8.49487210431335,79.32526914952152,2.588,1.376,2.0227
0.0007,0.067383,-0.128662,1.432861,7.477112,0.567078,84.481964,3.1058817071849263,1.1885240958353849,0.24170793495677637,0.06890320547528028,-8.415815286553807,79.63122906317386,2.585,1.384,2.0373
0.0013,-0.034424,-0.2854,1.095703,4.120178,9.722351,95.224152,3.1019767944537366,1.198339572430861,0.24114022832279858,-0.31535573298802827,-8.235794668143825,80.4060092884363,2.579,1.395,2.0664
0.0113,0.06543,-0.179443,1.435059,0.183411,-0.958801,101.236115,3.101332028524863,1.211489986929987,0.24218298203019373,-0.6487460654112115,-8.163681814545917,81.85541689554337,2.575,1.403,2.0761
0.0124,0.145996,0.122314,1.230225,11.65802,-5.292297,82.620392,3.1048440511735804,1.2182364568649031,0.24362112601518973,-0.49088135316088943,-8.240118054184862,82.63821925713924,2.571,1.41,2.0648
0.0122,0.637207,0.445312,1.825684,7.568665,9.203552,47.158966,3.1105370562895396,1.2190153837186795,0.24642396697892946,-0.15615231615417255,-8.402833698643539,82.60773082812425,2.565,1.419,2.0615
0.0116,0.02002,0.874512,1.225098,7.202454,-17.438293,42.367706,3.1219077061540443,1.2121665735890657,0.24626082440989824,0.6100158198642418,-8.499702087856672,81.93592920970083,2.561,1.428,2.0713
0.0118,0.140381,0.416504,0.912354,-0.610046,-1.508118,24.575958,3.128687059394009,1.2112628533949357,0.2475275860562978,1.1010086897989864,-8.555263955614423,81.3801518156279,2.556,1.436,2.0696
0.012,-0.022461,0.614014,1.9104,-4.119568,11.828064,1.291046,3.1348336235162946,1.2130814138715478,0.2476263199055074,1.4455360809143567,-8.25313267551931,80.76894327912257,2.551,1.447,2.0583
0.0214,0.091309,0.44165,0.712646,-4.546814,-12.555481,-20.437469,3.143238798609852,1.218486644138879,0.24973493364879285,2.059736110394351,-8.503715533438692,79.36403329266729,2.547,1.454,2.0518
0.0027,0.081299,0.507568,1.109863,-1.708679,-3.36969,-41.738739,3.147632233953154,1.2112966118904993,0.24936435392857148,2.5739030670149043,-8.438930695183666,78.48075915221264,2.541,1.466,2.0373
0.0119,-0.152588,0.50293,1.836914,-8.819275,0.383972,-48.666229,3.1546486526566513,1.2128691281105584,0.24890556640091854,2.858745888453512,-8.161010716337293,77.3174452811519,2.537,1.473,2.0259
0.0121,-0.019531,0.239746,0.899658,-7.384949,-2.942444,-64.840546,3.1601478915448413,1.216099925205426,0.24908722889817622,3.1696643540453033,-7.9956226652316476,76.0324782253491,2.534,1.48,2.0114
0.0123,0.141113,0.235107,1.185547,2.228088,4.44281,-63.192596,3.1623785102177955,1.2228322810746086,0.25049794984048424,3.4964496411266985,-7.907420483411329,75.02182909961606,2.529,1.49,2.0049
0.0124,0.044678,-0.318604,1.443848,9.125061,-4.468323,-56.265106,3.1663213328077466,1.2347532162985297,0.25130039703034013,3.3831869636098695,-7.870448253280068,74.67759487342434,2.526,1.497,1.9968
0.0112,0.090332,-0.169678,1.080078,0.915833,2.55072,-60.812225,3.1686707982479865,1.2457995361177052,0.25245649136788123,3.2436603160988295,-7.811107850940111,74.29539855093716,2.521,1.508,1.979
0.0121,0.138916,-0.291748,1.105469,-6.072693,7.189392,-64.4133,3.1701250859071033,1.259080054265755,0.25403574153384567,2.922935457196144,-7.74589610306967,73.98232243716,2.518,1.515,1.9709
0.0121,-0.007568,-0.189941,0.954102,-0.823669,1.513123,-62.612762,3.1730435160785753,1.2699622125895176,0.2543839490122231,2.73764745482145,-7.5959867476903815,73.50083963559995,2.515,1.521,1.9628
0.0127,-0.007812,-0.156006,1.598633,6.103821,-4.285217,-54.006805,3.176426264171602,1.2799308563969594,0.254715013956837,2.7470978329213507,-7.510977401971383,72.94050433690633,2.511,1.531,1.9547
0.0121,-0.026855,-0.300781,1.384766,4.120178,-3.919006,-45.492401,3.179651686120923,1.2908993536502729,0.2548964909130716,2.579419819653655,-7.42458479269836,72.65767402350657,2.509,1.538,1.9498
0.0112,0.062988,-0.293701,1.099609,6.500549,2.459167,-44.180145,3.1818248522953834,1.302149818578479,0.2557120773552427,2.381628464299869,-7.360534357404929,72.50544825722996,2.504,1.55,1.9401
0.012,0.000732,-0.159424,0.841064,-2.471619,-4.041077,-45.492401,3.1840818252939584,1.3126069807450662,0.2560436386318345,2.175870283467654,-7.306939544304366,72.19049289480012,2.502,1.556,1.9336
0.0121,-0.126709,-0.062744,1.38208,-12.023621,6.823181,-38.412323,3.186846071167587,1.3213751676954515,0.25544650026497745,2.008764510034178,-7.009237652519216,71.782567720436,2.499,1.563,1.9288
0.0127,-0.187988,0.12793,1.389893,-6.683044,7.21991,-37.588348,3.1902108048762488,1.329045700813244,0.25451190311756733,2.0592972012889312,-6.657082923779923,71.21878800425812,2.496,1.572,1.9207
0.0109,-0.120605,0.374756,1.203857,-10.101013,5.388855,-30.50827,3.193978740975496,1.3337029057764744,0.2538767176035618,2.288787730244302,-6.393825496054138,70.6432294945226,2.493,1.579,1.9174
0.0123,-0.098145,0.082275,1.026855,-9.368591,3.039001,-25.228729,3.1970301042263967,1.3409120981544416,0.2532639744436944,2.268738010615788,-6.156877884762584,70.24443554991818,2.49,1.589,1.911
0.0124,0.023926,-0.129395,1.66626,-2.990417,-4.163147,-31.301727,3.1998336676669754,1.3494522000777303,0.25358560145963793,2.1569294357158677,-6.128575552071015,69.89610749818992,2.487,1.596,1.9061
0.0121,0.046387,-0.104736,1.243652,2.655334,-5.078674,-32.858124,3.2026296362642412,1.3578952431867628,0.25412742372503083,2.1108713356837225,-6.1396161160396865,69.54658896963734,2.485,1.603,1.9013
0.012,0.081543,-0.197021,1.206543,3.84552,-0.104309,-33.590546,3.2054674997790533,1.3666549281247777,0.2549308590673155,1.998406891190177,-6.126930667709286,69.2390827354974,2.482,1.612,1.8948
0.012,-0.000732,-0.135742,1.59082,3.265686,1.360535,-35.482635,3.2079886252448624,1.374908512008942,0.2550573411848673,1.9635527724297515,-6.01801671307172,68.8607798932159,2.48,1.619,1.8883
0.0124,-0.030273,-0.121826,1.338867,2.685852,5.846619,-31.301727,3.2104332353824443,1.3834163075280272,0.2550108964897044,1.9137584545515034,-5.835411216570143,68.52138171305857,2.476,1.629,1.8802
0.0113,-0.176025,-0.108154,1.340088,0.854797,4.290222,-26.296844,3.2117684963432866,1.3914116765249018,0.25385891233718505,1.8441460244752412,-5.568943224577353,68.26536537375729,2.474,1.635,1.8754
0.012,-0.209717,-0.173828,1.189209,-3.448181,-7.520081,-21.780243,3.2129472955038954,1.4000693313318406,0.25233538174711634,1.6577273687662741,-5.406242217718457,68.05725111639497,2.472,1.641,1.8737
0.0123,0.12915,0.088623,1.315918,-2.135925,4.870056,-10.946503,3.2162473031001766,1.4070948474129032,0.25344282424187303,1.6945097182421176,-5.380188081213701,67.91289672912475,2.47,1.65,1.8737
0.0121,-0.275146,-0.090576,1.476562,-2.715759,-1.538635,-8.993378,3.216906084614681,1.4159807613152031,0.2518464137041776,1.5891278265500202,-5.140232370832431,67.83970819558007,2.468,1.656,1.8689
0.0114,0.057373,-0.019043,1.166992,-5.004578,0.200867,-6.704559,3.2195150760960702,1.4225039764677159,0.25238454244660374,1.5044351751375817,-5.127508498465273,67.76444442272953,2.465,1.665,1.8705
0.0125,-0.316895,-0.119141,1.196045,-3.96698,3.496765,-1.27243,3.2189715461572446,1.4320879108513809,0.25017771932141863,1.3426893272003781,-4.766483482059885,67.79370858025472,2.463,1.671,1.8689
0.0113,0.014404,-0.018799,1.082275,-0.243835,0.719666,-2.645721,3.2209862716169293,1.438401616558582,0.2503554810673767,1.3101297703465917,-4.718340130556702,67.7655391343518,2.461,1.677,1.8689
0.0129,-0.124756,-0.046875,1.438232,0.091858,2.001404,-0.906219,3.2218578748022733,1.4465788320748834,0.249650959165056,1.2638557080357522,-4.547588200512714,67.77301765825162,2.459,1.685,1.8673
0.0114,-0.154785,-0.09375,1.328125,1.556702,3.5578,-1.27243,3.2219936822226245,1.4539888856270797,0.24860301108238064,1.1973900058807128,-4.336935670000577,67.77191869793513,2.457,1.69,1.8673
0.0121,-0.099854,-0.077148,1.403564,2.014465,-0.928284,2.938995,3.222833525984953,1.46123728796253,0.24798385703037215,1.1501251463555824,-4.226524101579856,67.81264483149218,2.455,1.699,1.8689
0.0121,-0.328125,-0.121338,1.432861,1.83136,-1.447083,2.420197,3.221097255517745,1.4700440636317014,0.2459930466886628,1.0758908105805791,-3.9741080311834813,67.87607659501073,2.453,1.704,1.8689
0.0121,-0.093994,0.049316,1.337158,2.807922,1.940369,5.929718,3.2209616957288603,1.4778904898390868,0.24542274621079677,1.1301238606304473,-3.8370748767252585,67.99721428501718,2.451,1.709,1.8689
0.0118,-0.109619,0.001709,1.397461,3.326721,2.092957,7.211456,3.2208568659207777,1.4851207659371648,0.24474007662074623,1.152273792339297,-3.692912800833487,68.10979037515898,2.449,1.717,1.8721
0.0121,-0.172363,-0.044678,1.431152,0.366516,0.383972,6.875763,3.2202664110117016,1.4926246883068988,0.24368180863914682,1.1081547281065895,-3.5296919708878183,68.20849729731904,2.448,1.722,1.8721
0.0119,-0.051758,0.053223,1.212891,-0.121765,0.475525,7.638702,3.2202784416061903,1.4997252692494263,0.2433513581629251,1.1334214135826632,-3.446867137248533,68.34649723301953,2.446,1.726,1.8737
0.012,-0.141113,0.008789,1.271973,1.098938,-2.820374,8.737335,3.219383630441259,1.5073619314741613,0.2423996926670736,1.1352869373159198,-3.33712923758767,68.48535433599896,2.444,1.733,1.877
0.012,-0.052002,0.013672,1.346436,4.455872,-0.867249,9.195099,3.219935179820278,1.5138329622013733,0.24208239077225033,1.179794826831676,-3.2768331133301367,68.61219955596421,2.442,1.738,1.8786
0.0119,-0.006348,0.022705,1.378174,3.113098,0.078796,7.852325,3.221106148852378,1.5197849542586426,0.24206708624678291,1.2147390693004512,-3.2396505292337374,68.71822234577539,2.44,1.745,1.8802
0.0121,-0.094727,-0.009766,1.33252,1.617737,0.445007,5.258331,3.221197018972698,1.5262175748985372,0.24145470288504164,1.2105290733001415,-3.1333624443016705,68.78897266098758,2.439,1.749,1.8818
0.012,-0.020752,0.030518,1.208252,3.479309,2.855896,2.75589,3.2218973748809456,1.532298918280235,0.24134426347925741,1.2621160028955318,-3.053410936820399,68.84511744684566,2.437,1.754,1.8818
0.0123,-0.079834,0.014893,1.312256,-0.06073,4.900574,2.328644,3.221787794986704,1.5386829833290177,0.2408377946451527,1.2574111106923127,-2.905427673693806,68.89314278202679,2.435,1.76,1.8818
0.0121,-0.05127,0.018555,1.278076,-1.678162,-2.393127,4.617462,3.2220658251478396,1.5446506016149422,0.24050394054675092,1.2354537304008226,-2.8688055421672085,68.96468607691745,2.434,1.764,1.8834
0.0122,-0.017578,0.055176,1.416748,-0.793152,-2.36261,6.54007,3.2224855674314106,1.550591613579799,0.2404093164936361,1.246297141336771,-2.859011395896754,69.07785036411222,2.432,1.77,1.8851
0.0119,-0.044678,0.0354,1.220947,-0.091248,-4.010559,9.286652,3.222531634843736,1.5564532212629476,0.24010305644256083,1.254798517834618,-2.847252425019266,69.21566348002209,2.431,1.774,1.8851
0.012,-0.05957,-0.087402,1.237305,-2.288513,-0.043274,8.920441,3.2243357275226714,1.5606114741024153,0.2396832358749747,1.142463015760542,-2.778818917905989,69.25210477079301,2.429,1.778,1.8851
0.0121,0.012939,0.001221,1.362549,0.793762,1.360535,5.685577,3.2258921372917735,1.5652066601744692,0.23976794281926925,1.1379357006807078,-2.747269346607517,69.31328711322155,2.428,1.784,1.8867
0.0112,-0.088135,-0.026123,1.341553,-0.1828,6.273865,4.678497,3.2259918594766646,1.5702626184310848,0.23919904784231014,1.1034744325360517,-2.591491065446834,69.35398861652524,2.426,1.787,1.8883
0.0122,0.024658,0.056152,1.534912,-2.593689,6.090759,0.619659,3.227006488044545,1.5754799678272924,0.23935348717199648,1.0950283065979405,-2.509124077087181,69.39157113721726,2.424,1.793,1.8899
0.0123,-0.016846,0.019287,1.249268,0.030823,0.811218,5.166779,3.2276728885034154,1.5804296215455336,0.23925321671888433,1.0965770084841007,-2.4665265972209256,69.46699239940428,2.423,1.797,1.8932
0.0123,-0.109619,-0.051025,1.112549,3.357239,-1.141907,4.861603,3.2276707598402234,1.585520199943602,0.23844445759640645,1.0817895549555412,-2.370410818763076,69.48902644692414,2.422,1.801,1.8915
0.0116,0.043945,-0.034668,1.408936,1.983948,2.703308,6.143341,3.2301124953204092,1.5883867010810515,0.23868722263457792,1.0680146060151152,-2.3498962052621244,69.51880625107401,2.42,1.805,1.8915
0.0121,-0.119385,-0.078613,1.406006,2.563782,-4.010559,7.913361,3.2303904936211563,1.5925902483338223,0.2379545391128962,1.0324866284963594,-2.300981767954263,69.56521481463112,2.419,1.809,1.8883
0.0121,-0.084961,0.02417,1.259521,3.418274,-3.400208,5.288849,3.2295096488543833,1.5981740709190075,0.23739875404538746,1.0789511827865084,-2.261734154977342,69.66022664265137,2.418,1.814,1.8899
0.0123,-0.05957,-0.005615,1.245605,0.458069,2.611755,6.723175,3.229654196665122,1.6028689892381165,0.23701404277187627,1.0669131797393572,-2.16961375825496,69.74178055021281,2.417,1.817,1.8915
0.0115,-0.117432,0.046631,1.297363,0.763245,-1.447083,3.244171,3.227638014283655,1.6086814638294982,0.23626839485713466,1.0971086404512518,-2.086560220054002,69.83408418129221,2.416,1.82,1.8915
0.0122,-0.047119,0.061279,1.263672,1.037903,0.933289,4.678497,3.226740064832821,1.6141027384792161,0.23597890560066404,1.1417859642553763,-2.0264617700057372,69.94787812913724,2.414,1.824,1.8915
0.0122,-0.141113,-0.069336,1.440918,-2.593689,-0.317932,4.312286,3.22667327241038,1.6181209824147817,0.23517515820828253,1.0532342773657173,-1.9263921844420593,69.95043689182847,2.413,1.827,1.8932
0.0116,-0.036133,0.029053,1.223145,-1.403503,0.078796,6.021271,3.2263953628764157,1.6223606186163082,0.2349398386057328,1.0469429671991575,-1.8866746660838303,70.04681218532184,2.412,1.832,1.8932
0.0124,-0.123047,0.0354,1.320312,0.213928,1.360535,5.807648,3.224495446725366,1.6278220065688966,0.23420278876548475,1.0617181220321856,-1.773330701991579,70.16111038681413,2.411,1.834,1.8932
0.0111,-0.025391,0.031982,1.312744,-1.434021,1.391052,5.319366,3.224391994581916,1.6316289813112224,0.2340473686249204,1.0564392100394386,-1.7297884063086406,70.2442376303136,2.41,1.837,1.8948
0.0131,-0.068359,-0.046143,1.348389,-0.365906,1.787781,5.105743,3.2251412526770236,1.6348534331825848,0.23365337996451382,1.0083813898554381,-1.6506640073267285,70.26391183938827,2.409,1.841,1.8948
0.0113,-0.096191,-0.024414,1.356201,0.488586,-0.806213,2.63382,3.2247499171942073,1.6382878387706628,0.23309030037644643,0.9871328783784348,-1.5858249362372692,70.27202429540978,2.408,1.843,1.898
0.0123,-0.106934,0.009766,1.270996,1.007385,6.45697,7.79129,3.2232878555992226,1.6424856251406825,0.23245040194378544,0.9946926272731526,-1.4242903571489376,70.38398470969376,2.407,1.846,1.8996
0.0121,-0.316162,-0.130859,1.353516,1.037903,-4.315735,8.035431,3.220936144433473,1.6465219359323884,0.23072778902788854,0.9114739415282026,-1.2698134994958743,70.38441380879806,2.406,1.849,1.8996
0.0121,0.036865,0.064209,1.167725,2.136536,-0.714661,1.382599,3.2212605356074726,1.6497838691556355,0.23099413800042556,0.9788819807347232,-1.3025915788276634,70.46197646125646,2.405,1.851,1.8996
0.0113,0.041992,0.039795,1.680176,3.204651,12.37738,14.108429,3.222112964321847,1.65179670899611,0.23117841177419785,1.0231330285901592,-1.181571628508033,70.63853514513724,2.404,1.854,1.9045
0.0122,-0.45459,-0.188477,1.221924,0.183411,-10.724426,13.986359,3.2182454246285284,1.6560405136429137,0.22868384453636087,0.8883259651193837,-1.0150349511077534,70.6641093469263,2.404,1.856,1.9029
0.0121,0.149414,0.08252,0.998535,2.624817,-2.789856,7.66922,3.2209614893984497,1.657632443678231,0.22981414312454546,0.9843476521927436,-1.1801544437515465,70.83266705976818,2.403,1.858,1.9077
0.012,0.039795,0.054688,1.825928,2.563782,13.201355,23.751984,3.2214508891784197,1.6595796860352796,0.22996883076153865,1.026463415843636,-1.0407930249905084,71.14458442216045,2.402,1.859,1.9126
0.0122,-0.344482,-0.09375,1.296631,1.983948,-11.731506,15.786896,3.217719680906162,1.6635513329771623,0.22812639332510695,0.9760916629158574,-0.9612925432300506,71.27022563712143,2.402,1.861,1.911
0.0123,-0.020752,0.130615,1.157227,-1.434021,-2.759338,9.43924,3.21460697615926,1.6685511480373976,0.22801883790210387,1.0489583527131734,-0.9802677432834267,71.54620149076999,2.401,1.863,1.9126
0.011,-0.036377,0.054443,1.665283,2.685852,9.173035,10.995636,3.213805771643107,1.6711684032806522,0.22786826801125845,1.095095144558453,-0.8595650210529738,71.70411785311921,2.401,1.864,1.9191
0.0123,-0.299316,-0.010498,1.39502,4.822083,-2.576233,10.843048,3.209362761825372,1.6752310666649448,0.2264023143700029,1.1345646332844181,-0.710501576229268,71.83538848979386,2.4,1.865,1.9207
0.0122,-0.038574,0.175781,1.162598,-1.922302,-3.552795,6.387482,3.2043826963397906,1.681162981218666,0.22619890964055894,1.2331405249321352,-0.7282873895175284,72.13326591613861,2.4,1.867,1.9207
0.0125,0.007324,-0.05249,1.437256,-1.678162,2.947449,4.373322,3.2066804146469,1.6809824541437093,0.2262633403036459,1.1670819606717915,-0.6982052937914609,72.11020859086727,2.399,1.868,1.9207
0.0118,0.059082,0.179199,1.39209,5.462952,-1.233459,-2.981415,3.204294193940373,1.6848797102310538,0.2265671675766636,1.3331740818776718,-0.748685702191789,72.24661445214267,2.399,1.869,1.9223
0.0122,0.013184,0.064941,1.211426,-1.678162,5.541443,4.159698,3.203590849661668,1.6867230191049813,0.22667133506086512,1.3471596603633762,-0.6941225230179731,72.35820285015332,2.399,1.869,1.9239
0.0114,-0.416748,-0.205322,1.205078,-0.335388,-6.14679,9.286652,3.202286595498261,1.6869028050801644,0.22459076456010954,1.1921876492144603,-0.49924564871640986,72.21637135895264,2.398,1.87,1.9239
0.0125,0.088135,0.138184,1.368896,4.181213,1.207947,1.779327,3.2013256539009562,1.6895375624039288,0.2250467621148419,1.3211866572100495,-0.5428137480385843,72.37216130805668,2.398,1.871,1.9223
0.0119,-0.008301,0.039307,1.560791,-0.671082,5.419373,-5.911102,3.2012326779190596,1.6908819194301794,0.2250412024860722,1.3228910679203871,-0.4747069041214238,72.3193651106089,2.398,1.872,1.9207
0.0121,-0.078125,-0.026855,1.058594,1.617737,-2.60675,-8.84079,3.201117327362489,1.6911688480903768,0.22461281394883298,1.3084705008707107,-0.4468256552265678,72.15370867935603,2.398,1.872,1.9239
0.012,-0.061279,0.103271,1.432617,5.218811,1.391052,4.373322,3.198364322874384,1.6938993611465163,0.22436948443693458,1.4200451105625065,-0.3983204695182728,72.2949947387087,2.398,1.872,1.9255
0.0118,-0.185303,-0.042236,1.315918,-0.304871,-2.637268,5.8992,3.1969933493403047,1.6948133209872307,0.22352081778918648,1.3735639482262367,-0.31714277524709367,72.29326620359429,2.398,1.872,1.9255
0.0122,-0.006104,-0.113037,1.26709,-3.204041,3.31366,1.99295,3.2007585122271296,1.6918572795498414,0.22354646717648374,1.2438336233296166,-0.28072460780503805,72.15551085999294,2.398,1.873,1.9207
0.012,-0.005615,0.128174,1.491943,2.746887,-2.850891,-3.103485,3.198460136422318,1.6942678703751608,0.2235576805218088,1.3393687406794186,-0.3153324844449639,72.22831758478837,2.397,1.873,1.9191
0.0121,-0.015381,0.062012,1.118164,-0.854187,-3.003479,-3.378143,3.197023950519151,1.695891982933216,0.22352621880431095,1.3654342821490364,-0.34606170816038556,72.25057854467205,2.397,1.873,1.9191
0.0115,-0.056152,-0.054688,1.347656,-0.823669,3.588318,-0.051727,3.1981756263824392,1.6950302395144645,0.22331783617204895,1.3074332258226136,-0.2756720426634108,72.16745517641323,2.397,1.873,1.9191
0.012,-0.024902,0.019043,1.375732,3.418274,-2.210022,0.436554,3.198029038305753,1.6954252282109972,0.22325042856028796,1.3473976536669825,-0.29266869293235964,72.17099127380051,2.397,1.873,1.9191
0.0121,-0.019043,-0.014404,1.330566,-1.18988,0.017761,1.87088,3.19878352444521,1.695007586425384,0.22320983081347764,1.3107832847342633,-0.2871338469349514,72.15572749720808,2.397,1.873,1.9191
0.0119,-0.035889,-0.119141,1.326416,-1.769714,0.841736,2.75589,3.2017774309240656,1.6925651774906498,0.2230995957680556,1.2002071934845338,-0.2621325435376423,72.03612694948252,2.397,1.873,1.9191
0.0126,0.000977,0.023438,1.278564,2.899475,0.109314,0.192413,3.2018684863572533,1.692713962750179,0.223151793555624,1.241222309062109,-0.26824205952643404,72.04527231537205,2.397,1.873,1.9191
0.0112,0.016846,0.067627,1.348633,0.030823,0.170349,0.009308,3.2012063910677946,1.6935414517433245,0.22326581625248576,1.273144779224409,-0.28279928898400575,72.09675256681024,2.397,1.873,1.9191
0.0122,-0.004395,-0.011719,1.252441,-0.518494,-0.684143,-2.493134,3.202065706375967,1.692973544990407,0.22329232692281362,1.2473837957934715,-0.29432801603245945,72.0330669304397,2.397,1.873,1.9191
0.0121,0.083008,0.082031,1.341797,2.594299,0.353455,-6.429901,3.2022108826105518,1.6933527743460213,0.22367922816617863,1.3195454712869108,-0.34543788897542393,72.01481705938694,2.397,1.873,1.9191
0.0124,0.036377,-0.00293,1.327148,-0.94574,-0.134827,-3.957977,3.203489895663561,1.6925606688338564,0.22386951786726617,1.2942500057068922,-0.37441500305111747,71.94065889586618,2.397,1.873,1.9191
0.0112,-0.034424,-0.077637,1.274658,-1.159363,0.200867,-1.455536,3.2052747248605464,1.6910363563712598,0.22375844184044974,1.218036418607774,-0.3553300341083257,71.82682820949701,2.397,1.873,1.9191
0.012,0.01416,0.017578,1.326416,1.678772,-0.623108,-0.631561,3.2056808190379917,1.6908828865095418,0.22385180968955198,1.2382339335751102,-0.3767553301228434,71.81701696402666,2.397,1.873,1.9191
0.0121,0.02832,-0.006348,1.314941,-0.732117,-0.226379,2.023468,3.2068262251080895,1.6901451550901943,0.2240024622051235,1.2141137864379754,-0.4031157445417304,71.81481305494891,2.397,1.873,1.9191
0.0125,0.017334,-0.058105,1.299316,0.274963,0.53656,0.74173,3.208882913458099,1.6885740605077668,0.22410762418630994,1.1689615647572498,-0.4130518006038598,71.74839950316182,2.397,1.873,1.9191
0.0115,0.041992,0.015625,1.35376,1.83136,1.360535,-1.241913,3.2097426338157797,1.6881099097729706,0.22430178537929277,1.189219703768641,-0.42740207370536787,71.7276231042453,2.397,1.873,1.9191
0.0121,0.016602,-0.02832,1.308838,-0.1828,0.841736,0.650177,3.211073256037316,1.687124679749502,0.2243988531034556,1.1583186260095115,-0.4327903219433323,71.6912756463232,2.398,1.873,1.9207
0.012,-0.009033,-0.021973,1.292236,0.732727,0.383972,1.291046,3.2118307927274743,1.686538021558993,0.2243929563710414,1.1425003760290662,-0.42761199669487293,71.6719689325771,2.398,1.873,1.9207
0.0121,0.007324,0.045654,1.334473,1.526184,-0.501038,1.901398,3.2115089831772714,1.6869244787513253,0.2244480403647123,1.1791095699393415,-0.44284773447553294,71.71898829252895,2.398,1.873,1.9207
0.0122,-0.019531,-0.013184,1.307617,-0.610046,0.383972,2.725372,3.2118978317791926,1.6866052095756658,0.22440049161337858,1.1526675450929837,-0.4311435028028389,71.72762246246512,2.398,1.873,1.9207
0.0121,0.003906,-0.014404,1.306885,0.335999,0.53656,0.619659,3.212680602288108,1.686028609227857,0.2244442983422039,1.137395251221344,-0.4320198878107974,71.70703301935443,2.398,1.873,1.9207
0.0119,0.031006,0.0354,1.328613,0.580139,0.445007,-0.601044,3.2129373970494113,1.6859951700335694,0.22458659854150362,1.156517832843501,-0.4500624541719206,71.71170871461334,2.398,1.873,1.9207
0.0123,-0.023193,-0.01123,1.306396,-0.365906,0.231384,0.314484,3.213200693335797,1.6857729956682566,0.22452629320016962,1.134796525828139,-0.4372098799469956,71.6945936465029,2.398,1.873,1.9207
0.0121,-0.015137,0.006348,1.310059,0.793762,-0.073792,-0.570526,3.2132623956667894,1.685751847911902,0.22449695525271676,1.1385146938512731,-0.4329706663093734,71.68079678213572,2.398,1.873,1.9207
0.0134,0.003174,0.011963,1.326416,0.885315,-0.531555,-0.082245,3.2135089091110136,1.6856378265835177,0.22453397863324095,1.1478283849105058,-0.44634478510681863,71.67485254636028,2.398,1.873,1.9207
0.0103,-0.008057,-0.044678,1.306152,0.06134,0.109314,0.406036,4.947678769319317,-1.19558556730003,0.013554486368398686,1.5454580310325625,-1.2312859342897695,59.75771464976927,2.398,1.873,1.9207
0.0125,0.016602,-0.006836,1.318604,1.373596,0.53656,-0.662079,4.947704458832552,-1.195542679965612,0.013557297970168088,1.5445863930136077,-1.2300287276569217,59.74488194538539,2.398,1.873,1.9207
0.0109,0.027344,0.021729,1.328125,0.335999,0.292419,-0.02121,4.94772687280955,-1.1955051282008213,0.013562758564721158,1.5473400079499826,-1.2386470361391109,59.74479539175901,2.398,1.873,1.9207
0.0126,0.002197,-0.007812,1.311279,-0.1828,0.445007,0.528107,4.947749282506737,-1.1954672765115533,0.01356212999444458,1.5262849242417087,-1.2302844267885582,59.746671196405245,2.398,1.873,1.9207
0.0122,0.009521,0.024902,1.310059,0.885315,0.322937,-0.387421,4.9477708247171055,-1.1954303943178985,0.01356365174765153,1.5385033176514404,-1.2277330023778452,59.742422309045565,2.398,1.873,1.9207
0.012,-0.001709,-0.005371,1.311768,-0.06073,0.322937,0.283966,4.947789049021145,-1.1953994954567297,0.013562068081125393,1.5206659197014183,-1.218777075900427,59.741472064624986,2.398,1.873,1.9207
0.0114,-0.02124,-0.03833,1.313965,0.244446,0.719666,0.650177,4.947806268091408,-1.195370320327877,0.013555717825019615,1.486567246319376,-1.1941309689122026,59.73938946039887,2.398,1.873,1.9207
0.012,-0.032227,-0.009521,1.338379,0.580139,-0.409485,1.352081,4.9477996917082665,-1.1953807445297606,0.013546588532433547,1.4741917428060964,-1.176584076913687,59.75034441113211,2.398,1.872,1.9288
0.012,-0.048828,-0.036133,1.250488,-0.335388,7.46405,18.594513,4.947505857943922,-1.195883605465337,0.0135222491201792,1.429961158432059,-1.0599636782427098,59.965141922235155,2.398,1.872,1.9434
0.012,-0.417969,-0.221191,1.088135,-3.08197,-14.356018,30.98465,4.94781410742443,-1.195338084834147,0.013434428198070055,1.2334676575912096,-0.9753543240884283,60.2946043673593,2.397,1.873,1.9514
0.0123,0.239502,-0.169189,1.410156,-0.610046,4.839539,23.324738,4.948025567160796,-1.194983491455732,0.0134862020908449,1.1195721815891695,-1.0483823103298773,60.54061637986479,2.397,1.873,1.9531
0.0121,0.051025,-0.013916,1.592529,2.350159,6.640076,30.832062,4.947916709418784,-1.195178894681161,0.013489754291746404,1.1245594527049552,-0.9973300908132982,60.908318508229335,2.397,1.873,1.9612
0.0121,-0.393555,-0.36377,1.106201,0.671692,-4.010559,37.057648,4.947681512623663,-1.1955916482047675,0.013396385709595934,0.894266912223117,-0.8165198246765976,61.29088186967422,2.398,1.873,1.9693
0.0119,0.123047,0.046143,1.458984,2.289124,0.078796,42.489777,4.947652583983581,-1.1956496937247498,0.013417696853351797,0.9318973134754766,-0.8880825534848825,61.7979499635723,2.398,1.873,1.9757
0.012,-0.055176,-0.26123,1.372559,1.526184,-1.386047,57.44339,4.947634088290527,-1.1956885977720129,0.013406001812663361,0.7858006429401247,-0.8842457350643826,62.42735877680398,2.398,1.873,1.9919
0.012,0.055176,-0.145508,1.364014,3.631897,2.153992,60.5867,4.947603668941289,-1.1957542262021217,0.013415352833686816,0.7287639233471339,-0.8990610079030253,63.11279675576971,2.398,1.872,2.0033
0.0121,-0.093018,-0.186768,1.248047,-1.098328,-3.705383,72.18338,4.947559361214281,-1.1958414510326247,0.013395633930409807,0.5809951035445349,-0.8970077299283103,63.943921904342865,2.398,1.872,2.013
0.0125,-0.01416,-0.147949,1.247314,0.580139,1.787781,74.136505,4.947577073460679,-1.19580906183201,0.01339459922837416,0.47783251003715804,-0.875115269451175,64.82865283297862,2.397,1.873,2.0308
0.0112,0.029541,-0.081299,1.377441,4.455872,0.53656,78.805695,4.947619185672189,-1.1957239338164403,0.01340210253744354,0.4649438903765568,-0.892496969611693,65.68565139775504,2.398,1.872,2.0454
0.0125,-0.025391,-0.131348,1.326172,2.197571,0.841736,83.719025,4.947607088329073,-1.1957533539408574,0.013398491312077382,0.3962208660546744,-0.875027262181981,66.69943566922956,2.398,1.872,2.068
0.0116,-0.017822,-0.091553,1.269287,1.526184,-5.811096,88.144073,4.947655859349081,-1.1956421803548543,0.013398231879482941,0.3396518046184718,-0.9376687532340757,67.69762406040557,2.397,1.873,2.0826
0.0121,0.068115,-0.12915,1.414551,6.439514,1.54364,89.82254,4.947668239782396,-1.195621606079916,0.013412469904563771,0.3268503417702994,-0.9615304651162033,68.74340906461227,2.397,1.873,2.0988
0.0122,-0.043701,0.028564,1.349854,4.425354,2.184509,89.547882,4.9476622457533885,-1.1956322342973162,0.013403286160092282,0.378262230409491,-0.914887707587884,69.84944490902299,2.397,1.873,2.1198
0.0118,0.005371,-0.078857,1.101074,0.915833,1.604675,92.59964,4.947690200115231,-1.1955612576069854,0.01340855015606052,0.3149503045787401,-0.9078166744648675,70.9163459242684,2.397,1.873,2.136
0.0119,0.049316,0.010254,1.324463,5.920715,0.200867,91.195831,4.947662186370196,-1.1956460203122647,0.013415471918091592,0.3730503051255691,-0.9398981220097528,71.9973726359888,2.397,1.873,2.1619
0.0121,0.017578,0.059814,1.164795,4.089661,-5.26178,96.841583,4.947721495831169,-1.19546145235058,0.013419835364285896,0.44166207365156657,-1.0224489473413678,73.18200764022414,2.397,1.873,2.1765
0.0123,0.029053,-0.087646,1.364014,0.610657,1.42157,94.796906,4.947766238148564,-1.1953213272188647,0.013429965556640597,0.37627388175559806,-1.028061965833646,74.32478350364981,2.397,1.873,2.1927
0.0113,0.037109,0.011963,1.386719,3.326721,-5.902649,97.787628,4.947783632310389,-1.1952617017984755,0.013436004286988422,0.39851980272521315,-1.119622494599301,75.42735800497069,2.397,1.873,2.2202
0.012,-0.039062,-0.038574,1.332764,3.906555,-2.515198,96.292267,4.947825508880194,-1.1950991369314163,0.013433104593169466,0.3980620131318418,-1.1317895546585055,76.5800259286456,2.397,1.873,2.2364
0.0122,0.05835,0.003418,1.432373,2.502747,-1.111389,94.125519,4.947842223934375,-1.1950343222868587,0.013442577513447072,0.40576959863099626,-1.1808335724877317,77.72211288729632,2.397,1.873,2.2607
0.0118,-0.010498,-0.023926,1.261719,3.662415,-3.857971,94.461212,4.947861150465754,-1.1949480068175837,0.013442675763594486,0.4090476282780029,-1.2241087698276272,78.83330128865722,2.397,1.873,2.2769
0.0123,0.012451,0.022705,1.384521,4.211731,-0.012756,91.317902,4.947881120128988,-1.1948452911833225,0.013444662239962251,0.44759897898494955,-1.23485821116897,79.95987992091702,2.397,1.873,2.2915
0.0121,0.037842,0.011719,1.471924,1.190491,1.909851,90.493927,4.947890002533434,-1.1947977859303338,0.013449626722242352,0.4425762073529219,-1.235099097367119,81.05341631671375,2.397,1.873,2.319
0.0123,0.050049,-0.025879,1.270264,1.404114,3.893494,88.479767,4.947858156973248,-1.1950110893743717,0.01345415798854701,0.4190797180459888,-1.2225276221065517,82.13129160745541,2.397,1.873,2.3336
0.0123,0.041992,0.050781,1.191162,1.251526,-1.172424,86.862335,4.947847855016162,-1.1950838948195328,0.013455983728454959,0.44340185044327757,-1.2685271296457479,83.20522088055905,2.397,1.873,2.3546
0.012,0.067871,0.038086,1.235352,0.580139,0.750183,86.160431,4.94783637370379,-1.195185210625768,0.013461705933847868,0.4498990391395907,-1.3057998983209385,84.23931487392407,2.397,1.873,2.3692
0.0115,0.043213,0.013672,1.357666,1.800842,-1.141907,87.68631,4.947825843436523,-1.1952939908536937,0.013463597593623328,0.4532399164431289,-1.345957876190292,85.24612630208293,2.397,1.873,2.3854
0.0122,-0.012695,-0.077637,1.305908,0.94635,-1.569153,87.503204,4.9478280329926445,-1.195282597347111,0.013465690535563934,0.39130233407424403,-1.360249287103756,86.30295858412977,2.397,1.873,2.4096
0.0122,0.042725,-0.02832,1.349854,1.159973,0.902771,85.733185,4.947824478177249,-1.1953561615897568,0.013470606307258446,0.3629803424472258,-1.3750032421933795,87.34101630183171,2.397,1.873,2.4242
0.0113,0.065918,-0.024902,1.293213,2.594299,-1.050354,88.418732,4.947825759371791,-1.1953624583449234,0.013480564816817513,0.3521372292490706,-1.4267927715602842,88.33000937441773,2.397,1.873,2.4453
0.0122,0.099609,-0.007324,1.306396,3.113098,0.750183,85.885773,4.947824976474392,-1.1954484295197454,0.01349167945752298,0.3586647818184647,-1.476667385729723,89.36736287315713,2.397,1.873,2.4598
0.0121,0.068115,-0.003418,1.267822,1.861877,-1.752258,85.489044,4.947825021561025,-1.1955395250672076,0.01349782597402027,0.35133549995367147,-1.5389771198054274,90.39476844414317,2.397,1.873,2.4728
0.0121,0.049561,-0.020996,1.2771,3.815002,3.161072,82.467804,4.947825844202297,-1.19550370040313,0.01350581249434495,0.3571381427721969,-1.5301340173385753,91.38626179612805,2.397,1.873,2.4987
0.0122,0.043701,0.034424,1.395508,3.143616,-2.942444,84.726105,4.947825671351089,-1.1955035191679342,0.013507180823266636,0.38539886924453665,-1.5884366764388014,92.42039369702096,2.397,1.873,2.5133
0.0121,0.028564,-0.043945,1.23584,1.282043,2.276062,83.230743,4.947829164424181,-1.1955584942608364,0.013511646697598061,0.3445594514160175,-1.578244075837433,93.4210906328124,2.397,1.873,2.5311
0.0121,0.056641,-0.008057,1.338379,3.479309,-0.073792,81.613312,4.947834273771689,-1.1956312379512632,0.013515670322251936,0.35366364006775086,-1.6097881464459283,94.40361139044464,2.397,1.873,2.5473
0.0118,0.040283,0.029053,1.345459,2.899475,-0.775696,84.390411,4.94783591130767,-1.1956545962958216,0.01351602033162991,0.37543467464566166,-1.639687256634357,95.39947316757181,2.397,1.873,2.5635
0.0116,0.081543,-0.037842,1.314941,1.037903,-0.073792,81.521759,4.947833718054911,-1.195614874461046,0.013528362162575839,0.3371169440472484,-1.6857548706423349,96.33539505916056,2.397,1.873,2.5829
0.012,0.03833,-0.04248,1.29834,4.211731,-0.745178,77.432404,4.947848091877854,-1.19573463186899,0.013531126676931206,0.33386752593059077,-1.7141218532989582,97.25920076885107,2.398,1.873,2.5975
0.0123,0.096191,0.060059,1.408691,4.120178,-0.714661,80.209503,4.947828507837996,-1.1955819223040656,0.013539864770650435,0.3866617167743696,-1.7711922491574028,98.2414229583186,2.397,1.873,2.6201
0.0121,0.088135,-0.054199,1.208984,2.289124,-0.226379,80.484161,4.947803754296874,-1.1953972698124251,0.013559801339653607,0.3486439872420946,-1.8272626091254613,99.20414861121782,2.397,1.873,2.6315
0.012,0.041504,0.042969,1.372803,3.418274,3.069519,79.293976,4.947824350323317,-1.195527201471657,0.01355484122681975,0.38266225799821935,-1.809048615526021,100.15542345580474,2.397,1.873,2.6444
0.0122,-0.067627,-0.02002,1.304443,3.509827,-6.085754,81.247101,4.94780132661945,-1.1954011579480073,0.013551061617418524,0.3801733795856315,-1.8390831596171728,101.15612379155401,2.397,1.873,2.6687
0.0119,0.10083,-0.06958,1.25415,3.631897,1.696228,80.11795,4.947806056054421,-1.1954138423908867,0.013566437364101258,0.3490788615759475,-1.8769660693349055,102.09799940397477,2.397,1.873,2.6816
0.0121,0.072754,0.020996,1.321045,4.211731,-2.118469,80.941925,4.947826470324503,-1.195508402235108,0.013567242125961202,0.3788843175506123,-1.9396696372028384,103.07154917115002,2.397,1.873,2.6995
0.012,-0.004639,-0.045166,1.240967,4.73053,0.139832,81.308136,4.947781162919988,-1.1953102573432537,0.013575878582867146,0.37303009987565106,-1.9307156990618672,104.05040526300238,2.397,1.873,2.7156
0.0113,-0.000244,-0.032715,1.452393,3.631897,0.597595,84.0242,4.947745998557088,-1.1951681266951928,0.013581368466599394,0.3630860169917003,-1.9178182423303087,105.00285328168832,2.397,1.873,2.7286
0.0123,0.046387,-0.057861,1.307373,3.906555,2.947449,83.841095,4.947772991517491,-1.195263821498743,0.013586042233505414,0.34151832993385495,-1.9045937923964487,106.03123299557375,2.397,1.873,2.7513
0.0119,0.072754,0.000244,1.301025,4.73053,1.726746,85.305939,4.947778456059222,-1.1952811196437032,0.013590899899892754,0.3633334711502334,-1.922223414176392,107.04033662964643,2.397,1.873,2.7675
0.0121,0.027832,-0.032959,1.204834,3.540344,-1.508118,86.953888,4.947738610456963,-1.1951485783111513,0.013599979243872917,0.34860096914547456,-1.9541732074342673,108.09190633049984,2.397,1.873,2.7885
0.0118,0.064453,-0.058105,1.351807,5.127258,1.055359,86.343536,4.9477091291731545,-1.195054015041493,0.0136125505190884,0.3400378248933811,-1.9729448373470992,109.10714804737938,2.397,1.873,2.8031
0.0125,0.046631,0.000244,1.306885,5.73761,0.933289,87.350616,4.947768680038617,-1.195225250631386,0.013608873227565248,0.3732027995653276,-1.983662608954144,110.19620006068176,2.397,1.873,2.8177
0.0124,-0.009033,-0.03833,1.297852,4.547424,2.245544,87.381134,4.947769348902513,-1.1952256398402683,0.013609970165858146,0.3679991033983144,-1.9460742174406218,111.28588849205997,2.397,1.873,2.8419
0.012,0.114258,-0.001221,1.303223,4.516907,1.146912,86.984406,4.947733166708,-1.1951308626251052,0.013621926425665488,0.38490561987452915,-1.99473292199732,112.31821987543583,2.397,1.873,2.8581
0.012,0.026855,-0.012939,1.443359,5.61554,2.977966,88.174591,4.947701646361125,-1.1950533775329804,0.013626431484780724,0.4068888490967896,-1.9680893719611414,113.37764785130618,2.397,1.873,2.8792
0.0121,0.019043,0.021729,1.269531,4.211731,3.374695,85.855255,4.947701197427196,-1.1950531487377143,0.013624685275658212,0.4341161564023871,-1.9349926216363948,114.41604353551631,2.397,1.873,2.8937
0.012,0.0271,-0.02002,1.309326,2.71637,2.42865,85.336456,4.947771178911398,-1.195206309247625,0.013621719185390069,0.41868659453735946,-1.918301987498131,115.44142801472319,2.397,1.873,2.9067
0.0112,0.002686,-0.019287,1.257812,4.669495,-2.48468,84.512482,4.947769194054235,-1.1952014940893445,0.01362274745250272,0.4253770118422616,-1.9435966027330032,116.39193728661898,2.397,1.873,2.9294
0.0118,0.056152,-0.000488,1.342041,4.211731,0.353455,83.169708,4.947732801365673,-1.195127630693025,0.013628460545966583,0.4395642942038612,-1.9671226056063023,117.36989362749549,2.397,1.873,2.9456
0.0259,0.030518,-0.000244,1.313721,2.258606,-0.195862,82.01004,4.947602028820479,-1.1948748137314702,0.013639246837612714,0.4228151217264423,-1.9941874507439914,119.49388807924387,2.397,1.873,2.9682
0.0003,0.024902,-0.02832,1.24707,2.83844,-1.233459,81.552277,4.947600849172637,-1.194871700931805,0.013642800103007197,0.4032263369268609,-1.99860411877193,119.52025412934582,2.397,1.873,2.9828
0.0099,-0.015137,-0.019775,1.362061,3.296204,-1.996399,81.918488,4.94756464072588,-1.1948074197466128,0.013644792915503873,0.3941847450440017,-2.0024070903984366,120.33827221699701,2.397,1.873,2.9974
0.0124,0.024658,-0.026611,1.283936,1.556702,-4.987122,81.704865,4.947530945525963,-1.194748974920619,0.013650083200073392,0.35992100025907997,-2.073218365180108,121.35342413767111,2.397,1.873,3.0168
0.0121,0.064697,-0.022705,1.279053,2.685852,-0.34845,80.972443,4.947594628694071,-1.1948525200004423,0.013650911170874754,0.3420035826070388,-2.1101235349378555,122.32928038587617,2.397,1.873,3.0298
0.0124,-0.035889,0.005859,1.403564,4.028625,2.581238,80.941925,4.947624161675603,-1.1948996315056049,0.01364493169599345,0.35723309167924877,-2.050204653479731,123.34180235110236,2.397,1.873,3.0524
0.0121,-0.026123,-0.011719,1.358398,2.0755,2.825378,79.355011,4.947554532920473,-1.1947937723442594,0.013647746405358537,0.34029633638008067,-1.9938900224840492,124.3103181155869,2.397,1.873,3.0686
0.0111,0.04541,-0.004883,1.218262,2.807922,3.222107,80.209503,4.947592313050282,-1.1948488170084908,0.013647770576503335,0.336967632004539,-1.981227526936058,125.19795579470653,2.397,1.873,3.0848
0.0121,0.067627,-0.012451,1.404541,4.059143,1.330017,79.568634,4.947690360337694,-1.1949873200195515,0.013645459465232955,0.34479849405728136,-1.9958936221077654,126.15711609838144,2.397,1.873,3.1026
0.0122,0.065186,-0.001709,1.159424,1.251526,-2.393127,79.080353,4.947708543297129,-1.1950119275629016,0.013647493182476374,0.32478374223087614,-2.0630171826382635,127.11505815070291,2.397,1.873,3.1156
0.0118,0.032227,-0.058105,1.197266,0.82428,-8.130432,82.803497,4.947720710261685,-1.1950267745561507,0.013653314089300742,0.2602194972801759,-2.172227307509783,128.09638565307475,2.397,1.873,3.1301
0.012,-0.037109,-0.089844,1.244629,3.570862,-15.729309,84.66507,4.947689620194254,-1.1949856129156178,0.01366059393091902,0.2061559063980912,-2.3271216195411637,129.13421576064846,2.397,1.873,-3.1304
0.0124,0.085205,-0.03125,1.171631,3.387756,-22.076965,88.845978,4.947658981623102,-1.1949473072941543,0.013668872731435164,0.18106608608358787,-2.643533707513942,130.22330498839716,2.397,1.873,-3.1158
0.0116,-0.010498,-0.106689,1.101807,2.319641,-36.389709,93.118439,4.947546243889748,-1.1948121214966814,0.013685807843883617,0.07980894498298881,-3.0401775944803435,131.3314228584666,2.397,1.873,-3.0964
0.0121,0.00293,-0.100098,0.85083,4.150696,-60.346008,93.393097,4.947354914236779,-1.1945924166515145,0.013712649413723816,-0.025620478406927667,-3.7490430887714443,132.49402397739337,2.396,1.873,-3.0834
0.012,-0.010498,-0.02832,0.924561,5.98175,-76.886536,98.611603,4.947135171800379,-1.1943521378003772,0.013732536619173305,-0.061403138810126025,-4.625955147763043,133.7295150148122,2.396,1.873,-3.0689
0.0124,0.04541,-0.00708,0.9375,4.547424,-89.246155,96.414337,4.946738679571901,-1.1939377007703338,0.013777906086834194,-0.11451827091699456,-5.7201806903950345,134.94533355331555,2.395,1.873,-3.0494
0.0123,-0.047607,0.030029,1.1604,10.589905,-60.742737,90.005646,4.946042428644507,-1.1932422996066607,0.013861791063130796,-0.07986555172251618,-6.377219638545357,136.1868654178097,2.394,1.873,-3.0349
0.0119,0.469482,0.525879,3.72998,12.085266,-24.823547,89.303741,4.94541348945769,-1.1926402071962823,0.013945348915645429,0.052995756263122466,-6.698853561478543,137.19806506292352,2.393,1.873,-3.0057
0.0121,-0.323242,0.074219,-0.298584,6.470032,34.197449,84.634552,4.945765151322134,-1.1929811157242127,0.013817975231655446,0.1304679525915199,-5.864607901936556,138.87852550482538,2.394,1.873,-2.9879
0.0118,0.080811,-0.114746,-0.136719,8.514709,7.311462,81.979523,4.9466023906511385,-1.1936993671178402,0.013796230801644055,-0.23612361278421107,-6.132583014429857,139.5183032957369,2.395,1.873,-2.9733
0.0122,0.137207,0.086914,1.108398,15.503235,-16.766907,78.195343,4.947450655793337,-1.1944238354988241,0.01366896270515041,-0.0847099381672487,-6.370838955845223,140.4162067382554,2.397,1.873,-2.9539
0.0114,0.058838,0.043945,1.161621,8.941956,12.041687,75.08255,4.9480568568184555,-1.194925495803473,0.013574875652095987,-0.04390790670417622,-6.215873288057874,141.29385813266666,2.397,1.873,-2.9426
0.0122,0.219971,0.062744,1.806641,2.197571,-13.379456,78.378448,4.948149041983029,-1.1949996178032412,0.013559086264560209,-0.09151588696204636,-6.409126320206274,142.20788979279405,2.397,1.873,-2.9215
0.0123,0.285645,0.043213,1.149414,8.331604,-6.299377,72.610626,4.948487013259531,-1.195262240194518,0.013511815788688828,-0.05469026380662972,-6.607270041319729,142.93307056791113,2.398,1.874,-2.9053
0.0115,0.149414,0.101562,1.449463,12.848206,0.628113,72.366486,4.949036628899291,-1.1956781491785087,0.013424015325243942,0.054243740416376515,-6.6160810474757055,143.7343334623132,2.399,1.874,-2.8908
0.0127,-0.006592,0.049805,0.877441,4.913635,10.668396,68.3992,4.9496556451676375,-1.1961317471311195,0.013326750284940675,0.06422249601433824,-6.421809379403451,144.67521665199433,2.4,1.874,-2.8713
0.012,0.193115,-0.120117,1.625977,5.188293,1.268982,65.347443,4.950046427301474,-1.1964088075925154,0.01328111874527129,-0.016461614324313093,-6.437362419393052,145.43931398434418,2.4,1.874,-2.8584
0.0112,0.327393,-0.136963,1.101074,9.918518,-3.033997,68.307648,4.9505753731166475,-1.1967769352378375,0.013220296351728245,-0.07498218603349718,-6.624268994291567,146.03555547088504,2.401,1.874,-2.8422
0.0127,0.209473,0.053223,1.317627,11.65802,-1.4776,70.077667,4.951043757364964,-1.197095274109955,0.013149078255236948,0.005447541391751493,-6.699359951057952,146.84472413839208,2.401,1.874,-2.8276
0.0113,0.131592,-0.0979,1.2229,5.85968,-8.893372,76.08963,4.951063916219494,-1.1971083777214209,0.013153992511777747,-0.08839195180487161,-6.819797977965751,147.7027426267738,2.401,1.874,-2.8163
0.0125,0.106934,-0.144287,1.016357,9.033508,2.184509,75.784454,4.951028751951074,-1.1970854080335698,0.013172699492976113,-0.19268010353393175,-6.8116325923389995,148.6642020042894,2.401,1.874,-2.7952
0.0122,0.162354,0.131836,1.640869,12.878723,10.11908,70.901642,4.951148186529943,-1.1971597392124242,0.013146990362248506,-0.07127578362120925,-6.697021152771873,149.49741569966974,2.401,1.874,-2.7839
0.0114,0.150635,0.017578,1.436035,7.232971,4.595398,72.397003,4.951334611331698,-1.1972706733353937,0.01311940526010079,-0.0717586779672735,-6.661188393406433,150.3006022832928,2.401,1.875,-2.7645
0.0121,0.101562,-0.109375,1.315674,6.927795,1.879333,70.993195,4.951454483430384,-1.1973378771902663,0.013111081368753571,-0.14928161977161902,-6.636341745536094,151.1887697430995,2.401,1.875,-2.7515
0.0124,0.166016,0.077393,1.223877,10.315247,1.268982,70.443878,4.951430165223068,-1.1973276585942474,0.01310633984767755,-0.0683914452522211,-6.6593145488321355,151.99647052043503,2.401,1.875,-2.737
0.0122,0.157227,-0.009277,1.286865,8.545227,1.513123,74.472198,4.951416016693858,-1.19732177031458,0.013107376970051701,-0.0710799662986771,-6.671040985841975,152.87232317808247,2.401,1.875,-2.7175
0.0111,0.04541,-0.087158,1.248779,8.911438,2.947449,73.037872,4.9514629088768185,-1.1973430531130311,0.013108419737783863,-0.1188661929150203,-6.606879254493606,153.74756718657298,2.401,1.875,-2.7046
0.0121,0.029785,-0.022217,1.393311,9.613342,2.672791,76.028595,4.951411799484926,-1.1973152849028297,0.013117642215909593,-0.11892256286881374,-6.530178174552212,154.73029118722545,2.401,1.874,-2.6835
0.0119,0.067627,-0.056641,1.317383,9.002991,-2.698303,78.500519,4.951277006422688,-1.1972500466179874,0.01313883302768864,-0.14930995536747552,-6.540852978918563,155.70628971314116,2.401,1.874,-2.6706
0.0267,0.107666,-0.045898,1.215332,8.301086,-0.134827,78.714142,4.9510840004337835,-1.1971629854658419,0.013165532904235638,-0.19400951715753206,-6.547661867493745,157.82019593423416,2.401,1.874,-2.656
0.0003,0.086182,-0.047607,1.34082,8.392639,1.268982,80.209503,4.951081430054287,-1.1971609910529557,0.013168754872265138,-0.21829358812658875,-6.536806657106938,157.86574081485338,2.401,1.874,-2.6366
0.0091,0.083252,-0.080322,1.423096,10.132141,4.625916,81.88797,4.951034717874959,-1.1971405870449643,0.013179303805010837,-0.2519902823189484,-6.477554624467055,158.6477433385378,2.401,1.874,-2.622
0.0123,0.082764,-0.03125,1.385742,8.209534,3.710388,80.240021,4.951045514253686,-1.1971439105900594,0.013179775594354348,-0.2755622748669638,-6.414517485259345,159.6606437936013,2.401,1.874,-2.5993
0.0121,0.037109,-0.002197,1.142334,7.232971,0.261902,83.65799,4.950875124549483,-1.1970791332370778,0.01320086461491462,-0.2977308322872137,-6.374394227741967,160.71502840178817,2.401,1.874,-2.5831
0.0126,0.094238,-0.066162,1.351074,9.064026,0.353455,85.244904,4.950827781807583,-1.1970619224198464,0.01320990660388607,-0.336721879771043,-6.360038053131627,161.81223682400451,2.401,1.874,-2.5702
0.0114,0.065674,0.049805,1.248291,9.826965,-3.339172,83.078156,4.950767814883434,-1.1970417540654532,0.013213866527346551,-0.29250483380568976,-6.374888009444906,162.77282772630227,2.401,1.874,-2.5508
0.0115,0.09668,-0.033203,1.318115,6.958313,0.109314,87.381134,4.950576811904532,-1.196982298337244,0.013237574448797269,-0.33851144688271567,-6.366577175422791,163.79056234662016,2.401,1.874,-2.5362
0.0124,0.104004,0.01001,1.374023,9.399719,2.855896,82.132111,4.950706931543601,-1.1970202576316793,0.013221329285544257,-0.3229754670847823,-6.325045579056971,164.81091989780975,2.401,1.874,-2.5119
0.0124,0.046387,0.017334,1.327393,9.064026,-0.501038,83.65799,4.950646490192618,-1.1970024984853067,0.013227978877630617,-0.30967608223270815,-6.294781819765948,165.8831123011561,2.401,1.874,-2.4957
0.0123,0.116699,-0.101074,1.258057,6.195374,1.268982,86.221466,4.950801260319741,-1.1970415548558928,0.01321473331232075,-0.4068333375710461,-6.287880062650354,166.95344539127575,2.401,1.874,-2.4828
0.0111,0.05542,-0.011719,1.221436,11.261292,-5.902649,83.688507,4.95093475460969,-1.1970712345748973,0.0132006955931603,-0.3858879918669407,-6.325048570020179,167.91350665100913,2.401,1.874,-2.4633
0.0121,0.204346,0.101562,1.194824,9.735413,-0.531555,86.557159,4.950913798623601,-1.1970715051422325,0.013193629122301844,-0.3085288618464521,-6.393953591178442,168.86398843026137,2.401,1.874,-2.4471
0.0121,0.074707,-0.059082,1.520264,7.324524,-0.501038,86.435089,4.950954248021567,-1.1970779338669422,0.013192052926472965,-0.36282827862303474,-6.373171141371049,169.94923029299406,2.401,1.874,-2.4342
0.012,0.057129,0.02002,1.222656,9.247131,1.757263,81.216583,4.950830238606008,-1.197055051451707,0.013205563314466984,-0.3410797101192053,-6.324768914594031,170.94530305061113,2.401,1.874,-2.4083
0.0122,0.189453,-0.005615,1.449463,8.301086,4.534363,84.298859,4.950927477545268,-1.1970728371059323,0.013192291966377497,-0.34846742782716417,-6.304092108386363,171.93496197579515,2.401,1.874,-2.3937
0.0118,0.069092,-0.019775,1.241699,9.033508,1.757263,79.202423,4.951101086479209,-1.1970965573424015,0.013174100645761948,-0.3513184787253777,-6.264191658428204,172.89173175997476,2.401,1.875,-2.3759
0.0117,0.088135,0.058594,1.254883,9.277649,1.452087,82.01004,4.950962630898183,-1.1970797593816027,0.01318643883762615,-0.3040501736535762,-6.238237416654367,173.84267046540884,2.401,1.874,-2.3613
0.0128,0.200439,0.030273,1.310547,9.064026,4.259705,78.408966,4.951192902143512,-1.1971083534251683,0.01315605071028396,-0.271004047077716,-6.236657510919518,174.78343954478993,2.401,1.875,-2.3468
0.0124,0.001953,0.028809,1.279297,8.88092,-1.202942,77.371368,4.951264425044301,-1.1971121073905293,0.013149889935063951,-0.24376313692546714,-6.192483360694455,175.79346589278134,2.401,1.875,-2.3241
0.0111,0.108887,-0.08374,1.155518,8.514709,4.534363,77.310333,4.9512261436144005,-1.197109361989387,0.013156259330710915,-0.29290192006044885,-6.156622738521954,176.6610706447972,2.401,1.875,-2.3111
0.012,0.176025,0.036621,1.466553,7.324524,0.109314,74.19754,4.951341084107154,-1.197118614223933,0.013140165225389333,-0.2742930777771492,-6.184276912640835,177.51241946366247,2.401,1.875,-2.2933
0.0118,0.093018,0.038818,1.145752,8.63678,-4.681946,78.317413,4.9511951691626885,-1.1971133087762378,0.01315365466625763,-0.23956849924671905,-6.241118113303464,178.42126762940345,2.401,1.875,-2.2788
0.0123,0.086914,-0.089844,1.294189,8.789368,-14.874817,82.376251,4.948471534616504,-1.1970381536339425,0.013454696713781569,-0.2939287643311987,-6.414000846018887,179.47096438951837,2.401,1.874,-2.2642
0.0116,0.418701,-0.011963,0.644775,5.157776,-5.139709,86.190948,4.9450848830118055,-1.1969921608590026,0.013846596279099193,-0.33744136243273226,-6.796832741587585,-179.85833738205193,2.398,1.871,-2.2367
0.012,0.359863,-0.081299,1.779785,11.230774,-13.440491,87.350616,4.941660870810151,-1.1969925880919623,0.014263522440580661,-0.3551982659902049,-7.034803335789267,-178.87884414891292,2.397,1.869,-2.2156
0.0126,0.25293,-0.021973,1.17627,8.850403,-20.276428,89.395294,4.938280175284426,-1.1970407608395186,0.014692966117944566,-0.3879571196845268,-7.373387966096454,-177.84872122227722,2.394,1.866,-2.193
0.0121,0.445801,-0.087402,1.209229,6.134338,-32.60553,92.72171,4.934448264030732,-1.1971327571076265,0.01522443430739311,-0.4973276976226743,-7.939884651711506,-176.92681983008634,2.392,1.863,-2.1784
0.0113,0.455078,-0.085693,0.620361,10.254211,-90.100647,84.542999,4.929733919373649,-1.1972260512120707,0.015960479799697887,-0.5705453040431221,-9.273508630427928,-176.42921446920755,2.39,1.86,-2.1671
0.0121,0.686279,0.22583,0.668457,3.692932,-10.022522,88.662872,4.924348228628946,-1.1972409897177176,0.016915226985820167,-0.5038055927993915,-9.752043090792771,-176.102128499666,2.387,1.855,-2.1444
0.0122,1.564209,1.181641,0.22583,25.024719,-21.314026,88.998566,4.919422902631233,-1.1970603537992415,0.017831315570747058,0.031185064941021162,-10.41258609854081,-176.03892012097324,2.385,1.852,-2.1298
0.0123,-0.224121,0.515625,1.145996,7.660217,6.670593,92.172394,4.914906689545454,-1.1974213569908538,0.018558365552668574,0.2163506272648804,-10.129393060340844,-174.8378593468056,2.382,1.847,-2.1088
0.0121,0.07251,-0.334229,0.665039,6.592102,36.45575,96.475372,4.908423027758698,-1.198258608054554,0.019794095373925454,-0.25022991091715746,-9.706130768997111,-173.29222546417668,2.379,1.842,-2.1007
0.0121,0.346436,-0.251709,0.049316,22.308655,-11.029602,95.285187,4.901151092546278,-1.1988078496355115,0.021350378772763263,-0.5024629118461701,-10.29197318655809,-172.413135316365,2.376,1.837,-2.0942
0.0137,0.961426,0.108643,3.260254,17.975159,15.398621,84.359894,4.895861528235813,-1.1992812635315728,0.022359128866978523,-0.4204228467862622,-10.173457001521049,-171.46440528141386,2.373,1.832,-2.0699
0.0101,0.309326,-0.12915,1.809082,9.369202,-15.790344,94.918976,4.892025857661187,-1.1998602434239938,0.02308224307600732,-0.5465917064961706,-10.35206260540986,-170.479978167204,2.371,1.829,-2.0553
0.0121,0.353271,0.0625,0.436523,13.000793,7.46405,94.033966,4.8837462908894205,-1.2003463507842398,0.024767267142740464,-0.468659833361122,-10.569493163473675,-170.00816935118064,2.368,1.822,-2.044
0.012,0.113281,0.020996,1.542969,16.113586,0.872253,102.731476,4.8769947334486154,-1.2016283865527937,0.02601487824477489,-0.490641346059837,-10.505711488748343,-168.69562421696017,2.365,1.816,-2.0375
0.0122,0.255859,-0.177246,0.565186,13.763733,19.94574,83.90213,4.870672580235787,-1.2026921954458043,0.027426280590338897,-0.6902168618703437,-10.450648252587692,-167.74670874691165,2.363,1.812,-2.0294
0.0115,0.543457,0.442627,1.890137,9.155579,13.659119,83.01712,4.864735150066323,-1.203305004219746,0.02852375757182104,-0.5622102132316882,-10.36658705580862,-167.17204805990573,2.36,1.805,-2.0051
0.012,-0.093506,0.028809,1.713135,10.284729,27.514099,88.418732,4.859614045294545,-1.204871750321302,0.029378170596414364,-0.6200142711182791,-9.898911151114985,-165.90198746612748,2.358,1.801,-1.9938
0.0119,-0.265137,0.594482,2.214355,12.573547,49.059509,104.470978,4.8541449104672765,-1.2063059297982277,0.030101395969169713,-0.4776815495421487,-9.13418891823114,-164.65101403100698,2.355,1.794,-1.9825
0.0122,-0.489014,-0.591064,0.503174,3.235168,41.399597,133.767853,4.852163908303654,-1.2091616484285637,0.03034303224843924,-1.1683955155429921,-8.285841423675025,-161.9910159294088,2.353,1.79,-1.9744
0.0118,0.121582,0.101807,1.166504,19.104309,55.437683,94.369659,4.847000697627341,-1.2106077462414166,0.031095270551880452,-1.0100930055817772,-7.615600665518319,-160.97504102676794,2.351,1.785,-1.9598
0.0121,0.543213,0.898682,1.502441,15.198059,62.700867,46.884308,4.8407581604043655,-1.211397475766492,0.03197111075809514,-0.5149176002610474,-6.9818664885388015,-160.92251489340353,2.349,1.781,-1.942
0.0122,0.112305,0.750977,1.899902,-0.457458,91.50946,7.486115,4.836161562247606,-1.2121535262698995,0.03238412866758866,-0.23485884731743356,-5.841004165191593,-161.14237097284473,2.348,1.778,-1.9436
0.012,0.128174,0.809082,1.498047,-2.349548,94.439148,-17.873993,4.830437812107378,-1.212995338560113,0.03284912758721053,0.12187220822070177,-4.7077152147373145,-161.74122110079188,2.346,1.774,-1.9533
0.0123,0.269287,0.094482,0.699219,-0.457458,51.622986,-11.831512,4.822824868732399,-1.2152500976898777,0.03390664730423285,0.2270337160712868,-4.3054775538042405,-161.9609655160775,2.343,1.764,-1.9582
0.0115,0.345215,-0.170166,0.111084,1.739807,-1.325012,-8.96286,4.817223249378441,-1.2182366423916513,0.03550484936075419,-0.010839038224880013,-4.866895669829852,-161.68385488045664,2.34,1.759,-1.9533
0.0122,0.519531,0.016846,0.144775,0.580139,1.940369,9.225616,4.81138218479934,-1.2200443305410253,0.03719453535229637,0.013506661739380157,-5.419400209151233,-161.59328122508822,2.338,1.752,-1.9485
0.0119,0.218506,-0.099121,1.611572,0.519104,1.909851,13.803253,4.806387734256235,-1.2219111768296296,0.03783487137718384,-0.04363429712362308,-5.453712612461722,-161.36464595124818,2.336,1.748,-1.9485
0.0121,0.328613,-0.068604,1.79834,-2.532654,-1.019836,26.19339,4.8002609103199365,-1.2240665489254663,0.03865761393676065,-0.13143795929720345,-5.553857210484185,-161.01691656325423,2.334,1.743,-1.9436
0.0116,0.150879,-0.189209,1.290771,2.350159,-6.116272,30.404816,4.794804067247897,-1.2265079525635267,0.039383305723696034,-0.25321418509975446,-5.6706156037845235,-160.50529482918898,2.331,1.734,-1.9371
0.0125,0.07959,-0.208252,0.841553,0.610657,1.635193,29.458771,4.788961973408521,-1.2295728890715525,0.04019672208038759,-0.47112136195539994,-5.687128928478821,-159.87335946313357,2.329,1.729,-1.9323
0.0113,0.148438,-0.143066,1.349365,-2.593689,17.626404,37.606964,4.783114158444048,-1.232111874514895,0.04096012633850051,-0.6194582751984539,-5.523729038556111,-159.34813344639807,2.326,1.721,-1.9258
0.0122,0.077148,0.029541,1.176514,3.326721,-3.430725,37.545929,4.776634935787761,-1.2343720715211364,0.04160941339676265,-0.5920230396470724,-5.56026326221392,-158.93081517242823,2.324,1.716,-1.9193
0.0122,-0.02832,0.03125,1.35498,8.148499,-0.073792,42.062531,4.769928659190503,-1.2368728136604965,0.0421170817023593,-0.5153502619290213,-5.4892946144736365,-158.43664184168205,2.322,1.711,-1.9145
0.0123,0.055908,0.052002,1.554932,2.411194,-3.735901,44.748077,4.762946623030384,-1.2394367919389906,0.04274584720680434,-0.5027133438614015,-5.5051370264099475,-157.92644251776557,2.319,1.702,-1.9048
0.012,-0.135498,-0.055908,1.022705,-1.800232,4.015564,46.60965,4.757026127640845,-1.2422752355471431,0.04299663933799577,-0.6151789726841403,-5.310050676216076,-157.2804074104838,2.317,1.696,-1.8999
0.0123,0.045654,0.024414,1.383545,-3.631287,7.097839,43.496857,4.750510695164133,-1.2448689908775268,0.04357011232621764,-0.6839062344072676,-5.194222859801174,-156.77129361734185,2.314,1.689,-1.8934
0.0112,0.075928,0.149414,1.10498,0.274963,3.710388,44.534454,4.7441052610835985,-1.2468127441129593,0.04411568895832091,-0.6047848353571426,-5.148245694391149,-156.42322522006188,2.313,1.684,-1.8886
0.012,-0.009277,0.164307,1.415527,-0.335388,-1.111389,40.597687,4.7372411354930835,-1.2491602653399057,0.04453722582071606,-0.5486570790989075,-5.100088166274508,-156.0536789587408,2.311,1.678,-1.8853
0.0125,0.123779,0.183838,1.153564,-1.281433,-0.958801,37.454376,4.729688941781905,-1.2515172713618037,0.045252268652343317,-0.4689533927105545,-5.136238818614167,-155.7565233137362,2.308,1.669,-1.8772
0.0121,-0.095947,0.064209,1.394043,1.587219,-2.179504,37.484894,4.722668537771345,-1.2544563597251972,0.04558409416774658,-0.4456915029956944,-5.058671360481471,-155.34245947570236,2.306,1.663,-1.8691
0.0115,-0.033936,-0.003906,1.546631,-0.152283,-2.36261,33.212433,4.716539737324842,-1.2572973811880945,0.045970775167484275,-0.4762082567347503,-5.0202886495812775,-154.95697878011595,2.304,1.656,-1.8627
0.0122,-0.184326,-0.060791,1.365479,-2.654724,-0.623108,32.632599,4.7105905270157304,-1.2604533488538814,0.04609181972568837,-0.5723474628497479,-4.881356864271688,-154.50473353885096,2.302,1.65,-1.8546
0.0121,-0.044678,0.003906,1.092041,-1.250916,0.902771,29.794464,4.704312692302227,-1.2634303276422527,0.04642508924923873,-0.6055925982298069,-4.794647826704275,-154.14816779073314,2.301,1.645,-1.8513
0.0121,-0.028076,0.129883,1.113281,-3.295593,-3.49176,27.780304,4.697770398957672,-1.265905211520668,0.04671331590281026,-0.5698040045487639,-4.769190489148685,-153.91332235438912,2.298,1.636,-1.8432
0.0121,-0.069092,0.157715,1.237549,-4.729919,-4.804016,26.437531,4.691094388741582,-1.2684467497469767,0.04691275425128909,-0.5427225006734357,-4.736008920477358,-153.6973603656972,2.297,1.631,-1.84
0.0113,-0.058838,0.102051,1.456543,-0.274353,1.909851,23.29422,4.685301540413146,-1.2708867007349598,0.04711060367149624,-0.5028677362344863,-4.636931237653763,-153.49408793080573,2.295,1.624,-1.8335
0.012,0.308105,0.057617,1.160156,-1.800232,4.015564,19.51004,4.679208541955037,-1.2735106051087905,0.048193833093635806,-0.4962001617043798,-4.739279233723988,-153.30849387621143,2.294,1.619,-1.8319
0.0121,-0.097168,-0.014648,1.337891,0.793762,5.388855,16.275177,4.6737516755490205,-1.2763071481962371,0.04833606584062762,-0.5037000107256497,-4.577011098719525,-153.10866603242104,2.292,1.613,-1.8287
0.0126,-0.03125,0.036865,1.091553,7.87384,-0.714661,10.995636,4.667916037263157,-1.2790108395920237,0.048587315584741705,-0.3805458874567864,-4.523823635099139,-153.00405660333797,2.29,1.606,-1.8254
0.0115,0.077393,0.096436,1.255371,12.634583,-1.569153,5.044708,4.662028257286521,-1.2814508956304083,0.04906362173121287,-0.17276549016058654,-4.546648737535848,-153.01354134956267,2.289,1.601,-1.8254
0.012,0.059814,0.059814,1.401367,9.064026,0.506042,3.396759,4.65619337282446,-1.2840946971277936,0.04951054814456614,-0.02946421771399972,-4.531747782786457,-153.01189732111084,2.287,1.593,-1.8238
0.012,-0.010986,-0.181885,1.034912,4.669495,-2.728821,0.589142,4.652227880379279,-1.2873373935871766,0.049856079726240066,-0.10964549469453082,-4.528466926936699,-152.86408821500356,2.285,1.588,-1.8238
0.012,0.015625,0.034668,1.119385,5.707092,-1.660706,2.938995,4.646527219577588,-1.290014169510842,0.050216792164144174,-0.015250667913226166,-4.520212759494387,-152.85761236158623,2.284,1.583,-1.8238
0.0124,-0.012451,0.053955,1.46875,0.641174,3.466248,6.875763,4.640815570051997,-1.2926652100567015,0.05049154493536947,0.018159234621742647,-4.430019614085688,-152.80470556242872,2.282,1.576,-1.8238
0.0124,-0.074707,0.136963,1.238525,-2.563171,-1.630188,6.051788,4.634604681591663,-1.2950639885151405,0.050565386516994125,0.07137700844087382,-4.362889742150564,-152.8192409218079,2.281,1.572,-1.8222
0.0111,-0.080322,0.085205,1.197021,-3.234558,1.116394,7.241974,4.629148925611239,-1.2973329874528976,0.050582329386883874,0.08863607088135866,-4.260712447552404,-152.79903158249982,2.279,1.564,-1.8206
0.0121,-0.015869,0.05542,1.258057,-2.349548,1.146912,3.976593,4.623550594178541,-1.299866363258893,0.050806815461535496,0.09412264383830313,-4.1999930870108475,-152.78853887032665,2.278,1.559,-1.819
0.0122,-0.082764,-0.032959,1.300781,-6.622009,-9.259583,-41.158905,4.6184057003650905,-1.3026366404252308,0.05087299606134909,0.03280072626453615,-4.228318628840474,-153.2829284614538,2.277,1.555,-1.819
0.0123,0.133789,1.214355,1.669189,4.700012,1.940369,-82.876434,4.609262591415361,-1.303793778512946,0.05125721697853021,0.5863178836406014,-4.198735368639077,-154.65544028360551,2.275,1.548,-1.8222
0.0121,-0.26123,0.365723,1.023682,7.232971,-5.658508,-76.864471,4.601639852088697,-1.3049646196627385,0.050688161625822466,0.9864230608579756,-4.040673262246363,-155.85051232155269,2.274,1.544,-1.827
0.0119,0.006104,0.119629,0.466064,-1.769714,-1.050354,-58.431854,4.595200610113779,-1.3062804425131727,0.05097344952591552,1.2032212657494976,-4.022433472602277,-156.7095233910506,2.273,1.54,-1.84
0.0115,0.0896,0.038086,1.519531,-7.079773,-5.902649,-39.633026,4.590701611715234,-1.3081670772316853,0.05135722320107298,1.1638993990903628,-4.090468638591206,-157.17223492876835,2.271,1.534,-1.853
0.012,-0.028076,-0.14624,1.25293,1.373596,-6.207825,-20.864716,4.58677881862026,-1.3104976332609197,0.05150523045140266,1.0979153562924666,-4.11409256338212,-157.35780768271144,2.27,1.529,-1.8594
0.0122,0.152344,-0.265869,1.559326,0.244446,0.597595,-18.331757,4.583353559855751,-1.3131224774436279,0.052081240183837425,0.97734738196934,-4.148813910498834,-157.45652553925348,2.268,1.523,-1.8675
0.0122,0.126465,-0.321533,0.998291,0.671692,3.344177,134.073029,4.581123536583183,-1.3160501491511558,0.052791011517237904,0.629202433372317,-4.207089984885082,-155.60744507043762,2.267,1.52,-1.861
0.0124,-2.970947,-1.253906,1.626465,-13.091736,-4.102112,20.730743,4.579941935226333,-1.31785162083272,0.05056745535433058,0.2232473789396137,-3.7406208399975847,-155.25429375266262,2.267,1.518,-1.8416
0.0115,0.543701,-0.306396,0.127686,10.376282,13.598083,25.583038,4.57992382869441,-1.3207645996340969,0.05336508125232374,0.03207461622966293,-4.115993987134169,-154.67229341940364,2.265,1.512,-1.8416
0.0124,0.483887,0.428467,2.732422,20.4776,-15.759827,55.764923,4.574766486824652,-1.3222072731341652,0.05407821096499482,0.35277111411350964,-4.397931288384197,-154.07095089321282,2.264,1.508,-1.8319
0.0121,-0.310791,-0.508301,1.436523,-13.518982,3.618835,36.538849,4.574125010376072,-1.3246400659712456,0.05356511645894044,-0.09270091298348504,-4.18664571377378,-153.43701979543377,2.263,1.504,-1.8222
0.0114,0.270752,-0.427002,0.344238,-21.392517,0.322937,45.72464,4.5736962202023514,-1.3278938901414896,0.055421359437257255,-0.8239481798886146,-4.470468994474806,-152.63139862676982,2.262,1.501,-1.8303
0.0123,-0.105225,-0.19458,1.235352,16.723938,-6.604553,48.776398,4.569649430662206,-1.331159318126223,0.05544205128225809,-0.7783890082682589,-4.447441968919151,-151.92466458169903,2.261,1.496,-1.8351
0.0121,0.612549,0.430176,2.086914,20.59967,6.640076,-39.510956,4.562583486208996,-1.3332124097362017,0.056673294053721956,-0.33668142788817246,-4.53252068504582,-152.55260134627767,2.259,1.488,-1.8222
0.0112,-1.071777,-0.595215,1.504639,-2.685242,-6.055237,5.380402,4.561978988218028,-1.3366411669783398,0.05506785248736617,-0.5885629154573274,-4.204628511283267,-152.22812996078318,2.258,1.485,-1.8287
0.0125,-1.001709,0.210205,1.435059,-20.751648,0.53656,8.645782,4.558706124744479,-1.3389957177106964,0.05320114037601536,-0.7647540389051007,-3.774613328217493,-152.06698609816613,2.256,1.48,-1.853
0.0122,-0.088623,-0.387695,1.109131,5.066223,8.745789,-5.422821,4.556263088835985,-1.3417779753383945,0.053212219728737256,-0.9385916325364922,-3.592872533409713,-152.0168654583701,2.255,1.476,-1.8627
0.0115,-0.129639,0.198975,1.19043,11.200256,-8.16095,1.718292,4.55051249745064,-1.3443421556378634,0.05294974692898044,-0.6735189867599531,-3.5751397278511057,-152.0302026339112,2.254,1.471,-1.8546
0.0127,0.187744,-0.174561,1.152832,-7.415466,2.581238,-5.117645,4.546379931828039,-1.346911881661668,0.053809492776915865,-0.866181057938224,-3.638767963827453,-152.06996285065833,2.252,1.465,-1.8465
0.0121,0.098633,-0.168213,1.771973,-0.701599,-1.996399,-8.169403,4.543453304047469,-1.3487610333756128,0.05412995276092671,-0.9306146510777799,-3.6762795067651988,-152.14634894997857,2.251,1.462,-1.8546
0.0115,0.105713,0.123291,0.812988,4.150696,-2.576233,-12.441864,4.537978972736619,-1.3508182064554475,0.054779239879253795,-0.7459779568268244,-3.7773853522452505,-152.35441329257276,2.249,1.455,-1.853
0.0121,-0.101074,0.015137,1.358887,1.282043,12.072205,-7.864227,4.53135488309012,-1.354322942465788,0.05480895570774924,-0.7053221807726617,-3.5461608965420397,-152.44720425179676,2.247,1.448,-1.8481
0.0122,-0.079102,-0.121826,1.500488,0.763245,-5.963684,-6.979218,4.526247430433711,-1.3574002071997386,0.05484571712273257,-0.744158931045486,-3.551123980050691,-152.49993085632414,2.246,1.444,-1.8497
0.0115,-0.002686,-0.032959,1.125977,-1.06781,4.198669,-2.340546,4.522958079879114,-1.3592157048109827,0.0549370413073161,-0.7663254615455288,-3.475230138232646,-152.51936642774675,2.245,1.44,-1.861
0.0121,-0.043457,-0.15625,1.639648,-6.713562,1.482605,-1.547089,4.519766945191364,-1.3612439157191023,0.05494673446285763,-0.9090021661270188,-3.409652482843024,-152.51080935806095,2.244,1.436,-1.8691
0.0118,-0.030029,-0.160156,0.868164,-0.793152,-0.256897,-4.446259,4.515068516357236,-1.364328450819609,0.055106050543700075,-1.0415567233662468,-3.3679108755095943,-152.51718268288244,2.241,1.428,-1.8708
0.012,-0.059814,-0.052246,1.422363,2.868958,2.794861,2.87796,4.509496146661911,-1.3674014349101222,0.05517049041929659,-1.0244434914036822,-3.2752172964438357,-152.4688697126438,2.24,1.423,-1.8675
0.0123,-0.039551,-0.118164,1.36499,5.035706,0.078796,5.288849,4.505453296627257,-1.3698211287486282,0.05521390601334024,-1.0203317356122334,-3.2262622407106334,-152.38094693347546,2.239,1.419,-1.8724
0.0123,0.052979,0.050049,1.32666,2.655334,2.276062,3.213654,4.500814156684005,-1.3720683695194353,0.055508945700280886,-0.947448827547419,-3.202727287712006,-152.35373641707304,2.237,1.414,-1.8789
0.0121,0.101562,-0.002686,1.256104,-0.396423,0.292419,-2.065887,4.495523384180483,-1.374732476295798,0.056040224360966645,-0.939599206159104,-3.23676877787425,-152.38740102474807,2.235,1.409,-1.8853
0.0121,0.074707,0.120117,1.358887,3.479309,-1.508118,-7.498016,4.489714696230283,-1.377391271338829,0.056441460888385316,-0.8123187432766006,-3.271511344776732,-152.5030610826493,2.233,1.402,-1.8853
0.0123,0.113525,-0.039795,1.644287,1.007385,0.048279,-7.559052,4.484965901616117,-1.3798637119790713,0.05689615847292078,-0.8027493396476917,-3.2978733918701093,-152.59706007776649,2.231,1.398,-1.8837
0.0112,0.012695,-0.006836,1.50708,0.06134,0.963806,-4.019012,4.4808553444691706,-1.3819905313787604,0.05704360915049078,-0.7921151867909226,-3.2673122823154643,-152.64184650680997,2.23,1.394,-1.8837
0.0125,-0.087891,-0.000244,1.482422,1.098938,-2.911926,-5.239716,4.475794202944639,-1.384674394348799,0.05695478222676951,-0.7641683419972566,-3.2324292297021726,-152.70032392380176,2.228,1.388,-1.887
0.012,-0.006348,0.010986,1.335693,4.059143,-2.179504,-10.488739,4.470768812464764,-1.3872345873536986,0.05709657435562595,-0.6917273098944783,-3.2308107978560225,-152.82710487886334,2.227,1.383,-1.887
0.0122,-0.005127,0.075439,1.863037,3.052063,-1.508118,-7.559052,4.465664710929129,-1.38970988269511,0.05722062056162706,-0.6090479875060085,-3.219745481535516,-152.92710985545216,2.225,1.377,-1.8853
0.0111,-0.022461,-0.185059,1.552979,-1.434021,0.322937,-1.852264,4.462027820389397,-1.3919901888659099,0.057296757100548365,-0.7064148546407181,-3.180902050244796,-152.92114458473122,2.223,1.372,-1.8886
0.012,-0.136475,0.104492,1.537842,0.122375,0.078796,0.467072,4.456713044122929,-1.3945804500920187,0.05704920177249048,-0.6433523187051612,-3.08622407128376,-152.9195234795571,2.222,1.368,-1.8902
0.012,0.071045,0.025879,1.609863,1.800842,-0.684143,-3.896942,4.451663847903599,-1.39706692213274,0.05739080107738606,-0.5980294276589375,-3.103161815351598,-152.97194966904738,2.22,1.362,-1.8886
0.0122,0.060059,0.026611,1.543457,3.906555,-0.684143,-7.650604,4.446716947231195,-1.3994930370381227,0.05770501648180268,-0.5238727162387996,-3.116773374049176,-153.0710239543275,2.218,1.358,-1.8837
0.0122,-0.025879,0.050781,1.45166,0.152893,-2.026917,-3.896942,4.4418841799721145,-1.4018329843548711,0.05774944383502292,-0.48433594082815346,-3.1028438236210096,-153.12380198309077,2.216,1.351,-1.8821
0.0122,0.037354,-0.199463,1.368164,-1.556091,-0.165344,0.619659,4.437892267756544,-1.4042960120481909,0.058041587261921115,-0.6069775459460361,-3.1033211564967296,-153.09162974232294,2.215,1.347,-1.8853
0.0119,-0.000488,0.033447,1.39502,0.030823,-0.836731,2.145538,4.433115030386824,-1.4066413053938585,0.05816829991872174,-0.5804156324151472,-3.0880528514146364,-153.06945632003277,2.214,1.343,-1.8853
0.0122,0.067383,0.094971,1.464111,2.71637,-0.134827,-0.204315,4.428153357106338,-1.4089142162632482,0.05849507349779255,-0.48899206385148825,-3.099544414626598,-153.08572321428204,2.212,1.337,-1.8837
0.0122,0.038574,0.155762,1.309814,-2.07489,0.963806,-0.478973,4.422937434347568,-1.4111576420346006,0.05874232554704919,-0.41499146285165894,-3.085359880938885,-153.1135426000382,2.211,1.333,-1.8789
0.0114,-0.068604,0.067139,1.254395,-3.112488,-0.47052,-1.852264,4.418188610538061,-1.4133896420263605,0.05860569239285544,-0.40045172169968524,-3.0253781681332454,-153.14290073263317,2.209,1.329,-1.8772
0.0124,-0.070068,0.084229,1.391113,0.397034,-1.874329,0.283966,4.413217689537936,-1.415704504884377,0.05848952163701118,-0.34227670474710015,-2.985840175452361,-153.14885513566196,2.207,1.323,-1.8772
0.012,-0.051025,0.122314,1.410889,0.458069,0.017761,2.786407,4.4084889886107845,-1.4178097512454264,0.0584119817586602,-0.26578732451431086,-2.9338574991932656,-153.12942879687196,2.206,1.319,-1.874
0.012,-0.098633,0.050293,1.368896,-1.403503,-0.775696,0.8638,4.404036585029556,-1.4198949258168805,0.05817130101299066,-0.24917414767200302,-2.8652469214599385,-153.1272611524661,2.204,1.314,-1.874
0.0121,0.053711,0.041016,1.375732,0.06134,-1.508118,-1.241913,4.399395907857843,-1.4221570975273683,0.05846521411439052,-0.21947735140077468,-2.8912445031008214,-153.14628309055422,2.203,1.31,-1.8724
0.0114,-0.015869,0.006592,1.379883,1.526184,0.994324,0.650177,4.395071322541112,-1.4242857569778833,0.05851459423727571,-0.19395962728868377,-2.8491102585687544,-153.14198061044146,2.202,1.306,-1.8691
0.0118,0.012451,-0.027588,1.214844,0.763245,1.146912,4.403839,4.390771160363785,-1.4264929562699658,0.058684742994545396,-0.20007400687580182,-2.823220476553429,-153.0888084225874,2.2,1.3,-1.8627
0.0128,-0.036865,-0.051514,1.016357,-1.311951,0.017761,3.152618,4.385890280797408,-1.4290296285745148,0.058685562209746016,-0.25200420367017545,-2.7772519585278883,-153.04630738912618,2.199,1.295,-1.8578
0.011,-0.013184,0.001465,1.098633,-1.250916,-2.087952,-0.173798,4.38140443163244,-1.4312619215603892,0.05874929748274072,-0.2585192797719717,-2.772078515486658,-153.05038588270267,2.197,1.289,-1.8513
0.013,-0.017822,0.087158,1.140869,0.274963,0.750183,-1.547089,4.376030041251621,-1.4337749428169417,0.05881203952094414,-0.18942910881542258,-2.730880905406606,-153.07966280359483,2.196,1.285,-1.8481
0.0114,0.016357,0.036133,1.332275,-0.396423,-2.48468,1.107941,4.37193823544616,-1.4357648602707938,0.05894833669593931,-0.16889286510124238,-2.74799734251856,-153.0705619501811,2.195,1.282,-1.8465
0.0118,-0.057861,0.030518,1.249512,-0.884705,-1.660706,2.572784,4.3676700656553615,-1.4377898366765207,0.05881454115030024,-0.15714387936806848,-2.7119910604206248,-153.04688241679136,2.193,1.276,-1.8449
0.0123,-0.016846,0.042969,1.290283,-2.19696,-1.935364,0.589142,4.363165375451684,-1.4399603391813487,0.058848625965110105,-0.15409507563561278,-2.7056774547974816,-153.04465161338607,2.192,1.272,-1.8432
0.0122,0.060547,0.153809,1.178711,1.556702,-1.080872,-1.9133,4.3585451732337575,-1.4420916293924033,0.05917006437449667,-0.030802582229976578,-2.738035100044569,-153.074543017814,2.191,1.267,-1.84
0.0121,-0.032471,-0.022461,1.361084,2.96051,0.41449,0.528107,4.354605300502659,-1.444040423371678,0.05913989300447731,-0.005354575129793774,-2.694614945901264,-153.07181440945325,2.19,1.264,-1.8351
0.0119,-0.058594,-0.114746,1.536133,-0.152283,1.909851,1.99295,4.351005162792653,-1.4459073057088125,0.059040532815905274,-0.06309378310601789,-2.6229607289694035,-153.04928101305958,2.189,1.259,-1.8319
0.0115,-0.032471,0.013428,1.514648,-0.152283,0.902771,1.504669,4.34684211893764,-1.4479219542011565,0.0590161490738588,-0.055685948331074105,-2.576201866078213,-153.03699818754728,2.187,1.254,-1.8303
0.012,0.002686,-0.052002,1.344971,-3.905945,2.825378,0.772247,4.3426797142232285,-1.4500497487123816,0.05913177993222253,-0.12890719825224314,-2.5260006852876535,-153.0287446240495,2.186,1.25,-1.8254
0.0122,-0.050293,0.017334,1.472656,-2.166443,1.42157,-1.455536,4.338107291751369,-1.452244852035952,0.05906237993339864,-0.14135893083190526,-2.4638459194761597,-153.05280437529962,2.185,1.244,-1.8222
0.012,0.080811,0.029297,1.378662,1.221008,-2.911926,-1.180878,4.334029925782928,-1.4543528304383164,0.0594257744883805,-0.10592451508336755,-2.525698427071073,-153.0638387386499,2.184,1.241,-1.819
0.0122,-0.126709,-0.095947,1.445557,0.335999,-1.508118,0.924835,4.330271564409339,-1.4561437605886332,0.059079195757785696,-0.14936133447267672,-2.4591500704234144,-153.0616396555757,2.183,1.237,-1.8157
0.0122,-0.0271,-0.01001,1.187988,-5.279236,-3.064514,0.955353,4.326397941594853,-1.4580399505907202,0.05904558468142588,-0.21542986180632356,-2.4624777216666685,-153.05369017769456,2.182,1.232,-1.8125
0.0114,-0.010742,-0.026855,1.264893,1.312561,-0.195862,-0.570526,4.322484752315415,-1.4599865053114243,0.05908770328614564,-0.21152729438436108,-2.441564935132832,-153.06308195614073,2.181,1.229,-1.8125
0.0124,-0.022461,0.078857,1.519287,5.310364,-1.508118,1.474152,4.318180045235757,-1.4620700158165207,0.0590835500198343,-0.10268298218911721,-2.4303539628362127,-153.0473421965299,2.179,1.223,-1.8076
0.0122,-0.110352,-0.064209,1.385986,0.976868,0.383972,3.946075,4.3142377773536715,-1.4639180150331752,0.0587765948166612,-0.12462757061450454,-2.347937871301177,-153.00931252708133,2.179,1.22,-1.8044
0.0121,-0.004639,-0.10791,1.345703,-3.936462,1.177429,4.068146,4.310447027245407,-1.4658171347681945,0.05885216836946184,-0.23117573235422512,-2.3154549203552444,-152.96549159932547,2.178,1.216,-1.8044
0.0122,0.024414,0.036133,1.455811,-3.539734,3.43573,1.291046,4.306409453610823,-1.467875082457321,0.05900673422472144,-0.2505408363218909,-2.2702790552847283,-152.94838168099403,2.177,1.211,-1.8028
0.0121,0.084717,0.005371,1.300293,-1.220398,-3.064514,-0.906219,4.302728012578528,-1.4698410055441538,0.05939359682254614,-0.25622830623661386,-2.3419392271985893,-152.9544429382643,2.176,1.208,-1.7979
0.0114,-0.103027,0.007812,1.148682,-0.304871,-2.271057,1.382599,4.2988166514458594,-1.4716541002836958,0.05902426560362245,-0.24922044389758985,-2.2844204891924007,-152.9468355501815,2.174,1.202,-1.793
0.0121,-0.078613,0.040527,1.057617,-0.610046,-2.911926,0.436554,4.294519246758323,-1.4737053711580073,0.05874458384441452,-0.22134232750292693,-2.2492295013259045,-152.94602232674424,2.174,1.199,-1.793
0.0121,0.093262,-0.059082,1.300293,-2.135925,2.733826,1.962433,4.290890407175548,-1.475647474028391,0.05918011861061621,-0.27750808461329707,-2.2566422418732985,-152.92011369530314,2.173,1.195,-1.7898
0.0116,-0.010742,0.017578,1.275146,-1.678162,0.41449,-0.814667,4.287116855629791,-1.4775366906607033,0.059203408887259196,-0.2800587310838657,-2.2307574380307753,-152.93042062566585,2.172,1.19,-1.7882
0.0125,0.017822,-0.017578,1.663574,0.427551,-1.935364,-1.486053,4.283236749594966,-1.4794947584822018,0.05931824759101759,-0.27706408206143435,-2.246557271534381,-152.95029578463223,2.171,1.187,-1.785
0.0123,0.006104,0.039062,1.522217,-2.257996,-5.200745,0.009308,4.2793989194941116,-1.4814521784336672,0.05939056496652022,-0.27956205656336613,-2.296858727449904,-152.94835105051962,2.17,1.182,-1.7817
0.0111,-0.008789,-0.018799,1.103027,-1.739197,-5.170227,0.924835,4.275984302277031,-1.4831449861295916,0.05941263157827589,-0.3059668572561792,-2.333875941692608,-152.94069647664486,2.169,1.178,-1.7801
0.0124,-0.024902,-0.084229,1.01709,-3.143005,0.017761,2.237091,4.27227720924649,-1.484885287368252,0.05938920025421825,-0.4022165233447486,-2.301878706629597,-152.9238301551171,2.169,1.175,-1.7785
0.0556,-0.010254,-0.02002,1.227783,-3.96698,1.848816,0.406036,4.255504103657008,-1.493400293808446,0.06000967681938342,-0.6273070908797236,-2.174592508689735,-152.90501640249408,2.168,1.17,-1.7769
0.0012,0.019531,0.102539,1.348389,-0.243835,-0.714661,-1.516571,4.255203506537979,-1.4937650844241028,0.059988200319691064,-0.5472628914729575,-2.171794235403615,-152.89335518672684,2.167,1.167,-1.7769
0.0004,0.030029,0.059082,1.461426,1.221008,-2.820374,-1.730194,4.255116040471923,-1.4939298571418032,0.05998974072817908,-0.5006050797800552,-2.1739777130842137,-152.8863248978209,2.166,1.161,-1.7769
0.0004,-0.126709,0.030762,1.33252,0.488586,1.055359,0.619659,4.254642916620632,-1.4939729464444906,0.05943168253601155,-0.4706562621269835,-2.072591955839787,-152.89421287954823,2.165,1.158,-1.7752
0.0024,-0.062012,-0.144775,1.364258,-2.319031,4.107117,1.962433,4.253655241838011,-1.494066017094093,0.059173483073217806,-0.5605936014657443,-2.0077361819062673,-152.91346870981178,2.164,1.155,-1.7752
0.012,-0.067627,-0.068848,1.220703,-0.152283,0.292419,0.924835,4.249862450345127,-1.4956977635860984,0.0589755105327542,-0.60217888585922,-1.942103624793544,-152.91877104788466,2.163,1.15,-1.7736
0.0115,0.009766,-0.004395,1.464111,-0.518494,-1.080872,0.924835,4.246204396596408,-1.4975727512859978,0.05906463780302353,-0.6010404984876553,-1.945837092070894,-152.90731931023134,2.163,1.147,-1.772
0.0124,0.060791,-0.032959,1.171631,2.472229,0.811218,1.230011,4.242401043823302,-1.4995616795802624,0.059403725637925925,-0.585196235526045,-1.9690133291102592,-152.89113595019833,2.162,1.141,-1.7704
0.0121,0.031494,0.112793,1.437256,-0.030212,1.66571,0.100861,4.238714056866057,-1.5017348958823051,0.05956362968571536,-0.5076863947143377,-1.9539383322758948,-152.8727832366894,2.161,1.138,-1.7688
0.0123,-0.068848,0.028076,1.261963,4.120178,-3.705383,-0.753632,4.234485018830454,-1.5038077798645264,0.059368243785360805,-0.4286511436355757,-1.938642892094041,-152.88437270509874,2.16,1.134,-1.7623
0.0115,0.032715,0.050293,1.38208,3.326721,1.604675,0.711212,4.230871596301144,-1.50580026106454,0.059541098525698465,-0.35154905293776456,-1.9273423982439926,-152.86757991763574,2.159,1.129,-1.7542
0.0119,-0.13501,-0.001221,1.407471,2.014465,-0.134827,0.74173,4.226632285790939,-1.5076566352350518,0.05913725189539113,-0.32186319517233297,-1.8325959227663406,-152.87282137963712,2.159,1.126,-1.7493
0.0121,-0.027588,-0.015869,1.185303,4.181213,-2.515198,2.267609,4.222612314781867,-1.5095901110121297,0.05909945173901375,-0.2770943938223421,-1.8316490454433665,-152.85124218783582,2.158,1.12,-1.7477
0.0122,0.033691,-0.023438,1.386963,6.134338,-1.263977,2.267609,4.218881043077067,-1.511508298197218,0.05928540212008351,-0.21241170066339404,-1.8554817645338675,-152.82388403668557,2.157,1.117,-1.7477
0.0122,-0.003418,-0.000732,1.34375,1.983948,-0.287415,2.145538,4.215099021603251,-1.5134126511298682,0.05933689891579661,-0.18429139537227712,-1.8444298857460535,-152.7990469782054,2.156,1.113,-1.7461
0.0122,-0.003906,-0.027344,1.213623,2.868958,0.048279,1.779327,4.211243331726758,-1.5153113880414038,0.05939765302143846,-0.16425976984879367,-1.8299916078631588,-152.78194443835466,2.155,1.108,-1.7477
0.012,0.015137,0.059326,1.396973,1.861877,-0.226379,0.467072,4.207520015801004,-1.5173154240827582,0.05950563801587974,-0.10122686353005825,-1.8296650958892662,-152.76972685079056,2.155,1.105,-1.7461
0.0119,0.058838,-0.020264,1.147705,2.899475,-0.775696,1.565704,4.204037114536561,-1.5192047628789598,0.05983212002249428,-0.07810565348721221,-1.8723238783284677,-152.7474578351627,2.154,1.101,-1.7477
0.0121,-0.000732,-0.05835,1.433594,2.563782,-1.904846,0.924835,4.200330345406132,-1.5210129999500073,0.05989434662658236,-0.0787964826931806,-1.8818506435139393,-152.74264235951736,2.153,1.096,-1.7477
0.0119,-0.08667,-0.072998,1.178711,-2.349548,-1.233459,0.955353,4.196451694817717,-1.522686300546934,0.059608906187893,-0.15492453013459317,-1.8232076006047828,-152.74837648588164,2.153,1.093,-1.751
0.0121,-0.056396,-0.008545,1.230469,-4.180603,-2.759338,-0.112762,4.192251437988985,-1.5247085933561424,0.05945931740590057,-0.20573153292325783,-1.8065260637202007,-152.75565730216357,2.152,1.087,-1.7526
0.0116,-0.028809,-0.021729,1.306641,-3.84491,-6.299377,0.589142,4.188286901854581,-1.5266445351627487,0.05941702660239423,-0.2587050506035947,-1.8488944847084536,-152.75355337765572,2.151,1.083,-1.7542
0.0124,0.001709,0.005859,1.601807,-10.101013,-9.961487,0.680695,4.1842482418972375,-1.528741210101172,0.059478718305662,-0.3742578627617494,-1.9584491452516402,-152.74309304894658,2.15,1.08,-1.7558
0.0121,-0.14209,-0.123535,1.4646,-14.037781,-6.451965,6.051788,4.17977701877553,-1.5305759040152092,0.05908138955125532,-0.6082106494225643,-1.9403796910472522,-152.69287467679925,2.149,1.074,-1.7623
0.0111,-0.21582,-0.094727,1.343994,-14.068298,-2.545715,2.359161,4.175246226630633,-1.532412572701104,0.05837959804760268,-0.8118569554546965,-1.8233308405184503,-152.69018268750926,2.149,1.07,-1.7688
0.012,-0.152588,0.073242,1.11792,-16.631775,-5.078674,3.366241,4.171419114960447,-1.5348776279894352,0.05777575090793753,-0.9436933530629428,-1.761520869516212,-152.6235224065234,2.147,1.065,-1.7785
0.0125,-0.129395,0.046875,1.101074,-7.781677,-5.200745,-3.04245,4.167801139874855,-1.5371036048109394,0.05725537657880739,-0.9891118720275806,-1.7209235729367933,-152.6423198169228,2.147,1.061,-1.7817
0.0122,-0.070801,0.132568,1.446289,-7.049255,-5.353333,-5.789032,4.1649648800628185,-1.5394765171356346,0.05704157891000818,-0.9818683476919442,-1.7361842025657968,-152.66786468756993,2.146,1.058,-1.785
0.012,-0.139648,0.019775,1.42334,-4.119568,-1.4776,-1.9133,4.1614962348956785,-1.541352807669271,0.05659704691223103,-1.0046744817226145,-1.6621263509528326,-152.68582804467337,2.145,1.054,-1.7898
0.0113,-0.168213,0.013672,1.164551,-1.464539,1.879333,-5.361786,4.15781322905649,-1.5431924128097,0.055943432441563794,-0.9951273634503014,-1.5158339427934744,-152.74834726546314,2.144,1.05,-1.793
0.0124,-0.2229,-0.093018,1.31958,-2.380066,6.21283,-7.864227,4.152510376662995,-1.544859561581492,0.055206664929445134,-1.0655414234998284,-1.2960300312112532,-152.89548973845876,2.143,1.044,-1.7979
0.012,-0.159912,-0.033203,1.340088,-0.823669,14.299988,-19.277802,4.147864708804191,-1.5466803959871533,0.05469296107719961,-1.0761122423995826,-1.0268958841717328,-153.1532063491709,2.142,1.041,-1.7979
0.0122,0.006836,0.065674,1.252441,1.404114,19.365906,-24.435272,4.144636358732239,-1.5491563992610948,0.05479617679377055,-0.9954629729737445,-0.8022272142077742,-153.41495338137972,2.141,1.037,-1.7979
0.0149,-0.039307,0.090088,1.275635,3.631897,21.593689,-29.958954,4.14026816152165,-1.5521162554130912,0.05473662195251032,-0.8637573732137545,-0.4672568684170783,-153.82672633179178,2.14,1.032,-1.793
0.0095,-0.08667,0.124756,1.33252,6.164856,26.232361,-38.442841,4.137602831194319,-1.554081481555793,0.054475243093362394,-0.7139426446140154,-0.1771480272967636,-154.1576003177738,2.139,1.029,-1.7914
0.0112,-0.074707,0.125488,1.460449,8.88092,30.321716,-48.330536,4.134407857582523,-1.5561999136697946,0.05429404278361818,-0.5340995079337736,0.18766390279669856,-154.66867024601865,2.138,1.023,-1.7866
0.012,-0.041748,0.169678,1.426514,10.040588,33.129333,-57.150116,4.131567114398419,-1.5585933746533134,0.05423420794296784,-0.3134079700477418,0.5877280698702265,-155.29982665867007,2.137,1.02,-1.7833
0.0121,-0.105957,0.07666,1.448486,11.810608,39.690613,-62.032928,4.127332965468618,-1.5603365644445735,0.05396332456532482,-0.1333168694174571,1.1047613988481206,-156.0537374254144,2.137,1.017,-1.7817
0.0123,-0.120117,0.068604,1.408936,11.291809,45.122742,-62.856903,4.1226874765441,-1.561944233100903,0.05364257352283036,0.0294712957040983,1.7020384702882672,-156.84001699395225,2.136,1.013,-1.7817
0.012,-0.200195,-0.012939,1.350098,14.160461,51.134705,-63.223114,4.116025063078708,-1.5627364171994633,0.053018034090743765,0.16493961643842386,2.404614820907744,-157.68689460380216,2.135,1.01,-1.7833
0.0117,-0.247559,-0.02417,1.378906,13.489075,56.23114,-60.87326,4.108303325581884,-1.5631223074708678,0.05225757083532108,0.27283743376915964,3.1697659340873816,-158.5205285246522,2.134,1.004,-1.7866
0.012,-0.24292,-0.035645,1.348633,14.953918,58.977722,-58.248749,4.100213857958422,-1.5634189419685038,0.05149229167608627,0.38486071642363606,3.977120365871502,-159.34841624938468,2.133,1.001,-1.7882
0.0125,-0.296631,-0.049316,1.375244,14.740295,61.785339,-55.349579,4.090400776098004,-1.5633342282206433,0.050560515116469765,0.48292458552347384,4.868556756428585,-160.2127722044208,2.133,0.998,-1.7882
0.016,-0.319824,-0.042725,1.42627,14.160461,66.94281,-52.602997,4.078994911088518,-1.563465606827441,0.04951919779681584,0.5998332087985813,6.055616617688435,-161.2360722267519,2.132,0.994,-1.7866
0.0078,-0.306885,-0.058594,1.375977,13.244934,68.010925,-49.062958,4.070134835763174,-1.5626150050404952,0.04870053370120361,0.6201745560931993,6.688600773079348,-161.8065908666498,2.131,0.991,-1.7866
0.0121,-0.337891,-0.061523,1.355225,13.061829,67.095398,-45.431366,4.0587634530024586,-1.5618468436393005,0.04765995677771126,0.6666516325201542,7.614270638300409,-162.57683261537466,2.13,0.987,-1.7833
0.0112,-0.323486,-0.058105,1.378662,13.946838,65.752625,-40.945282,4.048697549498432,-1.5611458799825781,0.04672353949449058,0.7176630085214933,8.442687226050188,-163.22958761686485,2.129,0.984,-1.7817
0.0123,-0.324463,-0.050781,1.349365,15.198059,65.691589,-36.977997,4.038418277934421,-1.560483864202098,0.045747363827092984,0.7960935085827294,9.336794644574216,-163.8758850665453,2.129,0.981,-1.7769
0.0121,-0.3479,-0.03125,1.391846,17.639465,61.876892,-33.468475,4.027926004365394,-1.5598131849667762,0.04474190632298364,0.9134817633490058,10.169109712875402,-164.4703680520838,2.128,0.977,-1.772
0.0123,-0.327393,-0.040039,1.386719,19.287415,58.947205,-30.325165,4.018844125426254,-1.5593651621942164,0.043775202447199166,1.0487994207169988,10.958234283179987,-164.99958139716068,2.128,0.974,-1.7688
0.0131,-0.311768,-0.036377,1.417725,19.256897,57.543396,-27.212372,4.011652322590001,-1.5592692211847783,0.04287329132579972,1.1991646193093461,11.755372510589632,-165.46310210650526,2.127,0.971,-1.7639
0.0108,-0.31543,-0.029541,1.361084,20.294495,57.177185,-24.313202,4.00483377892172,-1.5589475735493423,0.04205229290354027,1.3335916135522097,12.415857646178024,-165.83740162028894,2.126,0.968,-1.7574
0.0126,-0.302002,-0.030029,1.392334,19.958801,55.376648,-21.352997,3.9996411039161583,-1.5590965126556902,0.04120729193599759,1.4954428846263343,13.138313175396,-166.1671865198548,2.126,0.965,-1.751
0.0111,-0.314209,-0.030518,1.381104,20.447083,52.385925,-18.575897,3.994730070103834,-1.5590726462605669,0.04041780660077463,1.6423926087285414,13.744518665065065,-166.43963419963782,2.125,0.961,-1.7412
0.0123,-0.302979,-0.029297,1.381592,19.714661,49.700378,-16.561737,3.991242871750679,-1.5593702396944842,0.0396315870752766,1.8034246132056055,14.368220672311812,-166.67067346081552,2.125,0.959,-1.7348
0.0139,-0.334961,-0.034424,1.302246,18.890686,47.594666,-13.63205,3.9849954027697017,-1.559209157340057,0.03861449962726244,1.9800701694663023,15.061500654984469,-166.94663274649716,2.124,0.956,-1.7267
0.017,-0.282227,-0.037598,1.286865,18.982239,44.695496,-11.800995,3.982758639752327,-1.5600980504003095,0.03754466442223008,2.2093155153982003,15.819120898484105,-167.11948955940392,2.124,0.953,-1.7169
0.005,-0.302002,-0.013672,1.342529,17.151184,40.789246,-9.756317,3.982853434971223,-1.560371920649059,0.037224802589350736,2.253044268207161,16.0180183829679,-167.15502896907523,2.123,0.951,-1.7089
0.0122,-0.287354,-0.030029,1.282471,16.327209,36.82196,-8.138885,3.9822186403510287,-1.5611184225464592,0.03643083578831236,2.386300371467899,16.459026058741372,-167.21946971259683,2.123,0.947,-1.6975
